28-Jan-2026 09:26:48.621 INFO [main] org.apache.catalina.startup.VersionLoggerListener.log Server version name:   Apache Tomcat/11.0.13
28-Jan-2026 09:26:48.623 INFO [main] org.apache.catalina.startup.VersionLoggerListener.log Server built:          Oct 10 2025 13:57:31 UTC
28-Jan-2026 09:26:48.623 INFO [main] org.apache.catalina.startup.VersionLoggerListener.log Server version number: 11.0.13.0
28-Jan-2026 09:26:48.623 INFO [main] org.apache.catalina.startup.VersionLoggerListener.log OS Name:               Linux
28-Jan-2026 09:26:48.623 INFO [main] org.apache.catalina.startup.VersionLoggerListener.log OS Version:            6.1.0-40-amd64
28-Jan-2026 09:26:48.624 INFO [main] org.apache.catalina.startup.VersionLoggerListener.log Architecture:          amd64
28-Jan-2026 09:26:48.624 INFO [main] org.apache.catalina.startup.VersionLoggerListener.log Java Home:             /usr/lib/jvm/java-17-openjdk-amd64
28-Jan-2026 09:26:48.624 INFO [main] org.apache.catalina.startup.VersionLoggerListener.log JVM Version:           17.0.18+8-Debian-1deb12u1
28-Jan-2026 09:26:48.624 INFO [main] org.apache.catalina.startup.VersionLoggerListener.log JVM Vendor:            Debian
28-Jan-2026 09:26:48.624 INFO [main] org.apache.catalina.startup.VersionLoggerListener.log CATALINA_BASE:         /home/infoetu/baptiste.lavogiez.etu/BUT2/Semestre2/Webdev/tomcat
28-Jan-2026 09:26:48.624 INFO [main] org.apache.catalina.startup.VersionLoggerListener.log CATALINA_HOME:         /home/infoetu/baptiste.lavogiez.etu/BUT2/Semestre2/Webdev/tomcat
28-Jan-2026 09:26:48.637 INFO [main] org.apache.catalina.startup.VersionLoggerListener.log Command line argument: -Djava.util.logging.config.file=/home/infoetu/baptiste.lavogiez.etu/BUT2/Semestre2/Webdev/tomcat/conf/logging.properties
28-Jan-2026 09:26:48.637 INFO [main] org.apache.catalina.startup.VersionLoggerListener.log Command line argument: -Djava.util.logging.manager=org.apache.juli.ClassLoaderLogManager
28-Jan-2026 09:26:48.637 INFO [main] org.apache.catalina.startup.VersionLoggerListener.log Command line argument: -Djdk.tls.ephemeralDHKeySize=2048
28-Jan-2026 09:26:48.637 INFO [main] org.apache.catalina.startup.VersionLoggerListener.log Command line argument: -Dorg.apache.catalina.security.SecurityListener.UMASK=0027
28-Jan-2026 09:26:48.637 INFO [main] org.apache.catalina.startup.VersionLoggerListener.log Command line argument: --add-opens=java.base/java.lang=ALL-UNNAMED
28-Jan-2026 09:26:48.637 INFO [main] org.apache.catalina.startup.VersionLoggerListener.log Command line argument: --add-opens=java.base/java.lang.reflect=ALL-UNNAMED
28-Jan-2026 09:26:48.637 INFO [main] org.apache.catalina.startup.VersionLoggerListener.log Command line argument: --add-opens=java.base/java.io=ALL-UNNAMED
28-Jan-2026 09:26:48.637 INFO [main] org.apache.catalina.startup.VersionLoggerListener.log Command line argument: --add-opens=java.base/java.util=ALL-UNNAMED
28-Jan-2026 09:26:48.637 INFO [main] org.apache.catalina.startup.VersionLoggerListener.log Command line argument: --add-opens=java.base/java.util.concurrent=ALL-UNNAMED
28-Jan-2026 09:26:48.638 INFO [main] org.apache.catalina.startup.VersionLoggerListener.log Command line argument: --add-opens=java.rmi/sun.rmi.transport=ALL-UNNAMED
28-Jan-2026 09:26:48.638 INFO [main] org.apache.catalina.startup.VersionLoggerListener.log Command line argument: --enable-native-access=ALL-UNNAMED
28-Jan-2026 09:26:48.638 INFO [main] org.apache.catalina.startup.VersionLoggerListener.log Command line argument: -Dcatalina.base=/home/infoetu/baptiste.lavogiez.etu/BUT2/Semestre2/Webdev/tomcat
28-Jan-2026 09:26:48.638 INFO [main] org.apache.catalina.startup.VersionLoggerListener.log Command line argument: -Dcatalina.home=/home/infoetu/baptiste.lavogiez.etu/BUT2/Semestre2/Webdev/tomcat
28-Jan-2026 09:26:48.638 INFO [main] org.apache.catalina.startup.VersionLoggerListener.log Command line argument: -Djava.io.tmpdir=/home/infoetu/baptiste.lavogiez.etu/BUT2/Semestre2/Webdev/tomcat/temp
28-Jan-2026 09:26:48.639 INFO [main] org.apache.catalina.core.AprLifecycleListener.lifecycleEvent The Apache Tomcat Native library which allows using OpenSSL was not found on the java.library.path: [/usr/java/packages/lib:/usr/lib/x86_64-linux-gnu/jni:/lib/x86_64-linux-gnu:/usr/lib/x86_64-linux-gnu:/usr/lib/jni:/lib:/usr/lib]
28-Jan-2026 09:26:48.737 INFO [main] org.apache.coyote.AbstractProtocol.init Initializing ProtocolHandler ["http-nio-8080"]
28-Jan-2026 09:26:48.748 INFO [main] org.apache.catalina.startup.Catalina.load Server initialization in [252] milliseconds
28-Jan-2026 09:26:48.768 INFO [main] org.apache.catalina.core.StandardService.startInternal Starting service [Catalina]
28-Jan-2026 09:26:48.768 INFO [main] org.apache.catalina.core.StandardEngine.startInternal Starting Servlet engine: [Apache Tomcat/11.0.13]
28-Jan-2026 09:26:48.775 INFO [main] org.apache.catalina.startup.HostConfig.deployDirectory Deploying web application directory [/home/infoetu/baptiste.lavogiez.etu/BUT2/Semestre2/Webdev/tomcat/webapps/ctp-sample]
28-Jan-2026 09:26:48.962 INFO [main] org.apache.jasper.servlet.TldScanner.scanJars At least one JAR was scanned for TLDs yet contained no TLDs. Enable debug logging for this logger for a complete list of JARs that were scanned but no TLDs were found in them. Skipping unneeded JARs during scanning can improve startup time and JSP compilation time.
28-Jan-2026 09:26:48.979 INFO [main] org.apache.catalina.startup.HostConfig.deployDirectory Deployment of web application directory [/home/infoetu/baptiste.lavogiez.etu/BUT2/Semestre2/Webdev/tomcat/webapps/ctp-sample] has finished in [204] ms
28-Jan-2026 09:26:48.980 INFO [main] org.apache.catalina.startup.HostConfig.deployDirectory Deploying web application directory [/home/infoetu/baptiste.lavogiez.etu/BUT2/Semestre2/Webdev/tomcat/webapps/__MACOSX]
28-Jan-2026 09:26:49.022 INFO [main] org.apache.jasper.servlet.TldScanner.scanJars At least one JAR was scanned for TLDs yet contained no TLDs. Enable debug logging for this logger for a complete list of JARs that were scanned but no TLDs were found in them. Skipping unneeded JARs during scanning can improve startup time and JSP compilation time.
28-Jan-2026 09:26:49.024 INFO [main] org.apache.catalina.startup.HostConfig.deployDirectory Deployment of web application directory [/home/infoetu/baptiste.lavogiez.etu/BUT2/Semestre2/Webdev/tomcat/webapps/__MACOSX] has finished in [44] ms
28-Jan-2026 09:26:49.024 INFO [main] org.apache.catalina.startup.HostConfig.deployDirectory Deploying web application directory [/home/infoetu/baptiste.lavogiez.etu/BUT2/Semestre2/Webdev/tomcat/webapps/ROOT]
28-Jan-2026 09:26:49.067 INFO [main] org.apache.jasper.servlet.TldScanner.scanJars At least one JAR was scanned for TLDs yet contained no TLDs. Enable debug logging for this logger for a complete list of JARs that were scanned but no TLDs were found in them. Skipping unneeded JARs during scanning can improve startup time and JSP compilation time.
28-Jan-2026 09:26:49.068 INFO [main] org.apache.catalina.startup.HostConfig.deployDirectory Deployment of web application directory [/home/infoetu/baptiste.lavogiez.etu/BUT2/Semestre2/Webdev/tomcat/webapps/ROOT] has finished in [44] ms
28-Jan-2026 09:26:49.069 INFO [main] org.apache.catalina.startup.HostConfig.deployDirectory Deploying web application directory [/home/infoetu/baptiste.lavogiez.etu/BUT2/Semestre2/Webdev/tomcat/webapps/docs]
28-Jan-2026 09:26:49.115 INFO [main] org.apache.jasper.servlet.TldScanner.scanJars At least one JAR was scanned for TLDs yet contained no TLDs. Enable debug logging for this logger for a complete list of JARs that were scanned but no TLDs were found in them. Skipping unneeded JARs during scanning can improve startup time and JSP compilation time.
28-Jan-2026 09:26:49.116 INFO [main] org.apache.catalina.startup.HostConfig.deployDirectory Deployment of web application directory [/home/infoetu/baptiste.lavogiez.etu/BUT2/Semestre2/Webdev/tomcat/webapps/docs] has finished in [47] ms
28-Jan-2026 09:26:49.117 INFO [main] org.apache.catalina.startup.HostConfig.deployDirectory Deploying web application directory [/home/infoetu/baptiste.lavogiez.etu/BUT2/Semestre2/Webdev/tomcat/webapps/manager]
28-Jan-2026 09:26:49.161 INFO [main] org.apache.jasper.servlet.TldScanner.scanJars At least one JAR was scanned for TLDs yet contained no TLDs. Enable debug logging for this logger for a complete list of JARs that were scanned but no TLDs were found in them. Skipping unneeded JARs during scanning can improve startup time and JSP compilation time.
28-Jan-2026 09:26:49.164 INFO [main] org.apache.catalina.startup.HostConfig.deployDirectory Deployment of web application directory [/home/infoetu/baptiste.lavogiez.etu/BUT2/Semestre2/Webdev/tomcat/webapps/manager] has finished in [47] ms
28-Jan-2026 09:26:49.164 INFO [main] org.apache.catalina.startup.HostConfig.deployDirectory Deploying web application directory [/home/infoetu/baptiste.lavogiez.etu/BUT2/Semestre2/Webdev/tomcat/webapps/TP02]
28-Jan-2026 09:26:49.218 INFO [main] org.apache.jasper.servlet.TldScanner.scanJars At least one JAR was scanned for TLDs yet contained no TLDs. Enable debug logging for this logger for a complete list of JARs that were scanned but no TLDs were found in them. Skipping unneeded JARs during scanning can improve startup time and JSP compilation time.
28-Jan-2026 09:26:49.220 INFO [main] org.apache.catalina.startup.HostConfig.deployDirectory Deployment of web application directory [/home/infoetu/baptiste.lavogiez.etu/BUT2/Semestre2/Webdev/tomcat/webapps/TP02] has finished in [55] ms
28-Jan-2026 09:26:49.220 INFO [main] org.apache.catalina.startup.HostConfig.deployDirectory Deploying web application directory [/home/infoetu/baptiste.lavogiez.etu/BUT2/Semestre2/Webdev/tomcat/webapps/TP03]
28-Jan-2026 09:26:49.272 INFO [main] org.apache.jasper.servlet.TldScanner.scanJars At least one JAR was scanned for TLDs yet contained no TLDs. Enable debug logging for this logger for a complete list of JARs that were scanned but no TLDs were found in them. Skipping unneeded JARs during scanning can improve startup time and JSP compilation time.
28-Jan-2026 09:26:49.273 INFO [main] org.apache.catalina.startup.HostConfig.deployDirectory Deployment of web application directory [/home/infoetu/baptiste.lavogiez.etu/BUT2/Semestre2/Webdev/tomcat/webapps/TP03] has finished in [53] ms
28-Jan-2026 09:26:49.273 INFO [main] org.apache.catalina.startup.HostConfig.deployDirectory Deploying web application directory [/home/infoetu/baptiste.lavogiez.etu/BUT2/Semestre2/Webdev/tomcat/webapps/TP01]
28-Jan-2026 09:26:49.319 INFO [main] org.apache.jasper.servlet.TldScanner.scanJars At least one JAR was scanned for TLDs yet contained no TLDs. Enable debug logging for this logger for a complete list of JARs that were scanned but no TLDs were found in them. Skipping unneeded JARs during scanning can improve startup time and JSP compilation time.
28-Jan-2026 09:26:49.319 INFO [main] org.apache.catalina.startup.HostConfig.deployDirectory Deployment of web application directory [/home/infoetu/baptiste.lavogiez.etu/BUT2/Semestre2/Webdev/tomcat/webapps/TP01] has finished in [46] ms
28-Jan-2026 09:26:49.320 INFO [main] org.apache.catalina.startup.HostConfig.deployDirectory Deploying web application directory [/home/infoetu/baptiste.lavogiez.etu/BUT2/Semestre2/Webdev/tomcat/webapps/host-manager]
28-Jan-2026 09:26:49.362 INFO [main] org.apache.jasper.servlet.TldScanner.scanJars At least one JAR was scanned for TLDs yet contained no TLDs. Enable debug logging for this logger for a complete list of JARs that were scanned but no TLDs were found in them. Skipping unneeded JARs during scanning can improve startup time and JSP compilation time.
28-Jan-2026 09:26:49.363 INFO [main] org.apache.catalina.startup.HostConfig.deployDirectory Deployment of web application directory [/home/infoetu/baptiste.lavogiez.etu/BUT2/Semestre2/Webdev/tomcat/webapps/host-manager] has finished in [43] ms
28-Jan-2026 09:26:49.364 INFO [main] org.apache.catalina.startup.HostConfig.deployDirectory Deploying web application directory [/home/infoetu/baptiste.lavogiez.etu/BUT2/Semestre2/Webdev/tomcat/webapps/tp_chess]
28-Jan-2026 09:26:49.422 INFO [main] org.apache.jasper.servlet.TldScanner.scanJars At least one JAR was scanned for TLDs yet contained no TLDs. Enable debug logging for this logger for a complete list of JARs that were scanned but no TLDs were found in them. Skipping unneeded JARs during scanning can improve startup time and JSP compilation time.
28-Jan-2026 09:26:49.423 INFO [main] org.apache.catalina.startup.HostConfig.deployDirectory Deployment of web application directory [/home/infoetu/baptiste.lavogiez.etu/BUT2/Semestre2/Webdev/tomcat/webapps/tp_chess] has finished in [59] ms
28-Jan-2026 09:26:49.423 INFO [main] org.apache.catalina.startup.HostConfig.deployDirectory Deploying web application directory [/home/infoetu/baptiste.lavogiez.etu/BUT2/Semestre2/Webdev/tomcat/webapps/examples]
28-Jan-2026 09:26:49.646 INFO [main] org.apache.jasper.servlet.TldScanner.scanJars At least one JAR was scanned for TLDs yet contained no TLDs. Enable debug logging for this logger for a complete list of JARs that were scanned but no TLDs were found in them. Skipping unneeded JARs during scanning can improve startup time and JSP compilation time.
28-Jan-2026 09:26:49.662 INFO [main] org.apache.catalina.startup.HostConfig.deployDirectory Deployment of web application directory [/home/infoetu/baptiste.lavogiez.etu/BUT2/Semestre2/Webdev/tomcat/webapps/examples] has finished in [239] ms
28-Jan-2026 09:26:49.664 INFO [main] org.apache.coyote.AbstractProtocol.start Starting ProtocolHandler ["http-nio-8080"]
28-Jan-2026 09:26:49.672 INFO [main] org.apache.catalina.startup.Catalina.start Server startup in [924] milliseconds
28-Jan-2026 09:27:51.784 INFO [Thread-1] org.apache.coyote.AbstractProtocol.pause Pausing ProtocolHandler ["http-nio-8080"]
28-Jan-2026 09:27:51.790 INFO [Thread-1] org.apache.catalina.core.StandardService.stopInternal Stopping service [Catalina]
28-Jan-2026 09:27:51.820 INFO [Thread-1] org.apache.coyote.AbstractProtocol.stop Stopping ProtocolHandler ["http-nio-8080"]
28-Jan-2026 09:27:51.823 INFO [Thread-1] org.apache.coyote.AbstractProtocol.destroy Destroying ProtocolHandler ["http-nio-8080"]
28-Jan-2026 09:27:57.184 INFO [main] org.apache.catalina.startup.VersionLoggerListener.log Server version name:   Apache Tomcat/11.0.13
28-Jan-2026 09:27:57.186 INFO [main] org.apache.catalina.startup.VersionLoggerListener.log Server built:          Oct 10 2025 13:57:31 UTC
28-Jan-2026 09:27:57.186 INFO [main] org.apache.catalina.startup.VersionLoggerListener.log Server version number: 11.0.13.0
28-Jan-2026 09:27:57.186 INFO [main] org.apache.catalina.startup.VersionLoggerListener.log OS Name:               Linux
28-Jan-2026 09:27:57.186 INFO [main] org.apache.catalina.startup.VersionLoggerListener.log OS Version:            6.1.0-40-amd64
28-Jan-2026 09:27:57.186 INFO [main] org.apache.catalina.startup.VersionLoggerListener.log Architecture:          amd64
28-Jan-2026 09:27:57.186 INFO [main] org.apache.catalina.startup.VersionLoggerListener.log Java Home:             /usr/lib/jvm/java-17-openjdk-amd64
28-Jan-2026 09:27:57.186 INFO [main] org.apache.catalina.startup.VersionLoggerListener.log JVM Version:           17.0.18+8-Debian-1deb12u1
28-Jan-2026 09:27:57.186 INFO [main] org.apache.catalina.startup.VersionLoggerListener.log JVM Vendor:            Debian
28-Jan-2026 09:27:57.186 INFO [main] org.apache.catalina.startup.VersionLoggerListener.log CATALINA_BASE:         /home/infoetu/baptiste.lavogiez.etu/BUT2/Semestre2/Webdev/tomcat
28-Jan-2026 09:27:57.186 INFO [main] org.apache.catalina.startup.VersionLoggerListener.log CATALINA_HOME:         /home/infoetu/baptiste.lavogiez.etu/BUT2/Semestre2/Webdev/tomcat
28-Jan-2026 09:27:57.190 INFO [main] org.apache.catalina.startup.VersionLoggerListener.log Command line argument: -Djava.util.logging.config.file=/home/infoetu/baptiste.lavogiez.etu/BUT2/Semestre2/Webdev/tomcat/conf/logging.properties
28-Jan-2026 09:27:57.190 INFO [main] org.apache.catalina.startup.VersionLoggerListener.log Command line argument: -Djava.util.logging.manager=org.apache.juli.ClassLoaderLogManager
28-Jan-2026 09:27:57.190 INFO [main] org.apache.catalina.startup.VersionLoggerListener.log Command line argument: -Djdk.tls.ephemeralDHKeySize=2048
28-Jan-2026 09:27:57.190 INFO [main] org.apache.catalina.startup.VersionLoggerListener.log Command line argument: -Dorg.apache.catalina.security.SecurityListener.UMASK=0027
28-Jan-2026 09:27:57.190 INFO [main] org.apache.catalina.startup.VersionLoggerListener.log Command line argument: --add-opens=java.base/java.lang=ALL-UNNAMED
28-Jan-2026 09:27:57.190 INFO [main] org.apache.catalina.startup.VersionLoggerListener.log Command line argument: --add-opens=java.base/java.lang.reflect=ALL-UNNAMED
28-Jan-2026 09:27:57.190 INFO [main] org.apache.catalina.startup.VersionLoggerListener.log Command line argument: --add-opens=java.base/java.io=ALL-UNNAMED
28-Jan-2026 09:27:57.190 INFO [main] org.apache.catalina.startup.VersionLoggerListener.log Command line argument: --add-opens=java.base/java.util=ALL-UNNAMED
28-Jan-2026 09:27:57.190 INFO [main] org.apache.catalina.startup.VersionLoggerListener.log Command line argument: --add-opens=java.base/java.util.concurrent=ALL-UNNAMED
28-Jan-2026 09:27:57.190 INFO [main] org.apache.catalina.startup.VersionLoggerListener.log Command line argument: --add-opens=java.rmi/sun.rmi.transport=ALL-UNNAMED
28-Jan-2026 09:27:57.190 INFO [main] org.apache.catalina.startup.VersionLoggerListener.log Command line argument: --enable-native-access=ALL-UNNAMED
28-Jan-2026 09:27:57.190 INFO [main] org.apache.catalina.startup.VersionLoggerListener.log Command line argument: -Dcatalina.base=/home/infoetu/baptiste.lavogiez.etu/BUT2/Semestre2/Webdev/tomcat
28-Jan-2026 09:27:57.190 INFO [main] org.apache.catalina.startup.VersionLoggerListener.log Command line argument: -Dcatalina.home=/home/infoetu/baptiste.lavogiez.etu/BUT2/Semestre2/Webdev/tomcat
28-Jan-2026 09:27:57.190 INFO [main] org.apache.catalina.startup.VersionLoggerListener.log Command line argument: -Djava.io.tmpdir=/home/infoetu/baptiste.lavogiez.etu/BUT2/Semestre2/Webdev/tomcat/temp
28-Jan-2026 09:27:57.191 INFO [main] org.apache.catalina.core.AprLifecycleListener.lifecycleEvent The Apache Tomcat Native library which allows using OpenSSL was not found on the java.library.path: [/usr/java/packages/lib:/usr/lib/x86_64-linux-gnu/jni:/lib/x86_64-linux-gnu:/usr/lib/x86_64-linux-gnu:/usr/lib/jni:/lib:/usr/lib]
28-Jan-2026 09:27:57.290 INFO [main] org.apache.coyote.AbstractProtocol.init Initializing ProtocolHandler ["http-nio-8080"]
28-Jan-2026 09:27:57.299 INFO [main] org.apache.catalina.startup.Catalina.load Server initialization in [184] milliseconds
28-Jan-2026 09:27:57.315 INFO [main] org.apache.catalina.core.StandardService.startInternal Starting service [Catalina]
28-Jan-2026 09:27:57.316 INFO [main] org.apache.catalina.core.StandardEngine.startInternal Starting Servlet engine: [Apache Tomcat/11.0.13]
28-Jan-2026 09:27:57.320 INFO [main] org.apache.catalina.startup.HostConfig.deployDirectory Deploying web application directory [/home/infoetu/baptiste.lavogiez.etu/BUT2/Semestre2/Webdev/tomcat/webapps/ctp-sample]
28-Jan-2026 09:27:57.496 INFO [main] org.apache.jasper.servlet.TldScanner.scanJars At least one JAR was scanned for TLDs yet contained no TLDs. Enable debug logging for this logger for a complete list of JARs that were scanned but no TLDs were found in them. Skipping unneeded JARs during scanning can improve startup time and JSP compilation time.
28-Jan-2026 09:27:57.510 INFO [main] org.apache.catalina.startup.HostConfig.deployDirectory Deployment of web application directory [/home/infoetu/baptiste.lavogiez.etu/BUT2/Semestre2/Webdev/tomcat/webapps/ctp-sample] has finished in [189] ms
28-Jan-2026 09:27:57.510 INFO [main] org.apache.catalina.startup.HostConfig.deployDirectory Deploying web application directory [/home/infoetu/baptiste.lavogiez.etu/BUT2/Semestre2/Webdev/tomcat/webapps/__MACOSX]
28-Jan-2026 09:27:57.552 INFO [main] org.apache.jasper.servlet.TldScanner.scanJars At least one JAR was scanned for TLDs yet contained no TLDs. Enable debug logging for this logger for a complete list of JARs that were scanned but no TLDs were found in them. Skipping unneeded JARs during scanning can improve startup time and JSP compilation time.
28-Jan-2026 09:27:57.553 INFO [main] org.apache.catalina.startup.HostConfig.deployDirectory Deployment of web application directory [/home/infoetu/baptiste.lavogiez.etu/BUT2/Semestre2/Webdev/tomcat/webapps/__MACOSX] has finished in [43] ms
28-Jan-2026 09:27:57.554 INFO [main] org.apache.catalina.startup.HostConfig.deployDirectory Deploying web application directory [/home/infoetu/baptiste.lavogiez.etu/BUT2/Semestre2/Webdev/tomcat/webapps/ROOT]
28-Jan-2026 09:27:57.595 INFO [main] org.apache.jasper.servlet.TldScanner.scanJars At least one JAR was scanned for TLDs yet contained no TLDs. Enable debug logging for this logger for a complete list of JARs that were scanned but no TLDs were found in them. Skipping unneeded JARs during scanning can improve startup time and JSP compilation time.
28-Jan-2026 09:27:57.596 INFO [main] org.apache.catalina.startup.HostConfig.deployDirectory Deployment of web application directory [/home/infoetu/baptiste.lavogiez.etu/BUT2/Semestre2/Webdev/tomcat/webapps/ROOT] has finished in [42] ms
28-Jan-2026 09:27:57.596 INFO [main] org.apache.catalina.startup.HostConfig.deployDirectory Deploying web application directory [/home/infoetu/baptiste.lavogiez.etu/BUT2/Semestre2/Webdev/tomcat/webapps/docs]
28-Jan-2026 09:27:57.639 INFO [main] org.apache.jasper.servlet.TldScanner.scanJars At least one JAR was scanned for TLDs yet contained no TLDs. Enable debug logging for this logger for a complete list of JARs that were scanned but no TLDs were found in them. Skipping unneeded JARs during scanning can improve startup time and JSP compilation time.
28-Jan-2026 09:27:57.640 INFO [main] org.apache.catalina.startup.HostConfig.deployDirectory Deployment of web application directory [/home/infoetu/baptiste.lavogiez.etu/BUT2/Semestre2/Webdev/tomcat/webapps/docs] has finished in [43] ms
28-Jan-2026 09:27:57.640 INFO [main] org.apache.catalina.startup.HostConfig.deployDirectory Deploying web application directory [/home/infoetu/baptiste.lavogiez.etu/BUT2/Semestre2/Webdev/tomcat/webapps/manager]
28-Jan-2026 09:27:57.682 INFO [main] org.apache.jasper.servlet.TldScanner.scanJars At least one JAR was scanned for TLDs yet contained no TLDs. Enable debug logging for this logger for a complete list of JARs that were scanned but no TLDs were found in them. Skipping unneeded JARs during scanning can improve startup time and JSP compilation time.
28-Jan-2026 09:27:57.684 INFO [main] org.apache.catalina.startup.HostConfig.deployDirectory Deployment of web application directory [/home/infoetu/baptiste.lavogiez.etu/BUT2/Semestre2/Webdev/tomcat/webapps/manager] has finished in [44] ms
28-Jan-2026 09:27:57.684 INFO [main] org.apache.catalina.startup.HostConfig.deployDirectory Deploying web application directory [/home/infoetu/baptiste.lavogiez.etu/BUT2/Semestre2/Webdev/tomcat/webapps/TP02]
28-Jan-2026 09:27:57.736 INFO [main] org.apache.jasper.servlet.TldScanner.scanJars At least one JAR was scanned for TLDs yet contained no TLDs. Enable debug logging for this logger for a complete list of JARs that were scanned but no TLDs were found in them. Skipping unneeded JARs during scanning can improve startup time and JSP compilation time.
28-Jan-2026 09:27:57.737 INFO [main] org.apache.catalina.startup.HostConfig.deployDirectory Deployment of web application directory [/home/infoetu/baptiste.lavogiez.etu/BUT2/Semestre2/Webdev/tomcat/webapps/TP02] has finished in [53] ms
28-Jan-2026 09:27:57.737 INFO [main] org.apache.catalina.startup.HostConfig.deployDirectory Deploying web application directory [/home/infoetu/baptiste.lavogiez.etu/BUT2/Semestre2/Webdev/tomcat/webapps/TP03]
28-Jan-2026 09:27:57.787 INFO [main] org.apache.jasper.servlet.TldScanner.scanJars At least one JAR was scanned for TLDs yet contained no TLDs. Enable debug logging for this logger for a complete list of JARs that were scanned but no TLDs were found in them. Skipping unneeded JARs during scanning can improve startup time and JSP compilation time.
28-Jan-2026 09:27:57.788 INFO [main] org.apache.catalina.startup.HostConfig.deployDirectory Deployment of web application directory [/home/infoetu/baptiste.lavogiez.etu/BUT2/Semestre2/Webdev/tomcat/webapps/TP03] has finished in [51] ms
28-Jan-2026 09:27:57.788 INFO [main] org.apache.catalina.startup.HostConfig.deployDirectory Deploying web application directory [/home/infoetu/baptiste.lavogiez.etu/BUT2/Semestre2/Webdev/tomcat/webapps/TP01]
28-Jan-2026 09:27:57.831 INFO [main] org.apache.jasper.servlet.TldScanner.scanJars At least one JAR was scanned for TLDs yet contained no TLDs. Enable debug logging for this logger for a complete list of JARs that were scanned but no TLDs were found in them. Skipping unneeded JARs during scanning can improve startup time and JSP compilation time.
28-Jan-2026 09:27:57.831 INFO [main] org.apache.catalina.startup.HostConfig.deployDirectory Deployment of web application directory [/home/infoetu/baptiste.lavogiez.etu/BUT2/Semestre2/Webdev/tomcat/webapps/TP01] has finished in [43] ms
28-Jan-2026 09:27:57.832 INFO [main] org.apache.catalina.startup.HostConfig.deployDirectory Deploying web application directory [/home/infoetu/baptiste.lavogiez.etu/BUT2/Semestre2/Webdev/tomcat/webapps/host-manager]
28-Jan-2026 09:27:57.870 INFO [main] org.apache.jasper.servlet.TldScanner.scanJars At least one JAR was scanned for TLDs yet contained no TLDs. Enable debug logging for this logger for a complete list of JARs that were scanned but no TLDs were found in them. Skipping unneeded JARs during scanning can improve startup time and JSP compilation time.
28-Jan-2026 09:27:57.871 INFO [main] org.apache.catalina.startup.HostConfig.deployDirectory Deployment of web application directory [/home/infoetu/baptiste.lavogiez.etu/BUT2/Semestre2/Webdev/tomcat/webapps/host-manager] has finished in [40] ms
28-Jan-2026 09:27:57.871 INFO [main] org.apache.catalina.startup.HostConfig.deployDirectory Deploying web application directory [/home/infoetu/baptiste.lavogiez.etu/BUT2/Semestre2/Webdev/tomcat/webapps/tp_chess]
28-Jan-2026 09:27:57.920 INFO [main] org.apache.jasper.servlet.TldScanner.scanJars At least one JAR was scanned for TLDs yet contained no TLDs. Enable debug logging for this logger for a complete list of JARs that were scanned but no TLDs were found in them. Skipping unneeded JARs during scanning can improve startup time and JSP compilation time.
28-Jan-2026 09:27:57.921 INFO [main] org.apache.catalina.startup.HostConfig.deployDirectory Deployment of web application directory [/home/infoetu/baptiste.lavogiez.etu/BUT2/Semestre2/Webdev/tomcat/webapps/tp_chess] has finished in [50] ms
28-Jan-2026 09:27:57.922 INFO [main] org.apache.catalina.startup.HostConfig.deployDirectory Deploying web application directory [/home/infoetu/baptiste.lavogiez.etu/BUT2/Semestre2/Webdev/tomcat/webapps/examples]
28-Jan-2026 09:27:58.115 INFO [main] org.apache.jasper.servlet.TldScanner.scanJars At least one JAR was scanned for TLDs yet contained no TLDs. Enable debug logging for this logger for a complete list of JARs that were scanned but no TLDs were found in them. Skipping unneeded JARs during scanning can improve startup time and JSP compilation time.
28-Jan-2026 09:27:58.129 INFO [main] org.apache.catalina.startup.HostConfig.deployDirectory Deployment of web application directory [/home/infoetu/baptiste.lavogiez.etu/BUT2/Semestre2/Webdev/tomcat/webapps/examples] has finished in [206] ms
28-Jan-2026 09:27:58.131 INFO [main] org.apache.coyote.AbstractProtocol.start Starting ProtocolHandler ["http-nio-8080"]
28-Jan-2026 09:27:58.137 INFO [main] org.apache.catalina.startup.Catalina.start Server startup in [838] milliseconds
28-Jan-2026 09:29:41.906 INFO [Thread-1] org.apache.coyote.AbstractProtocol.pause Pausing ProtocolHandler ["http-nio-8080"]
28-Jan-2026 09:29:41.911 INFO [Thread-1] org.apache.catalina.core.StandardService.stopInternal Stopping service [Catalina]
28-Jan-2026 09:29:41.949 INFO [Thread-1] org.apache.coyote.AbstractProtocol.stop Stopping ProtocolHandler ["http-nio-8080"]
28-Jan-2026 09:29:41.954 INFO [Thread-1] org.apache.coyote.AbstractProtocol.destroy Destroying ProtocolHandler ["http-nio-8080"]
28-Jan-2026 09:29:42.791 INFO [main] org.apache.catalina.startup.VersionLoggerListener.log Server version name:   Apache Tomcat/11.0.13
28-Jan-2026 09:29:42.793 INFO [main] org.apache.catalina.startup.VersionLoggerListener.log Server built:          Oct 10 2025 13:57:31 UTC
28-Jan-2026 09:29:42.793 INFO [main] org.apache.catalina.startup.VersionLoggerListener.log Server version number: 11.0.13.0
28-Jan-2026 09:29:42.793 INFO [main] org.apache.catalina.startup.VersionLoggerListener.log OS Name:               Linux
28-Jan-2026 09:29:42.793 INFO [main] org.apache.catalina.startup.VersionLoggerListener.log OS Version:            6.1.0-40-amd64
28-Jan-2026 09:29:42.793 INFO [main] org.apache.catalina.startup.VersionLoggerListener.log Architecture:          amd64
28-Jan-2026 09:29:42.793 INFO [main] org.apache.catalina.startup.VersionLoggerListener.log Java Home:             /usr/lib/jvm/java-17-openjdk-amd64
28-Jan-2026 09:29:42.794 INFO [main] org.apache.catalina.startup.VersionLoggerListener.log JVM Version:           17.0.18+8-Debian-1deb12u1
28-Jan-2026 09:29:42.794 INFO [main] org.apache.catalina.startup.VersionLoggerListener.log JVM Vendor:            Debian
28-Jan-2026 09:29:42.794 INFO [main] org.apache.catalina.startup.VersionLoggerListener.log CATALINA_BASE:         /home/infoetu/baptiste.lavogiez.etu/BUT2/Semestre2/Webdev/tomcat
28-Jan-2026 09:29:42.794 INFO [main] org.apache.catalina.startup.VersionLoggerListener.log CATALINA_HOME:         /home/infoetu/baptiste.lavogiez.etu/BUT2/Semestre2/Webdev/tomcat
28-Jan-2026 09:29:42.796 INFO [main] org.apache.catalina.startup.VersionLoggerListener.log Command line argument: -Djava.util.logging.config.file=/home/infoetu/baptiste.lavogiez.etu/BUT2/Semestre2/Webdev/tomcat/conf/logging.properties
28-Jan-2026 09:29:42.797 INFO [main] org.apache.catalina.startup.VersionLoggerListener.log Command line argument: -Djava.util.logging.manager=org.apache.juli.ClassLoaderLogManager
28-Jan-2026 09:29:42.797 INFO [main] org.apache.catalina.startup.VersionLoggerListener.log Command line argument: -Djdk.tls.ephemeralDHKeySize=2048
28-Jan-2026 09:29:42.797 INFO [main] org.apache.catalina.startup.VersionLoggerListener.log Command line argument: -Dorg.apache.catalina.security.SecurityListener.UMASK=0027
28-Jan-2026 09:29:42.797 INFO [main] org.apache.catalina.startup.VersionLoggerListener.log Command line argument: --add-opens=java.base/java.lang=ALL-UNNAMED
28-Jan-2026 09:29:42.797 INFO [main] org.apache.catalina.startup.VersionLoggerListener.log Command line argument: --add-opens=java.base/java.lang.reflect=ALL-UNNAMED
28-Jan-2026 09:29:42.797 INFO [main] org.apache.catalina.startup.VersionLoggerListener.log Command line argument: --add-opens=java.base/java.io=ALL-UNNAMED
28-Jan-2026 09:29:42.797 INFO [main] org.apache.catalina.startup.VersionLoggerListener.log Command line argument: --add-opens=java.base/java.util=ALL-UNNAMED
28-Jan-2026 09:29:42.797 INFO [main] org.apache.catalina.startup.VersionLoggerListener.log Command line argument: --add-opens=java.base/java.util.concurrent=ALL-UNNAMED
28-Jan-2026 09:29:42.797 INFO [main] org.apache.catalina.startup.VersionLoggerListener.log Command line argument: --add-opens=java.rmi/sun.rmi.transport=ALL-UNNAMED
28-Jan-2026 09:29:42.797 INFO [main] org.apache.catalina.startup.VersionLoggerListener.log Command line argument: --enable-native-access=ALL-UNNAMED
28-Jan-2026 09:29:42.797 INFO [main] org.apache.catalina.startup.VersionLoggerListener.log Command line argument: -Dcatalina.base=/home/infoetu/baptiste.lavogiez.etu/BUT2/Semestre2/Webdev/tomcat
28-Jan-2026 09:29:42.797 INFO [main] org.apache.catalina.startup.VersionLoggerListener.log Command line argument: -Dcatalina.home=/home/infoetu/baptiste.lavogiez.etu/BUT2/Semestre2/Webdev/tomcat
28-Jan-2026 09:29:42.797 INFO [main] org.apache.catalina.startup.VersionLoggerListener.log Command line argument: -Djava.io.tmpdir=/home/infoetu/baptiste.lavogiez.etu/BUT2/Semestre2/Webdev/tomcat/temp
28-Jan-2026 09:29:42.798 INFO [main] org.apache.catalina.core.AprLifecycleListener.lifecycleEvent The Apache Tomcat Native library which allows using OpenSSL was not found on the java.library.path: [/usr/java/packages/lib:/usr/lib/x86_64-linux-gnu/jni:/lib/x86_64-linux-gnu:/usr/lib/x86_64-linux-gnu:/usr/lib/jni:/lib:/usr/lib]
28-Jan-2026 09:29:42.889 INFO [main] org.apache.coyote.AbstractProtocol.init Initializing ProtocolHandler ["http-nio-8080"]
28-Jan-2026 09:29:42.901 INFO [main] org.apache.catalina.startup.Catalina.load Server initialization in [176] milliseconds
28-Jan-2026 09:29:42.917 INFO [main] org.apache.catalina.core.StandardService.startInternal Starting service [Catalina]
28-Jan-2026 09:29:42.918 INFO [main] org.apache.catalina.core.StandardEngine.startInternal Starting Servlet engine: [Apache Tomcat/11.0.13]
28-Jan-2026 09:29:42.922 INFO [main] org.apache.catalina.startup.HostConfig.deployDirectory Deploying web application directory [/home/infoetu/baptiste.lavogiez.etu/BUT2/Semestre2/Webdev/tomcat/webapps/ctp-sample]
28-Jan-2026 09:29:43.095 INFO [main] org.apache.jasper.servlet.TldScanner.scanJars At least one JAR was scanned for TLDs yet contained no TLDs. Enable debug logging for this logger for a complete list of JARs that were scanned but no TLDs were found in them. Skipping unneeded JARs during scanning can improve startup time and JSP compilation time.
28-Jan-2026 09:29:43.109 INFO [main] org.apache.catalina.startup.HostConfig.deployDirectory Deployment of web application directory [/home/infoetu/baptiste.lavogiez.etu/BUT2/Semestre2/Webdev/tomcat/webapps/ctp-sample] has finished in [186] ms
28-Jan-2026 09:29:43.109 INFO [main] org.apache.catalina.startup.HostConfig.deployDirectory Deploying web application directory [/home/infoetu/baptiste.lavogiez.etu/BUT2/Semestre2/Webdev/tomcat/webapps/__MACOSX]
28-Jan-2026 09:29:43.152 INFO [main] org.apache.jasper.servlet.TldScanner.scanJars At least one JAR was scanned for TLDs yet contained no TLDs. Enable debug logging for this logger for a complete list of JARs that were scanned but no TLDs were found in them. Skipping unneeded JARs during scanning can improve startup time and JSP compilation time.
28-Jan-2026 09:29:43.153 INFO [main] org.apache.catalina.startup.HostConfig.deployDirectory Deployment of web application directory [/home/infoetu/baptiste.lavogiez.etu/BUT2/Semestre2/Webdev/tomcat/webapps/__MACOSX] has finished in [44] ms
28-Jan-2026 09:29:43.153 INFO [main] org.apache.catalina.startup.HostConfig.deployDirectory Deploying web application directory [/home/infoetu/baptiste.lavogiez.etu/BUT2/Semestre2/Webdev/tomcat/webapps/ROOT]
28-Jan-2026 09:29:43.195 INFO [main] org.apache.jasper.servlet.TldScanner.scanJars At least one JAR was scanned for TLDs yet contained no TLDs. Enable debug logging for this logger for a complete list of JARs that were scanned but no TLDs were found in them. Skipping unneeded JARs during scanning can improve startup time and JSP compilation time.
28-Jan-2026 09:29:43.196 INFO [main] org.apache.catalina.startup.HostConfig.deployDirectory Deployment of web application directory [/home/infoetu/baptiste.lavogiez.etu/BUT2/Semestre2/Webdev/tomcat/webapps/ROOT] has finished in [43] ms
28-Jan-2026 09:29:43.196 INFO [main] org.apache.catalina.startup.HostConfig.deployDirectory Deploying web application directory [/home/infoetu/baptiste.lavogiez.etu/BUT2/Semestre2/Webdev/tomcat/webapps/docs]
28-Jan-2026 09:29:43.239 INFO [main] org.apache.jasper.servlet.TldScanner.scanJars At least one JAR was scanned for TLDs yet contained no TLDs. Enable debug logging for this logger for a complete list of JARs that were scanned but no TLDs were found in them. Skipping unneeded JARs during scanning can improve startup time and JSP compilation time.
28-Jan-2026 09:29:43.240 INFO [main] org.apache.catalina.startup.HostConfig.deployDirectory Deployment of web application directory [/home/infoetu/baptiste.lavogiez.etu/BUT2/Semestre2/Webdev/tomcat/webapps/docs] has finished in [44] ms
28-Jan-2026 09:29:43.240 INFO [main] org.apache.catalina.startup.HostConfig.deployDirectory Deploying web application directory [/home/infoetu/baptiste.lavogiez.etu/BUT2/Semestre2/Webdev/tomcat/webapps/manager]
28-Jan-2026 09:29:43.281 INFO [main] org.apache.jasper.servlet.TldScanner.scanJars At least one JAR was scanned for TLDs yet contained no TLDs. Enable debug logging for this logger for a complete list of JARs that were scanned but no TLDs were found in them. Skipping unneeded JARs during scanning can improve startup time and JSP compilation time.
28-Jan-2026 09:29:43.283 INFO [main] org.apache.catalina.startup.HostConfig.deployDirectory Deployment of web application directory [/home/infoetu/baptiste.lavogiez.etu/BUT2/Semestre2/Webdev/tomcat/webapps/manager] has finished in [43] ms
28-Jan-2026 09:29:43.283 INFO [main] org.apache.catalina.startup.HostConfig.deployDirectory Deploying web application directory [/home/infoetu/baptiste.lavogiez.etu/BUT2/Semestre2/Webdev/tomcat/webapps/TP02]
28-Jan-2026 09:29:43.334 INFO [main] org.apache.jasper.servlet.TldScanner.scanJars At least one JAR was scanned for TLDs yet contained no TLDs. Enable debug logging for this logger for a complete list of JARs that were scanned but no TLDs were found in them. Skipping unneeded JARs during scanning can improve startup time and JSP compilation time.
28-Jan-2026 09:29:43.335 INFO [main] org.apache.catalina.startup.HostConfig.deployDirectory Deployment of web application directory [/home/infoetu/baptiste.lavogiez.etu/BUT2/Semestre2/Webdev/tomcat/webapps/TP02] has finished in [52] ms
28-Jan-2026 09:29:43.335 INFO [main] org.apache.catalina.startup.HostConfig.deployDirectory Deploying web application directory [/home/infoetu/baptiste.lavogiez.etu/BUT2/Semestre2/Webdev/tomcat/webapps/TP03]
28-Jan-2026 09:29:43.384 INFO [main] org.apache.jasper.servlet.TldScanner.scanJars At least one JAR was scanned for TLDs yet contained no TLDs. Enable debug logging for this logger for a complete list of JARs that were scanned but no TLDs were found in them. Skipping unneeded JARs during scanning can improve startup time and JSP compilation time.
28-Jan-2026 09:29:43.385 INFO [main] org.apache.catalina.startup.HostConfig.deployDirectory Deployment of web application directory [/home/infoetu/baptiste.lavogiez.etu/BUT2/Semestre2/Webdev/tomcat/webapps/TP03] has finished in [49] ms
28-Jan-2026 09:29:43.385 INFO [main] org.apache.catalina.startup.HostConfig.deployDirectory Deploying web application directory [/home/infoetu/baptiste.lavogiez.etu/BUT2/Semestre2/Webdev/tomcat/webapps/TP01]
28-Jan-2026 09:29:43.426 INFO [main] org.apache.jasper.servlet.TldScanner.scanJars At least one JAR was scanned for TLDs yet contained no TLDs. Enable debug logging for this logger for a complete list of JARs that were scanned but no TLDs were found in them. Skipping unneeded JARs during scanning can improve startup time and JSP compilation time.
28-Jan-2026 09:29:43.427 INFO [main] org.apache.catalina.startup.HostConfig.deployDirectory Deployment of web application directory [/home/infoetu/baptiste.lavogiez.etu/BUT2/Semestre2/Webdev/tomcat/webapps/TP01] has finished in [42] ms
28-Jan-2026 09:29:43.427 INFO [main] org.apache.catalina.startup.HostConfig.deployDirectory Deploying web application directory [/home/infoetu/baptiste.lavogiez.etu/BUT2/Semestre2/Webdev/tomcat/webapps/host-manager]
28-Jan-2026 09:29:43.466 INFO [main] org.apache.jasper.servlet.TldScanner.scanJars At least one JAR was scanned for TLDs yet contained no TLDs. Enable debug logging for this logger for a complete list of JARs that were scanned but no TLDs were found in them. Skipping unneeded JARs during scanning can improve startup time and JSP compilation time.
28-Jan-2026 09:29:43.467 INFO [main] org.apache.catalina.startup.HostConfig.deployDirectory Deployment of web application directory [/home/infoetu/baptiste.lavogiez.etu/BUT2/Semestre2/Webdev/tomcat/webapps/host-manager] has finished in [40] ms
28-Jan-2026 09:29:43.467 INFO [main] org.apache.catalina.startup.HostConfig.deployDirectory Deploying web application directory [/home/infoetu/baptiste.lavogiez.etu/BUT2/Semestre2/Webdev/tomcat/webapps/tp_chess]
28-Jan-2026 09:29:43.517 INFO [main] org.apache.jasper.servlet.TldScanner.scanJars At least one JAR was scanned for TLDs yet contained no TLDs. Enable debug logging for this logger for a complete list of JARs that were scanned but no TLDs were found in them. Skipping unneeded JARs during scanning can improve startup time and JSP compilation time.
28-Jan-2026 09:29:43.517 INFO [main] org.apache.catalina.startup.HostConfig.deployDirectory Deployment of web application directory [/home/infoetu/baptiste.lavogiez.etu/BUT2/Semestre2/Webdev/tomcat/webapps/tp_chess] has finished in [50] ms
28-Jan-2026 09:29:43.518 INFO [main] org.apache.catalina.startup.HostConfig.deployDirectory Deploying web application directory [/home/infoetu/baptiste.lavogiez.etu/BUT2/Semestre2/Webdev/tomcat/webapps/examples]
28-Jan-2026 09:29:43.708 INFO [main] org.apache.jasper.servlet.TldScanner.scanJars At least one JAR was scanned for TLDs yet contained no TLDs. Enable debug logging for this logger for a complete list of JARs that were scanned but no TLDs were found in them. Skipping unneeded JARs during scanning can improve startup time and JSP compilation time.
28-Jan-2026 09:29:43.721 INFO [main] org.apache.catalina.startup.HostConfig.deployDirectory Deployment of web application directory [/home/infoetu/baptiste.lavogiez.etu/BUT2/Semestre2/Webdev/tomcat/webapps/examples] has finished in [203] ms
28-Jan-2026 09:29:43.723 INFO [main] org.apache.coyote.AbstractProtocol.start Starting ProtocolHandler ["http-nio-8080"]
28-Jan-2026 09:29:43.732 INFO [main] org.apache.catalina.startup.Catalina.start Server startup in [830] milliseconds
28-Jan-2026 09:31:18.587 INFO [Thread-1] org.apache.coyote.AbstractProtocol.pause Pausing ProtocolHandler ["http-nio-8080"]
28-Jan-2026 09:31:18.593 INFO [Thread-1] org.apache.catalina.core.StandardService.stopInternal Stopping service [Catalina]
28-Jan-2026 09:31:18.622 INFO [Thread-1] org.apache.coyote.AbstractProtocol.stop Stopping ProtocolHandler ["http-nio-8080"]
28-Jan-2026 09:31:18.625 INFO [Thread-1] org.apache.coyote.AbstractProtocol.destroy Destroying ProtocolHandler ["http-nio-8080"]
28-Jan-2026 09:31:23.039 INFO [main] org.apache.catalina.startup.VersionLoggerListener.log Server version name:   Apache Tomcat/11.0.13
28-Jan-2026 09:31:23.041 INFO [main] org.apache.catalina.startup.VersionLoggerListener.log Server built:          Oct 10 2025 13:57:31 UTC
28-Jan-2026 09:31:23.041 INFO [main] org.apache.catalina.startup.VersionLoggerListener.log Server version number: 11.0.13.0
28-Jan-2026 09:31:23.042 INFO [main] org.apache.catalina.startup.VersionLoggerListener.log OS Name:               Linux
28-Jan-2026 09:31:23.042 INFO [main] org.apache.catalina.startup.VersionLoggerListener.log OS Version:            6.1.0-40-amd64
28-Jan-2026 09:31:23.042 INFO [main] org.apache.catalina.startup.VersionLoggerListener.log Architecture:          amd64
28-Jan-2026 09:31:23.042 INFO [main] org.apache.catalina.startup.VersionLoggerListener.log Java Home:             /usr/lib/jvm/java-17-openjdk-amd64
28-Jan-2026 09:31:23.042 INFO [main] org.apache.catalina.startup.VersionLoggerListener.log JVM Version:           17.0.18+8-Debian-1deb12u1
28-Jan-2026 09:31:23.042 INFO [main] org.apache.catalina.startup.VersionLoggerListener.log JVM Vendor:            Debian
28-Jan-2026 09:31:23.042 INFO [main] org.apache.catalina.startup.VersionLoggerListener.log CATALINA_BASE:         /home/infoetu/baptiste.lavogiez.etu/BUT2/Semestre2/Webdev/tomcat
28-Jan-2026 09:31:23.042 INFO [main] org.apache.catalina.startup.VersionLoggerListener.log CATALINA_HOME:         /home/infoetu/baptiste.lavogiez.etu/BUT2/Semestre2/Webdev/tomcat
28-Jan-2026 09:31:23.045 INFO [main] org.apache.catalina.startup.VersionLoggerListener.log Command line argument: -Djava.util.logging.config.file=/home/infoetu/baptiste.lavogiez.etu/BUT2/Semestre2/Webdev/tomcat/conf/logging.properties
28-Jan-2026 09:31:23.045 INFO [main] org.apache.catalina.startup.VersionLoggerListener.log Command line argument: -Djava.util.logging.manager=org.apache.juli.ClassLoaderLogManager
28-Jan-2026 09:31:23.045 INFO [main] org.apache.catalina.startup.VersionLoggerListener.log Command line argument: -Djdk.tls.ephemeralDHKeySize=2048
28-Jan-2026 09:31:23.045 INFO [main] org.apache.catalina.startup.VersionLoggerListener.log Command line argument: -Dorg.apache.catalina.security.SecurityListener.UMASK=0027
28-Jan-2026 09:31:23.045 INFO [main] org.apache.catalina.startup.VersionLoggerListener.log Command line argument: --add-opens=java.base/java.lang=ALL-UNNAMED
28-Jan-2026 09:31:23.045 INFO [main] org.apache.catalina.startup.VersionLoggerListener.log Command line argument: --add-opens=java.base/java.lang.reflect=ALL-UNNAMED
28-Jan-2026 09:31:23.045 INFO [main] org.apache.catalina.startup.VersionLoggerListener.log Command line argument: --add-opens=java.base/java.io=ALL-UNNAMED
28-Jan-2026 09:31:23.045 INFO [main] org.apache.catalina.startup.VersionLoggerListener.log Command line argument: --add-opens=java.base/java.util=ALL-UNNAMED
28-Jan-2026 09:31:23.045 INFO [main] org.apache.catalina.startup.VersionLoggerListener.log Command line argument: --add-opens=java.base/java.util.concurrent=ALL-UNNAMED
28-Jan-2026 09:31:23.045 INFO [main] org.apache.catalina.startup.VersionLoggerListener.log Command line argument: --add-opens=java.rmi/sun.rmi.transport=ALL-UNNAMED
28-Jan-2026 09:31:23.045 INFO [main] org.apache.catalina.startup.VersionLoggerListener.log Command line argument: --enable-native-access=ALL-UNNAMED
28-Jan-2026 09:31:23.045 INFO [main] org.apache.catalina.startup.VersionLoggerListener.log Command line argument: -Dcatalina.base=/home/infoetu/baptiste.lavogiez.etu/BUT2/Semestre2/Webdev/tomcat
28-Jan-2026 09:31:23.045 INFO [main] org.apache.catalina.startup.VersionLoggerListener.log Command line argument: -Dcatalina.home=/home/infoetu/baptiste.lavogiez.etu/BUT2/Semestre2/Webdev/tomcat
28-Jan-2026 09:31:23.045 INFO [main] org.apache.catalina.startup.VersionLoggerListener.log Command line argument: -Djava.io.tmpdir=/home/infoetu/baptiste.lavogiez.etu/BUT2/Semestre2/Webdev/tomcat/temp
28-Jan-2026 09:31:23.046 INFO [main] org.apache.catalina.core.AprLifecycleListener.lifecycleEvent The Apache Tomcat Native library which allows using OpenSSL was not found on the java.library.path: [/usr/java/packages/lib:/usr/lib/x86_64-linux-gnu/jni:/lib/x86_64-linux-gnu:/usr/lib/x86_64-linux-gnu:/usr/lib/jni:/lib:/usr/lib]
28-Jan-2026 09:31:23.141 INFO [main] org.apache.coyote.AbstractProtocol.init Initializing ProtocolHandler ["http-nio-8080"]
28-Jan-2026 09:31:23.154 INFO [main] org.apache.catalina.startup.Catalina.load Server initialization in [181] milliseconds
28-Jan-2026 09:31:23.171 INFO [main] org.apache.catalina.core.StandardService.startInternal Starting service [Catalina]
28-Jan-2026 09:31:23.171 INFO [main] org.apache.catalina.core.StandardEngine.startInternal Starting Servlet engine: [Apache Tomcat/11.0.13]
28-Jan-2026 09:31:23.176 INFO [main] org.apache.catalina.startup.HostConfig.deployDirectory Deploying web application directory [/home/infoetu/baptiste.lavogiez.etu/BUT2/Semestre2/Webdev/tomcat/webapps/ctp-sample]
28-Jan-2026 09:31:23.348 INFO [main] org.apache.jasper.servlet.TldScanner.scanJars At least one JAR was scanned for TLDs yet contained no TLDs. Enable debug logging for this logger for a complete list of JARs that were scanned but no TLDs were found in them. Skipping unneeded JARs during scanning can improve startup time and JSP compilation time.
28-Jan-2026 09:31:23.362 INFO [main] org.apache.catalina.startup.HostConfig.deployDirectory Deployment of web application directory [/home/infoetu/baptiste.lavogiez.etu/BUT2/Semestre2/Webdev/tomcat/webapps/ctp-sample] has finished in [185] ms
28-Jan-2026 09:31:23.362 INFO [main] org.apache.catalina.startup.HostConfig.deployDirectory Deploying web application directory [/home/infoetu/baptiste.lavogiez.etu/BUT2/Semestre2/Webdev/tomcat/webapps/__MACOSX]
28-Jan-2026 09:31:23.406 INFO [main] org.apache.jasper.servlet.TldScanner.scanJars At least one JAR was scanned for TLDs yet contained no TLDs. Enable debug logging for this logger for a complete list of JARs that were scanned but no TLDs were found in them. Skipping unneeded JARs during scanning can improve startup time and JSP compilation time.
28-Jan-2026 09:31:23.408 INFO [main] org.apache.catalina.startup.HostConfig.deployDirectory Deployment of web application directory [/home/infoetu/baptiste.lavogiez.etu/BUT2/Semestre2/Webdev/tomcat/webapps/__MACOSX] has finished in [46] ms
28-Jan-2026 09:31:23.408 INFO [main] org.apache.catalina.startup.HostConfig.deployDirectory Deploying web application directory [/home/infoetu/baptiste.lavogiez.etu/BUT2/Semestre2/Webdev/tomcat/webapps/ROOT]
28-Jan-2026 09:31:23.454 INFO [main] org.apache.jasper.servlet.TldScanner.scanJars At least one JAR was scanned for TLDs yet contained no TLDs. Enable debug logging for this logger for a complete list of JARs that were scanned but no TLDs were found in them. Skipping unneeded JARs during scanning can improve startup time and JSP compilation time.
28-Jan-2026 09:31:23.455 INFO [main] org.apache.catalina.startup.HostConfig.deployDirectory Deployment of web application directory [/home/infoetu/baptiste.lavogiez.etu/BUT2/Semestre2/Webdev/tomcat/webapps/ROOT] has finished in [47] ms
28-Jan-2026 09:31:23.455 INFO [main] org.apache.catalina.startup.HostConfig.deployDirectory Deploying web application directory [/home/infoetu/baptiste.lavogiez.etu/BUT2/Semestre2/Webdev/tomcat/webapps/docs]
28-Jan-2026 09:31:23.500 INFO [main] org.apache.jasper.servlet.TldScanner.scanJars At least one JAR was scanned for TLDs yet contained no TLDs. Enable debug logging for this logger for a complete list of JARs that were scanned but no TLDs were found in them. Skipping unneeded JARs during scanning can improve startup time and JSP compilation time.
28-Jan-2026 09:31:23.501 INFO [main] org.apache.catalina.startup.HostConfig.deployDirectory Deployment of web application directory [/home/infoetu/baptiste.lavogiez.etu/BUT2/Semestre2/Webdev/tomcat/webapps/docs] has finished in [46] ms
28-Jan-2026 09:31:23.501 INFO [main] org.apache.catalina.startup.HostConfig.deployDirectory Deploying web application directory [/home/infoetu/baptiste.lavogiez.etu/BUT2/Semestre2/Webdev/tomcat/webapps/manager]
28-Jan-2026 09:31:23.542 INFO [main] org.apache.jasper.servlet.TldScanner.scanJars At least one JAR was scanned for TLDs yet contained no TLDs. Enable debug logging for this logger for a complete list of JARs that were scanned but no TLDs were found in them. Skipping unneeded JARs during scanning can improve startup time and JSP compilation time.
28-Jan-2026 09:31:23.545 INFO [main] org.apache.catalina.startup.HostConfig.deployDirectory Deployment of web application directory [/home/infoetu/baptiste.lavogiez.etu/BUT2/Semestre2/Webdev/tomcat/webapps/manager] has finished in [44] ms
28-Jan-2026 09:31:23.545 INFO [main] org.apache.catalina.startup.HostConfig.deployDirectory Deploying web application directory [/home/infoetu/baptiste.lavogiez.etu/BUT2/Semestre2/Webdev/tomcat/webapps/TP02]
28-Jan-2026 09:31:23.596 INFO [main] org.apache.jasper.servlet.TldScanner.scanJars At least one JAR was scanned for TLDs yet contained no TLDs. Enable debug logging for this logger for a complete list of JARs that were scanned but no TLDs were found in them. Skipping unneeded JARs during scanning can improve startup time and JSP compilation time.
28-Jan-2026 09:31:23.597 INFO [main] org.apache.catalina.startup.HostConfig.deployDirectory Deployment of web application directory [/home/infoetu/baptiste.lavogiez.etu/BUT2/Semestre2/Webdev/tomcat/webapps/TP02] has finished in [52] ms
28-Jan-2026 09:31:23.597 INFO [main] org.apache.catalina.startup.HostConfig.deployDirectory Deploying web application directory [/home/infoetu/baptiste.lavogiez.etu/BUT2/Semestre2/Webdev/tomcat/webapps/TP03]
28-Jan-2026 09:31:23.642 INFO [main] org.apache.jasper.servlet.TldScanner.scanJars At least one JAR was scanned for TLDs yet contained no TLDs. Enable debug logging for this logger for a complete list of JARs that were scanned but no TLDs were found in them. Skipping unneeded JARs during scanning can improve startup time and JSP compilation time.
28-Jan-2026 09:31:23.643 INFO [main] org.apache.catalina.startup.HostConfig.deployDirectory Deployment of web application directory [/home/infoetu/baptiste.lavogiez.etu/BUT2/Semestre2/Webdev/tomcat/webapps/TP03] has finished in [46] ms
28-Jan-2026 09:31:23.643 INFO [main] org.apache.catalina.startup.HostConfig.deployDirectory Deploying web application directory [/home/infoetu/baptiste.lavogiez.etu/BUT2/Semestre2/Webdev/tomcat/webapps/TP01]
28-Jan-2026 09:31:23.685 INFO [main] org.apache.jasper.servlet.TldScanner.scanJars At least one JAR was scanned for TLDs yet contained no TLDs. Enable debug logging for this logger for a complete list of JARs that were scanned but no TLDs were found in them. Skipping unneeded JARs during scanning can improve startup time and JSP compilation time.
28-Jan-2026 09:31:23.686 INFO [main] org.apache.catalina.startup.HostConfig.deployDirectory Deployment of web application directory [/home/infoetu/baptiste.lavogiez.etu/BUT2/Semestre2/Webdev/tomcat/webapps/TP01] has finished in [43] ms
28-Jan-2026 09:31:23.686 INFO [main] org.apache.catalina.startup.HostConfig.deployDirectory Deploying web application directory [/home/infoetu/baptiste.lavogiez.etu/BUT2/Semestre2/Webdev/tomcat/webapps/host-manager]
28-Jan-2026 09:31:23.725 INFO [main] org.apache.jasper.servlet.TldScanner.scanJars At least one JAR was scanned for TLDs yet contained no TLDs. Enable debug logging for this logger for a complete list of JARs that were scanned but no TLDs were found in them. Skipping unneeded JARs during scanning can improve startup time and JSP compilation time.
28-Jan-2026 09:31:23.727 INFO [main] org.apache.catalina.startup.HostConfig.deployDirectory Deployment of web application directory [/home/infoetu/baptiste.lavogiez.etu/BUT2/Semestre2/Webdev/tomcat/webapps/host-manager] has finished in [40] ms
28-Jan-2026 09:31:23.727 INFO [main] org.apache.catalina.startup.HostConfig.deployDirectory Deploying web application directory [/home/infoetu/baptiste.lavogiez.etu/BUT2/Semestre2/Webdev/tomcat/webapps/tp_chess]
28-Jan-2026 09:31:23.778 INFO [main] org.apache.jasper.servlet.TldScanner.scanJars At least one JAR was scanned for TLDs yet contained no TLDs. Enable debug logging for this logger for a complete list of JARs that were scanned but no TLDs were found in them. Skipping unneeded JARs during scanning can improve startup time and JSP compilation time.
28-Jan-2026 09:31:23.779 INFO [main] org.apache.catalina.startup.HostConfig.deployDirectory Deployment of web application directory [/home/infoetu/baptiste.lavogiez.etu/BUT2/Semestre2/Webdev/tomcat/webapps/tp_chess] has finished in [52] ms
28-Jan-2026 09:31:23.780 INFO [main] org.apache.catalina.startup.HostConfig.deployDirectory Deploying web application directory [/home/infoetu/baptiste.lavogiez.etu/BUT2/Semestre2/Webdev/tomcat/webapps/examples]
28-Jan-2026 09:31:23.968 INFO [main] org.apache.jasper.servlet.TldScanner.scanJars At least one JAR was scanned for TLDs yet contained no TLDs. Enable debug logging for this logger for a complete list of JARs that were scanned but no TLDs were found in them. Skipping unneeded JARs during scanning can improve startup time and JSP compilation time.
28-Jan-2026 09:31:23.982 INFO [main] org.apache.catalina.startup.HostConfig.deployDirectory Deployment of web application directory [/home/infoetu/baptiste.lavogiez.etu/BUT2/Semestre2/Webdev/tomcat/webapps/examples] has finished in [202] ms
28-Jan-2026 09:31:23.984 INFO [main] org.apache.coyote.AbstractProtocol.start Starting ProtocolHandler ["http-nio-8080"]
28-Jan-2026 09:31:23.990 INFO [main] org.apache.catalina.startup.Catalina.start Server startup in [836] milliseconds
28-Jan-2026 09:31:47.700 INFO [Thread-1] org.apache.coyote.AbstractProtocol.pause Pausing ProtocolHandler ["http-nio-8080"]
28-Jan-2026 09:31:47.704 INFO [Thread-1] org.apache.catalina.core.StandardService.stopInternal Stopping service [Catalina]
28-Jan-2026 09:31:47.731 INFO [Thread-1] org.apache.coyote.AbstractProtocol.stop Stopping ProtocolHandler ["http-nio-8080"]
28-Jan-2026 09:31:47.738 INFO [Thread-1] org.apache.coyote.AbstractProtocol.destroy Destroying ProtocolHandler ["http-nio-8080"]
28-Jan-2026 09:31:48.746 INFO [main] org.apache.catalina.startup.VersionLoggerListener.log Server version name:   Apache Tomcat/11.0.13
28-Jan-2026 09:31:48.749 INFO [main] org.apache.catalina.startup.VersionLoggerListener.log Server built:          Oct 10 2025 13:57:31 UTC
28-Jan-2026 09:31:48.749 INFO [main] org.apache.catalina.startup.VersionLoggerListener.log Server version number: 11.0.13.0
28-Jan-2026 09:31:48.749 INFO [main] org.apache.catalina.startup.VersionLoggerListener.log OS Name:               Linux
28-Jan-2026 09:31:48.749 INFO [main] org.apache.catalina.startup.VersionLoggerListener.log OS Version:            6.1.0-40-amd64
28-Jan-2026 09:31:48.749 INFO [main] org.apache.catalina.startup.VersionLoggerListener.log Architecture:          amd64
28-Jan-2026 09:31:48.749 INFO [main] org.apache.catalina.startup.VersionLoggerListener.log Java Home:             /usr/lib/jvm/java-17-openjdk-amd64
28-Jan-2026 09:31:48.749 INFO [main] org.apache.catalina.startup.VersionLoggerListener.log JVM Version:           17.0.18+8-Debian-1deb12u1
28-Jan-2026 09:31:48.749 INFO [main] org.apache.catalina.startup.VersionLoggerListener.log JVM Vendor:            Debian
28-Jan-2026 09:31:48.749 INFO [main] org.apache.catalina.startup.VersionLoggerListener.log CATALINA_BASE:         /home/infoetu/baptiste.lavogiez.etu/BUT2/Semestre2/Webdev/tomcat
28-Jan-2026 09:31:48.749 INFO [main] org.apache.catalina.startup.VersionLoggerListener.log CATALINA_HOME:         /home/infoetu/baptiste.lavogiez.etu/BUT2/Semestre2/Webdev/tomcat
28-Jan-2026 09:31:48.752 INFO [main] org.apache.catalina.startup.VersionLoggerListener.log Command line argument: -Djava.util.logging.config.file=/home/infoetu/baptiste.lavogiez.etu/BUT2/Semestre2/Webdev/tomcat/conf/logging.properties
28-Jan-2026 09:31:48.752 INFO [main] org.apache.catalina.startup.VersionLoggerListener.log Command line argument: -Djava.util.logging.manager=org.apache.juli.ClassLoaderLogManager
28-Jan-2026 09:31:48.752 INFO [main] org.apache.catalina.startup.VersionLoggerListener.log Command line argument: -Djdk.tls.ephemeralDHKeySize=2048
28-Jan-2026 09:31:48.752 INFO [main] org.apache.catalina.startup.VersionLoggerListener.log Command line argument: -Dorg.apache.catalina.security.SecurityListener.UMASK=0027
28-Jan-2026 09:31:48.752 INFO [main] org.apache.catalina.startup.VersionLoggerListener.log Command line argument: --add-opens=java.base/java.lang=ALL-UNNAMED
28-Jan-2026 09:31:48.752 INFO [main] org.apache.catalina.startup.VersionLoggerListener.log Command line argument: --add-opens=java.base/java.lang.reflect=ALL-UNNAMED
28-Jan-2026 09:31:48.752 INFO [main] org.apache.catalina.startup.VersionLoggerListener.log Command line argument: --add-opens=java.base/java.io=ALL-UNNAMED
28-Jan-2026 09:31:48.753 INFO [main] org.apache.catalina.startup.VersionLoggerListener.log Command line argument: --add-opens=java.base/java.util=ALL-UNNAMED
28-Jan-2026 09:31:48.753 INFO [main] org.apache.catalina.startup.VersionLoggerListener.log Command line argument: --add-opens=java.base/java.util.concurrent=ALL-UNNAMED
28-Jan-2026 09:31:48.753 INFO [main] org.apache.catalina.startup.VersionLoggerListener.log Command line argument: --add-opens=java.rmi/sun.rmi.transport=ALL-UNNAMED
28-Jan-2026 09:31:48.753 INFO [main] org.apache.catalina.startup.VersionLoggerListener.log Command line argument: --enable-native-access=ALL-UNNAMED
28-Jan-2026 09:31:48.753 INFO [main] org.apache.catalina.startup.VersionLoggerListener.log Command line argument: -Dcatalina.base=/home/infoetu/baptiste.lavogiez.etu/BUT2/Semestre2/Webdev/tomcat
28-Jan-2026 09:31:48.753 INFO [main] org.apache.catalina.startup.VersionLoggerListener.log Command line argument: -Dcatalina.home=/home/infoetu/baptiste.lavogiez.etu/BUT2/Semestre2/Webdev/tomcat
28-Jan-2026 09:31:48.753 INFO [main] org.apache.catalina.startup.VersionLoggerListener.log Command line argument: -Djava.io.tmpdir=/home/infoetu/baptiste.lavogiez.etu/BUT2/Semestre2/Webdev/tomcat/temp
28-Jan-2026 09:31:48.753 INFO [main] org.apache.catalina.core.AprLifecycleListener.lifecycleEvent The Apache Tomcat Native library which allows using OpenSSL was not found on the java.library.path: [/usr/java/packages/lib:/usr/lib/x86_64-linux-gnu/jni:/lib/x86_64-linux-gnu:/usr/lib/x86_64-linux-gnu:/usr/lib/jni:/lib:/usr/lib]
28-Jan-2026 09:31:48.846 INFO [main] org.apache.coyote.AbstractProtocol.init Initializing ProtocolHandler ["http-nio-8080"]
28-Jan-2026 09:31:48.859 INFO [main] org.apache.catalina.startup.Catalina.load Server initialization in [181] milliseconds
28-Jan-2026 09:31:48.876 INFO [main] org.apache.catalina.core.StandardService.startInternal Starting service [Catalina]
28-Jan-2026 09:31:48.877 INFO [main] org.apache.catalina.core.StandardEngine.startInternal Starting Servlet engine: [Apache Tomcat/11.0.13]
28-Jan-2026 09:31:48.881 INFO [main] org.apache.catalina.startup.HostConfig.deployDirectory Deploying web application directory [/home/infoetu/baptiste.lavogiez.etu/BUT2/Semestre2/Webdev/tomcat/webapps/ctp-sample]
28-Jan-2026 09:31:49.045 INFO [main] org.apache.jasper.servlet.TldScanner.scanJars At least one JAR was scanned for TLDs yet contained no TLDs. Enable debug logging for this logger for a complete list of JARs that were scanned but no TLDs were found in them. Skipping unneeded JARs during scanning can improve startup time and JSP compilation time.
28-Jan-2026 09:31:49.059 INFO [main] org.apache.catalina.startup.HostConfig.deployDirectory Deployment of web application directory [/home/infoetu/baptiste.lavogiez.etu/BUT2/Semestre2/Webdev/tomcat/webapps/ctp-sample] has finished in [178] ms
28-Jan-2026 09:31:49.059 INFO [main] org.apache.catalina.startup.HostConfig.deployDirectory Deploying web application directory [/home/infoetu/baptiste.lavogiez.etu/BUT2/Semestre2/Webdev/tomcat/webapps/__MACOSX]
28-Jan-2026 09:31:49.102 INFO [main] org.apache.jasper.servlet.TldScanner.scanJars At least one JAR was scanned for TLDs yet contained no TLDs. Enable debug logging for this logger for a complete list of JARs that were scanned but no TLDs were found in them. Skipping unneeded JARs during scanning can improve startup time and JSP compilation time.
28-Jan-2026 09:31:49.103 INFO [main] org.apache.catalina.startup.HostConfig.deployDirectory Deployment of web application directory [/home/infoetu/baptiste.lavogiez.etu/BUT2/Semestre2/Webdev/tomcat/webapps/__MACOSX] has finished in [44] ms
28-Jan-2026 09:31:49.103 INFO [main] org.apache.catalina.startup.HostConfig.deployDirectory Deploying web application directory [/home/infoetu/baptiste.lavogiez.etu/BUT2/Semestre2/Webdev/tomcat/webapps/ROOT]
28-Jan-2026 09:31:49.145 INFO [main] org.apache.jasper.servlet.TldScanner.scanJars At least one JAR was scanned for TLDs yet contained no TLDs. Enable debug logging for this logger for a complete list of JARs that were scanned but no TLDs were found in them. Skipping unneeded JARs during scanning can improve startup time and JSP compilation time.
28-Jan-2026 09:31:49.146 INFO [main] org.apache.catalina.startup.HostConfig.deployDirectory Deployment of web application directory [/home/infoetu/baptiste.lavogiez.etu/BUT2/Semestre2/Webdev/tomcat/webapps/ROOT] has finished in [43] ms
28-Jan-2026 09:31:49.146 INFO [main] org.apache.catalina.startup.HostConfig.deployDirectory Deploying web application directory [/home/infoetu/baptiste.lavogiez.etu/BUT2/Semestre2/Webdev/tomcat/webapps/docs]
28-Jan-2026 09:31:49.187 INFO [main] org.apache.jasper.servlet.TldScanner.scanJars At least one JAR was scanned for TLDs yet contained no TLDs. Enable debug logging for this logger for a complete list of JARs that were scanned but no TLDs were found in them. Skipping unneeded JARs during scanning can improve startup time and JSP compilation time.
28-Jan-2026 09:31:49.188 INFO [main] org.apache.catalina.startup.HostConfig.deployDirectory Deployment of web application directory [/home/infoetu/baptiste.lavogiez.etu/BUT2/Semestre2/Webdev/tomcat/webapps/docs] has finished in [42] ms
28-Jan-2026 09:31:49.188 INFO [main] org.apache.catalina.startup.HostConfig.deployDirectory Deploying web application directory [/home/infoetu/baptiste.lavogiez.etu/BUT2/Semestre2/Webdev/tomcat/webapps/manager]
28-Jan-2026 09:31:49.227 INFO [main] org.apache.jasper.servlet.TldScanner.scanJars At least one JAR was scanned for TLDs yet contained no TLDs. Enable debug logging for this logger for a complete list of JARs that were scanned but no TLDs were found in them. Skipping unneeded JARs during scanning can improve startup time and JSP compilation time.
28-Jan-2026 09:31:49.230 INFO [main] org.apache.catalina.startup.HostConfig.deployDirectory Deployment of web application directory [/home/infoetu/baptiste.lavogiez.etu/BUT2/Semestre2/Webdev/tomcat/webapps/manager] has finished in [42] ms
28-Jan-2026 09:31:49.230 INFO [main] org.apache.catalina.startup.HostConfig.deployDirectory Deploying web application directory [/home/infoetu/baptiste.lavogiez.etu/BUT2/Semestre2/Webdev/tomcat/webapps/TP02]
28-Jan-2026 09:31:49.276 INFO [main] org.apache.jasper.servlet.TldScanner.scanJars At least one JAR was scanned for TLDs yet contained no TLDs. Enable debug logging for this logger for a complete list of JARs that were scanned but no TLDs were found in them. Skipping unneeded JARs during scanning can improve startup time and JSP compilation time.
28-Jan-2026 09:31:49.277 INFO [main] org.apache.catalina.startup.HostConfig.deployDirectory Deployment of web application directory [/home/infoetu/baptiste.lavogiez.etu/BUT2/Semestre2/Webdev/tomcat/webapps/TP02] has finished in [47] ms
28-Jan-2026 09:31:49.277 INFO [main] org.apache.catalina.startup.HostConfig.deployDirectory Deploying web application directory [/home/infoetu/baptiste.lavogiez.etu/BUT2/Semestre2/Webdev/tomcat/webapps/TP03]
28-Jan-2026 09:31:49.322 INFO [main] org.apache.jasper.servlet.TldScanner.scanJars At least one JAR was scanned for TLDs yet contained no TLDs. Enable debug logging for this logger for a complete list of JARs that were scanned but no TLDs were found in them. Skipping unneeded JARs during scanning can improve startup time and JSP compilation time.
28-Jan-2026 09:31:49.323 INFO [main] org.apache.catalina.startup.HostConfig.deployDirectory Deployment of web application directory [/home/infoetu/baptiste.lavogiez.etu/BUT2/Semestre2/Webdev/tomcat/webapps/TP03] has finished in [46] ms
28-Jan-2026 09:31:49.323 INFO [main] org.apache.catalina.startup.HostConfig.deployDirectory Deploying web application directory [/home/infoetu/baptiste.lavogiez.etu/BUT2/Semestre2/Webdev/tomcat/webapps/TP01]
28-Jan-2026 09:31:49.361 INFO [main] org.apache.jasper.servlet.TldScanner.scanJars At least one JAR was scanned for TLDs yet contained no TLDs. Enable debug logging for this logger for a complete list of JARs that were scanned but no TLDs were found in them. Skipping unneeded JARs during scanning can improve startup time and JSP compilation time.
28-Jan-2026 09:31:49.362 INFO [main] org.apache.catalina.startup.HostConfig.deployDirectory Deployment of web application directory [/home/infoetu/baptiste.lavogiez.etu/BUT2/Semestre2/Webdev/tomcat/webapps/TP01] has finished in [39] ms
28-Jan-2026 09:31:49.363 INFO [main] org.apache.catalina.startup.HostConfig.deployDirectory Deploying web application directory [/home/infoetu/baptiste.lavogiez.etu/BUT2/Semestre2/Webdev/tomcat/webapps/host-manager]
28-Jan-2026 09:31:49.400 INFO [main] org.apache.jasper.servlet.TldScanner.scanJars At least one JAR was scanned for TLDs yet contained no TLDs. Enable debug logging for this logger for a complete list of JARs that were scanned but no TLDs were found in them. Skipping unneeded JARs during scanning can improve startup time and JSP compilation time.
28-Jan-2026 09:31:49.401 INFO [main] org.apache.catalina.startup.HostConfig.deployDirectory Deployment of web application directory [/home/infoetu/baptiste.lavogiez.etu/BUT2/Semestre2/Webdev/tomcat/webapps/host-manager] has finished in [38] ms
28-Jan-2026 09:31:49.401 INFO [main] org.apache.catalina.startup.HostConfig.deployDirectory Deploying web application directory [/home/infoetu/baptiste.lavogiez.etu/BUT2/Semestre2/Webdev/tomcat/webapps/tp_chess]
28-Jan-2026 09:31:49.447 INFO [main] org.apache.jasper.servlet.TldScanner.scanJars At least one JAR was scanned for TLDs yet contained no TLDs. Enable debug logging for this logger for a complete list of JARs that were scanned but no TLDs were found in them. Skipping unneeded JARs during scanning can improve startup time and JSP compilation time.
28-Jan-2026 09:31:49.448 INFO [main] org.apache.catalina.startup.HostConfig.deployDirectory Deployment of web application directory [/home/infoetu/baptiste.lavogiez.etu/BUT2/Semestre2/Webdev/tomcat/webapps/tp_chess] has finished in [47] ms
28-Jan-2026 09:31:49.448 INFO [main] org.apache.catalina.startup.HostConfig.deployDirectory Deploying web application directory [/home/infoetu/baptiste.lavogiez.etu/BUT2/Semestre2/Webdev/tomcat/webapps/examples]
28-Jan-2026 09:31:49.580 INFO [main] org.apache.jasper.servlet.TldScanner.scanJars At least one JAR was scanned for TLDs yet contained no TLDs. Enable debug logging for this logger for a complete list of JARs that were scanned but no TLDs were found in them. Skipping unneeded JARs during scanning can improve startup time and JSP compilation time.
28-Jan-2026 09:31:49.595 INFO [main] org.apache.catalina.startup.HostConfig.deployDirectory Deployment of web application directory [/home/infoetu/baptiste.lavogiez.etu/BUT2/Semestre2/Webdev/tomcat/webapps/examples] has finished in [147] ms
28-Jan-2026 09:31:49.597 INFO [main] org.apache.coyote.AbstractProtocol.start Starting ProtocolHandler ["http-nio-8080"]
28-Jan-2026 09:31:49.603 INFO [main] org.apache.catalina.startup.Catalina.start Server startup in [743] milliseconds
28-Jan-2026 09:32:11.797 INFO [Thread-1] org.apache.coyote.AbstractProtocol.pause Pausing ProtocolHandler ["http-nio-8080"]
28-Jan-2026 09:32:11.801 INFO [Thread-1] org.apache.catalina.core.StandardService.stopInternal Stopping service [Catalina]
28-Jan-2026 09:32:11.818 INFO [Thread-1] org.apache.coyote.AbstractProtocol.stop Stopping ProtocolHandler ["http-nio-8080"]
28-Jan-2026 09:32:11.824 INFO [Thread-1] org.apache.coyote.AbstractProtocol.destroy Destroying ProtocolHandler ["http-nio-8080"]
28-Jan-2026 09:32:12.681 INFO [main] org.apache.catalina.startup.VersionLoggerListener.log Server version name:   Apache Tomcat/11.0.13
28-Jan-2026 09:32:12.683 INFO [main] org.apache.catalina.startup.VersionLoggerListener.log Server built:          Oct 10 2025 13:57:31 UTC
28-Jan-2026 09:32:12.683 INFO [main] org.apache.catalina.startup.VersionLoggerListener.log Server version number: 11.0.13.0
28-Jan-2026 09:32:12.683 INFO [main] org.apache.catalina.startup.VersionLoggerListener.log OS Name:               Linux
28-Jan-2026 09:32:12.683 INFO [main] org.apache.catalina.startup.VersionLoggerListener.log OS Version:            6.1.0-40-amd64
28-Jan-2026 09:32:12.683 INFO [main] org.apache.catalina.startup.VersionLoggerListener.log Architecture:          amd64
28-Jan-2026 09:32:12.683 INFO [main] org.apache.catalina.startup.VersionLoggerListener.log Java Home:             /usr/lib/jvm/java-17-openjdk-amd64
28-Jan-2026 09:32:12.683 INFO [main] org.apache.catalina.startup.VersionLoggerListener.log JVM Version:           17.0.18+8-Debian-1deb12u1
28-Jan-2026 09:32:12.683 INFO [main] org.apache.catalina.startup.VersionLoggerListener.log JVM Vendor:            Debian
28-Jan-2026 09:32:12.684 INFO [main] org.apache.catalina.startup.VersionLoggerListener.log CATALINA_BASE:         /home/infoetu/baptiste.lavogiez.etu/BUT2/Semestre2/Webdev/tomcat
28-Jan-2026 09:32:12.684 INFO [main] org.apache.catalina.startup.VersionLoggerListener.log CATALINA_HOME:         /home/infoetu/baptiste.lavogiez.etu/BUT2/Semestre2/Webdev/tomcat
28-Jan-2026 09:32:12.687 INFO [main] org.apache.catalina.startup.VersionLoggerListener.log Command line argument: -Djava.util.logging.config.file=/home/infoetu/baptiste.lavogiez.etu/BUT2/Semestre2/Webdev/tomcat/conf/logging.properties
28-Jan-2026 09:32:12.687 INFO [main] org.apache.catalina.startup.VersionLoggerListener.log Command line argument: -Djava.util.logging.manager=org.apache.juli.ClassLoaderLogManager
28-Jan-2026 09:32:12.687 INFO [main] org.apache.catalina.startup.VersionLoggerListener.log Command line argument: -Djdk.tls.ephemeralDHKeySize=2048
28-Jan-2026 09:32:12.687 INFO [main] org.apache.catalina.startup.VersionLoggerListener.log Command line argument: -Dorg.apache.catalina.security.SecurityListener.UMASK=0027
28-Jan-2026 09:32:12.687 INFO [main] org.apache.catalina.startup.VersionLoggerListener.log Command line argument: --add-opens=java.base/java.lang=ALL-UNNAMED
28-Jan-2026 09:32:12.687 INFO [main] org.apache.catalina.startup.VersionLoggerListener.log Command line argument: --add-opens=java.base/java.lang.reflect=ALL-UNNAMED
28-Jan-2026 09:32:12.687 INFO [main] org.apache.catalina.startup.VersionLoggerListener.log Command line argument: --add-opens=java.base/java.io=ALL-UNNAMED
28-Jan-2026 09:32:12.687 INFO [main] org.apache.catalina.startup.VersionLoggerListener.log Command line argument: --add-opens=java.base/java.util=ALL-UNNAMED
28-Jan-2026 09:32:12.687 INFO [main] org.apache.catalina.startup.VersionLoggerListener.log Command line argument: --add-opens=java.base/java.util.concurrent=ALL-UNNAMED
28-Jan-2026 09:32:12.687 INFO [main] org.apache.catalina.startup.VersionLoggerListener.log Command line argument: --add-opens=java.rmi/sun.rmi.transport=ALL-UNNAMED
28-Jan-2026 09:32:12.687 INFO [main] org.apache.catalina.startup.VersionLoggerListener.log Command line argument: --enable-native-access=ALL-UNNAMED
28-Jan-2026 09:32:12.688 INFO [main] org.apache.catalina.startup.VersionLoggerListener.log Command line argument: -Dcatalina.base=/home/infoetu/baptiste.lavogiez.etu/BUT2/Semestre2/Webdev/tomcat
28-Jan-2026 09:32:12.688 INFO [main] org.apache.catalina.startup.VersionLoggerListener.log Command line argument: -Dcatalina.home=/home/infoetu/baptiste.lavogiez.etu/BUT2/Semestre2/Webdev/tomcat
28-Jan-2026 09:32:12.688 INFO [main] org.apache.catalina.startup.VersionLoggerListener.log Command line argument: -Djava.io.tmpdir=/home/infoetu/baptiste.lavogiez.etu/BUT2/Semestre2/Webdev/tomcat/temp
28-Jan-2026 09:32:12.688 INFO [main] org.apache.catalina.core.AprLifecycleListener.lifecycleEvent The Apache Tomcat Native library which allows using OpenSSL was not found on the java.library.path: [/usr/java/packages/lib:/usr/lib/x86_64-linux-gnu/jni:/lib/x86_64-linux-gnu:/usr/lib/x86_64-linux-gnu:/usr/lib/jni:/lib:/usr/lib]
28-Jan-2026 09:32:12.786 INFO [main] org.apache.coyote.AbstractProtocol.init Initializing ProtocolHandler ["http-nio-8080"]
28-Jan-2026 09:32:12.799 INFO [main] org.apache.catalina.startup.Catalina.load Server initialization in [184] milliseconds
28-Jan-2026 09:32:12.815 INFO [main] org.apache.catalina.core.StandardService.startInternal Starting service [Catalina]
28-Jan-2026 09:32:12.815 INFO [main] org.apache.catalina.core.StandardEngine.startInternal Starting Servlet engine: [Apache Tomcat/11.0.13]
28-Jan-2026 09:32:12.820 INFO [main] org.apache.catalina.startup.HostConfig.deployDirectory Deploying web application directory [/home/infoetu/baptiste.lavogiez.etu/BUT2/Semestre2/Webdev/tomcat/webapps/ctp-sample]
28-Jan-2026 09:32:12.992 INFO [main] org.apache.jasper.servlet.TldScanner.scanJars At least one JAR was scanned for TLDs yet contained no TLDs. Enable debug logging for this logger for a complete list of JARs that were scanned but no TLDs were found in them. Skipping unneeded JARs during scanning can improve startup time and JSP compilation time.
28-Jan-2026 09:32:13.006 INFO [main] org.apache.catalina.startup.HostConfig.deployDirectory Deployment of web application directory [/home/infoetu/baptiste.lavogiez.etu/BUT2/Semestre2/Webdev/tomcat/webapps/ctp-sample] has finished in [185] ms
28-Jan-2026 09:32:13.006 INFO [main] org.apache.catalina.startup.HostConfig.deployDirectory Deploying web application directory [/home/infoetu/baptiste.lavogiez.etu/BUT2/Semestre2/Webdev/tomcat/webapps/__MACOSX]
28-Jan-2026 09:32:13.048 INFO [main] org.apache.jasper.servlet.TldScanner.scanJars At least one JAR was scanned for TLDs yet contained no TLDs. Enable debug logging for this logger for a complete list of JARs that were scanned but no TLDs were found in them. Skipping unneeded JARs during scanning can improve startup time and JSP compilation time.
28-Jan-2026 09:32:13.049 INFO [main] org.apache.catalina.startup.HostConfig.deployDirectory Deployment of web application directory [/home/infoetu/baptiste.lavogiez.etu/BUT2/Semestre2/Webdev/tomcat/webapps/__MACOSX] has finished in [43] ms
28-Jan-2026 09:32:13.049 INFO [main] org.apache.catalina.startup.HostConfig.deployDirectory Deploying web application directory [/home/infoetu/baptiste.lavogiez.etu/BUT2/Semestre2/Webdev/tomcat/webapps/ROOT]
28-Jan-2026 09:32:13.089 INFO [main] org.apache.jasper.servlet.TldScanner.scanJars At least one JAR was scanned for TLDs yet contained no TLDs. Enable debug logging for this logger for a complete list of JARs that were scanned but no TLDs were found in them. Skipping unneeded JARs during scanning can improve startup time and JSP compilation time.
28-Jan-2026 09:32:13.090 INFO [main] org.apache.catalina.startup.HostConfig.deployDirectory Deployment of web application directory [/home/infoetu/baptiste.lavogiez.etu/BUT2/Semestre2/Webdev/tomcat/webapps/ROOT] has finished in [41] ms
28-Jan-2026 09:32:13.090 INFO [main] org.apache.catalina.startup.HostConfig.deployDirectory Deploying web application directory [/home/infoetu/baptiste.lavogiez.etu/BUT2/Semestre2/Webdev/tomcat/webapps/docs]
28-Jan-2026 09:32:13.131 INFO [main] org.apache.jasper.servlet.TldScanner.scanJars At least one JAR was scanned for TLDs yet contained no TLDs. Enable debug logging for this logger for a complete list of JARs that were scanned but no TLDs were found in them. Skipping unneeded JARs during scanning can improve startup time and JSP compilation time.
28-Jan-2026 09:32:13.132 INFO [main] org.apache.catalina.startup.HostConfig.deployDirectory Deployment of web application directory [/home/infoetu/baptiste.lavogiez.etu/BUT2/Semestre2/Webdev/tomcat/webapps/docs] has finished in [42] ms
28-Jan-2026 09:32:13.132 INFO [main] org.apache.catalina.startup.HostConfig.deployDirectory Deploying web application directory [/home/infoetu/baptiste.lavogiez.etu/BUT2/Semestre2/Webdev/tomcat/webapps/manager]
28-Jan-2026 09:32:13.173 INFO [main] org.apache.jasper.servlet.TldScanner.scanJars At least one JAR was scanned for TLDs yet contained no TLDs. Enable debug logging for this logger for a complete list of JARs that were scanned but no TLDs were found in them. Skipping unneeded JARs during scanning can improve startup time and JSP compilation time.
28-Jan-2026 09:32:13.175 INFO [main] org.apache.catalina.startup.HostConfig.deployDirectory Deployment of web application directory [/home/infoetu/baptiste.lavogiez.etu/BUT2/Semestre2/Webdev/tomcat/webapps/manager] has finished in [43] ms
28-Jan-2026 09:32:13.175 INFO [main] org.apache.catalina.startup.HostConfig.deployDirectory Deploying web application directory [/home/infoetu/baptiste.lavogiez.etu/BUT2/Semestre2/Webdev/tomcat/webapps/TP02]
28-Jan-2026 09:32:13.221 INFO [main] org.apache.jasper.servlet.TldScanner.scanJars At least one JAR was scanned for TLDs yet contained no TLDs. Enable debug logging for this logger for a complete list of JARs that were scanned but no TLDs were found in them. Skipping unneeded JARs during scanning can improve startup time and JSP compilation time.
28-Jan-2026 09:32:13.222 INFO [main] org.apache.catalina.startup.HostConfig.deployDirectory Deployment of web application directory [/home/infoetu/baptiste.lavogiez.etu/BUT2/Semestre2/Webdev/tomcat/webapps/TP02] has finished in [47] ms
28-Jan-2026 09:32:13.222 INFO [main] org.apache.catalina.startup.HostConfig.deployDirectory Deploying web application directory [/home/infoetu/baptiste.lavogiez.etu/BUT2/Semestre2/Webdev/tomcat/webapps/TP03]
28-Jan-2026 09:32:13.268 INFO [main] org.apache.jasper.servlet.TldScanner.scanJars At least one JAR was scanned for TLDs yet contained no TLDs. Enable debug logging for this logger for a complete list of JARs that were scanned but no TLDs were found in them. Skipping unneeded JARs during scanning can improve startup time and JSP compilation time.
28-Jan-2026 09:32:13.269 INFO [main] org.apache.catalina.startup.HostConfig.deployDirectory Deployment of web application directory [/home/infoetu/baptiste.lavogiez.etu/BUT2/Semestre2/Webdev/tomcat/webapps/TP03] has finished in [47] ms
28-Jan-2026 09:32:13.269 INFO [main] org.apache.catalina.startup.HostConfig.deployDirectory Deploying web application directory [/home/infoetu/baptiste.lavogiez.etu/BUT2/Semestre2/Webdev/tomcat/webapps/TP01]
28-Jan-2026 09:32:13.309 INFO [main] org.apache.jasper.servlet.TldScanner.scanJars At least one JAR was scanned for TLDs yet contained no TLDs. Enable debug logging for this logger for a complete list of JARs that were scanned but no TLDs were found in them. Skipping unneeded JARs during scanning can improve startup time and JSP compilation time.
28-Jan-2026 09:32:13.310 INFO [main] org.apache.catalina.startup.HostConfig.deployDirectory Deployment of web application directory [/home/infoetu/baptiste.lavogiez.etu/BUT2/Semestre2/Webdev/tomcat/webapps/TP01] has finished in [41] ms
28-Jan-2026 09:32:13.310 INFO [main] org.apache.catalina.startup.HostConfig.deployDirectory Deploying web application directory [/home/infoetu/baptiste.lavogiez.etu/BUT2/Semestre2/Webdev/tomcat/webapps/host-manager]
28-Jan-2026 09:32:13.348 INFO [main] org.apache.jasper.servlet.TldScanner.scanJars At least one JAR was scanned for TLDs yet contained no TLDs. Enable debug logging for this logger for a complete list of JARs that were scanned but no TLDs were found in them. Skipping unneeded JARs during scanning can improve startup time and JSP compilation time.
28-Jan-2026 09:32:13.349 INFO [main] org.apache.catalina.startup.HostConfig.deployDirectory Deployment of web application directory [/home/infoetu/baptiste.lavogiez.etu/BUT2/Semestre2/Webdev/tomcat/webapps/host-manager] has finished in [39] ms
28-Jan-2026 09:32:13.349 INFO [main] org.apache.catalina.startup.HostConfig.deployDirectory Deploying web application directory [/home/infoetu/baptiste.lavogiez.etu/BUT2/Semestre2/Webdev/tomcat/webapps/tp_chess]
28-Jan-2026 09:32:13.398 INFO [main] org.apache.jasper.servlet.TldScanner.scanJars At least one JAR was scanned for TLDs yet contained no TLDs. Enable debug logging for this logger for a complete list of JARs that were scanned but no TLDs were found in them. Skipping unneeded JARs during scanning can improve startup time and JSP compilation time.
28-Jan-2026 09:32:13.399 INFO [main] org.apache.catalina.startup.HostConfig.deployDirectory Deployment of web application directory [/home/infoetu/baptiste.lavogiez.etu/BUT2/Semestre2/Webdev/tomcat/webapps/tp_chess] has finished in [50] ms
28-Jan-2026 09:32:13.399 INFO [main] org.apache.catalina.startup.HostConfig.deployDirectory Deploying web application directory [/home/infoetu/baptiste.lavogiez.etu/BUT2/Semestre2/Webdev/tomcat/webapps/examples]
28-Jan-2026 09:32:13.578 INFO [main] org.apache.jasper.servlet.TldScanner.scanJars At least one JAR was scanned for TLDs yet contained no TLDs. Enable debug logging for this logger for a complete list of JARs that were scanned but no TLDs were found in them. Skipping unneeded JARs during scanning can improve startup time and JSP compilation time.
28-Jan-2026 09:32:13.593 INFO [main] org.apache.catalina.startup.HostConfig.deployDirectory Deployment of web application directory [/home/infoetu/baptiste.lavogiez.etu/BUT2/Semestre2/Webdev/tomcat/webapps/examples] has finished in [194] ms
28-Jan-2026 09:32:13.595 INFO [main] org.apache.coyote.AbstractProtocol.start Starting ProtocolHandler ["http-nio-8080"]
28-Jan-2026 09:32:13.602 INFO [main] org.apache.catalina.startup.Catalina.start Server startup in [803] milliseconds
28-Jan-2026 09:32:55.565 INFO [Thread-1] org.apache.coyote.AbstractProtocol.pause Pausing ProtocolHandler ["http-nio-8080"]
28-Jan-2026 09:32:55.570 INFO [Thread-1] org.apache.catalina.core.StandardService.stopInternal Stopping service [Catalina]
28-Jan-2026 09:32:55.590 INFO [Thread-1] org.apache.coyote.AbstractProtocol.stop Stopping ProtocolHandler ["http-nio-8080"]
28-Jan-2026 09:32:55.603 INFO [Thread-1] org.apache.coyote.AbstractProtocol.destroy Destroying ProtocolHandler ["http-nio-8080"]
28-Jan-2026 09:32:56.541 INFO [main] org.apache.catalina.startup.VersionLoggerListener.log Server version name:   Apache Tomcat/11.0.13
28-Jan-2026 09:32:56.543 INFO [main] org.apache.catalina.startup.VersionLoggerListener.log Server built:          Oct 10 2025 13:57:31 UTC
28-Jan-2026 09:32:56.543 INFO [main] org.apache.catalina.startup.VersionLoggerListener.log Server version number: 11.0.13.0
28-Jan-2026 09:32:56.543 INFO [main] org.apache.catalina.startup.VersionLoggerListener.log OS Name:               Linux
28-Jan-2026 09:32:56.543 INFO [main] org.apache.catalina.startup.VersionLoggerListener.log OS Version:            6.1.0-40-amd64
28-Jan-2026 09:32:56.543 INFO [main] org.apache.catalina.startup.VersionLoggerListener.log Architecture:          amd64
28-Jan-2026 09:32:56.543 INFO [main] org.apache.catalina.startup.VersionLoggerListener.log Java Home:             /usr/lib/jvm/java-17-openjdk-amd64
28-Jan-2026 09:32:56.543 INFO [main] org.apache.catalina.startup.VersionLoggerListener.log JVM Version:           17.0.18+8-Debian-1deb12u1
28-Jan-2026 09:32:56.543 INFO [main] org.apache.catalina.startup.VersionLoggerListener.log JVM Vendor:            Debian
28-Jan-2026 09:32:56.543 INFO [main] org.apache.catalina.startup.VersionLoggerListener.log CATALINA_BASE:         /home/infoetu/baptiste.lavogiez.etu/BUT2/Semestre2/Webdev/tomcat
28-Jan-2026 09:32:56.544 INFO [main] org.apache.catalina.startup.VersionLoggerListener.log CATALINA_HOME:         /home/infoetu/baptiste.lavogiez.etu/BUT2/Semestre2/Webdev/tomcat
28-Jan-2026 09:32:56.547 INFO [main] org.apache.catalina.startup.VersionLoggerListener.log Command line argument: -Djava.util.logging.config.file=/home/infoetu/baptiste.lavogiez.etu/BUT2/Semestre2/Webdev/tomcat/conf/logging.properties
28-Jan-2026 09:32:56.547 INFO [main] org.apache.catalina.startup.VersionLoggerListener.log Command line argument: -Djava.util.logging.manager=org.apache.juli.ClassLoaderLogManager
28-Jan-2026 09:32:56.547 INFO [main] org.apache.catalina.startup.VersionLoggerListener.log Command line argument: -Djdk.tls.ephemeralDHKeySize=2048
28-Jan-2026 09:32:56.547 INFO [main] org.apache.catalina.startup.VersionLoggerListener.log Command line argument: -Dorg.apache.catalina.security.SecurityListener.UMASK=0027
28-Jan-2026 09:32:56.547 INFO [main] org.apache.catalina.startup.VersionLoggerListener.log Command line argument: --add-opens=java.base/java.lang=ALL-UNNAMED
28-Jan-2026 09:32:56.547 INFO [main] org.apache.catalina.startup.VersionLoggerListener.log Command line argument: --add-opens=java.base/java.lang.reflect=ALL-UNNAMED
28-Jan-2026 09:32:56.547 INFO [main] org.apache.catalina.startup.VersionLoggerListener.log Command line argument: --add-opens=java.base/java.io=ALL-UNNAMED
28-Jan-2026 09:32:56.547 INFO [main] org.apache.catalina.startup.VersionLoggerListener.log Command line argument: --add-opens=java.base/java.util=ALL-UNNAMED
28-Jan-2026 09:32:56.547 INFO [main] org.apache.catalina.startup.VersionLoggerListener.log Command line argument: --add-opens=java.base/java.util.concurrent=ALL-UNNAMED
28-Jan-2026 09:32:56.547 INFO [main] org.apache.catalina.startup.VersionLoggerListener.log Command line argument: --add-opens=java.rmi/sun.rmi.transport=ALL-UNNAMED
28-Jan-2026 09:32:56.547 INFO [main] org.apache.catalina.startup.VersionLoggerListener.log Command line argument: --enable-native-access=ALL-UNNAMED
28-Jan-2026 09:32:56.547 INFO [main] org.apache.catalina.startup.VersionLoggerListener.log Command line argument: -Dcatalina.base=/home/infoetu/baptiste.lavogiez.etu/BUT2/Semestre2/Webdev/tomcat
28-Jan-2026 09:32:56.547 INFO [main] org.apache.catalina.startup.VersionLoggerListener.log Command line argument: -Dcatalina.home=/home/infoetu/baptiste.lavogiez.etu/BUT2/Semestre2/Webdev/tomcat
28-Jan-2026 09:32:56.547 INFO [main] org.apache.catalina.startup.VersionLoggerListener.log Command line argument: -Djava.io.tmpdir=/home/infoetu/baptiste.lavogiez.etu/BUT2/Semestre2/Webdev/tomcat/temp
28-Jan-2026 09:32:56.548 INFO [main] org.apache.catalina.core.AprLifecycleListener.lifecycleEvent The Apache Tomcat Native library which allows using OpenSSL was not found on the java.library.path: [/usr/java/packages/lib:/usr/lib/x86_64-linux-gnu/jni:/lib/x86_64-linux-gnu:/usr/lib/x86_64-linux-gnu:/usr/lib/jni:/lib:/usr/lib]
28-Jan-2026 09:32:56.644 INFO [main] org.apache.coyote.AbstractProtocol.init Initializing ProtocolHandler ["http-nio-8080"]
28-Jan-2026 09:32:56.653 INFO [main] org.apache.catalina.startup.Catalina.load Server initialization in [177] milliseconds
28-Jan-2026 09:32:56.670 INFO [main] org.apache.catalina.core.StandardService.startInternal Starting service [Catalina]
28-Jan-2026 09:32:56.670 INFO [main] org.apache.catalina.core.StandardEngine.startInternal Starting Servlet engine: [Apache Tomcat/11.0.13]
28-Jan-2026 09:32:56.674 INFO [main] org.apache.catalina.startup.HostConfig.deployDirectory Deploying web application directory [/home/infoetu/baptiste.lavogiez.etu/BUT2/Semestre2/Webdev/tomcat/webapps/ctp-sample]
28-Jan-2026 09:32:56.840 INFO [main] org.apache.jasper.servlet.TldScanner.scanJars At least one JAR was scanned for TLDs yet contained no TLDs. Enable debug logging for this logger for a complete list of JARs that were scanned but no TLDs were found in them. Skipping unneeded JARs during scanning can improve startup time and JSP compilation time.
28-Jan-2026 09:32:56.853 INFO [main] org.apache.catalina.startup.HostConfig.deployDirectory Deployment of web application directory [/home/infoetu/baptiste.lavogiez.etu/BUT2/Semestre2/Webdev/tomcat/webapps/ctp-sample] has finished in [179] ms
28-Jan-2026 09:32:56.853 INFO [main] org.apache.catalina.startup.HostConfig.deployDirectory Deploying web application directory [/home/infoetu/baptiste.lavogiez.etu/BUT2/Semestre2/Webdev/tomcat/webapps/__MACOSX]
28-Jan-2026 09:32:56.897 INFO [main] org.apache.jasper.servlet.TldScanner.scanJars At least one JAR was scanned for TLDs yet contained no TLDs. Enable debug logging for this logger for a complete list of JARs that were scanned but no TLDs were found in them. Skipping unneeded JARs during scanning can improve startup time and JSP compilation time.
28-Jan-2026 09:32:56.898 INFO [main] org.apache.catalina.startup.HostConfig.deployDirectory Deployment of web application directory [/home/infoetu/baptiste.lavogiez.etu/BUT2/Semestre2/Webdev/tomcat/webapps/__MACOSX] has finished in [45] ms
28-Jan-2026 09:32:56.898 INFO [main] org.apache.catalina.startup.HostConfig.deployDirectory Deploying web application directory [/home/infoetu/baptiste.lavogiez.etu/BUT2/Semestre2/Webdev/tomcat/webapps/ROOT]
28-Jan-2026 09:32:56.939 INFO [main] org.apache.jasper.servlet.TldScanner.scanJars At least one JAR was scanned for TLDs yet contained no TLDs. Enable debug logging for this logger for a complete list of JARs that were scanned but no TLDs were found in them. Skipping unneeded JARs during scanning can improve startup time and JSP compilation time.
28-Jan-2026 09:32:56.940 INFO [main] org.apache.catalina.startup.HostConfig.deployDirectory Deployment of web application directory [/home/infoetu/baptiste.lavogiez.etu/BUT2/Semestre2/Webdev/tomcat/webapps/ROOT] has finished in [42] ms
28-Jan-2026 09:32:56.940 INFO [main] org.apache.catalina.startup.HostConfig.deployDirectory Deploying web application directory [/home/infoetu/baptiste.lavogiez.etu/BUT2/Semestre2/Webdev/tomcat/webapps/docs]
28-Jan-2026 09:32:56.982 INFO [main] org.apache.jasper.servlet.TldScanner.scanJars At least one JAR was scanned for TLDs yet contained no TLDs. Enable debug logging for this logger for a complete list of JARs that were scanned but no TLDs were found in them. Skipping unneeded JARs during scanning can improve startup time and JSP compilation time.
28-Jan-2026 09:32:56.983 INFO [main] org.apache.catalina.startup.HostConfig.deployDirectory Deployment of web application directory [/home/infoetu/baptiste.lavogiez.etu/BUT2/Semestre2/Webdev/tomcat/webapps/docs] has finished in [43] ms
28-Jan-2026 09:32:56.983 INFO [main] org.apache.catalina.startup.HostConfig.deployDirectory Deploying web application directory [/home/infoetu/baptiste.lavogiez.etu/BUT2/Semestre2/Webdev/tomcat/webapps/manager]
28-Jan-2026 09:32:57.021 INFO [main] org.apache.jasper.servlet.TldScanner.scanJars At least one JAR was scanned for TLDs yet contained no TLDs. Enable debug logging for this logger for a complete list of JARs that were scanned but no TLDs were found in them. Skipping unneeded JARs during scanning can improve startup time and JSP compilation time.
28-Jan-2026 09:32:57.024 INFO [main] org.apache.catalina.startup.HostConfig.deployDirectory Deployment of web application directory [/home/infoetu/baptiste.lavogiez.etu/BUT2/Semestre2/Webdev/tomcat/webapps/manager] has finished in [41] ms
28-Jan-2026 09:32:57.024 INFO [main] org.apache.catalina.startup.HostConfig.deployDirectory Deploying web application directory [/home/infoetu/baptiste.lavogiez.etu/BUT2/Semestre2/Webdev/tomcat/webapps/TP02]
28-Jan-2026 09:32:57.072 INFO [main] org.apache.jasper.servlet.TldScanner.scanJars At least one JAR was scanned for TLDs yet contained no TLDs. Enable debug logging for this logger for a complete list of JARs that were scanned but no TLDs were found in them. Skipping unneeded JARs during scanning can improve startup time and JSP compilation time.
28-Jan-2026 09:32:57.073 INFO [main] org.apache.catalina.startup.HostConfig.deployDirectory Deployment of web application directory [/home/infoetu/baptiste.lavogiez.etu/BUT2/Semestre2/Webdev/tomcat/webapps/TP02] has finished in [49] ms
28-Jan-2026 09:32:57.073 INFO [main] org.apache.catalina.startup.HostConfig.deployDirectory Deploying web application directory [/home/infoetu/baptiste.lavogiez.etu/BUT2/Semestre2/Webdev/tomcat/webapps/TP03]
28-Jan-2026 09:32:57.120 INFO [main] org.apache.jasper.servlet.TldScanner.scanJars At least one JAR was scanned for TLDs yet contained no TLDs. Enable debug logging for this logger for a complete list of JARs that were scanned but no TLDs were found in them. Skipping unneeded JARs during scanning can improve startup time and JSP compilation time.
28-Jan-2026 09:32:57.120 INFO [main] org.apache.catalina.startup.HostConfig.deployDirectory Deployment of web application directory [/home/infoetu/baptiste.lavogiez.etu/BUT2/Semestre2/Webdev/tomcat/webapps/TP03] has finished in [47] ms
28-Jan-2026 09:32:57.121 INFO [main] org.apache.catalina.startup.HostConfig.deployDirectory Deploying web application directory [/home/infoetu/baptiste.lavogiez.etu/BUT2/Semestre2/Webdev/tomcat/webapps/TP01]
28-Jan-2026 09:32:57.159 INFO [main] org.apache.jasper.servlet.TldScanner.scanJars At least one JAR was scanned for TLDs yet contained no TLDs. Enable debug logging for this logger for a complete list of JARs that were scanned but no TLDs were found in them. Skipping unneeded JARs during scanning can improve startup time and JSP compilation time.
28-Jan-2026 09:32:57.159 INFO [main] org.apache.catalina.startup.HostConfig.deployDirectory Deployment of web application directory [/home/infoetu/baptiste.lavogiez.etu/BUT2/Semestre2/Webdev/tomcat/webapps/TP01] has finished in [38] ms
28-Jan-2026 09:32:57.160 INFO [main] org.apache.catalina.startup.HostConfig.deployDirectory Deploying web application directory [/home/infoetu/baptiste.lavogiez.etu/BUT2/Semestre2/Webdev/tomcat/webapps/host-manager]
28-Jan-2026 09:32:57.198 INFO [main] org.apache.jasper.servlet.TldScanner.scanJars At least one JAR was scanned for TLDs yet contained no TLDs. Enable debug logging for this logger for a complete list of JARs that were scanned but no TLDs were found in them. Skipping unneeded JARs during scanning can improve startup time and JSP compilation time.
28-Jan-2026 09:32:57.199 INFO [main] org.apache.catalina.startup.HostConfig.deployDirectory Deployment of web application directory [/home/infoetu/baptiste.lavogiez.etu/BUT2/Semestre2/Webdev/tomcat/webapps/host-manager] has finished in [40] ms
28-Jan-2026 09:32:57.199 INFO [main] org.apache.catalina.startup.HostConfig.deployDirectory Deploying web application directory [/home/infoetu/baptiste.lavogiez.etu/BUT2/Semestre2/Webdev/tomcat/webapps/tp_chess]
28-Jan-2026 09:32:57.247 INFO [main] org.apache.jasper.servlet.TldScanner.scanJars At least one JAR was scanned for TLDs yet contained no TLDs. Enable debug logging for this logger for a complete list of JARs that were scanned but no TLDs were found in them. Skipping unneeded JARs during scanning can improve startup time and JSP compilation time.
28-Jan-2026 09:32:57.248 INFO [main] org.apache.catalina.startup.HostConfig.deployDirectory Deployment of web application directory [/home/infoetu/baptiste.lavogiez.etu/BUT2/Semestre2/Webdev/tomcat/webapps/tp_chess] has finished in [48] ms
28-Jan-2026 09:32:57.248 INFO [main] org.apache.catalina.startup.HostConfig.deployDirectory Deploying web application directory [/home/infoetu/baptiste.lavogiez.etu/BUT2/Semestre2/Webdev/tomcat/webapps/examples]
28-Jan-2026 09:32:57.378 INFO [main] org.apache.jasper.servlet.TldScanner.scanJars At least one JAR was scanned for TLDs yet contained no TLDs. Enable debug logging for this logger for a complete list of JARs that were scanned but no TLDs were found in them. Skipping unneeded JARs during scanning can improve startup time and JSP compilation time.
28-Jan-2026 09:32:57.394 INFO [main] org.apache.catalina.startup.HostConfig.deployDirectory Deployment of web application directory [/home/infoetu/baptiste.lavogiez.etu/BUT2/Semestre2/Webdev/tomcat/webapps/examples] has finished in [145] ms
28-Jan-2026 09:32:57.396 INFO [main] org.apache.coyote.AbstractProtocol.start Starting ProtocolHandler ["http-nio-8080"]
28-Jan-2026 09:32:57.402 INFO [main] org.apache.catalina.startup.Catalina.start Server startup in [749] milliseconds
28-Jan-2026 09:38:57.736 INFO [Catalina-utility-2] org.apache.catalina.startup.HostConfig.deployDirectory Deploying web application directory [/home/infoetu/baptiste.lavogiez.etu/BUT2/Semestre2/Webdev/tomcat/webapps/TP03-Partie2]
28-Jan-2026 09:38:57.827 INFO [Catalina-utility-2] org.apache.jasper.servlet.TldScanner.scanJars At least one JAR was scanned for TLDs yet contained no TLDs. Enable debug logging for this logger for a complete list of JARs that were scanned but no TLDs were found in them. Skipping unneeded JARs during scanning can improve startup time and JSP compilation time.
28-Jan-2026 09:38:57.828 INFO [Catalina-utility-2] org.apache.catalina.startup.HostConfig.deployDirectory Deployment of web application directory [/home/infoetu/baptiste.lavogiez.etu/BUT2/Semestre2/Webdev/tomcat/webapps/TP03-Partie2] has finished in [93] ms
28-Jan-2026 10:12:11.531 INFO [Thread-1] org.apache.coyote.AbstractProtocol.pause Pausing ProtocolHandler ["http-nio-8080"]
28-Jan-2026 10:12:11.535 INFO [Thread-1] org.apache.catalina.core.StandardService.stopInternal Stopping service [Catalina]
28-Jan-2026 10:12:11.573 INFO [Thread-1] org.apache.coyote.AbstractProtocol.stop Stopping ProtocolHandler ["http-nio-8080"]
28-Jan-2026 10:12:11.578 INFO [Thread-1] org.apache.coyote.AbstractProtocol.destroy Destroying ProtocolHandler ["http-nio-8080"]
28-Jan-2026 10:12:12.396 INFO [main] org.apache.catalina.startup.VersionLoggerListener.log Server version name:   Apache Tomcat/11.0.13
28-Jan-2026 10:12:12.398 INFO [main] org.apache.catalina.startup.VersionLoggerListener.log Server built:          Oct 10 2025 13:57:31 UTC
28-Jan-2026 10:12:12.398 INFO [main] org.apache.catalina.startup.VersionLoggerListener.log Server version number: 11.0.13.0
28-Jan-2026 10:12:12.398 INFO [main] org.apache.catalina.startup.VersionLoggerListener.log OS Name:               Linux
28-Jan-2026 10:12:12.398 INFO [main] org.apache.catalina.startup.VersionLoggerListener.log OS Version:            6.1.0-40-amd64
28-Jan-2026 10:12:12.398 INFO [main] org.apache.catalina.startup.VersionLoggerListener.log Architecture:          amd64
28-Jan-2026 10:12:12.398 INFO [main] org.apache.catalina.startup.VersionLoggerListener.log Java Home:             /usr/lib/jvm/java-17-openjdk-amd64
28-Jan-2026 10:12:12.398 INFO [main] org.apache.catalina.startup.VersionLoggerListener.log JVM Version:           17.0.18+8-Debian-1deb12u1
28-Jan-2026 10:12:12.398 INFO [main] org.apache.catalina.startup.VersionLoggerListener.log JVM Vendor:            Debian
28-Jan-2026 10:12:12.398 INFO [main] org.apache.catalina.startup.VersionLoggerListener.log CATALINA_BASE:         /home/infoetu/baptiste.lavogiez.etu/BUT2/Semestre2/Webdev/tomcat
28-Jan-2026 10:12:12.398 INFO [main] org.apache.catalina.startup.VersionLoggerListener.log CATALINA_HOME:         /home/infoetu/baptiste.lavogiez.etu/BUT2/Semestre2/Webdev/tomcat
28-Jan-2026 10:12:12.402 INFO [main] org.apache.catalina.startup.VersionLoggerListener.log Command line argument: -Djava.util.logging.config.file=/home/infoetu/baptiste.lavogiez.etu/BUT2/Semestre2/Webdev/tomcat/conf/logging.properties
28-Jan-2026 10:12:12.402 INFO [main] org.apache.catalina.startup.VersionLoggerListener.log Command line argument: -Djava.util.logging.manager=org.apache.juli.ClassLoaderLogManager
28-Jan-2026 10:12:12.402 INFO [main] org.apache.catalina.startup.VersionLoggerListener.log Command line argument: -Djdk.tls.ephemeralDHKeySize=2048
28-Jan-2026 10:12:12.402 INFO [main] org.apache.catalina.startup.VersionLoggerListener.log Command line argument: -Dorg.apache.catalina.security.SecurityListener.UMASK=0027
28-Jan-2026 10:12:12.403 INFO [main] org.apache.catalina.startup.VersionLoggerListener.log Command line argument: --add-opens=java.base/java.lang=ALL-UNNAMED
28-Jan-2026 10:12:12.403 INFO [main] org.apache.catalina.startup.VersionLoggerListener.log Command line argument: --add-opens=java.base/java.lang.reflect=ALL-UNNAMED
28-Jan-2026 10:12:12.403 INFO [main] org.apache.catalina.startup.VersionLoggerListener.log Command line argument: --add-opens=java.base/java.io=ALL-UNNAMED
28-Jan-2026 10:12:12.403 INFO [main] org.apache.catalina.startup.VersionLoggerListener.log Command line argument: --add-opens=java.base/java.util=ALL-UNNAMED
28-Jan-2026 10:12:12.403 INFO [main] org.apache.catalina.startup.VersionLoggerListener.log Command line argument: --add-opens=java.base/java.util.concurrent=ALL-UNNAMED
28-Jan-2026 10:12:12.403 INFO [main] org.apache.catalina.startup.VersionLoggerListener.log Command line argument: --add-opens=java.rmi/sun.rmi.transport=ALL-UNNAMED
28-Jan-2026 10:12:12.403 INFO [main] org.apache.catalina.startup.VersionLoggerListener.log Command line argument: --enable-native-access=ALL-UNNAMED
28-Jan-2026 10:12:12.403 INFO [main] org.apache.catalina.startup.VersionLoggerListener.log Command line argument: -Dcatalina.base=/home/infoetu/baptiste.lavogiez.etu/BUT2/Semestre2/Webdev/tomcat
28-Jan-2026 10:12:12.403 INFO [main] org.apache.catalina.startup.VersionLoggerListener.log Command line argument: -Dcatalina.home=/home/infoetu/baptiste.lavogiez.etu/BUT2/Semestre2/Webdev/tomcat
28-Jan-2026 10:12:12.403 INFO [main] org.apache.catalina.startup.VersionLoggerListener.log Command line argument: -Djava.io.tmpdir=/home/infoetu/baptiste.lavogiez.etu/BUT2/Semestre2/Webdev/tomcat/temp
28-Jan-2026 10:12:12.404 INFO [main] org.apache.catalina.core.AprLifecycleListener.lifecycleEvent The Apache Tomcat Native library which allows using OpenSSL was not found on the java.library.path: [/usr/java/packages/lib:/usr/lib/x86_64-linux-gnu/jni:/lib/x86_64-linux-gnu:/usr/lib/x86_64-linux-gnu:/usr/lib/jni:/lib:/usr/lib]
28-Jan-2026 10:12:12.501 INFO [main] org.apache.coyote.AbstractProtocol.init Initializing ProtocolHandler ["http-nio-8080"]
28-Jan-2026 10:12:12.511 INFO [main] org.apache.catalina.startup.Catalina.load Server initialization in [186] milliseconds
28-Jan-2026 10:12:12.531 INFO [main] org.apache.catalina.core.StandardService.startInternal Starting service [Catalina]
28-Jan-2026 10:12:12.531 INFO [main] org.apache.catalina.core.StandardEngine.startInternal Starting Servlet engine: [Apache Tomcat/11.0.13]
28-Jan-2026 10:12:12.536 INFO [main] org.apache.catalina.startup.HostConfig.deployDirectory Deploying web application directory [/home/infoetu/baptiste.lavogiez.etu/BUT2/Semestre2/Webdev/tomcat/webapps/ctp-sample]
28-Jan-2026 10:12:12.711 INFO [main] org.apache.jasper.servlet.TldScanner.scanJars At least one JAR was scanned for TLDs yet contained no TLDs. Enable debug logging for this logger for a complete list of JARs that were scanned but no TLDs were found in them. Skipping unneeded JARs during scanning can improve startup time and JSP compilation time.
28-Jan-2026 10:12:12.725 INFO [main] org.apache.catalina.startup.HostConfig.deployDirectory Deployment of web application directory [/home/infoetu/baptiste.lavogiez.etu/BUT2/Semestre2/Webdev/tomcat/webapps/ctp-sample] has finished in [188] ms
28-Jan-2026 10:12:12.725 INFO [main] org.apache.catalina.startup.HostConfig.deployDirectory Deploying web application directory [/home/infoetu/baptiste.lavogiez.etu/BUT2/Semestre2/Webdev/tomcat/webapps/__MACOSX]
28-Jan-2026 10:12:12.772 INFO [main] org.apache.jasper.servlet.TldScanner.scanJars At least one JAR was scanned for TLDs yet contained no TLDs. Enable debug logging for this logger for a complete list of JARs that were scanned but no TLDs were found in them. Skipping unneeded JARs during scanning can improve startup time and JSP compilation time.
28-Jan-2026 10:12:12.773 INFO [main] org.apache.catalina.startup.HostConfig.deployDirectory Deployment of web application directory [/home/infoetu/baptiste.lavogiez.etu/BUT2/Semestre2/Webdev/tomcat/webapps/__MACOSX] has finished in [48] ms
28-Jan-2026 10:12:12.773 INFO [main] org.apache.catalina.startup.HostConfig.deployDirectory Deploying web application directory [/home/infoetu/baptiste.lavogiez.etu/BUT2/Semestre2/Webdev/tomcat/webapps/ROOT]
28-Jan-2026 10:12:12.815 INFO [main] org.apache.jasper.servlet.TldScanner.scanJars At least one JAR was scanned for TLDs yet contained no TLDs. Enable debug logging for this logger for a complete list of JARs that were scanned but no TLDs were found in them. Skipping unneeded JARs during scanning can improve startup time and JSP compilation time.
28-Jan-2026 10:12:12.816 INFO [main] org.apache.catalina.startup.HostConfig.deployDirectory Deployment of web application directory [/home/infoetu/baptiste.lavogiez.etu/BUT2/Semestre2/Webdev/tomcat/webapps/ROOT] has finished in [43] ms
28-Jan-2026 10:12:12.817 INFO [main] org.apache.catalina.startup.HostConfig.deployDirectory Deploying web application directory [/home/infoetu/baptiste.lavogiez.etu/BUT2/Semestre2/Webdev/tomcat/webapps/docs]
28-Jan-2026 10:12:12.862 INFO [main] org.apache.jasper.servlet.TldScanner.scanJars At least one JAR was scanned for TLDs yet contained no TLDs. Enable debug logging for this logger for a complete list of JARs that were scanned but no TLDs were found in them. Skipping unneeded JARs during scanning can improve startup time and JSP compilation time.
28-Jan-2026 10:12:12.863 INFO [main] org.apache.catalina.startup.HostConfig.deployDirectory Deployment of web application directory [/home/infoetu/baptiste.lavogiez.etu/BUT2/Semestre2/Webdev/tomcat/webapps/docs] has finished in [46] ms
28-Jan-2026 10:12:12.863 INFO [main] org.apache.catalina.startup.HostConfig.deployDirectory Deploying web application directory [/home/infoetu/baptiste.lavogiez.etu/BUT2/Semestre2/Webdev/tomcat/webapps/TP03-Partie2]
28-Jan-2026 10:12:12.916 INFO [main] org.apache.jasper.servlet.TldScanner.scanJars At least one JAR was scanned for TLDs yet contained no TLDs. Enable debug logging for this logger for a complete list of JARs that were scanned but no TLDs were found in them. Skipping unneeded JARs during scanning can improve startup time and JSP compilation time.
28-Jan-2026 10:12:12.916 INFO [main] org.apache.catalina.startup.HostConfig.deployDirectory Deployment of web application directory [/home/infoetu/baptiste.lavogiez.etu/BUT2/Semestre2/Webdev/tomcat/webapps/TP03-Partie2] has finished in [53] ms
28-Jan-2026 10:12:12.917 INFO [main] org.apache.catalina.startup.HostConfig.deployDirectory Deploying web application directory [/home/infoetu/baptiste.lavogiez.etu/BUT2/Semestre2/Webdev/tomcat/webapps/manager]
28-Jan-2026 10:12:12.958 INFO [main] org.apache.jasper.servlet.TldScanner.scanJars At least one JAR was scanned for TLDs yet contained no TLDs. Enable debug logging for this logger for a complete list of JARs that were scanned but no TLDs were found in them. Skipping unneeded JARs during scanning can improve startup time and JSP compilation time.
28-Jan-2026 10:12:12.960 INFO [main] org.apache.catalina.startup.HostConfig.deployDirectory Deployment of web application directory [/home/infoetu/baptiste.lavogiez.etu/BUT2/Semestre2/Webdev/tomcat/webapps/manager] has finished in [43] ms
28-Jan-2026 10:12:12.960 INFO [main] org.apache.catalina.startup.HostConfig.deployDirectory Deploying web application directory [/home/infoetu/baptiste.lavogiez.etu/BUT2/Semestre2/Webdev/tomcat/webapps/TP02]
28-Jan-2026 10:12:13.012 INFO [main] org.apache.jasper.servlet.TldScanner.scanJars At least one JAR was scanned for TLDs yet contained no TLDs. Enable debug logging for this logger for a complete list of JARs that were scanned but no TLDs were found in them. Skipping unneeded JARs during scanning can improve startup time and JSP compilation time.
28-Jan-2026 10:12:13.013 INFO [main] org.apache.catalina.startup.HostConfig.deployDirectory Deployment of web application directory [/home/infoetu/baptiste.lavogiez.etu/BUT2/Semestre2/Webdev/tomcat/webapps/TP02] has finished in [53] ms
28-Jan-2026 10:12:13.013 INFO [main] org.apache.catalina.startup.HostConfig.deployDirectory Deploying web application directory [/home/infoetu/baptiste.lavogiez.etu/BUT2/Semestre2/Webdev/tomcat/webapps/TP03]
28-Jan-2026 10:12:13.063 INFO [main] org.apache.jasper.servlet.TldScanner.scanJars At least one JAR was scanned for TLDs yet contained no TLDs. Enable debug logging for this logger for a complete list of JARs that were scanned but no TLDs were found in them. Skipping unneeded JARs during scanning can improve startup time and JSP compilation time.
28-Jan-2026 10:12:13.064 INFO [main] org.apache.catalina.startup.HostConfig.deployDirectory Deployment of web application directory [/home/infoetu/baptiste.lavogiez.etu/BUT2/Semestre2/Webdev/tomcat/webapps/TP03] has finished in [51] ms
28-Jan-2026 10:12:13.064 INFO [main] org.apache.catalina.startup.HostConfig.deployDirectory Deploying web application directory [/home/infoetu/baptiste.lavogiez.etu/BUT2/Semestre2/Webdev/tomcat/webapps/TP01]
28-Jan-2026 10:12:13.105 INFO [main] org.apache.jasper.servlet.TldScanner.scanJars At least one JAR was scanned for TLDs yet contained no TLDs. Enable debug logging for this logger for a complete list of JARs that were scanned but no TLDs were found in them. Skipping unneeded JARs during scanning can improve startup time and JSP compilation time.
28-Jan-2026 10:12:13.106 INFO [main] org.apache.catalina.startup.HostConfig.deployDirectory Deployment of web application directory [/home/infoetu/baptiste.lavogiez.etu/BUT2/Semestre2/Webdev/tomcat/webapps/TP01] has finished in [42] ms
28-Jan-2026 10:12:13.106 INFO [main] org.apache.catalina.startup.HostConfig.deployDirectory Deploying web application directory [/home/infoetu/baptiste.lavogiez.etu/BUT2/Semestre2/Webdev/tomcat/webapps/host-manager]
28-Jan-2026 10:12:13.147 INFO [main] org.apache.jasper.servlet.TldScanner.scanJars At least one JAR was scanned for TLDs yet contained no TLDs. Enable debug logging for this logger for a complete list of JARs that were scanned but no TLDs were found in them. Skipping unneeded JARs during scanning can improve startup time and JSP compilation time.
28-Jan-2026 10:12:13.148 INFO [main] org.apache.catalina.startup.HostConfig.deployDirectory Deployment of web application directory [/home/infoetu/baptiste.lavogiez.etu/BUT2/Semestre2/Webdev/tomcat/webapps/host-manager] has finished in [42] ms
28-Jan-2026 10:12:13.148 INFO [main] org.apache.catalina.startup.HostConfig.deployDirectory Deploying web application directory [/home/infoetu/baptiste.lavogiez.etu/BUT2/Semestre2/Webdev/tomcat/webapps/tp_chess]
28-Jan-2026 10:12:13.199 INFO [main] org.apache.jasper.servlet.TldScanner.scanJars At least one JAR was scanned for TLDs yet contained no TLDs. Enable debug logging for this logger for a complete list of JARs that were scanned but no TLDs were found in them. Skipping unneeded JARs during scanning can improve startup time and JSP compilation time.
28-Jan-2026 10:12:13.200 INFO [main] org.apache.catalina.startup.HostConfig.deployDirectory Deployment of web application directory [/home/infoetu/baptiste.lavogiez.etu/BUT2/Semestre2/Webdev/tomcat/webapps/tp_chess] has finished in [52] ms
28-Jan-2026 10:12:13.200 INFO [main] org.apache.catalina.startup.HostConfig.deployDirectory Deploying web application directory [/home/infoetu/baptiste.lavogiez.etu/BUT2/Semestre2/Webdev/tomcat/webapps/examples]
28-Jan-2026 10:12:13.381 INFO [main] org.apache.jasper.servlet.TldScanner.scanJars At least one JAR was scanned for TLDs yet contained no TLDs. Enable debug logging for this logger for a complete list of JARs that were scanned but no TLDs were found in them. Skipping unneeded JARs during scanning can improve startup time and JSP compilation time.
28-Jan-2026 10:12:13.399 INFO [main] org.apache.catalina.startup.HostConfig.deployDirectory Deployment of web application directory [/home/infoetu/baptiste.lavogiez.etu/BUT2/Semestre2/Webdev/tomcat/webapps/examples] has finished in [199] ms
28-Jan-2026 10:12:13.402 INFO [main] org.apache.coyote.AbstractProtocol.start Starting ProtocolHandler ["http-nio-8080"]
28-Jan-2026 10:12:13.409 INFO [main] org.apache.catalina.startup.Catalina.start Server startup in [897] milliseconds
28-Jan-2026 10:53:55.295 INFO [Thread-1] org.apache.coyote.AbstractProtocol.pause Pausing ProtocolHandler ["http-nio-8080"]
28-Jan-2026 10:53:55.297 INFO [Thread-1] org.apache.catalina.core.StandardService.stopInternal Stopping service [Catalina]
28-Jan-2026 10:53:55.324 WARNING [Thread-1] org.apache.catalina.loader.WebappClassLoaderBase.clearReferencesJdbc The web application [TP03-Partie2] registered the JDBC driver [org.h2.Driver] but failed to unregister it when the web application was stopped. To prevent a memory leak, the JDBC Driver has been forcibly unregistered.
28-Jan-2026 10:53:55.334 INFO [Thread-1] org.apache.coyote.AbstractProtocol.stop Stopping ProtocolHandler ["http-nio-8080"]
28-Jan-2026 10:53:55.340 INFO [Thread-1] org.apache.coyote.AbstractProtocol.destroy Destroying ProtocolHandler ["http-nio-8080"]
28-Jan-2026 10:54:50.462 INFO [main] org.apache.catalina.startup.VersionLoggerListener.log Server version name:   Apache Tomcat/11.0.13
28-Jan-2026 10:54:50.464 INFO [main] org.apache.catalina.startup.VersionLoggerListener.log Server built:          Oct 10 2025 13:57:31 UTC
28-Jan-2026 10:54:50.464 INFO [main] org.apache.catalina.startup.VersionLoggerListener.log Server version number: 11.0.13.0
28-Jan-2026 10:54:50.464 INFO [main] org.apache.catalina.startup.VersionLoggerListener.log OS Name:               Linux
28-Jan-2026 10:54:50.464 INFO [main] org.apache.catalina.startup.VersionLoggerListener.log OS Version:            6.1.0-40-amd64
28-Jan-2026 10:54:50.464 INFO [main] org.apache.catalina.startup.VersionLoggerListener.log Architecture:          amd64
28-Jan-2026 10:54:50.464 INFO [main] org.apache.catalina.startup.VersionLoggerListener.log Java Home:             /usr/lib/jvm/java-17-openjdk-amd64
28-Jan-2026 10:54:50.464 INFO [main] org.apache.catalina.startup.VersionLoggerListener.log JVM Version:           17.0.18+8-Debian-1deb12u1
28-Jan-2026 10:54:50.465 INFO [main] org.apache.catalina.startup.VersionLoggerListener.log JVM Vendor:            Debian
28-Jan-2026 10:54:50.465 INFO [main] org.apache.catalina.startup.VersionLoggerListener.log CATALINA_BASE:         /home/infoetu/baptiste.lavogiez.etu/BUT2/Semestre2/Webdev/tomcat
28-Jan-2026 10:54:50.465 INFO [main] org.apache.catalina.startup.VersionLoggerListener.log CATALINA_HOME:         /home/infoetu/baptiste.lavogiez.etu/BUT2/Semestre2/Webdev/tomcat
28-Jan-2026 10:54:50.468 INFO [main] org.apache.catalina.startup.VersionLoggerListener.log Command line argument: -Djava.util.logging.config.file=/home/infoetu/baptiste.lavogiez.etu/BUT2/Semestre2/Webdev/tomcat/conf/logging.properties
28-Jan-2026 10:54:50.468 INFO [main] org.apache.catalina.startup.VersionLoggerListener.log Command line argument: -Djava.util.logging.manager=org.apache.juli.ClassLoaderLogManager
28-Jan-2026 10:54:50.468 INFO [main] org.apache.catalina.startup.VersionLoggerListener.log Command line argument: -Djdk.tls.ephemeralDHKeySize=2048
28-Jan-2026 10:54:50.468 INFO [main] org.apache.catalina.startup.VersionLoggerListener.log Command line argument: -Dorg.apache.catalina.security.SecurityListener.UMASK=0027
28-Jan-2026 10:54:50.468 INFO [main] org.apache.catalina.startup.VersionLoggerListener.log Command line argument: --add-opens=java.base/java.lang=ALL-UNNAMED
28-Jan-2026 10:54:50.468 INFO [main] org.apache.catalina.startup.VersionLoggerListener.log Command line argument: --add-opens=java.base/java.lang.reflect=ALL-UNNAMED
28-Jan-2026 10:54:50.468 INFO [main] org.apache.catalina.startup.VersionLoggerListener.log Command line argument: --add-opens=java.base/java.io=ALL-UNNAMED
28-Jan-2026 10:54:50.468 INFO [main] org.apache.catalina.startup.VersionLoggerListener.log Command line argument: --add-opens=java.base/java.util=ALL-UNNAMED
28-Jan-2026 10:54:50.468 INFO [main] org.apache.catalina.startup.VersionLoggerListener.log Command line argument: --add-opens=java.base/java.util.concurrent=ALL-UNNAMED
28-Jan-2026 10:54:50.468 INFO [main] org.apache.catalina.startup.VersionLoggerListener.log Command line argument: --add-opens=java.rmi/sun.rmi.transport=ALL-UNNAMED
28-Jan-2026 10:54:50.468 INFO [main] org.apache.catalina.startup.VersionLoggerListener.log Command line argument: --enable-native-access=ALL-UNNAMED
28-Jan-2026 10:54:50.468 INFO [main] org.apache.catalina.startup.VersionLoggerListener.log Command line argument: -Dcatalina.base=/home/infoetu/baptiste.lavogiez.etu/BUT2/Semestre2/Webdev/tomcat
28-Jan-2026 10:54:50.468 INFO [main] org.apache.catalina.startup.VersionLoggerListener.log Command line argument: -Dcatalina.home=/home/infoetu/baptiste.lavogiez.etu/BUT2/Semestre2/Webdev/tomcat
28-Jan-2026 10:54:50.468 INFO [main] org.apache.catalina.startup.VersionLoggerListener.log Command line argument: -Djava.io.tmpdir=/home/infoetu/baptiste.lavogiez.etu/BUT2/Semestre2/Webdev/tomcat/temp
28-Jan-2026 10:54:50.469 INFO [main] org.apache.catalina.core.AprLifecycleListener.lifecycleEvent The Apache Tomcat Native library which allows using OpenSSL was not found on the java.library.path: [/usr/java/packages/lib:/usr/lib/x86_64-linux-gnu/jni:/lib/x86_64-linux-gnu:/usr/lib/x86_64-linux-gnu:/usr/lib/jni:/lib:/usr/lib]
28-Jan-2026 10:54:50.560 INFO [main] org.apache.coyote.AbstractProtocol.init Initializing ProtocolHandler ["http-nio-8080"]
28-Jan-2026 10:54:50.573 INFO [main] org.apache.catalina.startup.Catalina.load Server initialization in [177] milliseconds
28-Jan-2026 10:54:50.593 INFO [main] org.apache.catalina.core.StandardService.startInternal Starting service [Catalina]
28-Jan-2026 10:54:50.593 INFO [main] org.apache.catalina.core.StandardEngine.startInternal Starting Servlet engine: [Apache Tomcat/11.0.13]
28-Jan-2026 10:54:50.599 INFO [main] org.apache.catalina.startup.HostConfig.deployDirectory Deploying web application directory [/home/infoetu/baptiste.lavogiez.etu/BUT2/Semestre2/Webdev/tomcat/webapps/ctp-sample]
28-Jan-2026 10:54:50.768 INFO [main] org.apache.jasper.servlet.TldScanner.scanJars At least one JAR was scanned for TLDs yet contained no TLDs. Enable debug logging for this logger for a complete list of JARs that were scanned but no TLDs were found in them. Skipping unneeded JARs during scanning can improve startup time and JSP compilation time.
28-Jan-2026 10:54:50.782 INFO [main] org.apache.catalina.startup.HostConfig.deployDirectory Deployment of web application directory [/home/infoetu/baptiste.lavogiez.etu/BUT2/Semestre2/Webdev/tomcat/webapps/ctp-sample] has finished in [182] ms
28-Jan-2026 10:54:50.782 INFO [main] org.apache.catalina.startup.HostConfig.deployDirectory Deploying web application directory [/home/infoetu/baptiste.lavogiez.etu/BUT2/Semestre2/Webdev/tomcat/webapps/__MACOSX]
28-Jan-2026 10:54:50.825 INFO [main] org.apache.jasper.servlet.TldScanner.scanJars At least one JAR was scanned for TLDs yet contained no TLDs. Enable debug logging for this logger for a complete list of JARs that were scanned but no TLDs were found in them. Skipping unneeded JARs during scanning can improve startup time and JSP compilation time.
28-Jan-2026 10:54:50.826 INFO [main] org.apache.catalina.startup.HostConfig.deployDirectory Deployment of web application directory [/home/infoetu/baptiste.lavogiez.etu/BUT2/Semestre2/Webdev/tomcat/webapps/__MACOSX] has finished in [44] ms
28-Jan-2026 10:54:50.826 INFO [main] org.apache.catalina.startup.HostConfig.deployDirectory Deploying web application directory [/home/infoetu/baptiste.lavogiez.etu/BUT2/Semestre2/Webdev/tomcat/webapps/ROOT]
28-Jan-2026 10:54:50.868 INFO [main] org.apache.jasper.servlet.TldScanner.scanJars At least one JAR was scanned for TLDs yet contained no TLDs. Enable debug logging for this logger for a complete list of JARs that were scanned but no TLDs were found in them. Skipping unneeded JARs during scanning can improve startup time and JSP compilation time.
28-Jan-2026 10:54:50.870 INFO [main] org.apache.catalina.startup.HostConfig.deployDirectory Deployment of web application directory [/home/infoetu/baptiste.lavogiez.etu/BUT2/Semestre2/Webdev/tomcat/webapps/ROOT] has finished in [44] ms
28-Jan-2026 10:54:50.871 INFO [main] org.apache.catalina.startup.HostConfig.deployDirectory Deploying web application directory [/home/infoetu/baptiste.lavogiez.etu/BUT2/Semestre2/Webdev/tomcat/webapps/docs]
28-Jan-2026 10:54:50.918 INFO [main] org.apache.jasper.servlet.TldScanner.scanJars At least one JAR was scanned for TLDs yet contained no TLDs. Enable debug logging for this logger for a complete list of JARs that were scanned but no TLDs were found in them. Skipping unneeded JARs during scanning can improve startup time and JSP compilation time.
28-Jan-2026 10:54:50.919 INFO [main] org.apache.catalina.startup.HostConfig.deployDirectory Deployment of web application directory [/home/infoetu/baptiste.lavogiez.etu/BUT2/Semestre2/Webdev/tomcat/webapps/docs] has finished in [49] ms
28-Jan-2026 10:54:50.919 INFO [main] org.apache.catalina.startup.HostConfig.deployDirectory Deploying web application directory [/home/infoetu/baptiste.lavogiez.etu/BUT2/Semestre2/Webdev/tomcat/webapps/TP03-Partie2]
28-Jan-2026 10:54:50.975 INFO [main] org.apache.jasper.servlet.TldScanner.scanJars At least one JAR was scanned for TLDs yet contained no TLDs. Enable debug logging for this logger for a complete list of JARs that were scanned but no TLDs were found in them. Skipping unneeded JARs during scanning can improve startup time and JSP compilation time.
28-Jan-2026 10:54:50.976 INFO [main] org.apache.catalina.startup.HostConfig.deployDirectory Deployment of web application directory [/home/infoetu/baptiste.lavogiez.etu/BUT2/Semestre2/Webdev/tomcat/webapps/TP03-Partie2] has finished in [57] ms
28-Jan-2026 10:54:50.976 INFO [main] org.apache.catalina.startup.HostConfig.deployDirectory Deploying web application directory [/home/infoetu/baptiste.lavogiez.etu/BUT2/Semestre2/Webdev/tomcat/webapps/manager]
28-Jan-2026 10:54:51.019 INFO [main] org.apache.jasper.servlet.TldScanner.scanJars At least one JAR was scanned for TLDs yet contained no TLDs. Enable debug logging for this logger for a complete list of JARs that were scanned but no TLDs were found in them. Skipping unneeded JARs during scanning can improve startup time and JSP compilation time.
28-Jan-2026 10:54:51.021 INFO [main] org.apache.catalina.startup.HostConfig.deployDirectory Deployment of web application directory [/home/infoetu/baptiste.lavogiez.etu/BUT2/Semestre2/Webdev/tomcat/webapps/manager] has finished in [45] ms
28-Jan-2026 10:54:51.021 INFO [main] org.apache.catalina.startup.HostConfig.deployDirectory Deploying web application directory [/home/infoetu/baptiste.lavogiez.etu/BUT2/Semestre2/Webdev/tomcat/webapps/TP02]
28-Jan-2026 10:54:51.071 INFO [main] org.apache.jasper.servlet.TldScanner.scanJars At least one JAR was scanned for TLDs yet contained no TLDs. Enable debug logging for this logger for a complete list of JARs that were scanned but no TLDs were found in them. Skipping unneeded JARs during scanning can improve startup time and JSP compilation time.
28-Jan-2026 10:54:51.072 INFO [main] org.apache.catalina.startup.HostConfig.deployDirectory Deployment of web application directory [/home/infoetu/baptiste.lavogiez.etu/BUT2/Semestre2/Webdev/tomcat/webapps/TP02] has finished in [51] ms
28-Jan-2026 10:54:51.072 INFO [main] org.apache.catalina.startup.HostConfig.deployDirectory Deploying web application directory [/home/infoetu/baptiste.lavogiez.etu/BUT2/Semestre2/Webdev/tomcat/webapps/TP03]
28-Jan-2026 10:54:51.122 INFO [main] org.apache.jasper.servlet.TldScanner.scanJars At least one JAR was scanned for TLDs yet contained no TLDs. Enable debug logging for this logger for a complete list of JARs that were scanned but no TLDs were found in them. Skipping unneeded JARs during scanning can improve startup time and JSP compilation time.
28-Jan-2026 10:54:51.123 INFO [main] org.apache.catalina.startup.HostConfig.deployDirectory Deployment of web application directory [/home/infoetu/baptiste.lavogiez.etu/BUT2/Semestre2/Webdev/tomcat/webapps/TP03] has finished in [51] ms
28-Jan-2026 10:54:51.124 INFO [main] org.apache.catalina.startup.HostConfig.deployDirectory Deploying web application directory [/home/infoetu/baptiste.lavogiez.etu/BUT2/Semestre2/Webdev/tomcat/webapps/TP01]
28-Jan-2026 10:54:51.165 INFO [main] org.apache.jasper.servlet.TldScanner.scanJars At least one JAR was scanned for TLDs yet contained no TLDs. Enable debug logging for this logger for a complete list of JARs that were scanned but no TLDs were found in them. Skipping unneeded JARs during scanning can improve startup time and JSP compilation time.
28-Jan-2026 10:54:51.166 INFO [main] org.apache.catalina.startup.HostConfig.deployDirectory Deployment of web application directory [/home/infoetu/baptiste.lavogiez.etu/BUT2/Semestre2/Webdev/tomcat/webapps/TP01] has finished in [42] ms
28-Jan-2026 10:54:51.166 INFO [main] org.apache.catalina.startup.HostConfig.deployDirectory Deploying web application directory [/home/infoetu/baptiste.lavogiez.etu/BUT2/Semestre2/Webdev/tomcat/webapps/host-manager]
28-Jan-2026 10:54:51.207 INFO [main] org.apache.jasper.servlet.TldScanner.scanJars At least one JAR was scanned for TLDs yet contained no TLDs. Enable debug logging for this logger for a complete list of JARs that were scanned but no TLDs were found in them. Skipping unneeded JARs during scanning can improve startup time and JSP compilation time.
28-Jan-2026 10:54:51.208 INFO [main] org.apache.catalina.startup.HostConfig.deployDirectory Deployment of web application directory [/home/infoetu/baptiste.lavogiez.etu/BUT2/Semestre2/Webdev/tomcat/webapps/host-manager] has finished in [41] ms
28-Jan-2026 10:54:51.208 INFO [main] org.apache.catalina.startup.HostConfig.deployDirectory Deploying web application directory [/home/infoetu/baptiste.lavogiez.etu/BUT2/Semestre2/Webdev/tomcat/webapps/tp_chess]
28-Jan-2026 10:54:51.261 INFO [main] org.apache.jasper.servlet.TldScanner.scanJars At least one JAR was scanned for TLDs yet contained no TLDs. Enable debug logging for this logger for a complete list of JARs that were scanned but no TLDs were found in them. Skipping unneeded JARs during scanning can improve startup time and JSP compilation time.
28-Jan-2026 10:54:51.262 INFO [main] org.apache.catalina.startup.HostConfig.deployDirectory Deployment of web application directory [/home/infoetu/baptiste.lavogiez.etu/BUT2/Semestre2/Webdev/tomcat/webapps/tp_chess] has finished in [54] ms
28-Jan-2026 10:54:51.262 INFO [main] org.apache.catalina.startup.HostConfig.deployDirectory Deploying web application directory [/home/infoetu/baptiste.lavogiez.etu/BUT2/Semestre2/Webdev/tomcat/webapps/examples]
28-Jan-2026 10:54:51.446 INFO [main] org.apache.jasper.servlet.TldScanner.scanJars At least one JAR was scanned for TLDs yet contained no TLDs. Enable debug logging for this logger for a complete list of JARs that were scanned but no TLDs were found in them. Skipping unneeded JARs during scanning can improve startup time and JSP compilation time.
28-Jan-2026 10:54:51.459 INFO [main] org.apache.catalina.startup.HostConfig.deployDirectory Deployment of web application directory [/home/infoetu/baptiste.lavogiez.etu/BUT2/Semestre2/Webdev/tomcat/webapps/examples] has finished in [197] ms
28-Jan-2026 10:54:51.461 INFO [main] org.apache.coyote.AbstractProtocol.start Starting ProtocolHandler ["http-nio-8080"]
28-Jan-2026 10:54:51.467 INFO [main] org.apache.catalina.startup.Catalina.start Server startup in [893] milliseconds
28-Jan-2026 11:01:46.810 INFO [Thread-1] org.apache.coyote.AbstractProtocol.pause Pausing ProtocolHandler ["http-nio-8080"]
28-Jan-2026 11:01:46.813 INFO [Thread-1] org.apache.catalina.core.StandardService.stopInternal Stopping service [Catalina]
28-Jan-2026 11:01:46.839 WARNING [Thread-1] org.apache.catalina.loader.WebappClassLoaderBase.clearReferencesJdbc The web application [TP03-Partie2] registered the JDBC driver [org.h2.Driver] but failed to unregister it when the web application was stopped. To prevent a memory leak, the JDBC Driver has been forcibly unregistered.
28-Jan-2026 11:01:46.848 INFO [Thread-1] org.apache.coyote.AbstractProtocol.stop Stopping ProtocolHandler ["http-nio-8080"]
28-Jan-2026 11:01:46.856 INFO [Thread-1] org.apache.coyote.AbstractProtocol.destroy Destroying ProtocolHandler ["http-nio-8080"]
28-Jan-2026 11:01:48.072 INFO [main] org.apache.catalina.startup.VersionLoggerListener.log Server version name:   Apache Tomcat/11.0.13
28-Jan-2026 11:01:48.074 INFO [main] org.apache.catalina.startup.VersionLoggerListener.log Server built:          Oct 10 2025 13:57:31 UTC
28-Jan-2026 11:01:48.074 INFO [main] org.apache.catalina.startup.VersionLoggerListener.log Server version number: 11.0.13.0
28-Jan-2026 11:01:48.074 INFO [main] org.apache.catalina.startup.VersionLoggerListener.log OS Name:               Linux
28-Jan-2026 11:01:48.074 INFO [main] org.apache.catalina.startup.VersionLoggerListener.log OS Version:            6.1.0-40-amd64
28-Jan-2026 11:01:48.074 INFO [main] org.apache.catalina.startup.VersionLoggerListener.log Architecture:          amd64
28-Jan-2026 11:01:48.074 INFO [main] org.apache.catalina.startup.VersionLoggerListener.log Java Home:             /usr/lib/jvm/java-17-openjdk-amd64
28-Jan-2026 11:01:48.074 INFO [main] org.apache.catalina.startup.VersionLoggerListener.log JVM Version:           17.0.18+8-Debian-1deb12u1
28-Jan-2026 11:01:48.074 INFO [main] org.apache.catalina.startup.VersionLoggerListener.log JVM Vendor:            Debian
28-Jan-2026 11:01:48.074 INFO [main] org.apache.catalina.startup.VersionLoggerListener.log CATALINA_BASE:         /home/infoetu/baptiste.lavogiez.etu/BUT2/Semestre2/Webdev/tomcat
28-Jan-2026 11:01:48.074 INFO [main] org.apache.catalina.startup.VersionLoggerListener.log CATALINA_HOME:         /home/infoetu/baptiste.lavogiez.etu/BUT2/Semestre2/Webdev/tomcat
28-Jan-2026 11:01:48.078 INFO [main] org.apache.catalina.startup.VersionLoggerListener.log Command line argument: -Djava.util.logging.config.file=/home/infoetu/baptiste.lavogiez.etu/BUT2/Semestre2/Webdev/tomcat/conf/logging.properties
28-Jan-2026 11:01:48.078 INFO [main] org.apache.catalina.startup.VersionLoggerListener.log Command line argument: -Djava.util.logging.manager=org.apache.juli.ClassLoaderLogManager
28-Jan-2026 11:01:48.078 INFO [main] org.apache.catalina.startup.VersionLoggerListener.log Command line argument: -Djdk.tls.ephemeralDHKeySize=2048
28-Jan-2026 11:01:48.078 INFO [main] org.apache.catalina.startup.VersionLoggerListener.log Command line argument: -Dorg.apache.catalina.security.SecurityListener.UMASK=0027
28-Jan-2026 11:01:48.078 INFO [main] org.apache.catalina.startup.VersionLoggerListener.log Command line argument: --add-opens=java.base/java.lang=ALL-UNNAMED
28-Jan-2026 11:01:48.078 INFO [main] org.apache.catalina.startup.VersionLoggerListener.log Command line argument: --add-opens=java.base/java.lang.reflect=ALL-UNNAMED
28-Jan-2026 11:01:48.078 INFO [main] org.apache.catalina.startup.VersionLoggerListener.log Command line argument: --add-opens=java.base/java.io=ALL-UNNAMED
28-Jan-2026 11:01:48.078 INFO [main] org.apache.catalina.startup.VersionLoggerListener.log Command line argument: --add-opens=java.base/java.util=ALL-UNNAMED
28-Jan-2026 11:01:48.078 INFO [main] org.apache.catalina.startup.VersionLoggerListener.log Command line argument: --add-opens=java.base/java.util.concurrent=ALL-UNNAMED
28-Jan-2026 11:01:48.078 INFO [main] org.apache.catalina.startup.VersionLoggerListener.log Command line argument: --add-opens=java.rmi/sun.rmi.transport=ALL-UNNAMED
28-Jan-2026 11:01:48.078 INFO [main] org.apache.catalina.startup.VersionLoggerListener.log Command line argument: --enable-native-access=ALL-UNNAMED
28-Jan-2026 11:01:48.078 INFO [main] org.apache.catalina.startup.VersionLoggerListener.log Command line argument: -Dcatalina.base=/home/infoetu/baptiste.lavogiez.etu/BUT2/Semestre2/Webdev/tomcat
28-Jan-2026 11:01:48.078 INFO [main] org.apache.catalina.startup.VersionLoggerListener.log Command line argument: -Dcatalina.home=/home/infoetu/baptiste.lavogiez.etu/BUT2/Semestre2/Webdev/tomcat
28-Jan-2026 11:01:48.078 INFO [main] org.apache.catalina.startup.VersionLoggerListener.log Command line argument: -Djava.io.tmpdir=/home/infoetu/baptiste.lavogiez.etu/BUT2/Semestre2/Webdev/tomcat/temp
28-Jan-2026 11:01:48.079 INFO [main] org.apache.catalina.core.AprLifecycleListener.lifecycleEvent The Apache Tomcat Native library which allows using OpenSSL was not found on the java.library.path: [/usr/java/packages/lib:/usr/lib/x86_64-linux-gnu/jni:/lib/x86_64-linux-gnu:/usr/lib/x86_64-linux-gnu:/usr/lib/jni:/lib:/usr/lib]
28-Jan-2026 11:01:48.175 INFO [main] org.apache.coyote.AbstractProtocol.init Initializing ProtocolHandler ["http-nio-8080"]
28-Jan-2026 11:01:48.184 INFO [main] org.apache.catalina.startup.Catalina.load Server initialization in [179] milliseconds
28-Jan-2026 11:01:48.200 INFO [main] org.apache.catalina.core.StandardService.startInternal Starting service [Catalina]
28-Jan-2026 11:01:48.200 INFO [main] org.apache.catalina.core.StandardEngine.startInternal Starting Servlet engine: [Apache Tomcat/11.0.13]
28-Jan-2026 11:01:48.204 INFO [main] org.apache.catalina.startup.HostConfig.deployDirectory Deploying web application directory [/home/infoetu/baptiste.lavogiez.etu/BUT2/Semestre2/Webdev/tomcat/webapps/ctp-sample]
28-Jan-2026 11:01:48.374 INFO [main] org.apache.jasper.servlet.TldScanner.scanJars At least one JAR was scanned for TLDs yet contained no TLDs. Enable debug logging for this logger for a complete list of JARs that were scanned but no TLDs were found in them. Skipping unneeded JARs during scanning can improve startup time and JSP compilation time.
28-Jan-2026 11:01:48.390 INFO [main] org.apache.catalina.startup.HostConfig.deployDirectory Deployment of web application directory [/home/infoetu/baptiste.lavogiez.etu/BUT2/Semestre2/Webdev/tomcat/webapps/ctp-sample] has finished in [185] ms
28-Jan-2026 11:01:48.390 INFO [main] org.apache.catalina.startup.HostConfig.deployDirectory Deploying web application directory [/home/infoetu/baptiste.lavogiez.etu/BUT2/Semestre2/Webdev/tomcat/webapps/__MACOSX]
28-Jan-2026 11:01:48.433 INFO [main] org.apache.jasper.servlet.TldScanner.scanJars At least one JAR was scanned for TLDs yet contained no TLDs. Enable debug logging for this logger for a complete list of JARs that were scanned but no TLDs were found in them. Skipping unneeded JARs during scanning can improve startup time and JSP compilation time.
28-Jan-2026 11:01:48.434 INFO [main] org.apache.catalina.startup.HostConfig.deployDirectory Deployment of web application directory [/home/infoetu/baptiste.lavogiez.etu/BUT2/Semestre2/Webdev/tomcat/webapps/__MACOSX] has finished in [44] ms
28-Jan-2026 11:01:48.434 INFO [main] org.apache.catalina.startup.HostConfig.deployDirectory Deploying web application directory [/home/infoetu/baptiste.lavogiez.etu/BUT2/Semestre2/Webdev/tomcat/webapps/ROOT]
28-Jan-2026 11:01:48.476 INFO [main] org.apache.jasper.servlet.TldScanner.scanJars At least one JAR was scanned for TLDs yet contained no TLDs. Enable debug logging for this logger for a complete list of JARs that were scanned but no TLDs were found in them. Skipping unneeded JARs during scanning can improve startup time and JSP compilation time.
28-Jan-2026 11:01:48.478 INFO [main] org.apache.catalina.startup.HostConfig.deployDirectory Deployment of web application directory [/home/infoetu/baptiste.lavogiez.etu/BUT2/Semestre2/Webdev/tomcat/webapps/ROOT] has finished in [43] ms
28-Jan-2026 11:01:48.478 INFO [main] org.apache.catalina.startup.HostConfig.deployDirectory Deploying web application directory [/home/infoetu/baptiste.lavogiez.etu/BUT2/Semestre2/Webdev/tomcat/webapps/docs]
28-Jan-2026 11:01:48.520 INFO [main] org.apache.jasper.servlet.TldScanner.scanJars At least one JAR was scanned for TLDs yet contained no TLDs. Enable debug logging for this logger for a complete list of JARs that were scanned but no TLDs were found in them. Skipping unneeded JARs during scanning can improve startup time and JSP compilation time.
28-Jan-2026 11:01:48.521 INFO [main] org.apache.catalina.startup.HostConfig.deployDirectory Deployment of web application directory [/home/infoetu/baptiste.lavogiez.etu/BUT2/Semestre2/Webdev/tomcat/webapps/docs] has finished in [43] ms
28-Jan-2026 11:01:48.521 INFO [main] org.apache.catalina.startup.HostConfig.deployDirectory Deploying web application directory [/home/infoetu/baptiste.lavogiez.etu/BUT2/Semestre2/Webdev/tomcat/webapps/TP03-Partie2]
28-Jan-2026 11:01:48.573 INFO [main] org.apache.jasper.servlet.TldScanner.scanJars At least one JAR was scanned for TLDs yet contained no TLDs. Enable debug logging for this logger for a complete list of JARs that were scanned but no TLDs were found in them. Skipping unneeded JARs during scanning can improve startup time and JSP compilation time.
28-Jan-2026 11:01:48.574 INFO [main] org.apache.catalina.startup.HostConfig.deployDirectory Deployment of web application directory [/home/infoetu/baptiste.lavogiez.etu/BUT2/Semestre2/Webdev/tomcat/webapps/TP03-Partie2] has finished in [53] ms
28-Jan-2026 11:01:48.574 INFO [main] org.apache.catalina.startup.HostConfig.deployDirectory Deploying web application directory [/home/infoetu/baptiste.lavogiez.etu/BUT2/Semestre2/Webdev/tomcat/webapps/manager]
28-Jan-2026 11:01:48.615 INFO [main] org.apache.jasper.servlet.TldScanner.scanJars At least one JAR was scanned for TLDs yet contained no TLDs. Enable debug logging for this logger for a complete list of JARs that were scanned but no TLDs were found in them. Skipping unneeded JARs during scanning can improve startup time and JSP compilation time.
28-Jan-2026 11:01:48.618 INFO [main] org.apache.catalina.startup.HostConfig.deployDirectory Deployment of web application directory [/home/infoetu/baptiste.lavogiez.etu/BUT2/Semestre2/Webdev/tomcat/webapps/manager] has finished in [44] ms
28-Jan-2026 11:01:48.618 INFO [main] org.apache.catalina.startup.HostConfig.deployDirectory Deploying web application directory [/home/infoetu/baptiste.lavogiez.etu/BUT2/Semestre2/Webdev/tomcat/webapps/TP02]
28-Jan-2026 11:01:48.669 INFO [main] org.apache.jasper.servlet.TldScanner.scanJars At least one JAR was scanned for TLDs yet contained no TLDs. Enable debug logging for this logger for a complete list of JARs that were scanned but no TLDs were found in them. Skipping unneeded JARs during scanning can improve startup time and JSP compilation time.
28-Jan-2026 11:01:48.670 INFO [main] org.apache.catalina.startup.HostConfig.deployDirectory Deployment of web application directory [/home/infoetu/baptiste.lavogiez.etu/BUT2/Semestre2/Webdev/tomcat/webapps/TP02] has finished in [52] ms
28-Jan-2026 11:01:48.670 INFO [main] org.apache.catalina.startup.HostConfig.deployDirectory Deploying web application directory [/home/infoetu/baptiste.lavogiez.etu/BUT2/Semestre2/Webdev/tomcat/webapps/TP03]
28-Jan-2026 11:01:48.719 INFO [main] org.apache.jasper.servlet.TldScanner.scanJars At least one JAR was scanned for TLDs yet contained no TLDs. Enable debug logging for this logger for a complete list of JARs that were scanned but no TLDs were found in them. Skipping unneeded JARs during scanning can improve startup time and JSP compilation time.
28-Jan-2026 11:01:48.720 INFO [main] org.apache.catalina.startup.HostConfig.deployDirectory Deployment of web application directory [/home/infoetu/baptiste.lavogiez.etu/BUT2/Semestre2/Webdev/tomcat/webapps/TP03] has finished in [50] ms
28-Jan-2026 11:01:48.720 INFO [main] org.apache.catalina.startup.HostConfig.deployDirectory Deploying web application directory [/home/infoetu/baptiste.lavogiez.etu/BUT2/Semestre2/Webdev/tomcat/webapps/TP01]
28-Jan-2026 11:01:48.762 INFO [main] org.apache.jasper.servlet.TldScanner.scanJars At least one JAR was scanned for TLDs yet contained no TLDs. Enable debug logging for this logger for a complete list of JARs that were scanned but no TLDs were found in them. Skipping unneeded JARs during scanning can improve startup time and JSP compilation time.
28-Jan-2026 11:01:48.763 INFO [main] org.apache.catalina.startup.HostConfig.deployDirectory Deployment of web application directory [/home/infoetu/baptiste.lavogiez.etu/BUT2/Semestre2/Webdev/tomcat/webapps/TP01] has finished in [43] ms
28-Jan-2026 11:01:48.763 INFO [main] org.apache.catalina.startup.HostConfig.deployDirectory Deploying web application directory [/home/infoetu/baptiste.lavogiez.etu/BUT2/Semestre2/Webdev/tomcat/webapps/host-manager]
28-Jan-2026 11:01:48.803 INFO [main] org.apache.jasper.servlet.TldScanner.scanJars At least one JAR was scanned for TLDs yet contained no TLDs. Enable debug logging for this logger for a complete list of JARs that were scanned but no TLDs were found in them. Skipping unneeded JARs during scanning can improve startup time and JSP compilation time.
28-Jan-2026 11:01:48.804 INFO [main] org.apache.catalina.startup.HostConfig.deployDirectory Deployment of web application directory [/home/infoetu/baptiste.lavogiez.etu/BUT2/Semestre2/Webdev/tomcat/webapps/host-manager] has finished in [41] ms
28-Jan-2026 11:01:48.804 INFO [main] org.apache.catalina.startup.HostConfig.deployDirectory Deploying web application directory [/home/infoetu/baptiste.lavogiez.etu/BUT2/Semestre2/Webdev/tomcat/webapps/tp_chess]
28-Jan-2026 11:01:48.855 INFO [main] org.apache.jasper.servlet.TldScanner.scanJars At least one JAR was scanned for TLDs yet contained no TLDs. Enable debug logging for this logger for a complete list of JARs that were scanned but no TLDs were found in them. Skipping unneeded JARs during scanning can improve startup time and JSP compilation time.
28-Jan-2026 11:01:48.856 INFO [main] org.apache.catalina.startup.HostConfig.deployDirectory Deployment of web application directory [/home/infoetu/baptiste.lavogiez.etu/BUT2/Semestre2/Webdev/tomcat/webapps/tp_chess] has finished in [52] ms
28-Jan-2026 11:01:48.857 INFO [main] org.apache.catalina.startup.HostConfig.deployDirectory Deploying web application directory [/home/infoetu/baptiste.lavogiez.etu/BUT2/Semestre2/Webdev/tomcat/webapps/examples]
28-Jan-2026 11:01:49.042 INFO [main] org.apache.jasper.servlet.TldScanner.scanJars At least one JAR was scanned for TLDs yet contained no TLDs. Enable debug logging for this logger for a complete list of JARs that were scanned but no TLDs were found in them. Skipping unneeded JARs during scanning can improve startup time and JSP compilation time.
28-Jan-2026 11:01:49.056 INFO [main] org.apache.catalina.startup.HostConfig.deployDirectory Deployment of web application directory [/home/infoetu/baptiste.lavogiez.etu/BUT2/Semestre2/Webdev/tomcat/webapps/examples] has finished in [200] ms
28-Jan-2026 11:01:49.058 INFO [main] org.apache.coyote.AbstractProtocol.start Starting ProtocolHandler ["http-nio-8080"]
28-Jan-2026 11:01:49.064 INFO [main] org.apache.catalina.startup.Catalina.start Server startup in [880] milliseconds
28-Jan-2026 11:07:25.620 INFO [Thread-1] org.apache.coyote.AbstractProtocol.pause Pausing ProtocolHandler ["http-nio-8080"]
28-Jan-2026 11:07:25.622 INFO [Thread-1] org.apache.catalina.core.StandardService.stopInternal Stopping service [Catalina]
28-Jan-2026 11:07:25.639 WARNING [Thread-1] org.apache.catalina.loader.WebappClassLoaderBase.clearReferencesJdbc The web application [TP03-Partie2] registered the JDBC driver [org.h2.Driver] but failed to unregister it when the web application was stopped. To prevent a memory leak, the JDBC Driver has been forcibly unregistered.
28-Jan-2026 11:07:25.648 INFO [Thread-1] org.apache.coyote.AbstractProtocol.stop Stopping ProtocolHandler ["http-nio-8080"]
28-Jan-2026 11:07:25.655 INFO [Thread-1] org.apache.coyote.AbstractProtocol.destroy Destroying ProtocolHandler ["http-nio-8080"]
28-Jan-2026 11:07:26.584 INFO [main] org.apache.catalina.startup.VersionLoggerListener.log Server version name:   Apache Tomcat/11.0.13
28-Jan-2026 11:07:26.586 INFO [main] org.apache.catalina.startup.VersionLoggerListener.log Server built:          Oct 10 2025 13:57:31 UTC
28-Jan-2026 11:07:26.586 INFO [main] org.apache.catalina.startup.VersionLoggerListener.log Server version number: 11.0.13.0
28-Jan-2026 11:07:26.586 INFO [main] org.apache.catalina.startup.VersionLoggerListener.log OS Name:               Linux
28-Jan-2026 11:07:26.586 INFO [main] org.apache.catalina.startup.VersionLoggerListener.log OS Version:            6.1.0-40-amd64
28-Jan-2026 11:07:26.586 INFO [main] org.apache.catalina.startup.VersionLoggerListener.log Architecture:          amd64
28-Jan-2026 11:07:26.586 INFO [main] org.apache.catalina.startup.VersionLoggerListener.log Java Home:             /usr/lib/jvm/java-17-openjdk-amd64
28-Jan-2026 11:07:26.586 INFO [main] org.apache.catalina.startup.VersionLoggerListener.log JVM Version:           17.0.18+8-Debian-1deb12u1
28-Jan-2026 11:07:26.586 INFO [main] org.apache.catalina.startup.VersionLoggerListener.log JVM Vendor:            Debian
28-Jan-2026 11:07:26.586 INFO [main] org.apache.catalina.startup.VersionLoggerListener.log CATALINA_BASE:         /home/infoetu/baptiste.lavogiez.etu/BUT2/Semestre2/Webdev/tomcat
28-Jan-2026 11:07:26.586 INFO [main] org.apache.catalina.startup.VersionLoggerListener.log CATALINA_HOME:         /home/infoetu/baptiste.lavogiez.etu/BUT2/Semestre2/Webdev/tomcat
28-Jan-2026 11:07:26.589 INFO [main] org.apache.catalina.startup.VersionLoggerListener.log Command line argument: -Djava.util.logging.config.file=/home/infoetu/baptiste.lavogiez.etu/BUT2/Semestre2/Webdev/tomcat/conf/logging.properties
28-Jan-2026 11:07:26.589 INFO [main] org.apache.catalina.startup.VersionLoggerListener.log Command line argument: -Djava.util.logging.manager=org.apache.juli.ClassLoaderLogManager
28-Jan-2026 11:07:26.589 INFO [main] org.apache.catalina.startup.VersionLoggerListener.log Command line argument: -Djdk.tls.ephemeralDHKeySize=2048
28-Jan-2026 11:07:26.589 INFO [main] org.apache.catalina.startup.VersionLoggerListener.log Command line argument: -Dorg.apache.catalina.security.SecurityListener.UMASK=0027
28-Jan-2026 11:07:26.589 INFO [main] org.apache.catalina.startup.VersionLoggerListener.log Command line argument: --add-opens=java.base/java.lang=ALL-UNNAMED
28-Jan-2026 11:07:26.589 INFO [main] org.apache.catalina.startup.VersionLoggerListener.log Command line argument: --add-opens=java.base/java.lang.reflect=ALL-UNNAMED
28-Jan-2026 11:07:26.590 INFO [main] org.apache.catalina.startup.VersionLoggerListener.log Command line argument: --add-opens=java.base/java.io=ALL-UNNAMED
28-Jan-2026 11:07:26.590 INFO [main] org.apache.catalina.startup.VersionLoggerListener.log Command line argument: --add-opens=java.base/java.util=ALL-UNNAMED
28-Jan-2026 11:07:26.590 INFO [main] org.apache.catalina.startup.VersionLoggerListener.log Command line argument: --add-opens=java.base/java.util.concurrent=ALL-UNNAMED
28-Jan-2026 11:07:26.590 INFO [main] org.apache.catalina.startup.VersionLoggerListener.log Command line argument: --add-opens=java.rmi/sun.rmi.transport=ALL-UNNAMED
28-Jan-2026 11:07:26.590 INFO [main] org.apache.catalina.startup.VersionLoggerListener.log Command line argument: --enable-native-access=ALL-UNNAMED
28-Jan-2026 11:07:26.590 INFO [main] org.apache.catalina.startup.VersionLoggerListener.log Command line argument: -Dcatalina.base=/home/infoetu/baptiste.lavogiez.etu/BUT2/Semestre2/Webdev/tomcat
28-Jan-2026 11:07:26.590 INFO [main] org.apache.catalina.startup.VersionLoggerListener.log Command line argument: -Dcatalina.home=/home/infoetu/baptiste.lavogiez.etu/BUT2/Semestre2/Webdev/tomcat
28-Jan-2026 11:07:26.590 INFO [main] org.apache.catalina.startup.VersionLoggerListener.log Command line argument: -Djava.io.tmpdir=/home/infoetu/baptiste.lavogiez.etu/BUT2/Semestre2/Webdev/tomcat/temp
28-Jan-2026 11:07:26.591 INFO [main] org.apache.catalina.core.AprLifecycleListener.lifecycleEvent The Apache Tomcat Native library which allows using OpenSSL was not found on the java.library.path: [/usr/java/packages/lib:/usr/lib/x86_64-linux-gnu/jni:/lib/x86_64-linux-gnu:/usr/lib/x86_64-linux-gnu:/usr/lib/jni:/lib:/usr/lib]
28-Jan-2026 11:07:26.683 INFO [main] org.apache.coyote.AbstractProtocol.init Initializing ProtocolHandler ["http-nio-8080"]
28-Jan-2026 11:07:26.698 INFO [main] org.apache.catalina.startup.Catalina.load Server initialization in [182] milliseconds
28-Jan-2026 11:07:26.715 INFO [main] org.apache.catalina.core.StandardService.startInternal Starting service [Catalina]
28-Jan-2026 11:07:26.715 INFO [main] org.apache.catalina.core.StandardEngine.startInternal Starting Servlet engine: [Apache Tomcat/11.0.13]
28-Jan-2026 11:07:26.720 INFO [main] org.apache.catalina.startup.HostConfig.deployDirectory Deploying web application directory [/home/infoetu/baptiste.lavogiez.etu/BUT2/Semestre2/Webdev/tomcat/webapps/ctp-sample]
28-Jan-2026 11:07:26.893 INFO [main] org.apache.jasper.servlet.TldScanner.scanJars At least one JAR was scanned for TLDs yet contained no TLDs. Enable debug logging for this logger for a complete list of JARs that were scanned but no TLDs were found in them. Skipping unneeded JARs during scanning can improve startup time and JSP compilation time.
28-Jan-2026 11:07:26.909 INFO [main] org.apache.catalina.startup.HostConfig.deployDirectory Deployment of web application directory [/home/infoetu/baptiste.lavogiez.etu/BUT2/Semestre2/Webdev/tomcat/webapps/ctp-sample] has finished in [188] ms
28-Jan-2026 11:07:26.909 INFO [main] org.apache.catalina.startup.HostConfig.deployDirectory Deploying web application directory [/home/infoetu/baptiste.lavogiez.etu/BUT2/Semestre2/Webdev/tomcat/webapps/__MACOSX]
28-Jan-2026 11:07:26.952 INFO [main] org.apache.jasper.servlet.TldScanner.scanJars At least one JAR was scanned for TLDs yet contained no TLDs. Enable debug logging for this logger for a complete list of JARs that were scanned but no TLDs were found in them. Skipping unneeded JARs during scanning can improve startup time and JSP compilation time.
28-Jan-2026 11:07:26.953 INFO [main] org.apache.catalina.startup.HostConfig.deployDirectory Deployment of web application directory [/home/infoetu/baptiste.lavogiez.etu/BUT2/Semestre2/Webdev/tomcat/webapps/__MACOSX] has finished in [44] ms
28-Jan-2026 11:07:26.953 INFO [main] org.apache.catalina.startup.HostConfig.deployDirectory Deploying web application directory [/home/infoetu/baptiste.lavogiez.etu/BUT2/Semestre2/Webdev/tomcat/webapps/ROOT]
28-Jan-2026 11:07:26.995 INFO [main] org.apache.jasper.servlet.TldScanner.scanJars At least one JAR was scanned for TLDs yet contained no TLDs. Enable debug logging for this logger for a complete list of JARs that were scanned but no TLDs were found in them. Skipping unneeded JARs during scanning can improve startup time and JSP compilation time.
28-Jan-2026 11:07:26.996 INFO [main] org.apache.catalina.startup.HostConfig.deployDirectory Deployment of web application directory [/home/infoetu/baptiste.lavogiez.etu/BUT2/Semestre2/Webdev/tomcat/webapps/ROOT] has finished in [43] ms
28-Jan-2026 11:07:26.996 INFO [main] org.apache.catalina.startup.HostConfig.deployDirectory Deploying web application directory [/home/infoetu/baptiste.lavogiez.etu/BUT2/Semestre2/Webdev/tomcat/webapps/docs]
28-Jan-2026 11:07:27.039 INFO [main] org.apache.jasper.servlet.TldScanner.scanJars At least one JAR was scanned for TLDs yet contained no TLDs. Enable debug logging for this logger for a complete list of JARs that were scanned but no TLDs were found in them. Skipping unneeded JARs during scanning can improve startup time and JSP compilation time.
28-Jan-2026 11:07:27.040 INFO [main] org.apache.catalina.startup.HostConfig.deployDirectory Deployment of web application directory [/home/infoetu/baptiste.lavogiez.etu/BUT2/Semestre2/Webdev/tomcat/webapps/docs] has finished in [44] ms
28-Jan-2026 11:07:27.040 INFO [main] org.apache.catalina.startup.HostConfig.deployDirectory Deploying web application directory [/home/infoetu/baptiste.lavogiez.etu/BUT2/Semestre2/Webdev/tomcat/webapps/TP03-Partie2]
28-Jan-2026 11:07:27.090 INFO [main] org.apache.jasper.servlet.TldScanner.scanJars At least one JAR was scanned for TLDs yet contained no TLDs. Enable debug logging for this logger for a complete list of JARs that were scanned but no TLDs were found in them. Skipping unneeded JARs during scanning can improve startup time and JSP compilation time.
28-Jan-2026 11:07:27.092 INFO [main] org.apache.catalina.startup.HostConfig.deployDirectory Deployment of web application directory [/home/infoetu/baptiste.lavogiez.etu/BUT2/Semestre2/Webdev/tomcat/webapps/TP03-Partie2] has finished in [51] ms
28-Jan-2026 11:07:27.092 INFO [main] org.apache.catalina.startup.HostConfig.deployDirectory Deploying web application directory [/home/infoetu/baptiste.lavogiez.etu/BUT2/Semestre2/Webdev/tomcat/webapps/manager]
28-Jan-2026 11:07:27.132 INFO [main] org.apache.jasper.servlet.TldScanner.scanJars At least one JAR was scanned for TLDs yet contained no TLDs. Enable debug logging for this logger for a complete list of JARs that were scanned but no TLDs were found in them. Skipping unneeded JARs during scanning can improve startup time and JSP compilation time.
28-Jan-2026 11:07:27.135 INFO [main] org.apache.catalina.startup.HostConfig.deployDirectory Deployment of web application directory [/home/infoetu/baptiste.lavogiez.etu/BUT2/Semestre2/Webdev/tomcat/webapps/manager] has finished in [43] ms
28-Jan-2026 11:07:27.135 INFO [main] org.apache.catalina.startup.HostConfig.deployDirectory Deploying web application directory [/home/infoetu/baptiste.lavogiez.etu/BUT2/Semestre2/Webdev/tomcat/webapps/TP02]
28-Jan-2026 11:07:27.186 INFO [main] org.apache.jasper.servlet.TldScanner.scanJars At least one JAR was scanned for TLDs yet contained no TLDs. Enable debug logging for this logger for a complete list of JARs that were scanned but no TLDs were found in them. Skipping unneeded JARs during scanning can improve startup time and JSP compilation time.
28-Jan-2026 11:07:27.186 INFO [main] org.apache.catalina.startup.HostConfig.deployDirectory Deployment of web application directory [/home/infoetu/baptiste.lavogiez.etu/BUT2/Semestre2/Webdev/tomcat/webapps/TP02] has finished in [51] ms
28-Jan-2026 11:07:27.186 INFO [main] org.apache.catalina.startup.HostConfig.deployDirectory Deploying web application directory [/home/infoetu/baptiste.lavogiez.etu/BUT2/Semestre2/Webdev/tomcat/webapps/TP03]
28-Jan-2026 11:07:27.235 INFO [main] org.apache.jasper.servlet.TldScanner.scanJars At least one JAR was scanned for TLDs yet contained no TLDs. Enable debug logging for this logger for a complete list of JARs that were scanned but no TLDs were found in them. Skipping unneeded JARs during scanning can improve startup time and JSP compilation time.
28-Jan-2026 11:07:27.235 INFO [main] org.apache.catalina.startup.HostConfig.deployDirectory Deployment of web application directory [/home/infoetu/baptiste.lavogiez.etu/BUT2/Semestre2/Webdev/tomcat/webapps/TP03] has finished in [49] ms
28-Jan-2026 11:07:27.236 INFO [main] org.apache.catalina.startup.HostConfig.deployDirectory Deploying web application directory [/home/infoetu/baptiste.lavogiez.etu/BUT2/Semestre2/Webdev/tomcat/webapps/TP01]
28-Jan-2026 11:07:27.278 INFO [main] org.apache.jasper.servlet.TldScanner.scanJars At least one JAR was scanned for TLDs yet contained no TLDs. Enable debug logging for this logger for a complete list of JARs that were scanned but no TLDs were found in them. Skipping unneeded JARs during scanning can improve startup time and JSP compilation time.
28-Jan-2026 11:07:27.279 INFO [main] org.apache.catalina.startup.HostConfig.deployDirectory Deployment of web application directory [/home/infoetu/baptiste.lavogiez.etu/BUT2/Semestre2/Webdev/tomcat/webapps/TP01] has finished in [42] ms
28-Jan-2026 11:07:27.279 INFO [main] org.apache.catalina.startup.HostConfig.deployDirectory Deploying web application directory [/home/infoetu/baptiste.lavogiez.etu/BUT2/Semestre2/Webdev/tomcat/webapps/host-manager]
28-Jan-2026 11:07:27.318 INFO [main] org.apache.jasper.servlet.TldScanner.scanJars At least one JAR was scanned for TLDs yet contained no TLDs. Enable debug logging for this logger for a complete list of JARs that were scanned but no TLDs were found in them. Skipping unneeded JARs during scanning can improve startup time and JSP compilation time.
28-Jan-2026 11:07:27.319 INFO [main] org.apache.catalina.startup.HostConfig.deployDirectory Deployment of web application directory [/home/infoetu/baptiste.lavogiez.etu/BUT2/Semestre2/Webdev/tomcat/webapps/host-manager] has finished in [40] ms
28-Jan-2026 11:07:27.319 INFO [main] org.apache.catalina.startup.HostConfig.deployDirectory Deploying web application directory [/home/infoetu/baptiste.lavogiez.etu/BUT2/Semestre2/Webdev/tomcat/webapps/tp_chess]
28-Jan-2026 11:07:27.369 INFO [main] org.apache.jasper.servlet.TldScanner.scanJars At least one JAR was scanned for TLDs yet contained no TLDs. Enable debug logging for this logger for a complete list of JARs that were scanned but no TLDs were found in them. Skipping unneeded JARs during scanning can improve startup time and JSP compilation time.
28-Jan-2026 11:07:27.370 INFO [main] org.apache.catalina.startup.HostConfig.deployDirectory Deployment of web application directory [/home/infoetu/baptiste.lavogiez.etu/BUT2/Semestre2/Webdev/tomcat/webapps/tp_chess] has finished in [51] ms
28-Jan-2026 11:07:27.371 INFO [main] org.apache.catalina.startup.HostConfig.deployDirectory Deploying web application directory [/home/infoetu/baptiste.lavogiez.etu/BUT2/Semestre2/Webdev/tomcat/webapps/examples]
28-Jan-2026 11:07:27.568 INFO [main] org.apache.jasper.servlet.TldScanner.scanJars At least one JAR was scanned for TLDs yet contained no TLDs. Enable debug logging for this logger for a complete list of JARs that were scanned but no TLDs were found in them. Skipping unneeded JARs during scanning can improve startup time and JSP compilation time.
28-Jan-2026 11:07:27.581 INFO [main] org.apache.catalina.startup.HostConfig.deployDirectory Deployment of web application directory [/home/infoetu/baptiste.lavogiez.etu/BUT2/Semestre2/Webdev/tomcat/webapps/examples] has finished in [211] ms
28-Jan-2026 11:07:27.583 INFO [main] org.apache.coyote.AbstractProtocol.start Starting ProtocolHandler ["http-nio-8080"]
28-Jan-2026 11:07:27.589 INFO [main] org.apache.catalina.startup.Catalina.start Server startup in [891] milliseconds
28-Jan-2026 11:23:39.404 INFO [Thread-1] org.apache.coyote.AbstractProtocol.pause Pausing ProtocolHandler ["http-nio-8080"]
28-Jan-2026 11:23:39.406 INFO [Thread-1] org.apache.catalina.core.StandardService.stopInternal Stopping service [Catalina]
28-Jan-2026 11:23:39.433 WARNING [Thread-1] org.apache.catalina.loader.WebappClassLoaderBase.clearReferencesJdbc The web application [TP03-Partie2] registered the JDBC driver [org.h2.Driver] but failed to unregister it when the web application was stopped. To prevent a memory leak, the JDBC Driver has been forcibly unregistered.
28-Jan-2026 11:23:39.442 INFO [Thread-1] org.apache.coyote.AbstractProtocol.stop Stopping ProtocolHandler ["http-nio-8080"]
28-Jan-2026 11:23:39.448 INFO [Thread-1] org.apache.coyote.AbstractProtocol.destroy Destroying ProtocolHandler ["http-nio-8080"]
28-Jan-2026 11:23:40.569 INFO [main] org.apache.catalina.startup.VersionLoggerListener.log Server version name:   Apache Tomcat/11.0.13
28-Jan-2026 11:23:40.571 INFO [main] org.apache.catalina.startup.VersionLoggerListener.log Server built:          Oct 10 2025 13:57:31 UTC
28-Jan-2026 11:23:40.571 INFO [main] org.apache.catalina.startup.VersionLoggerListener.log Server version number: 11.0.13.0
28-Jan-2026 11:23:40.571 INFO [main] org.apache.catalina.startup.VersionLoggerListener.log OS Name:               Linux
28-Jan-2026 11:23:40.571 INFO [main] org.apache.catalina.startup.VersionLoggerListener.log OS Version:            6.1.0-40-amd64
28-Jan-2026 11:23:40.571 INFO [main] org.apache.catalina.startup.VersionLoggerListener.log Architecture:          amd64
28-Jan-2026 11:23:40.571 INFO [main] org.apache.catalina.startup.VersionLoggerListener.log Java Home:             /usr/lib/jvm/java-17-openjdk-amd64
28-Jan-2026 11:23:40.571 INFO [main] org.apache.catalina.startup.VersionLoggerListener.log JVM Version:           17.0.18+8-Debian-1deb12u1
28-Jan-2026 11:23:40.571 INFO [main] org.apache.catalina.startup.VersionLoggerListener.log JVM Vendor:            Debian
28-Jan-2026 11:23:40.571 INFO [main] org.apache.catalina.startup.VersionLoggerListener.log CATALINA_BASE:         /home/infoetu/baptiste.lavogiez.etu/BUT2/Semestre2/Webdev/tomcat
28-Jan-2026 11:23:40.571 INFO [main] org.apache.catalina.startup.VersionLoggerListener.log CATALINA_HOME:         /home/infoetu/baptiste.lavogiez.etu/BUT2/Semestre2/Webdev/tomcat
28-Jan-2026 11:23:40.574 INFO [main] org.apache.catalina.startup.VersionLoggerListener.log Command line argument: -Djava.util.logging.config.file=/home/infoetu/baptiste.lavogiez.etu/BUT2/Semestre2/Webdev/tomcat/conf/logging.properties
28-Jan-2026 11:23:40.574 INFO [main] org.apache.catalina.startup.VersionLoggerListener.log Command line argument: -Djava.util.logging.manager=org.apache.juli.ClassLoaderLogManager
28-Jan-2026 11:23:40.574 INFO [main] org.apache.catalina.startup.VersionLoggerListener.log Command line argument: -Djdk.tls.ephemeralDHKeySize=2048
28-Jan-2026 11:23:40.574 INFO [main] org.apache.catalina.startup.VersionLoggerListener.log Command line argument: -Dorg.apache.catalina.security.SecurityListener.UMASK=0027
28-Jan-2026 11:23:40.575 INFO [main] org.apache.catalina.startup.VersionLoggerListener.log Command line argument: --add-opens=java.base/java.lang=ALL-UNNAMED
28-Jan-2026 11:23:40.575 INFO [main] org.apache.catalina.startup.VersionLoggerListener.log Command line argument: --add-opens=java.base/java.lang.reflect=ALL-UNNAMED
28-Jan-2026 11:23:40.575 INFO [main] org.apache.catalina.startup.VersionLoggerListener.log Command line argument: --add-opens=java.base/java.io=ALL-UNNAMED
28-Jan-2026 11:23:40.575 INFO [main] org.apache.catalina.startup.VersionLoggerListener.log Command line argument: --add-opens=java.base/java.util=ALL-UNNAMED
28-Jan-2026 11:23:40.575 INFO [main] org.apache.catalina.startup.VersionLoggerListener.log Command line argument: --add-opens=java.base/java.util.concurrent=ALL-UNNAMED
28-Jan-2026 11:23:40.575 INFO [main] org.apache.catalina.startup.VersionLoggerListener.log Command line argument: --add-opens=java.rmi/sun.rmi.transport=ALL-UNNAMED
28-Jan-2026 11:23:40.575 INFO [main] org.apache.catalina.startup.VersionLoggerListener.log Command line argument: --enable-native-access=ALL-UNNAMED
28-Jan-2026 11:23:40.575 INFO [main] org.apache.catalina.startup.VersionLoggerListener.log Command line argument: -Dcatalina.base=/home/infoetu/baptiste.lavogiez.etu/BUT2/Semestre2/Webdev/tomcat
28-Jan-2026 11:23:40.575 INFO [main] org.apache.catalina.startup.VersionLoggerListener.log Command line argument: -Dcatalina.home=/home/infoetu/baptiste.lavogiez.etu/BUT2/Semestre2/Webdev/tomcat
28-Jan-2026 11:23:40.575 INFO [main] org.apache.catalina.startup.VersionLoggerListener.log Command line argument: -Djava.io.tmpdir=/home/infoetu/baptiste.lavogiez.etu/BUT2/Semestre2/Webdev/tomcat/temp
28-Jan-2026 11:23:40.575 INFO [main] org.apache.catalina.core.AprLifecycleListener.lifecycleEvent The Apache Tomcat Native library which allows using OpenSSL was not found on the java.library.path: [/usr/java/packages/lib:/usr/lib/x86_64-linux-gnu/jni:/lib/x86_64-linux-gnu:/usr/lib/x86_64-linux-gnu:/usr/lib/jni:/lib:/usr/lib]
28-Jan-2026 11:23:40.666 INFO [main] org.apache.coyote.AbstractProtocol.init Initializing ProtocolHandler ["http-nio-8080"]
28-Jan-2026 11:23:40.679 INFO [main] org.apache.catalina.startup.Catalina.load Server initialization in [176] milliseconds
28-Jan-2026 11:23:40.695 INFO [main] org.apache.catalina.core.StandardService.startInternal Starting service [Catalina]
28-Jan-2026 11:23:40.695 INFO [main] org.apache.catalina.core.StandardEngine.startInternal Starting Servlet engine: [Apache Tomcat/11.0.13]
28-Jan-2026 11:23:40.700 INFO [main] org.apache.catalina.startup.HostConfig.deployDirectory Deploying web application directory [/home/infoetu/baptiste.lavogiez.etu/BUT2/Semestre2/Webdev/tomcat/webapps/ctp-sample]
28-Jan-2026 11:23:40.869 INFO [main] org.apache.jasper.servlet.TldScanner.scanJars At least one JAR was scanned for TLDs yet contained no TLDs. Enable debug logging for this logger for a complete list of JARs that were scanned but no TLDs were found in them. Skipping unneeded JARs during scanning can improve startup time and JSP compilation time.
28-Jan-2026 11:23:40.882 INFO [main] org.apache.catalina.startup.HostConfig.deployDirectory Deployment of web application directory [/home/infoetu/baptiste.lavogiez.etu/BUT2/Semestre2/Webdev/tomcat/webapps/ctp-sample] has finished in [181] ms
28-Jan-2026 11:23:40.882 INFO [main] org.apache.catalina.startup.HostConfig.deployDirectory Deploying web application directory [/home/infoetu/baptiste.lavogiez.etu/BUT2/Semestre2/Webdev/tomcat/webapps/__MACOSX]
28-Jan-2026 11:23:40.925 INFO [main] org.apache.jasper.servlet.TldScanner.scanJars At least one JAR was scanned for TLDs yet contained no TLDs. Enable debug logging for this logger for a complete list of JARs that were scanned but no TLDs were found in them. Skipping unneeded JARs during scanning can improve startup time and JSP compilation time.
28-Jan-2026 11:23:40.926 INFO [main] org.apache.catalina.startup.HostConfig.deployDirectory Deployment of web application directory [/home/infoetu/baptiste.lavogiez.etu/BUT2/Semestre2/Webdev/tomcat/webapps/__MACOSX] has finished in [44] ms
28-Jan-2026 11:23:40.926 INFO [main] org.apache.catalina.startup.HostConfig.deployDirectory Deploying web application directory [/home/infoetu/baptiste.lavogiez.etu/BUT2/Semestre2/Webdev/tomcat/webapps/ROOT]
28-Jan-2026 11:23:40.966 INFO [main] org.apache.jasper.servlet.TldScanner.scanJars At least one JAR was scanned for TLDs yet contained no TLDs. Enable debug logging for this logger for a complete list of JARs that were scanned but no TLDs were found in them. Skipping unneeded JARs during scanning can improve startup time and JSP compilation time.
28-Jan-2026 11:23:40.967 INFO [main] org.apache.catalina.startup.HostConfig.deployDirectory Deployment of web application directory [/home/infoetu/baptiste.lavogiez.etu/BUT2/Semestre2/Webdev/tomcat/webapps/ROOT] has finished in [41] ms
28-Jan-2026 11:23:40.967 INFO [main] org.apache.catalina.startup.HostConfig.deployDirectory Deploying web application directory [/home/infoetu/baptiste.lavogiez.etu/BUT2/Semestre2/Webdev/tomcat/webapps/docs]
28-Jan-2026 11:23:41.010 INFO [main] org.apache.jasper.servlet.TldScanner.scanJars At least one JAR was scanned for TLDs yet contained no TLDs. Enable debug logging for this logger for a complete list of JARs that were scanned but no TLDs were found in them. Skipping unneeded JARs during scanning can improve startup time and JSP compilation time.
28-Jan-2026 11:23:41.010 INFO [main] org.apache.catalina.startup.HostConfig.deployDirectory Deployment of web application directory [/home/infoetu/baptiste.lavogiez.etu/BUT2/Semestre2/Webdev/tomcat/webapps/docs] has finished in [43] ms
28-Jan-2026 11:23:41.011 INFO [main] org.apache.catalina.startup.HostConfig.deployDirectory Deploying web application directory [/home/infoetu/baptiste.lavogiez.etu/BUT2/Semestre2/Webdev/tomcat/webapps/TP03-Partie2]
28-Jan-2026 11:23:41.061 INFO [main] org.apache.jasper.servlet.TldScanner.scanJars At least one JAR was scanned for TLDs yet contained no TLDs. Enable debug logging for this logger for a complete list of JARs that were scanned but no TLDs were found in them. Skipping unneeded JARs during scanning can improve startup time and JSP compilation time.
28-Jan-2026 11:23:41.062 INFO [main] org.apache.catalina.startup.HostConfig.deployDirectory Deployment of web application directory [/home/infoetu/baptiste.lavogiez.etu/BUT2/Semestre2/Webdev/tomcat/webapps/TP03-Partie2] has finished in [52] ms
28-Jan-2026 11:23:41.063 INFO [main] org.apache.catalina.startup.HostConfig.deployDirectory Deploying web application directory [/home/infoetu/baptiste.lavogiez.etu/BUT2/Semestre2/Webdev/tomcat/webapps/manager]
28-Jan-2026 11:23:41.104 INFO [main] org.apache.jasper.servlet.TldScanner.scanJars At least one JAR was scanned for TLDs yet contained no TLDs. Enable debug logging for this logger for a complete list of JARs that were scanned but no TLDs were found in them. Skipping unneeded JARs during scanning can improve startup time and JSP compilation time.
28-Jan-2026 11:23:41.107 INFO [main] org.apache.catalina.startup.HostConfig.deployDirectory Deployment of web application directory [/home/infoetu/baptiste.lavogiez.etu/BUT2/Semestre2/Webdev/tomcat/webapps/manager] has finished in [45] ms
28-Jan-2026 11:23:41.107 INFO [main] org.apache.catalina.startup.HostConfig.deployDirectory Deploying web application directory [/home/infoetu/baptiste.lavogiez.etu/BUT2/Semestre2/Webdev/tomcat/webapps/TP02]
28-Jan-2026 11:23:41.158 INFO [main] org.apache.jasper.servlet.TldScanner.scanJars At least one JAR was scanned for TLDs yet contained no TLDs. Enable debug logging for this logger for a complete list of JARs that were scanned but no TLDs were found in them. Skipping unneeded JARs during scanning can improve startup time and JSP compilation time.
28-Jan-2026 11:23:41.158 INFO [main] org.apache.catalina.startup.HostConfig.deployDirectory Deployment of web application directory [/home/infoetu/baptiste.lavogiez.etu/BUT2/Semestre2/Webdev/tomcat/webapps/TP02] has finished in [51] ms
28-Jan-2026 11:23:41.159 INFO [main] org.apache.catalina.startup.HostConfig.deployDirectory Deploying web application directory [/home/infoetu/baptiste.lavogiez.etu/BUT2/Semestre2/Webdev/tomcat/webapps/TP03]
28-Jan-2026 11:23:41.207 INFO [main] org.apache.jasper.servlet.TldScanner.scanJars At least one JAR was scanned for TLDs yet contained no TLDs. Enable debug logging for this logger for a complete list of JARs that were scanned but no TLDs were found in them. Skipping unneeded JARs during scanning can improve startup time and JSP compilation time.
28-Jan-2026 11:23:41.208 INFO [main] org.apache.catalina.startup.HostConfig.deployDirectory Deployment of web application directory [/home/infoetu/baptiste.lavogiez.etu/BUT2/Semestre2/Webdev/tomcat/webapps/TP03] has finished in [49] ms
28-Jan-2026 11:23:41.208 INFO [main] org.apache.catalina.startup.HostConfig.deployDirectory Deploying web application directory [/home/infoetu/baptiste.lavogiez.etu/BUT2/Semestre2/Webdev/tomcat/webapps/TP01]
28-Jan-2026 11:23:41.250 INFO [main] org.apache.jasper.servlet.TldScanner.scanJars At least one JAR was scanned for TLDs yet contained no TLDs. Enable debug logging for this logger for a complete list of JARs that were scanned but no TLDs were found in them. Skipping unneeded JARs during scanning can improve startup time and JSP compilation time.
28-Jan-2026 11:23:41.251 INFO [main] org.apache.catalina.startup.HostConfig.deployDirectory Deployment of web application directory [/home/infoetu/baptiste.lavogiez.etu/BUT2/Semestre2/Webdev/tomcat/webapps/TP01] has finished in [43] ms
28-Jan-2026 11:23:41.251 INFO [main] org.apache.catalina.startup.HostConfig.deployDirectory Deploying web application directory [/home/infoetu/baptiste.lavogiez.etu/BUT2/Semestre2/Webdev/tomcat/webapps/host-manager]
28-Jan-2026 11:23:41.290 INFO [main] org.apache.jasper.servlet.TldScanner.scanJars At least one JAR was scanned for TLDs yet contained no TLDs. Enable debug logging for this logger for a complete list of JARs that were scanned but no TLDs were found in them. Skipping unneeded JARs during scanning can improve startup time and JSP compilation time.
28-Jan-2026 11:23:41.291 INFO [main] org.apache.catalina.startup.HostConfig.deployDirectory Deployment of web application directory [/home/infoetu/baptiste.lavogiez.etu/BUT2/Semestre2/Webdev/tomcat/webapps/host-manager] has finished in [40] ms
28-Jan-2026 11:23:41.291 INFO [main] org.apache.catalina.startup.HostConfig.deployDirectory Deploying web application directory [/home/infoetu/baptiste.lavogiez.etu/BUT2/Semestre2/Webdev/tomcat/webapps/tp_chess]
28-Jan-2026 11:23:41.342 INFO [main] org.apache.jasper.servlet.TldScanner.scanJars At least one JAR was scanned for TLDs yet contained no TLDs. Enable debug logging for this logger for a complete list of JARs that were scanned but no TLDs were found in them. Skipping unneeded JARs during scanning can improve startup time and JSP compilation time.
28-Jan-2026 11:23:41.343 INFO [main] org.apache.catalina.startup.HostConfig.deployDirectory Deployment of web application directory [/home/infoetu/baptiste.lavogiez.etu/BUT2/Semestre2/Webdev/tomcat/webapps/tp_chess] has finished in [52] ms
28-Jan-2026 11:23:41.343 INFO [main] org.apache.catalina.startup.HostConfig.deployDirectory Deploying web application directory [/home/infoetu/baptiste.lavogiez.etu/BUT2/Semestre2/Webdev/tomcat/webapps/examples]
28-Jan-2026 11:23:41.531 INFO [main] org.apache.jasper.servlet.TldScanner.scanJars At least one JAR was scanned for TLDs yet contained no TLDs. Enable debug logging for this logger for a complete list of JARs that were scanned but no TLDs were found in them. Skipping unneeded JARs during scanning can improve startup time and JSP compilation time.
28-Jan-2026 11:23:41.545 INFO [main] org.apache.catalina.startup.HostConfig.deployDirectory Deployment of web application directory [/home/infoetu/baptiste.lavogiez.etu/BUT2/Semestre2/Webdev/tomcat/webapps/examples] has finished in [202] ms
28-Jan-2026 11:23:41.547 INFO [main] org.apache.coyote.AbstractProtocol.start Starting ProtocolHandler ["http-nio-8080"]
28-Jan-2026 11:23:41.553 INFO [main] org.apache.catalina.startup.Catalina.start Server startup in [874] milliseconds
28-Jan-2026 11:52:25.612 INFO [Thread-1] org.apache.coyote.AbstractProtocol.pause Pausing ProtocolHandler ["http-nio-8080"]
28-Jan-2026 11:52:25.614 INFO [Thread-1] org.apache.catalina.core.StandardService.stopInternal Stopping service [Catalina]
28-Jan-2026 11:52:25.640 WARNING [Thread-1] org.apache.catalina.loader.WebappClassLoaderBase.clearReferencesJdbc The web application [TP03-Partie2] registered the JDBC driver [org.h2.Driver] but failed to unregister it when the web application was stopped. To prevent a memory leak, the JDBC Driver has been forcibly unregistered.
28-Jan-2026 11:52:25.649 INFO [Thread-1] org.apache.coyote.AbstractProtocol.stop Stopping ProtocolHandler ["http-nio-8080"]
28-Jan-2026 11:52:25.658 INFO [Thread-1] org.apache.coyote.AbstractProtocol.destroy Destroying ProtocolHandler ["http-nio-8080"]
28-Jan-2026 11:52:34.946 INFO [main] org.apache.catalina.startup.VersionLoggerListener.log Server version name:   Apache Tomcat/11.0.13
28-Jan-2026 11:52:34.948 INFO [main] org.apache.catalina.startup.VersionLoggerListener.log Server built:          Oct 10 2025 13:57:31 UTC
28-Jan-2026 11:52:34.948 INFO [main] org.apache.catalina.startup.VersionLoggerListener.log Server version number: 11.0.13.0
28-Jan-2026 11:52:34.948 INFO [main] org.apache.catalina.startup.VersionLoggerListener.log OS Name:               Linux
28-Jan-2026 11:52:34.948 INFO [main] org.apache.catalina.startup.VersionLoggerListener.log OS Version:            6.1.0-40-amd64
28-Jan-2026 11:52:34.948 INFO [main] org.apache.catalina.startup.VersionLoggerListener.log Architecture:          amd64
28-Jan-2026 11:52:34.948 INFO [main] org.apache.catalina.startup.VersionLoggerListener.log Java Home:             /usr/lib/jvm/java-17-openjdk-amd64
28-Jan-2026 11:52:34.948 INFO [main] org.apache.catalina.startup.VersionLoggerListener.log JVM Version:           17.0.18+8-Debian-1deb12u1
28-Jan-2026 11:52:34.948 INFO [main] org.apache.catalina.startup.VersionLoggerListener.log JVM Vendor:            Debian
28-Jan-2026 11:52:34.948 INFO [main] org.apache.catalina.startup.VersionLoggerListener.log CATALINA_BASE:         /home/infoetu/baptiste.lavogiez.etu/BUT2/Semestre2/Webdev/tomcat
28-Jan-2026 11:52:34.948 INFO [main] org.apache.catalina.startup.VersionLoggerListener.log CATALINA_HOME:         /home/infoetu/baptiste.lavogiez.etu/BUT2/Semestre2/Webdev/tomcat
28-Jan-2026 11:52:34.952 INFO [main] org.apache.catalina.startup.VersionLoggerListener.log Command line argument: -Djava.util.logging.config.file=/home/infoetu/baptiste.lavogiez.etu/BUT2/Semestre2/Webdev/tomcat/conf/logging.properties
28-Jan-2026 11:52:34.952 INFO [main] org.apache.catalina.startup.VersionLoggerListener.log Command line argument: -Djava.util.logging.manager=org.apache.juli.ClassLoaderLogManager
28-Jan-2026 11:52:34.952 INFO [main] org.apache.catalina.startup.VersionLoggerListener.log Command line argument: -Djdk.tls.ephemeralDHKeySize=2048
28-Jan-2026 11:52:34.952 INFO [main] org.apache.catalina.startup.VersionLoggerListener.log Command line argument: -Dorg.apache.catalina.security.SecurityListener.UMASK=0027
28-Jan-2026 11:52:34.952 INFO [main] org.apache.catalina.startup.VersionLoggerListener.log Command line argument: --add-opens=java.base/java.lang=ALL-UNNAMED
28-Jan-2026 11:52:34.952 INFO [main] org.apache.catalina.startup.VersionLoggerListener.log Command line argument: --add-opens=java.base/java.lang.reflect=ALL-UNNAMED
28-Jan-2026 11:52:34.952 INFO [main] org.apache.catalina.startup.VersionLoggerListener.log Command line argument: --add-opens=java.base/java.io=ALL-UNNAMED
28-Jan-2026 11:52:34.952 INFO [main] org.apache.catalina.startup.VersionLoggerListener.log Command line argument: --add-opens=java.base/java.util=ALL-UNNAMED
28-Jan-2026 11:52:34.952 INFO [main] org.apache.catalina.startup.VersionLoggerListener.log Command line argument: --add-opens=java.base/java.util.concurrent=ALL-UNNAMED
28-Jan-2026 11:52:34.952 INFO [main] org.apache.catalina.startup.VersionLoggerListener.log Command line argument: --add-opens=java.rmi/sun.rmi.transport=ALL-UNNAMED
28-Jan-2026 11:52:34.952 INFO [main] org.apache.catalina.startup.VersionLoggerListener.log Command line argument: --enable-native-access=ALL-UNNAMED
28-Jan-2026 11:52:34.952 INFO [main] org.apache.catalina.startup.VersionLoggerListener.log Command line argument: -Dcatalina.base=/home/infoetu/baptiste.lavogiez.etu/BUT2/Semestre2/Webdev/tomcat
28-Jan-2026 11:52:34.952 INFO [main] org.apache.catalina.startup.VersionLoggerListener.log Command line argument: -Dcatalina.home=/home/infoetu/baptiste.lavogiez.etu/BUT2/Semestre2/Webdev/tomcat
28-Jan-2026 11:52:34.952 INFO [main] org.apache.catalina.startup.VersionLoggerListener.log Command line argument: -Djava.io.tmpdir=/home/infoetu/baptiste.lavogiez.etu/BUT2/Semestre2/Webdev/tomcat/temp
28-Jan-2026 11:52:34.953 INFO [main] org.apache.catalina.core.AprLifecycleListener.lifecycleEvent The Apache Tomcat Native library which allows using OpenSSL was not found on the java.library.path: [/usr/java/packages/lib:/usr/lib/x86_64-linux-gnu/jni:/lib/x86_64-linux-gnu:/usr/lib/x86_64-linux-gnu:/usr/lib/jni:/lib:/usr/lib]
28-Jan-2026 11:52:35.050 INFO [main] org.apache.coyote.AbstractProtocol.init Initializing ProtocolHandler ["http-nio-8080"]
28-Jan-2026 11:52:35.059 INFO [main] org.apache.catalina.startup.Catalina.load Server initialization in [179] milliseconds
28-Jan-2026 11:52:35.075 INFO [main] org.apache.catalina.core.StandardService.startInternal Starting service [Catalina]
28-Jan-2026 11:52:35.075 INFO [main] org.apache.catalina.core.StandardEngine.startInternal Starting Servlet engine: [Apache Tomcat/11.0.13]
28-Jan-2026 11:52:35.080 INFO [main] org.apache.catalina.startup.HostConfig.deployDirectory Deploying web application directory [/home/infoetu/baptiste.lavogiez.etu/BUT2/Semestre2/Webdev/tomcat/webapps/ctp-sample]
28-Jan-2026 11:52:35.249 INFO [main] org.apache.jasper.servlet.TldScanner.scanJars At least one JAR was scanned for TLDs yet contained no TLDs. Enable debug logging for this logger for a complete list of JARs that were scanned but no TLDs were found in them. Skipping unneeded JARs during scanning can improve startup time and JSP compilation time.
28-Jan-2026 11:52:35.261 INFO [main] org.apache.catalina.startup.HostConfig.deployDirectory Deployment of web application directory [/home/infoetu/baptiste.lavogiez.etu/BUT2/Semestre2/Webdev/tomcat/webapps/ctp-sample] has finished in [181] ms
28-Jan-2026 11:52:35.262 INFO [main] org.apache.catalina.startup.HostConfig.deployDirectory Deploying web application directory [/home/infoetu/baptiste.lavogiez.etu/BUT2/Semestre2/Webdev/tomcat/webapps/__MACOSX]
28-Jan-2026 11:52:35.304 INFO [main] org.apache.jasper.servlet.TldScanner.scanJars At least one JAR was scanned for TLDs yet contained no TLDs. Enable debug logging for this logger for a complete list of JARs that were scanned but no TLDs were found in them. Skipping unneeded JARs during scanning can improve startup time and JSP compilation time.
28-Jan-2026 11:52:35.305 INFO [main] org.apache.catalina.startup.HostConfig.deployDirectory Deployment of web application directory [/home/infoetu/baptiste.lavogiez.etu/BUT2/Semestre2/Webdev/tomcat/webapps/__MACOSX] has finished in [44] ms
28-Jan-2026 11:52:35.305 INFO [main] org.apache.catalina.startup.HostConfig.deployDirectory Deploying web application directory [/home/infoetu/baptiste.lavogiez.etu/BUT2/Semestre2/Webdev/tomcat/webapps/ROOT]
28-Jan-2026 11:52:35.345 INFO [main] org.apache.jasper.servlet.TldScanner.scanJars At least one JAR was scanned for TLDs yet contained no TLDs. Enable debug logging for this logger for a complete list of JARs that were scanned but no TLDs were found in them. Skipping unneeded JARs during scanning can improve startup time and JSP compilation time.
28-Jan-2026 11:52:35.347 INFO [main] org.apache.catalina.startup.HostConfig.deployDirectory Deployment of web application directory [/home/infoetu/baptiste.lavogiez.etu/BUT2/Semestre2/Webdev/tomcat/webapps/ROOT] has finished in [41] ms
28-Jan-2026 11:52:35.347 INFO [main] org.apache.catalina.startup.HostConfig.deployDirectory Deploying web application directory [/home/infoetu/baptiste.lavogiez.etu/BUT2/Semestre2/Webdev/tomcat/webapps/docs]
28-Jan-2026 11:52:35.389 INFO [main] org.apache.jasper.servlet.TldScanner.scanJars At least one JAR was scanned for TLDs yet contained no TLDs. Enable debug logging for this logger for a complete list of JARs that were scanned but no TLDs were found in them. Skipping unneeded JARs during scanning can improve startup time and JSP compilation time.
28-Jan-2026 11:52:35.390 INFO [main] org.apache.catalina.startup.HostConfig.deployDirectory Deployment of web application directory [/home/infoetu/baptiste.lavogiez.etu/BUT2/Semestre2/Webdev/tomcat/webapps/docs] has finished in [43] ms
28-Jan-2026 11:52:35.390 INFO [main] org.apache.catalina.startup.HostConfig.deployDirectory Deploying web application directory [/home/infoetu/baptiste.lavogiez.etu/BUT2/Semestre2/Webdev/tomcat/webapps/TP03-Partie2]
28-Jan-2026 11:52:35.440 INFO [main] org.apache.jasper.servlet.TldScanner.scanJars At least one JAR was scanned for TLDs yet contained no TLDs. Enable debug logging for this logger for a complete list of JARs that were scanned but no TLDs were found in them. Skipping unneeded JARs during scanning can improve startup time and JSP compilation time.
28-Jan-2026 11:52:35.441 INFO [main] org.apache.catalina.startup.HostConfig.deployDirectory Deployment of web application directory [/home/infoetu/baptiste.lavogiez.etu/BUT2/Semestre2/Webdev/tomcat/webapps/TP03-Partie2] has finished in [51] ms
28-Jan-2026 11:52:35.441 INFO [main] org.apache.catalina.startup.HostConfig.deployDirectory Deploying web application directory [/home/infoetu/baptiste.lavogiez.etu/BUT2/Semestre2/Webdev/tomcat/webapps/manager]
28-Jan-2026 11:52:35.481 INFO [main] org.apache.jasper.servlet.TldScanner.scanJars At least one JAR was scanned for TLDs yet contained no TLDs. Enable debug logging for this logger for a complete list of JARs that were scanned but no TLDs were found in them. Skipping unneeded JARs during scanning can improve startup time and JSP compilation time.
28-Jan-2026 11:52:35.484 INFO [main] org.apache.catalina.startup.HostConfig.deployDirectory Deployment of web application directory [/home/infoetu/baptiste.lavogiez.etu/BUT2/Semestre2/Webdev/tomcat/webapps/manager] has finished in [42] ms
28-Jan-2026 11:52:35.484 INFO [main] org.apache.catalina.startup.HostConfig.deployDirectory Deploying web application directory [/home/infoetu/baptiste.lavogiez.etu/BUT2/Semestre2/Webdev/tomcat/webapps/TP02]
28-Jan-2026 11:52:35.534 INFO [main] org.apache.jasper.servlet.TldScanner.scanJars At least one JAR was scanned for TLDs yet contained no TLDs. Enable debug logging for this logger for a complete list of JARs that were scanned but no TLDs were found in them. Skipping unneeded JARs during scanning can improve startup time and JSP compilation time.
28-Jan-2026 11:52:35.534 INFO [main] org.apache.catalina.startup.HostConfig.deployDirectory Deployment of web application directory [/home/infoetu/baptiste.lavogiez.etu/BUT2/Semestre2/Webdev/tomcat/webapps/TP02] has finished in [50] ms
28-Jan-2026 11:52:35.535 INFO [main] org.apache.catalina.startup.HostConfig.deployDirectory Deploying web application directory [/home/infoetu/baptiste.lavogiez.etu/BUT2/Semestre2/Webdev/tomcat/webapps/TP03]
28-Jan-2026 11:52:35.583 INFO [main] org.apache.jasper.servlet.TldScanner.scanJars At least one JAR was scanned for TLDs yet contained no TLDs. Enable debug logging for this logger for a complete list of JARs that were scanned but no TLDs were found in them. Skipping unneeded JARs during scanning can improve startup time and JSP compilation time.
28-Jan-2026 11:52:35.583 INFO [main] org.apache.catalina.startup.HostConfig.deployDirectory Deployment of web application directory [/home/infoetu/baptiste.lavogiez.etu/BUT2/Semestre2/Webdev/tomcat/webapps/TP03] has finished in [48] ms
28-Jan-2026 11:52:35.584 INFO [main] org.apache.catalina.startup.HostConfig.deployDirectory Deploying web application directory [/home/infoetu/baptiste.lavogiez.etu/BUT2/Semestre2/Webdev/tomcat/webapps/TP01]
28-Jan-2026 11:52:35.625 INFO [main] org.apache.jasper.servlet.TldScanner.scanJars At least one JAR was scanned for TLDs yet contained no TLDs. Enable debug logging for this logger for a complete list of JARs that were scanned but no TLDs were found in them. Skipping unneeded JARs during scanning can improve startup time and JSP compilation time.
28-Jan-2026 11:52:35.626 INFO [main] org.apache.catalina.startup.HostConfig.deployDirectory Deployment of web application directory [/home/infoetu/baptiste.lavogiez.etu/BUT2/Semestre2/Webdev/tomcat/webapps/TP01] has finished in [42] ms
28-Jan-2026 11:52:35.626 INFO [main] org.apache.catalina.startup.HostConfig.deployDirectory Deploying web application directory [/home/infoetu/baptiste.lavogiez.etu/BUT2/Semestre2/Webdev/tomcat/webapps/host-manager]
28-Jan-2026 11:52:35.665 INFO [main] org.apache.jasper.servlet.TldScanner.scanJars At least one JAR was scanned for TLDs yet contained no TLDs. Enable debug logging for this logger for a complete list of JARs that were scanned but no TLDs were found in them. Skipping unneeded JARs during scanning can improve startup time and JSP compilation time.
28-Jan-2026 11:52:35.666 INFO [main] org.apache.catalina.startup.HostConfig.deployDirectory Deployment of web application directory [/home/infoetu/baptiste.lavogiez.etu/BUT2/Semestre2/Webdev/tomcat/webapps/host-manager] has finished in [40] ms
28-Jan-2026 11:52:35.666 INFO [main] org.apache.catalina.startup.HostConfig.deployDirectory Deploying web application directory [/home/infoetu/baptiste.lavogiez.etu/BUT2/Semestre2/Webdev/tomcat/webapps/tp_chess]
28-Jan-2026 11:52:35.716 INFO [main] org.apache.jasper.servlet.TldScanner.scanJars At least one JAR was scanned for TLDs yet contained no TLDs. Enable debug logging for this logger for a complete list of JARs that were scanned but no TLDs were found in them. Skipping unneeded JARs during scanning can improve startup time and JSP compilation time.
28-Jan-2026 11:52:35.717 INFO [main] org.apache.catalina.startup.HostConfig.deployDirectory Deployment of web application directory [/home/infoetu/baptiste.lavogiez.etu/BUT2/Semestre2/Webdev/tomcat/webapps/tp_chess] has finished in [51] ms
28-Jan-2026 11:52:35.717 INFO [main] org.apache.catalina.startup.HostConfig.deployDirectory Deploying web application directory [/home/infoetu/baptiste.lavogiez.etu/BUT2/Semestre2/Webdev/tomcat/webapps/examples]
28-Jan-2026 11:52:35.917 INFO [main] org.apache.jasper.servlet.TldScanner.scanJars At least one JAR was scanned for TLDs yet contained no TLDs. Enable debug logging for this logger for a complete list of JARs that were scanned but no TLDs were found in them. Skipping unneeded JARs during scanning can improve startup time and JSP compilation time.
28-Jan-2026 11:52:35.935 INFO [main] org.apache.catalina.startup.HostConfig.deployDirectory Deployment of web application directory [/home/infoetu/baptiste.lavogiez.etu/BUT2/Semestre2/Webdev/tomcat/webapps/examples] has finished in [217] ms
28-Jan-2026 11:52:35.936 INFO [main] org.apache.coyote.AbstractProtocol.start Starting ProtocolHandler ["http-nio-8080"]
28-Jan-2026 11:52:35.942 INFO [main] org.apache.catalina.startup.Catalina.start Server startup in [883] milliseconds
28-Jan-2026 11:55:36.609 INFO [Thread-1] org.apache.coyote.AbstractProtocol.pause Pausing ProtocolHandler ["http-nio-8080"]
28-Jan-2026 11:55:36.611 INFO [Thread-1] org.apache.catalina.core.StandardService.stopInternal Stopping service [Catalina]
28-Jan-2026 11:55:36.631 WARNING [Thread-1] org.apache.catalina.loader.WebappClassLoaderBase.clearReferencesJdbc The web application [TP03-Partie2] registered the JDBC driver [org.h2.Driver] but failed to unregister it when the web application was stopped. To prevent a memory leak, the JDBC Driver has been forcibly unregistered.
28-Jan-2026 11:55:36.640 INFO [Thread-1] org.apache.coyote.AbstractProtocol.stop Stopping ProtocolHandler ["http-nio-8080"]
28-Jan-2026 11:55:36.644 INFO [Thread-1] org.apache.coyote.AbstractProtocol.destroy Destroying ProtocolHandler ["http-nio-8080"]
28-Jan-2026 11:55:37.922 INFO [main] org.apache.catalina.startup.VersionLoggerListener.log Server version name:   Apache Tomcat/11.0.13
28-Jan-2026 11:55:37.924 INFO [main] org.apache.catalina.startup.VersionLoggerListener.log Server built:          Oct 10 2025 13:57:31 UTC
28-Jan-2026 11:55:37.924 INFO [main] org.apache.catalina.startup.VersionLoggerListener.log Server version number: 11.0.13.0
28-Jan-2026 11:55:37.924 INFO [main] org.apache.catalina.startup.VersionLoggerListener.log OS Name:               Linux
28-Jan-2026 11:55:37.924 INFO [main] org.apache.catalina.startup.VersionLoggerListener.log OS Version:            6.1.0-40-amd64
28-Jan-2026 11:55:37.924 INFO [main] org.apache.catalina.startup.VersionLoggerListener.log Architecture:          amd64
28-Jan-2026 11:55:37.924 INFO [main] org.apache.catalina.startup.VersionLoggerListener.log Java Home:             /usr/lib/jvm/java-17-openjdk-amd64
28-Jan-2026 11:55:37.924 INFO [main] org.apache.catalina.startup.VersionLoggerListener.log JVM Version:           17.0.18+8-Debian-1deb12u1
28-Jan-2026 11:55:37.925 INFO [main] org.apache.catalina.startup.VersionLoggerListener.log JVM Vendor:            Debian
28-Jan-2026 11:55:37.925 INFO [main] org.apache.catalina.startup.VersionLoggerListener.log CATALINA_BASE:         /home/infoetu/baptiste.lavogiez.etu/BUT2/Semestre2/Webdev/tomcat
28-Jan-2026 11:55:37.925 INFO [main] org.apache.catalina.startup.VersionLoggerListener.log CATALINA_HOME:         /home/infoetu/baptiste.lavogiez.etu/BUT2/Semestre2/Webdev/tomcat
28-Jan-2026 11:55:37.928 INFO [main] org.apache.catalina.startup.VersionLoggerListener.log Command line argument: -Djava.util.logging.config.file=/home/infoetu/baptiste.lavogiez.etu/BUT2/Semestre2/Webdev/tomcat/conf/logging.properties
28-Jan-2026 11:55:37.929 INFO [main] org.apache.catalina.startup.VersionLoggerListener.log Command line argument: -Djava.util.logging.manager=org.apache.juli.ClassLoaderLogManager
28-Jan-2026 11:55:37.929 INFO [main] org.apache.catalina.startup.VersionLoggerListener.log Command line argument: -Djdk.tls.ephemeralDHKeySize=2048
28-Jan-2026 11:55:37.929 INFO [main] org.apache.catalina.startup.VersionLoggerListener.log Command line argument: -Dorg.apache.catalina.security.SecurityListener.UMASK=0027
28-Jan-2026 11:55:37.929 INFO [main] org.apache.catalina.startup.VersionLoggerListener.log Command line argument: --add-opens=java.base/java.lang=ALL-UNNAMED
28-Jan-2026 11:55:37.929 INFO [main] org.apache.catalina.startup.VersionLoggerListener.log Command line argument: --add-opens=java.base/java.lang.reflect=ALL-UNNAMED
28-Jan-2026 11:55:37.929 INFO [main] org.apache.catalina.startup.VersionLoggerListener.log Command line argument: --add-opens=java.base/java.io=ALL-UNNAMED
28-Jan-2026 11:55:37.929 INFO [main] org.apache.catalina.startup.VersionLoggerListener.log Command line argument: --add-opens=java.base/java.util=ALL-UNNAMED
28-Jan-2026 11:55:37.929 INFO [main] org.apache.catalina.startup.VersionLoggerListener.log Command line argument: --add-opens=java.base/java.util.concurrent=ALL-UNNAMED
28-Jan-2026 11:55:37.929 INFO [main] org.apache.catalina.startup.VersionLoggerListener.log Command line argument: --add-opens=java.rmi/sun.rmi.transport=ALL-UNNAMED
28-Jan-2026 11:55:37.929 INFO [main] org.apache.catalina.startup.VersionLoggerListener.log Command line argument: --enable-native-access=ALL-UNNAMED
28-Jan-2026 11:55:37.929 INFO [main] org.apache.catalina.startup.VersionLoggerListener.log Command line argument: -Dcatalina.base=/home/infoetu/baptiste.lavogiez.etu/BUT2/Semestre2/Webdev/tomcat
28-Jan-2026 11:55:37.929 INFO [main] org.apache.catalina.startup.VersionLoggerListener.log Command line argument: -Dcatalina.home=/home/infoetu/baptiste.lavogiez.etu/BUT2/Semestre2/Webdev/tomcat
28-Jan-2026 11:55:37.929 INFO [main] org.apache.catalina.startup.VersionLoggerListener.log Command line argument: -Djava.io.tmpdir=/home/infoetu/baptiste.lavogiez.etu/BUT2/Semestre2/Webdev/tomcat/temp
28-Jan-2026 11:55:37.930 INFO [main] org.apache.catalina.core.AprLifecycleListener.lifecycleEvent The Apache Tomcat Native library which allows using OpenSSL was not found on the java.library.path: [/usr/java/packages/lib:/usr/lib/x86_64-linux-gnu/jni:/lib/x86_64-linux-gnu:/usr/lib/x86_64-linux-gnu:/usr/lib/jni:/lib:/usr/lib]
28-Jan-2026 11:55:38.034 INFO [main] org.apache.coyote.AbstractProtocol.init Initializing ProtocolHandler ["http-nio-8080"]
28-Jan-2026 11:55:38.043 INFO [main] org.apache.catalina.startup.Catalina.load Server initialization in [187] milliseconds
28-Jan-2026 11:55:38.060 INFO [main] org.apache.catalina.core.StandardService.startInternal Starting service [Catalina]
28-Jan-2026 11:55:38.060 INFO [main] org.apache.catalina.core.StandardEngine.startInternal Starting Servlet engine: [Apache Tomcat/11.0.13]
28-Jan-2026 11:55:38.065 INFO [main] org.apache.catalina.startup.HostConfig.deployDirectory Deploying web application directory [/home/infoetu/baptiste.lavogiez.etu/BUT2/Semestre2/Webdev/tomcat/webapps/ctp-sample]
28-Jan-2026 11:55:38.241 INFO [main] org.apache.jasper.servlet.TldScanner.scanJars At least one JAR was scanned for TLDs yet contained no TLDs. Enable debug logging for this logger for a complete list of JARs that were scanned but no TLDs were found in them. Skipping unneeded JARs during scanning can improve startup time and JSP compilation time.
28-Jan-2026 11:55:38.254 INFO [main] org.apache.catalina.startup.HostConfig.deployDirectory Deployment of web application directory [/home/infoetu/baptiste.lavogiez.etu/BUT2/Semestre2/Webdev/tomcat/webapps/ctp-sample] has finished in [189] ms
28-Jan-2026 11:55:38.255 INFO [main] org.apache.catalina.startup.HostConfig.deployDirectory Deploying web application directory [/home/infoetu/baptiste.lavogiez.etu/BUT2/Semestre2/Webdev/tomcat/webapps/__MACOSX]
28-Jan-2026 11:55:38.300 INFO [main] org.apache.jasper.servlet.TldScanner.scanJars At least one JAR was scanned for TLDs yet contained no TLDs. Enable debug logging for this logger for a complete list of JARs that were scanned but no TLDs were found in them. Skipping unneeded JARs during scanning can improve startup time and JSP compilation time.
28-Jan-2026 11:55:38.301 INFO [main] org.apache.catalina.startup.HostConfig.deployDirectory Deployment of web application directory [/home/infoetu/baptiste.lavogiez.etu/BUT2/Semestre2/Webdev/tomcat/webapps/__MACOSX] has finished in [46] ms
28-Jan-2026 11:55:38.301 INFO [main] org.apache.catalina.startup.HostConfig.deployDirectory Deploying web application directory [/home/infoetu/baptiste.lavogiez.etu/BUT2/Semestre2/Webdev/tomcat/webapps/ROOT]
28-Jan-2026 11:55:38.343 INFO [main] org.apache.jasper.servlet.TldScanner.scanJars At least one JAR was scanned for TLDs yet contained no TLDs. Enable debug logging for this logger for a complete list of JARs that were scanned but no TLDs were found in them. Skipping unneeded JARs during scanning can improve startup time and JSP compilation time.
28-Jan-2026 11:55:38.344 INFO [main] org.apache.catalina.startup.HostConfig.deployDirectory Deployment of web application directory [/home/infoetu/baptiste.lavogiez.etu/BUT2/Semestre2/Webdev/tomcat/webapps/ROOT] has finished in [43] ms
28-Jan-2026 11:55:38.344 INFO [main] org.apache.catalina.startup.HostConfig.deployDirectory Deploying web application directory [/home/infoetu/baptiste.lavogiez.etu/BUT2/Semestre2/Webdev/tomcat/webapps/docs]
28-Jan-2026 11:55:38.388 INFO [main] org.apache.jasper.servlet.TldScanner.scanJars At least one JAR was scanned for TLDs yet contained no TLDs. Enable debug logging for this logger for a complete list of JARs that were scanned but no TLDs were found in them. Skipping unneeded JARs during scanning can improve startup time and JSP compilation time.
28-Jan-2026 11:55:38.389 INFO [main] org.apache.catalina.startup.HostConfig.deployDirectory Deployment of web application directory [/home/infoetu/baptiste.lavogiez.etu/BUT2/Semestre2/Webdev/tomcat/webapps/docs] has finished in [45] ms
28-Jan-2026 11:55:38.389 INFO [main] org.apache.catalina.startup.HostConfig.deployDirectory Deploying web application directory [/home/infoetu/baptiste.lavogiez.etu/BUT2/Semestre2/Webdev/tomcat/webapps/TP03-Partie2]
28-Jan-2026 11:55:38.441 INFO [main] org.apache.jasper.servlet.TldScanner.scanJars At least one JAR was scanned for TLDs yet contained no TLDs. Enable debug logging for this logger for a complete list of JARs that were scanned but no TLDs were found in them. Skipping unneeded JARs during scanning can improve startup time and JSP compilation time.
28-Jan-2026 11:55:38.442 INFO [main] org.apache.catalina.startup.HostConfig.deployDirectory Deployment of web application directory [/home/infoetu/baptiste.lavogiez.etu/BUT2/Semestre2/Webdev/tomcat/webapps/TP03-Partie2] has finished in [53] ms
28-Jan-2026 11:55:38.442 INFO [main] org.apache.catalina.startup.HostConfig.deployDirectory Deploying web application directory [/home/infoetu/baptiste.lavogiez.etu/BUT2/Semestre2/Webdev/tomcat/webapps/manager]
28-Jan-2026 11:55:38.483 INFO [main] org.apache.jasper.servlet.TldScanner.scanJars At least one JAR was scanned for TLDs yet contained no TLDs. Enable debug logging for this logger for a complete list of JARs that were scanned but no TLDs were found in them. Skipping unneeded JARs during scanning can improve startup time and JSP compilation time.
28-Jan-2026 11:55:38.485 INFO [main] org.apache.catalina.startup.HostConfig.deployDirectory Deployment of web application directory [/home/infoetu/baptiste.lavogiez.etu/BUT2/Semestre2/Webdev/tomcat/webapps/manager] has finished in [43] ms
28-Jan-2026 11:55:38.485 INFO [main] org.apache.catalina.startup.HostConfig.deployDirectory Deploying web application directory [/home/infoetu/baptiste.lavogiez.etu/BUT2/Semestre2/Webdev/tomcat/webapps/TP02]
28-Jan-2026 11:55:38.534 INFO [main] org.apache.jasper.servlet.TldScanner.scanJars At least one JAR was scanned for TLDs yet contained no TLDs. Enable debug logging for this logger for a complete list of JARs that were scanned but no TLDs were found in them. Skipping unneeded JARs during scanning can improve startup time and JSP compilation time.
28-Jan-2026 11:55:38.534 INFO [main] org.apache.catalina.startup.HostConfig.deployDirectory Deployment of web application directory [/home/infoetu/baptiste.lavogiez.etu/BUT2/Semestre2/Webdev/tomcat/webapps/TP02] has finished in [49] ms
28-Jan-2026 11:55:38.535 INFO [main] org.apache.catalina.startup.HostConfig.deployDirectory Deploying web application directory [/home/infoetu/baptiste.lavogiez.etu/BUT2/Semestre2/Webdev/tomcat/webapps/TP03]
28-Jan-2026 11:55:38.582 INFO [main] org.apache.jasper.servlet.TldScanner.scanJars At least one JAR was scanned for TLDs yet contained no TLDs. Enable debug logging for this logger for a complete list of JARs that were scanned but no TLDs were found in them. Skipping unneeded JARs during scanning can improve startup time and JSP compilation time.
28-Jan-2026 11:55:38.583 INFO [main] org.apache.catalina.startup.HostConfig.deployDirectory Deployment of web application directory [/home/infoetu/baptiste.lavogiez.etu/BUT2/Semestre2/Webdev/tomcat/webapps/TP03] has finished in [49] ms
28-Jan-2026 11:55:38.583 INFO [main] org.apache.catalina.startup.HostConfig.deployDirectory Deploying web application directory [/home/infoetu/baptiste.lavogiez.etu/BUT2/Semestre2/Webdev/tomcat/webapps/TP01]
28-Jan-2026 11:55:38.625 INFO [main] org.apache.jasper.servlet.TldScanner.scanJars At least one JAR was scanned for TLDs yet contained no TLDs. Enable debug logging for this logger for a complete list of JARs that were scanned but no TLDs were found in them. Skipping unneeded JARs during scanning can improve startup time and JSP compilation time.
28-Jan-2026 11:55:38.626 INFO [main] org.apache.catalina.startup.HostConfig.deployDirectory Deployment of web application directory [/home/infoetu/baptiste.lavogiez.etu/BUT2/Semestre2/Webdev/tomcat/webapps/TP01] has finished in [43] ms
28-Jan-2026 11:55:38.626 INFO [main] org.apache.catalina.startup.HostConfig.deployDirectory Deploying web application directory [/home/infoetu/baptiste.lavogiez.etu/BUT2/Semestre2/Webdev/tomcat/webapps/host-manager]
28-Jan-2026 11:55:38.666 INFO [main] org.apache.jasper.servlet.TldScanner.scanJars At least one JAR was scanned for TLDs yet contained no TLDs. Enable debug logging for this logger for a complete list of JARs that were scanned but no TLDs were found in them. Skipping unneeded JARs during scanning can improve startup time and JSP compilation time.
28-Jan-2026 11:55:38.667 INFO [main] org.apache.catalina.startup.HostConfig.deployDirectory Deployment of web application directory [/home/infoetu/baptiste.lavogiez.etu/BUT2/Semestre2/Webdev/tomcat/webapps/host-manager] has finished in [41] ms
28-Jan-2026 11:55:38.667 INFO [main] org.apache.catalina.startup.HostConfig.deployDirectory Deploying web application directory [/home/infoetu/baptiste.lavogiez.etu/BUT2/Semestre2/Webdev/tomcat/webapps/tp_chess]
28-Jan-2026 11:55:38.720 INFO [main] org.apache.jasper.servlet.TldScanner.scanJars At least one JAR was scanned for TLDs yet contained no TLDs. Enable debug logging for this logger for a complete list of JARs that were scanned but no TLDs were found in them. Skipping unneeded JARs during scanning can improve startup time and JSP compilation time.
28-Jan-2026 11:55:38.722 INFO [main] org.apache.catalina.startup.HostConfig.deployDirectory Deployment of web application directory [/home/infoetu/baptiste.lavogiez.etu/BUT2/Semestre2/Webdev/tomcat/webapps/tp_chess] has finished in [54] ms
28-Jan-2026 11:55:38.722 INFO [main] org.apache.catalina.startup.HostConfig.deployDirectory Deploying web application directory [/home/infoetu/baptiste.lavogiez.etu/BUT2/Semestre2/Webdev/tomcat/webapps/examples]
28-Jan-2026 11:55:38.909 INFO [main] org.apache.jasper.servlet.TldScanner.scanJars At least one JAR was scanned for TLDs yet contained no TLDs. Enable debug logging for this logger for a complete list of JARs that were scanned but no TLDs were found in them. Skipping unneeded JARs during scanning can improve startup time and JSP compilation time.
28-Jan-2026 11:55:38.922 INFO [main] org.apache.catalina.startup.HostConfig.deployDirectory Deployment of web application directory [/home/infoetu/baptiste.lavogiez.etu/BUT2/Semestre2/Webdev/tomcat/webapps/examples] has finished in [200] ms
28-Jan-2026 11:55:38.924 INFO [main] org.apache.coyote.AbstractProtocol.start Starting ProtocolHandler ["http-nio-8080"]
28-Jan-2026 11:55:38.930 INFO [main] org.apache.catalina.startup.Catalina.start Server startup in [887] milliseconds
28-Jan-2026 11:56:32.642 INFO [Thread-1] org.apache.coyote.AbstractProtocol.pause Pausing ProtocolHandler ["http-nio-8080"]
28-Jan-2026 11:56:32.644 INFO [Thread-1] org.apache.catalina.core.StandardService.stopInternal Stopping service [Catalina]
28-Jan-2026 11:56:32.667 WARNING [Thread-1] org.apache.catalina.loader.WebappClassLoaderBase.clearReferencesJdbc The web application [TP03-Partie2] registered the JDBC driver [org.h2.Driver] but failed to unregister it when the web application was stopped. To prevent a memory leak, the JDBC Driver has been forcibly unregistered.
28-Jan-2026 11:56:32.679 INFO [Thread-1] org.apache.coyote.AbstractProtocol.stop Stopping ProtocolHandler ["http-nio-8080"]
28-Jan-2026 11:56:32.687 INFO [Thread-1] org.apache.coyote.AbstractProtocol.destroy Destroying ProtocolHandler ["http-nio-8080"]
28-Jan-2026 11:56:33.585 INFO [main] org.apache.catalina.startup.VersionLoggerListener.log Server version name:   Apache Tomcat/11.0.13
28-Jan-2026 11:56:33.587 INFO [main] org.apache.catalina.startup.VersionLoggerListener.log Server built:          Oct 10 2025 13:57:31 UTC
28-Jan-2026 11:56:33.587 INFO [main] org.apache.catalina.startup.VersionLoggerListener.log Server version number: 11.0.13.0
28-Jan-2026 11:56:33.587 INFO [main] org.apache.catalina.startup.VersionLoggerListener.log OS Name:               Linux
28-Jan-2026 11:56:33.588 INFO [main] org.apache.catalina.startup.VersionLoggerListener.log OS Version:            6.1.0-40-amd64
28-Jan-2026 11:56:33.588 INFO [main] org.apache.catalina.startup.VersionLoggerListener.log Architecture:          amd64
28-Jan-2026 11:56:33.588 INFO [main] org.apache.catalina.startup.VersionLoggerListener.log Java Home:             /usr/lib/jvm/java-17-openjdk-amd64
28-Jan-2026 11:56:33.588 INFO [main] org.apache.catalina.startup.VersionLoggerListener.log JVM Version:           17.0.18+8-Debian-1deb12u1
28-Jan-2026 11:56:33.588 INFO [main] org.apache.catalina.startup.VersionLoggerListener.log JVM Vendor:            Debian
28-Jan-2026 11:56:33.588 INFO [main] org.apache.catalina.startup.VersionLoggerListener.log CATALINA_BASE:         /home/infoetu/baptiste.lavogiez.etu/BUT2/Semestre2/Webdev/tomcat
28-Jan-2026 11:56:33.588 INFO [main] org.apache.catalina.startup.VersionLoggerListener.log CATALINA_HOME:         /home/infoetu/baptiste.lavogiez.etu/BUT2/Semestre2/Webdev/tomcat
28-Jan-2026 11:56:33.591 INFO [main] org.apache.catalina.startup.VersionLoggerListener.log Command line argument: -Djava.util.logging.config.file=/home/infoetu/baptiste.lavogiez.etu/BUT2/Semestre2/Webdev/tomcat/conf/logging.properties
28-Jan-2026 11:56:33.591 INFO [main] org.apache.catalina.startup.VersionLoggerListener.log Command line argument: -Djava.util.logging.manager=org.apache.juli.ClassLoaderLogManager
28-Jan-2026 11:56:33.591 INFO [main] org.apache.catalina.startup.VersionLoggerListener.log Command line argument: -Djdk.tls.ephemeralDHKeySize=2048
28-Jan-2026 11:56:33.591 INFO [main] org.apache.catalina.startup.VersionLoggerListener.log Command line argument: -Dorg.apache.catalina.security.SecurityListener.UMASK=0027
28-Jan-2026 11:56:33.591 INFO [main] org.apache.catalina.startup.VersionLoggerListener.log Command line argument: --add-opens=java.base/java.lang=ALL-UNNAMED
28-Jan-2026 11:56:33.591 INFO [main] org.apache.catalina.startup.VersionLoggerListener.log Command line argument: --add-opens=java.base/java.lang.reflect=ALL-UNNAMED
28-Jan-2026 11:56:33.591 INFO [main] org.apache.catalina.startup.VersionLoggerListener.log Command line argument: --add-opens=java.base/java.io=ALL-UNNAMED
28-Jan-2026 11:56:33.591 INFO [main] org.apache.catalina.startup.VersionLoggerListener.log Command line argument: --add-opens=java.base/java.util=ALL-UNNAMED
28-Jan-2026 11:56:33.591 INFO [main] org.apache.catalina.startup.VersionLoggerListener.log Command line argument: --add-opens=java.base/java.util.concurrent=ALL-UNNAMED
28-Jan-2026 11:56:33.591 INFO [main] org.apache.catalina.startup.VersionLoggerListener.log Command line argument: --add-opens=java.rmi/sun.rmi.transport=ALL-UNNAMED
28-Jan-2026 11:56:33.591 INFO [main] org.apache.catalina.startup.VersionLoggerListener.log Command line argument: --enable-native-access=ALL-UNNAMED
28-Jan-2026 11:56:33.591 INFO [main] org.apache.catalina.startup.VersionLoggerListener.log Command line argument: -Dcatalina.base=/home/infoetu/baptiste.lavogiez.etu/BUT2/Semestre2/Webdev/tomcat
28-Jan-2026 11:56:33.591 INFO [main] org.apache.catalina.startup.VersionLoggerListener.log Command line argument: -Dcatalina.home=/home/infoetu/baptiste.lavogiez.etu/BUT2/Semestre2/Webdev/tomcat
28-Jan-2026 11:56:33.592 INFO [main] org.apache.catalina.startup.VersionLoggerListener.log Command line argument: -Djava.io.tmpdir=/home/infoetu/baptiste.lavogiez.etu/BUT2/Semestre2/Webdev/tomcat/temp
28-Jan-2026 11:56:33.592 INFO [main] org.apache.catalina.core.AprLifecycleListener.lifecycleEvent The Apache Tomcat Native library which allows using OpenSSL was not found on the java.library.path: [/usr/java/packages/lib:/usr/lib/x86_64-linux-gnu/jni:/lib/x86_64-linux-gnu:/usr/lib/x86_64-linux-gnu:/usr/lib/jni:/lib:/usr/lib]
28-Jan-2026 11:56:33.689 INFO [main] org.apache.coyote.AbstractProtocol.init Initializing ProtocolHandler ["http-nio-8080"]
28-Jan-2026 11:56:33.700 INFO [main] org.apache.catalina.startup.Catalina.load Server initialization in [181] milliseconds
28-Jan-2026 11:56:33.718 INFO [main] org.apache.catalina.core.StandardService.startInternal Starting service [Catalina]
28-Jan-2026 11:56:33.719 INFO [main] org.apache.catalina.core.StandardEngine.startInternal Starting Servlet engine: [Apache Tomcat/11.0.13]
28-Jan-2026 11:56:33.724 INFO [main] org.apache.catalina.startup.HostConfig.deployDirectory Deploying web application directory [/home/infoetu/baptiste.lavogiez.etu/BUT2/Semestre2/Webdev/tomcat/webapps/ctp-sample]
28-Jan-2026 11:56:33.887 INFO [main] org.apache.jasper.servlet.TldScanner.scanJars At least one JAR was scanned for TLDs yet contained no TLDs. Enable debug logging for this logger for a complete list of JARs that were scanned but no TLDs were found in them. Skipping unneeded JARs during scanning can improve startup time and JSP compilation time.
28-Jan-2026 11:56:33.900 INFO [main] org.apache.catalina.startup.HostConfig.deployDirectory Deployment of web application directory [/home/infoetu/baptiste.lavogiez.etu/BUT2/Semestre2/Webdev/tomcat/webapps/ctp-sample] has finished in [176] ms
28-Jan-2026 11:56:33.900 INFO [main] org.apache.catalina.startup.HostConfig.deployDirectory Deploying web application directory [/home/infoetu/baptiste.lavogiez.etu/BUT2/Semestre2/Webdev/tomcat/webapps/__MACOSX]
28-Jan-2026 11:56:33.942 INFO [main] org.apache.jasper.servlet.TldScanner.scanJars At least one JAR was scanned for TLDs yet contained no TLDs. Enable debug logging for this logger for a complete list of JARs that were scanned but no TLDs were found in them. Skipping unneeded JARs during scanning can improve startup time and JSP compilation time.
28-Jan-2026 11:56:33.943 INFO [main] org.apache.catalina.startup.HostConfig.deployDirectory Deployment of web application directory [/home/infoetu/baptiste.lavogiez.etu/BUT2/Semestre2/Webdev/tomcat/webapps/__MACOSX] has finished in [43] ms
28-Jan-2026 11:56:33.943 INFO [main] org.apache.catalina.startup.HostConfig.deployDirectory Deploying web application directory [/home/infoetu/baptiste.lavogiez.etu/BUT2/Semestre2/Webdev/tomcat/webapps/ROOT]
28-Jan-2026 11:56:33.986 INFO [main] org.apache.jasper.servlet.TldScanner.scanJars At least one JAR was scanned for TLDs yet contained no TLDs. Enable debug logging for this logger for a complete list of JARs that were scanned but no TLDs were found in them. Skipping unneeded JARs during scanning can improve startup time and JSP compilation time.
28-Jan-2026 11:56:33.987 INFO [main] org.apache.catalina.startup.HostConfig.deployDirectory Deployment of web application directory [/home/infoetu/baptiste.lavogiez.etu/BUT2/Semestre2/Webdev/tomcat/webapps/ROOT] has finished in [44] ms
28-Jan-2026 11:56:33.987 INFO [main] org.apache.catalina.startup.HostConfig.deployDirectory Deploying web application directory [/home/infoetu/baptiste.lavogiez.etu/BUT2/Semestre2/Webdev/tomcat/webapps/docs]
28-Jan-2026 11:56:34.031 INFO [main] org.apache.jasper.servlet.TldScanner.scanJars At least one JAR was scanned for TLDs yet contained no TLDs. Enable debug logging for this logger for a complete list of JARs that were scanned but no TLDs were found in them. Skipping unneeded JARs during scanning can improve startup time and JSP compilation time.
28-Jan-2026 11:56:34.031 INFO [main] org.apache.catalina.startup.HostConfig.deployDirectory Deployment of web application directory [/home/infoetu/baptiste.lavogiez.etu/BUT2/Semestre2/Webdev/tomcat/webapps/docs] has finished in [44] ms
28-Jan-2026 11:56:34.031 INFO [main] org.apache.catalina.startup.HostConfig.deployDirectory Deploying web application directory [/home/infoetu/baptiste.lavogiez.etu/BUT2/Semestre2/Webdev/tomcat/webapps/TP03-Partie2]
28-Jan-2026 11:56:34.079 INFO [main] org.apache.jasper.servlet.TldScanner.scanJars At least one JAR was scanned for TLDs yet contained no TLDs. Enable debug logging for this logger for a complete list of JARs that were scanned but no TLDs were found in them. Skipping unneeded JARs during scanning can improve startup time and JSP compilation time.
28-Jan-2026 11:56:34.080 INFO [main] org.apache.catalina.startup.HostConfig.deployDirectory Deployment of web application directory [/home/infoetu/baptiste.lavogiez.etu/BUT2/Semestre2/Webdev/tomcat/webapps/TP03-Partie2] has finished in [48] ms
28-Jan-2026 11:56:34.080 INFO [main] org.apache.catalina.startup.HostConfig.deployDirectory Deploying web application directory [/home/infoetu/baptiste.lavogiez.etu/BUT2/Semestre2/Webdev/tomcat/webapps/manager]
28-Jan-2026 11:56:34.118 INFO [main] org.apache.jasper.servlet.TldScanner.scanJars At least one JAR was scanned for TLDs yet contained no TLDs. Enable debug logging for this logger for a complete list of JARs that were scanned but no TLDs were found in them. Skipping unneeded JARs during scanning can improve startup time and JSP compilation time.
28-Jan-2026 11:56:34.120 INFO [main] org.apache.catalina.startup.HostConfig.deployDirectory Deployment of web application directory [/home/infoetu/baptiste.lavogiez.etu/BUT2/Semestre2/Webdev/tomcat/webapps/manager] has finished in [40] ms
28-Jan-2026 11:56:34.120 INFO [main] org.apache.catalina.startup.HostConfig.deployDirectory Deploying web application directory [/home/infoetu/baptiste.lavogiez.etu/BUT2/Semestre2/Webdev/tomcat/webapps/TP02]
28-Jan-2026 11:56:34.164 INFO [main] org.apache.jasper.servlet.TldScanner.scanJars At least one JAR was scanned for TLDs yet contained no TLDs. Enable debug logging for this logger for a complete list of JARs that were scanned but no TLDs were found in them. Skipping unneeded JARs during scanning can improve startup time and JSP compilation time.
28-Jan-2026 11:56:34.165 INFO [main] org.apache.catalina.startup.HostConfig.deployDirectory Deployment of web application directory [/home/infoetu/baptiste.lavogiez.etu/BUT2/Semestre2/Webdev/tomcat/webapps/TP02] has finished in [45] ms
28-Jan-2026 11:56:34.165 INFO [main] org.apache.catalina.startup.HostConfig.deployDirectory Deploying web application directory [/home/infoetu/baptiste.lavogiez.etu/BUT2/Semestre2/Webdev/tomcat/webapps/TP03]
28-Jan-2026 11:56:34.208 INFO [main] org.apache.jasper.servlet.TldScanner.scanJars At least one JAR was scanned for TLDs yet contained no TLDs. Enable debug logging for this logger for a complete list of JARs that were scanned but no TLDs were found in them. Skipping unneeded JARs during scanning can improve startup time and JSP compilation time.
28-Jan-2026 11:56:34.209 INFO [main] org.apache.catalina.startup.HostConfig.deployDirectory Deployment of web application directory [/home/infoetu/baptiste.lavogiez.etu/BUT2/Semestre2/Webdev/tomcat/webapps/TP03] has finished in [44] ms
28-Jan-2026 11:56:34.209 INFO [main] org.apache.catalina.startup.HostConfig.deployDirectory Deploying web application directory [/home/infoetu/baptiste.lavogiez.etu/BUT2/Semestre2/Webdev/tomcat/webapps/TP01]
28-Jan-2026 11:56:34.246 INFO [main] org.apache.jasper.servlet.TldScanner.scanJars At least one JAR was scanned for TLDs yet contained no TLDs. Enable debug logging for this logger for a complete list of JARs that were scanned but no TLDs were found in them. Skipping unneeded JARs during scanning can improve startup time and JSP compilation time.
28-Jan-2026 11:56:34.247 INFO [main] org.apache.catalina.startup.HostConfig.deployDirectory Deployment of web application directory [/home/infoetu/baptiste.lavogiez.etu/BUT2/Semestre2/Webdev/tomcat/webapps/TP01] has finished in [38] ms
28-Jan-2026 11:56:34.247 INFO [main] org.apache.catalina.startup.HostConfig.deployDirectory Deploying web application directory [/home/infoetu/baptiste.lavogiez.etu/BUT2/Semestre2/Webdev/tomcat/webapps/host-manager]
28-Jan-2026 11:56:34.284 INFO [main] org.apache.jasper.servlet.TldScanner.scanJars At least one JAR was scanned for TLDs yet contained no TLDs. Enable debug logging for this logger for a complete list of JARs that were scanned but no TLDs were found in them. Skipping unneeded JARs during scanning can improve startup time and JSP compilation time.
28-Jan-2026 11:56:34.285 INFO [main] org.apache.catalina.startup.HostConfig.deployDirectory Deployment of web application directory [/home/infoetu/baptiste.lavogiez.etu/BUT2/Semestre2/Webdev/tomcat/webapps/host-manager] has finished in [38] ms
28-Jan-2026 11:56:34.285 INFO [main] org.apache.catalina.startup.HostConfig.deployDirectory Deploying web application directory [/home/infoetu/baptiste.lavogiez.etu/BUT2/Semestre2/Webdev/tomcat/webapps/tp_chess]
28-Jan-2026 11:56:34.333 INFO [main] org.apache.jasper.servlet.TldScanner.scanJars At least one JAR was scanned for TLDs yet contained no TLDs. Enable debug logging for this logger for a complete list of JARs that were scanned but no TLDs were found in them. Skipping unneeded JARs during scanning can improve startup time and JSP compilation time.
28-Jan-2026 11:56:34.334 INFO [main] org.apache.catalina.startup.HostConfig.deployDirectory Deployment of web application directory [/home/infoetu/baptiste.lavogiez.etu/BUT2/Semestre2/Webdev/tomcat/webapps/tp_chess] has finished in [48] ms
28-Jan-2026 11:56:34.334 INFO [main] org.apache.catalina.startup.HostConfig.deployDirectory Deploying web application directory [/home/infoetu/baptiste.lavogiez.etu/BUT2/Semestre2/Webdev/tomcat/webapps/examples]
28-Jan-2026 11:56:34.469 INFO [main] org.apache.jasper.servlet.TldScanner.scanJars At least one JAR was scanned for TLDs yet contained no TLDs. Enable debug logging for this logger for a complete list of JARs that were scanned but no TLDs were found in them. Skipping unneeded JARs during scanning can improve startup time and JSP compilation time.
28-Jan-2026 11:56:34.485 INFO [main] org.apache.catalina.startup.HostConfig.deployDirectory Deployment of web application directory [/home/infoetu/baptiste.lavogiez.etu/BUT2/Semestre2/Webdev/tomcat/webapps/examples] has finished in [151] ms
28-Jan-2026 11:56:34.488 INFO [main] org.apache.coyote.AbstractProtocol.start Starting ProtocolHandler ["http-nio-8080"]
28-Jan-2026 11:56:34.495 INFO [main] org.apache.catalina.startup.Catalina.start Server startup in [794] milliseconds
28-Jan-2026 11:58:50.347 INFO [Thread-1] org.apache.coyote.AbstractProtocol.pause Pausing ProtocolHandler ["http-nio-8080"]
28-Jan-2026 11:58:50.348 INFO [Thread-1] org.apache.catalina.core.StandardService.stopInternal Stopping service [Catalina]
28-Jan-2026 11:58:50.362 WARNING [Thread-1] org.apache.catalina.loader.WebappClassLoaderBase.clearReferencesJdbc The web application [TP03-Partie2] registered the JDBC driver [org.h2.Driver] but failed to unregister it when the web application was stopped. To prevent a memory leak, the JDBC Driver has been forcibly unregistered.
28-Jan-2026 11:58:50.370 INFO [Thread-1] org.apache.coyote.AbstractProtocol.stop Stopping ProtocolHandler ["http-nio-8080"]
28-Jan-2026 11:58:50.382 INFO [Thread-1] org.apache.coyote.AbstractProtocol.destroy Destroying ProtocolHandler ["http-nio-8080"]
