18-Feb-2026 09:19:39.102 INFO [main] org.apache.catalina.startup.VersionLoggerListener.log Server version name:   Apache Tomcat/11.0.13
18-Feb-2026 09:19:39.104 INFO [main] org.apache.catalina.startup.VersionLoggerListener.log Server built:          Oct 10 2025 13:57:31 UTC
18-Feb-2026 09:19:39.104 INFO [main] org.apache.catalina.startup.VersionLoggerListener.log Server version number: 11.0.13.0
18-Feb-2026 09:19:39.104 INFO [main] org.apache.catalina.startup.VersionLoggerListener.log OS Name:               Linux
18-Feb-2026 09:19:39.104 INFO [main] org.apache.catalina.startup.VersionLoggerListener.log OS Version:            6.1.0-40-amd64
18-Feb-2026 09:19:39.104 INFO [main] org.apache.catalina.startup.VersionLoggerListener.log Architecture:          amd64
18-Feb-2026 09:19:39.104 INFO [main] org.apache.catalina.startup.VersionLoggerListener.log Java Home:             /usr/lib/jvm/java-17-openjdk-amd64
18-Feb-2026 09:19:39.104 INFO [main] org.apache.catalina.startup.VersionLoggerListener.log JVM Version:           17.0.18+8-Debian-1deb12u1
18-Feb-2026 09:19:39.104 INFO [main] org.apache.catalina.startup.VersionLoggerListener.log JVM Vendor:            Debian
18-Feb-2026 09:19:39.104 INFO [main] org.apache.catalina.startup.VersionLoggerListener.log CATALINA_BASE:         /home/infoetu/baptiste.lavogiez.etu/BUT2/Semestre2/Webdev/tomcat
18-Feb-2026 09:19:39.104 INFO [main] org.apache.catalina.startup.VersionLoggerListener.log CATALINA_HOME:         /home/infoetu/baptiste.lavogiez.etu/BUT2/Semestre2/Webdev/tomcat
18-Feb-2026 09:19:39.108 INFO [main] org.apache.catalina.startup.VersionLoggerListener.log Command line argument: -Djava.util.logging.config.file=/home/infoetu/baptiste.lavogiez.etu/BUT2/Semestre2/Webdev/tomcat/conf/logging.properties
18-Feb-2026 09:19:39.108 INFO [main] org.apache.catalina.startup.VersionLoggerListener.log Command line argument: -Djava.util.logging.manager=org.apache.juli.ClassLoaderLogManager
18-Feb-2026 09:19:39.108 INFO [main] org.apache.catalina.startup.VersionLoggerListener.log Command line argument: -Djdk.tls.ephemeralDHKeySize=2048
18-Feb-2026 09:19:39.108 INFO [main] org.apache.catalina.startup.VersionLoggerListener.log Command line argument: -Dorg.apache.catalina.security.SecurityListener.UMASK=0027
18-Feb-2026 09:19:39.108 INFO [main] org.apache.catalina.startup.VersionLoggerListener.log Command line argument: --add-opens=java.base/java.lang=ALL-UNNAMED
18-Feb-2026 09:19:39.108 INFO [main] org.apache.catalina.startup.VersionLoggerListener.log Command line argument: --add-opens=java.base/java.lang.reflect=ALL-UNNAMED
18-Feb-2026 09:19:39.108 INFO [main] org.apache.catalina.startup.VersionLoggerListener.log Command line argument: --add-opens=java.base/java.io=ALL-UNNAMED
18-Feb-2026 09:19:39.108 INFO [main] org.apache.catalina.startup.VersionLoggerListener.log Command line argument: --add-opens=java.base/java.util=ALL-UNNAMED
18-Feb-2026 09:19:39.108 INFO [main] org.apache.catalina.startup.VersionLoggerListener.log Command line argument: --add-opens=java.base/java.util.concurrent=ALL-UNNAMED
18-Feb-2026 09:19:39.109 INFO [main] org.apache.catalina.startup.VersionLoggerListener.log Command line argument: --add-opens=java.rmi/sun.rmi.transport=ALL-UNNAMED
18-Feb-2026 09:19:39.109 INFO [main] org.apache.catalina.startup.VersionLoggerListener.log Command line argument: --enable-native-access=ALL-UNNAMED
18-Feb-2026 09:19:39.109 INFO [main] org.apache.catalina.startup.VersionLoggerListener.log Command line argument: -Dcatalina.base=/home/infoetu/baptiste.lavogiez.etu/BUT2/Semestre2/Webdev/tomcat
18-Feb-2026 09:19:39.109 INFO [main] org.apache.catalina.startup.VersionLoggerListener.log Command line argument: -Dcatalina.home=/home/infoetu/baptiste.lavogiez.etu/BUT2/Semestre2/Webdev/tomcat
18-Feb-2026 09:19:39.109 INFO [main] org.apache.catalina.startup.VersionLoggerListener.log Command line argument: -Djava.io.tmpdir=/home/infoetu/baptiste.lavogiez.etu/BUT2/Semestre2/Webdev/tomcat/temp
18-Feb-2026 09:19:39.110 INFO [main] org.apache.catalina.core.AprLifecycleListener.lifecycleEvent The Apache Tomcat Native library which allows using OpenSSL was not found on the java.library.path: [/usr/java/packages/lib:/usr/lib/x86_64-linux-gnu/jni:/lib/x86_64-linux-gnu:/usr/lib/x86_64-linux-gnu:/usr/lib/jni:/lib:/usr/lib]
18-Feb-2026 09:19:39.216 INFO [main] org.apache.coyote.AbstractProtocol.init Initializing ProtocolHandler ["http-nio-8080"]
18-Feb-2026 09:19:39.235 INFO [main] org.apache.catalina.startup.Catalina.load Server initialization in [254] milliseconds
18-Feb-2026 09:19:39.255 INFO [main] org.apache.catalina.core.StandardService.startInternal Starting service [Catalina]
18-Feb-2026 09:19:39.255 INFO [main] org.apache.catalina.core.StandardEngine.startInternal Starting Servlet engine: [Apache Tomcat/11.0.13]
18-Feb-2026 09:19:39.262 INFO [main] org.apache.catalina.startup.HostConfig.deployDirectory Deploying web application directory [/home/infoetu/baptiste.lavogiez.etu/BUT2/Semestre2/Webdev/tomcat/webapps/ctp2]
18-Feb-2026 09:19:39.640 INFO [main] org.apache.jasper.servlet.TldScanner.scanJars At least one JAR was scanned for TLDs yet contained no TLDs. Enable debug logging for this logger for a complete list of JARs that were scanned but no TLDs were found in them. Skipping unneeded JARs during scanning can improve startup time and JSP compilation time.
18-Feb-2026 09:19:39.656 INFO [main] org.apache.catalina.startup.HostConfig.deployDirectory Deployment of web application directory [/home/infoetu/baptiste.lavogiez.etu/BUT2/Semestre2/Webdev/tomcat/webapps/ctp2] has finished in [394] ms
18-Feb-2026 09:19:39.657 INFO [main] org.apache.catalina.startup.HostConfig.deployDirectory Deploying web application directory [/home/infoetu/baptiste.lavogiez.etu/BUT2/Semestre2/Webdev/tomcat/webapps/ctp (copie)]
18-Feb-2026 09:19:39.825 INFO [main] org.apache.jasper.servlet.TldScanner.scanJars At least one JAR was scanned for TLDs yet contained no TLDs. Enable debug logging for this logger for a complete list of JARs that were scanned but no TLDs were found in them. Skipping unneeded JARs during scanning can improve startup time and JSP compilation time.
18-Feb-2026 09:19:39.826 INFO [main] org.apache.catalina.startup.HostConfig.deployDirectory Deployment of web application directory [/home/infoetu/baptiste.lavogiez.etu/BUT2/Semestre2/Webdev/tomcat/webapps/ctp (copie)] has finished in [169] ms
18-Feb-2026 09:19:39.827 INFO [main] org.apache.catalina.startup.HostConfig.deployDirectory Deploying web application directory [/home/infoetu/baptiste.lavogiez.etu/BUT2/Semestre2/Webdev/tomcat/webapps/ctp-sample]
18-Feb-2026 09:19:39.966 INFO [main] org.apache.jasper.servlet.TldScanner.scanJars At least one JAR was scanned for TLDs yet contained no TLDs. Enable debug logging for this logger for a complete list of JARs that were scanned but no TLDs were found in them. Skipping unneeded JARs during scanning can improve startup time and JSP compilation time.
18-Feb-2026 09:19:39.968 INFO [main] org.apache.catalina.startup.HostConfig.deployDirectory Deployment of web application directory [/home/infoetu/baptiste.lavogiez.etu/BUT2/Semestre2/Webdev/tomcat/webapps/ctp-sample] has finished in [140] ms
18-Feb-2026 09:19:39.968 INFO [main] org.apache.catalina.startup.HostConfig.deployDirectory Deploying web application directory [/home/infoetu/baptiste.lavogiez.etu/BUT2/Semestre2/Webdev/tomcat/webapps/__MACOSX]
18-Feb-2026 09:19:40.090 INFO [main] org.apache.jasper.servlet.TldScanner.scanJars At least one JAR was scanned for TLDs yet contained no TLDs. Enable debug logging for this logger for a complete list of JARs that were scanned but no TLDs were found in them. Skipping unneeded JARs during scanning can improve startup time and JSP compilation time.
18-Feb-2026 09:19:40.092 INFO [main] org.apache.catalina.startup.HostConfig.deployDirectory Deployment of web application directory [/home/infoetu/baptiste.lavogiez.etu/BUT2/Semestre2/Webdev/tomcat/webapps/__MACOSX] has finished in [124] ms
18-Feb-2026 09:19:40.092 INFO [main] org.apache.catalina.startup.HostConfig.deployDirectory Deploying web application directory [/home/infoetu/baptiste.lavogiez.etu/BUT2/Semestre2/Webdev/tomcat/webapps/ROOT]
18-Feb-2026 09:19:40.212 INFO [main] org.apache.jasper.servlet.TldScanner.scanJars At least one JAR was scanned for TLDs yet contained no TLDs. Enable debug logging for this logger for a complete list of JARs that were scanned but no TLDs were found in them. Skipping unneeded JARs during scanning can improve startup time and JSP compilation time.
18-Feb-2026 09:19:40.213 INFO [main] org.apache.catalina.startup.HostConfig.deployDirectory Deployment of web application directory [/home/infoetu/baptiste.lavogiez.etu/BUT2/Semestre2/Webdev/tomcat/webapps/ROOT] has finished in [121] ms
18-Feb-2026 09:19:40.214 INFO [main] org.apache.catalina.startup.HostConfig.deployDirectory Deploying web application directory [/home/infoetu/baptiste.lavogiez.etu/BUT2/Semestre2/Webdev/tomcat/webapps/TP04]
18-Feb-2026 09:19:40.362 INFO [main] org.apache.jasper.servlet.TldScanner.scanJars At least one JAR was scanned for TLDs yet contained no TLDs. Enable debug logging for this logger for a complete list of JARs that were scanned but no TLDs were found in them. Skipping unneeded JARs during scanning can improve startup time and JSP compilation time.
18-Feb-2026 09:19:40.363 INFO [main] org.apache.catalina.startup.HostConfig.deployDirectory Deployment of web application directory [/home/infoetu/baptiste.lavogiez.etu/BUT2/Semestre2/Webdev/tomcat/webapps/TP04] has finished in [149] ms
18-Feb-2026 09:19:40.364 INFO [main] org.apache.catalina.startup.HostConfig.deployDirectory Deploying web application directory [/home/infoetu/baptiste.lavogiez.etu/BUT2/Semestre2/Webdev/tomcat/webapps/docs]
18-Feb-2026 09:19:40.480 INFO [main] org.apache.jasper.servlet.TldScanner.scanJars At least one JAR was scanned for TLDs yet contained no TLDs. Enable debug logging for this logger for a complete list of JARs that were scanned but no TLDs were found in them. Skipping unneeded JARs during scanning can improve startup time and JSP compilation time.
18-Feb-2026 09:19:40.481 INFO [main] org.apache.catalina.startup.HostConfig.deployDirectory Deployment of web application directory [/home/infoetu/baptiste.lavogiez.etu/BUT2/Semestre2/Webdev/tomcat/webapps/docs] has finished in [117] ms
18-Feb-2026 09:19:40.482 INFO [main] org.apache.catalina.startup.HostConfig.deployDirectory Deploying web application directory [/home/infoetu/baptiste.lavogiez.etu/BUT2/Semestre2/Webdev/tomcat/webapps/TP03-Partie2]
18-Feb-2026 09:19:40.618 INFO [main] org.apache.jasper.servlet.TldScanner.scanJars At least one JAR was scanned for TLDs yet contained no TLDs. Enable debug logging for this logger for a complete list of JARs that were scanned but no TLDs were found in them. Skipping unneeded JARs during scanning can improve startup time and JSP compilation time.
18-Feb-2026 09:19:40.619 INFO [main] org.apache.catalina.startup.HostConfig.deployDirectory Deployment of web application directory [/home/infoetu/baptiste.lavogiez.etu/BUT2/Semestre2/Webdev/tomcat/webapps/TP03-Partie2] has finished in [137] ms
18-Feb-2026 09:19:40.619 INFO [main] org.apache.catalina.startup.HostConfig.deployDirectory Deploying web application directory [/home/infoetu/baptiste.lavogiez.etu/BUT2/Semestre2/Webdev/tomcat/webapps/TP05]
18-Feb-2026 09:19:40.755 INFO [main] org.apache.jasper.servlet.TldScanner.scanJars At least one JAR was scanned for TLDs yet contained no TLDs. Enable debug logging for this logger for a complete list of JARs that were scanned but no TLDs were found in them. Skipping unneeded JARs during scanning can improve startup time and JSP compilation time.
18-Feb-2026 09:19:40.756 INFO [main] org.apache.catalina.startup.HostConfig.deployDirectory Deployment of web application directory [/home/infoetu/baptiste.lavogiez.etu/BUT2/Semestre2/Webdev/tomcat/webapps/TP05] has finished in [137] ms
18-Feb-2026 09:19:40.756 INFO [main] org.apache.catalina.startup.HostConfig.deployDirectory Deploying web application directory [/home/infoetu/baptiste.lavogiez.etu/BUT2/Semestre2/Webdev/tomcat/webapps/TP06]
18-Feb-2026 09:19:40.893 INFO [main] org.apache.jasper.servlet.TldScanner.scanJars At least one JAR was scanned for TLDs yet contained no TLDs. Enable debug logging for this logger for a complete list of JARs that were scanned but no TLDs were found in them. Skipping unneeded JARs during scanning can improve startup time and JSP compilation time.
18-Feb-2026 09:19:40.894 INFO [main] org.apache.catalina.startup.HostConfig.deployDirectory Deployment of web application directory [/home/infoetu/baptiste.lavogiez.etu/BUT2/Semestre2/Webdev/tomcat/webapps/TP06] has finished in [138] ms
18-Feb-2026 09:19:40.895 INFO [main] org.apache.catalina.startup.HostConfig.deployDirectory Deploying web application directory [/home/infoetu/baptiste.lavogiez.etu/BUT2/Semestre2/Webdev/tomcat/webapps/manager]
18-Feb-2026 09:19:41.016 INFO [main] org.apache.jasper.servlet.TldScanner.scanJars At least one JAR was scanned for TLDs yet contained no TLDs. Enable debug logging for this logger for a complete list of JARs that were scanned but no TLDs were found in them. Skipping unneeded JARs during scanning can improve startup time and JSP compilation time.
18-Feb-2026 09:19:41.018 INFO [main] org.apache.catalina.startup.HostConfig.deployDirectory Deployment of web application directory [/home/infoetu/baptiste.lavogiez.etu/BUT2/Semestre2/Webdev/tomcat/webapps/manager] has finished in [123] ms
18-Feb-2026 09:19:41.019 INFO [main] org.apache.catalina.startup.HostConfig.deployDirectory Deploying web application directory [/home/infoetu/baptiste.lavogiez.etu/BUT2/Semestre2/Webdev/tomcat/webapps/TP02]
18-Feb-2026 09:19:41.154 INFO [main] org.apache.jasper.servlet.TldScanner.scanJars At least one JAR was scanned for TLDs yet contained no TLDs. Enable debug logging for this logger for a complete list of JARs that were scanned but no TLDs were found in them. Skipping unneeded JARs during scanning can improve startup time and JSP compilation time.
18-Feb-2026 09:19:41.156 INFO [main] org.apache.catalina.startup.HostConfig.deployDirectory Deployment of web application directory [/home/infoetu/baptiste.lavogiez.etu/BUT2/Semestre2/Webdev/tomcat/webapps/TP02] has finished in [137] ms
18-Feb-2026 09:19:41.156 INFO [main] org.apache.catalina.startup.HostConfig.deployDirectory Deploying web application directory [/home/infoetu/baptiste.lavogiez.etu/BUT2/Semestre2/Webdev/tomcat/webapps/ctp1]
18-Feb-2026 09:19:41.305 INFO [main] org.apache.jasper.servlet.TldScanner.scanJars At least one JAR was scanned for TLDs yet contained no TLDs. Enable debug logging for this logger for a complete list of JARs that were scanned but no TLDs were found in them. Skipping unneeded JARs during scanning can improve startup time and JSP compilation time.
18-Feb-2026 09:19:41.306 INFO [main] org.apache.catalina.startup.HostConfig.deployDirectory Deployment of web application directory [/home/infoetu/baptiste.lavogiez.etu/BUT2/Semestre2/Webdev/tomcat/webapps/ctp1] has finished in [150] ms
18-Feb-2026 09:19:41.306 INFO [main] org.apache.catalina.startup.HostConfig.deployDirectory Deploying web application directory [/home/infoetu/baptiste.lavogiez.etu/BUT2/Semestre2/Webdev/tomcat/webapps/TP03]
18-Feb-2026 09:19:41.446 INFO [main] org.apache.jasper.servlet.TldScanner.scanJars At least one JAR was scanned for TLDs yet contained no TLDs. Enable debug logging for this logger for a complete list of JARs that were scanned but no TLDs were found in them. Skipping unneeded JARs during scanning can improve startup time and JSP compilation time.
18-Feb-2026 09:19:41.448 INFO [main] org.apache.catalina.startup.HostConfig.deployDirectory Deployment of web application directory [/home/infoetu/baptiste.lavogiez.etu/BUT2/Semestre2/Webdev/tomcat/webapps/TP03] has finished in [142] ms
18-Feb-2026 09:19:41.449 INFO [main] org.apache.catalina.startup.HostConfig.deployDirectory Deploying web application directory [/home/infoetu/baptiste.lavogiez.etu/BUT2/Semestre2/Webdev/tomcat/webapps/TP01]
18-Feb-2026 09:19:41.612 INFO [main] org.apache.jasper.servlet.TldScanner.scanJars At least one JAR was scanned for TLDs yet contained no TLDs. Enable debug logging for this logger for a complete list of JARs that were scanned but no TLDs were found in them. Skipping unneeded JARs during scanning can improve startup time and JSP compilation time.
18-Feb-2026 09:19:41.613 INFO [main] org.apache.catalina.startup.HostConfig.deployDirectory Deployment of web application directory [/home/infoetu/baptiste.lavogiez.etu/BUT2/Semestre2/Webdev/tomcat/webapps/TP01] has finished in [164] ms
18-Feb-2026 09:19:41.614 INFO [main] org.apache.catalina.startup.HostConfig.deployDirectory Deploying web application directory [/home/infoetu/baptiste.lavogiez.etu/BUT2/Semestre2/Webdev/tomcat/webapps/host-manager]
18-Feb-2026 09:19:41.732 INFO [main] org.apache.jasper.servlet.TldScanner.scanJars At least one JAR was scanned for TLDs yet contained no TLDs. Enable debug logging for this logger for a complete list of JARs that were scanned but no TLDs were found in them. Skipping unneeded JARs during scanning can improve startup time and JSP compilation time.
18-Feb-2026 09:19:41.734 INFO [main] org.apache.catalina.startup.HostConfig.deployDirectory Deployment of web application directory [/home/infoetu/baptiste.lavogiez.etu/BUT2/Semestre2/Webdev/tomcat/webapps/host-manager] has finished in [119] ms
18-Feb-2026 09:19:41.734 INFO [main] org.apache.catalina.startup.HostConfig.deployDirectory Deploying web application directory [/home/infoetu/baptiste.lavogiez.etu/BUT2/Semestre2/Webdev/tomcat/webapps/tp_chess]
18-Feb-2026 09:19:41.865 INFO [main] org.apache.jasper.servlet.TldScanner.scanJars At least one JAR was scanned for TLDs yet contained no TLDs. Enable debug logging for this logger for a complete list of JARs that were scanned but no TLDs were found in them. Skipping unneeded JARs during scanning can improve startup time and JSP compilation time.
18-Feb-2026 09:19:41.866 INFO [main] org.apache.catalina.startup.HostConfig.deployDirectory Deployment of web application directory [/home/infoetu/baptiste.lavogiez.etu/BUT2/Semestre2/Webdev/tomcat/webapps/tp_chess] has finished in [132] ms
18-Feb-2026 09:19:41.866 INFO [main] org.apache.catalina.startup.HostConfig.deployDirectory Deploying web application directory [/home/infoetu/baptiste.lavogiez.etu/BUT2/Semestre2/Webdev/tomcat/webapps/ctp3]
18-Feb-2026 09:19:41.999 INFO [main] org.apache.jasper.servlet.TldScanner.scanJars At least one JAR was scanned for TLDs yet contained no TLDs. Enable debug logging for this logger for a complete list of JARs that were scanned but no TLDs were found in them. Skipping unneeded JARs during scanning can improve startup time and JSP compilation time.
18-Feb-2026 09:19:42.000 INFO [main] org.apache.catalina.startup.HostConfig.deployDirectory Deployment of web application directory [/home/infoetu/baptiste.lavogiez.etu/BUT2/Semestre2/Webdev/tomcat/webapps/ctp3] has finished in [134] ms
18-Feb-2026 09:19:42.000 INFO [main] org.apache.catalina.startup.HostConfig.deployDirectory Deploying web application directory [/home/infoetu/baptiste.lavogiez.etu/BUT2/Semestre2/Webdev/tomcat/webapps/template]
18-Feb-2026 09:19:42.141 INFO [main] org.apache.jasper.servlet.TldScanner.scanJars At least one JAR was scanned for TLDs yet contained no TLDs. Enable debug logging for this logger for a complete list of JARs that were scanned but no TLDs were found in them. Skipping unneeded JARs during scanning can improve startup time and JSP compilation time.
18-Feb-2026 09:19:42.142 INFO [main] org.apache.catalina.startup.HostConfig.deployDirectory Deployment of web application directory [/home/infoetu/baptiste.lavogiez.etu/BUT2/Semestre2/Webdev/tomcat/webapps/template] has finished in [142] ms
18-Feb-2026 09:19:42.142 INFO [main] org.apache.catalina.startup.HostConfig.deployDirectory Deploying web application directory [/home/infoetu/baptiste.lavogiez.etu/BUT2/Semestre2/Webdev/tomcat/webapps/examples]
18-Feb-2026 09:19:42.483 INFO [main] org.apache.jasper.servlet.TldScanner.scanJars At least one JAR was scanned for TLDs yet contained no TLDs. Enable debug logging for this logger for a complete list of JARs that were scanned but no TLDs were found in them. Skipping unneeded JARs during scanning can improve startup time and JSP compilation time.
18-Feb-2026 09:19:42.497 INFO [main] org.apache.catalina.startup.HostConfig.deployDirectory Deployment of web application directory [/home/infoetu/baptiste.lavogiez.etu/BUT2/Semestre2/Webdev/tomcat/webapps/examples] has finished in [355] ms
18-Feb-2026 09:19:42.498 INFO [main] org.apache.catalina.startup.HostConfig.deployDirectory Deploying web application directory [/home/infoetu/baptiste.lavogiez.etu/BUT2/Semestre2/Webdev/tomcat/webapps/ctp]
18-Feb-2026 09:19:42.646 INFO [main] org.apache.jasper.servlet.TldScanner.scanJars At least one JAR was scanned for TLDs yet contained no TLDs. Enable debug logging for this logger for a complete list of JARs that were scanned but no TLDs were found in them. Skipping unneeded JARs during scanning can improve startup time and JSP compilation time.
18-Feb-2026 09:19:42.647 INFO [main] org.apache.catalina.startup.HostConfig.deployDirectory Deployment of web application directory [/home/infoetu/baptiste.lavogiez.etu/BUT2/Semestre2/Webdev/tomcat/webapps/ctp] has finished in [149] ms
18-Feb-2026 09:19:42.649 INFO [main] org.apache.coyote.AbstractProtocol.start Starting ProtocolHandler ["http-nio-8080"]
18-Feb-2026 09:19:42.654 INFO [main] org.apache.catalina.startup.Catalina.start Server startup in [3419] milliseconds
18-Feb-2026 09:22:16.139 INFO [Thread-1] org.apache.coyote.AbstractProtocol.pause Pausing ProtocolHandler ["http-nio-8080"]
18-Feb-2026 09:22:16.143 INFO [Thread-1] org.apache.catalina.core.StandardService.stopInternal Stopping service [Catalina]
18-Feb-2026 09:22:16.194 INFO [Thread-1] org.apache.coyote.AbstractProtocol.stop Stopping ProtocolHandler ["http-nio-8080"]
18-Feb-2026 09:22:16.206 INFO [Thread-1] org.apache.coyote.AbstractProtocol.destroy Destroying ProtocolHandler ["http-nio-8080"]
18-Feb-2026 09:22:17.148 INFO [main] org.apache.catalina.startup.VersionLoggerListener.log Server version name:   Apache Tomcat/11.0.13
18-Feb-2026 09:22:17.149 INFO [main] org.apache.catalina.startup.VersionLoggerListener.log Server built:          Oct 10 2025 13:57:31 UTC
18-Feb-2026 09:22:17.150 INFO [main] org.apache.catalina.startup.VersionLoggerListener.log Server version number: 11.0.13.0
18-Feb-2026 09:22:17.150 INFO [main] org.apache.catalina.startup.VersionLoggerListener.log OS Name:               Linux
18-Feb-2026 09:22:17.150 INFO [main] org.apache.catalina.startup.VersionLoggerListener.log OS Version:            6.1.0-40-amd64
18-Feb-2026 09:22:17.150 INFO [main] org.apache.catalina.startup.VersionLoggerListener.log Architecture:          amd64
18-Feb-2026 09:22:17.150 INFO [main] org.apache.catalina.startup.VersionLoggerListener.log Java Home:             /usr/lib/jvm/java-17-openjdk-amd64
18-Feb-2026 09:22:17.150 INFO [main] org.apache.catalina.startup.VersionLoggerListener.log JVM Version:           17.0.18+8-Debian-1deb12u1
18-Feb-2026 09:22:17.150 INFO [main] org.apache.catalina.startup.VersionLoggerListener.log JVM Vendor:            Debian
18-Feb-2026 09:22:17.150 INFO [main] org.apache.catalina.startup.VersionLoggerListener.log CATALINA_BASE:         /home/infoetu/baptiste.lavogiez.etu/BUT2/Semestre2/Webdev/tomcat
18-Feb-2026 09:22:17.150 INFO [main] org.apache.catalina.startup.VersionLoggerListener.log CATALINA_HOME:         /home/infoetu/baptiste.lavogiez.etu/BUT2/Semestre2/Webdev/tomcat
18-Feb-2026 09:22:17.154 INFO [main] org.apache.catalina.startup.VersionLoggerListener.log Command line argument: -Djava.util.logging.config.file=/home/infoetu/baptiste.lavogiez.etu/BUT2/Semestre2/Webdev/tomcat/conf/logging.properties
18-Feb-2026 09:22:17.154 INFO [main] org.apache.catalina.startup.VersionLoggerListener.log Command line argument: -Djava.util.logging.manager=org.apache.juli.ClassLoaderLogManager
18-Feb-2026 09:22:17.154 INFO [main] org.apache.catalina.startup.VersionLoggerListener.log Command line argument: -Djdk.tls.ephemeralDHKeySize=2048
18-Feb-2026 09:22:17.154 INFO [main] org.apache.catalina.startup.VersionLoggerListener.log Command line argument: -Dorg.apache.catalina.security.SecurityListener.UMASK=0027
18-Feb-2026 09:22:17.154 INFO [main] org.apache.catalina.startup.VersionLoggerListener.log Command line argument: --add-opens=java.base/java.lang=ALL-UNNAMED
18-Feb-2026 09:22:17.154 INFO [main] org.apache.catalina.startup.VersionLoggerListener.log Command line argument: --add-opens=java.base/java.lang.reflect=ALL-UNNAMED
18-Feb-2026 09:22:17.154 INFO [main] org.apache.catalina.startup.VersionLoggerListener.log Command line argument: --add-opens=java.base/java.io=ALL-UNNAMED
18-Feb-2026 09:22:17.154 INFO [main] org.apache.catalina.startup.VersionLoggerListener.log Command line argument: --add-opens=java.base/java.util=ALL-UNNAMED
18-Feb-2026 09:22:17.154 INFO [main] org.apache.catalina.startup.VersionLoggerListener.log Command line argument: --add-opens=java.base/java.util.concurrent=ALL-UNNAMED
18-Feb-2026 09:22:17.154 INFO [main] org.apache.catalina.startup.VersionLoggerListener.log Command line argument: --add-opens=java.rmi/sun.rmi.transport=ALL-UNNAMED
18-Feb-2026 09:22:17.154 INFO [main] org.apache.catalina.startup.VersionLoggerListener.log Command line argument: --enable-native-access=ALL-UNNAMED
18-Feb-2026 09:22:17.154 INFO [main] org.apache.catalina.startup.VersionLoggerListener.log Command line argument: -Dcatalina.base=/home/infoetu/baptiste.lavogiez.etu/BUT2/Semestre2/Webdev/tomcat
18-Feb-2026 09:22:17.154 INFO [main] org.apache.catalina.startup.VersionLoggerListener.log Command line argument: -Dcatalina.home=/home/infoetu/baptiste.lavogiez.etu/BUT2/Semestre2/Webdev/tomcat
18-Feb-2026 09:22:17.154 INFO [main] org.apache.catalina.startup.VersionLoggerListener.log Command line argument: -Djava.io.tmpdir=/home/infoetu/baptiste.lavogiez.etu/BUT2/Semestre2/Webdev/tomcat/temp
18-Feb-2026 09:22:17.155 INFO [main] org.apache.catalina.core.AprLifecycleListener.lifecycleEvent The Apache Tomcat Native library which allows using OpenSSL was not found on the java.library.path: [/usr/java/packages/lib:/usr/lib/x86_64-linux-gnu/jni:/lib/x86_64-linux-gnu:/usr/lib/x86_64-linux-gnu:/usr/lib/jni:/lib:/usr/lib]
18-Feb-2026 09:22:17.252 INFO [main] org.apache.coyote.AbstractProtocol.init Initializing ProtocolHandler ["http-nio-8080"]
18-Feb-2026 09:22:17.260 INFO [main] org.apache.catalina.startup.Catalina.load Server initialization in [178] milliseconds
18-Feb-2026 09:22:17.276 INFO [main] org.apache.catalina.core.StandardService.startInternal Starting service [Catalina]
18-Feb-2026 09:22:17.276 INFO [main] org.apache.catalina.core.StandardEngine.startInternal Starting Servlet engine: [Apache Tomcat/11.0.13]
18-Feb-2026 09:22:17.281 INFO [main] org.apache.catalina.startup.HostConfig.deployDirectory Deploying web application directory [/home/infoetu/baptiste.lavogiez.etu/BUT2/Semestre2/Webdev/tomcat/webapps/ctp2]
18-Feb-2026 09:22:17.599 INFO [main] org.apache.jasper.servlet.TldScanner.scanJars At least one JAR was scanned for TLDs yet contained no TLDs. Enable debug logging for this logger for a complete list of JARs that were scanned but no TLDs were found in them. Skipping unneeded JARs during scanning can improve startup time and JSP compilation time.
18-Feb-2026 09:22:17.614 INFO [main] org.apache.catalina.startup.HostConfig.deployDirectory Deployment of web application directory [/home/infoetu/baptiste.lavogiez.etu/BUT2/Semestre2/Webdev/tomcat/webapps/ctp2] has finished in [333] ms
18-Feb-2026 09:22:17.614 INFO [main] org.apache.catalina.startup.HostConfig.deployDirectory Deploying web application directory [/home/infoetu/baptiste.lavogiez.etu/BUT2/Semestre2/Webdev/tomcat/webapps/ctp (copie)]
18-Feb-2026 09:22:17.777 INFO [main] org.apache.jasper.servlet.TldScanner.scanJars At least one JAR was scanned for TLDs yet contained no TLDs. Enable debug logging for this logger for a complete list of JARs that were scanned but no TLDs were found in them. Skipping unneeded JARs during scanning can improve startup time and JSP compilation time.
18-Feb-2026 09:22:17.778 INFO [main] org.apache.catalina.startup.HostConfig.deployDirectory Deployment of web application directory [/home/infoetu/baptiste.lavogiez.etu/BUT2/Semestre2/Webdev/tomcat/webapps/ctp (copie)] has finished in [164] ms
18-Feb-2026 09:22:17.778 INFO [main] org.apache.catalina.startup.HostConfig.deployDirectory Deploying web application directory [/home/infoetu/baptiste.lavogiez.etu/BUT2/Semestre2/Webdev/tomcat/webapps/ctp-sample]
18-Feb-2026 09:22:17.923 INFO [main] org.apache.jasper.servlet.TldScanner.scanJars At least one JAR was scanned for TLDs yet contained no TLDs. Enable debug logging for this logger for a complete list of JARs that were scanned but no TLDs were found in them. Skipping unneeded JARs during scanning can improve startup time and JSP compilation time.
18-Feb-2026 09:22:17.924 INFO [main] org.apache.catalina.startup.HostConfig.deployDirectory Deployment of web application directory [/home/infoetu/baptiste.lavogiez.etu/BUT2/Semestre2/Webdev/tomcat/webapps/ctp-sample] has finished in [146] ms
18-Feb-2026 09:22:17.924 INFO [main] org.apache.catalina.startup.HostConfig.deployDirectory Deploying web application directory [/home/infoetu/baptiste.lavogiez.etu/BUT2/Semestre2/Webdev/tomcat/webapps/__MACOSX]
18-Feb-2026 09:22:18.048 INFO [main] org.apache.jasper.servlet.TldScanner.scanJars At least one JAR was scanned for TLDs yet contained no TLDs. Enable debug logging for this logger for a complete list of JARs that were scanned but no TLDs were found in them. Skipping unneeded JARs during scanning can improve startup time and JSP compilation time.
18-Feb-2026 09:22:18.048 INFO [main] org.apache.catalina.startup.HostConfig.deployDirectory Deployment of web application directory [/home/infoetu/baptiste.lavogiez.etu/BUT2/Semestre2/Webdev/tomcat/webapps/__MACOSX] has finished in [124] ms
18-Feb-2026 09:22:18.049 INFO [main] org.apache.catalina.startup.HostConfig.deployDirectory Deploying web application directory [/home/infoetu/baptiste.lavogiez.etu/BUT2/Semestre2/Webdev/tomcat/webapps/ROOT]
18-Feb-2026 09:22:18.170 INFO [main] org.apache.jasper.servlet.TldScanner.scanJars At least one JAR was scanned for TLDs yet contained no TLDs. Enable debug logging for this logger for a complete list of JARs that were scanned but no TLDs were found in them. Skipping unneeded JARs during scanning can improve startup time and JSP compilation time.
18-Feb-2026 09:22:18.171 INFO [main] org.apache.catalina.startup.HostConfig.deployDirectory Deployment of web application directory [/home/infoetu/baptiste.lavogiez.etu/BUT2/Semestre2/Webdev/tomcat/webapps/ROOT] has finished in [122] ms
18-Feb-2026 09:22:18.171 INFO [main] org.apache.catalina.startup.HostConfig.deployDirectory Deploying web application directory [/home/infoetu/baptiste.lavogiez.etu/BUT2/Semestre2/Webdev/tomcat/webapps/TP04]
18-Feb-2026 09:22:18.304 INFO [main] org.apache.jasper.servlet.TldScanner.scanJars At least one JAR was scanned for TLDs yet contained no TLDs. Enable debug logging for this logger for a complete list of JARs that were scanned but no TLDs were found in them. Skipping unneeded JARs during scanning can improve startup time and JSP compilation time.
18-Feb-2026 09:22:18.305 INFO [main] org.apache.catalina.startup.HostConfig.deployDirectory Deployment of web application directory [/home/infoetu/baptiste.lavogiez.etu/BUT2/Semestre2/Webdev/tomcat/webapps/TP04] has finished in [133] ms
18-Feb-2026 09:22:18.305 INFO [main] org.apache.catalina.startup.HostConfig.deployDirectory Deploying web application directory [/home/infoetu/baptiste.lavogiez.etu/BUT2/Semestre2/Webdev/tomcat/webapps/docs]
18-Feb-2026 09:22:18.423 INFO [main] org.apache.jasper.servlet.TldScanner.scanJars At least one JAR was scanned for TLDs yet contained no TLDs. Enable debug logging for this logger for a complete list of JARs that were scanned but no TLDs were found in them. Skipping unneeded JARs during scanning can improve startup time and JSP compilation time.
18-Feb-2026 09:22:18.424 INFO [main] org.apache.catalina.startup.HostConfig.deployDirectory Deployment of web application directory [/home/infoetu/baptiste.lavogiez.etu/BUT2/Semestre2/Webdev/tomcat/webapps/docs] has finished in [118] ms
18-Feb-2026 09:22:18.424 INFO [main] org.apache.catalina.startup.HostConfig.deployDirectory Deploying web application directory [/home/infoetu/baptiste.lavogiez.etu/BUT2/Semestre2/Webdev/tomcat/webapps/TP03-Partie2]
18-Feb-2026 09:22:18.550 INFO [main] org.apache.jasper.servlet.TldScanner.scanJars At least one JAR was scanned for TLDs yet contained no TLDs. Enable debug logging for this logger for a complete list of JARs that were scanned but no TLDs were found in them. Skipping unneeded JARs during scanning can improve startup time and JSP compilation time.
18-Feb-2026 09:22:18.551 INFO [main] org.apache.catalina.startup.HostConfig.deployDirectory Deployment of web application directory [/home/infoetu/baptiste.lavogiez.etu/BUT2/Semestre2/Webdev/tomcat/webapps/TP03-Partie2] has finished in [127] ms
18-Feb-2026 09:22:18.551 INFO [main] org.apache.catalina.startup.HostConfig.deployDirectory Deploying web application directory [/home/infoetu/baptiste.lavogiez.etu/BUT2/Semestre2/Webdev/tomcat/webapps/TP05]
18-Feb-2026 09:22:18.683 INFO [main] org.apache.jasper.servlet.TldScanner.scanJars At least one JAR was scanned for TLDs yet contained no TLDs. Enable debug logging for this logger for a complete list of JARs that were scanned but no TLDs were found in them. Skipping unneeded JARs during scanning can improve startup time and JSP compilation time.
18-Feb-2026 09:22:18.684 INFO [main] org.apache.catalina.startup.HostConfig.deployDirectory Deployment of web application directory [/home/infoetu/baptiste.lavogiez.etu/BUT2/Semestre2/Webdev/tomcat/webapps/TP05] has finished in [133] ms
18-Feb-2026 09:22:18.684 INFO [main] org.apache.catalina.startup.HostConfig.deployDirectory Deploying web application directory [/home/infoetu/baptiste.lavogiez.etu/BUT2/Semestre2/Webdev/tomcat/webapps/TP06]
18-Feb-2026 09:22:18.695 SEVERE [main] org.apache.catalina.startup.HostConfig.deployDirectory Error deploying web application directory [/home/infoetu/baptiste.lavogiez.etu/BUT2/Semestre2/Webdev/tomcat/webapps/TP06]
	java.lang.IllegalStateException: Error starting child
		at org.apache.catalina.core.ContainerBase.addChild(ContainerBase.java:567)
		at org.apache.catalina.core.StandardHost.addChild(StandardHost.java:650)
		at org.apache.catalina.startup.HostConfig.deployDirectory(HostConfig.java:1084)
		at org.apache.catalina.startup.HostConfig$DeployDirectory.run(HostConfig.java:1850)
		at java.base/java.util.concurrent.Executors$RunnableAdapter.call(Executors.java:539)
		at java.base/java.util.concurrent.FutureTask.run(FutureTask.java:264)
		at org.apache.tomcat.util.threads.InlineExecutorService.execute(InlineExecutorService.java:81)
		at java.base/java.util.concurrent.AbstractExecutorService.submit(AbstractExecutorService.java:123)
		at org.apache.catalina.startup.HostConfig.deployDirectories(HostConfig.java:995)
		at org.apache.catalina.startup.HostConfig.deployApps(HostConfig.java:380)
		at org.apache.catalina.startup.HostConfig.start(HostConfig.java:1579)
		at org.apache.catalina.startup.HostConfig.lifecycleEvent(HostConfig.java:262)
		at org.apache.catalina.util.LifecycleBase.fireLifecycleEvent(LifecycleBase.java:109)
		at org.apache.catalina.util.LifecycleBase.setStateInternal(LifecycleBase.java:389)
		at org.apache.catalina.util.LifecycleBase.setState(LifecycleBase.java:336)
		at org.apache.catalina.core.ContainerBase.startInternal(ContainerBase.java:741)
		at org.apache.catalina.core.StandardHost.startInternal(StandardHost.java:767)
		at org.apache.catalina.util.LifecycleBase.start(LifecycleBase.java:164)
		at org.apache.catalina.core.ContainerBase$StartChild.call(ContainerBase.java:1162)
		at org.apache.catalina.core.ContainerBase$StartChild.call(ContainerBase.java:1158)
		at java.base/java.util.concurrent.FutureTask.run(FutureTask.java:264)
		at org.apache.tomcat.util.threads.InlineExecutorService.execute(InlineExecutorService.java:81)
		at java.base/java.util.concurrent.AbstractExecutorService.submit(AbstractExecutorService.java:145)
		at org.apache.catalina.core.ContainerBase.startInternal(ContainerBase.java:714)
		at org.apache.catalina.core.StandardEngine.startInternal(StandardEngine.java:201)
		at org.apache.catalina.util.LifecycleBase.start(LifecycleBase.java:164)
		at org.apache.catalina.core.StandardService.startInternal(StandardService.java:410)
		at org.apache.catalina.util.LifecycleBase.start(LifecycleBase.java:164)
		at org.apache.catalina.core.StandardServer.startInternal(StandardServer.java:864)
		at org.apache.catalina.util.LifecycleBase.start(LifecycleBase.java:164)
		at org.apache.catalina.startup.Catalina.start(Catalina.java:756)
		at java.base/jdk.internal.reflect.NativeMethodAccessorImpl.invoke0(Native Method)
		at java.base/jdk.internal.reflect.NativeMethodAccessorImpl.invoke(NativeMethodAccessorImpl.java:77)
		at java.base/jdk.internal.reflect.DelegatingMethodAccessorImpl.invoke(DelegatingMethodAccessorImpl.java:43)
		at java.base/java.lang.reflect.Method.invoke(Method.java:569)
		at org.apache.catalina.startup.Bootstrap.start(Bootstrap.java:339)
		at org.apache.catalina.startup.Bootstrap.main(Bootstrap.java:470)
	Caused by: org.apache.catalina.LifecycleException: Failed to start component [StandardEngine[Catalina].StandardHost[localhost].StandardContext[/TP06]]
		at org.apache.catalina.util.LifecycleBase.handleSubClassException(LifecycleBase.java:404)
		at org.apache.catalina.util.LifecycleBase.start(LifecycleBase.java:179)
		at org.apache.catalina.core.ContainerBase.addChild(ContainerBase.java:564)
		... 36 more
	Caused by: java.lang.IllegalArgumentException: The servlets named [ControleurEtudiant] and [controller.ControleurEtudiant] are both mapped to the url-pattern [/etudiants/*] which is not permitted
		at org.apache.tomcat.util.descriptor.web.WebXml.addServletMappingDecoded(WebXml.java:419)
		at org.apache.tomcat.util.descriptor.web.WebXml.addServletMapping(WebXml.java:410)
		at org.apache.catalina.startup.ContextConfig.processAnnotationWebServlet(ContextConfig.java:2542)
		at org.apache.catalina.startup.ContextConfig.processClass(ContextConfig.java:2248)
		at org.apache.catalina.startup.ContextConfig.processAnnotationsStream(ContextConfig.java:2237)
		at org.apache.catalina.startup.ContextConfig.processAnnotationsWebResource(ContextConfig.java:2148)
		at org.apache.catalina.startup.ContextConfig.processAnnotationsWebResource(ContextConfig.java:2143)
		at org.apache.catalina.startup.ContextConfig.processClasses(ContextConfig.java:1357)
		at org.apache.catalina.startup.ContextConfig.webConfig(ContextConfig.java:1267)
		at org.apache.catalina.startup.ContextConfig.configureStart(ContextConfig.java:968)
		at org.apache.catalina.startup.ContextConfig.lifecycleEvent(ContextConfig.java:288)
		at org.apache.catalina.util.LifecycleBase.fireLifecycleEvent(LifecycleBase.java:109)
		at org.apache.catalina.core.StandardContext.startInternal(StandardContext.java:4334)
		at org.apache.catalina.util.LifecycleBase.start(LifecycleBase.java:164)
		... 37 more
18-Feb-2026 09:22:18.697 INFO [main] org.apache.catalina.startup.HostConfig.deployDirectory Deployment of web application directory [/home/infoetu/baptiste.lavogiez.etu/BUT2/Semestre2/Webdev/tomcat/webapps/TP06] has finished in [13] ms
18-Feb-2026 09:22:18.698 INFO [main] org.apache.catalina.startup.HostConfig.deployDirectory Deploying web application directory [/home/infoetu/baptiste.lavogiez.etu/BUT2/Semestre2/Webdev/tomcat/webapps/manager]
18-Feb-2026 09:22:18.810 INFO [main] org.apache.jasper.servlet.TldScanner.scanJars At least one JAR was scanned for TLDs yet contained no TLDs. Enable debug logging for this logger for a complete list of JARs that were scanned but no TLDs were found in them. Skipping unneeded JARs during scanning can improve startup time and JSP compilation time.
18-Feb-2026 09:22:18.812 INFO [main] org.apache.catalina.startup.HostConfig.deployDirectory Deployment of web application directory [/home/infoetu/baptiste.lavogiez.etu/BUT2/Semestre2/Webdev/tomcat/webapps/manager] has finished in [114] ms
18-Feb-2026 09:22:18.812 INFO [main] org.apache.catalina.startup.HostConfig.deployDirectory Deploying web application directory [/home/infoetu/baptiste.lavogiez.etu/BUT2/Semestre2/Webdev/tomcat/webapps/TP02]
18-Feb-2026 09:22:18.935 INFO [main] org.apache.jasper.servlet.TldScanner.scanJars At least one JAR was scanned for TLDs yet contained no TLDs. Enable debug logging for this logger for a complete list of JARs that were scanned but no TLDs were found in them. Skipping unneeded JARs during scanning can improve startup time and JSP compilation time.
18-Feb-2026 09:22:18.936 INFO [main] org.apache.catalina.startup.HostConfig.deployDirectory Deployment of web application directory [/home/infoetu/baptiste.lavogiez.etu/BUT2/Semestre2/Webdev/tomcat/webapps/TP02] has finished in [124] ms
18-Feb-2026 09:22:18.936 INFO [main] org.apache.catalina.startup.HostConfig.deployDirectory Deploying web application directory [/home/infoetu/baptiste.lavogiez.etu/BUT2/Semestre2/Webdev/tomcat/webapps/ctp1]
18-Feb-2026 09:22:19.068 INFO [main] org.apache.jasper.servlet.TldScanner.scanJars At least one JAR was scanned for TLDs yet contained no TLDs. Enable debug logging for this logger for a complete list of JARs that were scanned but no TLDs were found in them. Skipping unneeded JARs during scanning can improve startup time and JSP compilation time.
18-Feb-2026 09:22:19.069 INFO [main] org.apache.catalina.startup.HostConfig.deployDirectory Deployment of web application directory [/home/infoetu/baptiste.lavogiez.etu/BUT2/Semestre2/Webdev/tomcat/webapps/ctp1] has finished in [133] ms
18-Feb-2026 09:22:19.069 INFO [main] org.apache.catalina.startup.HostConfig.deployDirectory Deploying web application directory [/home/infoetu/baptiste.lavogiez.etu/BUT2/Semestre2/Webdev/tomcat/webapps/TP03]
18-Feb-2026 09:22:19.185 INFO [main] org.apache.jasper.servlet.TldScanner.scanJars At least one JAR was scanned for TLDs yet contained no TLDs. Enable debug logging for this logger for a complete list of JARs that were scanned but no TLDs were found in them. Skipping unneeded JARs during scanning can improve startup time and JSP compilation time.
18-Feb-2026 09:22:19.186 INFO [main] org.apache.catalina.startup.HostConfig.deployDirectory Deployment of web application directory [/home/infoetu/baptiste.lavogiez.etu/BUT2/Semestre2/Webdev/tomcat/webapps/TP03] has finished in [117] ms
18-Feb-2026 09:22:19.186 INFO [main] org.apache.catalina.startup.HostConfig.deployDirectory Deploying web application directory [/home/infoetu/baptiste.lavogiez.etu/BUT2/Semestre2/Webdev/tomcat/webapps/TP01]
18-Feb-2026 09:22:19.298 INFO [main] org.apache.jasper.servlet.TldScanner.scanJars At least one JAR was scanned for TLDs yet contained no TLDs. Enable debug logging for this logger for a complete list of JARs that were scanned but no TLDs were found in them. Skipping unneeded JARs during scanning can improve startup time and JSP compilation time.
18-Feb-2026 09:22:19.299 INFO [main] org.apache.catalina.startup.HostConfig.deployDirectory Deployment of web application directory [/home/infoetu/baptiste.lavogiez.etu/BUT2/Semestre2/Webdev/tomcat/webapps/TP01] has finished in [113] ms
18-Feb-2026 09:22:19.299 INFO [main] org.apache.catalina.startup.HostConfig.deployDirectory Deploying web application directory [/home/infoetu/baptiste.lavogiez.etu/BUT2/Semestre2/Webdev/tomcat/webapps/host-manager]
18-Feb-2026 09:22:19.411 INFO [main] org.apache.jasper.servlet.TldScanner.scanJars At least one JAR was scanned for TLDs yet contained no TLDs. Enable debug logging for this logger for a complete list of JARs that were scanned but no TLDs were found in them. Skipping unneeded JARs during scanning can improve startup time and JSP compilation time.
18-Feb-2026 09:22:19.412 INFO [main] org.apache.catalina.startup.HostConfig.deployDirectory Deployment of web application directory [/home/infoetu/baptiste.lavogiez.etu/BUT2/Semestre2/Webdev/tomcat/webapps/host-manager] has finished in [113] ms
18-Feb-2026 09:22:19.412 INFO [main] org.apache.catalina.startup.HostConfig.deployDirectory Deploying web application directory [/home/infoetu/baptiste.lavogiez.etu/BUT2/Semestre2/Webdev/tomcat/webapps/tp_chess]
18-Feb-2026 09:22:19.537 INFO [main] org.apache.jasper.servlet.TldScanner.scanJars At least one JAR was scanned for TLDs yet contained no TLDs. Enable debug logging for this logger for a complete list of JARs that were scanned but no TLDs were found in them. Skipping unneeded JARs during scanning can improve startup time and JSP compilation time.
18-Feb-2026 09:22:19.538 INFO [main] org.apache.catalina.startup.HostConfig.deployDirectory Deployment of web application directory [/home/infoetu/baptiste.lavogiez.etu/BUT2/Semestre2/Webdev/tomcat/webapps/tp_chess] has finished in [125] ms
18-Feb-2026 09:22:19.538 INFO [main] org.apache.catalina.startup.HostConfig.deployDirectory Deploying web application directory [/home/infoetu/baptiste.lavogiez.etu/BUT2/Semestre2/Webdev/tomcat/webapps/ctp3]
18-Feb-2026 09:22:19.658 INFO [main] org.apache.jasper.servlet.TldScanner.scanJars At least one JAR was scanned for TLDs yet contained no TLDs. Enable debug logging for this logger for a complete list of JARs that were scanned but no TLDs were found in them. Skipping unneeded JARs during scanning can improve startup time and JSP compilation time.
18-Feb-2026 09:22:19.659 INFO [main] org.apache.catalina.startup.HostConfig.deployDirectory Deployment of web application directory [/home/infoetu/baptiste.lavogiez.etu/BUT2/Semestre2/Webdev/tomcat/webapps/ctp3] has finished in [121] ms
18-Feb-2026 09:22:19.659 INFO [main] org.apache.catalina.startup.HostConfig.deployDirectory Deploying web application directory [/home/infoetu/baptiste.lavogiez.etu/BUT2/Semestre2/Webdev/tomcat/webapps/template]
18-Feb-2026 09:22:19.783 INFO [main] org.apache.jasper.servlet.TldScanner.scanJars At least one JAR was scanned for TLDs yet contained no TLDs. Enable debug logging for this logger for a complete list of JARs that were scanned but no TLDs were found in them. Skipping unneeded JARs during scanning can improve startup time and JSP compilation time.
18-Feb-2026 09:22:19.784 INFO [main] org.apache.catalina.startup.HostConfig.deployDirectory Deployment of web application directory [/home/infoetu/baptiste.lavogiez.etu/BUT2/Semestre2/Webdev/tomcat/webapps/template] has finished in [125] ms
18-Feb-2026 09:22:19.784 INFO [main] org.apache.catalina.startup.HostConfig.deployDirectory Deploying web application directory [/home/infoetu/baptiste.lavogiez.etu/BUT2/Semestre2/Webdev/tomcat/webapps/examples]
18-Feb-2026 09:22:20.031 INFO [main] org.apache.jasper.servlet.TldScanner.scanJars At least one JAR was scanned for TLDs yet contained no TLDs. Enable debug logging for this logger for a complete list of JARs that were scanned but no TLDs were found in them. Skipping unneeded JARs during scanning can improve startup time and JSP compilation time.
18-Feb-2026 09:22:20.045 INFO [main] org.apache.catalina.startup.HostConfig.deployDirectory Deployment of web application directory [/home/infoetu/baptiste.lavogiez.etu/BUT2/Semestre2/Webdev/tomcat/webapps/examples] has finished in [261] ms
18-Feb-2026 09:22:20.045 INFO [main] org.apache.catalina.startup.HostConfig.deployDirectory Deploying web application directory [/home/infoetu/baptiste.lavogiez.etu/BUT2/Semestre2/Webdev/tomcat/webapps/ctp]
18-Feb-2026 09:22:20.178 INFO [main] org.apache.jasper.servlet.TldScanner.scanJars At least one JAR was scanned for TLDs yet contained no TLDs. Enable debug logging for this logger for a complete list of JARs that were scanned but no TLDs were found in them. Skipping unneeded JARs during scanning can improve startup time and JSP compilation time.
18-Feb-2026 09:22:20.179 INFO [main] org.apache.catalina.startup.HostConfig.deployDirectory Deployment of web application directory [/home/infoetu/baptiste.lavogiez.etu/BUT2/Semestre2/Webdev/tomcat/webapps/ctp] has finished in [134] ms
18-Feb-2026 09:22:20.181 INFO [main] org.apache.coyote.AbstractProtocol.start Starting ProtocolHandler ["http-nio-8080"]
18-Feb-2026 09:22:20.186 INFO [main] org.apache.catalina.startup.Catalina.start Server startup in [2925] milliseconds
18-Feb-2026 09:22:41.459 INFO [Thread-1] org.apache.coyote.AbstractProtocol.pause Pausing ProtocolHandler ["http-nio-8080"]
18-Feb-2026 09:22:41.464 INFO [Thread-1] org.apache.catalina.core.StandardService.stopInternal Stopping service [Catalina]
18-Feb-2026 09:22:41.506 INFO [Thread-1] org.apache.coyote.AbstractProtocol.stop Stopping ProtocolHandler ["http-nio-8080"]
18-Feb-2026 09:22:41.518 INFO [Thread-1] org.apache.coyote.AbstractProtocol.destroy Destroying ProtocolHandler ["http-nio-8080"]
18-Feb-2026 09:22:42.476 INFO [main] org.apache.catalina.startup.VersionLoggerListener.log Server version name:   Apache Tomcat/11.0.13
18-Feb-2026 09:22:42.478 INFO [main] org.apache.catalina.startup.VersionLoggerListener.log Server built:          Oct 10 2025 13:57:31 UTC
18-Feb-2026 09:22:42.478 INFO [main] org.apache.catalina.startup.VersionLoggerListener.log Server version number: 11.0.13.0
18-Feb-2026 09:22:42.478 INFO [main] org.apache.catalina.startup.VersionLoggerListener.log OS Name:               Linux
18-Feb-2026 09:22:42.478 INFO [main] org.apache.catalina.startup.VersionLoggerListener.log OS Version:            6.1.0-40-amd64
18-Feb-2026 09:22:42.478 INFO [main] org.apache.catalina.startup.VersionLoggerListener.log Architecture:          amd64
18-Feb-2026 09:22:42.478 INFO [main] org.apache.catalina.startup.VersionLoggerListener.log Java Home:             /usr/lib/jvm/java-17-openjdk-amd64
18-Feb-2026 09:22:42.479 INFO [main] org.apache.catalina.startup.VersionLoggerListener.log JVM Version:           17.0.18+8-Debian-1deb12u1
18-Feb-2026 09:22:42.479 INFO [main] org.apache.catalina.startup.VersionLoggerListener.log JVM Vendor:            Debian
18-Feb-2026 09:22:42.479 INFO [main] org.apache.catalina.startup.VersionLoggerListener.log CATALINA_BASE:         /home/infoetu/baptiste.lavogiez.etu/BUT2/Semestre2/Webdev/tomcat
18-Feb-2026 09:22:42.479 INFO [main] org.apache.catalina.startup.VersionLoggerListener.log CATALINA_HOME:         /home/infoetu/baptiste.lavogiez.etu/BUT2/Semestre2/Webdev/tomcat
18-Feb-2026 09:22:42.482 INFO [main] org.apache.catalina.startup.VersionLoggerListener.log Command line argument: -Djava.util.logging.config.file=/home/infoetu/baptiste.lavogiez.etu/BUT2/Semestre2/Webdev/tomcat/conf/logging.properties
18-Feb-2026 09:22:42.482 INFO [main] org.apache.catalina.startup.VersionLoggerListener.log Command line argument: -Djava.util.logging.manager=org.apache.juli.ClassLoaderLogManager
18-Feb-2026 09:22:42.482 INFO [main] org.apache.catalina.startup.VersionLoggerListener.log Command line argument: -Djdk.tls.ephemeralDHKeySize=2048
18-Feb-2026 09:22:42.482 INFO [main] org.apache.catalina.startup.VersionLoggerListener.log Command line argument: -Dorg.apache.catalina.security.SecurityListener.UMASK=0027
18-Feb-2026 09:22:42.482 INFO [main] org.apache.catalina.startup.VersionLoggerListener.log Command line argument: --add-opens=java.base/java.lang=ALL-UNNAMED
18-Feb-2026 09:22:42.482 INFO [main] org.apache.catalina.startup.VersionLoggerListener.log Command line argument: --add-opens=java.base/java.lang.reflect=ALL-UNNAMED
18-Feb-2026 09:22:42.482 INFO [main] org.apache.catalina.startup.VersionLoggerListener.log Command line argument: --add-opens=java.base/java.io=ALL-UNNAMED
18-Feb-2026 09:22:42.482 INFO [main] org.apache.catalina.startup.VersionLoggerListener.log Command line argument: --add-opens=java.base/java.util=ALL-UNNAMED
18-Feb-2026 09:22:42.482 INFO [main] org.apache.catalina.startup.VersionLoggerListener.log Command line argument: --add-opens=java.base/java.util.concurrent=ALL-UNNAMED
18-Feb-2026 09:22:42.483 INFO [main] org.apache.catalina.startup.VersionLoggerListener.log Command line argument: --add-opens=java.rmi/sun.rmi.transport=ALL-UNNAMED
18-Feb-2026 09:22:42.483 INFO [main] org.apache.catalina.startup.VersionLoggerListener.log Command line argument: --enable-native-access=ALL-UNNAMED
18-Feb-2026 09:22:42.483 INFO [main] org.apache.catalina.startup.VersionLoggerListener.log Command line argument: -Dcatalina.base=/home/infoetu/baptiste.lavogiez.etu/BUT2/Semestre2/Webdev/tomcat
18-Feb-2026 09:22:42.483 INFO [main] org.apache.catalina.startup.VersionLoggerListener.log Command line argument: -Dcatalina.home=/home/infoetu/baptiste.lavogiez.etu/BUT2/Semestre2/Webdev/tomcat
18-Feb-2026 09:22:42.483 INFO [main] org.apache.catalina.startup.VersionLoggerListener.log Command line argument: -Djava.io.tmpdir=/home/infoetu/baptiste.lavogiez.etu/BUT2/Semestre2/Webdev/tomcat/temp
18-Feb-2026 09:22:42.483 INFO [main] org.apache.catalina.core.AprLifecycleListener.lifecycleEvent The Apache Tomcat Native library which allows using OpenSSL was not found on the java.library.path: [/usr/java/packages/lib:/usr/lib/x86_64-linux-gnu/jni:/lib/x86_64-linux-gnu:/usr/lib/x86_64-linux-gnu:/usr/lib/jni:/lib:/usr/lib]
18-Feb-2026 09:22:42.579 INFO [main] org.apache.coyote.AbstractProtocol.init Initializing ProtocolHandler ["http-nio-8080"]
18-Feb-2026 09:22:42.587 INFO [main] org.apache.catalina.startup.Catalina.load Server initialization in [177] milliseconds
18-Feb-2026 09:22:42.603 INFO [main] org.apache.catalina.core.StandardService.startInternal Starting service [Catalina]
18-Feb-2026 09:22:42.603 INFO [main] org.apache.catalina.core.StandardEngine.startInternal Starting Servlet engine: [Apache Tomcat/11.0.13]
18-Feb-2026 09:22:42.608 INFO [main] org.apache.catalina.startup.HostConfig.deployDirectory Deploying web application directory [/home/infoetu/baptiste.lavogiez.etu/BUT2/Semestre2/Webdev/tomcat/webapps/ctp2]
18-Feb-2026 09:22:42.902 INFO [main] org.apache.jasper.servlet.TldScanner.scanJars At least one JAR was scanned for TLDs yet contained no TLDs. Enable debug logging for this logger for a complete list of JARs that were scanned but no TLDs were found in them. Skipping unneeded JARs during scanning can improve startup time and JSP compilation time.
18-Feb-2026 09:22:42.916 INFO [main] org.apache.catalina.startup.HostConfig.deployDirectory Deployment of web application directory [/home/infoetu/baptiste.lavogiez.etu/BUT2/Semestre2/Webdev/tomcat/webapps/ctp2] has finished in [308] ms
18-Feb-2026 09:22:42.917 INFO [main] org.apache.catalina.startup.HostConfig.deployDirectory Deploying web application directory [/home/infoetu/baptiste.lavogiez.etu/BUT2/Semestre2/Webdev/tomcat/webapps/ctp (copie)]
18-Feb-2026 09:22:43.072 INFO [main] org.apache.jasper.servlet.TldScanner.scanJars At least one JAR was scanned for TLDs yet contained no TLDs. Enable debug logging for this logger for a complete list of JARs that were scanned but no TLDs were found in them. Skipping unneeded JARs during scanning can improve startup time and JSP compilation time.
18-Feb-2026 09:22:43.073 INFO [main] org.apache.catalina.startup.HostConfig.deployDirectory Deployment of web application directory [/home/infoetu/baptiste.lavogiez.etu/BUT2/Semestre2/Webdev/tomcat/webapps/ctp (copie)] has finished in [156] ms
18-Feb-2026 09:22:43.074 INFO [main] org.apache.catalina.startup.HostConfig.deployDirectory Deploying web application directory [/home/infoetu/baptiste.lavogiez.etu/BUT2/Semestre2/Webdev/tomcat/webapps/ctp-sample]
18-Feb-2026 09:22:43.215 INFO [main] org.apache.jasper.servlet.TldScanner.scanJars At least one JAR was scanned for TLDs yet contained no TLDs. Enable debug logging for this logger for a complete list of JARs that were scanned but no TLDs were found in them. Skipping unneeded JARs during scanning can improve startup time and JSP compilation time.
18-Feb-2026 09:22:43.216 INFO [main] org.apache.catalina.startup.HostConfig.deployDirectory Deployment of web application directory [/home/infoetu/baptiste.lavogiez.etu/BUT2/Semestre2/Webdev/tomcat/webapps/ctp-sample] has finished in [142] ms
18-Feb-2026 09:22:43.217 INFO [main] org.apache.catalina.startup.HostConfig.deployDirectory Deploying web application directory [/home/infoetu/baptiste.lavogiez.etu/BUT2/Semestre2/Webdev/tomcat/webapps/__MACOSX]
18-Feb-2026 09:22:43.339 INFO [main] org.apache.jasper.servlet.TldScanner.scanJars At least one JAR was scanned for TLDs yet contained no TLDs. Enable debug logging for this logger for a complete list of JARs that were scanned but no TLDs were found in them. Skipping unneeded JARs during scanning can improve startup time and JSP compilation time.
18-Feb-2026 09:22:43.340 INFO [main] org.apache.catalina.startup.HostConfig.deployDirectory Deployment of web application directory [/home/infoetu/baptiste.lavogiez.etu/BUT2/Semestre2/Webdev/tomcat/webapps/__MACOSX] has finished in [123] ms
18-Feb-2026 09:22:43.340 INFO [main] org.apache.catalina.startup.HostConfig.deployDirectory Deploying web application directory [/home/infoetu/baptiste.lavogiez.etu/BUT2/Semestre2/Webdev/tomcat/webapps/ROOT]
18-Feb-2026 09:22:43.456 INFO [main] org.apache.jasper.servlet.TldScanner.scanJars At least one JAR was scanned for TLDs yet contained no TLDs. Enable debug logging for this logger for a complete list of JARs that were scanned but no TLDs were found in them. Skipping unneeded JARs during scanning can improve startup time and JSP compilation time.
18-Feb-2026 09:22:43.456 INFO [main] org.apache.catalina.startup.HostConfig.deployDirectory Deployment of web application directory [/home/infoetu/baptiste.lavogiez.etu/BUT2/Semestre2/Webdev/tomcat/webapps/ROOT] has finished in [116] ms
18-Feb-2026 09:22:43.457 INFO [main] org.apache.catalina.startup.HostConfig.deployDirectory Deploying web application directory [/home/infoetu/baptiste.lavogiez.etu/BUT2/Semestre2/Webdev/tomcat/webapps/TP04]
18-Feb-2026 09:22:43.580 INFO [main] org.apache.jasper.servlet.TldScanner.scanJars At least one JAR was scanned for TLDs yet contained no TLDs. Enable debug logging for this logger for a complete list of JARs that were scanned but no TLDs were found in them. Skipping unneeded JARs during scanning can improve startup time and JSP compilation time.
18-Feb-2026 09:22:43.581 INFO [main] org.apache.catalina.startup.HostConfig.deployDirectory Deployment of web application directory [/home/infoetu/baptiste.lavogiez.etu/BUT2/Semestre2/Webdev/tomcat/webapps/TP04] has finished in [124] ms
18-Feb-2026 09:22:43.582 INFO [main] org.apache.catalina.startup.HostConfig.deployDirectory Deploying web application directory [/home/infoetu/baptiste.lavogiez.etu/BUT2/Semestre2/Webdev/tomcat/webapps/docs]
18-Feb-2026 09:22:43.693 INFO [main] org.apache.jasper.servlet.TldScanner.scanJars At least one JAR was scanned for TLDs yet contained no TLDs. Enable debug logging for this logger for a complete list of JARs that were scanned but no TLDs were found in them. Skipping unneeded JARs during scanning can improve startup time and JSP compilation time.
18-Feb-2026 09:22:43.693 INFO [main] org.apache.catalina.startup.HostConfig.deployDirectory Deployment of web application directory [/home/infoetu/baptiste.lavogiez.etu/BUT2/Semestre2/Webdev/tomcat/webapps/docs] has finished in [111] ms
18-Feb-2026 09:22:43.694 INFO [main] org.apache.catalina.startup.HostConfig.deployDirectory Deploying web application directory [/home/infoetu/baptiste.lavogiez.etu/BUT2/Semestre2/Webdev/tomcat/webapps/TP03-Partie2]
18-Feb-2026 09:22:43.818 INFO [main] org.apache.jasper.servlet.TldScanner.scanJars At least one JAR was scanned for TLDs yet contained no TLDs. Enable debug logging for this logger for a complete list of JARs that were scanned but no TLDs were found in them. Skipping unneeded JARs during scanning can improve startup time and JSP compilation time.
18-Feb-2026 09:22:43.818 INFO [main] org.apache.catalina.startup.HostConfig.deployDirectory Deployment of web application directory [/home/infoetu/baptiste.lavogiez.etu/BUT2/Semestre2/Webdev/tomcat/webapps/TP03-Partie2] has finished in [124] ms
18-Feb-2026 09:22:43.819 INFO [main] org.apache.catalina.startup.HostConfig.deployDirectory Deploying web application directory [/home/infoetu/baptiste.lavogiez.etu/BUT2/Semestre2/Webdev/tomcat/webapps/TP05]
18-Feb-2026 09:22:43.944 INFO [main] org.apache.jasper.servlet.TldScanner.scanJars At least one JAR was scanned for TLDs yet contained no TLDs. Enable debug logging for this logger for a complete list of JARs that were scanned but no TLDs were found in them. Skipping unneeded JARs during scanning can improve startup time and JSP compilation time.
18-Feb-2026 09:22:43.945 INFO [main] org.apache.catalina.startup.HostConfig.deployDirectory Deployment of web application directory [/home/infoetu/baptiste.lavogiez.etu/BUT2/Semestre2/Webdev/tomcat/webapps/TP05] has finished in [126] ms
18-Feb-2026 09:22:43.945 INFO [main] org.apache.catalina.startup.HostConfig.deployDirectory Deploying web application directory [/home/infoetu/baptiste.lavogiez.etu/BUT2/Semestre2/Webdev/tomcat/webapps/TP06]
18-Feb-2026 09:22:43.955 SEVERE [main] org.apache.catalina.startup.HostConfig.deployDirectory Error deploying web application directory [/home/infoetu/baptiste.lavogiez.etu/BUT2/Semestre2/Webdev/tomcat/webapps/TP06]
	java.lang.IllegalStateException: Error starting child
		at org.apache.catalina.core.ContainerBase.addChild(ContainerBase.java:567)
		at org.apache.catalina.core.StandardHost.addChild(StandardHost.java:650)
		at org.apache.catalina.startup.HostConfig.deployDirectory(HostConfig.java:1084)
		at org.apache.catalina.startup.HostConfig$DeployDirectory.run(HostConfig.java:1850)
		at java.base/java.util.concurrent.Executors$RunnableAdapter.call(Executors.java:539)
		at java.base/java.util.concurrent.FutureTask.run(FutureTask.java:264)
		at org.apache.tomcat.util.threads.InlineExecutorService.execute(InlineExecutorService.java:81)
		at java.base/java.util.concurrent.AbstractExecutorService.submit(AbstractExecutorService.java:123)
		at org.apache.catalina.startup.HostConfig.deployDirectories(HostConfig.java:995)
		at org.apache.catalina.startup.HostConfig.deployApps(HostConfig.java:380)
		at org.apache.catalina.startup.HostConfig.start(HostConfig.java:1579)
		at org.apache.catalina.startup.HostConfig.lifecycleEvent(HostConfig.java:262)
		at org.apache.catalina.util.LifecycleBase.fireLifecycleEvent(LifecycleBase.java:109)
		at org.apache.catalina.util.LifecycleBase.setStateInternal(LifecycleBase.java:389)
		at org.apache.catalina.util.LifecycleBase.setState(LifecycleBase.java:336)
		at org.apache.catalina.core.ContainerBase.startInternal(ContainerBase.java:741)
		at org.apache.catalina.core.StandardHost.startInternal(StandardHost.java:767)
		at org.apache.catalina.util.LifecycleBase.start(LifecycleBase.java:164)
		at org.apache.catalina.core.ContainerBase$StartChild.call(ContainerBase.java:1162)
		at org.apache.catalina.core.ContainerBase$StartChild.call(ContainerBase.java:1158)
		at java.base/java.util.concurrent.FutureTask.run(FutureTask.java:264)
		at org.apache.tomcat.util.threads.InlineExecutorService.execute(InlineExecutorService.java:81)
		at java.base/java.util.concurrent.AbstractExecutorService.submit(AbstractExecutorService.java:145)
		at org.apache.catalina.core.ContainerBase.startInternal(ContainerBase.java:714)
		at org.apache.catalina.core.StandardEngine.startInternal(StandardEngine.java:201)
		at org.apache.catalina.util.LifecycleBase.start(LifecycleBase.java:164)
		at org.apache.catalina.core.StandardService.startInternal(StandardService.java:410)
		at org.apache.catalina.util.LifecycleBase.start(LifecycleBase.java:164)
		at org.apache.catalina.core.StandardServer.startInternal(StandardServer.java:864)
		at org.apache.catalina.util.LifecycleBase.start(LifecycleBase.java:164)
		at org.apache.catalina.startup.Catalina.start(Catalina.java:756)
		at java.base/jdk.internal.reflect.NativeMethodAccessorImpl.invoke0(Native Method)
		at java.base/jdk.internal.reflect.NativeMethodAccessorImpl.invoke(NativeMethodAccessorImpl.java:77)
		at java.base/jdk.internal.reflect.DelegatingMethodAccessorImpl.invoke(DelegatingMethodAccessorImpl.java:43)
		at java.base/java.lang.reflect.Method.invoke(Method.java:569)
		at org.apache.catalina.startup.Bootstrap.start(Bootstrap.java:339)
		at org.apache.catalina.startup.Bootstrap.main(Bootstrap.java:470)
	Caused by: org.apache.catalina.LifecycleException: Failed to start component [StandardEngine[Catalina].StandardHost[localhost].StandardContext[/TP06]]
		at org.apache.catalina.util.LifecycleBase.handleSubClassException(LifecycleBase.java:404)
		at org.apache.catalina.util.LifecycleBase.start(LifecycleBase.java:179)
		at org.apache.catalina.core.ContainerBase.addChild(ContainerBase.java:564)
		... 36 more
	Caused by: java.lang.IllegalArgumentException: The servlets named [ControleurEtudiant] and [controller.ControleurEtudiant] are both mapped to the url-pattern [/etudiants/*] which is not permitted
		at org.apache.tomcat.util.descriptor.web.WebXml.addServletMappingDecoded(WebXml.java:419)
		at org.apache.tomcat.util.descriptor.web.WebXml.addServletMapping(WebXml.java:410)
		at org.apache.catalina.startup.ContextConfig.processAnnotationWebServlet(ContextConfig.java:2542)
		at org.apache.catalina.startup.ContextConfig.processClass(ContextConfig.java:2248)
		at org.apache.catalina.startup.ContextConfig.processAnnotationsStream(ContextConfig.java:2237)
		at org.apache.catalina.startup.ContextConfig.processAnnotationsWebResource(ContextConfig.java:2148)
		at org.apache.catalina.startup.ContextConfig.processAnnotationsWebResource(ContextConfig.java:2143)
		at org.apache.catalina.startup.ContextConfig.processClasses(ContextConfig.java:1357)
		at org.apache.catalina.startup.ContextConfig.webConfig(ContextConfig.java:1267)
		at org.apache.catalina.startup.ContextConfig.configureStart(ContextConfig.java:968)
		at org.apache.catalina.startup.ContextConfig.lifecycleEvent(ContextConfig.java:288)
		at org.apache.catalina.util.LifecycleBase.fireLifecycleEvent(LifecycleBase.java:109)
		at org.apache.catalina.core.StandardContext.startInternal(StandardContext.java:4334)
		at org.apache.catalina.util.LifecycleBase.start(LifecycleBase.java:164)
		... 37 more
18-Feb-2026 09:22:43.957 INFO [main] org.apache.catalina.startup.HostConfig.deployDirectory Deployment of web application directory [/home/infoetu/baptiste.lavogiez.etu/BUT2/Semestre2/Webdev/tomcat/webapps/TP06] has finished in [12] ms
18-Feb-2026 09:22:43.957 INFO [main] org.apache.catalina.startup.HostConfig.deployDirectory Deploying web application directory [/home/infoetu/baptiste.lavogiez.etu/BUT2/Semestre2/Webdev/tomcat/webapps/manager]
18-Feb-2026 09:22:44.071 INFO [main] org.apache.jasper.servlet.TldScanner.scanJars At least one JAR was scanned for TLDs yet contained no TLDs. Enable debug logging for this logger for a complete list of JARs that were scanned but no TLDs were found in them. Skipping unneeded JARs during scanning can improve startup time and JSP compilation time.
18-Feb-2026 09:22:44.073 INFO [main] org.apache.catalina.startup.HostConfig.deployDirectory Deployment of web application directory [/home/infoetu/baptiste.lavogiez.etu/BUT2/Semestre2/Webdev/tomcat/webapps/manager] has finished in [116] ms
18-Feb-2026 09:22:44.074 INFO [main] org.apache.catalina.startup.HostConfig.deployDirectory Deploying web application directory [/home/infoetu/baptiste.lavogiez.etu/BUT2/Semestre2/Webdev/tomcat/webapps/TP02]
18-Feb-2026 09:22:44.194 INFO [main] org.apache.jasper.servlet.TldScanner.scanJars At least one JAR was scanned for TLDs yet contained no TLDs. Enable debug logging for this logger for a complete list of JARs that were scanned but no TLDs were found in them. Skipping unneeded JARs during scanning can improve startup time and JSP compilation time.
18-Feb-2026 09:22:44.194 INFO [main] org.apache.catalina.startup.HostConfig.deployDirectory Deployment of web application directory [/home/infoetu/baptiste.lavogiez.etu/BUT2/Semestre2/Webdev/tomcat/webapps/TP02] has finished in [120] ms
18-Feb-2026 09:22:44.195 INFO [main] org.apache.catalina.startup.HostConfig.deployDirectory Deploying web application directory [/home/infoetu/baptiste.lavogiez.etu/BUT2/Semestre2/Webdev/tomcat/webapps/ctp1]
18-Feb-2026 09:22:44.328 INFO [main] org.apache.jasper.servlet.TldScanner.scanJars At least one JAR was scanned for TLDs yet contained no TLDs. Enable debug logging for this logger for a complete list of JARs that were scanned but no TLDs were found in them. Skipping unneeded JARs during scanning can improve startup time and JSP compilation time.
18-Feb-2026 09:22:44.329 INFO [main] org.apache.catalina.startup.HostConfig.deployDirectory Deployment of web application directory [/home/infoetu/baptiste.lavogiez.etu/BUT2/Semestre2/Webdev/tomcat/webapps/ctp1] has finished in [134] ms
18-Feb-2026 09:22:44.330 INFO [main] org.apache.catalina.startup.HostConfig.deployDirectory Deploying web application directory [/home/infoetu/baptiste.lavogiez.etu/BUT2/Semestre2/Webdev/tomcat/webapps/TP03]
18-Feb-2026 09:22:44.447 INFO [main] org.apache.jasper.servlet.TldScanner.scanJars At least one JAR was scanned for TLDs yet contained no TLDs. Enable debug logging for this logger for a complete list of JARs that were scanned but no TLDs were found in them. Skipping unneeded JARs during scanning can improve startup time and JSP compilation time.
18-Feb-2026 09:22:44.448 INFO [main] org.apache.catalina.startup.HostConfig.deployDirectory Deployment of web application directory [/home/infoetu/baptiste.lavogiez.etu/BUT2/Semestre2/Webdev/tomcat/webapps/TP03] has finished in [118] ms
18-Feb-2026 09:22:44.448 INFO [main] org.apache.catalina.startup.HostConfig.deployDirectory Deploying web application directory [/home/infoetu/baptiste.lavogiez.etu/BUT2/Semestre2/Webdev/tomcat/webapps/TP01]
18-Feb-2026 09:22:44.563 INFO [main] org.apache.jasper.servlet.TldScanner.scanJars At least one JAR was scanned for TLDs yet contained no TLDs. Enable debug logging for this logger for a complete list of JARs that were scanned but no TLDs were found in them. Skipping unneeded JARs during scanning can improve startup time and JSP compilation time.
18-Feb-2026 09:22:44.564 INFO [main] org.apache.catalina.startup.HostConfig.deployDirectory Deployment of web application directory [/home/infoetu/baptiste.lavogiez.etu/BUT2/Semestre2/Webdev/tomcat/webapps/TP01] has finished in [116] ms
18-Feb-2026 09:22:44.565 INFO [main] org.apache.catalina.startup.HostConfig.deployDirectory Deploying web application directory [/home/infoetu/baptiste.lavogiez.etu/BUT2/Semestre2/Webdev/tomcat/webapps/host-manager]
18-Feb-2026 09:22:44.677 INFO [main] org.apache.jasper.servlet.TldScanner.scanJars At least one JAR was scanned for TLDs yet contained no TLDs. Enable debug logging for this logger for a complete list of JARs that were scanned but no TLDs were found in them. Skipping unneeded JARs during scanning can improve startup time and JSP compilation time.
18-Feb-2026 09:22:44.678 INFO [main] org.apache.catalina.startup.HostConfig.deployDirectory Deployment of web application directory [/home/infoetu/baptiste.lavogiez.etu/BUT2/Semestre2/Webdev/tomcat/webapps/host-manager] has finished in [113] ms
18-Feb-2026 09:22:44.679 INFO [main] org.apache.catalina.startup.HostConfig.deployDirectory Deploying web application directory [/home/infoetu/baptiste.lavogiez.etu/BUT2/Semestre2/Webdev/tomcat/webapps/tp_chess]
18-Feb-2026 09:22:44.799 INFO [main] org.apache.jasper.servlet.TldScanner.scanJars At least one JAR was scanned for TLDs yet contained no TLDs. Enable debug logging for this logger for a complete list of JARs that were scanned but no TLDs were found in them. Skipping unneeded JARs during scanning can improve startup time and JSP compilation time.
18-Feb-2026 09:22:44.800 INFO [main] org.apache.catalina.startup.HostConfig.deployDirectory Deployment of web application directory [/home/infoetu/baptiste.lavogiez.etu/BUT2/Semestre2/Webdev/tomcat/webapps/tp_chess] has finished in [121] ms
18-Feb-2026 09:22:44.801 INFO [main] org.apache.catalina.startup.HostConfig.deployDirectory Deploying web application directory [/home/infoetu/baptiste.lavogiez.etu/BUT2/Semestre2/Webdev/tomcat/webapps/ctp3]
18-Feb-2026 09:22:44.918 INFO [main] org.apache.jasper.servlet.TldScanner.scanJars At least one JAR was scanned for TLDs yet contained no TLDs. Enable debug logging for this logger for a complete list of JARs that were scanned but no TLDs were found in them. Skipping unneeded JARs during scanning can improve startup time and JSP compilation time.
18-Feb-2026 09:22:44.918 INFO [main] org.apache.catalina.startup.HostConfig.deployDirectory Deployment of web application directory [/home/infoetu/baptiste.lavogiez.etu/BUT2/Semestre2/Webdev/tomcat/webapps/ctp3] has finished in [117] ms
18-Feb-2026 09:22:44.919 INFO [main] org.apache.catalina.startup.HostConfig.deployDirectory Deploying web application directory [/home/infoetu/baptiste.lavogiez.etu/BUT2/Semestre2/Webdev/tomcat/webapps/template]
18-Feb-2026 09:22:45.039 INFO [main] org.apache.jasper.servlet.TldScanner.scanJars At least one JAR was scanned for TLDs yet contained no TLDs. Enable debug logging for this logger for a complete list of JARs that were scanned but no TLDs were found in them. Skipping unneeded JARs during scanning can improve startup time and JSP compilation time.
18-Feb-2026 09:22:45.040 INFO [main] org.apache.catalina.startup.HostConfig.deployDirectory Deployment of web application directory [/home/infoetu/baptiste.lavogiez.etu/BUT2/Semestre2/Webdev/tomcat/webapps/template] has finished in [121] ms
18-Feb-2026 09:22:45.040 INFO [main] org.apache.catalina.startup.HostConfig.deployDirectory Deploying web application directory [/home/infoetu/baptiste.lavogiez.etu/BUT2/Semestre2/Webdev/tomcat/webapps/examples]
18-Feb-2026 09:22:45.284 INFO [main] org.apache.jasper.servlet.TldScanner.scanJars At least one JAR was scanned for TLDs yet contained no TLDs. Enable debug logging for this logger for a complete list of JARs that were scanned but no TLDs were found in them. Skipping unneeded JARs during scanning can improve startup time and JSP compilation time.
18-Feb-2026 09:22:45.299 INFO [main] org.apache.catalina.startup.HostConfig.deployDirectory Deployment of web application directory [/home/infoetu/baptiste.lavogiez.etu/BUT2/Semestre2/Webdev/tomcat/webapps/examples] has finished in [259] ms
18-Feb-2026 09:22:45.300 INFO [main] org.apache.catalina.startup.HostConfig.deployDirectory Deploying web application directory [/home/infoetu/baptiste.lavogiez.etu/BUT2/Semestre2/Webdev/tomcat/webapps/ctp]
18-Feb-2026 09:22:45.445 INFO [main] org.apache.jasper.servlet.TldScanner.scanJars At least one JAR was scanned for TLDs yet contained no TLDs. Enable debug logging for this logger for a complete list of JARs that were scanned but no TLDs were found in them. Skipping unneeded JARs during scanning can improve startup time and JSP compilation time.
18-Feb-2026 09:22:45.446 INFO [main] org.apache.catalina.startup.HostConfig.deployDirectory Deployment of web application directory [/home/infoetu/baptiste.lavogiez.etu/BUT2/Semestre2/Webdev/tomcat/webapps/ctp] has finished in [146] ms
18-Feb-2026 09:22:45.448 INFO [main] org.apache.coyote.AbstractProtocol.start Starting ProtocolHandler ["http-nio-8080"]
18-Feb-2026 09:22:45.453 INFO [main] org.apache.catalina.startup.Catalina.start Server startup in [2865] milliseconds
18-Feb-2026 09:23:12.539 INFO [Thread-1] org.apache.coyote.AbstractProtocol.pause Pausing ProtocolHandler ["http-nio-8080"]
18-Feb-2026 09:23:12.544 INFO [Thread-1] org.apache.catalina.core.StandardService.stopInternal Stopping service [Catalina]
18-Feb-2026 09:23:12.591 INFO [Thread-1] org.apache.coyote.AbstractProtocol.stop Stopping ProtocolHandler ["http-nio-8080"]
18-Feb-2026 09:23:12.597 INFO [Thread-1] org.apache.coyote.AbstractProtocol.destroy Destroying ProtocolHandler ["http-nio-8080"]
18-Feb-2026 09:23:13.506 INFO [main] org.apache.catalina.startup.VersionLoggerListener.log Server version name:   Apache Tomcat/11.0.13
18-Feb-2026 09:23:13.508 INFO [main] org.apache.catalina.startup.VersionLoggerListener.log Server built:          Oct 10 2025 13:57:31 UTC
18-Feb-2026 09:23:13.508 INFO [main] org.apache.catalina.startup.VersionLoggerListener.log Server version number: 11.0.13.0
18-Feb-2026 09:23:13.508 INFO [main] org.apache.catalina.startup.VersionLoggerListener.log OS Name:               Linux
18-Feb-2026 09:23:13.508 INFO [main] org.apache.catalina.startup.VersionLoggerListener.log OS Version:            6.1.0-40-amd64
18-Feb-2026 09:23:13.508 INFO [main] org.apache.catalina.startup.VersionLoggerListener.log Architecture:          amd64
18-Feb-2026 09:23:13.508 INFO [main] org.apache.catalina.startup.VersionLoggerListener.log Java Home:             /usr/lib/jvm/java-17-openjdk-amd64
18-Feb-2026 09:23:13.508 INFO [main] org.apache.catalina.startup.VersionLoggerListener.log JVM Version:           17.0.18+8-Debian-1deb12u1
18-Feb-2026 09:23:13.508 INFO [main] org.apache.catalina.startup.VersionLoggerListener.log JVM Vendor:            Debian
18-Feb-2026 09:23:13.509 INFO [main] org.apache.catalina.startup.VersionLoggerListener.log CATALINA_BASE:         /home/infoetu/baptiste.lavogiez.etu/BUT2/Semestre2/Webdev/tomcat
18-Feb-2026 09:23:13.509 INFO [main] org.apache.catalina.startup.VersionLoggerListener.log CATALINA_HOME:         /home/infoetu/baptiste.lavogiez.etu/BUT2/Semestre2/Webdev/tomcat
18-Feb-2026 09:23:13.512 INFO [main] org.apache.catalina.startup.VersionLoggerListener.log Command line argument: -Djava.util.logging.config.file=/home/infoetu/baptiste.lavogiez.etu/BUT2/Semestre2/Webdev/tomcat/conf/logging.properties
18-Feb-2026 09:23:13.512 INFO [main] org.apache.catalina.startup.VersionLoggerListener.log Command line argument: -Djava.util.logging.manager=org.apache.juli.ClassLoaderLogManager
18-Feb-2026 09:23:13.512 INFO [main] org.apache.catalina.startup.VersionLoggerListener.log Command line argument: -Djdk.tls.ephemeralDHKeySize=2048
18-Feb-2026 09:23:13.512 INFO [main] org.apache.catalina.startup.VersionLoggerListener.log Command line argument: -Dorg.apache.catalina.security.SecurityListener.UMASK=0027
18-Feb-2026 09:23:13.512 INFO [main] org.apache.catalina.startup.VersionLoggerListener.log Command line argument: --add-opens=java.base/java.lang=ALL-UNNAMED
18-Feb-2026 09:23:13.512 INFO [main] org.apache.catalina.startup.VersionLoggerListener.log Command line argument: --add-opens=java.base/java.lang.reflect=ALL-UNNAMED
18-Feb-2026 09:23:13.512 INFO [main] org.apache.catalina.startup.VersionLoggerListener.log Command line argument: --add-opens=java.base/java.io=ALL-UNNAMED
18-Feb-2026 09:23:13.512 INFO [main] org.apache.catalina.startup.VersionLoggerListener.log Command line argument: --add-opens=java.base/java.util=ALL-UNNAMED
18-Feb-2026 09:23:13.512 INFO [main] org.apache.catalina.startup.VersionLoggerListener.log Command line argument: --add-opens=java.base/java.util.concurrent=ALL-UNNAMED
18-Feb-2026 09:23:13.513 INFO [main] org.apache.catalina.startup.VersionLoggerListener.log Command line argument: --add-opens=java.rmi/sun.rmi.transport=ALL-UNNAMED
18-Feb-2026 09:23:13.513 INFO [main] org.apache.catalina.startup.VersionLoggerListener.log Command line argument: --enable-native-access=ALL-UNNAMED
18-Feb-2026 09:23:13.513 INFO [main] org.apache.catalina.startup.VersionLoggerListener.log Command line argument: -Dcatalina.base=/home/infoetu/baptiste.lavogiez.etu/BUT2/Semestre2/Webdev/tomcat
18-Feb-2026 09:23:13.513 INFO [main] org.apache.catalina.startup.VersionLoggerListener.log Command line argument: -Dcatalina.home=/home/infoetu/baptiste.lavogiez.etu/BUT2/Semestre2/Webdev/tomcat
18-Feb-2026 09:23:13.513 INFO [main] org.apache.catalina.startup.VersionLoggerListener.log Command line argument: -Djava.io.tmpdir=/home/infoetu/baptiste.lavogiez.etu/BUT2/Semestre2/Webdev/tomcat/temp
18-Feb-2026 09:23:13.514 INFO [main] org.apache.catalina.core.AprLifecycleListener.lifecycleEvent The Apache Tomcat Native library which allows using OpenSSL was not found on the java.library.path: [/usr/java/packages/lib:/usr/lib/x86_64-linux-gnu/jni:/lib/x86_64-linux-gnu:/usr/lib/x86_64-linux-gnu:/usr/lib/jni:/lib:/usr/lib]
18-Feb-2026 09:23:13.613 INFO [main] org.apache.coyote.AbstractProtocol.init Initializing ProtocolHandler ["http-nio-8080"]
18-Feb-2026 09:23:13.622 INFO [main] org.apache.catalina.startup.Catalina.load Server initialization in [181] milliseconds
18-Feb-2026 09:23:13.639 INFO [main] org.apache.catalina.core.StandardService.startInternal Starting service [Catalina]
18-Feb-2026 09:23:13.639 INFO [main] org.apache.catalina.core.StandardEngine.startInternal Starting Servlet engine: [Apache Tomcat/11.0.13]
18-Feb-2026 09:23:13.643 INFO [main] org.apache.catalina.startup.HostConfig.deployDirectory Deploying web application directory [/home/infoetu/baptiste.lavogiez.etu/BUT2/Semestre2/Webdev/tomcat/webapps/ctp2]
18-Feb-2026 09:23:13.974 INFO [main] org.apache.jasper.servlet.TldScanner.scanJars At least one JAR was scanned for TLDs yet contained no TLDs. Enable debug logging for this logger for a complete list of JARs that were scanned but no TLDs were found in them. Skipping unneeded JARs during scanning can improve startup time and JSP compilation time.
18-Feb-2026 09:23:13.994 INFO [main] org.apache.catalina.startup.HostConfig.deployDirectory Deployment of web application directory [/home/infoetu/baptiste.lavogiez.etu/BUT2/Semestre2/Webdev/tomcat/webapps/ctp2] has finished in [351] ms
18-Feb-2026 09:23:13.994 INFO [main] org.apache.catalina.startup.HostConfig.deployDirectory Deploying web application directory [/home/infoetu/baptiste.lavogiez.etu/BUT2/Semestre2/Webdev/tomcat/webapps/ctp (copie)]
18-Feb-2026 09:23:14.151 INFO [main] org.apache.jasper.servlet.TldScanner.scanJars At least one JAR was scanned for TLDs yet contained no TLDs. Enable debug logging for this logger for a complete list of JARs that were scanned but no TLDs were found in them. Skipping unneeded JARs during scanning can improve startup time and JSP compilation time.
18-Feb-2026 09:23:14.152 INFO [main] org.apache.catalina.startup.HostConfig.deployDirectory Deployment of web application directory [/home/infoetu/baptiste.lavogiez.etu/BUT2/Semestre2/Webdev/tomcat/webapps/ctp (copie)] has finished in [158] ms
18-Feb-2026 09:23:14.152 INFO [main] org.apache.catalina.startup.HostConfig.deployDirectory Deploying web application directory [/home/infoetu/baptiste.lavogiez.etu/BUT2/Semestre2/Webdev/tomcat/webapps/ctp-sample]
18-Feb-2026 09:23:14.294 INFO [main] org.apache.jasper.servlet.TldScanner.scanJars At least one JAR was scanned for TLDs yet contained no TLDs. Enable debug logging for this logger for a complete list of JARs that were scanned but no TLDs were found in them. Skipping unneeded JARs during scanning can improve startup time and JSP compilation time.
18-Feb-2026 09:23:14.296 INFO [main] org.apache.catalina.startup.HostConfig.deployDirectory Deployment of web application directory [/home/infoetu/baptiste.lavogiez.etu/BUT2/Semestre2/Webdev/tomcat/webapps/ctp-sample] has finished in [144] ms
18-Feb-2026 09:23:14.296 INFO [main] org.apache.catalina.startup.HostConfig.deployDirectory Deploying web application directory [/home/infoetu/baptiste.lavogiez.etu/BUT2/Semestre2/Webdev/tomcat/webapps/__MACOSX]
18-Feb-2026 09:23:14.426 INFO [main] org.apache.jasper.servlet.TldScanner.scanJars At least one JAR was scanned for TLDs yet contained no TLDs. Enable debug logging for this logger for a complete list of JARs that were scanned but no TLDs were found in them. Skipping unneeded JARs during scanning can improve startup time and JSP compilation time.
18-Feb-2026 09:23:14.427 INFO [main] org.apache.catalina.startup.HostConfig.deployDirectory Deployment of web application directory [/home/infoetu/baptiste.lavogiez.etu/BUT2/Semestre2/Webdev/tomcat/webapps/__MACOSX] has finished in [131] ms
18-Feb-2026 09:23:14.427 INFO [main] org.apache.catalina.startup.HostConfig.deployDirectory Deploying web application directory [/home/infoetu/baptiste.lavogiez.etu/BUT2/Semestre2/Webdev/tomcat/webapps/ROOT]
18-Feb-2026 09:23:14.548 INFO [main] org.apache.jasper.servlet.TldScanner.scanJars At least one JAR was scanned for TLDs yet contained no TLDs. Enable debug logging for this logger for a complete list of JARs that were scanned but no TLDs were found in them. Skipping unneeded JARs during scanning can improve startup time and JSP compilation time.
18-Feb-2026 09:23:14.549 INFO [main] org.apache.catalina.startup.HostConfig.deployDirectory Deployment of web application directory [/home/infoetu/baptiste.lavogiez.etu/BUT2/Semestre2/Webdev/tomcat/webapps/ROOT] has finished in [122] ms
18-Feb-2026 09:23:14.549 INFO [main] org.apache.catalina.startup.HostConfig.deployDirectory Deploying web application directory [/home/infoetu/baptiste.lavogiez.etu/BUT2/Semestre2/Webdev/tomcat/webapps/TP04]
18-Feb-2026 09:23:14.677 INFO [main] org.apache.jasper.servlet.TldScanner.scanJars At least one JAR was scanned for TLDs yet contained no TLDs. Enable debug logging for this logger for a complete list of JARs that were scanned but no TLDs were found in them. Skipping unneeded JARs during scanning can improve startup time and JSP compilation time.
18-Feb-2026 09:23:14.678 INFO [main] org.apache.catalina.startup.HostConfig.deployDirectory Deployment of web application directory [/home/infoetu/baptiste.lavogiez.etu/BUT2/Semestre2/Webdev/tomcat/webapps/TP04] has finished in [129] ms
18-Feb-2026 09:23:14.678 INFO [main] org.apache.catalina.startup.HostConfig.deployDirectory Deploying web application directory [/home/infoetu/baptiste.lavogiez.etu/BUT2/Semestre2/Webdev/tomcat/webapps/docs]
18-Feb-2026 09:23:14.794 INFO [main] org.apache.jasper.servlet.TldScanner.scanJars At least one JAR was scanned for TLDs yet contained no TLDs. Enable debug logging for this logger for a complete list of JARs that were scanned but no TLDs were found in them. Skipping unneeded JARs during scanning can improve startup time and JSP compilation time.
18-Feb-2026 09:23:14.794 INFO [main] org.apache.catalina.startup.HostConfig.deployDirectory Deployment of web application directory [/home/infoetu/baptiste.lavogiez.etu/BUT2/Semestre2/Webdev/tomcat/webapps/docs] has finished in [116] ms
18-Feb-2026 09:23:14.794 INFO [main] org.apache.catalina.startup.HostConfig.deployDirectory Deploying web application directory [/home/infoetu/baptiste.lavogiez.etu/BUT2/Semestre2/Webdev/tomcat/webapps/TP03-Partie2]
18-Feb-2026 09:23:14.922 INFO [main] org.apache.jasper.servlet.TldScanner.scanJars At least one JAR was scanned for TLDs yet contained no TLDs. Enable debug logging for this logger for a complete list of JARs that were scanned but no TLDs were found in them. Skipping unneeded JARs during scanning can improve startup time and JSP compilation time.
18-Feb-2026 09:23:14.923 INFO [main] org.apache.catalina.startup.HostConfig.deployDirectory Deployment of web application directory [/home/infoetu/baptiste.lavogiez.etu/BUT2/Semestre2/Webdev/tomcat/webapps/TP03-Partie2] has finished in [129] ms
18-Feb-2026 09:23:14.923 INFO [main] org.apache.catalina.startup.HostConfig.deployDirectory Deploying web application directory [/home/infoetu/baptiste.lavogiez.etu/BUT2/Semestre2/Webdev/tomcat/webapps/TP05]
18-Feb-2026 09:23:15.052 INFO [main] org.apache.jasper.servlet.TldScanner.scanJars At least one JAR was scanned for TLDs yet contained no TLDs. Enable debug logging for this logger for a complete list of JARs that were scanned but no TLDs were found in them. Skipping unneeded JARs during scanning can improve startup time and JSP compilation time.
18-Feb-2026 09:23:15.052 INFO [main] org.apache.catalina.startup.HostConfig.deployDirectory Deployment of web application directory [/home/infoetu/baptiste.lavogiez.etu/BUT2/Semestre2/Webdev/tomcat/webapps/TP05] has finished in [129] ms
18-Feb-2026 09:23:15.052 INFO [main] org.apache.catalina.startup.HostConfig.deployDirectory Deploying web application directory [/home/infoetu/baptiste.lavogiez.etu/BUT2/Semestre2/Webdev/tomcat/webapps/TP06]
18-Feb-2026 09:23:15.174 INFO [main] org.apache.jasper.servlet.TldScanner.scanJars At least one JAR was scanned for TLDs yet contained no TLDs. Enable debug logging for this logger for a complete list of JARs that were scanned but no TLDs were found in them. Skipping unneeded JARs during scanning can improve startup time and JSP compilation time.
18-Feb-2026 09:23:15.175 INFO [main] org.apache.catalina.startup.HostConfig.deployDirectory Deployment of web application directory [/home/infoetu/baptiste.lavogiez.etu/BUT2/Semestre2/Webdev/tomcat/webapps/TP06] has finished in [123] ms
18-Feb-2026 09:23:15.175 INFO [main] org.apache.catalina.startup.HostConfig.deployDirectory Deploying web application directory [/home/infoetu/baptiste.lavogiez.etu/BUT2/Semestre2/Webdev/tomcat/webapps/manager]
18-Feb-2026 09:23:15.288 INFO [main] org.apache.jasper.servlet.TldScanner.scanJars At least one JAR was scanned for TLDs yet contained no TLDs. Enable debug logging for this logger for a complete list of JARs that were scanned but no TLDs were found in them. Skipping unneeded JARs during scanning can improve startup time and JSP compilation time.
18-Feb-2026 09:23:15.290 INFO [main] org.apache.catalina.startup.HostConfig.deployDirectory Deployment of web application directory [/home/infoetu/baptiste.lavogiez.etu/BUT2/Semestre2/Webdev/tomcat/webapps/manager] has finished in [115] ms
18-Feb-2026 09:23:15.290 INFO [main] org.apache.catalina.startup.HostConfig.deployDirectory Deploying web application directory [/home/infoetu/baptiste.lavogiez.etu/BUT2/Semestre2/Webdev/tomcat/webapps/TP02]
18-Feb-2026 09:23:15.413 INFO [main] org.apache.jasper.servlet.TldScanner.scanJars At least one JAR was scanned for TLDs yet contained no TLDs. Enable debug logging for this logger for a complete list of JARs that were scanned but no TLDs were found in them. Skipping unneeded JARs during scanning can improve startup time and JSP compilation time.
18-Feb-2026 09:23:15.413 INFO [main] org.apache.catalina.startup.HostConfig.deployDirectory Deployment of web application directory [/home/infoetu/baptiste.lavogiez.etu/BUT2/Semestre2/Webdev/tomcat/webapps/TP02] has finished in [123] ms
18-Feb-2026 09:23:15.414 INFO [main] org.apache.catalina.startup.HostConfig.deployDirectory Deploying web application directory [/home/infoetu/baptiste.lavogiez.etu/BUT2/Semestre2/Webdev/tomcat/webapps/ctp1]
18-Feb-2026 09:23:15.549 INFO [main] org.apache.jasper.servlet.TldScanner.scanJars At least one JAR was scanned for TLDs yet contained no TLDs. Enable debug logging for this logger for a complete list of JARs that were scanned but no TLDs were found in them. Skipping unneeded JARs during scanning can improve startup time and JSP compilation time.
18-Feb-2026 09:23:15.550 INFO [main] org.apache.catalina.startup.HostConfig.deployDirectory Deployment of web application directory [/home/infoetu/baptiste.lavogiez.etu/BUT2/Semestre2/Webdev/tomcat/webapps/ctp1] has finished in [137] ms
18-Feb-2026 09:23:15.550 INFO [main] org.apache.catalina.startup.HostConfig.deployDirectory Deploying web application directory [/home/infoetu/baptiste.lavogiez.etu/BUT2/Semestre2/Webdev/tomcat/webapps/TP03]
18-Feb-2026 09:23:15.669 INFO [main] org.apache.jasper.servlet.TldScanner.scanJars At least one JAR was scanned for TLDs yet contained no TLDs. Enable debug logging for this logger for a complete list of JARs that were scanned but no TLDs were found in them. Skipping unneeded JARs during scanning can improve startup time and JSP compilation time.
18-Feb-2026 09:23:15.670 INFO [main] org.apache.catalina.startup.HostConfig.deployDirectory Deployment of web application directory [/home/infoetu/baptiste.lavogiez.etu/BUT2/Semestre2/Webdev/tomcat/webapps/TP03] has finished in [120] ms
18-Feb-2026 09:23:15.670 INFO [main] org.apache.catalina.startup.HostConfig.deployDirectory Deploying web application directory [/home/infoetu/baptiste.lavogiez.etu/BUT2/Semestre2/Webdev/tomcat/webapps/TP01]
18-Feb-2026 09:23:15.784 INFO [main] org.apache.jasper.servlet.TldScanner.scanJars At least one JAR was scanned for TLDs yet contained no TLDs. Enable debug logging for this logger for a complete list of JARs that were scanned but no TLDs were found in them. Skipping unneeded JARs during scanning can improve startup time and JSP compilation time.
18-Feb-2026 09:23:15.785 INFO [main] org.apache.catalina.startup.HostConfig.deployDirectory Deployment of web application directory [/home/infoetu/baptiste.lavogiez.etu/BUT2/Semestre2/Webdev/tomcat/webapps/TP01] has finished in [115] ms
18-Feb-2026 09:23:15.785 INFO [main] org.apache.catalina.startup.HostConfig.deployDirectory Deploying web application directory [/home/infoetu/baptiste.lavogiez.etu/BUT2/Semestre2/Webdev/tomcat/webapps/host-manager]
18-Feb-2026 09:23:15.898 INFO [main] org.apache.jasper.servlet.TldScanner.scanJars At least one JAR was scanned for TLDs yet contained no TLDs. Enable debug logging for this logger for a complete list of JARs that were scanned but no TLDs were found in them. Skipping unneeded JARs during scanning can improve startup time and JSP compilation time.
18-Feb-2026 09:23:15.899 INFO [main] org.apache.catalina.startup.HostConfig.deployDirectory Deployment of web application directory [/home/infoetu/baptiste.lavogiez.etu/BUT2/Semestre2/Webdev/tomcat/webapps/host-manager] has finished in [114] ms
18-Feb-2026 09:23:15.899 INFO [main] org.apache.catalina.startup.HostConfig.deployDirectory Deploying web application directory [/home/infoetu/baptiste.lavogiez.etu/BUT2/Semestre2/Webdev/tomcat/webapps/tp_chess]
18-Feb-2026 09:23:16.022 INFO [main] org.apache.jasper.servlet.TldScanner.scanJars At least one JAR was scanned for TLDs yet contained no TLDs. Enable debug logging for this logger for a complete list of JARs that were scanned but no TLDs were found in them. Skipping unneeded JARs during scanning can improve startup time and JSP compilation time.
18-Feb-2026 09:23:16.023 INFO [main] org.apache.catalina.startup.HostConfig.deployDirectory Deployment of web application directory [/home/infoetu/baptiste.lavogiez.etu/BUT2/Semestre2/Webdev/tomcat/webapps/tp_chess] has finished in [124] ms
18-Feb-2026 09:23:16.023 INFO [main] org.apache.catalina.startup.HostConfig.deployDirectory Deploying web application directory [/home/infoetu/baptiste.lavogiez.etu/BUT2/Semestre2/Webdev/tomcat/webapps/ctp3]
18-Feb-2026 09:23:16.148 INFO [main] org.apache.jasper.servlet.TldScanner.scanJars At least one JAR was scanned for TLDs yet contained no TLDs. Enable debug logging for this logger for a complete list of JARs that were scanned but no TLDs were found in them. Skipping unneeded JARs during scanning can improve startup time and JSP compilation time.
18-Feb-2026 09:23:16.149 INFO [main] org.apache.catalina.startup.HostConfig.deployDirectory Deployment of web application directory [/home/infoetu/baptiste.lavogiez.etu/BUT2/Semestre2/Webdev/tomcat/webapps/ctp3] has finished in [126] ms
18-Feb-2026 09:23:16.149 INFO [main] org.apache.catalina.startup.HostConfig.deployDirectory Deploying web application directory [/home/infoetu/baptiste.lavogiez.etu/BUT2/Semestre2/Webdev/tomcat/webapps/template]
18-Feb-2026 09:23:16.273 INFO [main] org.apache.jasper.servlet.TldScanner.scanJars At least one JAR was scanned for TLDs yet contained no TLDs. Enable debug logging for this logger for a complete list of JARs that were scanned but no TLDs were found in them. Skipping unneeded JARs during scanning can improve startup time and JSP compilation time.
18-Feb-2026 09:23:16.274 INFO [main] org.apache.catalina.startup.HostConfig.deployDirectory Deployment of web application directory [/home/infoetu/baptiste.lavogiez.etu/BUT2/Semestre2/Webdev/tomcat/webapps/template] has finished in [125] ms
18-Feb-2026 09:23:16.274 INFO [main] org.apache.catalina.startup.HostConfig.deployDirectory Deploying web application directory [/home/infoetu/baptiste.lavogiez.etu/BUT2/Semestre2/Webdev/tomcat/webapps/examples]
18-Feb-2026 09:23:16.549 INFO [main] org.apache.jasper.servlet.TldScanner.scanJars At least one JAR was scanned for TLDs yet contained no TLDs. Enable debug logging for this logger for a complete list of JARs that were scanned but no TLDs were found in them. Skipping unneeded JARs during scanning can improve startup time and JSP compilation time.
18-Feb-2026 09:23:16.561 INFO [main] org.apache.catalina.startup.HostConfig.deployDirectory Deployment of web application directory [/home/infoetu/baptiste.lavogiez.etu/BUT2/Semestre2/Webdev/tomcat/webapps/examples] has finished in [287] ms
18-Feb-2026 09:23:16.561 INFO [main] org.apache.catalina.startup.HostConfig.deployDirectory Deploying web application directory [/home/infoetu/baptiste.lavogiez.etu/BUT2/Semestre2/Webdev/tomcat/webapps/ctp]
18-Feb-2026 09:23:16.695 INFO [main] org.apache.jasper.servlet.TldScanner.scanJars At least one JAR was scanned for TLDs yet contained no TLDs. Enable debug logging for this logger for a complete list of JARs that were scanned but no TLDs were found in them. Skipping unneeded JARs during scanning can improve startup time and JSP compilation time.
18-Feb-2026 09:23:16.696 INFO [main] org.apache.catalina.startup.HostConfig.deployDirectory Deployment of web application directory [/home/infoetu/baptiste.lavogiez.etu/BUT2/Semestre2/Webdev/tomcat/webapps/ctp] has finished in [135] ms
18-Feb-2026 09:23:16.698 INFO [main] org.apache.coyote.AbstractProtocol.start Starting ProtocolHandler ["http-nio-8080"]
18-Feb-2026 09:23:16.702 INFO [main] org.apache.catalina.startup.Catalina.start Server startup in [3080] milliseconds
18-Feb-2026 09:32:46.861 INFO [Thread-1] org.apache.coyote.AbstractProtocol.pause Pausing ProtocolHandler ["http-nio-8080"]
18-Feb-2026 09:32:46.865 INFO [Thread-1] org.apache.catalina.core.StandardService.stopInternal Stopping service [Catalina]
18-Feb-2026 09:32:46.913 INFO [Thread-1] org.apache.coyote.AbstractProtocol.stop Stopping ProtocolHandler ["http-nio-8080"]
18-Feb-2026 09:32:46.918 INFO [Thread-1] org.apache.coyote.AbstractProtocol.destroy Destroying ProtocolHandler ["http-nio-8080"]
18-Feb-2026 09:32:47.739 INFO [main] org.apache.catalina.startup.VersionLoggerListener.log Server version name:   Apache Tomcat/11.0.13
18-Feb-2026 09:32:47.741 INFO [main] org.apache.catalina.startup.VersionLoggerListener.log Server built:          Oct 10 2025 13:57:31 UTC
18-Feb-2026 09:32:47.741 INFO [main] org.apache.catalina.startup.VersionLoggerListener.log Server version number: 11.0.13.0
18-Feb-2026 09:32:47.741 INFO [main] org.apache.catalina.startup.VersionLoggerListener.log OS Name:               Linux
18-Feb-2026 09:32:47.741 INFO [main] org.apache.catalina.startup.VersionLoggerListener.log OS Version:            6.1.0-40-amd64
18-Feb-2026 09:32:47.741 INFO [main] org.apache.catalina.startup.VersionLoggerListener.log Architecture:          amd64
18-Feb-2026 09:32:47.741 INFO [main] org.apache.catalina.startup.VersionLoggerListener.log Java Home:             /usr/lib/jvm/java-17-openjdk-amd64
18-Feb-2026 09:32:47.741 INFO [main] org.apache.catalina.startup.VersionLoggerListener.log JVM Version:           17.0.18+8-Debian-1deb12u1
18-Feb-2026 09:32:47.741 INFO [main] org.apache.catalina.startup.VersionLoggerListener.log JVM Vendor:            Debian
18-Feb-2026 09:32:47.741 INFO [main] org.apache.catalina.startup.VersionLoggerListener.log CATALINA_BASE:         /home/infoetu/baptiste.lavogiez.etu/BUT2/Semestre2/Webdev/tomcat
18-Feb-2026 09:32:47.741 INFO [main] org.apache.catalina.startup.VersionLoggerListener.log CATALINA_HOME:         /home/infoetu/baptiste.lavogiez.etu/BUT2/Semestre2/Webdev/tomcat
18-Feb-2026 09:32:47.745 INFO [main] org.apache.catalina.startup.VersionLoggerListener.log Command line argument: -Djava.util.logging.config.file=/home/infoetu/baptiste.lavogiez.etu/BUT2/Semestre2/Webdev/tomcat/conf/logging.properties
18-Feb-2026 09:32:47.745 INFO [main] org.apache.catalina.startup.VersionLoggerListener.log Command line argument: -Djava.util.logging.manager=org.apache.juli.ClassLoaderLogManager
18-Feb-2026 09:32:47.745 INFO [main] org.apache.catalina.startup.VersionLoggerListener.log Command line argument: -Djdk.tls.ephemeralDHKeySize=2048
18-Feb-2026 09:32:47.745 INFO [main] org.apache.catalina.startup.VersionLoggerListener.log Command line argument: -Dorg.apache.catalina.security.SecurityListener.UMASK=0027
18-Feb-2026 09:32:47.745 INFO [main] org.apache.catalina.startup.VersionLoggerListener.log Command line argument: --add-opens=java.base/java.lang=ALL-UNNAMED
18-Feb-2026 09:32:47.745 INFO [main] org.apache.catalina.startup.VersionLoggerListener.log Command line argument: --add-opens=java.base/java.lang.reflect=ALL-UNNAMED
18-Feb-2026 09:32:47.745 INFO [main] org.apache.catalina.startup.VersionLoggerListener.log Command line argument: --add-opens=java.base/java.io=ALL-UNNAMED
18-Feb-2026 09:32:47.745 INFO [main] org.apache.catalina.startup.VersionLoggerListener.log Command line argument: --add-opens=java.base/java.util=ALL-UNNAMED
18-Feb-2026 09:32:47.745 INFO [main] org.apache.catalina.startup.VersionLoggerListener.log Command line argument: --add-opens=java.base/java.util.concurrent=ALL-UNNAMED
18-Feb-2026 09:32:47.745 INFO [main] org.apache.catalina.startup.VersionLoggerListener.log Command line argument: --add-opens=java.rmi/sun.rmi.transport=ALL-UNNAMED
18-Feb-2026 09:32:47.745 INFO [main] org.apache.catalina.startup.VersionLoggerListener.log Command line argument: --enable-native-access=ALL-UNNAMED
18-Feb-2026 09:32:47.745 INFO [main] org.apache.catalina.startup.VersionLoggerListener.log Command line argument: -Dcatalina.base=/home/infoetu/baptiste.lavogiez.etu/BUT2/Semestre2/Webdev/tomcat
18-Feb-2026 09:32:47.745 INFO [main] org.apache.catalina.startup.VersionLoggerListener.log Command line argument: -Dcatalina.home=/home/infoetu/baptiste.lavogiez.etu/BUT2/Semestre2/Webdev/tomcat
18-Feb-2026 09:32:47.745 INFO [main] org.apache.catalina.startup.VersionLoggerListener.log Command line argument: -Djava.io.tmpdir=/home/infoetu/baptiste.lavogiez.etu/BUT2/Semestre2/Webdev/tomcat/temp
18-Feb-2026 09:32:47.746 INFO [main] org.apache.catalina.core.AprLifecycleListener.lifecycleEvent The Apache Tomcat Native library which allows using OpenSSL was not found on the java.library.path: [/usr/java/packages/lib:/usr/lib/x86_64-linux-gnu/jni:/lib/x86_64-linux-gnu:/usr/lib/x86_64-linux-gnu:/usr/lib/jni:/lib:/usr/lib]
18-Feb-2026 09:32:47.840 INFO [main] org.apache.coyote.AbstractProtocol.init Initializing ProtocolHandler ["http-nio-8080"]
18-Feb-2026 09:32:47.848 INFO [main] org.apache.catalina.startup.Catalina.load Server initialization in [175] milliseconds
18-Feb-2026 09:32:47.865 INFO [main] org.apache.catalina.core.StandardService.startInternal Starting service [Catalina]
18-Feb-2026 09:32:47.865 INFO [main] org.apache.catalina.core.StandardEngine.startInternal Starting Servlet engine: [Apache Tomcat/11.0.13]
18-Feb-2026 09:32:47.870 INFO [main] org.apache.catalina.startup.HostConfig.deployDirectory Deploying web application directory [/home/infoetu/baptiste.lavogiez.etu/BUT2/Semestre2/Webdev/tomcat/webapps/ctp2]
18-Feb-2026 09:32:48.180 INFO [main] org.apache.jasper.servlet.TldScanner.scanJars At least one JAR was scanned for TLDs yet contained no TLDs. Enable debug logging for this logger for a complete list of JARs that were scanned but no TLDs were found in them. Skipping unneeded JARs during scanning can improve startup time and JSP compilation time.
18-Feb-2026 09:32:48.194 INFO [main] org.apache.catalina.startup.HostConfig.deployDirectory Deployment of web application directory [/home/infoetu/baptiste.lavogiez.etu/BUT2/Semestre2/Webdev/tomcat/webapps/ctp2] has finished in [324] ms
18-Feb-2026 09:32:48.195 INFO [main] org.apache.catalina.startup.HostConfig.deployDirectory Deploying web application directory [/home/infoetu/baptiste.lavogiez.etu/BUT2/Semestre2/Webdev/tomcat/webapps/ctp (copie)]
18-Feb-2026 09:32:48.356 INFO [main] org.apache.jasper.servlet.TldScanner.scanJars At least one JAR was scanned for TLDs yet contained no TLDs. Enable debug logging for this logger for a complete list of JARs that were scanned but no TLDs were found in them. Skipping unneeded JARs during scanning can improve startup time and JSP compilation time.
18-Feb-2026 09:32:48.358 INFO [main] org.apache.catalina.startup.HostConfig.deployDirectory Deployment of web application directory [/home/infoetu/baptiste.lavogiez.etu/BUT2/Semestre2/Webdev/tomcat/webapps/ctp (copie)] has finished in [163] ms
18-Feb-2026 09:32:48.359 INFO [main] org.apache.catalina.startup.HostConfig.deployDirectory Deploying web application directory [/home/infoetu/baptiste.lavogiez.etu/BUT2/Semestre2/Webdev/tomcat/webapps/ctp-sample]
18-Feb-2026 09:32:48.505 INFO [main] org.apache.jasper.servlet.TldScanner.scanJars At least one JAR was scanned for TLDs yet contained no TLDs. Enable debug logging for this logger for a complete list of JARs that were scanned but no TLDs were found in them. Skipping unneeded JARs during scanning can improve startup time and JSP compilation time.
18-Feb-2026 09:32:48.507 INFO [main] org.apache.catalina.startup.HostConfig.deployDirectory Deployment of web application directory [/home/infoetu/baptiste.lavogiez.etu/BUT2/Semestre2/Webdev/tomcat/webapps/ctp-sample] has finished in [147] ms
18-Feb-2026 09:32:48.507 INFO [main] org.apache.catalina.startup.HostConfig.deployDirectory Deploying web application directory [/home/infoetu/baptiste.lavogiez.etu/BUT2/Semestre2/Webdev/tomcat/webapps/__MACOSX]
18-Feb-2026 09:32:48.635 INFO [main] org.apache.jasper.servlet.TldScanner.scanJars At least one JAR was scanned for TLDs yet contained no TLDs. Enable debug logging for this logger for a complete list of JARs that were scanned but no TLDs were found in them. Skipping unneeded JARs during scanning can improve startup time and JSP compilation time.
18-Feb-2026 09:32:48.636 INFO [main] org.apache.catalina.startup.HostConfig.deployDirectory Deployment of web application directory [/home/infoetu/baptiste.lavogiez.etu/BUT2/Semestre2/Webdev/tomcat/webapps/__MACOSX] has finished in [129] ms
18-Feb-2026 09:32:48.636 INFO [main] org.apache.catalina.startup.HostConfig.deployDirectory Deploying web application directory [/home/infoetu/baptiste.lavogiez.etu/BUT2/Semestre2/Webdev/tomcat/webapps/ROOT]
18-Feb-2026 09:32:48.757 INFO [main] org.apache.jasper.servlet.TldScanner.scanJars At least one JAR was scanned for TLDs yet contained no TLDs. Enable debug logging for this logger for a complete list of JARs that were scanned but no TLDs were found in them. Skipping unneeded JARs during scanning can improve startup time and JSP compilation time.
18-Feb-2026 09:32:48.758 INFO [main] org.apache.catalina.startup.HostConfig.deployDirectory Deployment of web application directory [/home/infoetu/baptiste.lavogiez.etu/BUT2/Semestre2/Webdev/tomcat/webapps/ROOT] has finished in [122] ms
18-Feb-2026 09:32:48.758 INFO [main] org.apache.catalina.startup.HostConfig.deployDirectory Deploying web application directory [/home/infoetu/baptiste.lavogiez.etu/BUT2/Semestre2/Webdev/tomcat/webapps/TP04]
18-Feb-2026 09:32:48.888 INFO [main] org.apache.jasper.servlet.TldScanner.scanJars At least one JAR was scanned for TLDs yet contained no TLDs. Enable debug logging for this logger for a complete list of JARs that were scanned but no TLDs were found in them. Skipping unneeded JARs during scanning can improve startup time and JSP compilation time.
18-Feb-2026 09:32:48.889 INFO [main] org.apache.catalina.startup.HostConfig.deployDirectory Deployment of web application directory [/home/infoetu/baptiste.lavogiez.etu/BUT2/Semestre2/Webdev/tomcat/webapps/TP04] has finished in [131] ms
18-Feb-2026 09:32:48.890 INFO [main] org.apache.catalina.startup.HostConfig.deployDirectory Deploying web application directory [/home/infoetu/baptiste.lavogiez.etu/BUT2/Semestre2/Webdev/tomcat/webapps/docs]
18-Feb-2026 09:32:49.004 INFO [main] org.apache.jasper.servlet.TldScanner.scanJars At least one JAR was scanned for TLDs yet contained no TLDs. Enable debug logging for this logger for a complete list of JARs that were scanned but no TLDs were found in them. Skipping unneeded JARs during scanning can improve startup time and JSP compilation time.
18-Feb-2026 09:32:49.005 INFO [main] org.apache.catalina.startup.HostConfig.deployDirectory Deployment of web application directory [/home/infoetu/baptiste.lavogiez.etu/BUT2/Semestre2/Webdev/tomcat/webapps/docs] has finished in [115] ms
18-Feb-2026 09:32:49.006 INFO [main] org.apache.catalina.startup.HostConfig.deployDirectory Deploying web application directory [/home/infoetu/baptiste.lavogiez.etu/BUT2/Semestre2/Webdev/tomcat/webapps/TP03-Partie2]
18-Feb-2026 09:32:49.133 INFO [main] org.apache.jasper.servlet.TldScanner.scanJars At least one JAR was scanned for TLDs yet contained no TLDs. Enable debug logging for this logger for a complete list of JARs that were scanned but no TLDs were found in them. Skipping unneeded JARs during scanning can improve startup time and JSP compilation time.
18-Feb-2026 09:32:49.134 INFO [main] org.apache.catalina.startup.HostConfig.deployDirectory Deployment of web application directory [/home/infoetu/baptiste.lavogiez.etu/BUT2/Semestre2/Webdev/tomcat/webapps/TP03-Partie2] has finished in [128] ms
18-Feb-2026 09:32:49.134 INFO [main] org.apache.catalina.startup.HostConfig.deployDirectory Deploying web application directory [/home/infoetu/baptiste.lavogiez.etu/BUT2/Semestre2/Webdev/tomcat/webapps/TP05]
18-Feb-2026 09:32:49.268 INFO [main] org.apache.jasper.servlet.TldScanner.scanJars At least one JAR was scanned for TLDs yet contained no TLDs. Enable debug logging for this logger for a complete list of JARs that were scanned but no TLDs were found in them. Skipping unneeded JARs during scanning can improve startup time and JSP compilation time.
18-Feb-2026 09:32:49.269 INFO [main] org.apache.catalina.startup.HostConfig.deployDirectory Deployment of web application directory [/home/infoetu/baptiste.lavogiez.etu/BUT2/Semestre2/Webdev/tomcat/webapps/TP05] has finished in [135] ms
18-Feb-2026 09:32:49.269 INFO [main] org.apache.catalina.startup.HostConfig.deployDirectory Deploying web application directory [/home/infoetu/baptiste.lavogiez.etu/BUT2/Semestre2/Webdev/tomcat/webapps/TP06]
18-Feb-2026 09:32:49.393 INFO [main] org.apache.jasper.servlet.TldScanner.scanJars At least one JAR was scanned for TLDs yet contained no TLDs. Enable debug logging for this logger for a complete list of JARs that were scanned but no TLDs were found in them. Skipping unneeded JARs during scanning can improve startup time and JSP compilation time.
18-Feb-2026 09:32:49.394 INFO [main] org.apache.catalina.startup.HostConfig.deployDirectory Deployment of web application directory [/home/infoetu/baptiste.lavogiez.etu/BUT2/Semestre2/Webdev/tomcat/webapps/TP06] has finished in [125] ms
18-Feb-2026 09:32:49.394 INFO [main] org.apache.catalina.startup.HostConfig.deployDirectory Deploying web application directory [/home/infoetu/baptiste.lavogiez.etu/BUT2/Semestre2/Webdev/tomcat/webapps/manager]
18-Feb-2026 09:32:49.513 INFO [main] org.apache.jasper.servlet.TldScanner.scanJars At least one JAR was scanned for TLDs yet contained no TLDs. Enable debug logging for this logger for a complete list of JARs that were scanned but no TLDs were found in them. Skipping unneeded JARs during scanning can improve startup time and JSP compilation time.
18-Feb-2026 09:32:49.516 INFO [main] org.apache.catalina.startup.HostConfig.deployDirectory Deployment of web application directory [/home/infoetu/baptiste.lavogiez.etu/BUT2/Semestre2/Webdev/tomcat/webapps/manager] has finished in [122] ms
18-Feb-2026 09:32:49.517 INFO [main] org.apache.catalina.startup.HostConfig.deployDirectory Deploying web application directory [/home/infoetu/baptiste.lavogiez.etu/BUT2/Semestre2/Webdev/tomcat/webapps/TP02]
18-Feb-2026 09:32:49.648 INFO [main] org.apache.jasper.servlet.TldScanner.scanJars At least one JAR was scanned for TLDs yet contained no TLDs. Enable debug logging for this logger for a complete list of JARs that were scanned but no TLDs were found in them. Skipping unneeded JARs during scanning can improve startup time and JSP compilation time.
18-Feb-2026 09:32:49.649 INFO [main] org.apache.catalina.startup.HostConfig.deployDirectory Deployment of web application directory [/home/infoetu/baptiste.lavogiez.etu/BUT2/Semestre2/Webdev/tomcat/webapps/TP02] has finished in [132] ms
18-Feb-2026 09:32:49.649 INFO [main] org.apache.catalina.startup.HostConfig.deployDirectory Deploying web application directory [/home/infoetu/baptiste.lavogiez.etu/BUT2/Semestre2/Webdev/tomcat/webapps/ctp1]
18-Feb-2026 09:32:49.784 INFO [main] org.apache.jasper.servlet.TldScanner.scanJars At least one JAR was scanned for TLDs yet contained no TLDs. Enable debug logging for this logger for a complete list of JARs that were scanned but no TLDs were found in them. Skipping unneeded JARs during scanning can improve startup time and JSP compilation time.
18-Feb-2026 09:32:49.785 INFO [main] org.apache.catalina.startup.HostConfig.deployDirectory Deployment of web application directory [/home/infoetu/baptiste.lavogiez.etu/BUT2/Semestre2/Webdev/tomcat/webapps/ctp1] has finished in [136] ms
18-Feb-2026 09:32:49.785 INFO [main] org.apache.catalina.startup.HostConfig.deployDirectory Deploying web application directory [/home/infoetu/baptiste.lavogiez.etu/BUT2/Semestre2/Webdev/tomcat/webapps/TP03]
18-Feb-2026 09:32:49.906 INFO [main] org.apache.jasper.servlet.TldScanner.scanJars At least one JAR was scanned for TLDs yet contained no TLDs. Enable debug logging for this logger for a complete list of JARs that were scanned but no TLDs were found in them. Skipping unneeded JARs during scanning can improve startup time and JSP compilation time.
18-Feb-2026 09:32:49.907 INFO [main] org.apache.catalina.startup.HostConfig.deployDirectory Deployment of web application directory [/home/infoetu/baptiste.lavogiez.etu/BUT2/Semestre2/Webdev/tomcat/webapps/TP03] has finished in [122] ms
18-Feb-2026 09:32:49.907 INFO [main] org.apache.catalina.startup.HostConfig.deployDirectory Deploying web application directory [/home/infoetu/baptiste.lavogiez.etu/BUT2/Semestre2/Webdev/tomcat/webapps/TP01]
18-Feb-2026 09:32:50.021 INFO [main] org.apache.jasper.servlet.TldScanner.scanJars At least one JAR was scanned for TLDs yet contained no TLDs. Enable debug logging for this logger for a complete list of JARs that were scanned but no TLDs were found in them. Skipping unneeded JARs during scanning can improve startup time and JSP compilation time.
18-Feb-2026 09:32:50.022 INFO [main] org.apache.catalina.startup.HostConfig.deployDirectory Deployment of web application directory [/home/infoetu/baptiste.lavogiez.etu/BUT2/Semestre2/Webdev/tomcat/webapps/TP01] has finished in [115] ms
18-Feb-2026 09:32:50.022 INFO [main] org.apache.catalina.startup.HostConfig.deployDirectory Deploying web application directory [/home/infoetu/baptiste.lavogiez.etu/BUT2/Semestre2/Webdev/tomcat/webapps/host-manager]
18-Feb-2026 09:32:50.135 INFO [main] org.apache.jasper.servlet.TldScanner.scanJars At least one JAR was scanned for TLDs yet contained no TLDs. Enable debug logging for this logger for a complete list of JARs that were scanned but no TLDs were found in them. Skipping unneeded JARs during scanning can improve startup time and JSP compilation time.
18-Feb-2026 09:32:50.136 INFO [main] org.apache.catalina.startup.HostConfig.deployDirectory Deployment of web application directory [/home/infoetu/baptiste.lavogiez.etu/BUT2/Semestre2/Webdev/tomcat/webapps/host-manager] has finished in [114] ms
18-Feb-2026 09:32:50.136 INFO [main] org.apache.catalina.startup.HostConfig.deployDirectory Deploying web application directory [/home/infoetu/baptiste.lavogiez.etu/BUT2/Semestre2/Webdev/tomcat/webapps/tp_chess]
18-Feb-2026 09:32:50.259 INFO [main] org.apache.jasper.servlet.TldScanner.scanJars At least one JAR was scanned for TLDs yet contained no TLDs. Enable debug logging for this logger for a complete list of JARs that were scanned but no TLDs were found in them. Skipping unneeded JARs during scanning can improve startup time and JSP compilation time.
18-Feb-2026 09:32:50.260 INFO [main] org.apache.catalina.startup.HostConfig.deployDirectory Deployment of web application directory [/home/infoetu/baptiste.lavogiez.etu/BUT2/Semestre2/Webdev/tomcat/webapps/tp_chess] has finished in [124] ms
18-Feb-2026 09:32:50.260 INFO [main] org.apache.catalina.startup.HostConfig.deployDirectory Deploying web application directory [/home/infoetu/baptiste.lavogiez.etu/BUT2/Semestre2/Webdev/tomcat/webapps/ctp3]
18-Feb-2026 09:32:50.387 INFO [main] org.apache.jasper.servlet.TldScanner.scanJars At least one JAR was scanned for TLDs yet contained no TLDs. Enable debug logging for this logger for a complete list of JARs that were scanned but no TLDs were found in them. Skipping unneeded JARs during scanning can improve startup time and JSP compilation time.
18-Feb-2026 09:32:50.388 INFO [main] org.apache.catalina.startup.HostConfig.deployDirectory Deployment of web application directory [/home/infoetu/baptiste.lavogiez.etu/BUT2/Semestre2/Webdev/tomcat/webapps/ctp3] has finished in [128] ms
18-Feb-2026 09:32:50.388 INFO [main] org.apache.catalina.startup.HostConfig.deployDirectory Deploying web application directory [/home/infoetu/baptiste.lavogiez.etu/BUT2/Semestre2/Webdev/tomcat/webapps/template]
18-Feb-2026 09:32:50.519 INFO [main] org.apache.jasper.servlet.TldScanner.scanJars At least one JAR was scanned for TLDs yet contained no TLDs. Enable debug logging for this logger for a complete list of JARs that were scanned but no TLDs were found in them. Skipping unneeded JARs during scanning can improve startup time and JSP compilation time.
18-Feb-2026 09:32:50.520 INFO [main] org.apache.catalina.startup.HostConfig.deployDirectory Deployment of web application directory [/home/infoetu/baptiste.lavogiez.etu/BUT2/Semestre2/Webdev/tomcat/webapps/template] has finished in [132] ms
18-Feb-2026 09:32:50.521 INFO [main] org.apache.catalina.startup.HostConfig.deployDirectory Deploying web application directory [/home/infoetu/baptiste.lavogiez.etu/BUT2/Semestre2/Webdev/tomcat/webapps/examples]
18-Feb-2026 09:32:50.775 INFO [main] org.apache.jasper.servlet.TldScanner.scanJars At least one JAR was scanned for TLDs yet contained no TLDs. Enable debug logging for this logger for a complete list of JARs that were scanned but no TLDs were found in them. Skipping unneeded JARs during scanning can improve startup time and JSP compilation time.
18-Feb-2026 09:32:50.787 INFO [main] org.apache.catalina.startup.HostConfig.deployDirectory Deployment of web application directory [/home/infoetu/baptiste.lavogiez.etu/BUT2/Semestre2/Webdev/tomcat/webapps/examples] has finished in [266] ms
18-Feb-2026 09:32:50.787 INFO [main] org.apache.catalina.startup.HostConfig.deployDirectory Deploying web application directory [/home/infoetu/baptiste.lavogiez.etu/BUT2/Semestre2/Webdev/tomcat/webapps/ctp]
18-Feb-2026 09:32:50.921 INFO [main] org.apache.jasper.servlet.TldScanner.scanJars At least one JAR was scanned for TLDs yet contained no TLDs. Enable debug logging for this logger for a complete list of JARs that were scanned but no TLDs were found in them. Skipping unneeded JARs during scanning can improve startup time and JSP compilation time.
18-Feb-2026 09:32:50.922 INFO [main] org.apache.catalina.startup.HostConfig.deployDirectory Deployment of web application directory [/home/infoetu/baptiste.lavogiez.etu/BUT2/Semestre2/Webdev/tomcat/webapps/ctp] has finished in [135] ms
18-Feb-2026 09:32:50.924 INFO [main] org.apache.coyote.AbstractProtocol.start Starting ProtocolHandler ["http-nio-8080"]
18-Feb-2026 09:32:50.929 INFO [main] org.apache.catalina.startup.Catalina.start Server startup in [3080] milliseconds
18-Feb-2026 09:33:33.830 INFO [Thread-1] org.apache.coyote.AbstractProtocol.pause Pausing ProtocolHandler ["http-nio-8080"]
18-Feb-2026 09:33:33.833 INFO [Thread-1] org.apache.catalina.core.StandardService.stopInternal Stopping service [Catalina]
18-Feb-2026 09:33:33.855 WARNING [Thread-1] org.apache.catalina.loader.WebappClassLoaderBase.clearReferencesJdbc The web application [TP06] registered the JDBC driver [org.h2.Driver] but failed to unregister it when the web application was stopped. To prevent a memory leak, the JDBC Driver has been forcibly unregistered.
18-Feb-2026 09:33:33.869 INFO [Thread-1] org.apache.coyote.AbstractProtocol.stop Stopping ProtocolHandler ["http-nio-8080"]
18-Feb-2026 09:33:33.877 INFO [Thread-1] org.apache.coyote.AbstractProtocol.destroy Destroying ProtocolHandler ["http-nio-8080"]
18-Feb-2026 09:33:34.701 INFO [main] org.apache.catalina.startup.VersionLoggerListener.log Server version name:   Apache Tomcat/11.0.13
18-Feb-2026 09:33:34.703 INFO [main] org.apache.catalina.startup.VersionLoggerListener.log Server built:          Oct 10 2025 13:57:31 UTC
18-Feb-2026 09:33:34.703 INFO [main] org.apache.catalina.startup.VersionLoggerListener.log Server version number: 11.0.13.0
18-Feb-2026 09:33:34.703 INFO [main] org.apache.catalina.startup.VersionLoggerListener.log OS Name:               Linux
18-Feb-2026 09:33:34.703 INFO [main] org.apache.catalina.startup.VersionLoggerListener.log OS Version:            6.1.0-40-amd64
18-Feb-2026 09:33:34.703 INFO [main] org.apache.catalina.startup.VersionLoggerListener.log Architecture:          amd64
18-Feb-2026 09:33:34.703 INFO [main] org.apache.catalina.startup.VersionLoggerListener.log Java Home:             /usr/lib/jvm/java-17-openjdk-amd64
18-Feb-2026 09:33:34.703 INFO [main] org.apache.catalina.startup.VersionLoggerListener.log JVM Version:           17.0.18+8-Debian-1deb12u1
18-Feb-2026 09:33:34.703 INFO [main] org.apache.catalina.startup.VersionLoggerListener.log JVM Vendor:            Debian
18-Feb-2026 09:33:34.703 INFO [main] org.apache.catalina.startup.VersionLoggerListener.log CATALINA_BASE:         /home/infoetu/baptiste.lavogiez.etu/BUT2/Semestre2/Webdev/tomcat
18-Feb-2026 09:33:34.703 INFO [main] org.apache.catalina.startup.VersionLoggerListener.log CATALINA_HOME:         /home/infoetu/baptiste.lavogiez.etu/BUT2/Semestre2/Webdev/tomcat
18-Feb-2026 09:33:34.707 INFO [main] org.apache.catalina.startup.VersionLoggerListener.log Command line argument: -Djava.util.logging.config.file=/home/infoetu/baptiste.lavogiez.etu/BUT2/Semestre2/Webdev/tomcat/conf/logging.properties
18-Feb-2026 09:33:34.707 INFO [main] org.apache.catalina.startup.VersionLoggerListener.log Command line argument: -Djava.util.logging.manager=org.apache.juli.ClassLoaderLogManager
18-Feb-2026 09:33:34.707 INFO [main] org.apache.catalina.startup.VersionLoggerListener.log Command line argument: -Djdk.tls.ephemeralDHKeySize=2048
18-Feb-2026 09:33:34.707 INFO [main] org.apache.catalina.startup.VersionLoggerListener.log Command line argument: -Dorg.apache.catalina.security.SecurityListener.UMASK=0027
18-Feb-2026 09:33:34.707 INFO [main] org.apache.catalina.startup.VersionLoggerListener.log Command line argument: --add-opens=java.base/java.lang=ALL-UNNAMED
18-Feb-2026 09:33:34.707 INFO [main] org.apache.catalina.startup.VersionLoggerListener.log Command line argument: --add-opens=java.base/java.lang.reflect=ALL-UNNAMED
18-Feb-2026 09:33:34.707 INFO [main] org.apache.catalina.startup.VersionLoggerListener.log Command line argument: --add-opens=java.base/java.io=ALL-UNNAMED
18-Feb-2026 09:33:34.707 INFO [main] org.apache.catalina.startup.VersionLoggerListener.log Command line argument: --add-opens=java.base/java.util=ALL-UNNAMED
18-Feb-2026 09:33:34.707 INFO [main] org.apache.catalina.startup.VersionLoggerListener.log Command line argument: --add-opens=java.base/java.util.concurrent=ALL-UNNAMED
18-Feb-2026 09:33:34.707 INFO [main] org.apache.catalina.startup.VersionLoggerListener.log Command line argument: --add-opens=java.rmi/sun.rmi.transport=ALL-UNNAMED
18-Feb-2026 09:33:34.707 INFO [main] org.apache.catalina.startup.VersionLoggerListener.log Command line argument: --enable-native-access=ALL-UNNAMED
18-Feb-2026 09:33:34.707 INFO [main] org.apache.catalina.startup.VersionLoggerListener.log Command line argument: -Dcatalina.base=/home/infoetu/baptiste.lavogiez.etu/BUT2/Semestre2/Webdev/tomcat
18-Feb-2026 09:33:34.707 INFO [main] org.apache.catalina.startup.VersionLoggerListener.log Command line argument: -Dcatalina.home=/home/infoetu/baptiste.lavogiez.etu/BUT2/Semestre2/Webdev/tomcat
18-Feb-2026 09:33:34.707 INFO [main] org.apache.catalina.startup.VersionLoggerListener.log Command line argument: -Djava.io.tmpdir=/home/infoetu/baptiste.lavogiez.etu/BUT2/Semestre2/Webdev/tomcat/temp
18-Feb-2026 09:33:34.708 INFO [main] org.apache.catalina.core.AprLifecycleListener.lifecycleEvent The Apache Tomcat Native library which allows using OpenSSL was not found on the java.library.path: [/usr/java/packages/lib:/usr/lib/x86_64-linux-gnu/jni:/lib/x86_64-linux-gnu:/usr/lib/x86_64-linux-gnu:/usr/lib/jni:/lib:/usr/lib]
18-Feb-2026 09:33:34.805 INFO [main] org.apache.coyote.AbstractProtocol.init Initializing ProtocolHandler ["http-nio-8080"]
18-Feb-2026 09:33:34.813 INFO [main] org.apache.catalina.startup.Catalina.load Server initialization in [177] milliseconds
18-Feb-2026 09:33:34.830 INFO [main] org.apache.catalina.core.StandardService.startInternal Starting service [Catalina]
18-Feb-2026 09:33:34.830 INFO [main] org.apache.catalina.core.StandardEngine.startInternal Starting Servlet engine: [Apache Tomcat/11.0.13]
18-Feb-2026 09:33:34.835 INFO [main] org.apache.catalina.startup.HostConfig.deployDirectory Deploying web application directory [/home/infoetu/baptiste.lavogiez.etu/BUT2/Semestre2/Webdev/tomcat/webapps/ctp2]
18-Feb-2026 09:33:35.129 INFO [main] org.apache.jasper.servlet.TldScanner.scanJars At least one JAR was scanned for TLDs yet contained no TLDs. Enable debug logging for this logger for a complete list of JARs that were scanned but no TLDs were found in them. Skipping unneeded JARs during scanning can improve startup time and JSP compilation time.
18-Feb-2026 09:33:35.143 INFO [main] org.apache.catalina.startup.HostConfig.deployDirectory Deployment of web application directory [/home/infoetu/baptiste.lavogiez.etu/BUT2/Semestre2/Webdev/tomcat/webapps/ctp2] has finished in [308] ms
18-Feb-2026 09:33:35.143 INFO [main] org.apache.catalina.startup.HostConfig.deployDirectory Deploying web application directory [/home/infoetu/baptiste.lavogiez.etu/BUT2/Semestre2/Webdev/tomcat/webapps/ctp (copie)]
18-Feb-2026 09:33:35.293 INFO [main] org.apache.jasper.servlet.TldScanner.scanJars At least one JAR was scanned for TLDs yet contained no TLDs. Enable debug logging for this logger for a complete list of JARs that were scanned but no TLDs were found in them. Skipping unneeded JARs during scanning can improve startup time and JSP compilation time.
18-Feb-2026 09:33:35.295 INFO [main] org.apache.catalina.startup.HostConfig.deployDirectory Deployment of web application directory [/home/infoetu/baptiste.lavogiez.etu/BUT2/Semestre2/Webdev/tomcat/webapps/ctp (copie)] has finished in [152] ms
18-Feb-2026 09:33:35.295 INFO [main] org.apache.catalina.startup.HostConfig.deployDirectory Deploying web application directory [/home/infoetu/baptiste.lavogiez.etu/BUT2/Semestre2/Webdev/tomcat/webapps/ctp-sample]
18-Feb-2026 09:33:35.428 INFO [main] org.apache.jasper.servlet.TldScanner.scanJars At least one JAR was scanned for TLDs yet contained no TLDs. Enable debug logging for this logger for a complete list of JARs that were scanned but no TLDs were found in them. Skipping unneeded JARs during scanning can improve startup time and JSP compilation time.
18-Feb-2026 09:33:35.429 INFO [main] org.apache.catalina.startup.HostConfig.deployDirectory Deployment of web application directory [/home/infoetu/baptiste.lavogiez.etu/BUT2/Semestre2/Webdev/tomcat/webapps/ctp-sample] has finished in [134] ms
18-Feb-2026 09:33:35.429 INFO [main] org.apache.catalina.startup.HostConfig.deployDirectory Deploying web application directory [/home/infoetu/baptiste.lavogiez.etu/BUT2/Semestre2/Webdev/tomcat/webapps/__MACOSX]
18-Feb-2026 09:33:35.552 INFO [main] org.apache.jasper.servlet.TldScanner.scanJars At least one JAR was scanned for TLDs yet contained no TLDs. Enable debug logging for this logger for a complete list of JARs that were scanned but no TLDs were found in them. Skipping unneeded JARs during scanning can improve startup time and JSP compilation time.
18-Feb-2026 09:33:35.553 INFO [main] org.apache.catalina.startup.HostConfig.deployDirectory Deployment of web application directory [/home/infoetu/baptiste.lavogiez.etu/BUT2/Semestre2/Webdev/tomcat/webapps/__MACOSX] has finished in [124] ms
18-Feb-2026 09:33:35.553 INFO [main] org.apache.catalina.startup.HostConfig.deployDirectory Deploying web application directory [/home/infoetu/baptiste.lavogiez.etu/BUT2/Semestre2/Webdev/tomcat/webapps/ROOT]
18-Feb-2026 09:33:35.673 INFO [main] org.apache.jasper.servlet.TldScanner.scanJars At least one JAR was scanned for TLDs yet contained no TLDs. Enable debug logging for this logger for a complete list of JARs that were scanned but no TLDs were found in them. Skipping unneeded JARs during scanning can improve startup time and JSP compilation time.
18-Feb-2026 09:33:35.674 INFO [main] org.apache.catalina.startup.HostConfig.deployDirectory Deployment of web application directory [/home/infoetu/baptiste.lavogiez.etu/BUT2/Semestre2/Webdev/tomcat/webapps/ROOT] has finished in [121] ms
18-Feb-2026 09:33:35.674 INFO [main] org.apache.catalina.startup.HostConfig.deployDirectory Deploying web application directory [/home/infoetu/baptiste.lavogiez.etu/BUT2/Semestre2/Webdev/tomcat/webapps/TP04]
18-Feb-2026 09:33:35.800 INFO [main] org.apache.jasper.servlet.TldScanner.scanJars At least one JAR was scanned for TLDs yet contained no TLDs. Enable debug logging for this logger for a complete list of JARs that were scanned but no TLDs were found in them. Skipping unneeded JARs during scanning can improve startup time and JSP compilation time.
18-Feb-2026 09:33:35.801 INFO [main] org.apache.catalina.startup.HostConfig.deployDirectory Deployment of web application directory [/home/infoetu/baptiste.lavogiez.etu/BUT2/Semestre2/Webdev/tomcat/webapps/TP04] has finished in [127] ms
18-Feb-2026 09:33:35.801 INFO [main] org.apache.catalina.startup.HostConfig.deployDirectory Deploying web application directory [/home/infoetu/baptiste.lavogiez.etu/BUT2/Semestre2/Webdev/tomcat/webapps/docs]
18-Feb-2026 09:33:35.916 INFO [main] org.apache.jasper.servlet.TldScanner.scanJars At least one JAR was scanned for TLDs yet contained no TLDs. Enable debug logging for this logger for a complete list of JARs that were scanned but no TLDs were found in them. Skipping unneeded JARs during scanning can improve startup time and JSP compilation time.
18-Feb-2026 09:33:35.916 INFO [main] org.apache.catalina.startup.HostConfig.deployDirectory Deployment of web application directory [/home/infoetu/baptiste.lavogiez.etu/BUT2/Semestre2/Webdev/tomcat/webapps/docs] has finished in [115] ms
18-Feb-2026 09:33:35.916 INFO [main] org.apache.catalina.startup.HostConfig.deployDirectory Deploying web application directory [/home/infoetu/baptiste.lavogiez.etu/BUT2/Semestre2/Webdev/tomcat/webapps/TP03-Partie2]
18-Feb-2026 09:33:36.039 INFO [main] org.apache.jasper.servlet.TldScanner.scanJars At least one JAR was scanned for TLDs yet contained no TLDs. Enable debug logging for this logger for a complete list of JARs that were scanned but no TLDs were found in them. Skipping unneeded JARs during scanning can improve startup time and JSP compilation time.
18-Feb-2026 09:33:36.040 INFO [main] org.apache.catalina.startup.HostConfig.deployDirectory Deployment of web application directory [/home/infoetu/baptiste.lavogiez.etu/BUT2/Semestre2/Webdev/tomcat/webapps/TP03-Partie2] has finished in [124] ms
18-Feb-2026 09:33:36.040 INFO [main] org.apache.catalina.startup.HostConfig.deployDirectory Deploying web application directory [/home/infoetu/baptiste.lavogiez.etu/BUT2/Semestre2/Webdev/tomcat/webapps/TP05]
18-Feb-2026 09:33:36.162 INFO [main] org.apache.jasper.servlet.TldScanner.scanJars At least one JAR was scanned for TLDs yet contained no TLDs. Enable debug logging for this logger for a complete list of JARs that were scanned but no TLDs were found in them. Skipping unneeded JARs during scanning can improve startup time and JSP compilation time.
18-Feb-2026 09:33:36.163 INFO [main] org.apache.catalina.startup.HostConfig.deployDirectory Deployment of web application directory [/home/infoetu/baptiste.lavogiez.etu/BUT2/Semestre2/Webdev/tomcat/webapps/TP05] has finished in [122] ms
18-Feb-2026 09:33:36.163 INFO [main] org.apache.catalina.startup.HostConfig.deployDirectory Deploying web application directory [/home/infoetu/baptiste.lavogiez.etu/BUT2/Semestre2/Webdev/tomcat/webapps/TP06]
18-Feb-2026 09:33:36.281 INFO [main] org.apache.jasper.servlet.TldScanner.scanJars At least one JAR was scanned for TLDs yet contained no TLDs. Enable debug logging for this logger for a complete list of JARs that were scanned but no TLDs were found in them. Skipping unneeded JARs during scanning can improve startup time and JSP compilation time.
18-Feb-2026 09:33:36.283 INFO [main] org.apache.catalina.startup.HostConfig.deployDirectory Deployment of web application directory [/home/infoetu/baptiste.lavogiez.etu/BUT2/Semestre2/Webdev/tomcat/webapps/TP06] has finished in [120] ms
18-Feb-2026 09:33:36.283 INFO [main] org.apache.catalina.startup.HostConfig.deployDirectory Deploying web application directory [/home/infoetu/baptiste.lavogiez.etu/BUT2/Semestre2/Webdev/tomcat/webapps/manager]
18-Feb-2026 09:33:36.396 INFO [main] org.apache.jasper.servlet.TldScanner.scanJars At least one JAR was scanned for TLDs yet contained no TLDs. Enable debug logging for this logger for a complete list of JARs that were scanned but no TLDs were found in them. Skipping unneeded JARs during scanning can improve startup time and JSP compilation time.
18-Feb-2026 09:33:36.399 INFO [main] org.apache.catalina.startup.HostConfig.deployDirectory Deployment of web application directory [/home/infoetu/baptiste.lavogiez.etu/BUT2/Semestre2/Webdev/tomcat/webapps/manager] has finished in [116] ms
18-Feb-2026 09:33:36.399 INFO [main] org.apache.catalina.startup.HostConfig.deployDirectory Deploying web application directory [/home/infoetu/baptiste.lavogiez.etu/BUT2/Semestre2/Webdev/tomcat/webapps/TP02]
18-Feb-2026 09:33:36.518 INFO [main] org.apache.jasper.servlet.TldScanner.scanJars At least one JAR was scanned for TLDs yet contained no TLDs. Enable debug logging for this logger for a complete list of JARs that were scanned but no TLDs were found in them. Skipping unneeded JARs during scanning can improve startup time and JSP compilation time.
18-Feb-2026 09:33:36.519 INFO [main] org.apache.catalina.startup.HostConfig.deployDirectory Deployment of web application directory [/home/infoetu/baptiste.lavogiez.etu/BUT2/Semestre2/Webdev/tomcat/webapps/TP02] has finished in [120] ms
18-Feb-2026 09:33:36.519 INFO [main] org.apache.catalina.startup.HostConfig.deployDirectory Deploying web application directory [/home/infoetu/baptiste.lavogiez.etu/BUT2/Semestre2/Webdev/tomcat/webapps/ctp1]
18-Feb-2026 09:33:36.640 INFO [main] org.apache.jasper.servlet.TldScanner.scanJars At least one JAR was scanned for TLDs yet contained no TLDs. Enable debug logging for this logger for a complete list of JARs that were scanned but no TLDs were found in them. Skipping unneeded JARs during scanning can improve startup time and JSP compilation time.
18-Feb-2026 09:33:36.641 INFO [main] org.apache.catalina.startup.HostConfig.deployDirectory Deployment of web application directory [/home/infoetu/baptiste.lavogiez.etu/BUT2/Semestre2/Webdev/tomcat/webapps/ctp1] has finished in [122] ms
18-Feb-2026 09:33:36.641 INFO [main] org.apache.catalina.startup.HostConfig.deployDirectory Deploying web application directory [/home/infoetu/baptiste.lavogiez.etu/BUT2/Semestre2/Webdev/tomcat/webapps/TP03]
18-Feb-2026 09:33:36.755 INFO [main] org.apache.jasper.servlet.TldScanner.scanJars At least one JAR was scanned for TLDs yet contained no TLDs. Enable debug logging for this logger for a complete list of JARs that were scanned but no TLDs were found in them. Skipping unneeded JARs during scanning can improve startup time and JSP compilation time.
18-Feb-2026 09:33:36.756 INFO [main] org.apache.catalina.startup.HostConfig.deployDirectory Deployment of web application directory [/home/infoetu/baptiste.lavogiez.etu/BUT2/Semestre2/Webdev/tomcat/webapps/TP03] has finished in [115] ms
18-Feb-2026 09:33:36.756 INFO [main] org.apache.catalina.startup.HostConfig.deployDirectory Deploying web application directory [/home/infoetu/baptiste.lavogiez.etu/BUT2/Semestre2/Webdev/tomcat/webapps/TP01]
18-Feb-2026 09:33:36.868 INFO [main] org.apache.jasper.servlet.TldScanner.scanJars At least one JAR was scanned for TLDs yet contained no TLDs. Enable debug logging for this logger for a complete list of JARs that were scanned but no TLDs were found in them. Skipping unneeded JARs during scanning can improve startup time and JSP compilation time.
18-Feb-2026 09:33:36.869 INFO [main] org.apache.catalina.startup.HostConfig.deployDirectory Deployment of web application directory [/home/infoetu/baptiste.lavogiez.etu/BUT2/Semestre2/Webdev/tomcat/webapps/TP01] has finished in [113] ms
18-Feb-2026 09:33:36.869 INFO [main] org.apache.catalina.startup.HostConfig.deployDirectory Deploying web application directory [/home/infoetu/baptiste.lavogiez.etu/BUT2/Semestre2/Webdev/tomcat/webapps/host-manager]
18-Feb-2026 09:33:36.979 INFO [main] org.apache.jasper.servlet.TldScanner.scanJars At least one JAR was scanned for TLDs yet contained no TLDs. Enable debug logging for this logger for a complete list of JARs that were scanned but no TLDs were found in them. Skipping unneeded JARs during scanning can improve startup time and JSP compilation time.
18-Feb-2026 09:33:36.980 INFO [main] org.apache.catalina.startup.HostConfig.deployDirectory Deployment of web application directory [/home/infoetu/baptiste.lavogiez.etu/BUT2/Semestre2/Webdev/tomcat/webapps/host-manager] has finished in [111] ms
18-Feb-2026 09:33:36.980 INFO [main] org.apache.catalina.startup.HostConfig.deployDirectory Deploying web application directory [/home/infoetu/baptiste.lavogiez.etu/BUT2/Semestre2/Webdev/tomcat/webapps/tp_chess]
18-Feb-2026 09:33:37.098 INFO [main] org.apache.jasper.servlet.TldScanner.scanJars At least one JAR was scanned for TLDs yet contained no TLDs. Enable debug logging for this logger for a complete list of JARs that were scanned but no TLDs were found in them. Skipping unneeded JARs during scanning can improve startup time and JSP compilation time.
18-Feb-2026 09:33:37.099 INFO [main] org.apache.catalina.startup.HostConfig.deployDirectory Deployment of web application directory [/home/infoetu/baptiste.lavogiez.etu/BUT2/Semestre2/Webdev/tomcat/webapps/tp_chess] has finished in [119] ms
18-Feb-2026 09:33:37.099 INFO [main] org.apache.catalina.startup.HostConfig.deployDirectory Deploying web application directory [/home/infoetu/baptiste.lavogiez.etu/BUT2/Semestre2/Webdev/tomcat/webapps/ctp3]
18-Feb-2026 09:33:37.214 INFO [main] org.apache.jasper.servlet.TldScanner.scanJars At least one JAR was scanned for TLDs yet contained no TLDs. Enable debug logging for this logger for a complete list of JARs that were scanned but no TLDs were found in them. Skipping unneeded JARs during scanning can improve startup time and JSP compilation time.
18-Feb-2026 09:33:37.215 INFO [main] org.apache.catalina.startup.HostConfig.deployDirectory Deployment of web application directory [/home/infoetu/baptiste.lavogiez.etu/BUT2/Semestre2/Webdev/tomcat/webapps/ctp3] has finished in [116] ms
18-Feb-2026 09:33:37.215 INFO [main] org.apache.catalina.startup.HostConfig.deployDirectory Deploying web application directory [/home/infoetu/baptiste.lavogiez.etu/BUT2/Semestre2/Webdev/tomcat/webapps/template]
18-Feb-2026 09:33:37.342 INFO [main] org.apache.jasper.servlet.TldScanner.scanJars At least one JAR was scanned for TLDs yet contained no TLDs. Enable debug logging for this logger for a complete list of JARs that were scanned but no TLDs were found in them. Skipping unneeded JARs during scanning can improve startup time and JSP compilation time.
18-Feb-2026 09:33:37.342 INFO [main] org.apache.catalina.startup.HostConfig.deployDirectory Deployment of web application directory [/home/infoetu/baptiste.lavogiez.etu/BUT2/Semestre2/Webdev/tomcat/webapps/template] has finished in [127] ms
18-Feb-2026 09:33:37.342 INFO [main] org.apache.catalina.startup.HostConfig.deployDirectory Deploying web application directory [/home/infoetu/baptiste.lavogiez.etu/BUT2/Semestre2/Webdev/tomcat/webapps/examples]
18-Feb-2026 09:33:37.533 INFO [main] org.apache.jasper.servlet.TldScanner.scanJars At least one JAR was scanned for TLDs yet contained no TLDs. Enable debug logging for this logger for a complete list of JARs that were scanned but no TLDs were found in them. Skipping unneeded JARs during scanning can improve startup time and JSP compilation time.
18-Feb-2026 09:33:37.548 INFO [main] org.apache.catalina.startup.HostConfig.deployDirectory Deployment of web application directory [/home/infoetu/baptiste.lavogiez.etu/BUT2/Semestre2/Webdev/tomcat/webapps/examples] has finished in [205] ms
18-Feb-2026 09:33:37.548 INFO [main] org.apache.catalina.startup.HostConfig.deployDirectory Deploying web application directory [/home/infoetu/baptiste.lavogiez.etu/BUT2/Semestre2/Webdev/tomcat/webapps/ctp]
18-Feb-2026 09:33:37.672 INFO [main] org.apache.jasper.servlet.TldScanner.scanJars At least one JAR was scanned for TLDs yet contained no TLDs. Enable debug logging for this logger for a complete list of JARs that were scanned but no TLDs were found in them. Skipping unneeded JARs during scanning can improve startup time and JSP compilation time.
18-Feb-2026 09:33:37.673 INFO [main] org.apache.catalina.startup.HostConfig.deployDirectory Deployment of web application directory [/home/infoetu/baptiste.lavogiez.etu/BUT2/Semestre2/Webdev/tomcat/webapps/ctp] has finished in [124] ms
18-Feb-2026 09:33:37.674 INFO [main] org.apache.coyote.AbstractProtocol.start Starting ProtocolHandler ["http-nio-8080"]
18-Feb-2026 09:33:37.679 INFO [main] org.apache.catalina.startup.Catalina.start Server startup in [2865] milliseconds
18-Feb-2026 09:33:57.247 INFO [Thread-1] org.apache.coyote.AbstractProtocol.pause Pausing ProtocolHandler ["http-nio-8080"]
18-Feb-2026 09:33:57.249 INFO [Thread-1] org.apache.catalina.core.StandardService.stopInternal Stopping service [Catalina]
18-Feb-2026 09:33:57.278 WARNING [Thread-1] org.apache.catalina.loader.WebappClassLoaderBase.clearReferencesJdbc The web application [TP06] registered the JDBC driver [org.h2.Driver] but failed to unregister it when the web application was stopped. To prevent a memory leak, the JDBC Driver has been forcibly unregistered.
18-Feb-2026 09:33:57.295 INFO [Thread-1] org.apache.coyote.AbstractProtocol.stop Stopping ProtocolHandler ["http-nio-8080"]
18-Feb-2026 09:33:57.304 INFO [Thread-1] org.apache.coyote.AbstractProtocol.destroy Destroying ProtocolHandler ["http-nio-8080"]
18-Feb-2026 09:33:59.556 INFO [main] org.apache.catalina.startup.VersionLoggerListener.log Server version name:   Apache Tomcat/11.0.13
18-Feb-2026 09:33:59.557 INFO [main] org.apache.catalina.startup.VersionLoggerListener.log Server built:          Oct 10 2025 13:57:31 UTC
18-Feb-2026 09:33:59.557 INFO [main] org.apache.catalina.startup.VersionLoggerListener.log Server version number: 11.0.13.0
18-Feb-2026 09:33:59.557 INFO [main] org.apache.catalina.startup.VersionLoggerListener.log OS Name:               Linux
18-Feb-2026 09:33:59.557 INFO [main] org.apache.catalina.startup.VersionLoggerListener.log OS Version:            6.1.0-40-amd64
18-Feb-2026 09:33:59.558 INFO [main] org.apache.catalina.startup.VersionLoggerListener.log Architecture:          amd64
18-Feb-2026 09:33:59.558 INFO [main] org.apache.catalina.startup.VersionLoggerListener.log Java Home:             /usr/lib/jvm/java-17-openjdk-amd64
18-Feb-2026 09:33:59.558 INFO [main] org.apache.catalina.startup.VersionLoggerListener.log JVM Version:           17.0.18+8-Debian-1deb12u1
18-Feb-2026 09:33:59.558 INFO [main] org.apache.catalina.startup.VersionLoggerListener.log JVM Vendor:            Debian
18-Feb-2026 09:33:59.558 INFO [main] org.apache.catalina.startup.VersionLoggerListener.log CATALINA_BASE:         /home/infoetu/baptiste.lavogiez.etu/BUT2/Semestre2/Webdev/tomcat
18-Feb-2026 09:33:59.558 INFO [main] org.apache.catalina.startup.VersionLoggerListener.log CATALINA_HOME:         /home/infoetu/baptiste.lavogiez.etu/BUT2/Semestre2/Webdev/tomcat
18-Feb-2026 09:33:59.561 INFO [main] org.apache.catalina.startup.VersionLoggerListener.log Command line argument: -Djava.util.logging.config.file=/home/infoetu/baptiste.lavogiez.etu/BUT2/Semestre2/Webdev/tomcat/conf/logging.properties
18-Feb-2026 09:33:59.561 INFO [main] org.apache.catalina.startup.VersionLoggerListener.log Command line argument: -Djava.util.logging.manager=org.apache.juli.ClassLoaderLogManager
18-Feb-2026 09:33:59.561 INFO [main] org.apache.catalina.startup.VersionLoggerListener.log Command line argument: -Djdk.tls.ephemeralDHKeySize=2048
18-Feb-2026 09:33:59.561 INFO [main] org.apache.catalina.startup.VersionLoggerListener.log Command line argument: -Dorg.apache.catalina.security.SecurityListener.UMASK=0027
18-Feb-2026 09:33:59.561 INFO [main] org.apache.catalina.startup.VersionLoggerListener.log Command line argument: --add-opens=java.base/java.lang=ALL-UNNAMED
18-Feb-2026 09:33:59.561 INFO [main] org.apache.catalina.startup.VersionLoggerListener.log Command line argument: --add-opens=java.base/java.lang.reflect=ALL-UNNAMED
18-Feb-2026 09:33:59.561 INFO [main] org.apache.catalina.startup.VersionLoggerListener.log Command line argument: --add-opens=java.base/java.io=ALL-UNNAMED
18-Feb-2026 09:33:59.561 INFO [main] org.apache.catalina.startup.VersionLoggerListener.log Command line argument: --add-opens=java.base/java.util=ALL-UNNAMED
18-Feb-2026 09:33:59.562 INFO [main] org.apache.catalina.startup.VersionLoggerListener.log Command line argument: --add-opens=java.base/java.util.concurrent=ALL-UNNAMED
18-Feb-2026 09:33:59.562 INFO [main] org.apache.catalina.startup.VersionLoggerListener.log Command line argument: --add-opens=java.rmi/sun.rmi.transport=ALL-UNNAMED
18-Feb-2026 09:33:59.562 INFO [main] org.apache.catalina.startup.VersionLoggerListener.log Command line argument: --enable-native-access=ALL-UNNAMED
18-Feb-2026 09:33:59.562 INFO [main] org.apache.catalina.startup.VersionLoggerListener.log Command line argument: -Dcatalina.base=/home/infoetu/baptiste.lavogiez.etu/BUT2/Semestre2/Webdev/tomcat
18-Feb-2026 09:33:59.562 INFO [main] org.apache.catalina.startup.VersionLoggerListener.log Command line argument: -Dcatalina.home=/home/infoetu/baptiste.lavogiez.etu/BUT2/Semestre2/Webdev/tomcat
18-Feb-2026 09:33:59.562 INFO [main] org.apache.catalina.startup.VersionLoggerListener.log Command line argument: -Djava.io.tmpdir=/home/infoetu/baptiste.lavogiez.etu/BUT2/Semestre2/Webdev/tomcat/temp
18-Feb-2026 09:33:59.562 INFO [main] org.apache.catalina.core.AprLifecycleListener.lifecycleEvent The Apache Tomcat Native library which allows using OpenSSL was not found on the java.library.path: [/usr/java/packages/lib:/usr/lib/x86_64-linux-gnu/jni:/lib/x86_64-linux-gnu:/usr/lib/x86_64-linux-gnu:/usr/lib/jni:/lib:/usr/lib]
18-Feb-2026 09:33:59.658 INFO [main] org.apache.coyote.AbstractProtocol.init Initializing ProtocolHandler ["http-nio-8080"]
18-Feb-2026 09:33:59.667 INFO [main] org.apache.catalina.startup.Catalina.load Server initialization in [176] milliseconds
18-Feb-2026 09:33:59.683 INFO [main] org.apache.catalina.core.StandardService.startInternal Starting service [Catalina]
18-Feb-2026 09:33:59.683 INFO [main] org.apache.catalina.core.StandardEngine.startInternal Starting Servlet engine: [Apache Tomcat/11.0.13]
18-Feb-2026 09:33:59.687 INFO [main] org.apache.catalina.startup.HostConfig.deployDirectory Deploying web application directory [/home/infoetu/baptiste.lavogiez.etu/BUT2/Semestre2/Webdev/tomcat/webapps/ctp2]
18-Feb-2026 09:33:59.975 INFO [main] org.apache.jasper.servlet.TldScanner.scanJars At least one JAR was scanned for TLDs yet contained no TLDs. Enable debug logging for this logger for a complete list of JARs that were scanned but no TLDs were found in them. Skipping unneeded JARs during scanning can improve startup time and JSP compilation time.
18-Feb-2026 09:33:59.989 INFO [main] org.apache.catalina.startup.HostConfig.deployDirectory Deployment of web application directory [/home/infoetu/baptiste.lavogiez.etu/BUT2/Semestre2/Webdev/tomcat/webapps/ctp2] has finished in [302] ms
18-Feb-2026 09:33:59.990 INFO [main] org.apache.catalina.startup.HostConfig.deployDirectory Deploying web application directory [/home/infoetu/baptiste.lavogiez.etu/BUT2/Semestre2/Webdev/tomcat/webapps/ctp (copie)]
18-Feb-2026 09:34:00.147 INFO [main] org.apache.jasper.servlet.TldScanner.scanJars At least one JAR was scanned for TLDs yet contained no TLDs. Enable debug logging for this logger for a complete list of JARs that were scanned but no TLDs were found in them. Skipping unneeded JARs during scanning can improve startup time and JSP compilation time.
18-Feb-2026 09:34:00.149 INFO [main] org.apache.catalina.startup.HostConfig.deployDirectory Deployment of web application directory [/home/infoetu/baptiste.lavogiez.etu/BUT2/Semestre2/Webdev/tomcat/webapps/ctp (copie)] has finished in [158] ms
18-Feb-2026 09:34:00.149 INFO [main] org.apache.catalina.startup.HostConfig.deployDirectory Deploying web application directory [/home/infoetu/baptiste.lavogiez.etu/BUT2/Semestre2/Webdev/tomcat/webapps/ctp-sample]
18-Feb-2026 09:34:00.294 INFO [main] org.apache.jasper.servlet.TldScanner.scanJars At least one JAR was scanned for TLDs yet contained no TLDs. Enable debug logging for this logger for a complete list of JARs that were scanned but no TLDs were found in them. Skipping unneeded JARs during scanning can improve startup time and JSP compilation time.
18-Feb-2026 09:34:00.295 INFO [main] org.apache.catalina.startup.HostConfig.deployDirectory Deployment of web application directory [/home/infoetu/baptiste.lavogiez.etu/BUT2/Semestre2/Webdev/tomcat/webapps/ctp-sample] has finished in [146] ms
18-Feb-2026 09:34:00.295 INFO [main] org.apache.catalina.startup.HostConfig.deployDirectory Deploying web application directory [/home/infoetu/baptiste.lavogiez.etu/BUT2/Semestre2/Webdev/tomcat/webapps/__MACOSX]
18-Feb-2026 09:34:00.423 INFO [main] org.apache.jasper.servlet.TldScanner.scanJars At least one JAR was scanned for TLDs yet contained no TLDs. Enable debug logging for this logger for a complete list of JARs that were scanned but no TLDs were found in them. Skipping unneeded JARs during scanning can improve startup time and JSP compilation time.
18-Feb-2026 09:34:00.424 INFO [main] org.apache.catalina.startup.HostConfig.deployDirectory Deployment of web application directory [/home/infoetu/baptiste.lavogiez.etu/BUT2/Semestre2/Webdev/tomcat/webapps/__MACOSX] has finished in [129] ms
18-Feb-2026 09:34:00.424 INFO [main] org.apache.catalina.startup.HostConfig.deployDirectory Deploying web application directory [/home/infoetu/baptiste.lavogiez.etu/BUT2/Semestre2/Webdev/tomcat/webapps/ROOT]
18-Feb-2026 09:34:00.541 INFO [main] org.apache.jasper.servlet.TldScanner.scanJars At least one JAR was scanned for TLDs yet contained no TLDs. Enable debug logging for this logger for a complete list of JARs that were scanned but no TLDs were found in them. Skipping unneeded JARs during scanning can improve startup time and JSP compilation time.
18-Feb-2026 09:34:00.542 INFO [main] org.apache.catalina.startup.HostConfig.deployDirectory Deployment of web application directory [/home/infoetu/baptiste.lavogiez.etu/BUT2/Semestre2/Webdev/tomcat/webapps/ROOT] has finished in [117] ms
18-Feb-2026 09:34:00.542 INFO [main] org.apache.catalina.startup.HostConfig.deployDirectory Deploying web application directory [/home/infoetu/baptiste.lavogiez.etu/BUT2/Semestre2/Webdev/tomcat/webapps/TP04]
18-Feb-2026 09:34:00.671 INFO [main] org.apache.jasper.servlet.TldScanner.scanJars At least one JAR was scanned for TLDs yet contained no TLDs. Enable debug logging for this logger for a complete list of JARs that were scanned but no TLDs were found in them. Skipping unneeded JARs during scanning can improve startup time and JSP compilation time.
18-Feb-2026 09:34:00.671 INFO [main] org.apache.catalina.startup.HostConfig.deployDirectory Deployment of web application directory [/home/infoetu/baptiste.lavogiez.etu/BUT2/Semestre2/Webdev/tomcat/webapps/TP04] has finished in [129] ms
18-Feb-2026 09:34:00.672 INFO [main] org.apache.catalina.startup.HostConfig.deployDirectory Deploying web application directory [/home/infoetu/baptiste.lavogiez.etu/BUT2/Semestre2/Webdev/tomcat/webapps/docs]
18-Feb-2026 09:34:00.784 INFO [main] org.apache.jasper.servlet.TldScanner.scanJars At least one JAR was scanned for TLDs yet contained no TLDs. Enable debug logging for this logger for a complete list of JARs that were scanned but no TLDs were found in them. Skipping unneeded JARs during scanning can improve startup time and JSP compilation time.
18-Feb-2026 09:34:00.784 INFO [main] org.apache.catalina.startup.HostConfig.deployDirectory Deployment of web application directory [/home/infoetu/baptiste.lavogiez.etu/BUT2/Semestre2/Webdev/tomcat/webapps/docs] has finished in [113] ms
18-Feb-2026 09:34:00.785 INFO [main] org.apache.catalina.startup.HostConfig.deployDirectory Deploying web application directory [/home/infoetu/baptiste.lavogiez.etu/BUT2/Semestre2/Webdev/tomcat/webapps/TP03-Partie2]
18-Feb-2026 09:34:00.908 INFO [main] org.apache.jasper.servlet.TldScanner.scanJars At least one JAR was scanned for TLDs yet contained no TLDs. Enable debug logging for this logger for a complete list of JARs that were scanned but no TLDs were found in them. Skipping unneeded JARs during scanning can improve startup time and JSP compilation time.
18-Feb-2026 09:34:00.909 INFO [main] org.apache.catalina.startup.HostConfig.deployDirectory Deployment of web application directory [/home/infoetu/baptiste.lavogiez.etu/BUT2/Semestre2/Webdev/tomcat/webapps/TP03-Partie2] has finished in [123] ms
18-Feb-2026 09:34:00.909 INFO [main] org.apache.catalina.startup.HostConfig.deployDirectory Deploying web application directory [/home/infoetu/baptiste.lavogiez.etu/BUT2/Semestre2/Webdev/tomcat/webapps/TP05]
18-Feb-2026 09:34:01.035 INFO [main] org.apache.jasper.servlet.TldScanner.scanJars At least one JAR was scanned for TLDs yet contained no TLDs. Enable debug logging for this logger for a complete list of JARs that were scanned but no TLDs were found in them. Skipping unneeded JARs during scanning can improve startup time and JSP compilation time.
18-Feb-2026 09:34:01.036 INFO [main] org.apache.catalina.startup.HostConfig.deployDirectory Deployment of web application directory [/home/infoetu/baptiste.lavogiez.etu/BUT2/Semestre2/Webdev/tomcat/webapps/TP05] has finished in [127] ms
18-Feb-2026 09:34:01.036 INFO [main] org.apache.catalina.startup.HostConfig.deployDirectory Deploying web application directory [/home/infoetu/baptiste.lavogiez.etu/BUT2/Semestre2/Webdev/tomcat/webapps/TP06]
18-Feb-2026 09:34:01.158 INFO [main] org.apache.jasper.servlet.TldScanner.scanJars At least one JAR was scanned for TLDs yet contained no TLDs. Enable debug logging for this logger for a complete list of JARs that were scanned but no TLDs were found in them. Skipping unneeded JARs during scanning can improve startup time and JSP compilation time.
18-Feb-2026 09:34:01.159 INFO [main] org.apache.catalina.startup.HostConfig.deployDirectory Deployment of web application directory [/home/infoetu/baptiste.lavogiez.etu/BUT2/Semestre2/Webdev/tomcat/webapps/TP06] has finished in [123] ms
18-Feb-2026 09:34:01.159 INFO [main] org.apache.catalina.startup.HostConfig.deployDirectory Deploying web application directory [/home/infoetu/baptiste.lavogiez.etu/BUT2/Semestre2/Webdev/tomcat/webapps/manager]
18-Feb-2026 09:34:01.277 INFO [main] org.apache.jasper.servlet.TldScanner.scanJars At least one JAR was scanned for TLDs yet contained no TLDs. Enable debug logging for this logger for a complete list of JARs that were scanned but no TLDs were found in them. Skipping unneeded JARs during scanning can improve startup time and JSP compilation time.
18-Feb-2026 09:34:01.280 INFO [main] org.apache.catalina.startup.HostConfig.deployDirectory Deployment of web application directory [/home/infoetu/baptiste.lavogiez.etu/BUT2/Semestre2/Webdev/tomcat/webapps/manager] has finished in [121] ms
18-Feb-2026 09:34:01.280 INFO [main] org.apache.catalina.startup.HostConfig.deployDirectory Deploying web application directory [/home/infoetu/baptiste.lavogiez.etu/BUT2/Semestre2/Webdev/tomcat/webapps/TP02]
18-Feb-2026 09:34:01.402 INFO [main] org.apache.jasper.servlet.TldScanner.scanJars At least one JAR was scanned for TLDs yet contained no TLDs. Enable debug logging for this logger for a complete list of JARs that were scanned but no TLDs were found in them. Skipping unneeded JARs during scanning can improve startup time and JSP compilation time.
18-Feb-2026 09:34:01.403 INFO [main] org.apache.catalina.startup.HostConfig.deployDirectory Deployment of web application directory [/home/infoetu/baptiste.lavogiez.etu/BUT2/Semestre2/Webdev/tomcat/webapps/TP02] has finished in [123] ms
18-Feb-2026 09:34:01.403 INFO [main] org.apache.catalina.startup.HostConfig.deployDirectory Deploying web application directory [/home/infoetu/baptiste.lavogiez.etu/BUT2/Semestre2/Webdev/tomcat/webapps/ctp1]
18-Feb-2026 09:34:01.529 INFO [main] org.apache.jasper.servlet.TldScanner.scanJars At least one JAR was scanned for TLDs yet contained no TLDs. Enable debug logging for this logger for a complete list of JARs that were scanned but no TLDs were found in them. Skipping unneeded JARs during scanning can improve startup time and JSP compilation time.
18-Feb-2026 09:34:01.530 INFO [main] org.apache.catalina.startup.HostConfig.deployDirectory Deployment of web application directory [/home/infoetu/baptiste.lavogiez.etu/BUT2/Semestre2/Webdev/tomcat/webapps/ctp1] has finished in [127] ms
18-Feb-2026 09:34:01.530 INFO [main] org.apache.catalina.startup.HostConfig.deployDirectory Deploying web application directory [/home/infoetu/baptiste.lavogiez.etu/BUT2/Semestre2/Webdev/tomcat/webapps/TP03]
18-Feb-2026 09:34:01.645 INFO [main] org.apache.jasper.servlet.TldScanner.scanJars At least one JAR was scanned for TLDs yet contained no TLDs. Enable debug logging for this logger for a complete list of JARs that were scanned but no TLDs were found in them. Skipping unneeded JARs during scanning can improve startup time and JSP compilation time.
18-Feb-2026 09:34:01.646 INFO [main] org.apache.catalina.startup.HostConfig.deployDirectory Deployment of web application directory [/home/infoetu/baptiste.lavogiez.etu/BUT2/Semestre2/Webdev/tomcat/webapps/TP03] has finished in [116] ms
18-Feb-2026 09:34:01.646 INFO [main] org.apache.catalina.startup.HostConfig.deployDirectory Deploying web application directory [/home/infoetu/baptiste.lavogiez.etu/BUT2/Semestre2/Webdev/tomcat/webapps/TP01]
18-Feb-2026 09:34:01.758 INFO [main] org.apache.jasper.servlet.TldScanner.scanJars At least one JAR was scanned for TLDs yet contained no TLDs. Enable debug logging for this logger for a complete list of JARs that were scanned but no TLDs were found in them. Skipping unneeded JARs during scanning can improve startup time and JSP compilation time.
18-Feb-2026 09:34:01.759 INFO [main] org.apache.catalina.startup.HostConfig.deployDirectory Deployment of web application directory [/home/infoetu/baptiste.lavogiez.etu/BUT2/Semestre2/Webdev/tomcat/webapps/TP01] has finished in [113] ms
18-Feb-2026 09:34:01.759 INFO [main] org.apache.catalina.startup.HostConfig.deployDirectory Deploying web application directory [/home/infoetu/baptiste.lavogiez.etu/BUT2/Semestre2/Webdev/tomcat/webapps/host-manager]
18-Feb-2026 09:34:01.873 INFO [main] org.apache.jasper.servlet.TldScanner.scanJars At least one JAR was scanned for TLDs yet contained no TLDs. Enable debug logging for this logger for a complete list of JARs that were scanned but no TLDs were found in them. Skipping unneeded JARs during scanning can improve startup time and JSP compilation time.
18-Feb-2026 09:34:01.874 INFO [main] org.apache.catalina.startup.HostConfig.deployDirectory Deployment of web application directory [/home/infoetu/baptiste.lavogiez.etu/BUT2/Semestre2/Webdev/tomcat/webapps/host-manager] has finished in [115] ms
18-Feb-2026 09:34:01.874 INFO [main] org.apache.catalina.startup.HostConfig.deployDirectory Deploying web application directory [/home/infoetu/baptiste.lavogiez.etu/BUT2/Semestre2/Webdev/tomcat/webapps/tp_chess]
18-Feb-2026 09:34:01.991 INFO [main] org.apache.jasper.servlet.TldScanner.scanJars At least one JAR was scanned for TLDs yet contained no TLDs. Enable debug logging for this logger for a complete list of JARs that were scanned but no TLDs were found in them. Skipping unneeded JARs during scanning can improve startup time and JSP compilation time.
18-Feb-2026 09:34:01.992 INFO [main] org.apache.catalina.startup.HostConfig.deployDirectory Deployment of web application directory [/home/infoetu/baptiste.lavogiez.etu/BUT2/Semestre2/Webdev/tomcat/webapps/tp_chess] has finished in [118] ms
18-Feb-2026 09:34:01.992 INFO [main] org.apache.catalina.startup.HostConfig.deployDirectory Deploying web application directory [/home/infoetu/baptiste.lavogiez.etu/BUT2/Semestre2/Webdev/tomcat/webapps/ctp3]
18-Feb-2026 09:34:02.109 INFO [main] org.apache.jasper.servlet.TldScanner.scanJars At least one JAR was scanned for TLDs yet contained no TLDs. Enable debug logging for this logger for a complete list of JARs that were scanned but no TLDs were found in them. Skipping unneeded JARs during scanning can improve startup time and JSP compilation time.
18-Feb-2026 09:34:02.110 INFO [main] org.apache.catalina.startup.HostConfig.deployDirectory Deployment of web application directory [/home/infoetu/baptiste.lavogiez.etu/BUT2/Semestre2/Webdev/tomcat/webapps/ctp3] has finished in [118] ms
18-Feb-2026 09:34:02.110 INFO [main] org.apache.catalina.startup.HostConfig.deployDirectory Deploying web application directory [/home/infoetu/baptiste.lavogiez.etu/BUT2/Semestre2/Webdev/tomcat/webapps/template]
18-Feb-2026 09:34:02.236 INFO [main] org.apache.jasper.servlet.TldScanner.scanJars At least one JAR was scanned for TLDs yet contained no TLDs. Enable debug logging for this logger for a complete list of JARs that were scanned but no TLDs were found in them. Skipping unneeded JARs during scanning can improve startup time and JSP compilation time.
18-Feb-2026 09:34:02.237 INFO [main] org.apache.catalina.startup.HostConfig.deployDirectory Deployment of web application directory [/home/infoetu/baptiste.lavogiez.etu/BUT2/Semestre2/Webdev/tomcat/webapps/template] has finished in [127] ms
18-Feb-2026 09:34:02.237 INFO [main] org.apache.catalina.startup.HostConfig.deployDirectory Deploying web application directory [/home/infoetu/baptiste.lavogiez.etu/BUT2/Semestre2/Webdev/tomcat/webapps/examples]
18-Feb-2026 09:34:02.482 INFO [main] org.apache.jasper.servlet.TldScanner.scanJars At least one JAR was scanned for TLDs yet contained no TLDs. Enable debug logging for this logger for a complete list of JARs that were scanned but no TLDs were found in them. Skipping unneeded JARs during scanning can improve startup time and JSP compilation time.
18-Feb-2026 09:34:02.494 INFO [main] org.apache.catalina.startup.HostConfig.deployDirectory Deployment of web application directory [/home/infoetu/baptiste.lavogiez.etu/BUT2/Semestre2/Webdev/tomcat/webapps/examples] has finished in [257] ms
18-Feb-2026 09:34:02.494 INFO [main] org.apache.catalina.startup.HostConfig.deployDirectory Deploying web application directory [/home/infoetu/baptiste.lavogiez.etu/BUT2/Semestre2/Webdev/tomcat/webapps/ctp]
18-Feb-2026 09:34:02.620 INFO [main] org.apache.jasper.servlet.TldScanner.scanJars At least one JAR was scanned for TLDs yet contained no TLDs. Enable debug logging for this logger for a complete list of JARs that were scanned but no TLDs were found in them. Skipping unneeded JARs during scanning can improve startup time and JSP compilation time.
18-Feb-2026 09:34:02.621 INFO [main] org.apache.catalina.startup.HostConfig.deployDirectory Deployment of web application directory [/home/infoetu/baptiste.lavogiez.etu/BUT2/Semestre2/Webdev/tomcat/webapps/ctp] has finished in [127] ms
18-Feb-2026 09:34:02.622 INFO [main] org.apache.coyote.AbstractProtocol.start Starting ProtocolHandler ["http-nio-8080"]
18-Feb-2026 09:34:02.627 INFO [main] org.apache.catalina.startup.Catalina.start Server startup in [2960] milliseconds
18-Feb-2026 09:41:34.590 INFO [Thread-1] org.apache.coyote.AbstractProtocol.pause Pausing ProtocolHandler ["http-nio-8080"]
18-Feb-2026 09:41:34.592 INFO [Thread-1] org.apache.catalina.core.StandardService.stopInternal Stopping service [Catalina]
18-Feb-2026 09:41:34.628 WARNING [Thread-1] org.apache.catalina.loader.WebappClassLoaderBase.clearReferencesJdbc The web application [TP06] registered the JDBC driver [org.h2.Driver] but failed to unregister it when the web application was stopped. To prevent a memory leak, the JDBC Driver has been forcibly unregistered.
18-Feb-2026 09:41:34.645 INFO [Thread-1] org.apache.coyote.AbstractProtocol.stop Stopping ProtocolHandler ["http-nio-8080"]
18-Feb-2026 09:41:34.655 INFO [Thread-1] org.apache.coyote.AbstractProtocol.destroy Destroying ProtocolHandler ["http-nio-8080"]
18-Feb-2026 09:41:35.719 INFO [main] org.apache.catalina.startup.VersionLoggerListener.log Server version name:   Apache Tomcat/11.0.13
18-Feb-2026 09:41:35.721 INFO [main] org.apache.catalina.startup.VersionLoggerListener.log Server built:          Oct 10 2025 13:57:31 UTC
18-Feb-2026 09:41:35.721 INFO [main] org.apache.catalina.startup.VersionLoggerListener.log Server version number: 11.0.13.0
18-Feb-2026 09:41:35.721 INFO [main] org.apache.catalina.startup.VersionLoggerListener.log OS Name:               Linux
18-Feb-2026 09:41:35.721 INFO [main] org.apache.catalina.startup.VersionLoggerListener.log OS Version:            6.1.0-40-amd64
18-Feb-2026 09:41:35.722 INFO [main] org.apache.catalina.startup.VersionLoggerListener.log Architecture:          amd64
18-Feb-2026 09:41:35.722 INFO [main] org.apache.catalina.startup.VersionLoggerListener.log Java Home:             /usr/lib/jvm/java-17-openjdk-amd64
18-Feb-2026 09:41:35.722 INFO [main] org.apache.catalina.startup.VersionLoggerListener.log JVM Version:           17.0.18+8-Debian-1deb12u1
18-Feb-2026 09:41:35.722 INFO [main] org.apache.catalina.startup.VersionLoggerListener.log JVM Vendor:            Debian
18-Feb-2026 09:41:35.722 INFO [main] org.apache.catalina.startup.VersionLoggerListener.log CATALINA_BASE:         /home/infoetu/baptiste.lavogiez.etu/BUT2/Semestre2/Webdev/tomcat
18-Feb-2026 09:41:35.722 INFO [main] org.apache.catalina.startup.VersionLoggerListener.log CATALINA_HOME:         /home/infoetu/baptiste.lavogiez.etu/BUT2/Semestre2/Webdev/tomcat
18-Feb-2026 09:41:35.725 INFO [main] org.apache.catalina.startup.VersionLoggerListener.log Command line argument: -Djava.util.logging.config.file=/home/infoetu/baptiste.lavogiez.etu/BUT2/Semestre2/Webdev/tomcat/conf/logging.properties
18-Feb-2026 09:41:35.725 INFO [main] org.apache.catalina.startup.VersionLoggerListener.log Command line argument: -Djava.util.logging.manager=org.apache.juli.ClassLoaderLogManager
18-Feb-2026 09:41:35.725 INFO [main] org.apache.catalina.startup.VersionLoggerListener.log Command line argument: -Djdk.tls.ephemeralDHKeySize=2048
18-Feb-2026 09:41:35.725 INFO [main] org.apache.catalina.startup.VersionLoggerListener.log Command line argument: -Dorg.apache.catalina.security.SecurityListener.UMASK=0027
18-Feb-2026 09:41:35.725 INFO [main] org.apache.catalina.startup.VersionLoggerListener.log Command line argument: --add-opens=java.base/java.lang=ALL-UNNAMED
18-Feb-2026 09:41:35.725 INFO [main] org.apache.catalina.startup.VersionLoggerListener.log Command line argument: --add-opens=java.base/java.lang.reflect=ALL-UNNAMED
18-Feb-2026 09:41:35.725 INFO [main] org.apache.catalina.startup.VersionLoggerListener.log Command line argument: --add-opens=java.base/java.io=ALL-UNNAMED
18-Feb-2026 09:41:35.725 INFO [main] org.apache.catalina.startup.VersionLoggerListener.log Command line argument: --add-opens=java.base/java.util=ALL-UNNAMED
18-Feb-2026 09:41:35.725 INFO [main] org.apache.catalina.startup.VersionLoggerListener.log Command line argument: --add-opens=java.base/java.util.concurrent=ALL-UNNAMED
18-Feb-2026 09:41:35.726 INFO [main] org.apache.catalina.startup.VersionLoggerListener.log Command line argument: --add-opens=java.rmi/sun.rmi.transport=ALL-UNNAMED
18-Feb-2026 09:41:35.726 INFO [main] org.apache.catalina.startup.VersionLoggerListener.log Command line argument: --enable-native-access=ALL-UNNAMED
18-Feb-2026 09:41:35.726 INFO [main] org.apache.catalina.startup.VersionLoggerListener.log Command line argument: -Dcatalina.base=/home/infoetu/baptiste.lavogiez.etu/BUT2/Semestre2/Webdev/tomcat
18-Feb-2026 09:41:35.726 INFO [main] org.apache.catalina.startup.VersionLoggerListener.log Command line argument: -Dcatalina.home=/home/infoetu/baptiste.lavogiez.etu/BUT2/Semestre2/Webdev/tomcat
18-Feb-2026 09:41:35.726 INFO [main] org.apache.catalina.startup.VersionLoggerListener.log Command line argument: -Djava.io.tmpdir=/home/infoetu/baptiste.lavogiez.etu/BUT2/Semestre2/Webdev/tomcat/temp
18-Feb-2026 09:41:35.726 INFO [main] org.apache.catalina.core.AprLifecycleListener.lifecycleEvent The Apache Tomcat Native library which allows using OpenSSL was not found on the java.library.path: [/usr/java/packages/lib:/usr/lib/x86_64-linux-gnu/jni:/lib/x86_64-linux-gnu:/usr/lib/x86_64-linux-gnu:/usr/lib/jni:/lib:/usr/lib]
18-Feb-2026 09:41:35.823 INFO [main] org.apache.coyote.AbstractProtocol.init Initializing ProtocolHandler ["http-nio-8080"]
18-Feb-2026 09:41:35.832 INFO [main] org.apache.catalina.startup.Catalina.load Server initialization in [181] milliseconds
18-Feb-2026 09:41:35.849 INFO [main] org.apache.catalina.core.StandardService.startInternal Starting service [Catalina]
18-Feb-2026 09:41:35.849 INFO [main] org.apache.catalina.core.StandardEngine.startInternal Starting Servlet engine: [Apache Tomcat/11.0.13]
18-Feb-2026 09:41:35.854 INFO [main] org.apache.catalina.startup.HostConfig.deployDirectory Deploying web application directory [/home/infoetu/baptiste.lavogiez.etu/BUT2/Semestre2/Webdev/tomcat/webapps/ctp2]
18-Feb-2026 09:41:36.152 INFO [main] org.apache.jasper.servlet.TldScanner.scanJars At least one JAR was scanned for TLDs yet contained no TLDs. Enable debug logging for this logger for a complete list of JARs that were scanned but no TLDs were found in them. Skipping unneeded JARs during scanning can improve startup time and JSP compilation time.
18-Feb-2026 09:41:36.165 INFO [main] org.apache.catalina.startup.HostConfig.deployDirectory Deployment of web application directory [/home/infoetu/baptiste.lavogiez.etu/BUT2/Semestre2/Webdev/tomcat/webapps/ctp2] has finished in [311] ms
18-Feb-2026 09:41:36.166 INFO [main] org.apache.catalina.startup.HostConfig.deployDirectory Deploying web application directory [/home/infoetu/baptiste.lavogiez.etu/BUT2/Semestre2/Webdev/tomcat/webapps/ctp (copie)]
18-Feb-2026 09:41:36.331 INFO [main] org.apache.jasper.servlet.TldScanner.scanJars At least one JAR was scanned for TLDs yet contained no TLDs. Enable debug logging for this logger for a complete list of JARs that were scanned but no TLDs were found in them. Skipping unneeded JARs during scanning can improve startup time and JSP compilation time.
18-Feb-2026 09:41:36.332 INFO [main] org.apache.catalina.startup.HostConfig.deployDirectory Deployment of web application directory [/home/infoetu/baptiste.lavogiez.etu/BUT2/Semestre2/Webdev/tomcat/webapps/ctp (copie)] has finished in [166] ms
18-Feb-2026 09:41:36.332 INFO [main] org.apache.catalina.startup.HostConfig.deployDirectory Deploying web application directory [/home/infoetu/baptiste.lavogiez.etu/BUT2/Semestre2/Webdev/tomcat/webapps/ctp-sample]
18-Feb-2026 09:41:36.476 INFO [main] org.apache.jasper.servlet.TldScanner.scanJars At least one JAR was scanned for TLDs yet contained no TLDs. Enable debug logging for this logger for a complete list of JARs that were scanned but no TLDs were found in them. Skipping unneeded JARs during scanning can improve startup time and JSP compilation time.
18-Feb-2026 09:41:36.477 INFO [main] org.apache.catalina.startup.HostConfig.deployDirectory Deployment of web application directory [/home/infoetu/baptiste.lavogiez.etu/BUT2/Semestre2/Webdev/tomcat/webapps/ctp-sample] has finished in [145] ms
18-Feb-2026 09:41:36.477 INFO [main] org.apache.catalina.startup.HostConfig.deployDirectory Deploying web application directory [/home/infoetu/baptiste.lavogiez.etu/BUT2/Semestre2/Webdev/tomcat/webapps/__MACOSX]
18-Feb-2026 09:41:36.604 INFO [main] org.apache.jasper.servlet.TldScanner.scanJars At least one JAR was scanned for TLDs yet contained no TLDs. Enable debug logging for this logger for a complete list of JARs that were scanned but no TLDs were found in them. Skipping unneeded JARs during scanning can improve startup time and JSP compilation time.
18-Feb-2026 09:41:36.605 INFO [main] org.apache.catalina.startup.HostConfig.deployDirectory Deployment of web application directory [/home/infoetu/baptiste.lavogiez.etu/BUT2/Semestre2/Webdev/tomcat/webapps/__MACOSX] has finished in [128] ms
18-Feb-2026 09:41:36.605 INFO [main] org.apache.catalina.startup.HostConfig.deployDirectory Deploying web application directory [/home/infoetu/baptiste.lavogiez.etu/BUT2/Semestre2/Webdev/tomcat/webapps/ROOT]
18-Feb-2026 09:41:36.726 INFO [main] org.apache.jasper.servlet.TldScanner.scanJars At least one JAR was scanned for TLDs yet contained no TLDs. Enable debug logging for this logger for a complete list of JARs that were scanned but no TLDs were found in them. Skipping unneeded JARs during scanning can improve startup time and JSP compilation time.
18-Feb-2026 09:41:36.727 INFO [main] org.apache.catalina.startup.HostConfig.deployDirectory Deployment of web application directory [/home/infoetu/baptiste.lavogiez.etu/BUT2/Semestre2/Webdev/tomcat/webapps/ROOT] has finished in [122] ms
18-Feb-2026 09:41:36.727 INFO [main] org.apache.catalina.startup.HostConfig.deployDirectory Deploying web application directory [/home/infoetu/baptiste.lavogiez.etu/BUT2/Semestre2/Webdev/tomcat/webapps/TP04]
18-Feb-2026 09:41:36.862 INFO [main] org.apache.jasper.servlet.TldScanner.scanJars At least one JAR was scanned for TLDs yet contained no TLDs. Enable debug logging for this logger for a complete list of JARs that were scanned but no TLDs were found in them. Skipping unneeded JARs during scanning can improve startup time and JSP compilation time.
18-Feb-2026 09:41:36.863 INFO [main] org.apache.catalina.startup.HostConfig.deployDirectory Deployment of web application directory [/home/infoetu/baptiste.lavogiez.etu/BUT2/Semestre2/Webdev/tomcat/webapps/TP04] has finished in [136] ms
18-Feb-2026 09:41:36.863 INFO [main] org.apache.catalina.startup.HostConfig.deployDirectory Deploying web application directory [/home/infoetu/baptiste.lavogiez.etu/BUT2/Semestre2/Webdev/tomcat/webapps/docs]
18-Feb-2026 09:41:36.979 INFO [main] org.apache.jasper.servlet.TldScanner.scanJars At least one JAR was scanned for TLDs yet contained no TLDs. Enable debug logging for this logger for a complete list of JARs that were scanned but no TLDs were found in them. Skipping unneeded JARs during scanning can improve startup time and JSP compilation time.
18-Feb-2026 09:41:36.980 INFO [main] org.apache.catalina.startup.HostConfig.deployDirectory Deployment of web application directory [/home/infoetu/baptiste.lavogiez.etu/BUT2/Semestre2/Webdev/tomcat/webapps/docs] has finished in [117] ms
18-Feb-2026 09:41:36.980 INFO [main] org.apache.catalina.startup.HostConfig.deployDirectory Deploying web application directory [/home/infoetu/baptiste.lavogiez.etu/BUT2/Semestre2/Webdev/tomcat/webapps/TP03-Partie2]
18-Feb-2026 09:41:37.107 INFO [main] org.apache.jasper.servlet.TldScanner.scanJars At least one JAR was scanned for TLDs yet contained no TLDs. Enable debug logging for this logger for a complete list of JARs that were scanned but no TLDs were found in them. Skipping unneeded JARs during scanning can improve startup time and JSP compilation time.
18-Feb-2026 09:41:37.108 INFO [main] org.apache.catalina.startup.HostConfig.deployDirectory Deployment of web application directory [/home/infoetu/baptiste.lavogiez.etu/BUT2/Semestre2/Webdev/tomcat/webapps/TP03-Partie2] has finished in [128] ms
18-Feb-2026 09:41:37.108 INFO [main] org.apache.catalina.startup.HostConfig.deployDirectory Deploying web application directory [/home/infoetu/baptiste.lavogiez.etu/BUT2/Semestre2/Webdev/tomcat/webapps/TP05]
18-Feb-2026 09:41:37.239 INFO [main] org.apache.jasper.servlet.TldScanner.scanJars At least one JAR was scanned for TLDs yet contained no TLDs. Enable debug logging for this logger for a complete list of JARs that were scanned but no TLDs were found in them. Skipping unneeded JARs during scanning can improve startup time and JSP compilation time.
18-Feb-2026 09:41:37.240 INFO [main] org.apache.catalina.startup.HostConfig.deployDirectory Deployment of web application directory [/home/infoetu/baptiste.lavogiez.etu/BUT2/Semestre2/Webdev/tomcat/webapps/TP05] has finished in [132] ms
18-Feb-2026 09:41:37.240 INFO [main] org.apache.catalina.startup.HostConfig.deployDirectory Deploying web application directory [/home/infoetu/baptiste.lavogiez.etu/BUT2/Semestre2/Webdev/tomcat/webapps/TP06]
18-Feb-2026 09:41:37.379 INFO [main] org.apache.jasper.servlet.TldScanner.scanJars At least one JAR was scanned for TLDs yet contained no TLDs. Enable debug logging for this logger for a complete list of JARs that were scanned but no TLDs were found in them. Skipping unneeded JARs during scanning can improve startup time and JSP compilation time.
18-Feb-2026 09:41:37.380 INFO [main] org.apache.catalina.startup.HostConfig.deployDirectory Deployment of web application directory [/home/infoetu/baptiste.lavogiez.etu/BUT2/Semestre2/Webdev/tomcat/webapps/TP06] has finished in [140] ms
18-Feb-2026 09:41:37.380 INFO [main] org.apache.catalina.startup.HostConfig.deployDirectory Deploying web application directory [/home/infoetu/baptiste.lavogiez.etu/BUT2/Semestre2/Webdev/tomcat/webapps/manager]
18-Feb-2026 09:41:37.501 INFO [main] org.apache.jasper.servlet.TldScanner.scanJars At least one JAR was scanned for TLDs yet contained no TLDs. Enable debug logging for this logger for a complete list of JARs that were scanned but no TLDs were found in them. Skipping unneeded JARs during scanning can improve startup time and JSP compilation time.
18-Feb-2026 09:41:37.504 INFO [main] org.apache.catalina.startup.HostConfig.deployDirectory Deployment of web application directory [/home/infoetu/baptiste.lavogiez.etu/BUT2/Semestre2/Webdev/tomcat/webapps/manager] has finished in [123] ms
18-Feb-2026 09:41:37.504 INFO [main] org.apache.catalina.startup.HostConfig.deployDirectory Deploying web application directory [/home/infoetu/baptiste.lavogiez.etu/BUT2/Semestre2/Webdev/tomcat/webapps/TP02]
18-Feb-2026 09:41:37.629 INFO [main] org.apache.jasper.servlet.TldScanner.scanJars At least one JAR was scanned for TLDs yet contained no TLDs. Enable debug logging for this logger for a complete list of JARs that were scanned but no TLDs were found in them. Skipping unneeded JARs during scanning can improve startup time and JSP compilation time.
18-Feb-2026 09:41:37.630 INFO [main] org.apache.catalina.startup.HostConfig.deployDirectory Deployment of web application directory [/home/infoetu/baptiste.lavogiez.etu/BUT2/Semestre2/Webdev/tomcat/webapps/TP02] has finished in [126] ms
18-Feb-2026 09:41:37.630 INFO [main] org.apache.catalina.startup.HostConfig.deployDirectory Deploying web application directory [/home/infoetu/baptiste.lavogiez.etu/BUT2/Semestre2/Webdev/tomcat/webapps/ctp1]
18-Feb-2026 09:41:37.759 INFO [main] org.apache.jasper.servlet.TldScanner.scanJars At least one JAR was scanned for TLDs yet contained no TLDs. Enable debug logging for this logger for a complete list of JARs that were scanned but no TLDs were found in them. Skipping unneeded JARs during scanning can improve startup time and JSP compilation time.
18-Feb-2026 09:41:37.760 INFO [main] org.apache.catalina.startup.HostConfig.deployDirectory Deployment of web application directory [/home/infoetu/baptiste.lavogiez.etu/BUT2/Semestre2/Webdev/tomcat/webapps/ctp1] has finished in [130] ms
18-Feb-2026 09:41:37.760 INFO [main] org.apache.catalina.startup.HostConfig.deployDirectory Deploying web application directory [/home/infoetu/baptiste.lavogiez.etu/BUT2/Semestre2/Webdev/tomcat/webapps/TP03]
18-Feb-2026 09:41:37.885 INFO [main] org.apache.jasper.servlet.TldScanner.scanJars At least one JAR was scanned for TLDs yet contained no TLDs. Enable debug logging for this logger for a complete list of JARs that were scanned but no TLDs were found in them. Skipping unneeded JARs during scanning can improve startup time and JSP compilation time.
18-Feb-2026 09:41:37.886 INFO [main] org.apache.catalina.startup.HostConfig.deployDirectory Deployment of web application directory [/home/infoetu/baptiste.lavogiez.etu/BUT2/Semestre2/Webdev/tomcat/webapps/TP03] has finished in [126] ms
18-Feb-2026 09:41:37.886 INFO [main] org.apache.catalina.startup.HostConfig.deployDirectory Deploying web application directory [/home/infoetu/baptiste.lavogiez.etu/BUT2/Semestre2/Webdev/tomcat/webapps/TP01]
18-Feb-2026 09:41:38.002 INFO [main] org.apache.jasper.servlet.TldScanner.scanJars At least one JAR was scanned for TLDs yet contained no TLDs. Enable debug logging for this logger for a complete list of JARs that were scanned but no TLDs were found in them. Skipping unneeded JARs during scanning can improve startup time and JSP compilation time.
18-Feb-2026 09:41:38.003 INFO [main] org.apache.catalina.startup.HostConfig.deployDirectory Deployment of web application directory [/home/infoetu/baptiste.lavogiez.etu/BUT2/Semestre2/Webdev/tomcat/webapps/TP01] has finished in [116] ms
18-Feb-2026 09:41:38.003 INFO [main] org.apache.catalina.startup.HostConfig.deployDirectory Deploying web application directory [/home/infoetu/baptiste.lavogiez.etu/BUT2/Semestre2/Webdev/tomcat/webapps/host-manager]
18-Feb-2026 09:41:38.117 INFO [main] org.apache.jasper.servlet.TldScanner.scanJars At least one JAR was scanned for TLDs yet contained no TLDs. Enable debug logging for this logger for a complete list of JARs that were scanned but no TLDs were found in them. Skipping unneeded JARs during scanning can improve startup time and JSP compilation time.
18-Feb-2026 09:41:38.118 INFO [main] org.apache.catalina.startup.HostConfig.deployDirectory Deployment of web application directory [/home/infoetu/baptiste.lavogiez.etu/BUT2/Semestre2/Webdev/tomcat/webapps/host-manager] has finished in [115] ms
18-Feb-2026 09:41:38.118 INFO [main] org.apache.catalina.startup.HostConfig.deployDirectory Deploying web application directory [/home/infoetu/baptiste.lavogiez.etu/BUT2/Semestre2/Webdev/tomcat/webapps/tp_chess]
18-Feb-2026 09:41:38.245 INFO [main] org.apache.jasper.servlet.TldScanner.scanJars At least one JAR was scanned for TLDs yet contained no TLDs. Enable debug logging for this logger for a complete list of JARs that were scanned but no TLDs were found in them. Skipping unneeded JARs during scanning can improve startup time and JSP compilation time.
18-Feb-2026 09:41:38.247 INFO [main] org.apache.catalina.startup.HostConfig.deployDirectory Deployment of web application directory [/home/infoetu/baptiste.lavogiez.etu/BUT2/Semestre2/Webdev/tomcat/webapps/tp_chess] has finished in [128] ms
18-Feb-2026 09:41:38.247 INFO [main] org.apache.catalina.startup.HostConfig.deployDirectory Deploying web application directory [/home/infoetu/baptiste.lavogiez.etu/BUT2/Semestre2/Webdev/tomcat/webapps/ctp3]
18-Feb-2026 09:41:38.381 INFO [main] org.apache.jasper.servlet.TldScanner.scanJars At least one JAR was scanned for TLDs yet contained no TLDs. Enable debug logging for this logger for a complete list of JARs that were scanned but no TLDs were found in them. Skipping unneeded JARs during scanning can improve startup time and JSP compilation time.
18-Feb-2026 09:41:38.382 INFO [main] org.apache.catalina.startup.HostConfig.deployDirectory Deployment of web application directory [/home/infoetu/baptiste.lavogiez.etu/BUT2/Semestre2/Webdev/tomcat/webapps/ctp3] has finished in [134] ms
18-Feb-2026 09:41:38.382 INFO [main] org.apache.catalina.startup.HostConfig.deployDirectory Deploying web application directory [/home/infoetu/baptiste.lavogiez.etu/BUT2/Semestre2/Webdev/tomcat/webapps/template]
18-Feb-2026 09:41:38.513 INFO [main] org.apache.jasper.servlet.TldScanner.scanJars At least one JAR was scanned for TLDs yet contained no TLDs. Enable debug logging for this logger for a complete list of JARs that were scanned but no TLDs were found in them. Skipping unneeded JARs during scanning can improve startup time and JSP compilation time.
18-Feb-2026 09:41:38.513 INFO [main] org.apache.catalina.startup.HostConfig.deployDirectory Deployment of web application directory [/home/infoetu/baptiste.lavogiez.etu/BUT2/Semestre2/Webdev/tomcat/webapps/template] has finished in [131] ms
18-Feb-2026 09:41:38.514 INFO [main] org.apache.catalina.startup.HostConfig.deployDirectory Deploying web application directory [/home/infoetu/baptiste.lavogiez.etu/BUT2/Semestre2/Webdev/tomcat/webapps/examples]
18-Feb-2026 09:41:38.798 INFO [main] org.apache.jasper.servlet.TldScanner.scanJars At least one JAR was scanned for TLDs yet contained no TLDs. Enable debug logging for this logger for a complete list of JARs that were scanned but no TLDs were found in them. Skipping unneeded JARs during scanning can improve startup time and JSP compilation time.
18-Feb-2026 09:41:38.813 INFO [main] org.apache.catalina.startup.HostConfig.deployDirectory Deployment of web application directory [/home/infoetu/baptiste.lavogiez.etu/BUT2/Semestre2/Webdev/tomcat/webapps/examples] has finished in [300] ms
18-Feb-2026 09:41:38.813 INFO [main] org.apache.catalina.startup.HostConfig.deployDirectory Deploying web application directory [/home/infoetu/baptiste.lavogiez.etu/BUT2/Semestre2/Webdev/tomcat/webapps/ctp]
18-Feb-2026 09:41:38.948 INFO [main] org.apache.jasper.servlet.TldScanner.scanJars At least one JAR was scanned for TLDs yet contained no TLDs. Enable debug logging for this logger for a complete list of JARs that were scanned but no TLDs were found in them. Skipping unneeded JARs during scanning can improve startup time and JSP compilation time.
18-Feb-2026 09:41:38.948 INFO [main] org.apache.catalina.startup.HostConfig.deployDirectory Deployment of web application directory [/home/infoetu/baptiste.lavogiez.etu/BUT2/Semestre2/Webdev/tomcat/webapps/ctp] has finished in [135] ms
18-Feb-2026 09:41:38.950 INFO [main] org.apache.coyote.AbstractProtocol.start Starting ProtocolHandler ["http-nio-8080"]
18-Feb-2026 09:41:38.955 INFO [main] org.apache.catalina.startup.Catalina.start Server startup in [3122] milliseconds
18-Feb-2026 09:52:18.074 INFO [Thread-1] org.apache.coyote.AbstractProtocol.pause Pausing ProtocolHandler ["http-nio-8080"]
18-Feb-2026 09:52:18.076 INFO [Thread-1] org.apache.catalina.core.StandardService.stopInternal Stopping service [Catalina]
18-Feb-2026 09:52:18.106 WARNING [Thread-1] org.apache.catalina.loader.WebappClassLoaderBase.clearReferencesJdbc The web application [TP06] registered the JDBC driver [org.h2.Driver] but failed to unregister it when the web application was stopped. To prevent a memory leak, the JDBC Driver has been forcibly unregistered.
18-Feb-2026 09:52:18.123 INFO [Thread-1] org.apache.coyote.AbstractProtocol.stop Stopping ProtocolHandler ["http-nio-8080"]
18-Feb-2026 09:52:18.130 INFO [Thread-1] org.apache.coyote.AbstractProtocol.destroy Destroying ProtocolHandler ["http-nio-8080"]
18-Feb-2026 09:52:19.104 INFO [main] org.apache.catalina.startup.VersionLoggerListener.log Server version name:   Apache Tomcat/11.0.13
18-Feb-2026 09:52:19.105 INFO [main] org.apache.catalina.startup.VersionLoggerListener.log Server built:          Oct 10 2025 13:57:31 UTC
18-Feb-2026 09:52:19.106 INFO [main] org.apache.catalina.startup.VersionLoggerListener.log Server version number: 11.0.13.0
18-Feb-2026 09:52:19.106 INFO [main] org.apache.catalina.startup.VersionLoggerListener.log OS Name:               Linux
18-Feb-2026 09:52:19.106 INFO [main] org.apache.catalina.startup.VersionLoggerListener.log OS Version:            6.1.0-40-amd64
18-Feb-2026 09:52:19.106 INFO [main] org.apache.catalina.startup.VersionLoggerListener.log Architecture:          amd64
18-Feb-2026 09:52:19.106 INFO [main] org.apache.catalina.startup.VersionLoggerListener.log Java Home:             /usr/lib/jvm/java-17-openjdk-amd64
18-Feb-2026 09:52:19.106 INFO [main] org.apache.catalina.startup.VersionLoggerListener.log JVM Version:           17.0.18+8-Debian-1deb12u1
18-Feb-2026 09:52:19.106 INFO [main] org.apache.catalina.startup.VersionLoggerListener.log JVM Vendor:            Debian
18-Feb-2026 09:52:19.106 INFO [main] org.apache.catalina.startup.VersionLoggerListener.log CATALINA_BASE:         /home/infoetu/baptiste.lavogiez.etu/BUT2/Semestre2/Webdev/tomcat
18-Feb-2026 09:52:19.106 INFO [main] org.apache.catalina.startup.VersionLoggerListener.log CATALINA_HOME:         /home/infoetu/baptiste.lavogiez.etu/BUT2/Semestre2/Webdev/tomcat
18-Feb-2026 09:52:19.109 INFO [main] org.apache.catalina.startup.VersionLoggerListener.log Command line argument: -Djava.util.logging.config.file=/home/infoetu/baptiste.lavogiez.etu/BUT2/Semestre2/Webdev/tomcat/conf/logging.properties
18-Feb-2026 09:52:19.109 INFO [main] org.apache.catalina.startup.VersionLoggerListener.log Command line argument: -Djava.util.logging.manager=org.apache.juli.ClassLoaderLogManager
18-Feb-2026 09:52:19.109 INFO [main] org.apache.catalina.startup.VersionLoggerListener.log Command line argument: -Djdk.tls.ephemeralDHKeySize=2048
18-Feb-2026 09:52:19.109 INFO [main] org.apache.catalina.startup.VersionLoggerListener.log Command line argument: -Dorg.apache.catalina.security.SecurityListener.UMASK=0027
18-Feb-2026 09:52:19.109 INFO [main] org.apache.catalina.startup.VersionLoggerListener.log Command line argument: --add-opens=java.base/java.lang=ALL-UNNAMED
18-Feb-2026 09:52:19.110 INFO [main] org.apache.catalina.startup.VersionLoggerListener.log Command line argument: --add-opens=java.base/java.lang.reflect=ALL-UNNAMED
18-Feb-2026 09:52:19.110 INFO [main] org.apache.catalina.startup.VersionLoggerListener.log Command line argument: --add-opens=java.base/java.io=ALL-UNNAMED
18-Feb-2026 09:52:19.110 INFO [main] org.apache.catalina.startup.VersionLoggerListener.log Command line argument: --add-opens=java.base/java.util=ALL-UNNAMED
18-Feb-2026 09:52:19.110 INFO [main] org.apache.catalina.startup.VersionLoggerListener.log Command line argument: --add-opens=java.base/java.util.concurrent=ALL-UNNAMED
18-Feb-2026 09:52:19.110 INFO [main] org.apache.catalina.startup.VersionLoggerListener.log Command line argument: --add-opens=java.rmi/sun.rmi.transport=ALL-UNNAMED
18-Feb-2026 09:52:19.110 INFO [main] org.apache.catalina.startup.VersionLoggerListener.log Command line argument: --enable-native-access=ALL-UNNAMED
18-Feb-2026 09:52:19.110 INFO [main] org.apache.catalina.startup.VersionLoggerListener.log Command line argument: -Dcatalina.base=/home/infoetu/baptiste.lavogiez.etu/BUT2/Semestre2/Webdev/tomcat
18-Feb-2026 09:52:19.110 INFO [main] org.apache.catalina.startup.VersionLoggerListener.log Command line argument: -Dcatalina.home=/home/infoetu/baptiste.lavogiez.etu/BUT2/Semestre2/Webdev/tomcat
18-Feb-2026 09:52:19.110 INFO [main] org.apache.catalina.startup.VersionLoggerListener.log Command line argument: -Djava.io.tmpdir=/home/infoetu/baptiste.lavogiez.etu/BUT2/Semestre2/Webdev/tomcat/temp
18-Feb-2026 09:52:19.110 INFO [main] org.apache.catalina.core.AprLifecycleListener.lifecycleEvent The Apache Tomcat Native library which allows using OpenSSL was not found on the java.library.path: [/usr/java/packages/lib:/usr/lib/x86_64-linux-gnu/jni:/lib/x86_64-linux-gnu:/usr/lib/x86_64-linux-gnu:/usr/lib/jni:/lib:/usr/lib]
18-Feb-2026 09:52:19.206 INFO [main] org.apache.coyote.AbstractProtocol.init Initializing ProtocolHandler ["http-nio-8080"]
18-Feb-2026 09:52:19.214 INFO [main] org.apache.catalina.startup.Catalina.load Server initialization in [177] milliseconds
18-Feb-2026 09:52:19.230 INFO [main] org.apache.catalina.core.StandardService.startInternal Starting service [Catalina]
18-Feb-2026 09:52:19.230 INFO [main] org.apache.catalina.core.StandardEngine.startInternal Starting Servlet engine: [Apache Tomcat/11.0.13]
18-Feb-2026 09:52:19.235 INFO [main] org.apache.catalina.startup.HostConfig.deployDirectory Deploying web application directory [/home/infoetu/baptiste.lavogiez.etu/BUT2/Semestre2/Webdev/tomcat/webapps/ctp2]
18-Feb-2026 09:52:19.543 INFO [main] org.apache.jasper.servlet.TldScanner.scanJars At least one JAR was scanned for TLDs yet contained no TLDs. Enable debug logging for this logger for a complete list of JARs that were scanned but no TLDs were found in them. Skipping unneeded JARs during scanning can improve startup time and JSP compilation time.
18-Feb-2026 09:52:19.560 INFO [main] org.apache.catalina.startup.HostConfig.deployDirectory Deployment of web application directory [/home/infoetu/baptiste.lavogiez.etu/BUT2/Semestre2/Webdev/tomcat/webapps/ctp2] has finished in [324] ms
18-Feb-2026 09:52:19.560 INFO [main] org.apache.catalina.startup.HostConfig.deployDirectory Deploying web application directory [/home/infoetu/baptiste.lavogiez.etu/BUT2/Semestre2/Webdev/tomcat/webapps/ctp (copie)]
18-Feb-2026 09:52:19.723 INFO [main] org.apache.jasper.servlet.TldScanner.scanJars At least one JAR was scanned for TLDs yet contained no TLDs. Enable debug logging for this logger for a complete list of JARs that were scanned but no TLDs were found in them. Skipping unneeded JARs during scanning can improve startup time and JSP compilation time.
18-Feb-2026 09:52:19.724 INFO [main] org.apache.catalina.startup.HostConfig.deployDirectory Deployment of web application directory [/home/infoetu/baptiste.lavogiez.etu/BUT2/Semestre2/Webdev/tomcat/webapps/ctp (copie)] has finished in [164] ms
18-Feb-2026 09:52:19.724 INFO [main] org.apache.catalina.startup.HostConfig.deployDirectory Deploying web application directory [/home/infoetu/baptiste.lavogiez.etu/BUT2/Semestre2/Webdev/tomcat/webapps/ctp-sample]
18-Feb-2026 09:52:19.870 INFO [main] org.apache.jasper.servlet.TldScanner.scanJars At least one JAR was scanned for TLDs yet contained no TLDs. Enable debug logging for this logger for a complete list of JARs that were scanned but no TLDs were found in them. Skipping unneeded JARs during scanning can improve startup time and JSP compilation time.
18-Feb-2026 09:52:19.871 INFO [main] org.apache.catalina.startup.HostConfig.deployDirectory Deployment of web application directory [/home/infoetu/baptiste.lavogiez.etu/BUT2/Semestre2/Webdev/tomcat/webapps/ctp-sample] has finished in [147] ms
18-Feb-2026 09:52:19.871 INFO [main] org.apache.catalina.startup.HostConfig.deployDirectory Deploying web application directory [/home/infoetu/baptiste.lavogiez.etu/BUT2/Semestre2/Webdev/tomcat/webapps/__MACOSX]
18-Feb-2026 09:52:19.998 INFO [main] org.apache.jasper.servlet.TldScanner.scanJars At least one JAR was scanned for TLDs yet contained no TLDs. Enable debug logging for this logger for a complete list of JARs that were scanned but no TLDs were found in them. Skipping unneeded JARs during scanning can improve startup time and JSP compilation time.
18-Feb-2026 09:52:19.999 INFO [main] org.apache.catalina.startup.HostConfig.deployDirectory Deployment of web application directory [/home/infoetu/baptiste.lavogiez.etu/BUT2/Semestre2/Webdev/tomcat/webapps/__MACOSX] has finished in [128] ms
18-Feb-2026 09:52:19.999 INFO [main] org.apache.catalina.startup.HostConfig.deployDirectory Deploying web application directory [/home/infoetu/baptiste.lavogiez.etu/BUT2/Semestre2/Webdev/tomcat/webapps/ROOT]
18-Feb-2026 09:52:20.117 INFO [main] org.apache.jasper.servlet.TldScanner.scanJars At least one JAR was scanned for TLDs yet contained no TLDs. Enable debug logging for this logger for a complete list of JARs that were scanned but no TLDs were found in them. Skipping unneeded JARs during scanning can improve startup time and JSP compilation time.
18-Feb-2026 09:52:20.118 INFO [main] org.apache.catalina.startup.HostConfig.deployDirectory Deployment of web application directory [/home/infoetu/baptiste.lavogiez.etu/BUT2/Semestre2/Webdev/tomcat/webapps/ROOT] has finished in [118] ms
18-Feb-2026 09:52:20.118 INFO [main] org.apache.catalina.startup.HostConfig.deployDirectory Deploying web application directory [/home/infoetu/baptiste.lavogiez.etu/BUT2/Semestre2/Webdev/tomcat/webapps/TP04]
18-Feb-2026 09:52:20.246 INFO [main] org.apache.jasper.servlet.TldScanner.scanJars At least one JAR was scanned for TLDs yet contained no TLDs. Enable debug logging for this logger for a complete list of JARs that were scanned but no TLDs were found in them. Skipping unneeded JARs during scanning can improve startup time and JSP compilation time.
18-Feb-2026 09:52:20.248 INFO [main] org.apache.catalina.startup.HostConfig.deployDirectory Deployment of web application directory [/home/infoetu/baptiste.lavogiez.etu/BUT2/Semestre2/Webdev/tomcat/webapps/TP04] has finished in [129] ms
18-Feb-2026 09:52:20.248 INFO [main] org.apache.catalina.startup.HostConfig.deployDirectory Deploying web application directory [/home/infoetu/baptiste.lavogiez.etu/BUT2/Semestre2/Webdev/tomcat/webapps/docs]
18-Feb-2026 09:52:20.368 INFO [main] org.apache.jasper.servlet.TldScanner.scanJars At least one JAR was scanned for TLDs yet contained no TLDs. Enable debug logging for this logger for a complete list of JARs that were scanned but no TLDs were found in them. Skipping unneeded JARs during scanning can improve startup time and JSP compilation time.
18-Feb-2026 09:52:20.369 INFO [main] org.apache.catalina.startup.HostConfig.deployDirectory Deployment of web application directory [/home/infoetu/baptiste.lavogiez.etu/BUT2/Semestre2/Webdev/tomcat/webapps/docs] has finished in [121] ms
18-Feb-2026 09:52:20.369 INFO [main] org.apache.catalina.startup.HostConfig.deployDirectory Deploying web application directory [/home/infoetu/baptiste.lavogiez.etu/BUT2/Semestre2/Webdev/tomcat/webapps/TP03-Partie2]
18-Feb-2026 09:52:20.504 INFO [main] org.apache.jasper.servlet.TldScanner.scanJars At least one JAR was scanned for TLDs yet contained no TLDs. Enable debug logging for this logger for a complete list of JARs that were scanned but no TLDs were found in them. Skipping unneeded JARs during scanning can improve startup time and JSP compilation time.
18-Feb-2026 09:52:20.505 INFO [main] org.apache.catalina.startup.HostConfig.deployDirectory Deployment of web application directory [/home/infoetu/baptiste.lavogiez.etu/BUT2/Semestre2/Webdev/tomcat/webapps/TP03-Partie2] has finished in [136] ms
18-Feb-2026 09:52:20.505 INFO [main] org.apache.catalina.startup.HostConfig.deployDirectory Deploying web application directory [/home/infoetu/baptiste.lavogiez.etu/BUT2/Semestre2/Webdev/tomcat/webapps/TP05]
18-Feb-2026 09:52:20.644 INFO [main] org.apache.jasper.servlet.TldScanner.scanJars At least one JAR was scanned for TLDs yet contained no TLDs. Enable debug logging for this logger for a complete list of JARs that were scanned but no TLDs were found in them. Skipping unneeded JARs during scanning can improve startup time and JSP compilation time.
18-Feb-2026 09:52:20.645 INFO [main] org.apache.catalina.startup.HostConfig.deployDirectory Deployment of web application directory [/home/infoetu/baptiste.lavogiez.etu/BUT2/Semestre2/Webdev/tomcat/webapps/TP05] has finished in [140] ms
18-Feb-2026 09:52:20.646 INFO [main] org.apache.catalina.startup.HostConfig.deployDirectory Deploying web application directory [/home/infoetu/baptiste.lavogiez.etu/BUT2/Semestre2/Webdev/tomcat/webapps/TP06]
18-Feb-2026 09:52:20.783 INFO [main] org.apache.jasper.servlet.TldScanner.scanJars At least one JAR was scanned for TLDs yet contained no TLDs. Enable debug logging for this logger for a complete list of JARs that were scanned but no TLDs were found in them. Skipping unneeded JARs during scanning can improve startup time and JSP compilation time.
18-Feb-2026 09:52:20.784 INFO [main] org.apache.catalina.startup.HostConfig.deployDirectory Deployment of web application directory [/home/infoetu/baptiste.lavogiez.etu/BUT2/Semestre2/Webdev/tomcat/webapps/TP06] has finished in [138] ms
18-Feb-2026 09:52:20.784 INFO [main] org.apache.catalina.startup.HostConfig.deployDirectory Deploying web application directory [/home/infoetu/baptiste.lavogiez.etu/BUT2/Semestre2/Webdev/tomcat/webapps/manager]
18-Feb-2026 09:52:20.905 INFO [main] org.apache.jasper.servlet.TldScanner.scanJars At least one JAR was scanned for TLDs yet contained no TLDs. Enable debug logging for this logger for a complete list of JARs that were scanned but no TLDs were found in them. Skipping unneeded JARs during scanning can improve startup time and JSP compilation time.
18-Feb-2026 09:52:20.907 INFO [main] org.apache.catalina.startup.HostConfig.deployDirectory Deployment of web application directory [/home/infoetu/baptiste.lavogiez.etu/BUT2/Semestre2/Webdev/tomcat/webapps/manager] has finished in [123] ms
18-Feb-2026 09:52:20.907 INFO [main] org.apache.catalina.startup.HostConfig.deployDirectory Deploying web application directory [/home/infoetu/baptiste.lavogiez.etu/BUT2/Semestre2/Webdev/tomcat/webapps/TP02]
18-Feb-2026 09:52:21.036 INFO [main] org.apache.jasper.servlet.TldScanner.scanJars At least one JAR was scanned for TLDs yet contained no TLDs. Enable debug logging for this logger for a complete list of JARs that were scanned but no TLDs were found in them. Skipping unneeded JARs during scanning can improve startup time and JSP compilation time.
18-Feb-2026 09:52:21.037 INFO [main] org.apache.catalina.startup.HostConfig.deployDirectory Deployment of web application directory [/home/infoetu/baptiste.lavogiez.etu/BUT2/Semestre2/Webdev/tomcat/webapps/TP02] has finished in [130] ms
18-Feb-2026 09:52:21.038 INFO [main] org.apache.catalina.startup.HostConfig.deployDirectory Deploying web application directory [/home/infoetu/baptiste.lavogiez.etu/BUT2/Semestre2/Webdev/tomcat/webapps/ctp1]
18-Feb-2026 09:52:21.169 INFO [main] org.apache.jasper.servlet.TldScanner.scanJars At least one JAR was scanned for TLDs yet contained no TLDs. Enable debug logging for this logger for a complete list of JARs that were scanned but no TLDs were found in them. Skipping unneeded JARs during scanning can improve startup time and JSP compilation time.
18-Feb-2026 09:52:21.170 INFO [main] org.apache.catalina.startup.HostConfig.deployDirectory Deployment of web application directory [/home/infoetu/baptiste.lavogiez.etu/BUT2/Semestre2/Webdev/tomcat/webapps/ctp1] has finished in [132] ms
18-Feb-2026 09:52:21.170 INFO [main] org.apache.catalina.startup.HostConfig.deployDirectory Deploying web application directory [/home/infoetu/baptiste.lavogiez.etu/BUT2/Semestre2/Webdev/tomcat/webapps/TP03]
18-Feb-2026 09:52:21.291 INFO [main] org.apache.jasper.servlet.TldScanner.scanJars At least one JAR was scanned for TLDs yet contained no TLDs. Enable debug logging for this logger for a complete list of JARs that were scanned but no TLDs were found in them. Skipping unneeded JARs during scanning can improve startup time and JSP compilation time.
18-Feb-2026 09:52:21.292 INFO [main] org.apache.catalina.startup.HostConfig.deployDirectory Deployment of web application directory [/home/infoetu/baptiste.lavogiez.etu/BUT2/Semestre2/Webdev/tomcat/webapps/TP03] has finished in [122] ms
18-Feb-2026 09:52:21.293 INFO [main] org.apache.catalina.startup.HostConfig.deployDirectory Deploying web application directory [/home/infoetu/baptiste.lavogiez.etu/BUT2/Semestre2/Webdev/tomcat/webapps/TP01]
18-Feb-2026 09:52:21.414 INFO [main] org.apache.jasper.servlet.TldScanner.scanJars At least one JAR was scanned for TLDs yet contained no TLDs. Enable debug logging for this logger for a complete list of JARs that were scanned but no TLDs were found in them. Skipping unneeded JARs during scanning can improve startup time and JSP compilation time.
18-Feb-2026 09:52:21.414 INFO [main] org.apache.catalina.startup.HostConfig.deployDirectory Deployment of web application directory [/home/infoetu/baptiste.lavogiez.etu/BUT2/Semestre2/Webdev/tomcat/webapps/TP01] has finished in [122] ms
18-Feb-2026 09:52:21.414 INFO [main] org.apache.catalina.startup.HostConfig.deployDirectory Deploying web application directory [/home/infoetu/baptiste.lavogiez.etu/BUT2/Semestre2/Webdev/tomcat/webapps/host-manager]
18-Feb-2026 09:52:21.532 INFO [main] org.apache.jasper.servlet.TldScanner.scanJars At least one JAR was scanned for TLDs yet contained no TLDs. Enable debug logging for this logger for a complete list of JARs that were scanned but no TLDs were found in them. Skipping unneeded JARs during scanning can improve startup time and JSP compilation time.
18-Feb-2026 09:52:21.533 INFO [main] org.apache.catalina.startup.HostConfig.deployDirectory Deployment of web application directory [/home/infoetu/baptiste.lavogiez.etu/BUT2/Semestre2/Webdev/tomcat/webapps/host-manager] has finished in [119] ms
18-Feb-2026 09:52:21.533 INFO [main] org.apache.catalina.startup.HostConfig.deployDirectory Deploying web application directory [/home/infoetu/baptiste.lavogiez.etu/BUT2/Semestre2/Webdev/tomcat/webapps/tp_chess]
18-Feb-2026 09:52:21.653 INFO [main] org.apache.jasper.servlet.TldScanner.scanJars At least one JAR was scanned for TLDs yet contained no TLDs. Enable debug logging for this logger for a complete list of JARs that were scanned but no TLDs were found in them. Skipping unneeded JARs during scanning can improve startup time and JSP compilation time.
18-Feb-2026 09:52:21.654 INFO [main] org.apache.catalina.startup.HostConfig.deployDirectory Deployment of web application directory [/home/infoetu/baptiste.lavogiez.etu/BUT2/Semestre2/Webdev/tomcat/webapps/tp_chess] has finished in [121] ms
18-Feb-2026 09:52:21.654 INFO [main] org.apache.catalina.startup.HostConfig.deployDirectory Deploying web application directory [/home/infoetu/baptiste.lavogiez.etu/BUT2/Semestre2/Webdev/tomcat/webapps/ctp3]
18-Feb-2026 09:52:21.777 INFO [main] org.apache.jasper.servlet.TldScanner.scanJars At least one JAR was scanned for TLDs yet contained no TLDs. Enable debug logging for this logger for a complete list of JARs that were scanned but no TLDs were found in them. Skipping unneeded JARs during scanning can improve startup time and JSP compilation time.
18-Feb-2026 09:52:21.778 INFO [main] org.apache.catalina.startup.HostConfig.deployDirectory Deployment of web application directory [/home/infoetu/baptiste.lavogiez.etu/BUT2/Semestre2/Webdev/tomcat/webapps/ctp3] has finished in [124] ms
18-Feb-2026 09:52:21.778 INFO [main] org.apache.catalina.startup.HostConfig.deployDirectory Deploying web application directory [/home/infoetu/baptiste.lavogiez.etu/BUT2/Semestre2/Webdev/tomcat/webapps/template]
18-Feb-2026 09:52:21.910 INFO [main] org.apache.jasper.servlet.TldScanner.scanJars At least one JAR was scanned for TLDs yet contained no TLDs. Enable debug logging for this logger for a complete list of JARs that were scanned but no TLDs were found in them. Skipping unneeded JARs during scanning can improve startup time and JSP compilation time.
18-Feb-2026 09:52:21.911 INFO [main] org.apache.catalina.startup.HostConfig.deployDirectory Deployment of web application directory [/home/infoetu/baptiste.lavogiez.etu/BUT2/Semestre2/Webdev/tomcat/webapps/template] has finished in [133] ms
18-Feb-2026 09:52:21.911 INFO [main] org.apache.catalina.startup.HostConfig.deployDirectory Deploying web application directory [/home/infoetu/baptiste.lavogiez.etu/BUT2/Semestre2/Webdev/tomcat/webapps/examples]
18-Feb-2026 09:52:22.199 INFO [main] org.apache.jasper.servlet.TldScanner.scanJars At least one JAR was scanned for TLDs yet contained no TLDs. Enable debug logging for this logger for a complete list of JARs that were scanned but no TLDs were found in them. Skipping unneeded JARs during scanning can improve startup time and JSP compilation time.
18-Feb-2026 09:52:22.210 INFO [main] org.apache.catalina.startup.HostConfig.deployDirectory Deployment of web application directory [/home/infoetu/baptiste.lavogiez.etu/BUT2/Semestre2/Webdev/tomcat/webapps/examples] has finished in [299] ms
18-Feb-2026 09:52:22.210 INFO [main] org.apache.catalina.startup.HostConfig.deployDirectory Deploying web application directory [/home/infoetu/baptiste.lavogiez.etu/BUT2/Semestre2/Webdev/tomcat/webapps/ctp]
18-Feb-2026 09:52:22.345 INFO [main] org.apache.jasper.servlet.TldScanner.scanJars At least one JAR was scanned for TLDs yet contained no TLDs. Enable debug logging for this logger for a complete list of JARs that were scanned but no TLDs were found in them. Skipping unneeded JARs during scanning can improve startup time and JSP compilation time.
18-Feb-2026 09:52:22.346 INFO [main] org.apache.catalina.startup.HostConfig.deployDirectory Deployment of web application directory [/home/infoetu/baptiste.lavogiez.etu/BUT2/Semestre2/Webdev/tomcat/webapps/ctp] has finished in [136] ms
18-Feb-2026 09:52:22.348 INFO [main] org.apache.coyote.AbstractProtocol.start Starting ProtocolHandler ["http-nio-8080"]
18-Feb-2026 09:52:22.352 INFO [main] org.apache.catalina.startup.Catalina.start Server startup in [3137] milliseconds
18-Feb-2026 09:56:14.297 INFO [Thread-1] org.apache.coyote.AbstractProtocol.pause Pausing ProtocolHandler ["http-nio-8080"]
18-Feb-2026 09:56:14.299 INFO [Thread-1] org.apache.catalina.core.StandardService.stopInternal Stopping service [Catalina]
18-Feb-2026 09:56:14.330 WARNING [Thread-1] org.apache.catalina.loader.WebappClassLoaderBase.clearReferencesJdbc The web application [TP06] registered the JDBC driver [org.h2.Driver] but failed to unregister it when the web application was stopped. To prevent a memory leak, the JDBC Driver has been forcibly unregistered.
18-Feb-2026 09:56:14.347 INFO [Thread-1] org.apache.coyote.AbstractProtocol.stop Stopping ProtocolHandler ["http-nio-8080"]
18-Feb-2026 09:56:14.353 INFO [Thread-1] org.apache.coyote.AbstractProtocol.destroy Destroying ProtocolHandler ["http-nio-8080"]
18-Feb-2026 09:56:15.274 INFO [main] org.apache.catalina.startup.VersionLoggerListener.log Server version name:   Apache Tomcat/11.0.13
18-Feb-2026 09:56:15.276 INFO [main] org.apache.catalina.startup.VersionLoggerListener.log Server built:          Oct 10 2025 13:57:31 UTC
18-Feb-2026 09:56:15.277 INFO [main] org.apache.catalina.startup.VersionLoggerListener.log Server version number: 11.0.13.0
18-Feb-2026 09:56:15.277 INFO [main] org.apache.catalina.startup.VersionLoggerListener.log OS Name:               Linux
18-Feb-2026 09:56:15.277 INFO [main] org.apache.catalina.startup.VersionLoggerListener.log OS Version:            6.1.0-40-amd64
18-Feb-2026 09:56:15.277 INFO [main] org.apache.catalina.startup.VersionLoggerListener.log Architecture:          amd64
18-Feb-2026 09:56:15.277 INFO [main] org.apache.catalina.startup.VersionLoggerListener.log Java Home:             /usr/lib/jvm/java-17-openjdk-amd64
18-Feb-2026 09:56:15.277 INFO [main] org.apache.catalina.startup.VersionLoggerListener.log JVM Version:           17.0.18+8-Debian-1deb12u1
18-Feb-2026 09:56:15.277 INFO [main] org.apache.catalina.startup.VersionLoggerListener.log JVM Vendor:            Debian
18-Feb-2026 09:56:15.277 INFO [main] org.apache.catalina.startup.VersionLoggerListener.log CATALINA_BASE:         /home/infoetu/baptiste.lavogiez.etu/BUT2/Semestre2/Webdev/tomcat
18-Feb-2026 09:56:15.277 INFO [main] org.apache.catalina.startup.VersionLoggerListener.log CATALINA_HOME:         /home/infoetu/baptiste.lavogiez.etu/BUT2/Semestre2/Webdev/tomcat
18-Feb-2026 09:56:15.280 INFO [main] org.apache.catalina.startup.VersionLoggerListener.log Command line argument: -Djava.util.logging.config.file=/home/infoetu/baptiste.lavogiez.etu/BUT2/Semestre2/Webdev/tomcat/conf/logging.properties
18-Feb-2026 09:56:15.280 INFO [main] org.apache.catalina.startup.VersionLoggerListener.log Command line argument: -Djava.util.logging.manager=org.apache.juli.ClassLoaderLogManager
18-Feb-2026 09:56:15.280 INFO [main] org.apache.catalina.startup.VersionLoggerListener.log Command line argument: -Djdk.tls.ephemeralDHKeySize=2048
18-Feb-2026 09:56:15.280 INFO [main] org.apache.catalina.startup.VersionLoggerListener.log Command line argument: -Dorg.apache.catalina.security.SecurityListener.UMASK=0027
18-Feb-2026 09:56:15.280 INFO [main] org.apache.catalina.startup.VersionLoggerListener.log Command line argument: --add-opens=java.base/java.lang=ALL-UNNAMED
18-Feb-2026 09:56:15.280 INFO [main] org.apache.catalina.startup.VersionLoggerListener.log Command line argument: --add-opens=java.base/java.lang.reflect=ALL-UNNAMED
18-Feb-2026 09:56:15.280 INFO [main] org.apache.catalina.startup.VersionLoggerListener.log Command line argument: --add-opens=java.base/java.io=ALL-UNNAMED
18-Feb-2026 09:56:15.280 INFO [main] org.apache.catalina.startup.VersionLoggerListener.log Command line argument: --add-opens=java.base/java.util=ALL-UNNAMED
18-Feb-2026 09:56:15.281 INFO [main] org.apache.catalina.startup.VersionLoggerListener.log Command line argument: --add-opens=java.base/java.util.concurrent=ALL-UNNAMED
18-Feb-2026 09:56:15.281 INFO [main] org.apache.catalina.startup.VersionLoggerListener.log Command line argument: --add-opens=java.rmi/sun.rmi.transport=ALL-UNNAMED
18-Feb-2026 09:56:15.281 INFO [main] org.apache.catalina.startup.VersionLoggerListener.log Command line argument: --enable-native-access=ALL-UNNAMED
18-Feb-2026 09:56:15.281 INFO [main] org.apache.catalina.startup.VersionLoggerListener.log Command line argument: -Dcatalina.base=/home/infoetu/baptiste.lavogiez.etu/BUT2/Semestre2/Webdev/tomcat
18-Feb-2026 09:56:15.281 INFO [main] org.apache.catalina.startup.VersionLoggerListener.log Command line argument: -Dcatalina.home=/home/infoetu/baptiste.lavogiez.etu/BUT2/Semestre2/Webdev/tomcat
18-Feb-2026 09:56:15.281 INFO [main] org.apache.catalina.startup.VersionLoggerListener.log Command line argument: -Djava.io.tmpdir=/home/infoetu/baptiste.lavogiez.etu/BUT2/Semestre2/Webdev/tomcat/temp
18-Feb-2026 09:56:15.281 INFO [main] org.apache.catalina.core.AprLifecycleListener.lifecycleEvent The Apache Tomcat Native library which allows using OpenSSL was not found on the java.library.path: [/usr/java/packages/lib:/usr/lib/x86_64-linux-gnu/jni:/lib/x86_64-linux-gnu:/usr/lib/x86_64-linux-gnu:/usr/lib/jni:/lib:/usr/lib]
18-Feb-2026 09:56:15.377 INFO [main] org.apache.coyote.AbstractProtocol.init Initializing ProtocolHandler ["http-nio-8080"]
18-Feb-2026 09:56:15.385 INFO [main] org.apache.catalina.startup.Catalina.load Server initialization in [176] milliseconds
18-Feb-2026 09:56:15.400 INFO [main] org.apache.catalina.core.StandardService.startInternal Starting service [Catalina]
18-Feb-2026 09:56:15.401 INFO [main] org.apache.catalina.core.StandardEngine.startInternal Starting Servlet engine: [Apache Tomcat/11.0.13]
18-Feb-2026 09:56:15.405 INFO [main] org.apache.catalina.startup.HostConfig.deployDirectory Deploying web application directory [/home/infoetu/baptiste.lavogiez.etu/BUT2/Semestre2/Webdev/tomcat/webapps/ctp2]
18-Feb-2026 09:56:15.707 INFO [main] org.apache.jasper.servlet.TldScanner.scanJars At least one JAR was scanned for TLDs yet contained no TLDs. Enable debug logging for this logger for a complete list of JARs that were scanned but no TLDs were found in them. Skipping unneeded JARs during scanning can improve startup time and JSP compilation time.
18-Feb-2026 09:56:15.724 INFO [main] org.apache.catalina.startup.HostConfig.deployDirectory Deployment of web application directory [/home/infoetu/baptiste.lavogiez.etu/BUT2/Semestre2/Webdev/tomcat/webapps/ctp2] has finished in [318] ms
18-Feb-2026 09:56:15.724 INFO [main] org.apache.catalina.startup.HostConfig.deployDirectory Deploying web application directory [/home/infoetu/baptiste.lavogiez.etu/BUT2/Semestre2/Webdev/tomcat/webapps/ctp (copie)]
18-Feb-2026 09:56:15.889 INFO [main] org.apache.jasper.servlet.TldScanner.scanJars At least one JAR was scanned for TLDs yet contained no TLDs. Enable debug logging for this logger for a complete list of JARs that were scanned but no TLDs were found in them. Skipping unneeded JARs during scanning can improve startup time and JSP compilation time.
18-Feb-2026 09:56:15.890 INFO [main] org.apache.catalina.startup.HostConfig.deployDirectory Deployment of web application directory [/home/infoetu/baptiste.lavogiez.etu/BUT2/Semestre2/Webdev/tomcat/webapps/ctp (copie)] has finished in [166] ms
18-Feb-2026 09:56:15.890 INFO [main] org.apache.catalina.startup.HostConfig.deployDirectory Deploying web application directory [/home/infoetu/baptiste.lavogiez.etu/BUT2/Semestre2/Webdev/tomcat/webapps/ctp-sample]
18-Feb-2026 09:56:16.035 INFO [main] org.apache.jasper.servlet.TldScanner.scanJars At least one JAR was scanned for TLDs yet contained no TLDs. Enable debug logging for this logger for a complete list of JARs that were scanned but no TLDs were found in them. Skipping unneeded JARs during scanning can improve startup time and JSP compilation time.
18-Feb-2026 09:56:16.037 INFO [main] org.apache.catalina.startup.HostConfig.deployDirectory Deployment of web application directory [/home/infoetu/baptiste.lavogiez.etu/BUT2/Semestre2/Webdev/tomcat/webapps/ctp-sample] has finished in [147] ms
18-Feb-2026 09:56:16.037 INFO [main] org.apache.catalina.startup.HostConfig.deployDirectory Deploying web application directory [/home/infoetu/baptiste.lavogiez.etu/BUT2/Semestre2/Webdev/tomcat/webapps/__MACOSX]
18-Feb-2026 09:56:16.162 INFO [main] org.apache.jasper.servlet.TldScanner.scanJars At least one JAR was scanned for TLDs yet contained no TLDs. Enable debug logging for this logger for a complete list of JARs that were scanned but no TLDs were found in them. Skipping unneeded JARs during scanning can improve startup time and JSP compilation time.
18-Feb-2026 09:56:16.163 INFO [main] org.apache.catalina.startup.HostConfig.deployDirectory Deployment of web application directory [/home/infoetu/baptiste.lavogiez.etu/BUT2/Semestre2/Webdev/tomcat/webapps/__MACOSX] has finished in [126] ms
18-Feb-2026 09:56:16.163 INFO [main] org.apache.catalina.startup.HostConfig.deployDirectory Deploying web application directory [/home/infoetu/baptiste.lavogiez.etu/BUT2/Semestre2/Webdev/tomcat/webapps/ROOT]
18-Feb-2026 09:56:16.286 INFO [main] org.apache.jasper.servlet.TldScanner.scanJars At least one JAR was scanned for TLDs yet contained no TLDs. Enable debug logging for this logger for a complete list of JARs that were scanned but no TLDs were found in them. Skipping unneeded JARs during scanning can improve startup time and JSP compilation time.
18-Feb-2026 09:56:16.287 INFO [main] org.apache.catalina.startup.HostConfig.deployDirectory Deployment of web application directory [/home/infoetu/baptiste.lavogiez.etu/BUT2/Semestre2/Webdev/tomcat/webapps/ROOT] has finished in [124] ms
18-Feb-2026 09:56:16.287 INFO [main] org.apache.catalina.startup.HostConfig.deployDirectory Deploying web application directory [/home/infoetu/baptiste.lavogiez.etu/BUT2/Semestre2/Webdev/tomcat/webapps/TP04]
18-Feb-2026 09:56:16.420 INFO [main] org.apache.jasper.servlet.TldScanner.scanJars At least one JAR was scanned for TLDs yet contained no TLDs. Enable debug logging for this logger for a complete list of JARs that were scanned but no TLDs were found in them. Skipping unneeded JARs during scanning can improve startup time and JSP compilation time.
18-Feb-2026 09:56:16.421 INFO [main] org.apache.catalina.startup.HostConfig.deployDirectory Deployment of web application directory [/home/infoetu/baptiste.lavogiez.etu/BUT2/Semestre2/Webdev/tomcat/webapps/TP04] has finished in [134] ms
18-Feb-2026 09:56:16.421 INFO [main] org.apache.catalina.startup.HostConfig.deployDirectory Deploying web application directory [/home/infoetu/baptiste.lavogiez.etu/BUT2/Semestre2/Webdev/tomcat/webapps/docs]
18-Feb-2026 09:56:16.536 INFO [main] org.apache.jasper.servlet.TldScanner.scanJars At least one JAR was scanned for TLDs yet contained no TLDs. Enable debug logging for this logger for a complete list of JARs that were scanned but no TLDs were found in them. Skipping unneeded JARs during scanning can improve startup time and JSP compilation time.
18-Feb-2026 09:56:16.537 INFO [main] org.apache.catalina.startup.HostConfig.deployDirectory Deployment of web application directory [/home/infoetu/baptiste.lavogiez.etu/BUT2/Semestre2/Webdev/tomcat/webapps/docs] has finished in [116] ms
18-Feb-2026 09:56:16.537 INFO [main] org.apache.catalina.startup.HostConfig.deployDirectory Deploying web application directory [/home/infoetu/baptiste.lavogiez.etu/BUT2/Semestre2/Webdev/tomcat/webapps/TP03-Partie2]
18-Feb-2026 09:56:16.666 INFO [main] org.apache.jasper.servlet.TldScanner.scanJars At least one JAR was scanned for TLDs yet contained no TLDs. Enable debug logging for this logger for a complete list of JARs that were scanned but no TLDs were found in them. Skipping unneeded JARs during scanning can improve startup time and JSP compilation time.
18-Feb-2026 09:56:16.667 INFO [main] org.apache.catalina.startup.HostConfig.deployDirectory Deployment of web application directory [/home/infoetu/baptiste.lavogiez.etu/BUT2/Semestre2/Webdev/tomcat/webapps/TP03-Partie2] has finished in [129] ms
18-Feb-2026 09:56:16.667 INFO [main] org.apache.catalina.startup.HostConfig.deployDirectory Deploying web application directory [/home/infoetu/baptiste.lavogiez.etu/BUT2/Semestre2/Webdev/tomcat/webapps/TP05]
18-Feb-2026 09:56:16.799 INFO [main] org.apache.jasper.servlet.TldScanner.scanJars At least one JAR was scanned for TLDs yet contained no TLDs. Enable debug logging for this logger for a complete list of JARs that were scanned but no TLDs were found in them. Skipping unneeded JARs during scanning can improve startup time and JSP compilation time.
18-Feb-2026 09:56:16.800 INFO [main] org.apache.catalina.startup.HostConfig.deployDirectory Deployment of web application directory [/home/infoetu/baptiste.lavogiez.etu/BUT2/Semestre2/Webdev/tomcat/webapps/TP05] has finished in [133] ms
18-Feb-2026 09:56:16.800 INFO [main] org.apache.catalina.startup.HostConfig.deployDirectory Deploying web application directory [/home/infoetu/baptiste.lavogiez.etu/BUT2/Semestre2/Webdev/tomcat/webapps/TP06]
18-Feb-2026 09:56:16.929 INFO [main] org.apache.jasper.servlet.TldScanner.scanJars At least one JAR was scanned for TLDs yet contained no TLDs. Enable debug logging for this logger for a complete list of JARs that were scanned but no TLDs were found in them. Skipping unneeded JARs during scanning can improve startup time and JSP compilation time.
18-Feb-2026 09:56:16.930 INFO [main] org.apache.catalina.startup.HostConfig.deployDirectory Deployment of web application directory [/home/infoetu/baptiste.lavogiez.etu/BUT2/Semestre2/Webdev/tomcat/webapps/TP06] has finished in [130] ms
18-Feb-2026 09:56:16.930 INFO [main] org.apache.catalina.startup.HostConfig.deployDirectory Deploying web application directory [/home/infoetu/baptiste.lavogiez.etu/BUT2/Semestre2/Webdev/tomcat/webapps/manager]
18-Feb-2026 09:56:17.046 INFO [main] org.apache.jasper.servlet.TldScanner.scanJars At least one JAR was scanned for TLDs yet contained no TLDs. Enable debug logging for this logger for a complete list of JARs that were scanned but no TLDs were found in them. Skipping unneeded JARs during scanning can improve startup time and JSP compilation time.
18-Feb-2026 09:56:17.049 INFO [main] org.apache.catalina.startup.HostConfig.deployDirectory Deployment of web application directory [/home/infoetu/baptiste.lavogiez.etu/BUT2/Semestre2/Webdev/tomcat/webapps/manager] has finished in [119] ms
18-Feb-2026 09:56:17.049 INFO [main] org.apache.catalina.startup.HostConfig.deployDirectory Deploying web application directory [/home/infoetu/baptiste.lavogiez.etu/BUT2/Semestre2/Webdev/tomcat/webapps/TP02]
18-Feb-2026 09:56:17.172 INFO [main] org.apache.jasper.servlet.TldScanner.scanJars At least one JAR was scanned for TLDs yet contained no TLDs. Enable debug logging for this logger for a complete list of JARs that were scanned but no TLDs were found in them. Skipping unneeded JARs during scanning can improve startup time and JSP compilation time.
18-Feb-2026 09:56:17.173 INFO [main] org.apache.catalina.startup.HostConfig.deployDirectory Deployment of web application directory [/home/infoetu/baptiste.lavogiez.etu/BUT2/Semestre2/Webdev/tomcat/webapps/TP02] has finished in [123] ms
18-Feb-2026 09:56:17.173 INFO [main] org.apache.catalina.startup.HostConfig.deployDirectory Deploying web application directory [/home/infoetu/baptiste.lavogiez.etu/BUT2/Semestre2/Webdev/tomcat/webapps/ctp1]
18-Feb-2026 09:56:17.302 INFO [main] org.apache.jasper.servlet.TldScanner.scanJars At least one JAR was scanned for TLDs yet contained no TLDs. Enable debug logging for this logger for a complete list of JARs that were scanned but no TLDs were found in them. Skipping unneeded JARs during scanning can improve startup time and JSP compilation time.
18-Feb-2026 09:56:17.302 INFO [main] org.apache.catalina.startup.HostConfig.deployDirectory Deployment of web application directory [/home/infoetu/baptiste.lavogiez.etu/BUT2/Semestre2/Webdev/tomcat/webapps/ctp1] has finished in [129] ms
18-Feb-2026 09:56:17.302 INFO [main] org.apache.catalina.startup.HostConfig.deployDirectory Deploying web application directory [/home/infoetu/baptiste.lavogiez.etu/BUT2/Semestre2/Webdev/tomcat/webapps/TP03]
18-Feb-2026 09:56:17.423 INFO [main] org.apache.jasper.servlet.TldScanner.scanJars At least one JAR was scanned for TLDs yet contained no TLDs. Enable debug logging for this logger for a complete list of JARs that were scanned but no TLDs were found in them. Skipping unneeded JARs during scanning can improve startup time and JSP compilation time.
18-Feb-2026 09:56:17.424 INFO [main] org.apache.catalina.startup.HostConfig.deployDirectory Deployment of web application directory [/home/infoetu/baptiste.lavogiez.etu/BUT2/Semestre2/Webdev/tomcat/webapps/TP03] has finished in [122] ms
18-Feb-2026 09:56:17.425 INFO [main] org.apache.catalina.startup.HostConfig.deployDirectory Deploying web application directory [/home/infoetu/baptiste.lavogiez.etu/BUT2/Semestre2/Webdev/tomcat/webapps/TP01]
18-Feb-2026 09:56:17.539 INFO [main] org.apache.jasper.servlet.TldScanner.scanJars At least one JAR was scanned for TLDs yet contained no TLDs. Enable debug logging for this logger for a complete list of JARs that were scanned but no TLDs were found in them. Skipping unneeded JARs during scanning can improve startup time and JSP compilation time.
18-Feb-2026 09:56:17.539 INFO [main] org.apache.catalina.startup.HostConfig.deployDirectory Deployment of web application directory [/home/infoetu/baptiste.lavogiez.etu/BUT2/Semestre2/Webdev/tomcat/webapps/TP01] has finished in [115] ms
18-Feb-2026 09:56:17.539 INFO [main] org.apache.catalina.startup.HostConfig.deployDirectory Deploying web application directory [/home/infoetu/baptiste.lavogiez.etu/BUT2/Semestre2/Webdev/tomcat/webapps/host-manager]
18-Feb-2026 09:56:17.654 INFO [main] org.apache.jasper.servlet.TldScanner.scanJars At least one JAR was scanned for TLDs yet contained no TLDs. Enable debug logging for this logger for a complete list of JARs that were scanned but no TLDs were found in them. Skipping unneeded JARs during scanning can improve startup time and JSP compilation time.
18-Feb-2026 09:56:17.655 INFO [main] org.apache.catalina.startup.HostConfig.deployDirectory Deployment of web application directory [/home/infoetu/baptiste.lavogiez.etu/BUT2/Semestre2/Webdev/tomcat/webapps/host-manager] has finished in [116] ms
18-Feb-2026 09:56:17.655 INFO [main] org.apache.catalina.startup.HostConfig.deployDirectory Deploying web application directory [/home/infoetu/baptiste.lavogiez.etu/BUT2/Semestre2/Webdev/tomcat/webapps/tp_chess]
18-Feb-2026 09:56:17.776 INFO [main] org.apache.jasper.servlet.TldScanner.scanJars At least one JAR was scanned for TLDs yet contained no TLDs. Enable debug logging for this logger for a complete list of JARs that were scanned but no TLDs were found in them. Skipping unneeded JARs during scanning can improve startup time and JSP compilation time.
18-Feb-2026 09:56:17.776 INFO [main] org.apache.catalina.startup.HostConfig.deployDirectory Deployment of web application directory [/home/infoetu/baptiste.lavogiez.etu/BUT2/Semestre2/Webdev/tomcat/webapps/tp_chess] has finished in [121] ms
18-Feb-2026 09:56:17.777 INFO [main] org.apache.catalina.startup.HostConfig.deployDirectory Deploying web application directory [/home/infoetu/baptiste.lavogiez.etu/BUT2/Semestre2/Webdev/tomcat/webapps/ctp3]
18-Feb-2026 09:56:17.897 INFO [main] org.apache.jasper.servlet.TldScanner.scanJars At least one JAR was scanned for TLDs yet contained no TLDs. Enable debug logging for this logger for a complete list of JARs that were scanned but no TLDs were found in them. Skipping unneeded JARs during scanning can improve startup time and JSP compilation time.
18-Feb-2026 09:56:17.898 INFO [main] org.apache.catalina.startup.HostConfig.deployDirectory Deployment of web application directory [/home/infoetu/baptiste.lavogiez.etu/BUT2/Semestre2/Webdev/tomcat/webapps/ctp3] has finished in [122] ms
18-Feb-2026 09:56:17.898 INFO [main] org.apache.catalina.startup.HostConfig.deployDirectory Deploying web application directory [/home/infoetu/baptiste.lavogiez.etu/BUT2/Semestre2/Webdev/tomcat/webapps/template]
18-Feb-2026 09:56:18.027 INFO [main] org.apache.jasper.servlet.TldScanner.scanJars At least one JAR was scanned for TLDs yet contained no TLDs. Enable debug logging for this logger for a complete list of JARs that were scanned but no TLDs were found in them. Skipping unneeded JARs during scanning can improve startup time and JSP compilation time.
18-Feb-2026 09:56:18.028 INFO [main] org.apache.catalina.startup.HostConfig.deployDirectory Deployment of web application directory [/home/infoetu/baptiste.lavogiez.etu/BUT2/Semestre2/Webdev/tomcat/webapps/template] has finished in [130] ms
18-Feb-2026 09:56:18.028 INFO [main] org.apache.catalina.startup.HostConfig.deployDirectory Deploying web application directory [/home/infoetu/baptiste.lavogiez.etu/BUT2/Semestre2/Webdev/tomcat/webapps/examples]
18-Feb-2026 09:56:18.318 INFO [main] org.apache.jasper.servlet.TldScanner.scanJars At least one JAR was scanned for TLDs yet contained no TLDs. Enable debug logging for this logger for a complete list of JARs that were scanned but no TLDs were found in them. Skipping unneeded JARs during scanning can improve startup time and JSP compilation time.
18-Feb-2026 09:56:18.332 INFO [main] org.apache.catalina.startup.HostConfig.deployDirectory Deployment of web application directory [/home/infoetu/baptiste.lavogiez.etu/BUT2/Semestre2/Webdev/tomcat/webapps/examples] has finished in [304] ms
18-Feb-2026 09:56:18.332 INFO [main] org.apache.catalina.startup.HostConfig.deployDirectory Deploying web application directory [/home/infoetu/baptiste.lavogiez.etu/BUT2/Semestre2/Webdev/tomcat/webapps/ctp]
18-Feb-2026 09:56:18.468 INFO [main] org.apache.jasper.servlet.TldScanner.scanJars At least one JAR was scanned for TLDs yet contained no TLDs. Enable debug logging for this logger for a complete list of JARs that were scanned but no TLDs were found in them. Skipping unneeded JARs during scanning can improve startup time and JSP compilation time.
18-Feb-2026 09:56:18.469 INFO [main] org.apache.catalina.startup.HostConfig.deployDirectory Deployment of web application directory [/home/infoetu/baptiste.lavogiez.etu/BUT2/Semestre2/Webdev/tomcat/webapps/ctp] has finished in [137] ms
18-Feb-2026 09:56:18.471 INFO [main] org.apache.coyote.AbstractProtocol.start Starting ProtocolHandler ["http-nio-8080"]
18-Feb-2026 09:56:18.476 INFO [main] org.apache.catalina.startup.Catalina.start Server startup in [3090] milliseconds
18-Feb-2026 09:58:07.845 INFO [Thread-1] org.apache.coyote.AbstractProtocol.pause Pausing ProtocolHandler ["http-nio-8080"]
18-Feb-2026 09:58:07.847 INFO [Thread-1] org.apache.catalina.core.StandardService.stopInternal Stopping service [Catalina]
18-Feb-2026 09:58:07.880 WARNING [Thread-1] org.apache.catalina.loader.WebappClassLoaderBase.clearReferencesJdbc The web application [TP06] registered the JDBC driver [org.h2.Driver] but failed to unregister it when the web application was stopped. To prevent a memory leak, the JDBC Driver has been forcibly unregistered.
18-Feb-2026 09:58:07.901 INFO [Thread-1] org.apache.coyote.AbstractProtocol.stop Stopping ProtocolHandler ["http-nio-8080"]
18-Feb-2026 09:58:07.910 INFO [Thread-1] org.apache.coyote.AbstractProtocol.destroy Destroying ProtocolHandler ["http-nio-8080"]
18-Feb-2026 09:58:08.809 INFO [main] org.apache.catalina.startup.VersionLoggerListener.log Server version name:   Apache Tomcat/11.0.13
18-Feb-2026 09:58:08.811 INFO [main] org.apache.catalina.startup.VersionLoggerListener.log Server built:          Oct 10 2025 13:57:31 UTC
18-Feb-2026 09:58:08.811 INFO [main] org.apache.catalina.startup.VersionLoggerListener.log Server version number: 11.0.13.0
18-Feb-2026 09:58:08.811 INFO [main] org.apache.catalina.startup.VersionLoggerListener.log OS Name:               Linux
18-Feb-2026 09:58:08.811 INFO [main] org.apache.catalina.startup.VersionLoggerListener.log OS Version:            6.1.0-40-amd64
18-Feb-2026 09:58:08.811 INFO [main] org.apache.catalina.startup.VersionLoggerListener.log Architecture:          amd64
18-Feb-2026 09:58:08.811 INFO [main] org.apache.catalina.startup.VersionLoggerListener.log Java Home:             /usr/lib/jvm/java-17-openjdk-amd64
18-Feb-2026 09:58:08.811 INFO [main] org.apache.catalina.startup.VersionLoggerListener.log JVM Version:           17.0.18+8-Debian-1deb12u1
18-Feb-2026 09:58:08.811 INFO [main] org.apache.catalina.startup.VersionLoggerListener.log JVM Vendor:            Debian
18-Feb-2026 09:58:08.811 INFO [main] org.apache.catalina.startup.VersionLoggerListener.log CATALINA_BASE:         /home/infoetu/baptiste.lavogiez.etu/BUT2/Semestre2/Webdev/tomcat
18-Feb-2026 09:58:08.811 INFO [main] org.apache.catalina.startup.VersionLoggerListener.log CATALINA_HOME:         /home/infoetu/baptiste.lavogiez.etu/BUT2/Semestre2/Webdev/tomcat
18-Feb-2026 09:58:08.815 INFO [main] org.apache.catalina.startup.VersionLoggerListener.log Command line argument: -Djava.util.logging.config.file=/home/infoetu/baptiste.lavogiez.etu/BUT2/Semestre2/Webdev/tomcat/conf/logging.properties
18-Feb-2026 09:58:08.815 INFO [main] org.apache.catalina.startup.VersionLoggerListener.log Command line argument: -Djava.util.logging.manager=org.apache.juli.ClassLoaderLogManager
18-Feb-2026 09:58:08.815 INFO [main] org.apache.catalina.startup.VersionLoggerListener.log Command line argument: -Djdk.tls.ephemeralDHKeySize=2048
18-Feb-2026 09:58:08.815 INFO [main] org.apache.catalina.startup.VersionLoggerListener.log Command line argument: -Dorg.apache.catalina.security.SecurityListener.UMASK=0027
18-Feb-2026 09:58:08.815 INFO [main] org.apache.catalina.startup.VersionLoggerListener.log Command line argument: --add-opens=java.base/java.lang=ALL-UNNAMED
18-Feb-2026 09:58:08.815 INFO [main] org.apache.catalina.startup.VersionLoggerListener.log Command line argument: --add-opens=java.base/java.lang.reflect=ALL-UNNAMED
18-Feb-2026 09:58:08.815 INFO [main] org.apache.catalina.startup.VersionLoggerListener.log Command line argument: --add-opens=java.base/java.io=ALL-UNNAMED
18-Feb-2026 09:58:08.816 INFO [main] org.apache.catalina.startup.VersionLoggerListener.log Command line argument: --add-opens=java.base/java.util=ALL-UNNAMED
18-Feb-2026 09:58:08.816 INFO [main] org.apache.catalina.startup.VersionLoggerListener.log Command line argument: --add-opens=java.base/java.util.concurrent=ALL-UNNAMED
18-Feb-2026 09:58:08.816 INFO [main] org.apache.catalina.startup.VersionLoggerListener.log Command line argument: --add-opens=java.rmi/sun.rmi.transport=ALL-UNNAMED
18-Feb-2026 09:58:08.816 INFO [main] org.apache.catalina.startup.VersionLoggerListener.log Command line argument: --enable-native-access=ALL-UNNAMED
18-Feb-2026 09:58:08.816 INFO [main] org.apache.catalina.startup.VersionLoggerListener.log Command line argument: -Dcatalina.base=/home/infoetu/baptiste.lavogiez.etu/BUT2/Semestre2/Webdev/tomcat
18-Feb-2026 09:58:08.816 INFO [main] org.apache.catalina.startup.VersionLoggerListener.log Command line argument: -Dcatalina.home=/home/infoetu/baptiste.lavogiez.etu/BUT2/Semestre2/Webdev/tomcat
18-Feb-2026 09:58:08.816 INFO [main] org.apache.catalina.startup.VersionLoggerListener.log Command line argument: -Djava.io.tmpdir=/home/infoetu/baptiste.lavogiez.etu/BUT2/Semestre2/Webdev/tomcat/temp
18-Feb-2026 09:58:08.816 INFO [main] org.apache.catalina.core.AprLifecycleListener.lifecycleEvent The Apache Tomcat Native library which allows using OpenSSL was not found on the java.library.path: [/usr/java/packages/lib:/usr/lib/x86_64-linux-gnu/jni:/lib/x86_64-linux-gnu:/usr/lib/x86_64-linux-gnu:/usr/lib/jni:/lib:/usr/lib]
18-Feb-2026 09:58:08.914 INFO [main] org.apache.coyote.AbstractProtocol.init Initializing ProtocolHandler ["http-nio-8080"]
18-Feb-2026 09:58:08.922 INFO [main] org.apache.catalina.startup.Catalina.load Server initialization in [179] milliseconds
18-Feb-2026 09:58:08.938 INFO [main] org.apache.catalina.core.StandardService.startInternal Starting service [Catalina]
18-Feb-2026 09:58:08.938 INFO [main] org.apache.catalina.core.StandardEngine.startInternal Starting Servlet engine: [Apache Tomcat/11.0.13]
18-Feb-2026 09:58:08.943 INFO [main] org.apache.catalina.startup.HostConfig.deployDirectory Deploying web application directory [/home/infoetu/baptiste.lavogiez.etu/BUT2/Semestre2/Webdev/tomcat/webapps/ctp2]
18-Feb-2026 09:58:09.244 INFO [main] org.apache.jasper.servlet.TldScanner.scanJars At least one JAR was scanned for TLDs yet contained no TLDs. Enable debug logging for this logger for a complete list of JARs that were scanned but no TLDs were found in them. Skipping unneeded JARs during scanning can improve startup time and JSP compilation time.
18-Feb-2026 09:58:09.262 INFO [main] org.apache.catalina.startup.HostConfig.deployDirectory Deployment of web application directory [/home/infoetu/baptiste.lavogiez.etu/BUT2/Semestre2/Webdev/tomcat/webapps/ctp2] has finished in [318] ms
18-Feb-2026 09:58:09.262 INFO [main] org.apache.catalina.startup.HostConfig.deployDirectory Deploying web application directory [/home/infoetu/baptiste.lavogiez.etu/BUT2/Semestre2/Webdev/tomcat/webapps/ctp (copie)]
18-Feb-2026 09:58:09.420 INFO [main] org.apache.jasper.servlet.TldScanner.scanJars At least one JAR was scanned for TLDs yet contained no TLDs. Enable debug logging for this logger for a complete list of JARs that were scanned but no TLDs were found in them. Skipping unneeded JARs during scanning can improve startup time and JSP compilation time.
18-Feb-2026 09:58:09.421 INFO [main] org.apache.catalina.startup.HostConfig.deployDirectory Deployment of web application directory [/home/infoetu/baptiste.lavogiez.etu/BUT2/Semestre2/Webdev/tomcat/webapps/ctp (copie)] has finished in [159] ms
18-Feb-2026 09:58:09.422 INFO [main] org.apache.catalina.startup.HostConfig.deployDirectory Deploying web application directory [/home/infoetu/baptiste.lavogiez.etu/BUT2/Semestre2/Webdev/tomcat/webapps/ctp-sample]
18-Feb-2026 09:58:09.575 INFO [main] org.apache.jasper.servlet.TldScanner.scanJars At least one JAR was scanned for TLDs yet contained no TLDs. Enable debug logging for this logger for a complete list of JARs that were scanned but no TLDs were found in them. Skipping unneeded JARs during scanning can improve startup time and JSP compilation time.
18-Feb-2026 09:58:09.577 INFO [main] org.apache.catalina.startup.HostConfig.deployDirectory Deployment of web application directory [/home/infoetu/baptiste.lavogiez.etu/BUT2/Semestre2/Webdev/tomcat/webapps/ctp-sample] has finished in [155] ms
18-Feb-2026 09:58:09.578 INFO [main] org.apache.catalina.startup.HostConfig.deployDirectory Deploying web application directory [/home/infoetu/baptiste.lavogiez.etu/BUT2/Semestre2/Webdev/tomcat/webapps/__MACOSX]
18-Feb-2026 09:58:09.714 INFO [main] org.apache.jasper.servlet.TldScanner.scanJars At least one JAR was scanned for TLDs yet contained no TLDs. Enable debug logging for this logger for a complete list of JARs that were scanned but no TLDs were found in them. Skipping unneeded JARs during scanning can improve startup time and JSP compilation time.
18-Feb-2026 09:58:09.715 INFO [main] org.apache.catalina.startup.HostConfig.deployDirectory Deployment of web application directory [/home/infoetu/baptiste.lavogiez.etu/BUT2/Semestre2/Webdev/tomcat/webapps/__MACOSX] has finished in [137] ms
18-Feb-2026 09:58:09.715 INFO [main] org.apache.catalina.startup.HostConfig.deployDirectory Deploying web application directory [/home/infoetu/baptiste.lavogiez.etu/BUT2/Semestre2/Webdev/tomcat/webapps/ROOT]
18-Feb-2026 09:58:09.836 INFO [main] org.apache.jasper.servlet.TldScanner.scanJars At least one JAR was scanned for TLDs yet contained no TLDs. Enable debug logging for this logger for a complete list of JARs that were scanned but no TLDs were found in them. Skipping unneeded JARs during scanning can improve startup time and JSP compilation time.
18-Feb-2026 09:58:09.837 INFO [main] org.apache.catalina.startup.HostConfig.deployDirectory Deployment of web application directory [/home/infoetu/baptiste.lavogiez.etu/BUT2/Semestre2/Webdev/tomcat/webapps/ROOT] has finished in [122] ms
18-Feb-2026 09:58:09.837 INFO [main] org.apache.catalina.startup.HostConfig.deployDirectory Deploying web application directory [/home/infoetu/baptiste.lavogiez.etu/BUT2/Semestre2/Webdev/tomcat/webapps/TP04]
18-Feb-2026 09:58:09.971 INFO [main] org.apache.jasper.servlet.TldScanner.scanJars At least one JAR was scanned for TLDs yet contained no TLDs. Enable debug logging for this logger for a complete list of JARs that were scanned but no TLDs were found in them. Skipping unneeded JARs during scanning can improve startup time and JSP compilation time.
18-Feb-2026 09:58:09.972 INFO [main] org.apache.catalina.startup.HostConfig.deployDirectory Deployment of web application directory [/home/infoetu/baptiste.lavogiez.etu/BUT2/Semestre2/Webdev/tomcat/webapps/TP04] has finished in [135] ms
18-Feb-2026 09:58:09.972 INFO [main] org.apache.catalina.startup.HostConfig.deployDirectory Deploying web application directory [/home/infoetu/baptiste.lavogiez.etu/BUT2/Semestre2/Webdev/tomcat/webapps/docs]
18-Feb-2026 09:58:10.089 INFO [main] org.apache.jasper.servlet.TldScanner.scanJars At least one JAR was scanned for TLDs yet contained no TLDs. Enable debug logging for this logger for a complete list of JARs that were scanned but no TLDs were found in them. Skipping unneeded JARs during scanning can improve startup time and JSP compilation time.
18-Feb-2026 09:58:10.090 INFO [main] org.apache.catalina.startup.HostConfig.deployDirectory Deployment of web application directory [/home/infoetu/baptiste.lavogiez.etu/BUT2/Semestre2/Webdev/tomcat/webapps/docs] has finished in [118] ms
18-Feb-2026 09:58:10.090 INFO [main] org.apache.catalina.startup.HostConfig.deployDirectory Deploying web application directory [/home/infoetu/baptiste.lavogiez.etu/BUT2/Semestre2/Webdev/tomcat/webapps/TP03-Partie2]
18-Feb-2026 09:58:10.217 INFO [main] org.apache.jasper.servlet.TldScanner.scanJars At least one JAR was scanned for TLDs yet contained no TLDs. Enable debug logging for this logger for a complete list of JARs that were scanned but no TLDs were found in them. Skipping unneeded JARs during scanning can improve startup time and JSP compilation time.
18-Feb-2026 09:58:10.218 INFO [main] org.apache.catalina.startup.HostConfig.deployDirectory Deployment of web application directory [/home/infoetu/baptiste.lavogiez.etu/BUT2/Semestre2/Webdev/tomcat/webapps/TP03-Partie2] has finished in [128] ms
18-Feb-2026 09:58:10.218 INFO [main] org.apache.catalina.startup.HostConfig.deployDirectory Deploying web application directory [/home/infoetu/baptiste.lavogiez.etu/BUT2/Semestre2/Webdev/tomcat/webapps/TP05]
18-Feb-2026 09:58:10.352 INFO [main] org.apache.jasper.servlet.TldScanner.scanJars At least one JAR was scanned for TLDs yet contained no TLDs. Enable debug logging for this logger for a complete list of JARs that were scanned but no TLDs were found in them. Skipping unneeded JARs during scanning can improve startup time and JSP compilation time.
18-Feb-2026 09:58:10.352 INFO [main] org.apache.catalina.startup.HostConfig.deployDirectory Deployment of web application directory [/home/infoetu/baptiste.lavogiez.etu/BUT2/Semestre2/Webdev/tomcat/webapps/TP05] has finished in [134] ms
18-Feb-2026 09:58:10.353 INFO [main] org.apache.catalina.startup.HostConfig.deployDirectory Deploying web application directory [/home/infoetu/baptiste.lavogiez.etu/BUT2/Semestre2/Webdev/tomcat/webapps/TP06]
18-Feb-2026 09:58:10.486 INFO [main] org.apache.jasper.servlet.TldScanner.scanJars At least one JAR was scanned for TLDs yet contained no TLDs. Enable debug logging for this logger for a complete list of JARs that were scanned but no TLDs were found in them. Skipping unneeded JARs during scanning can improve startup time and JSP compilation time.
18-Feb-2026 09:58:10.487 INFO [main] org.apache.catalina.startup.HostConfig.deployDirectory Deployment of web application directory [/home/infoetu/baptiste.lavogiez.etu/BUT2/Semestre2/Webdev/tomcat/webapps/TP06] has finished in [134] ms
18-Feb-2026 09:58:10.487 INFO [main] org.apache.catalina.startup.HostConfig.deployDirectory Deploying web application directory [/home/infoetu/baptiste.lavogiez.etu/BUT2/Semestre2/Webdev/tomcat/webapps/manager]
18-Feb-2026 09:58:10.604 INFO [main] org.apache.jasper.servlet.TldScanner.scanJars At least one JAR was scanned for TLDs yet contained no TLDs. Enable debug logging for this logger for a complete list of JARs that were scanned but no TLDs were found in them. Skipping unneeded JARs during scanning can improve startup time and JSP compilation time.
18-Feb-2026 09:58:10.606 INFO [main] org.apache.catalina.startup.HostConfig.deployDirectory Deployment of web application directory [/home/infoetu/baptiste.lavogiez.etu/BUT2/Semestre2/Webdev/tomcat/webapps/manager] has finished in [119] ms
18-Feb-2026 09:58:10.606 INFO [main] org.apache.catalina.startup.HostConfig.deployDirectory Deploying web application directory [/home/infoetu/baptiste.lavogiez.etu/BUT2/Semestre2/Webdev/tomcat/webapps/TP02]
18-Feb-2026 09:58:10.737 INFO [main] org.apache.jasper.servlet.TldScanner.scanJars At least one JAR was scanned for TLDs yet contained no TLDs. Enable debug logging for this logger for a complete list of JARs that were scanned but no TLDs were found in them. Skipping unneeded JARs during scanning can improve startup time and JSP compilation time.
18-Feb-2026 09:58:10.738 INFO [main] org.apache.catalina.startup.HostConfig.deployDirectory Deployment of web application directory [/home/infoetu/baptiste.lavogiez.etu/BUT2/Semestre2/Webdev/tomcat/webapps/TP02] has finished in [132] ms
18-Feb-2026 09:58:10.738 INFO [main] org.apache.catalina.startup.HostConfig.deployDirectory Deploying web application directory [/home/infoetu/baptiste.lavogiez.etu/BUT2/Semestre2/Webdev/tomcat/webapps/ctp1]
18-Feb-2026 09:58:10.874 INFO [main] org.apache.jasper.servlet.TldScanner.scanJars At least one JAR was scanned for TLDs yet contained no TLDs. Enable debug logging for this logger for a complete list of JARs that were scanned but no TLDs were found in them. Skipping unneeded JARs during scanning can improve startup time and JSP compilation time.
18-Feb-2026 09:58:10.875 INFO [main] org.apache.catalina.startup.HostConfig.deployDirectory Deployment of web application directory [/home/infoetu/baptiste.lavogiez.etu/BUT2/Semestre2/Webdev/tomcat/webapps/ctp1] has finished in [136] ms
18-Feb-2026 09:58:10.875 INFO [main] org.apache.catalina.startup.HostConfig.deployDirectory Deploying web application directory [/home/infoetu/baptiste.lavogiez.etu/BUT2/Semestre2/Webdev/tomcat/webapps/TP03]
18-Feb-2026 09:58:10.997 INFO [main] org.apache.jasper.servlet.TldScanner.scanJars At least one JAR was scanned for TLDs yet contained no TLDs. Enable debug logging for this logger for a complete list of JARs that were scanned but no TLDs were found in them. Skipping unneeded JARs during scanning can improve startup time and JSP compilation time.
18-Feb-2026 09:58:10.998 INFO [main] org.apache.catalina.startup.HostConfig.deployDirectory Deployment of web application directory [/home/infoetu/baptiste.lavogiez.etu/BUT2/Semestre2/Webdev/tomcat/webapps/TP03] has finished in [122] ms
18-Feb-2026 09:58:10.998 INFO [main] org.apache.catalina.startup.HostConfig.deployDirectory Deploying web application directory [/home/infoetu/baptiste.lavogiez.etu/BUT2/Semestre2/Webdev/tomcat/webapps/TP01]
18-Feb-2026 09:58:11.112 INFO [main] org.apache.jasper.servlet.TldScanner.scanJars At least one JAR was scanned for TLDs yet contained no TLDs. Enable debug logging for this logger for a complete list of JARs that were scanned but no TLDs were found in them. Skipping unneeded JARs during scanning can improve startup time and JSP compilation time.
18-Feb-2026 09:58:11.113 INFO [main] org.apache.catalina.startup.HostConfig.deployDirectory Deployment of web application directory [/home/infoetu/baptiste.lavogiez.etu/BUT2/Semestre2/Webdev/tomcat/webapps/TP01] has finished in [115] ms
18-Feb-2026 09:58:11.113 INFO [main] org.apache.catalina.startup.HostConfig.deployDirectory Deploying web application directory [/home/infoetu/baptiste.lavogiez.etu/BUT2/Semestre2/Webdev/tomcat/webapps/host-manager]
18-Feb-2026 09:58:11.227 INFO [main] org.apache.jasper.servlet.TldScanner.scanJars At least one JAR was scanned for TLDs yet contained no TLDs. Enable debug logging for this logger for a complete list of JARs that were scanned but no TLDs were found in them. Skipping unneeded JARs during scanning can improve startup time and JSP compilation time.
18-Feb-2026 09:58:11.228 INFO [main] org.apache.catalina.startup.HostConfig.deployDirectory Deployment of web application directory [/home/infoetu/baptiste.lavogiez.etu/BUT2/Semestre2/Webdev/tomcat/webapps/host-manager] has finished in [115] ms
18-Feb-2026 09:58:11.228 INFO [main] org.apache.catalina.startup.HostConfig.deployDirectory Deploying web application directory [/home/infoetu/baptiste.lavogiez.etu/BUT2/Semestre2/Webdev/tomcat/webapps/tp_chess]
18-Feb-2026 09:58:11.351 INFO [main] org.apache.jasper.servlet.TldScanner.scanJars At least one JAR was scanned for TLDs yet contained no TLDs. Enable debug logging for this logger for a complete list of JARs that were scanned but no TLDs were found in them. Skipping unneeded JARs during scanning can improve startup time and JSP compilation time.
18-Feb-2026 09:58:11.351 INFO [main] org.apache.catalina.startup.HostConfig.deployDirectory Deployment of web application directory [/home/infoetu/baptiste.lavogiez.etu/BUT2/Semestre2/Webdev/tomcat/webapps/tp_chess] has finished in [123] ms
18-Feb-2026 09:58:11.352 INFO [main] org.apache.catalina.startup.HostConfig.deployDirectory Deploying web application directory [/home/infoetu/baptiste.lavogiez.etu/BUT2/Semestre2/Webdev/tomcat/webapps/ctp3]
18-Feb-2026 09:58:11.477 INFO [main] org.apache.jasper.servlet.TldScanner.scanJars At least one JAR was scanned for TLDs yet contained no TLDs. Enable debug logging for this logger for a complete list of JARs that were scanned but no TLDs were found in them. Skipping unneeded JARs during scanning can improve startup time and JSP compilation time.
18-Feb-2026 09:58:11.478 INFO [main] org.apache.catalina.startup.HostConfig.deployDirectory Deployment of web application directory [/home/infoetu/baptiste.lavogiez.etu/BUT2/Semestre2/Webdev/tomcat/webapps/ctp3] has finished in [127] ms
18-Feb-2026 09:58:11.478 INFO [main] org.apache.catalina.startup.HostConfig.deployDirectory Deploying web application directory [/home/infoetu/baptiste.lavogiez.etu/BUT2/Semestre2/Webdev/tomcat/webapps/template]
18-Feb-2026 09:58:11.608 INFO [main] org.apache.jasper.servlet.TldScanner.scanJars At least one JAR was scanned for TLDs yet contained no TLDs. Enable debug logging for this logger for a complete list of JARs that were scanned but no TLDs were found in them. Skipping unneeded JARs during scanning can improve startup time and JSP compilation time.
18-Feb-2026 09:58:11.609 INFO [main] org.apache.catalina.startup.HostConfig.deployDirectory Deployment of web application directory [/home/infoetu/baptiste.lavogiez.etu/BUT2/Semestre2/Webdev/tomcat/webapps/template] has finished in [131] ms
18-Feb-2026 09:58:11.610 INFO [main] org.apache.catalina.startup.HostConfig.deployDirectory Deploying web application directory [/home/infoetu/baptiste.lavogiez.etu/BUT2/Semestre2/Webdev/tomcat/webapps/examples]
18-Feb-2026 09:58:11.913 INFO [main] org.apache.jasper.servlet.TldScanner.scanJars At least one JAR was scanned for TLDs yet contained no TLDs. Enable debug logging for this logger for a complete list of JARs that were scanned but no TLDs were found in them. Skipping unneeded JARs during scanning can improve startup time and JSP compilation time.
18-Feb-2026 09:58:11.926 INFO [main] org.apache.catalina.startup.HostConfig.deployDirectory Deployment of web application directory [/home/infoetu/baptiste.lavogiez.etu/BUT2/Semestre2/Webdev/tomcat/webapps/examples] has finished in [315] ms
18-Feb-2026 09:58:11.926 INFO [main] org.apache.catalina.startup.HostConfig.deployDirectory Deploying web application directory [/home/infoetu/baptiste.lavogiez.etu/BUT2/Semestre2/Webdev/tomcat/webapps/ctp]
18-Feb-2026 09:58:12.061 INFO [main] org.apache.jasper.servlet.TldScanner.scanJars At least one JAR was scanned for TLDs yet contained no TLDs. Enable debug logging for this logger for a complete list of JARs that were scanned but no TLDs were found in them. Skipping unneeded JARs during scanning can improve startup time and JSP compilation time.
18-Feb-2026 09:58:12.061 INFO [main] org.apache.catalina.startup.HostConfig.deployDirectory Deployment of web application directory [/home/infoetu/baptiste.lavogiez.etu/BUT2/Semestre2/Webdev/tomcat/webapps/ctp] has finished in [135] ms
18-Feb-2026 09:58:12.063 INFO [main] org.apache.coyote.AbstractProtocol.start Starting ProtocolHandler ["http-nio-8080"]
18-Feb-2026 09:58:12.068 INFO [main] org.apache.catalina.startup.Catalina.start Server startup in [3145] milliseconds
18-Feb-2026 10:00:34.833 INFO [Thread-1] org.apache.coyote.AbstractProtocol.pause Pausing ProtocolHandler ["http-nio-8080"]
18-Feb-2026 10:00:34.835 INFO [Thread-1] org.apache.catalina.core.StandardService.stopInternal Stopping service [Catalina]
18-Feb-2026 10:00:34.869 WARNING [Thread-1] org.apache.catalina.loader.WebappClassLoaderBase.clearReferencesJdbc The web application [TP06] registered the JDBC driver [org.h2.Driver] but failed to unregister it when the web application was stopped. To prevent a memory leak, the JDBC Driver has been forcibly unregistered.
18-Feb-2026 10:00:34.887 INFO [Thread-1] org.apache.coyote.AbstractProtocol.stop Stopping ProtocolHandler ["http-nio-8080"]
18-Feb-2026 10:00:34.899 INFO [Thread-1] org.apache.coyote.AbstractProtocol.destroy Destroying ProtocolHandler ["http-nio-8080"]
18-Feb-2026 10:00:36.048 INFO [main] org.apache.catalina.startup.VersionLoggerListener.log Server version name:   Apache Tomcat/11.0.13
18-Feb-2026 10:00:36.050 INFO [main] org.apache.catalina.startup.VersionLoggerListener.log Server built:          Oct 10 2025 13:57:31 UTC
18-Feb-2026 10:00:36.050 INFO [main] org.apache.catalina.startup.VersionLoggerListener.log Server version number: 11.0.13.0
18-Feb-2026 10:00:36.050 INFO [main] org.apache.catalina.startup.VersionLoggerListener.log OS Name:               Linux
18-Feb-2026 10:00:36.050 INFO [main] org.apache.catalina.startup.VersionLoggerListener.log OS Version:            6.1.0-40-amd64
18-Feb-2026 10:00:36.050 INFO [main] org.apache.catalina.startup.VersionLoggerListener.log Architecture:          amd64
18-Feb-2026 10:00:36.051 INFO [main] org.apache.catalina.startup.VersionLoggerListener.log Java Home:             /usr/lib/jvm/java-17-openjdk-amd64
18-Feb-2026 10:00:36.051 INFO [main] org.apache.catalina.startup.VersionLoggerListener.log JVM Version:           17.0.18+8-Debian-1deb12u1
18-Feb-2026 10:00:36.051 INFO [main] org.apache.catalina.startup.VersionLoggerListener.log JVM Vendor:            Debian
18-Feb-2026 10:00:36.051 INFO [main] org.apache.catalina.startup.VersionLoggerListener.log CATALINA_BASE:         /home/infoetu/baptiste.lavogiez.etu/BUT2/Semestre2/Webdev/tomcat
18-Feb-2026 10:00:36.051 INFO [main] org.apache.catalina.startup.VersionLoggerListener.log CATALINA_HOME:         /home/infoetu/baptiste.lavogiez.etu/BUT2/Semestre2/Webdev/tomcat
18-Feb-2026 10:00:36.054 INFO [main] org.apache.catalina.startup.VersionLoggerListener.log Command line argument: -Djava.util.logging.config.file=/home/infoetu/baptiste.lavogiez.etu/BUT2/Semestre2/Webdev/tomcat/conf/logging.properties
18-Feb-2026 10:00:36.055 INFO [main] org.apache.catalina.startup.VersionLoggerListener.log Command line argument: -Djava.util.logging.manager=org.apache.juli.ClassLoaderLogManager
18-Feb-2026 10:00:36.055 INFO [main] org.apache.catalina.startup.VersionLoggerListener.log Command line argument: -Djdk.tls.ephemeralDHKeySize=2048
18-Feb-2026 10:00:36.055 INFO [main] org.apache.catalina.startup.VersionLoggerListener.log Command line argument: -Dorg.apache.catalina.security.SecurityListener.UMASK=0027
18-Feb-2026 10:00:36.055 INFO [main] org.apache.catalina.startup.VersionLoggerListener.log Command line argument: --add-opens=java.base/java.lang=ALL-UNNAMED
18-Feb-2026 10:00:36.055 INFO [main] org.apache.catalina.startup.VersionLoggerListener.log Command line argument: --add-opens=java.base/java.lang.reflect=ALL-UNNAMED
18-Feb-2026 10:00:36.055 INFO [main] org.apache.catalina.startup.VersionLoggerListener.log Command line argument: --add-opens=java.base/java.io=ALL-UNNAMED
18-Feb-2026 10:00:36.055 INFO [main] org.apache.catalina.startup.VersionLoggerListener.log Command line argument: --add-opens=java.base/java.util=ALL-UNNAMED
18-Feb-2026 10:00:36.055 INFO [main] org.apache.catalina.startup.VersionLoggerListener.log Command line argument: --add-opens=java.base/java.util.concurrent=ALL-UNNAMED
18-Feb-2026 10:00:36.055 INFO [main] org.apache.catalina.startup.VersionLoggerListener.log Command line argument: --add-opens=java.rmi/sun.rmi.transport=ALL-UNNAMED
18-Feb-2026 10:00:36.055 INFO [main] org.apache.catalina.startup.VersionLoggerListener.log Command line argument: --enable-native-access=ALL-UNNAMED
18-Feb-2026 10:00:36.055 INFO [main] org.apache.catalina.startup.VersionLoggerListener.log Command line argument: -Dcatalina.base=/home/infoetu/baptiste.lavogiez.etu/BUT2/Semestre2/Webdev/tomcat
18-Feb-2026 10:00:36.055 INFO [main] org.apache.catalina.startup.VersionLoggerListener.log Command line argument: -Dcatalina.home=/home/infoetu/baptiste.lavogiez.etu/BUT2/Semestre2/Webdev/tomcat
18-Feb-2026 10:00:36.055 INFO [main] org.apache.catalina.startup.VersionLoggerListener.log Command line argument: -Djava.io.tmpdir=/home/infoetu/baptiste.lavogiez.etu/BUT2/Semestre2/Webdev/tomcat/temp
18-Feb-2026 10:00:36.056 INFO [main] org.apache.catalina.core.AprLifecycleListener.lifecycleEvent The Apache Tomcat Native library which allows using OpenSSL was not found on the java.library.path: [/usr/java/packages/lib:/usr/lib/x86_64-linux-gnu/jni:/lib/x86_64-linux-gnu:/usr/lib/x86_64-linux-gnu:/usr/lib/jni:/lib:/usr/lib]
18-Feb-2026 10:00:36.152 INFO [main] org.apache.coyote.AbstractProtocol.init Initializing ProtocolHandler ["http-nio-8080"]
18-Feb-2026 10:00:36.160 INFO [main] org.apache.catalina.startup.Catalina.load Server initialization in [179] milliseconds
18-Feb-2026 10:00:36.177 INFO [main] org.apache.catalina.core.StandardService.startInternal Starting service [Catalina]
18-Feb-2026 10:00:36.177 INFO [main] org.apache.catalina.core.StandardEngine.startInternal Starting Servlet engine: [Apache Tomcat/11.0.13]
18-Feb-2026 10:00:36.181 INFO [main] org.apache.catalina.startup.HostConfig.deployDirectory Deploying web application directory [/home/infoetu/baptiste.lavogiez.etu/BUT2/Semestre2/Webdev/tomcat/webapps/ctp2]
18-Feb-2026 10:00:36.484 INFO [main] org.apache.jasper.servlet.TldScanner.scanJars At least one JAR was scanned for TLDs yet contained no TLDs. Enable debug logging for this logger for a complete list of JARs that were scanned but no TLDs were found in them. Skipping unneeded JARs during scanning can improve startup time and JSP compilation time.
18-Feb-2026 10:00:36.499 INFO [main] org.apache.catalina.startup.HostConfig.deployDirectory Deployment of web application directory [/home/infoetu/baptiste.lavogiez.etu/BUT2/Semestre2/Webdev/tomcat/webapps/ctp2] has finished in [318] ms
18-Feb-2026 10:00:36.500 INFO [main] org.apache.catalina.startup.HostConfig.deployDirectory Deploying web application directory [/home/infoetu/baptiste.lavogiez.etu/BUT2/Semestre2/Webdev/tomcat/webapps/ctp (copie)]
18-Feb-2026 10:00:36.663 INFO [main] org.apache.jasper.servlet.TldScanner.scanJars At least one JAR was scanned for TLDs yet contained no TLDs. Enable debug logging for this logger for a complete list of JARs that were scanned but no TLDs were found in them. Skipping unneeded JARs during scanning can improve startup time and JSP compilation time.
18-Feb-2026 10:00:36.664 INFO [main] org.apache.catalina.startup.HostConfig.deployDirectory Deployment of web application directory [/home/infoetu/baptiste.lavogiez.etu/BUT2/Semestre2/Webdev/tomcat/webapps/ctp (copie)] has finished in [164] ms
18-Feb-2026 10:00:36.664 INFO [main] org.apache.catalina.startup.HostConfig.deployDirectory Deploying web application directory [/home/infoetu/baptiste.lavogiez.etu/BUT2/Semestre2/Webdev/tomcat/webapps/ctp-sample]
18-Feb-2026 10:00:36.807 INFO [main] org.apache.jasper.servlet.TldScanner.scanJars At least one JAR was scanned for TLDs yet contained no TLDs. Enable debug logging for this logger for a complete list of JARs that were scanned but no TLDs were found in them. Skipping unneeded JARs during scanning can improve startup time and JSP compilation time.
18-Feb-2026 10:00:36.809 INFO [main] org.apache.catalina.startup.HostConfig.deployDirectory Deployment of web application directory [/home/infoetu/baptiste.lavogiez.etu/BUT2/Semestre2/Webdev/tomcat/webapps/ctp-sample] has finished in [144] ms
18-Feb-2026 10:00:36.809 INFO [main] org.apache.catalina.startup.HostConfig.deployDirectory Deploying web application directory [/home/infoetu/baptiste.lavogiez.etu/BUT2/Semestre2/Webdev/tomcat/webapps/__MACOSX]
18-Feb-2026 10:00:36.937 INFO [main] org.apache.jasper.servlet.TldScanner.scanJars At least one JAR was scanned for TLDs yet contained no TLDs. Enable debug logging for this logger for a complete list of JARs that were scanned but no TLDs were found in them. Skipping unneeded JARs during scanning can improve startup time and JSP compilation time.
18-Feb-2026 10:00:36.938 INFO [main] org.apache.catalina.startup.HostConfig.deployDirectory Deployment of web application directory [/home/infoetu/baptiste.lavogiez.etu/BUT2/Semestre2/Webdev/tomcat/webapps/__MACOSX] has finished in [128] ms
18-Feb-2026 10:00:36.938 INFO [main] org.apache.catalina.startup.HostConfig.deployDirectory Deploying web application directory [/home/infoetu/baptiste.lavogiez.etu/BUT2/Semestre2/Webdev/tomcat/webapps/ROOT]
18-Feb-2026 10:00:37.060 INFO [main] org.apache.jasper.servlet.TldScanner.scanJars At least one JAR was scanned for TLDs yet contained no TLDs. Enable debug logging for this logger for a complete list of JARs that were scanned but no TLDs were found in them. Skipping unneeded JARs during scanning can improve startup time and JSP compilation time.
18-Feb-2026 10:00:37.061 INFO [main] org.apache.catalina.startup.HostConfig.deployDirectory Deployment of web application directory [/home/infoetu/baptiste.lavogiez.etu/BUT2/Semestre2/Webdev/tomcat/webapps/ROOT] has finished in [123] ms
18-Feb-2026 10:00:37.062 INFO [main] org.apache.catalina.startup.HostConfig.deployDirectory Deploying web application directory [/home/infoetu/baptiste.lavogiez.etu/BUT2/Semestre2/Webdev/tomcat/webapps/TP04]
18-Feb-2026 10:00:37.197 INFO [main] org.apache.jasper.servlet.TldScanner.scanJars At least one JAR was scanned for TLDs yet contained no TLDs. Enable debug logging for this logger for a complete list of JARs that were scanned but no TLDs were found in them. Skipping unneeded JARs during scanning can improve startup time and JSP compilation time.
18-Feb-2026 10:00:37.199 INFO [main] org.apache.catalina.startup.HostConfig.deployDirectory Deployment of web application directory [/home/infoetu/baptiste.lavogiez.etu/BUT2/Semestre2/Webdev/tomcat/webapps/TP04] has finished in [136] ms
18-Feb-2026 10:00:37.199 INFO [main] org.apache.catalina.startup.HostConfig.deployDirectory Deploying web application directory [/home/infoetu/baptiste.lavogiez.etu/BUT2/Semestre2/Webdev/tomcat/webapps/docs]
18-Feb-2026 10:00:37.315 INFO [main] org.apache.jasper.servlet.TldScanner.scanJars At least one JAR was scanned for TLDs yet contained no TLDs. Enable debug logging for this logger for a complete list of JARs that were scanned but no TLDs were found in them. Skipping unneeded JARs during scanning can improve startup time and JSP compilation time.
18-Feb-2026 10:00:37.316 INFO [main] org.apache.catalina.startup.HostConfig.deployDirectory Deployment of web application directory [/home/infoetu/baptiste.lavogiez.etu/BUT2/Semestre2/Webdev/tomcat/webapps/docs] has finished in [116] ms
18-Feb-2026 10:00:37.316 INFO [main] org.apache.catalina.startup.HostConfig.deployDirectory Deploying web application directory [/home/infoetu/baptiste.lavogiez.etu/BUT2/Semestre2/Webdev/tomcat/webapps/TP03-Partie2]
18-Feb-2026 10:00:37.445 INFO [main] org.apache.jasper.servlet.TldScanner.scanJars At least one JAR was scanned for TLDs yet contained no TLDs. Enable debug logging for this logger for a complete list of JARs that were scanned but no TLDs were found in them. Skipping unneeded JARs during scanning can improve startup time and JSP compilation time.
18-Feb-2026 10:00:37.446 INFO [main] org.apache.catalina.startup.HostConfig.deployDirectory Deployment of web application directory [/home/infoetu/baptiste.lavogiez.etu/BUT2/Semestre2/Webdev/tomcat/webapps/TP03-Partie2] has finished in [130] ms
18-Feb-2026 10:00:37.447 INFO [main] org.apache.catalina.startup.HostConfig.deployDirectory Deploying web application directory [/home/infoetu/baptiste.lavogiez.etu/BUT2/Semestre2/Webdev/tomcat/webapps/TP05]
18-Feb-2026 10:00:37.582 INFO [main] org.apache.jasper.servlet.TldScanner.scanJars At least one JAR was scanned for TLDs yet contained no TLDs. Enable debug logging for this logger for a complete list of JARs that were scanned but no TLDs were found in them. Skipping unneeded JARs during scanning can improve startup time and JSP compilation time.
18-Feb-2026 10:00:37.583 INFO [main] org.apache.catalina.startup.HostConfig.deployDirectory Deployment of web application directory [/home/infoetu/baptiste.lavogiez.etu/BUT2/Semestre2/Webdev/tomcat/webapps/TP05] has finished in [137] ms
18-Feb-2026 10:00:37.584 INFO [main] org.apache.catalina.startup.HostConfig.deployDirectory Deploying web application directory [/home/infoetu/baptiste.lavogiez.etu/BUT2/Semestre2/Webdev/tomcat/webapps/TP06]
18-Feb-2026 10:00:37.724 INFO [main] org.apache.jasper.servlet.TldScanner.scanJars At least one JAR was scanned for TLDs yet contained no TLDs. Enable debug logging for this logger for a complete list of JARs that were scanned but no TLDs were found in them. Skipping unneeded JARs during scanning can improve startup time and JSP compilation time.
18-Feb-2026 10:00:37.725 INFO [main] org.apache.catalina.startup.HostConfig.deployDirectory Deployment of web application directory [/home/infoetu/baptiste.lavogiez.etu/BUT2/Semestre2/Webdev/tomcat/webapps/TP06] has finished in [141] ms
18-Feb-2026 10:00:37.725 INFO [main] org.apache.catalina.startup.HostConfig.deployDirectory Deploying web application directory [/home/infoetu/baptiste.lavogiez.etu/BUT2/Semestre2/Webdev/tomcat/webapps/manager]
18-Feb-2026 10:00:37.848 INFO [main] org.apache.jasper.servlet.TldScanner.scanJars At least one JAR was scanned for TLDs yet contained no TLDs. Enable debug logging for this logger for a complete list of JARs that were scanned but no TLDs were found in them. Skipping unneeded JARs during scanning can improve startup time and JSP compilation time.
18-Feb-2026 10:00:37.851 INFO [main] org.apache.catalina.startup.HostConfig.deployDirectory Deployment of web application directory [/home/infoetu/baptiste.lavogiez.etu/BUT2/Semestre2/Webdev/tomcat/webapps/manager] has finished in [126] ms
18-Feb-2026 10:00:37.851 INFO [main] org.apache.catalina.startup.HostConfig.deployDirectory Deploying web application directory [/home/infoetu/baptiste.lavogiez.etu/BUT2/Semestre2/Webdev/tomcat/webapps/TP02]
18-Feb-2026 10:00:37.986 INFO [main] org.apache.jasper.servlet.TldScanner.scanJars At least one JAR was scanned for TLDs yet contained no TLDs. Enable debug logging for this logger for a complete list of JARs that were scanned but no TLDs were found in them. Skipping unneeded JARs during scanning can improve startup time and JSP compilation time.
18-Feb-2026 10:00:37.987 INFO [main] org.apache.catalina.startup.HostConfig.deployDirectory Deployment of web application directory [/home/infoetu/baptiste.lavogiez.etu/BUT2/Semestre2/Webdev/tomcat/webapps/TP02] has finished in [135] ms
18-Feb-2026 10:00:37.987 INFO [main] org.apache.catalina.startup.HostConfig.deployDirectory Deploying web application directory [/home/infoetu/baptiste.lavogiez.etu/BUT2/Semestre2/Webdev/tomcat/webapps/ctp1]
18-Feb-2026 10:00:38.129 INFO [main] org.apache.jasper.servlet.TldScanner.scanJars At least one JAR was scanned for TLDs yet contained no TLDs. Enable debug logging for this logger for a complete list of JARs that were scanned but no TLDs were found in them. Skipping unneeded JARs during scanning can improve startup time and JSP compilation time.
18-Feb-2026 10:00:38.130 INFO [main] org.apache.catalina.startup.HostConfig.deployDirectory Deployment of web application directory [/home/infoetu/baptiste.lavogiez.etu/BUT2/Semestre2/Webdev/tomcat/webapps/ctp1] has finished in [143] ms
18-Feb-2026 10:00:38.130 INFO [main] org.apache.catalina.startup.HostConfig.deployDirectory Deploying web application directory [/home/infoetu/baptiste.lavogiez.etu/BUT2/Semestre2/Webdev/tomcat/webapps/TP03]
18-Feb-2026 10:00:38.257 INFO [main] org.apache.jasper.servlet.TldScanner.scanJars At least one JAR was scanned for TLDs yet contained no TLDs. Enable debug logging for this logger for a complete list of JARs that were scanned but no TLDs were found in them. Skipping unneeded JARs during scanning can improve startup time and JSP compilation time.
18-Feb-2026 10:00:38.258 INFO [main] org.apache.catalina.startup.HostConfig.deployDirectory Deployment of web application directory [/home/infoetu/baptiste.lavogiez.etu/BUT2/Semestre2/Webdev/tomcat/webapps/TP03] has finished in [128] ms
18-Feb-2026 10:00:38.258 INFO [main] org.apache.catalina.startup.HostConfig.deployDirectory Deploying web application directory [/home/infoetu/baptiste.lavogiez.etu/BUT2/Semestre2/Webdev/tomcat/webapps/TP01]
18-Feb-2026 10:00:38.377 INFO [main] org.apache.jasper.servlet.TldScanner.scanJars At least one JAR was scanned for TLDs yet contained no TLDs. Enable debug logging for this logger for a complete list of JARs that were scanned but no TLDs were found in them. Skipping unneeded JARs during scanning can improve startup time and JSP compilation time.
18-Feb-2026 10:00:38.378 INFO [main] org.apache.catalina.startup.HostConfig.deployDirectory Deployment of web application directory [/home/infoetu/baptiste.lavogiez.etu/BUT2/Semestre2/Webdev/tomcat/webapps/TP01] has finished in [120] ms
18-Feb-2026 10:00:38.378 INFO [main] org.apache.catalina.startup.HostConfig.deployDirectory Deploying web application directory [/home/infoetu/baptiste.lavogiez.etu/BUT2/Semestre2/Webdev/tomcat/webapps/host-manager]
18-Feb-2026 10:00:38.494 INFO [main] org.apache.jasper.servlet.TldScanner.scanJars At least one JAR was scanned for TLDs yet contained no TLDs. Enable debug logging for this logger for a complete list of JARs that were scanned but no TLDs were found in them. Skipping unneeded JARs during scanning can improve startup time and JSP compilation time.
18-Feb-2026 10:00:38.495 INFO [main] org.apache.catalina.startup.HostConfig.deployDirectory Deployment of web application directory [/home/infoetu/baptiste.lavogiez.etu/BUT2/Semestre2/Webdev/tomcat/webapps/host-manager] has finished in [117] ms
18-Feb-2026 10:00:38.495 INFO [main] org.apache.catalina.startup.HostConfig.deployDirectory Deploying web application directory [/home/infoetu/baptiste.lavogiez.etu/BUT2/Semestre2/Webdev/tomcat/webapps/tp_chess]
18-Feb-2026 10:00:38.619 INFO [main] org.apache.jasper.servlet.TldScanner.scanJars At least one JAR was scanned for TLDs yet contained no TLDs. Enable debug logging for this logger for a complete list of JARs that were scanned but no TLDs were found in them. Skipping unneeded JARs during scanning can improve startup time and JSP compilation time.
18-Feb-2026 10:00:38.620 INFO [main] org.apache.catalina.startup.HostConfig.deployDirectory Deployment of web application directory [/home/infoetu/baptiste.lavogiez.etu/BUT2/Semestre2/Webdev/tomcat/webapps/tp_chess] has finished in [125] ms
18-Feb-2026 10:00:38.620 INFO [main] org.apache.catalina.startup.HostConfig.deployDirectory Deploying web application directory [/home/infoetu/baptiste.lavogiez.etu/BUT2/Semestre2/Webdev/tomcat/webapps/ctp3]
18-Feb-2026 10:00:38.745 INFO [main] org.apache.jasper.servlet.TldScanner.scanJars At least one JAR was scanned for TLDs yet contained no TLDs. Enable debug logging for this logger for a complete list of JARs that were scanned but no TLDs were found in them. Skipping unneeded JARs during scanning can improve startup time and JSP compilation time.
18-Feb-2026 10:00:38.746 INFO [main] org.apache.catalina.startup.HostConfig.deployDirectory Deployment of web application directory [/home/infoetu/baptiste.lavogiez.etu/BUT2/Semestre2/Webdev/tomcat/webapps/ctp3] has finished in [126] ms
18-Feb-2026 10:00:38.746 INFO [main] org.apache.catalina.startup.HostConfig.deployDirectory Deploying web application directory [/home/infoetu/baptiste.lavogiez.etu/BUT2/Semestre2/Webdev/tomcat/webapps/template]
18-Feb-2026 10:00:38.882 INFO [main] org.apache.jasper.servlet.TldScanner.scanJars At least one JAR was scanned for TLDs yet contained no TLDs. Enable debug logging for this logger for a complete list of JARs that were scanned but no TLDs were found in them. Skipping unneeded JARs during scanning can improve startup time and JSP compilation time.
18-Feb-2026 10:00:38.883 INFO [main] org.apache.catalina.startup.HostConfig.deployDirectory Deployment of web application directory [/home/infoetu/baptiste.lavogiez.etu/BUT2/Semestre2/Webdev/tomcat/webapps/template] has finished in [137] ms
18-Feb-2026 10:00:38.883 INFO [main] org.apache.catalina.startup.HostConfig.deployDirectory Deploying web application directory [/home/infoetu/baptiste.lavogiez.etu/BUT2/Semestre2/Webdev/tomcat/webapps/examples]
18-Feb-2026 10:00:39.171 INFO [main] org.apache.jasper.servlet.TldScanner.scanJars At least one JAR was scanned for TLDs yet contained no TLDs. Enable debug logging for this logger for a complete list of JARs that were scanned but no TLDs were found in them. Skipping unneeded JARs during scanning can improve startup time and JSP compilation time.
18-Feb-2026 10:00:39.185 INFO [main] org.apache.catalina.startup.HostConfig.deployDirectory Deployment of web application directory [/home/infoetu/baptiste.lavogiez.etu/BUT2/Semestre2/Webdev/tomcat/webapps/examples] has finished in [302] ms
18-Feb-2026 10:00:39.186 INFO [main] org.apache.catalina.startup.HostConfig.deployDirectory Deploying web application directory [/home/infoetu/baptiste.lavogiez.etu/BUT2/Semestre2/Webdev/tomcat/webapps/ctp]
18-Feb-2026 10:00:39.324 INFO [main] org.apache.jasper.servlet.TldScanner.scanJars At least one JAR was scanned for TLDs yet contained no TLDs. Enable debug logging for this logger for a complete list of JARs that were scanned but no TLDs were found in them. Skipping unneeded JARs during scanning can improve startup time and JSP compilation time.
18-Feb-2026 10:00:39.324 INFO [main] org.apache.catalina.startup.HostConfig.deployDirectory Deployment of web application directory [/home/infoetu/baptiste.lavogiez.etu/BUT2/Semestre2/Webdev/tomcat/webapps/ctp] has finished in [138] ms
18-Feb-2026 10:00:39.326 INFO [main] org.apache.coyote.AbstractProtocol.start Starting ProtocolHandler ["http-nio-8080"]
18-Feb-2026 10:00:39.331 INFO [main] org.apache.catalina.startup.Catalina.start Server startup in [3170] milliseconds
18-Feb-2026 10:01:20.322 INFO [Thread-1] org.apache.coyote.AbstractProtocol.pause Pausing ProtocolHandler ["http-nio-8080"]
18-Feb-2026 10:01:20.324 INFO [Thread-1] org.apache.catalina.core.StandardService.stopInternal Stopping service [Catalina]
18-Feb-2026 10:01:20.343 WARNING [Thread-1] org.apache.catalina.loader.WebappClassLoaderBase.clearReferencesJdbc The web application [TP06] registered the JDBC driver [org.h2.Driver] but failed to unregister it when the web application was stopped. To prevent a memory leak, the JDBC Driver has been forcibly unregistered.
18-Feb-2026 10:01:20.358 INFO [Thread-1] org.apache.coyote.AbstractProtocol.stop Stopping ProtocolHandler ["http-nio-8080"]
18-Feb-2026 10:01:20.367 INFO [Thread-1] org.apache.coyote.AbstractProtocol.destroy Destroying ProtocolHandler ["http-nio-8080"]
18-Feb-2026 10:01:21.230 INFO [main] org.apache.catalina.startup.VersionLoggerListener.log Server version name:   Apache Tomcat/11.0.13
18-Feb-2026 10:01:21.232 INFO [main] org.apache.catalina.startup.VersionLoggerListener.log Server built:          Oct 10 2025 13:57:31 UTC
18-Feb-2026 10:01:21.232 INFO [main] org.apache.catalina.startup.VersionLoggerListener.log Server version number: 11.0.13.0
18-Feb-2026 10:01:21.232 INFO [main] org.apache.catalina.startup.VersionLoggerListener.log OS Name:               Linux
18-Feb-2026 10:01:21.232 INFO [main] org.apache.catalina.startup.VersionLoggerListener.log OS Version:            6.1.0-40-amd64
18-Feb-2026 10:01:21.232 INFO [main] org.apache.catalina.startup.VersionLoggerListener.log Architecture:          amd64
18-Feb-2026 10:01:21.233 INFO [main] org.apache.catalina.startup.VersionLoggerListener.log Java Home:             /usr/lib/jvm/java-17-openjdk-amd64
18-Feb-2026 10:01:21.233 INFO [main] org.apache.catalina.startup.VersionLoggerListener.log JVM Version:           17.0.18+8-Debian-1deb12u1
18-Feb-2026 10:01:21.233 INFO [main] org.apache.catalina.startup.VersionLoggerListener.log JVM Vendor:            Debian
18-Feb-2026 10:01:21.233 INFO [main] org.apache.catalina.startup.VersionLoggerListener.log CATALINA_BASE:         /home/infoetu/baptiste.lavogiez.etu/BUT2/Semestre2/Webdev/tomcat
18-Feb-2026 10:01:21.233 INFO [main] org.apache.catalina.startup.VersionLoggerListener.log CATALINA_HOME:         /home/infoetu/baptiste.lavogiez.etu/BUT2/Semestre2/Webdev/tomcat
18-Feb-2026 10:01:21.237 INFO [main] org.apache.catalina.startup.VersionLoggerListener.log Command line argument: -Djava.util.logging.config.file=/home/infoetu/baptiste.lavogiez.etu/BUT2/Semestre2/Webdev/tomcat/conf/logging.properties
18-Feb-2026 10:01:21.237 INFO [main] org.apache.catalina.startup.VersionLoggerListener.log Command line argument: -Djava.util.logging.manager=org.apache.juli.ClassLoaderLogManager
18-Feb-2026 10:01:21.237 INFO [main] org.apache.catalina.startup.VersionLoggerListener.log Command line argument: -Djdk.tls.ephemeralDHKeySize=2048
18-Feb-2026 10:01:21.237 INFO [main] org.apache.catalina.startup.VersionLoggerListener.log Command line argument: -Dorg.apache.catalina.security.SecurityListener.UMASK=0027
18-Feb-2026 10:01:21.237 INFO [main] org.apache.catalina.startup.VersionLoggerListener.log Command line argument: --add-opens=java.base/java.lang=ALL-UNNAMED
18-Feb-2026 10:01:21.237 INFO [main] org.apache.catalina.startup.VersionLoggerListener.log Command line argument: --add-opens=java.base/java.lang.reflect=ALL-UNNAMED
18-Feb-2026 10:01:21.237 INFO [main] org.apache.catalina.startup.VersionLoggerListener.log Command line argument: --add-opens=java.base/java.io=ALL-UNNAMED
18-Feb-2026 10:01:21.237 INFO [main] org.apache.catalina.startup.VersionLoggerListener.log Command line argument: --add-opens=java.base/java.util=ALL-UNNAMED
18-Feb-2026 10:01:21.237 INFO [main] org.apache.catalina.startup.VersionLoggerListener.log Command line argument: --add-opens=java.base/java.util.concurrent=ALL-UNNAMED
18-Feb-2026 10:01:21.237 INFO [main] org.apache.catalina.startup.VersionLoggerListener.log Command line argument: --add-opens=java.rmi/sun.rmi.transport=ALL-UNNAMED
18-Feb-2026 10:01:21.237 INFO [main] org.apache.catalina.startup.VersionLoggerListener.log Command line argument: --enable-native-access=ALL-UNNAMED
18-Feb-2026 10:01:21.237 INFO [main] org.apache.catalina.startup.VersionLoggerListener.log Command line argument: -Dcatalina.base=/home/infoetu/baptiste.lavogiez.etu/BUT2/Semestre2/Webdev/tomcat
18-Feb-2026 10:01:21.237 INFO [main] org.apache.catalina.startup.VersionLoggerListener.log Command line argument: -Dcatalina.home=/home/infoetu/baptiste.lavogiez.etu/BUT2/Semestre2/Webdev/tomcat
18-Feb-2026 10:01:21.237 INFO [main] org.apache.catalina.startup.VersionLoggerListener.log Command line argument: -Djava.io.tmpdir=/home/infoetu/baptiste.lavogiez.etu/BUT2/Semestre2/Webdev/tomcat/temp
18-Feb-2026 10:01:21.238 INFO [main] org.apache.catalina.core.AprLifecycleListener.lifecycleEvent The Apache Tomcat Native library which allows using OpenSSL was not found on the java.library.path: [/usr/java/packages/lib:/usr/lib/x86_64-linux-gnu/jni:/lib/x86_64-linux-gnu:/usr/lib/x86_64-linux-gnu:/usr/lib/jni:/lib:/usr/lib]
18-Feb-2026 10:01:21.339 INFO [main] org.apache.coyote.AbstractProtocol.init Initializing ProtocolHandler ["http-nio-8080"]
18-Feb-2026 10:01:21.348 INFO [main] org.apache.catalina.startup.Catalina.load Server initialization in [184] milliseconds
18-Feb-2026 10:01:21.366 INFO [main] org.apache.catalina.core.StandardService.startInternal Starting service [Catalina]
18-Feb-2026 10:01:21.366 INFO [main] org.apache.catalina.core.StandardEngine.startInternal Starting Servlet engine: [Apache Tomcat/11.0.13]
18-Feb-2026 10:01:21.370 INFO [main] org.apache.catalina.startup.HostConfig.deployDirectory Deploying web application directory [/home/infoetu/baptiste.lavogiez.etu/BUT2/Semestre2/Webdev/tomcat/webapps/ctp2]
18-Feb-2026 10:01:21.667 INFO [main] org.apache.jasper.servlet.TldScanner.scanJars At least one JAR was scanned for TLDs yet contained no TLDs. Enable debug logging for this logger for a complete list of JARs that were scanned but no TLDs were found in them. Skipping unneeded JARs during scanning can improve startup time and JSP compilation time.
18-Feb-2026 10:01:21.682 INFO [main] org.apache.catalina.startup.HostConfig.deployDirectory Deployment of web application directory [/home/infoetu/baptiste.lavogiez.etu/BUT2/Semestre2/Webdev/tomcat/webapps/ctp2] has finished in [311] ms
18-Feb-2026 10:01:21.682 INFO [main] org.apache.catalina.startup.HostConfig.deployDirectory Deploying web application directory [/home/infoetu/baptiste.lavogiez.etu/BUT2/Semestre2/Webdev/tomcat/webapps/ctp (copie)]
18-Feb-2026 10:01:21.832 INFO [main] org.apache.jasper.servlet.TldScanner.scanJars At least one JAR was scanned for TLDs yet contained no TLDs. Enable debug logging for this logger for a complete list of JARs that were scanned but no TLDs were found in them. Skipping unneeded JARs during scanning can improve startup time and JSP compilation time.
18-Feb-2026 10:01:21.833 INFO [main] org.apache.catalina.startup.HostConfig.deployDirectory Deployment of web application directory [/home/infoetu/baptiste.lavogiez.etu/BUT2/Semestre2/Webdev/tomcat/webapps/ctp (copie)] has finished in [151] ms
18-Feb-2026 10:01:21.833 INFO [main] org.apache.catalina.startup.HostConfig.deployDirectory Deploying web application directory [/home/infoetu/baptiste.lavogiez.etu/BUT2/Semestre2/Webdev/tomcat/webapps/ctp-sample]
18-Feb-2026 10:01:21.968 INFO [main] org.apache.jasper.servlet.TldScanner.scanJars At least one JAR was scanned for TLDs yet contained no TLDs. Enable debug logging for this logger for a complete list of JARs that were scanned but no TLDs were found in them. Skipping unneeded JARs during scanning can improve startup time and JSP compilation time.
18-Feb-2026 10:01:21.970 INFO [main] org.apache.catalina.startup.HostConfig.deployDirectory Deployment of web application directory [/home/infoetu/baptiste.lavogiez.etu/BUT2/Semestre2/Webdev/tomcat/webapps/ctp-sample] has finished in [137] ms
18-Feb-2026 10:01:21.970 INFO [main] org.apache.catalina.startup.HostConfig.deployDirectory Deploying web application directory [/home/infoetu/baptiste.lavogiez.etu/BUT2/Semestre2/Webdev/tomcat/webapps/__MACOSX]
18-Feb-2026 10:01:22.094 INFO [main] org.apache.jasper.servlet.TldScanner.scanJars At least one JAR was scanned for TLDs yet contained no TLDs. Enable debug logging for this logger for a complete list of JARs that were scanned but no TLDs were found in them. Skipping unneeded JARs during scanning can improve startup time and JSP compilation time.
18-Feb-2026 10:01:22.095 INFO [main] org.apache.catalina.startup.HostConfig.deployDirectory Deployment of web application directory [/home/infoetu/baptiste.lavogiez.etu/BUT2/Semestre2/Webdev/tomcat/webapps/__MACOSX] has finished in [125] ms
18-Feb-2026 10:01:22.095 INFO [main] org.apache.catalina.startup.HostConfig.deployDirectory Deploying web application directory [/home/infoetu/baptiste.lavogiez.etu/BUT2/Semestre2/Webdev/tomcat/webapps/ROOT]
18-Feb-2026 10:01:22.215 INFO [main] org.apache.jasper.servlet.TldScanner.scanJars At least one JAR was scanned for TLDs yet contained no TLDs. Enable debug logging for this logger for a complete list of JARs that were scanned but no TLDs were found in them. Skipping unneeded JARs during scanning can improve startup time and JSP compilation time.
18-Feb-2026 10:01:22.216 INFO [main] org.apache.catalina.startup.HostConfig.deployDirectory Deployment of web application directory [/home/infoetu/baptiste.lavogiez.etu/BUT2/Semestre2/Webdev/tomcat/webapps/ROOT] has finished in [121] ms
18-Feb-2026 10:01:22.216 INFO [main] org.apache.catalina.startup.HostConfig.deployDirectory Deploying web application directory [/home/infoetu/baptiste.lavogiez.etu/BUT2/Semestre2/Webdev/tomcat/webapps/TP04]
18-Feb-2026 10:01:22.338 INFO [main] org.apache.jasper.servlet.TldScanner.scanJars At least one JAR was scanned for TLDs yet contained no TLDs. Enable debug logging for this logger for a complete list of JARs that were scanned but no TLDs were found in them. Skipping unneeded JARs during scanning can improve startup time and JSP compilation time.
18-Feb-2026 10:01:22.339 INFO [main] org.apache.catalina.startup.HostConfig.deployDirectory Deployment of web application directory [/home/infoetu/baptiste.lavogiez.etu/BUT2/Semestre2/Webdev/tomcat/webapps/TP04] has finished in [123] ms
18-Feb-2026 10:01:22.340 INFO [main] org.apache.catalina.startup.HostConfig.deployDirectory Deploying web application directory [/home/infoetu/baptiste.lavogiez.etu/BUT2/Semestre2/Webdev/tomcat/webapps/docs]
18-Feb-2026 10:01:22.454 INFO [main] org.apache.jasper.servlet.TldScanner.scanJars At least one JAR was scanned for TLDs yet contained no TLDs. Enable debug logging for this logger for a complete list of JARs that were scanned but no TLDs were found in them. Skipping unneeded JARs during scanning can improve startup time and JSP compilation time.
18-Feb-2026 10:01:22.455 INFO [main] org.apache.catalina.startup.HostConfig.deployDirectory Deployment of web application directory [/home/infoetu/baptiste.lavogiez.etu/BUT2/Semestre2/Webdev/tomcat/webapps/docs] has finished in [116] ms
18-Feb-2026 10:01:22.455 INFO [main] org.apache.catalina.startup.HostConfig.deployDirectory Deploying web application directory [/home/infoetu/baptiste.lavogiez.etu/BUT2/Semestre2/Webdev/tomcat/webapps/TP03-Partie2]
18-Feb-2026 10:01:22.575 INFO [main] org.apache.jasper.servlet.TldScanner.scanJars At least one JAR was scanned for TLDs yet contained no TLDs. Enable debug logging for this logger for a complete list of JARs that were scanned but no TLDs were found in them. Skipping unneeded JARs during scanning can improve startup time and JSP compilation time.
18-Feb-2026 10:01:22.576 INFO [main] org.apache.catalina.startup.HostConfig.deployDirectory Deployment of web application directory [/home/infoetu/baptiste.lavogiez.etu/BUT2/Semestre2/Webdev/tomcat/webapps/TP03-Partie2] has finished in [121] ms
18-Feb-2026 10:01:22.576 INFO [main] org.apache.catalina.startup.HostConfig.deployDirectory Deploying web application directory [/home/infoetu/baptiste.lavogiez.etu/BUT2/Semestre2/Webdev/tomcat/webapps/TP05]
18-Feb-2026 10:01:22.697 INFO [main] org.apache.jasper.servlet.TldScanner.scanJars At least one JAR was scanned for TLDs yet contained no TLDs. Enable debug logging for this logger for a complete list of JARs that were scanned but no TLDs were found in them. Skipping unneeded JARs during scanning can improve startup time and JSP compilation time.
18-Feb-2026 10:01:22.698 INFO [main] org.apache.catalina.startup.HostConfig.deployDirectory Deployment of web application directory [/home/infoetu/baptiste.lavogiez.etu/BUT2/Semestre2/Webdev/tomcat/webapps/TP05] has finished in [122] ms
18-Feb-2026 10:01:22.698 INFO [main] org.apache.catalina.startup.HostConfig.deployDirectory Deploying web application directory [/home/infoetu/baptiste.lavogiez.etu/BUT2/Semestre2/Webdev/tomcat/webapps/TP06]
18-Feb-2026 10:01:22.817 INFO [main] org.apache.jasper.servlet.TldScanner.scanJars At least one JAR was scanned for TLDs yet contained no TLDs. Enable debug logging for this logger for a complete list of JARs that were scanned but no TLDs were found in them. Skipping unneeded JARs during scanning can improve startup time and JSP compilation time.
18-Feb-2026 10:01:22.818 INFO [main] org.apache.catalina.startup.HostConfig.deployDirectory Deployment of web application directory [/home/infoetu/baptiste.lavogiez.etu/BUT2/Semestre2/Webdev/tomcat/webapps/TP06] has finished in [120] ms
18-Feb-2026 10:01:22.818 INFO [main] org.apache.catalina.startup.HostConfig.deployDirectory Deploying web application directory [/home/infoetu/baptiste.lavogiez.etu/BUT2/Semestre2/Webdev/tomcat/webapps/manager]
18-Feb-2026 10:01:22.935 INFO [main] org.apache.jasper.servlet.TldScanner.scanJars At least one JAR was scanned for TLDs yet contained no TLDs. Enable debug logging for this logger for a complete list of JARs that were scanned but no TLDs were found in them. Skipping unneeded JARs during scanning can improve startup time and JSP compilation time.
18-Feb-2026 10:01:22.937 INFO [main] org.apache.catalina.startup.HostConfig.deployDirectory Deployment of web application directory [/home/infoetu/baptiste.lavogiez.etu/BUT2/Semestre2/Webdev/tomcat/webapps/manager] has finished in [119] ms
18-Feb-2026 10:01:22.938 INFO [main] org.apache.catalina.startup.HostConfig.deployDirectory Deploying web application directory [/home/infoetu/baptiste.lavogiez.etu/BUT2/Semestre2/Webdev/tomcat/webapps/TP02]
18-Feb-2026 10:01:23.058 INFO [main] org.apache.jasper.servlet.TldScanner.scanJars At least one JAR was scanned for TLDs yet contained no TLDs. Enable debug logging for this logger for a complete list of JARs that were scanned but no TLDs were found in them. Skipping unneeded JARs during scanning can improve startup time and JSP compilation time.
18-Feb-2026 10:01:23.059 INFO [main] org.apache.catalina.startup.HostConfig.deployDirectory Deployment of web application directory [/home/infoetu/baptiste.lavogiez.etu/BUT2/Semestre2/Webdev/tomcat/webapps/TP02] has finished in [121] ms
18-Feb-2026 10:01:23.059 INFO [main] org.apache.catalina.startup.HostConfig.deployDirectory Deploying web application directory [/home/infoetu/baptiste.lavogiez.etu/BUT2/Semestre2/Webdev/tomcat/webapps/ctp1]
18-Feb-2026 10:01:23.181 INFO [main] org.apache.jasper.servlet.TldScanner.scanJars At least one JAR was scanned for TLDs yet contained no TLDs. Enable debug logging for this logger for a complete list of JARs that were scanned but no TLDs were found in them. Skipping unneeded JARs during scanning can improve startup time and JSP compilation time.
18-Feb-2026 10:01:23.182 INFO [main] org.apache.catalina.startup.HostConfig.deployDirectory Deployment of web application directory [/home/infoetu/baptiste.lavogiez.etu/BUT2/Semestre2/Webdev/tomcat/webapps/ctp1] has finished in [123] ms
18-Feb-2026 10:01:23.182 INFO [main] org.apache.catalina.startup.HostConfig.deployDirectory Deploying web application directory [/home/infoetu/baptiste.lavogiez.etu/BUT2/Semestre2/Webdev/tomcat/webapps/TP03]
18-Feb-2026 10:01:23.297 INFO [main] org.apache.jasper.servlet.TldScanner.scanJars At least one JAR was scanned for TLDs yet contained no TLDs. Enable debug logging for this logger for a complete list of JARs that were scanned but no TLDs were found in them. Skipping unneeded JARs during scanning can improve startup time and JSP compilation time.
18-Feb-2026 10:01:23.299 INFO [main] org.apache.catalina.startup.HostConfig.deployDirectory Deployment of web application directory [/home/infoetu/baptiste.lavogiez.etu/BUT2/Semestre2/Webdev/tomcat/webapps/TP03] has finished in [116] ms
18-Feb-2026 10:01:23.299 INFO [main] org.apache.catalina.startup.HostConfig.deployDirectory Deploying web application directory [/home/infoetu/baptiste.lavogiez.etu/BUT2/Semestre2/Webdev/tomcat/webapps/TP01]
18-Feb-2026 10:01:23.412 INFO [main] org.apache.jasper.servlet.TldScanner.scanJars At least one JAR was scanned for TLDs yet contained no TLDs. Enable debug logging for this logger for a complete list of JARs that were scanned but no TLDs were found in them. Skipping unneeded JARs during scanning can improve startup time and JSP compilation time.
18-Feb-2026 10:01:23.412 INFO [main] org.apache.catalina.startup.HostConfig.deployDirectory Deployment of web application directory [/home/infoetu/baptiste.lavogiez.etu/BUT2/Semestre2/Webdev/tomcat/webapps/TP01] has finished in [113] ms
18-Feb-2026 10:01:23.413 INFO [main] org.apache.catalina.startup.HostConfig.deployDirectory Deploying web application directory [/home/infoetu/baptiste.lavogiez.etu/BUT2/Semestre2/Webdev/tomcat/webapps/host-manager]
18-Feb-2026 10:01:23.521 INFO [main] org.apache.jasper.servlet.TldScanner.scanJars At least one JAR was scanned for TLDs yet contained no TLDs. Enable debug logging for this logger for a complete list of JARs that were scanned but no TLDs were found in them. Skipping unneeded JARs during scanning can improve startup time and JSP compilation time.
18-Feb-2026 10:01:23.522 INFO [main] org.apache.catalina.startup.HostConfig.deployDirectory Deployment of web application directory [/home/infoetu/baptiste.lavogiez.etu/BUT2/Semestre2/Webdev/tomcat/webapps/host-manager] has finished in [109] ms
18-Feb-2026 10:01:23.522 INFO [main] org.apache.catalina.startup.HostConfig.deployDirectory Deploying web application directory [/home/infoetu/baptiste.lavogiez.etu/BUT2/Semestre2/Webdev/tomcat/webapps/tp_chess]
18-Feb-2026 10:01:23.638 INFO [main] org.apache.jasper.servlet.TldScanner.scanJars At least one JAR was scanned for TLDs yet contained no TLDs. Enable debug logging for this logger for a complete list of JARs that were scanned but no TLDs were found in them. Skipping unneeded JARs during scanning can improve startup time and JSP compilation time.
18-Feb-2026 10:01:23.639 INFO [main] org.apache.catalina.startup.HostConfig.deployDirectory Deployment of web application directory [/home/infoetu/baptiste.lavogiez.etu/BUT2/Semestre2/Webdev/tomcat/webapps/tp_chess] has finished in [117] ms
18-Feb-2026 10:01:23.640 INFO [main] org.apache.catalina.startup.HostConfig.deployDirectory Deploying web application directory [/home/infoetu/baptiste.lavogiez.etu/BUT2/Semestre2/Webdev/tomcat/webapps/ctp3]
18-Feb-2026 10:01:23.753 INFO [main] org.apache.jasper.servlet.TldScanner.scanJars At least one JAR was scanned for TLDs yet contained no TLDs. Enable debug logging for this logger for a complete list of JARs that were scanned but no TLDs were found in them. Skipping unneeded JARs during scanning can improve startup time and JSP compilation time.
18-Feb-2026 10:01:23.754 INFO [main] org.apache.catalina.startup.HostConfig.deployDirectory Deployment of web application directory [/home/infoetu/baptiste.lavogiez.etu/BUT2/Semestre2/Webdev/tomcat/webapps/ctp3] has finished in [115] ms
18-Feb-2026 10:01:23.755 INFO [main] org.apache.catalina.startup.HostConfig.deployDirectory Deploying web application directory [/home/infoetu/baptiste.lavogiez.etu/BUT2/Semestre2/Webdev/tomcat/webapps/template]
18-Feb-2026 10:01:23.876 INFO [main] org.apache.jasper.servlet.TldScanner.scanJars At least one JAR was scanned for TLDs yet contained no TLDs. Enable debug logging for this logger for a complete list of JARs that were scanned but no TLDs were found in them. Skipping unneeded JARs during scanning can improve startup time and JSP compilation time.
18-Feb-2026 10:01:23.876 INFO [main] org.apache.catalina.startup.HostConfig.deployDirectory Deployment of web application directory [/home/infoetu/baptiste.lavogiez.etu/BUT2/Semestre2/Webdev/tomcat/webapps/template] has finished in [122] ms
18-Feb-2026 10:01:23.877 INFO [main] org.apache.catalina.startup.HostConfig.deployDirectory Deploying web application directory [/home/infoetu/baptiste.lavogiez.etu/BUT2/Semestre2/Webdev/tomcat/webapps/examples]
18-Feb-2026 10:01:24.074 INFO [main] org.apache.jasper.servlet.TldScanner.scanJars At least one JAR was scanned for TLDs yet contained no TLDs. Enable debug logging for this logger for a complete list of JARs that were scanned but no TLDs were found in them. Skipping unneeded JARs during scanning can improve startup time and JSP compilation time.
18-Feb-2026 10:01:24.088 INFO [main] org.apache.catalina.startup.HostConfig.deployDirectory Deployment of web application directory [/home/infoetu/baptiste.lavogiez.etu/BUT2/Semestre2/Webdev/tomcat/webapps/examples] has finished in [211] ms
18-Feb-2026 10:01:24.089 INFO [main] org.apache.catalina.startup.HostConfig.deployDirectory Deploying web application directory [/home/infoetu/baptiste.lavogiez.etu/BUT2/Semestre2/Webdev/tomcat/webapps/ctp]
18-Feb-2026 10:01:24.214 INFO [main] org.apache.jasper.servlet.TldScanner.scanJars At least one JAR was scanned for TLDs yet contained no TLDs. Enable debug logging for this logger for a complete list of JARs that were scanned but no TLDs were found in them. Skipping unneeded JARs during scanning can improve startup time and JSP compilation time.
18-Feb-2026 10:01:24.215 INFO [main] org.apache.catalina.startup.HostConfig.deployDirectory Deployment of web application directory [/home/infoetu/baptiste.lavogiez.etu/BUT2/Semestre2/Webdev/tomcat/webapps/ctp] has finished in [126] ms
18-Feb-2026 10:01:24.217 INFO [main] org.apache.coyote.AbstractProtocol.start Starting ProtocolHandler ["http-nio-8080"]
18-Feb-2026 10:01:24.222 INFO [main] org.apache.catalina.startup.Catalina.start Server startup in [2873] milliseconds
18-Feb-2026 10:13:50.042 INFO [Thread-1] org.apache.coyote.AbstractProtocol.pause Pausing ProtocolHandler ["http-nio-8080"]
18-Feb-2026 10:13:50.044 INFO [Thread-1] org.apache.catalina.core.StandardService.stopInternal Stopping service [Catalina]
18-Feb-2026 10:13:50.079 WARNING [Thread-1] org.apache.catalina.loader.WebappClassLoaderBase.clearReferencesJdbc The web application [TP06] registered the JDBC driver [org.h2.Driver] but failed to unregister it when the web application was stopped. To prevent a memory leak, the JDBC Driver has been forcibly unregistered.
18-Feb-2026 10:13:50.096 INFO [Thread-1] org.apache.coyote.AbstractProtocol.stop Stopping ProtocolHandler ["http-nio-8080"]
18-Feb-2026 10:13:50.107 INFO [Thread-1] org.apache.coyote.AbstractProtocol.destroy Destroying ProtocolHandler ["http-nio-8080"]
18-Feb-2026 10:13:50.968 INFO [main] org.apache.catalina.startup.VersionLoggerListener.log Server version name:   Apache Tomcat/11.0.13
18-Feb-2026 10:13:50.970 INFO [main] org.apache.catalina.startup.VersionLoggerListener.log Server built:          Oct 10 2025 13:57:31 UTC
18-Feb-2026 10:13:50.970 INFO [main] org.apache.catalina.startup.VersionLoggerListener.log Server version number: 11.0.13.0
18-Feb-2026 10:13:50.971 INFO [main] org.apache.catalina.startup.VersionLoggerListener.log OS Name:               Linux
18-Feb-2026 10:13:50.971 INFO [main] org.apache.catalina.startup.VersionLoggerListener.log OS Version:            6.1.0-40-amd64
18-Feb-2026 10:13:50.971 INFO [main] org.apache.catalina.startup.VersionLoggerListener.log Architecture:          amd64
18-Feb-2026 10:13:50.971 INFO [main] org.apache.catalina.startup.VersionLoggerListener.log Java Home:             /usr/lib/jvm/java-17-openjdk-amd64
18-Feb-2026 10:13:50.971 INFO [main] org.apache.catalina.startup.VersionLoggerListener.log JVM Version:           17.0.18+8-Debian-1deb12u1
18-Feb-2026 10:13:50.971 INFO [main] org.apache.catalina.startup.VersionLoggerListener.log JVM Vendor:            Debian
18-Feb-2026 10:13:50.971 INFO [main] org.apache.catalina.startup.VersionLoggerListener.log CATALINA_BASE:         /home/infoetu/baptiste.lavogiez.etu/BUT2/Semestre2/Webdev/tomcat
18-Feb-2026 10:13:50.971 INFO [main] org.apache.catalina.startup.VersionLoggerListener.log CATALINA_HOME:         /home/infoetu/baptiste.lavogiez.etu/BUT2/Semestre2/Webdev/tomcat
18-Feb-2026 10:13:50.975 INFO [main] org.apache.catalina.startup.VersionLoggerListener.log Command line argument: -Djava.util.logging.config.file=/home/infoetu/baptiste.lavogiez.etu/BUT2/Semestre2/Webdev/tomcat/conf/logging.properties
18-Feb-2026 10:13:50.975 INFO [main] org.apache.catalina.startup.VersionLoggerListener.log Command line argument: -Djava.util.logging.manager=org.apache.juli.ClassLoaderLogManager
18-Feb-2026 10:13:50.975 INFO [main] org.apache.catalina.startup.VersionLoggerListener.log Command line argument: -Djdk.tls.ephemeralDHKeySize=2048
18-Feb-2026 10:13:50.975 INFO [main] org.apache.catalina.startup.VersionLoggerListener.log Command line argument: -Dorg.apache.catalina.security.SecurityListener.UMASK=0027
18-Feb-2026 10:13:50.975 INFO [main] org.apache.catalina.startup.VersionLoggerListener.log Command line argument: --add-opens=java.base/java.lang=ALL-UNNAMED
18-Feb-2026 10:13:50.975 INFO [main] org.apache.catalina.startup.VersionLoggerListener.log Command line argument: --add-opens=java.base/java.lang.reflect=ALL-UNNAMED
18-Feb-2026 10:13:50.975 INFO [main] org.apache.catalina.startup.VersionLoggerListener.log Command line argument: --add-opens=java.base/java.io=ALL-UNNAMED
18-Feb-2026 10:13:50.975 INFO [main] org.apache.catalina.startup.VersionLoggerListener.log Command line argument: --add-opens=java.base/java.util=ALL-UNNAMED
18-Feb-2026 10:13:50.975 INFO [main] org.apache.catalina.startup.VersionLoggerListener.log Command line argument: --add-opens=java.base/java.util.concurrent=ALL-UNNAMED
18-Feb-2026 10:13:50.975 INFO [main] org.apache.catalina.startup.VersionLoggerListener.log Command line argument: --add-opens=java.rmi/sun.rmi.transport=ALL-UNNAMED
18-Feb-2026 10:13:50.975 INFO [main] org.apache.catalina.startup.VersionLoggerListener.log Command line argument: --enable-native-access=ALL-UNNAMED
18-Feb-2026 10:13:50.976 INFO [main] org.apache.catalina.startup.VersionLoggerListener.log Command line argument: -Dcatalina.base=/home/infoetu/baptiste.lavogiez.etu/BUT2/Semestre2/Webdev/tomcat
18-Feb-2026 10:13:50.976 INFO [main] org.apache.catalina.startup.VersionLoggerListener.log Command line argument: -Dcatalina.home=/home/infoetu/baptiste.lavogiez.etu/BUT2/Semestre2/Webdev/tomcat
18-Feb-2026 10:13:50.976 INFO [main] org.apache.catalina.startup.VersionLoggerListener.log Command line argument: -Djava.io.tmpdir=/home/infoetu/baptiste.lavogiez.etu/BUT2/Semestre2/Webdev/tomcat/temp
18-Feb-2026 10:13:50.976 INFO [main] org.apache.catalina.core.AprLifecycleListener.lifecycleEvent The Apache Tomcat Native library which allows using OpenSSL was not found on the java.library.path: [/usr/java/packages/lib:/usr/lib/x86_64-linux-gnu/jni:/lib/x86_64-linux-gnu:/usr/lib/x86_64-linux-gnu:/usr/lib/jni:/lib:/usr/lib]
18-Feb-2026 10:13:51.078 INFO [main] org.apache.coyote.AbstractProtocol.init Initializing ProtocolHandler ["http-nio-8080"]
18-Feb-2026 10:13:51.086 INFO [main] org.apache.catalina.startup.Catalina.load Server initialization in [185] milliseconds
18-Feb-2026 10:13:51.102 INFO [main] org.apache.catalina.core.StandardService.startInternal Starting service [Catalina]
18-Feb-2026 10:13:51.102 INFO [main] org.apache.catalina.core.StandardEngine.startInternal Starting Servlet engine: [Apache Tomcat/11.0.13]
18-Feb-2026 10:13:51.106 INFO [main] org.apache.catalina.startup.HostConfig.deployDirectory Deploying web application directory [/home/infoetu/baptiste.lavogiez.etu/BUT2/Semestre2/Webdev/tomcat/webapps/ctp2]
18-Feb-2026 10:13:51.409 INFO [main] org.apache.jasper.servlet.TldScanner.scanJars At least one JAR was scanned for TLDs yet contained no TLDs. Enable debug logging for this logger for a complete list of JARs that were scanned but no TLDs were found in them. Skipping unneeded JARs during scanning can improve startup time and JSP compilation time.
18-Feb-2026 10:13:51.426 INFO [main] org.apache.catalina.startup.HostConfig.deployDirectory Deployment of web application directory [/home/infoetu/baptiste.lavogiez.etu/BUT2/Semestre2/Webdev/tomcat/webapps/ctp2] has finished in [319] ms
18-Feb-2026 10:13:51.426 INFO [main] org.apache.catalina.startup.HostConfig.deployDirectory Deploying web application directory [/home/infoetu/baptiste.lavogiez.etu/BUT2/Semestre2/Webdev/tomcat/webapps/ctp (copie)]
18-Feb-2026 10:13:51.595 INFO [main] org.apache.jasper.servlet.TldScanner.scanJars At least one JAR was scanned for TLDs yet contained no TLDs. Enable debug logging for this logger for a complete list of JARs that were scanned but no TLDs were found in them. Skipping unneeded JARs during scanning can improve startup time and JSP compilation time.
18-Feb-2026 10:13:51.597 INFO [main] org.apache.catalina.startup.HostConfig.deployDirectory Deployment of web application directory [/home/infoetu/baptiste.lavogiez.etu/BUT2/Semestre2/Webdev/tomcat/webapps/ctp (copie)] has finished in [171] ms
18-Feb-2026 10:13:51.597 INFO [main] org.apache.catalina.startup.HostConfig.deployDirectory Deploying web application directory [/home/infoetu/baptiste.lavogiez.etu/BUT2/Semestre2/Webdev/tomcat/webapps/ctp-sample]
18-Feb-2026 10:13:51.741 INFO [main] org.apache.jasper.servlet.TldScanner.scanJars At least one JAR was scanned for TLDs yet contained no TLDs. Enable debug logging for this logger for a complete list of JARs that were scanned but no TLDs were found in them. Skipping unneeded JARs during scanning can improve startup time and JSP compilation time.
18-Feb-2026 10:13:51.742 INFO [main] org.apache.catalina.startup.HostConfig.deployDirectory Deployment of web application directory [/home/infoetu/baptiste.lavogiez.etu/BUT2/Semestre2/Webdev/tomcat/webapps/ctp-sample] has finished in [145] ms
18-Feb-2026 10:13:51.742 INFO [main] org.apache.catalina.startup.HostConfig.deployDirectory Deploying web application directory [/home/infoetu/baptiste.lavogiez.etu/BUT2/Semestre2/Webdev/tomcat/webapps/__MACOSX]
18-Feb-2026 10:13:51.867 INFO [main] org.apache.jasper.servlet.TldScanner.scanJars At least one JAR was scanned for TLDs yet contained no TLDs. Enable debug logging for this logger for a complete list of JARs that were scanned but no TLDs were found in them. Skipping unneeded JARs during scanning can improve startup time and JSP compilation time.
18-Feb-2026 10:13:51.868 INFO [main] org.apache.catalina.startup.HostConfig.deployDirectory Deployment of web application directory [/home/infoetu/baptiste.lavogiez.etu/BUT2/Semestre2/Webdev/tomcat/webapps/__MACOSX] has finished in [126] ms
18-Feb-2026 10:13:51.868 INFO [main] org.apache.catalina.startup.HostConfig.deployDirectory Deploying web application directory [/home/infoetu/baptiste.lavogiez.etu/BUT2/Semestre2/Webdev/tomcat/webapps/ROOT]
18-Feb-2026 10:13:51.986 INFO [main] org.apache.jasper.servlet.TldScanner.scanJars At least one JAR was scanned for TLDs yet contained no TLDs. Enable debug logging for this logger for a complete list of JARs that were scanned but no TLDs were found in them. Skipping unneeded JARs during scanning can improve startup time and JSP compilation time.
18-Feb-2026 10:13:51.987 INFO [main] org.apache.catalina.startup.HostConfig.deployDirectory Deployment of web application directory [/home/infoetu/baptiste.lavogiez.etu/BUT2/Semestre2/Webdev/tomcat/webapps/ROOT] has finished in [119] ms
18-Feb-2026 10:13:51.987 INFO [main] org.apache.catalina.startup.HostConfig.deployDirectory Deploying web application directory [/home/infoetu/baptiste.lavogiez.etu/BUT2/Semestre2/Webdev/tomcat/webapps/TP04]
18-Feb-2026 10:13:52.118 INFO [main] org.apache.jasper.servlet.TldScanner.scanJars At least one JAR was scanned for TLDs yet contained no TLDs. Enable debug logging for this logger for a complete list of JARs that were scanned but no TLDs were found in them. Skipping unneeded JARs during scanning can improve startup time and JSP compilation time.
18-Feb-2026 10:13:52.118 INFO [main] org.apache.catalina.startup.HostConfig.deployDirectory Deployment of web application directory [/home/infoetu/baptiste.lavogiez.etu/BUT2/Semestre2/Webdev/tomcat/webapps/TP04] has finished in [131] ms
18-Feb-2026 10:13:52.119 INFO [main] org.apache.catalina.startup.HostConfig.deployDirectory Deploying web application directory [/home/infoetu/baptiste.lavogiez.etu/BUT2/Semestre2/Webdev/tomcat/webapps/docs]
18-Feb-2026 10:13:52.234 INFO [main] org.apache.jasper.servlet.TldScanner.scanJars At least one JAR was scanned for TLDs yet contained no TLDs. Enable debug logging for this logger for a complete list of JARs that were scanned but no TLDs were found in them. Skipping unneeded JARs during scanning can improve startup time and JSP compilation time.
18-Feb-2026 10:13:52.235 INFO [main] org.apache.catalina.startup.HostConfig.deployDirectory Deployment of web application directory [/home/infoetu/baptiste.lavogiez.etu/BUT2/Semestre2/Webdev/tomcat/webapps/docs] has finished in [116] ms
18-Feb-2026 10:13:52.235 INFO [main] org.apache.catalina.startup.HostConfig.deployDirectory Deploying web application directory [/home/infoetu/baptiste.lavogiez.etu/BUT2/Semestre2/Webdev/tomcat/webapps/TP03-Partie2]
18-Feb-2026 10:13:52.370 INFO [main] org.apache.jasper.servlet.TldScanner.scanJars At least one JAR was scanned for TLDs yet contained no TLDs. Enable debug logging for this logger for a complete list of JARs that were scanned but no TLDs were found in them. Skipping unneeded JARs during scanning can improve startup time and JSP compilation time.
18-Feb-2026 10:13:52.371 INFO [main] org.apache.catalina.startup.HostConfig.deployDirectory Deployment of web application directory [/home/infoetu/baptiste.lavogiez.etu/BUT2/Semestre2/Webdev/tomcat/webapps/TP03-Partie2] has finished in [135] ms
18-Feb-2026 10:13:52.371 INFO [main] org.apache.catalina.startup.HostConfig.deployDirectory Deploying web application directory [/home/infoetu/baptiste.lavogiez.etu/BUT2/Semestre2/Webdev/tomcat/webapps/TP05]
18-Feb-2026 10:13:52.507 INFO [main] org.apache.jasper.servlet.TldScanner.scanJars At least one JAR was scanned for TLDs yet contained no TLDs. Enable debug logging for this logger for a complete list of JARs that were scanned but no TLDs were found in them. Skipping unneeded JARs during scanning can improve startup time and JSP compilation time.
18-Feb-2026 10:13:52.508 INFO [main] org.apache.catalina.startup.HostConfig.deployDirectory Deployment of web application directory [/home/infoetu/baptiste.lavogiez.etu/BUT2/Semestre2/Webdev/tomcat/webapps/TP05] has finished in [137] ms
18-Feb-2026 10:13:52.508 INFO [main] org.apache.catalina.startup.HostConfig.deployDirectory Deploying web application directory [/home/infoetu/baptiste.lavogiez.etu/BUT2/Semestre2/Webdev/tomcat/webapps/TP06]
18-Feb-2026 10:13:52.644 INFO [main] org.apache.jasper.servlet.TldScanner.scanJars At least one JAR was scanned for TLDs yet contained no TLDs. Enable debug logging for this logger for a complete list of JARs that were scanned but no TLDs were found in them. Skipping unneeded JARs during scanning can improve startup time and JSP compilation time.
18-Feb-2026 10:13:52.645 INFO [main] org.apache.catalina.startup.HostConfig.deployDirectory Deployment of web application directory [/home/infoetu/baptiste.lavogiez.etu/BUT2/Semestre2/Webdev/tomcat/webapps/TP06] has finished in [137] ms
18-Feb-2026 10:13:52.645 INFO [main] org.apache.catalina.startup.HostConfig.deployDirectory Deploying web application directory [/home/infoetu/baptiste.lavogiez.etu/BUT2/Semestre2/Webdev/tomcat/webapps/manager]
18-Feb-2026 10:13:52.767 INFO [main] org.apache.jasper.servlet.TldScanner.scanJars At least one JAR was scanned for TLDs yet contained no TLDs. Enable debug logging for this logger for a complete list of JARs that were scanned but no TLDs were found in them. Skipping unneeded JARs during scanning can improve startup time and JSP compilation time.
18-Feb-2026 10:13:52.770 INFO [main] org.apache.catalina.startup.HostConfig.deployDirectory Deployment of web application directory [/home/infoetu/baptiste.lavogiez.etu/BUT2/Semestre2/Webdev/tomcat/webapps/manager] has finished in [125] ms
18-Feb-2026 10:13:52.770 INFO [main] org.apache.catalina.startup.HostConfig.deployDirectory Deploying web application directory [/home/infoetu/baptiste.lavogiez.etu/BUT2/Semestre2/Webdev/tomcat/webapps/TP02]
18-Feb-2026 10:13:52.899 INFO [main] org.apache.jasper.servlet.TldScanner.scanJars At least one JAR was scanned for TLDs yet contained no TLDs. Enable debug logging for this logger for a complete list of JARs that were scanned but no TLDs were found in them. Skipping unneeded JARs during scanning can improve startup time and JSP compilation time.
18-Feb-2026 10:13:52.899 INFO [main] org.apache.catalina.startup.HostConfig.deployDirectory Deployment of web application directory [/home/infoetu/baptiste.lavogiez.etu/BUT2/Semestre2/Webdev/tomcat/webapps/TP02] has finished in [129] ms
18-Feb-2026 10:13:52.900 INFO [main] org.apache.catalina.startup.HostConfig.deployDirectory Deploying web application directory [/home/infoetu/baptiste.lavogiez.etu/BUT2/Semestre2/Webdev/tomcat/webapps/ctp1]
18-Feb-2026 10:13:53.028 INFO [main] org.apache.jasper.servlet.TldScanner.scanJars At least one JAR was scanned for TLDs yet contained no TLDs. Enable debug logging for this logger for a complete list of JARs that were scanned but no TLDs were found in them. Skipping unneeded JARs during scanning can improve startup time and JSP compilation time.
18-Feb-2026 10:13:53.029 INFO [main] org.apache.catalina.startup.HostConfig.deployDirectory Deployment of web application directory [/home/infoetu/baptiste.lavogiez.etu/BUT2/Semestre2/Webdev/tomcat/webapps/ctp1] has finished in [129] ms
18-Feb-2026 10:13:53.029 INFO [main] org.apache.catalina.startup.HostConfig.deployDirectory Deploying web application directory [/home/infoetu/baptiste.lavogiez.etu/BUT2/Semestre2/Webdev/tomcat/webapps/TP03]
18-Feb-2026 10:13:53.148 INFO [main] org.apache.jasper.servlet.TldScanner.scanJars At least one JAR was scanned for TLDs yet contained no TLDs. Enable debug logging for this logger for a complete list of JARs that were scanned but no TLDs were found in them. Skipping unneeded JARs during scanning can improve startup time and JSP compilation time.
18-Feb-2026 10:13:53.149 INFO [main] org.apache.catalina.startup.HostConfig.deployDirectory Deployment of web application directory [/home/infoetu/baptiste.lavogiez.etu/BUT2/Semestre2/Webdev/tomcat/webapps/TP03] has finished in [120] ms
18-Feb-2026 10:13:53.149 INFO [main] org.apache.catalina.startup.HostConfig.deployDirectory Deploying web application directory [/home/infoetu/baptiste.lavogiez.etu/BUT2/Semestre2/Webdev/tomcat/webapps/TP01]
18-Feb-2026 10:13:53.265 INFO [main] org.apache.jasper.servlet.TldScanner.scanJars At least one JAR was scanned for TLDs yet contained no TLDs. Enable debug logging for this logger for a complete list of JARs that were scanned but no TLDs were found in them. Skipping unneeded JARs during scanning can improve startup time and JSP compilation time.
18-Feb-2026 10:13:53.266 INFO [main] org.apache.catalina.startup.HostConfig.deployDirectory Deployment of web application directory [/home/infoetu/baptiste.lavogiez.etu/BUT2/Semestre2/Webdev/tomcat/webapps/TP01] has finished in [117] ms
18-Feb-2026 10:13:53.266 INFO [main] org.apache.catalina.startup.HostConfig.deployDirectory Deploying web application directory [/home/infoetu/baptiste.lavogiez.etu/BUT2/Semestre2/Webdev/tomcat/webapps/host-manager]
18-Feb-2026 10:13:53.379 INFO [main] org.apache.jasper.servlet.TldScanner.scanJars At least one JAR was scanned for TLDs yet contained no TLDs. Enable debug logging for this logger for a complete list of JARs that were scanned but no TLDs were found in them. Skipping unneeded JARs during scanning can improve startup time and JSP compilation time.
18-Feb-2026 10:13:53.380 INFO [main] org.apache.catalina.startup.HostConfig.deployDirectory Deployment of web application directory [/home/infoetu/baptiste.lavogiez.etu/BUT2/Semestre2/Webdev/tomcat/webapps/host-manager] has finished in [114] ms
18-Feb-2026 10:13:53.380 INFO [main] org.apache.catalina.startup.HostConfig.deployDirectory Deploying web application directory [/home/infoetu/baptiste.lavogiez.etu/BUT2/Semestre2/Webdev/tomcat/webapps/tp_chess]
18-Feb-2026 10:13:53.501 INFO [main] org.apache.jasper.servlet.TldScanner.scanJars At least one JAR was scanned for TLDs yet contained no TLDs. Enable debug logging for this logger for a complete list of JARs that were scanned but no TLDs were found in them. Skipping unneeded JARs during scanning can improve startup time and JSP compilation time.
18-Feb-2026 10:13:53.502 INFO [main] org.apache.catalina.startup.HostConfig.deployDirectory Deployment of web application directory [/home/infoetu/baptiste.lavogiez.etu/BUT2/Semestre2/Webdev/tomcat/webapps/tp_chess] has finished in [122] ms
18-Feb-2026 10:13:53.502 INFO [main] org.apache.catalina.startup.HostConfig.deployDirectory Deploying web application directory [/home/infoetu/baptiste.lavogiez.etu/BUT2/Semestre2/Webdev/tomcat/webapps/ctp3]
18-Feb-2026 10:13:53.630 INFO [main] org.apache.jasper.servlet.TldScanner.scanJars At least one JAR was scanned for TLDs yet contained no TLDs. Enable debug logging for this logger for a complete list of JARs that were scanned but no TLDs were found in them. Skipping unneeded JARs during scanning can improve startup time and JSP compilation time.
18-Feb-2026 10:13:53.631 INFO [main] org.apache.catalina.startup.HostConfig.deployDirectory Deployment of web application directory [/home/infoetu/baptiste.lavogiez.etu/BUT2/Semestre2/Webdev/tomcat/webapps/ctp3] has finished in [128] ms
18-Feb-2026 10:13:53.631 INFO [main] org.apache.catalina.startup.HostConfig.deployDirectory Deploying web application directory [/home/infoetu/baptiste.lavogiez.etu/BUT2/Semestre2/Webdev/tomcat/webapps/template]
18-Feb-2026 10:13:53.763 INFO [main] org.apache.jasper.servlet.TldScanner.scanJars At least one JAR was scanned for TLDs yet contained no TLDs. Enable debug logging for this logger for a complete list of JARs that were scanned but no TLDs were found in them. Skipping unneeded JARs during scanning can improve startup time and JSP compilation time.
18-Feb-2026 10:13:53.764 INFO [main] org.apache.catalina.startup.HostConfig.deployDirectory Deployment of web application directory [/home/infoetu/baptiste.lavogiez.etu/BUT2/Semestre2/Webdev/tomcat/webapps/template] has finished in [132] ms
18-Feb-2026 10:13:53.764 INFO [main] org.apache.catalina.startup.HostConfig.deployDirectory Deploying web application directory [/home/infoetu/baptiste.lavogiez.etu/BUT2/Semestre2/Webdev/tomcat/webapps/examples]
18-Feb-2026 10:13:54.045 INFO [main] org.apache.jasper.servlet.TldScanner.scanJars At least one JAR was scanned for TLDs yet contained no TLDs. Enable debug logging for this logger for a complete list of JARs that were scanned but no TLDs were found in them. Skipping unneeded JARs during scanning can improve startup time and JSP compilation time.
18-Feb-2026 10:13:54.061 INFO [main] org.apache.catalina.startup.HostConfig.deployDirectory Deployment of web application directory [/home/infoetu/baptiste.lavogiez.etu/BUT2/Semestre2/Webdev/tomcat/webapps/examples] has finished in [297] ms
18-Feb-2026 10:13:54.062 INFO [main] org.apache.catalina.startup.HostConfig.deployDirectory Deploying web application directory [/home/infoetu/baptiste.lavogiez.etu/BUT2/Semestre2/Webdev/tomcat/webapps/ctp]
18-Feb-2026 10:13:54.209 INFO [main] org.apache.jasper.servlet.TldScanner.scanJars At least one JAR was scanned for TLDs yet contained no TLDs. Enable debug logging for this logger for a complete list of JARs that were scanned but no TLDs were found in them. Skipping unneeded JARs during scanning can improve startup time and JSP compilation time.
18-Feb-2026 10:13:54.210 INFO [main] org.apache.catalina.startup.HostConfig.deployDirectory Deployment of web application directory [/home/infoetu/baptiste.lavogiez.etu/BUT2/Semestre2/Webdev/tomcat/webapps/ctp] has finished in [147] ms
18-Feb-2026 10:13:54.212 INFO [main] org.apache.coyote.AbstractProtocol.start Starting ProtocolHandler ["http-nio-8080"]
18-Feb-2026 10:13:54.218 INFO [main] org.apache.catalina.startup.Catalina.start Server startup in [3131] milliseconds
18-Feb-2026 10:15:19.412 INFO [Thread-1] org.apache.coyote.AbstractProtocol.pause Pausing ProtocolHandler ["http-nio-8080"]
18-Feb-2026 10:15:19.415 INFO [Thread-1] org.apache.catalina.core.StandardService.stopInternal Stopping service [Catalina]
18-Feb-2026 10:15:19.450 WARNING [Thread-1] org.apache.catalina.loader.WebappClassLoaderBase.clearReferencesJdbc The web application [TP06] registered the JDBC driver [org.h2.Driver] but failed to unregister it when the web application was stopped. To prevent a memory leak, the JDBC Driver has been forcibly unregistered.
18-Feb-2026 10:15:19.468 INFO [Thread-1] org.apache.coyote.AbstractProtocol.stop Stopping ProtocolHandler ["http-nio-8080"]
18-Feb-2026 10:15:19.478 INFO [Thread-1] org.apache.coyote.AbstractProtocol.destroy Destroying ProtocolHandler ["http-nio-8080"]
18-Feb-2026 10:15:20.132 INFO [main] org.apache.catalina.startup.VersionLoggerListener.log Server version name:   Apache Tomcat/11.0.13
18-Feb-2026 10:15:20.134 INFO [main] org.apache.catalina.startup.VersionLoggerListener.log Server built:          Oct 10 2025 13:57:31 UTC
18-Feb-2026 10:15:20.134 INFO [main] org.apache.catalina.startup.VersionLoggerListener.log Server version number: 11.0.13.0
18-Feb-2026 10:15:20.134 INFO [main] org.apache.catalina.startup.VersionLoggerListener.log OS Name:               Linux
18-Feb-2026 10:15:20.134 INFO [main] org.apache.catalina.startup.VersionLoggerListener.log OS Version:            6.1.0-40-amd64
18-Feb-2026 10:15:20.134 INFO [main] org.apache.catalina.startup.VersionLoggerListener.log Architecture:          amd64
18-Feb-2026 10:15:20.134 INFO [main] org.apache.catalina.startup.VersionLoggerListener.log Java Home:             /usr/lib/jvm/java-17-openjdk-amd64
18-Feb-2026 10:15:20.134 INFO [main] org.apache.catalina.startup.VersionLoggerListener.log JVM Version:           17.0.18+8-Debian-1deb12u1
18-Feb-2026 10:15:20.134 INFO [main] org.apache.catalina.startup.VersionLoggerListener.log JVM Vendor:            Debian
18-Feb-2026 10:15:20.134 INFO [main] org.apache.catalina.startup.VersionLoggerListener.log CATALINA_BASE:         /home/infoetu/baptiste.lavogiez.etu/BUT2/Semestre2/Webdev/tomcat
18-Feb-2026 10:15:20.134 INFO [main] org.apache.catalina.startup.VersionLoggerListener.log CATALINA_HOME:         /home/infoetu/baptiste.lavogiez.etu/BUT2/Semestre2/Webdev/tomcat
18-Feb-2026 10:15:20.138 INFO [main] org.apache.catalina.startup.VersionLoggerListener.log Command line argument: -Djava.util.logging.config.file=/home/infoetu/baptiste.lavogiez.etu/BUT2/Semestre2/Webdev/tomcat/conf/logging.properties
18-Feb-2026 10:15:20.138 INFO [main] org.apache.catalina.startup.VersionLoggerListener.log Command line argument: -Djava.util.logging.manager=org.apache.juli.ClassLoaderLogManager
18-Feb-2026 10:15:20.138 INFO [main] org.apache.catalina.startup.VersionLoggerListener.log Command line argument: -Djdk.tls.ephemeralDHKeySize=2048
18-Feb-2026 10:15:20.138 INFO [main] org.apache.catalina.startup.VersionLoggerListener.log Command line argument: -Dorg.apache.catalina.security.SecurityListener.UMASK=0027
18-Feb-2026 10:15:20.138 INFO [main] org.apache.catalina.startup.VersionLoggerListener.log Command line argument: --add-opens=java.base/java.lang=ALL-UNNAMED
18-Feb-2026 10:15:20.138 INFO [main] org.apache.catalina.startup.VersionLoggerListener.log Command line argument: --add-opens=java.base/java.lang.reflect=ALL-UNNAMED
18-Feb-2026 10:15:20.138 INFO [main] org.apache.catalina.startup.VersionLoggerListener.log Command line argument: --add-opens=java.base/java.io=ALL-UNNAMED
18-Feb-2026 10:15:20.138 INFO [main] org.apache.catalina.startup.VersionLoggerListener.log Command line argument: --add-opens=java.base/java.util=ALL-UNNAMED
18-Feb-2026 10:15:20.138 INFO [main] org.apache.catalina.startup.VersionLoggerListener.log Command line argument: --add-opens=java.base/java.util.concurrent=ALL-UNNAMED
18-Feb-2026 10:15:20.138 INFO [main] org.apache.catalina.startup.VersionLoggerListener.log Command line argument: --add-opens=java.rmi/sun.rmi.transport=ALL-UNNAMED
18-Feb-2026 10:15:20.138 INFO [main] org.apache.catalina.startup.VersionLoggerListener.log Command line argument: --enable-native-access=ALL-UNNAMED
18-Feb-2026 10:15:20.138 INFO [main] org.apache.catalina.startup.VersionLoggerListener.log Command line argument: -Dcatalina.base=/home/infoetu/baptiste.lavogiez.etu/BUT2/Semestre2/Webdev/tomcat
18-Feb-2026 10:15:20.139 INFO [main] org.apache.catalina.startup.VersionLoggerListener.log Command line argument: -Dcatalina.home=/home/infoetu/baptiste.lavogiez.etu/BUT2/Semestre2/Webdev/tomcat
18-Feb-2026 10:15:20.139 INFO [main] org.apache.catalina.startup.VersionLoggerListener.log Command line argument: -Djava.io.tmpdir=/home/infoetu/baptiste.lavogiez.etu/BUT2/Semestre2/Webdev/tomcat/temp
18-Feb-2026 10:15:20.139 INFO [main] org.apache.catalina.core.AprLifecycleListener.lifecycleEvent The Apache Tomcat Native library which allows using OpenSSL was not found on the java.library.path: [/usr/java/packages/lib:/usr/lib/x86_64-linux-gnu/jni:/lib/x86_64-linux-gnu:/usr/lib/x86_64-linux-gnu:/usr/lib/jni:/lib:/usr/lib]
18-Feb-2026 10:15:20.233 INFO [main] org.apache.coyote.AbstractProtocol.init Initializing ProtocolHandler ["http-nio-8080"]
18-Feb-2026 10:15:20.241 INFO [main] org.apache.catalina.startup.Catalina.load Server initialization in [174] milliseconds
18-Feb-2026 10:15:20.258 INFO [main] org.apache.catalina.core.StandardService.startInternal Starting service [Catalina]
18-Feb-2026 10:15:20.258 INFO [main] org.apache.catalina.core.StandardEngine.startInternal Starting Servlet engine: [Apache Tomcat/11.0.13]
18-Feb-2026 10:15:20.262 INFO [main] org.apache.catalina.startup.HostConfig.deployDirectory Deploying web application directory [/home/infoetu/baptiste.lavogiez.etu/BUT2/Semestre2/Webdev/tomcat/webapps/ctp2]
18-Feb-2026 10:15:20.570 INFO [main] org.apache.jasper.servlet.TldScanner.scanJars At least one JAR was scanned for TLDs yet contained no TLDs. Enable debug logging for this logger for a complete list of JARs that were scanned but no TLDs were found in them. Skipping unneeded JARs during scanning can improve startup time and JSP compilation time.
18-Feb-2026 10:15:20.586 INFO [main] org.apache.catalina.startup.HostConfig.deployDirectory Deployment of web application directory [/home/infoetu/baptiste.lavogiez.etu/BUT2/Semestre2/Webdev/tomcat/webapps/ctp2] has finished in [323] ms
18-Feb-2026 10:15:20.586 INFO [main] org.apache.catalina.startup.HostConfig.deployDirectory Deploying web application directory [/home/infoetu/baptiste.lavogiez.etu/BUT2/Semestre2/Webdev/tomcat/webapps/ctp (copie)]
18-Feb-2026 10:15:20.746 INFO [main] org.apache.jasper.servlet.TldScanner.scanJars At least one JAR was scanned for TLDs yet contained no TLDs. Enable debug logging for this logger for a complete list of JARs that were scanned but no TLDs were found in them. Skipping unneeded JARs during scanning can improve startup time and JSP compilation time.
18-Feb-2026 10:15:20.747 INFO [main] org.apache.catalina.startup.HostConfig.deployDirectory Deployment of web application directory [/home/infoetu/baptiste.lavogiez.etu/BUT2/Semestre2/Webdev/tomcat/webapps/ctp (copie)] has finished in [161] ms
18-Feb-2026 10:15:20.747 INFO [main] org.apache.catalina.startup.HostConfig.deployDirectory Deploying web application directory [/home/infoetu/baptiste.lavogiez.etu/BUT2/Semestre2/Webdev/tomcat/webapps/ctp-sample]
18-Feb-2026 10:15:20.890 INFO [main] org.apache.jasper.servlet.TldScanner.scanJars At least one JAR was scanned for TLDs yet contained no TLDs. Enable debug logging for this logger for a complete list of JARs that were scanned but no TLDs were found in them. Skipping unneeded JARs during scanning can improve startup time and JSP compilation time.
18-Feb-2026 10:15:20.891 INFO [main] org.apache.catalina.startup.HostConfig.deployDirectory Deployment of web application directory [/home/infoetu/baptiste.lavogiez.etu/BUT2/Semestre2/Webdev/tomcat/webapps/ctp-sample] has finished in [144] ms
18-Feb-2026 10:15:20.892 INFO [main] org.apache.catalina.startup.HostConfig.deployDirectory Deploying web application directory [/home/infoetu/baptiste.lavogiez.etu/BUT2/Semestre2/Webdev/tomcat/webapps/__MACOSX]
18-Feb-2026 10:15:21.018 INFO [main] org.apache.jasper.servlet.TldScanner.scanJars At least one JAR was scanned for TLDs yet contained no TLDs. Enable debug logging for this logger for a complete list of JARs that were scanned but no TLDs were found in them. Skipping unneeded JARs during scanning can improve startup time and JSP compilation time.
18-Feb-2026 10:15:21.019 INFO [main] org.apache.catalina.startup.HostConfig.deployDirectory Deployment of web application directory [/home/infoetu/baptiste.lavogiez.etu/BUT2/Semestre2/Webdev/tomcat/webapps/__MACOSX] has finished in [127] ms
18-Feb-2026 10:15:21.019 INFO [main] org.apache.catalina.startup.HostConfig.deployDirectory Deploying web application directory [/home/infoetu/baptiste.lavogiez.etu/BUT2/Semestre2/Webdev/tomcat/webapps/ROOT]
18-Feb-2026 10:15:21.139 INFO [main] org.apache.jasper.servlet.TldScanner.scanJars At least one JAR was scanned for TLDs yet contained no TLDs. Enable debug logging for this logger for a complete list of JARs that were scanned but no TLDs were found in them. Skipping unneeded JARs during scanning can improve startup time and JSP compilation time.
18-Feb-2026 10:15:21.140 INFO [main] org.apache.catalina.startup.HostConfig.deployDirectory Deployment of web application directory [/home/infoetu/baptiste.lavogiez.etu/BUT2/Semestre2/Webdev/tomcat/webapps/ROOT] has finished in [120] ms
18-Feb-2026 10:15:21.140 INFO [main] org.apache.catalina.startup.HostConfig.deployDirectory Deploying web application directory [/home/infoetu/baptiste.lavogiez.etu/BUT2/Semestre2/Webdev/tomcat/webapps/TP04]
18-Feb-2026 10:15:21.278 INFO [main] org.apache.jasper.servlet.TldScanner.scanJars At least one JAR was scanned for TLDs yet contained no TLDs. Enable debug logging for this logger for a complete list of JARs that were scanned but no TLDs were found in them. Skipping unneeded JARs during scanning can improve startup time and JSP compilation time.
18-Feb-2026 10:15:21.279 INFO [main] org.apache.catalina.startup.HostConfig.deployDirectory Deployment of web application directory [/home/infoetu/baptiste.lavogiez.etu/BUT2/Semestre2/Webdev/tomcat/webapps/TP04] has finished in [138] ms
18-Feb-2026 10:15:21.279 INFO [main] org.apache.catalina.startup.HostConfig.deployDirectory Deploying web application directory [/home/infoetu/baptiste.lavogiez.etu/BUT2/Semestre2/Webdev/tomcat/webapps/docs]
18-Feb-2026 10:15:21.396 INFO [main] org.apache.jasper.servlet.TldScanner.scanJars At least one JAR was scanned for TLDs yet contained no TLDs. Enable debug logging for this logger for a complete list of JARs that were scanned but no TLDs were found in them. Skipping unneeded JARs during scanning can improve startup time and JSP compilation time.
18-Feb-2026 10:15:21.397 INFO [main] org.apache.catalina.startup.HostConfig.deployDirectory Deployment of web application directory [/home/infoetu/baptiste.lavogiez.etu/BUT2/Semestre2/Webdev/tomcat/webapps/docs] has finished in [118] ms
18-Feb-2026 10:15:21.397 INFO [main] org.apache.catalina.startup.HostConfig.deployDirectory Deploying web application directory [/home/infoetu/baptiste.lavogiez.etu/BUT2/Semestre2/Webdev/tomcat/webapps/TP03-Partie2]
18-Feb-2026 10:15:21.528 INFO [main] org.apache.jasper.servlet.TldScanner.scanJars At least one JAR was scanned for TLDs yet contained no TLDs. Enable debug logging for this logger for a complete list of JARs that were scanned but no TLDs were found in them. Skipping unneeded JARs during scanning can improve startup time and JSP compilation time.
18-Feb-2026 10:15:21.528 INFO [main] org.apache.catalina.startup.HostConfig.deployDirectory Deployment of web application directory [/home/infoetu/baptiste.lavogiez.etu/BUT2/Semestre2/Webdev/tomcat/webapps/TP03-Partie2] has finished in [131] ms
18-Feb-2026 10:15:21.529 INFO [main] org.apache.catalina.startup.HostConfig.deployDirectory Deploying web application directory [/home/infoetu/baptiste.lavogiez.etu/BUT2/Semestre2/Webdev/tomcat/webapps/TP05]
18-Feb-2026 10:15:21.666 INFO [main] org.apache.jasper.servlet.TldScanner.scanJars At least one JAR was scanned for TLDs yet contained no TLDs. Enable debug logging for this logger for a complete list of JARs that were scanned but no TLDs were found in them. Skipping unneeded JARs during scanning can improve startup time and JSP compilation time.
18-Feb-2026 10:15:21.667 INFO [main] org.apache.catalina.startup.HostConfig.deployDirectory Deployment of web application directory [/home/infoetu/baptiste.lavogiez.etu/BUT2/Semestre2/Webdev/tomcat/webapps/TP05] has finished in [139] ms
18-Feb-2026 10:15:21.667 INFO [main] org.apache.catalina.startup.HostConfig.deployDirectory Deploying web application directory [/home/infoetu/baptiste.lavogiez.etu/BUT2/Semestre2/Webdev/tomcat/webapps/TP06]
18-Feb-2026 10:15:21.813 INFO [main] org.apache.jasper.servlet.TldScanner.scanJars At least one JAR was scanned for TLDs yet contained no TLDs. Enable debug logging for this logger for a complete list of JARs that were scanned but no TLDs were found in them. Skipping unneeded JARs during scanning can improve startup time and JSP compilation time.
18-Feb-2026 10:15:21.814 INFO [main] org.apache.catalina.startup.HostConfig.deployDirectory Deployment of web application directory [/home/infoetu/baptiste.lavogiez.etu/BUT2/Semestre2/Webdev/tomcat/webapps/TP06] has finished in [147] ms
18-Feb-2026 10:15:21.814 INFO [main] org.apache.catalina.startup.HostConfig.deployDirectory Deploying web application directory [/home/infoetu/baptiste.lavogiez.etu/BUT2/Semestre2/Webdev/tomcat/webapps/manager]
18-Feb-2026 10:15:21.936 INFO [main] org.apache.jasper.servlet.TldScanner.scanJars At least one JAR was scanned for TLDs yet contained no TLDs. Enable debug logging for this logger for a complete list of JARs that were scanned but no TLDs were found in them. Skipping unneeded JARs during scanning can improve startup time and JSP compilation time.
18-Feb-2026 10:15:21.938 INFO [main] org.apache.catalina.startup.HostConfig.deployDirectory Deployment of web application directory [/home/infoetu/baptiste.lavogiez.etu/BUT2/Semestre2/Webdev/tomcat/webapps/manager] has finished in [124] ms
18-Feb-2026 10:15:21.939 INFO [main] org.apache.catalina.startup.HostConfig.deployDirectory Deploying web application directory [/home/infoetu/baptiste.lavogiez.etu/BUT2/Semestre2/Webdev/tomcat/webapps/TP02]
18-Feb-2026 10:15:22.064 INFO [main] org.apache.jasper.servlet.TldScanner.scanJars At least one JAR was scanned for TLDs yet contained no TLDs. Enable debug logging for this logger for a complete list of JARs that were scanned but no TLDs were found in them. Skipping unneeded JARs during scanning can improve startup time and JSP compilation time.
18-Feb-2026 10:15:22.065 INFO [main] org.apache.catalina.startup.HostConfig.deployDirectory Deployment of web application directory [/home/infoetu/baptiste.lavogiez.etu/BUT2/Semestre2/Webdev/tomcat/webapps/TP02] has finished in [127] ms
18-Feb-2026 10:15:22.065 INFO [main] org.apache.catalina.startup.HostConfig.deployDirectory Deploying web application directory [/home/infoetu/baptiste.lavogiez.etu/BUT2/Semestre2/Webdev/tomcat/webapps/ctp1]
18-Feb-2026 10:15:22.195 INFO [main] org.apache.jasper.servlet.TldScanner.scanJars At least one JAR was scanned for TLDs yet contained no TLDs. Enable debug logging for this logger for a complete list of JARs that were scanned but no TLDs were found in them. Skipping unneeded JARs during scanning can improve startup time and JSP compilation time.
18-Feb-2026 10:15:22.196 INFO [main] org.apache.catalina.startup.HostConfig.deployDirectory Deployment of web application directory [/home/infoetu/baptiste.lavogiez.etu/BUT2/Semestre2/Webdev/tomcat/webapps/ctp1] has finished in [131] ms
18-Feb-2026 10:15:22.196 INFO [main] org.apache.catalina.startup.HostConfig.deployDirectory Deploying web application directory [/home/infoetu/baptiste.lavogiez.etu/BUT2/Semestre2/Webdev/tomcat/webapps/TP03]
18-Feb-2026 10:15:22.315 INFO [main] org.apache.jasper.servlet.TldScanner.scanJars At least one JAR was scanned for TLDs yet contained no TLDs. Enable debug logging for this logger for a complete list of JARs that were scanned but no TLDs were found in them. Skipping unneeded JARs during scanning can improve startup time and JSP compilation time.
18-Feb-2026 10:15:22.316 INFO [main] org.apache.catalina.startup.HostConfig.deployDirectory Deployment of web application directory [/home/infoetu/baptiste.lavogiez.etu/BUT2/Semestre2/Webdev/tomcat/webapps/TP03] has finished in [120] ms
18-Feb-2026 10:15:22.316 INFO [main] org.apache.catalina.startup.HostConfig.deployDirectory Deploying web application directory [/home/infoetu/baptiste.lavogiez.etu/BUT2/Semestre2/Webdev/tomcat/webapps/TP01]
18-Feb-2026 10:15:22.432 INFO [main] org.apache.jasper.servlet.TldScanner.scanJars At least one JAR was scanned for TLDs yet contained no TLDs. Enable debug logging for this logger for a complete list of JARs that were scanned but no TLDs were found in them. Skipping unneeded JARs during scanning can improve startup time and JSP compilation time.
18-Feb-2026 10:15:22.433 INFO [main] org.apache.catalina.startup.HostConfig.deployDirectory Deployment of web application directory [/home/infoetu/baptiste.lavogiez.etu/BUT2/Semestre2/Webdev/tomcat/webapps/TP01] has finished in [116] ms
18-Feb-2026 10:15:22.433 INFO [main] org.apache.catalina.startup.HostConfig.deployDirectory Deploying web application directory [/home/infoetu/baptiste.lavogiez.etu/BUT2/Semestre2/Webdev/tomcat/webapps/host-manager]
18-Feb-2026 10:15:22.544 INFO [main] org.apache.jasper.servlet.TldScanner.scanJars At least one JAR was scanned for TLDs yet contained no TLDs. Enable debug logging for this logger for a complete list of JARs that were scanned but no TLDs were found in them. Skipping unneeded JARs during scanning can improve startup time and JSP compilation time.
18-Feb-2026 10:15:22.545 INFO [main] org.apache.catalina.startup.HostConfig.deployDirectory Deployment of web application directory [/home/infoetu/baptiste.lavogiez.etu/BUT2/Semestre2/Webdev/tomcat/webapps/host-manager] has finished in [112] ms
18-Feb-2026 10:15:22.545 INFO [main] org.apache.catalina.startup.HostConfig.deployDirectory Deploying web application directory [/home/infoetu/baptiste.lavogiez.etu/BUT2/Semestre2/Webdev/tomcat/webapps/tp_chess]
18-Feb-2026 10:15:22.666 INFO [main] org.apache.jasper.servlet.TldScanner.scanJars At least one JAR was scanned for TLDs yet contained no TLDs. Enable debug logging for this logger for a complete list of JARs that were scanned but no TLDs were found in them. Skipping unneeded JARs during scanning can improve startup time and JSP compilation time.
18-Feb-2026 10:15:22.667 INFO [main] org.apache.catalina.startup.HostConfig.deployDirectory Deployment of web application directory [/home/infoetu/baptiste.lavogiez.etu/BUT2/Semestre2/Webdev/tomcat/webapps/tp_chess] has finished in [121] ms
18-Feb-2026 10:15:22.667 INFO [main] org.apache.catalina.startup.HostConfig.deployDirectory Deploying web application directory [/home/infoetu/baptiste.lavogiez.etu/BUT2/Semestre2/Webdev/tomcat/webapps/ctp3]
18-Feb-2026 10:15:22.789 INFO [main] org.apache.jasper.servlet.TldScanner.scanJars At least one JAR was scanned for TLDs yet contained no TLDs. Enable debug logging for this logger for a complete list of JARs that were scanned but no TLDs were found in them. Skipping unneeded JARs during scanning can improve startup time and JSP compilation time.
18-Feb-2026 10:15:22.790 INFO [main] org.apache.catalina.startup.HostConfig.deployDirectory Deployment of web application directory [/home/infoetu/baptiste.lavogiez.etu/BUT2/Semestre2/Webdev/tomcat/webapps/ctp3] has finished in [122] ms
18-Feb-2026 10:15:22.790 INFO [main] org.apache.catalina.startup.HostConfig.deployDirectory Deploying web application directory [/home/infoetu/baptiste.lavogiez.etu/BUT2/Semestre2/Webdev/tomcat/webapps/template]
18-Feb-2026 10:15:22.923 INFO [main] org.apache.jasper.servlet.TldScanner.scanJars At least one JAR was scanned for TLDs yet contained no TLDs. Enable debug logging for this logger for a complete list of JARs that were scanned but no TLDs were found in them. Skipping unneeded JARs during scanning can improve startup time and JSP compilation time.
18-Feb-2026 10:15:22.924 INFO [main] org.apache.catalina.startup.HostConfig.deployDirectory Deployment of web application directory [/home/infoetu/baptiste.lavogiez.etu/BUT2/Semestre2/Webdev/tomcat/webapps/template] has finished in [134] ms
18-Feb-2026 10:15:22.924 INFO [main] org.apache.catalina.startup.HostConfig.deployDirectory Deploying web application directory [/home/infoetu/baptiste.lavogiez.etu/BUT2/Semestre2/Webdev/tomcat/webapps/examples]
18-Feb-2026 10:15:23.227 INFO [main] org.apache.jasper.servlet.TldScanner.scanJars At least one JAR was scanned for TLDs yet contained no TLDs. Enable debug logging for this logger for a complete list of JARs that were scanned but no TLDs were found in them. Skipping unneeded JARs during scanning can improve startup time and JSP compilation time.
18-Feb-2026 10:15:23.240 INFO [main] org.apache.catalina.startup.HostConfig.deployDirectory Deployment of web application directory [/home/infoetu/baptiste.lavogiez.etu/BUT2/Semestre2/Webdev/tomcat/webapps/examples] has finished in [316] ms
18-Feb-2026 10:15:23.240 INFO [main] org.apache.catalina.startup.HostConfig.deployDirectory Deploying web application directory [/home/infoetu/baptiste.lavogiez.etu/BUT2/Semestre2/Webdev/tomcat/webapps/ctp]
18-Feb-2026 10:15:23.379 INFO [main] org.apache.jasper.servlet.TldScanner.scanJars At least one JAR was scanned for TLDs yet contained no TLDs. Enable debug logging for this logger for a complete list of JARs that were scanned but no TLDs were found in them. Skipping unneeded JARs during scanning can improve startup time and JSP compilation time.
18-Feb-2026 10:15:23.380 INFO [main] org.apache.catalina.startup.HostConfig.deployDirectory Deployment of web application directory [/home/infoetu/baptiste.lavogiez.etu/BUT2/Semestre2/Webdev/tomcat/webapps/ctp] has finished in [140] ms
18-Feb-2026 10:15:23.382 INFO [main] org.apache.coyote.AbstractProtocol.start Starting ProtocolHandler ["http-nio-8080"]
18-Feb-2026 10:15:23.387 INFO [main] org.apache.catalina.startup.Catalina.start Server startup in [3145] milliseconds
18-Feb-2026 10:16:43.998 INFO [Thread-1] org.apache.coyote.AbstractProtocol.pause Pausing ProtocolHandler ["http-nio-8080"]
18-Feb-2026 10:16:44.000 INFO [Thread-1] org.apache.catalina.core.StandardService.stopInternal Stopping service [Catalina]
18-Feb-2026 10:16:44.031 WARNING [Thread-1] org.apache.catalina.loader.WebappClassLoaderBase.clearReferencesJdbc The web application [TP06] registered the JDBC driver [org.h2.Driver] but failed to unregister it when the web application was stopped. To prevent a memory leak, the JDBC Driver has been forcibly unregistered.
18-Feb-2026 10:16:44.050 INFO [Thread-1] org.apache.coyote.AbstractProtocol.stop Stopping ProtocolHandler ["http-nio-8080"]
18-Feb-2026 10:16:44.053 INFO [Thread-1] org.apache.coyote.AbstractProtocol.destroy Destroying ProtocolHandler ["http-nio-8080"]
18-Feb-2026 10:16:45.292 INFO [main] org.apache.catalina.startup.VersionLoggerListener.log Server version name:   Apache Tomcat/11.0.13
18-Feb-2026 10:16:45.294 INFO [main] org.apache.catalina.startup.VersionLoggerListener.log Server built:          Oct 10 2025 13:57:31 UTC
18-Feb-2026 10:16:45.295 INFO [main] org.apache.catalina.startup.VersionLoggerListener.log Server version number: 11.0.13.0
18-Feb-2026 10:16:45.295 INFO [main] org.apache.catalina.startup.VersionLoggerListener.log OS Name:               Linux
18-Feb-2026 10:16:45.295 INFO [main] org.apache.catalina.startup.VersionLoggerListener.log OS Version:            6.1.0-40-amd64
18-Feb-2026 10:16:45.295 INFO [main] org.apache.catalina.startup.VersionLoggerListener.log Architecture:          amd64
18-Feb-2026 10:16:45.295 INFO [main] org.apache.catalina.startup.VersionLoggerListener.log Java Home:             /usr/lib/jvm/java-17-openjdk-amd64
18-Feb-2026 10:16:45.295 INFO [main] org.apache.catalina.startup.VersionLoggerListener.log JVM Version:           17.0.18+8-Debian-1deb12u1
18-Feb-2026 10:16:45.295 INFO [main] org.apache.catalina.startup.VersionLoggerListener.log JVM Vendor:            Debian
18-Feb-2026 10:16:45.295 INFO [main] org.apache.catalina.startup.VersionLoggerListener.log CATALINA_BASE:         /home/infoetu/baptiste.lavogiez.etu/BUT2/Semestre2/Webdev/tomcat
18-Feb-2026 10:16:45.295 INFO [main] org.apache.catalina.startup.VersionLoggerListener.log CATALINA_HOME:         /home/infoetu/baptiste.lavogiez.etu/BUT2/Semestre2/Webdev/tomcat
18-Feb-2026 10:16:45.298 INFO [main] org.apache.catalina.startup.VersionLoggerListener.log Command line argument: -Djava.util.logging.config.file=/home/infoetu/baptiste.lavogiez.etu/BUT2/Semestre2/Webdev/tomcat/conf/logging.properties
18-Feb-2026 10:16:45.298 INFO [main] org.apache.catalina.startup.VersionLoggerListener.log Command line argument: -Djava.util.logging.manager=org.apache.juli.ClassLoaderLogManager
18-Feb-2026 10:16:45.298 INFO [main] org.apache.catalina.startup.VersionLoggerListener.log Command line argument: -Djdk.tls.ephemeralDHKeySize=2048
18-Feb-2026 10:16:45.299 INFO [main] org.apache.catalina.startup.VersionLoggerListener.log Command line argument: -Dorg.apache.catalina.security.SecurityListener.UMASK=0027
18-Feb-2026 10:16:45.299 INFO [main] org.apache.catalina.startup.VersionLoggerListener.log Command line argument: --add-opens=java.base/java.lang=ALL-UNNAMED
18-Feb-2026 10:16:45.299 INFO [main] org.apache.catalina.startup.VersionLoggerListener.log Command line argument: --add-opens=java.base/java.lang.reflect=ALL-UNNAMED
18-Feb-2026 10:16:45.299 INFO [main] org.apache.catalina.startup.VersionLoggerListener.log Command line argument: --add-opens=java.base/java.io=ALL-UNNAMED
18-Feb-2026 10:16:45.299 INFO [main] org.apache.catalina.startup.VersionLoggerListener.log Command line argument: --add-opens=java.base/java.util=ALL-UNNAMED
18-Feb-2026 10:16:45.299 INFO [main] org.apache.catalina.startup.VersionLoggerListener.log Command line argument: --add-opens=java.base/java.util.concurrent=ALL-UNNAMED
18-Feb-2026 10:16:45.299 INFO [main] org.apache.catalina.startup.VersionLoggerListener.log Command line argument: --add-opens=java.rmi/sun.rmi.transport=ALL-UNNAMED
18-Feb-2026 10:16:45.299 INFO [main] org.apache.catalina.startup.VersionLoggerListener.log Command line argument: --enable-native-access=ALL-UNNAMED
18-Feb-2026 10:16:45.299 INFO [main] org.apache.catalina.startup.VersionLoggerListener.log Command line argument: -Dcatalina.base=/home/infoetu/baptiste.lavogiez.etu/BUT2/Semestre2/Webdev/tomcat
18-Feb-2026 10:16:45.299 INFO [main] org.apache.catalina.startup.VersionLoggerListener.log Command line argument: -Dcatalina.home=/home/infoetu/baptiste.lavogiez.etu/BUT2/Semestre2/Webdev/tomcat
18-Feb-2026 10:16:45.299 INFO [main] org.apache.catalina.startup.VersionLoggerListener.log Command line argument: -Djava.io.tmpdir=/home/infoetu/baptiste.lavogiez.etu/BUT2/Semestre2/Webdev/tomcat/temp
18-Feb-2026 10:16:45.300 INFO [main] org.apache.catalina.core.AprLifecycleListener.lifecycleEvent The Apache Tomcat Native library which allows using OpenSSL was not found on the java.library.path: [/usr/java/packages/lib:/usr/lib/x86_64-linux-gnu/jni:/lib/x86_64-linux-gnu:/usr/lib/x86_64-linux-gnu:/usr/lib/jni:/lib:/usr/lib]
18-Feb-2026 10:16:45.399 INFO [main] org.apache.coyote.AbstractProtocol.init Initializing ProtocolHandler ["http-nio-8080"]
18-Feb-2026 10:16:45.407 INFO [main] org.apache.catalina.startup.Catalina.load Server initialization in [183] milliseconds
18-Feb-2026 10:16:45.423 INFO [main] org.apache.catalina.core.StandardService.startInternal Starting service [Catalina]
18-Feb-2026 10:16:45.423 INFO [main] org.apache.catalina.core.StandardEngine.startInternal Starting Servlet engine: [Apache Tomcat/11.0.13]
18-Feb-2026 10:16:45.427 INFO [main] org.apache.catalina.startup.HostConfig.deployDirectory Deploying web application directory [/home/infoetu/baptiste.lavogiez.etu/BUT2/Semestre2/Webdev/tomcat/webapps/ctp2]
18-Feb-2026 10:16:45.726 INFO [main] org.apache.jasper.servlet.TldScanner.scanJars At least one JAR was scanned for TLDs yet contained no TLDs. Enable debug logging for this logger for a complete list of JARs that were scanned but no TLDs were found in them. Skipping unneeded JARs during scanning can improve startup time and JSP compilation time.
18-Feb-2026 10:16:45.741 INFO [main] org.apache.catalina.startup.HostConfig.deployDirectory Deployment of web application directory [/home/infoetu/baptiste.lavogiez.etu/BUT2/Semestre2/Webdev/tomcat/webapps/ctp2] has finished in [314] ms
18-Feb-2026 10:16:45.741 INFO [main] org.apache.catalina.startup.HostConfig.deployDirectory Deploying web application directory [/home/infoetu/baptiste.lavogiez.etu/BUT2/Semestre2/Webdev/tomcat/webapps/ctp (copie)]
18-Feb-2026 10:16:45.907 INFO [main] org.apache.jasper.servlet.TldScanner.scanJars At least one JAR was scanned for TLDs yet contained no TLDs. Enable debug logging for this logger for a complete list of JARs that were scanned but no TLDs were found in them. Skipping unneeded JARs during scanning can improve startup time and JSP compilation time.
18-Feb-2026 10:16:45.909 INFO [main] org.apache.catalina.startup.HostConfig.deployDirectory Deployment of web application directory [/home/infoetu/baptiste.lavogiez.etu/BUT2/Semestre2/Webdev/tomcat/webapps/ctp (copie)] has finished in [167] ms
18-Feb-2026 10:16:45.909 INFO [main] org.apache.catalina.startup.HostConfig.deployDirectory Deploying web application directory [/home/infoetu/baptiste.lavogiez.etu/BUT2/Semestre2/Webdev/tomcat/webapps/ctp-sample]
18-Feb-2026 10:16:46.059 INFO [main] org.apache.jasper.servlet.TldScanner.scanJars At least one JAR was scanned for TLDs yet contained no TLDs. Enable debug logging for this logger for a complete list of JARs that were scanned but no TLDs were found in them. Skipping unneeded JARs during scanning can improve startup time and JSP compilation time.
18-Feb-2026 10:16:46.060 INFO [main] org.apache.catalina.startup.HostConfig.deployDirectory Deployment of web application directory [/home/infoetu/baptiste.lavogiez.etu/BUT2/Semestre2/Webdev/tomcat/webapps/ctp-sample] has finished in [151] ms
18-Feb-2026 10:16:46.060 INFO [main] org.apache.catalina.startup.HostConfig.deployDirectory Deploying web application directory [/home/infoetu/baptiste.lavogiez.etu/BUT2/Semestre2/Webdev/tomcat/webapps/__MACOSX]
18-Feb-2026 10:16:46.189 INFO [main] org.apache.jasper.servlet.TldScanner.scanJars At least one JAR was scanned for TLDs yet contained no TLDs. Enable debug logging for this logger for a complete list of JARs that were scanned but no TLDs were found in them. Skipping unneeded JARs during scanning can improve startup time and JSP compilation time.
18-Feb-2026 10:16:46.189 INFO [main] org.apache.catalina.startup.HostConfig.deployDirectory Deployment of web application directory [/home/infoetu/baptiste.lavogiez.etu/BUT2/Semestre2/Webdev/tomcat/webapps/__MACOSX] has finished in [129] ms
18-Feb-2026 10:16:46.190 INFO [main] org.apache.catalina.startup.HostConfig.deployDirectory Deploying web application directory [/home/infoetu/baptiste.lavogiez.etu/BUT2/Semestre2/Webdev/tomcat/webapps/ROOT]
18-Feb-2026 10:16:46.315 INFO [main] org.apache.jasper.servlet.TldScanner.scanJars At least one JAR was scanned for TLDs yet contained no TLDs. Enable debug logging for this logger for a complete list of JARs that were scanned but no TLDs were found in them. Skipping unneeded JARs during scanning can improve startup time and JSP compilation time.
18-Feb-2026 10:16:46.316 INFO [main] org.apache.catalina.startup.HostConfig.deployDirectory Deployment of web application directory [/home/infoetu/baptiste.lavogiez.etu/BUT2/Semestre2/Webdev/tomcat/webapps/ROOT] has finished in [126] ms
18-Feb-2026 10:16:46.316 INFO [main] org.apache.catalina.startup.HostConfig.deployDirectory Deploying web application directory [/home/infoetu/baptiste.lavogiez.etu/BUT2/Semestre2/Webdev/tomcat/webapps/TP04]
18-Feb-2026 10:16:46.447 INFO [main] org.apache.jasper.servlet.TldScanner.scanJars At least one JAR was scanned for TLDs yet contained no TLDs. Enable debug logging for this logger for a complete list of JARs that were scanned but no TLDs were found in them. Skipping unneeded JARs during scanning can improve startup time and JSP compilation time.
18-Feb-2026 10:16:46.447 INFO [main] org.apache.catalina.startup.HostConfig.deployDirectory Deployment of web application directory [/home/infoetu/baptiste.lavogiez.etu/BUT2/Semestre2/Webdev/tomcat/webapps/TP04] has finished in [131] ms
18-Feb-2026 10:16:46.448 INFO [main] org.apache.catalina.startup.HostConfig.deployDirectory Deploying web application directory [/home/infoetu/baptiste.lavogiez.etu/BUT2/Semestre2/Webdev/tomcat/webapps/docs]
18-Feb-2026 10:16:46.564 INFO [main] org.apache.jasper.servlet.TldScanner.scanJars At least one JAR was scanned for TLDs yet contained no TLDs. Enable debug logging for this logger for a complete list of JARs that were scanned but no TLDs were found in them. Skipping unneeded JARs during scanning can improve startup time and JSP compilation time.
18-Feb-2026 10:16:46.564 INFO [main] org.apache.catalina.startup.HostConfig.deployDirectory Deployment of web application directory [/home/infoetu/baptiste.lavogiez.etu/BUT2/Semestre2/Webdev/tomcat/webapps/docs] has finished in [116] ms
18-Feb-2026 10:16:46.565 INFO [main] org.apache.catalina.startup.HostConfig.deployDirectory Deploying web application directory [/home/infoetu/baptiste.lavogiez.etu/BUT2/Semestre2/Webdev/tomcat/webapps/TP03-Partie2]
18-Feb-2026 10:16:46.693 INFO [main] org.apache.jasper.servlet.TldScanner.scanJars At least one JAR was scanned for TLDs yet contained no TLDs. Enable debug logging for this logger for a complete list of JARs that were scanned but no TLDs were found in them. Skipping unneeded JARs during scanning can improve startup time and JSP compilation time.
18-Feb-2026 10:16:46.694 INFO [main] org.apache.catalina.startup.HostConfig.deployDirectory Deployment of web application directory [/home/infoetu/baptiste.lavogiez.etu/BUT2/Semestre2/Webdev/tomcat/webapps/TP03-Partie2] has finished in [129] ms
18-Feb-2026 10:16:46.694 INFO [main] org.apache.catalina.startup.HostConfig.deployDirectory Deploying web application directory [/home/infoetu/baptiste.lavogiez.etu/BUT2/Semestre2/Webdev/tomcat/webapps/TP05]
18-Feb-2026 10:16:46.827 INFO [main] org.apache.jasper.servlet.TldScanner.scanJars At least one JAR was scanned for TLDs yet contained no TLDs. Enable debug logging for this logger for a complete list of JARs that were scanned but no TLDs were found in them. Skipping unneeded JARs during scanning can improve startup time and JSP compilation time.
18-Feb-2026 10:16:46.828 INFO [main] org.apache.catalina.startup.HostConfig.deployDirectory Deployment of web application directory [/home/infoetu/baptiste.lavogiez.etu/BUT2/Semestre2/Webdev/tomcat/webapps/TP05] has finished in [134] ms
18-Feb-2026 10:16:46.828 INFO [main] org.apache.catalina.startup.HostConfig.deployDirectory Deploying web application directory [/home/infoetu/baptiste.lavogiez.etu/BUT2/Semestre2/Webdev/tomcat/webapps/TP06]
18-Feb-2026 10:16:46.959 INFO [main] org.apache.jasper.servlet.TldScanner.scanJars At least one JAR was scanned for TLDs yet contained no TLDs. Enable debug logging for this logger for a complete list of JARs that were scanned but no TLDs were found in them. Skipping unneeded JARs during scanning can improve startup time and JSP compilation time.
18-Feb-2026 10:16:46.960 INFO [main] org.apache.catalina.startup.HostConfig.deployDirectory Deployment of web application directory [/home/infoetu/baptiste.lavogiez.etu/BUT2/Semestre2/Webdev/tomcat/webapps/TP06] has finished in [132] ms
18-Feb-2026 10:16:46.960 INFO [main] org.apache.catalina.startup.HostConfig.deployDirectory Deploying web application directory [/home/infoetu/baptiste.lavogiez.etu/BUT2/Semestre2/Webdev/tomcat/webapps/manager]
18-Feb-2026 10:16:47.081 INFO [main] org.apache.jasper.servlet.TldScanner.scanJars At least one JAR was scanned for TLDs yet contained no TLDs. Enable debug logging for this logger for a complete list of JARs that were scanned but no TLDs were found in them. Skipping unneeded JARs during scanning can improve startup time and JSP compilation time.
18-Feb-2026 10:16:47.084 INFO [main] org.apache.catalina.startup.HostConfig.deployDirectory Deployment of web application directory [/home/infoetu/baptiste.lavogiez.etu/BUT2/Semestre2/Webdev/tomcat/webapps/manager] has finished in [123] ms
18-Feb-2026 10:16:47.084 INFO [main] org.apache.catalina.startup.HostConfig.deployDirectory Deploying web application directory [/home/infoetu/baptiste.lavogiez.etu/BUT2/Semestre2/Webdev/tomcat/webapps/TP02]
18-Feb-2026 10:16:47.215 INFO [main] org.apache.jasper.servlet.TldScanner.scanJars At least one JAR was scanned for TLDs yet contained no TLDs. Enable debug logging for this logger for a complete list of JARs that were scanned but no TLDs were found in them. Skipping unneeded JARs during scanning can improve startup time and JSP compilation time.
18-Feb-2026 10:16:47.215 INFO [main] org.apache.catalina.startup.HostConfig.deployDirectory Deployment of web application directory [/home/infoetu/baptiste.lavogiez.etu/BUT2/Semestre2/Webdev/tomcat/webapps/TP02] has finished in [131] ms
18-Feb-2026 10:16:47.216 INFO [main] org.apache.catalina.startup.HostConfig.deployDirectory Deploying web application directory [/home/infoetu/baptiste.lavogiez.etu/BUT2/Semestre2/Webdev/tomcat/webapps/ctp1]
18-Feb-2026 10:16:47.352 INFO [main] org.apache.jasper.servlet.TldScanner.scanJars At least one JAR was scanned for TLDs yet contained no TLDs. Enable debug logging for this logger for a complete list of JARs that were scanned but no TLDs were found in them. Skipping unneeded JARs during scanning can improve startup time and JSP compilation time.
18-Feb-2026 10:16:47.353 INFO [main] org.apache.catalina.startup.HostConfig.deployDirectory Deployment of web application directory [/home/infoetu/baptiste.lavogiez.etu/BUT2/Semestre2/Webdev/tomcat/webapps/ctp1] has finished in [136] ms
18-Feb-2026 10:16:47.353 INFO [main] org.apache.catalina.startup.HostConfig.deployDirectory Deploying web application directory [/home/infoetu/baptiste.lavogiez.etu/BUT2/Semestre2/Webdev/tomcat/webapps/TP03]
18-Feb-2026 10:16:47.477 INFO [main] org.apache.jasper.servlet.TldScanner.scanJars At least one JAR was scanned for TLDs yet contained no TLDs. Enable debug logging for this logger for a complete list of JARs that were scanned but no TLDs were found in them. Skipping unneeded JARs during scanning can improve startup time and JSP compilation time.
18-Feb-2026 10:16:47.478 INFO [main] org.apache.catalina.startup.HostConfig.deployDirectory Deployment of web application directory [/home/infoetu/baptiste.lavogiez.etu/BUT2/Semestre2/Webdev/tomcat/webapps/TP03] has finished in [125] ms
18-Feb-2026 10:16:47.478 INFO [main] org.apache.catalina.startup.HostConfig.deployDirectory Deploying web application directory [/home/infoetu/baptiste.lavogiez.etu/BUT2/Semestre2/Webdev/tomcat/webapps/TP01]
18-Feb-2026 10:16:47.596 INFO [main] org.apache.jasper.servlet.TldScanner.scanJars At least one JAR was scanned for TLDs yet contained no TLDs. Enable debug logging for this logger for a complete list of JARs that were scanned but no TLDs were found in them. Skipping unneeded JARs during scanning can improve startup time and JSP compilation time.
18-Feb-2026 10:16:47.597 INFO [main] org.apache.catalina.startup.HostConfig.deployDirectory Deployment of web application directory [/home/infoetu/baptiste.lavogiez.etu/BUT2/Semestre2/Webdev/tomcat/webapps/TP01] has finished in [119] ms
18-Feb-2026 10:16:47.597 INFO [main] org.apache.catalina.startup.HostConfig.deployDirectory Deploying web application directory [/home/infoetu/baptiste.lavogiez.etu/BUT2/Semestre2/Webdev/tomcat/webapps/host-manager]
18-Feb-2026 10:16:47.712 INFO [main] org.apache.jasper.servlet.TldScanner.scanJars At least one JAR was scanned for TLDs yet contained no TLDs. Enable debug logging for this logger for a complete list of JARs that were scanned but no TLDs were found in them. Skipping unneeded JARs during scanning can improve startup time and JSP compilation time.
18-Feb-2026 10:16:47.713 INFO [main] org.apache.catalina.startup.HostConfig.deployDirectory Deployment of web application directory [/home/infoetu/baptiste.lavogiez.etu/BUT2/Semestre2/Webdev/tomcat/webapps/host-manager] has finished in [116] ms
18-Feb-2026 10:16:47.713 INFO [main] org.apache.catalina.startup.HostConfig.deployDirectory Deploying web application directory [/home/infoetu/baptiste.lavogiez.etu/BUT2/Semestre2/Webdev/tomcat/webapps/tp_chess]
18-Feb-2026 10:16:47.834 INFO [main] org.apache.jasper.servlet.TldScanner.scanJars At least one JAR was scanned for TLDs yet contained no TLDs. Enable debug logging for this logger for a complete list of JARs that were scanned but no TLDs were found in them. Skipping unneeded JARs during scanning can improve startup time and JSP compilation time.
18-Feb-2026 10:16:47.835 INFO [main] org.apache.catalina.startup.HostConfig.deployDirectory Deployment of web application directory [/home/infoetu/baptiste.lavogiez.etu/BUT2/Semestre2/Webdev/tomcat/webapps/tp_chess] has finished in [122] ms
18-Feb-2026 10:16:47.835 INFO [main] org.apache.catalina.startup.HostConfig.deployDirectory Deploying web application directory [/home/infoetu/baptiste.lavogiez.etu/BUT2/Semestre2/Webdev/tomcat/webapps/ctp3]
18-Feb-2026 10:16:47.959 INFO [main] org.apache.jasper.servlet.TldScanner.scanJars At least one JAR was scanned for TLDs yet contained no TLDs. Enable debug logging for this logger for a complete list of JARs that were scanned but no TLDs were found in them. Skipping unneeded JARs during scanning can improve startup time and JSP compilation time.
18-Feb-2026 10:16:47.960 INFO [main] org.apache.catalina.startup.HostConfig.deployDirectory Deployment of web application directory [/home/infoetu/baptiste.lavogiez.etu/BUT2/Semestre2/Webdev/tomcat/webapps/ctp3] has finished in [125] ms
18-Feb-2026 10:16:47.960 INFO [main] org.apache.catalina.startup.HostConfig.deployDirectory Deploying web application directory [/home/infoetu/baptiste.lavogiez.etu/BUT2/Semestre2/Webdev/tomcat/webapps/template]
18-Feb-2026 10:16:48.091 INFO [main] org.apache.jasper.servlet.TldScanner.scanJars At least one JAR was scanned for TLDs yet contained no TLDs. Enable debug logging for this logger for a complete list of JARs that were scanned but no TLDs were found in them. Skipping unneeded JARs during scanning can improve startup time and JSP compilation time.
18-Feb-2026 10:16:48.092 INFO [main] org.apache.catalina.startup.HostConfig.deployDirectory Deployment of web application directory [/home/infoetu/baptiste.lavogiez.etu/BUT2/Semestre2/Webdev/tomcat/webapps/template] has finished in [132] ms
18-Feb-2026 10:16:48.092 INFO [main] org.apache.catalina.startup.HostConfig.deployDirectory Deploying web application directory [/home/infoetu/baptiste.lavogiez.etu/BUT2/Semestre2/Webdev/tomcat/webapps/examples]
18-Feb-2026 10:16:48.367 INFO [main] org.apache.jasper.servlet.TldScanner.scanJars At least one JAR was scanned for TLDs yet contained no TLDs. Enable debug logging for this logger for a complete list of JARs that were scanned but no TLDs were found in them. Skipping unneeded JARs during scanning can improve startup time and JSP compilation time.
18-Feb-2026 10:16:48.378 INFO [main] org.apache.catalina.startup.HostConfig.deployDirectory Deployment of web application directory [/home/infoetu/baptiste.lavogiez.etu/BUT2/Semestre2/Webdev/tomcat/webapps/examples] has finished in [286] ms
18-Feb-2026 10:16:48.378 INFO [main] org.apache.catalina.startup.HostConfig.deployDirectory Deploying web application directory [/home/infoetu/baptiste.lavogiez.etu/BUT2/Semestre2/Webdev/tomcat/webapps/ctp]
18-Feb-2026 10:16:48.512 INFO [main] org.apache.jasper.servlet.TldScanner.scanJars At least one JAR was scanned for TLDs yet contained no TLDs. Enable debug logging for this logger for a complete list of JARs that were scanned but no TLDs were found in them. Skipping unneeded JARs during scanning can improve startup time and JSP compilation time.
18-Feb-2026 10:16:48.513 INFO [main] org.apache.catalina.startup.HostConfig.deployDirectory Deployment of web application directory [/home/infoetu/baptiste.lavogiez.etu/BUT2/Semestre2/Webdev/tomcat/webapps/ctp] has finished in [135] ms
18-Feb-2026 10:16:48.515 INFO [main] org.apache.coyote.AbstractProtocol.start Starting ProtocolHandler ["http-nio-8080"]
18-Feb-2026 10:16:48.520 INFO [main] org.apache.catalina.startup.Catalina.start Server startup in [3112] milliseconds
18-Feb-2026 10:35:18.666 INFO [Thread-1] org.apache.coyote.AbstractProtocol.pause Pausing ProtocolHandler ["http-nio-8080"]
18-Feb-2026 10:35:18.668 INFO [Thread-1] org.apache.catalina.core.StandardService.stopInternal Stopping service [Catalina]
18-Feb-2026 10:35:18.700 WARNING [Thread-1] org.apache.catalina.loader.WebappClassLoaderBase.clearReferencesJdbc The web application [TP06] registered the JDBC driver [org.h2.Driver] but failed to unregister it when the web application was stopped. To prevent a memory leak, the JDBC Driver has been forcibly unregistered.
18-Feb-2026 10:35:18.718 INFO [Thread-1] org.apache.coyote.AbstractProtocol.stop Stopping ProtocolHandler ["http-nio-8080"]
18-Feb-2026 10:35:18.721 INFO [Thread-1] org.apache.coyote.AbstractProtocol.destroy Destroying ProtocolHandler ["http-nio-8080"]
18-Feb-2026 10:35:37.030 INFO [main] org.apache.catalina.startup.VersionLoggerListener.log Server version name:   Apache Tomcat/11.0.13
18-Feb-2026 10:35:37.032 INFO [main] org.apache.catalina.startup.VersionLoggerListener.log Server built:          Oct 10 2025 13:57:31 UTC
18-Feb-2026 10:35:37.032 INFO [main] org.apache.catalina.startup.VersionLoggerListener.log Server version number: 11.0.13.0
18-Feb-2026 10:35:37.032 INFO [main] org.apache.catalina.startup.VersionLoggerListener.log OS Name:               Linux
18-Feb-2026 10:35:37.032 INFO [main] org.apache.catalina.startup.VersionLoggerListener.log OS Version:            6.1.0-40-amd64
18-Feb-2026 10:35:37.032 INFO [main] org.apache.catalina.startup.VersionLoggerListener.log Architecture:          amd64
18-Feb-2026 10:35:37.033 INFO [main] org.apache.catalina.startup.VersionLoggerListener.log Java Home:             /usr/lib/jvm/java-17-openjdk-amd64
18-Feb-2026 10:35:37.033 INFO [main] org.apache.catalina.startup.VersionLoggerListener.log JVM Version:           17.0.18+8-Debian-1deb12u1
18-Feb-2026 10:35:37.033 INFO [main] org.apache.catalina.startup.VersionLoggerListener.log JVM Vendor:            Debian
18-Feb-2026 10:35:37.033 INFO [main] org.apache.catalina.startup.VersionLoggerListener.log CATALINA_BASE:         /home/infoetu/baptiste.lavogiez.etu/BUT2/Semestre2/Webdev/tomcat
18-Feb-2026 10:35:37.033 INFO [main] org.apache.catalina.startup.VersionLoggerListener.log CATALINA_HOME:         /home/infoetu/baptiste.lavogiez.etu/BUT2/Semestre2/Webdev/tomcat
18-Feb-2026 10:35:37.036 INFO [main] org.apache.catalina.startup.VersionLoggerListener.log Command line argument: -Djava.util.logging.config.file=/home/infoetu/baptiste.lavogiez.etu/BUT2/Semestre2/Webdev/tomcat/conf/logging.properties
18-Feb-2026 10:35:37.036 INFO [main] org.apache.catalina.startup.VersionLoggerListener.log Command line argument: -Djava.util.logging.manager=org.apache.juli.ClassLoaderLogManager
18-Feb-2026 10:35:37.036 INFO [main] org.apache.catalina.startup.VersionLoggerListener.log Command line argument: -Djdk.tls.ephemeralDHKeySize=2048
18-Feb-2026 10:35:37.036 INFO [main] org.apache.catalina.startup.VersionLoggerListener.log Command line argument: -Dorg.apache.catalina.security.SecurityListener.UMASK=0027
18-Feb-2026 10:35:37.036 INFO [main] org.apache.catalina.startup.VersionLoggerListener.log Command line argument: --add-opens=java.base/java.lang=ALL-UNNAMED
18-Feb-2026 10:35:37.036 INFO [main] org.apache.catalina.startup.VersionLoggerListener.log Command line argument: --add-opens=java.base/java.lang.reflect=ALL-UNNAMED
18-Feb-2026 10:35:37.036 INFO [main] org.apache.catalina.startup.VersionLoggerListener.log Command line argument: --add-opens=java.base/java.io=ALL-UNNAMED
18-Feb-2026 10:35:37.037 INFO [main] org.apache.catalina.startup.VersionLoggerListener.log Command line argument: --add-opens=java.base/java.util=ALL-UNNAMED
18-Feb-2026 10:35:37.037 INFO [main] org.apache.catalina.startup.VersionLoggerListener.log Command line argument: --add-opens=java.base/java.util.concurrent=ALL-UNNAMED
18-Feb-2026 10:35:37.037 INFO [main] org.apache.catalina.startup.VersionLoggerListener.log Command line argument: --add-opens=java.rmi/sun.rmi.transport=ALL-UNNAMED
18-Feb-2026 10:35:37.037 INFO [main] org.apache.catalina.startup.VersionLoggerListener.log Command line argument: --enable-native-access=ALL-UNNAMED
18-Feb-2026 10:35:37.037 INFO [main] org.apache.catalina.startup.VersionLoggerListener.log Command line argument: -Dcatalina.base=/home/infoetu/baptiste.lavogiez.etu/BUT2/Semestre2/Webdev/tomcat
18-Feb-2026 10:35:37.037 INFO [main] org.apache.catalina.startup.VersionLoggerListener.log Command line argument: -Dcatalina.home=/home/infoetu/baptiste.lavogiez.etu/BUT2/Semestre2/Webdev/tomcat
18-Feb-2026 10:35:37.037 INFO [main] org.apache.catalina.startup.VersionLoggerListener.log Command line argument: -Djava.io.tmpdir=/home/infoetu/baptiste.lavogiez.etu/BUT2/Semestre2/Webdev/tomcat/temp
18-Feb-2026 10:35:37.037 INFO [main] org.apache.catalina.core.AprLifecycleListener.lifecycleEvent The Apache Tomcat Native library which allows using OpenSSL was not found on the java.library.path: [/usr/java/packages/lib:/usr/lib/x86_64-linux-gnu/jni:/lib/x86_64-linux-gnu:/usr/lib/x86_64-linux-gnu:/usr/lib/jni:/lib:/usr/lib]
18-Feb-2026 10:35:37.131 INFO [main] org.apache.coyote.AbstractProtocol.init Initializing ProtocolHandler ["http-nio-8080"]
18-Feb-2026 10:35:37.139 INFO [main] org.apache.catalina.startup.Catalina.load Server initialization in [174] milliseconds
18-Feb-2026 10:35:37.156 INFO [main] org.apache.catalina.core.StandardService.startInternal Starting service [Catalina]
18-Feb-2026 10:35:37.156 INFO [main] org.apache.catalina.core.StandardEngine.startInternal Starting Servlet engine: [Apache Tomcat/11.0.13]
18-Feb-2026 10:35:37.160 INFO [main] org.apache.catalina.startup.HostConfig.deployDirectory Deploying web application directory [/home/infoetu/baptiste.lavogiez.etu/BUT2/Semestre2/Webdev/tomcat/webapps/ctp2]
18-Feb-2026 10:35:37.467 INFO [main] org.apache.jasper.servlet.TldScanner.scanJars At least one JAR was scanned for TLDs yet contained no TLDs. Enable debug logging for this logger for a complete list of JARs that were scanned but no TLDs were found in them. Skipping unneeded JARs during scanning can improve startup time and JSP compilation time.
18-Feb-2026 10:35:37.482 INFO [main] org.apache.catalina.startup.HostConfig.deployDirectory Deployment of web application directory [/home/infoetu/baptiste.lavogiez.etu/BUT2/Semestre2/Webdev/tomcat/webapps/ctp2] has finished in [322] ms
18-Feb-2026 10:35:37.483 INFO [main] org.apache.catalina.startup.HostConfig.deployDirectory Deploying web application directory [/home/infoetu/baptiste.lavogiez.etu/BUT2/Semestre2/Webdev/tomcat/webapps/ctp (copie)]
18-Feb-2026 10:35:37.651 INFO [main] org.apache.jasper.servlet.TldScanner.scanJars At least one JAR was scanned for TLDs yet contained no TLDs. Enable debug logging for this logger for a complete list of JARs that were scanned but no TLDs were found in them. Skipping unneeded JARs during scanning can improve startup time and JSP compilation time.
18-Feb-2026 10:35:37.652 INFO [main] org.apache.catalina.startup.HostConfig.deployDirectory Deployment of web application directory [/home/infoetu/baptiste.lavogiez.etu/BUT2/Semestre2/Webdev/tomcat/webapps/ctp (copie)] has finished in [169] ms
18-Feb-2026 10:35:37.652 INFO [main] org.apache.catalina.startup.HostConfig.deployDirectory Deploying web application directory [/home/infoetu/baptiste.lavogiez.etu/BUT2/Semestre2/Webdev/tomcat/webapps/ctp-sample]
18-Feb-2026 10:35:37.800 INFO [main] org.apache.jasper.servlet.TldScanner.scanJars At least one JAR was scanned for TLDs yet contained no TLDs. Enable debug logging for this logger for a complete list of JARs that were scanned but no TLDs were found in them. Skipping unneeded JARs during scanning can improve startup time and JSP compilation time.
18-Feb-2026 10:35:37.802 INFO [main] org.apache.catalina.startup.HostConfig.deployDirectory Deployment of web application directory [/home/infoetu/baptiste.lavogiez.etu/BUT2/Semestre2/Webdev/tomcat/webapps/ctp-sample] has finished in [149] ms
18-Feb-2026 10:35:37.802 INFO [main] org.apache.catalina.startup.HostConfig.deployDirectory Deploying web application directory [/home/infoetu/baptiste.lavogiez.etu/BUT2/Semestre2/Webdev/tomcat/webapps/__MACOSX]
18-Feb-2026 10:35:37.928 INFO [main] org.apache.jasper.servlet.TldScanner.scanJars At least one JAR was scanned for TLDs yet contained no TLDs. Enable debug logging for this logger for a complete list of JARs that were scanned but no TLDs were found in them. Skipping unneeded JARs during scanning can improve startup time and JSP compilation time.
18-Feb-2026 10:35:37.929 INFO [main] org.apache.catalina.startup.HostConfig.deployDirectory Deployment of web application directory [/home/infoetu/baptiste.lavogiez.etu/BUT2/Semestre2/Webdev/tomcat/webapps/__MACOSX] has finished in [127] ms
18-Feb-2026 10:35:37.929 INFO [main] org.apache.catalina.startup.HostConfig.deployDirectory Deploying web application directory [/home/infoetu/baptiste.lavogiez.etu/BUT2/Semestre2/Webdev/tomcat/webapps/ROOT]
18-Feb-2026 10:35:38.045 INFO [main] org.apache.jasper.servlet.TldScanner.scanJars At least one JAR was scanned for TLDs yet contained no TLDs. Enable debug logging for this logger for a complete list of JARs that were scanned but no TLDs were found in them. Skipping unneeded JARs during scanning can improve startup time and JSP compilation time.
18-Feb-2026 10:35:38.046 INFO [main] org.apache.catalina.startup.HostConfig.deployDirectory Deployment of web application directory [/home/infoetu/baptiste.lavogiez.etu/BUT2/Semestre2/Webdev/tomcat/webapps/ROOT] has finished in [117] ms
18-Feb-2026 10:35:38.047 INFO [main] org.apache.catalina.startup.HostConfig.deployDirectory Deploying web application directory [/home/infoetu/baptiste.lavogiez.etu/BUT2/Semestre2/Webdev/tomcat/webapps/TP04]
18-Feb-2026 10:35:38.173 INFO [main] org.apache.jasper.servlet.TldScanner.scanJars At least one JAR was scanned for TLDs yet contained no TLDs. Enable debug logging for this logger for a complete list of JARs that were scanned but no TLDs were found in them. Skipping unneeded JARs during scanning can improve startup time and JSP compilation time.
18-Feb-2026 10:35:38.174 INFO [main] org.apache.catalina.startup.HostConfig.deployDirectory Deployment of web application directory [/home/infoetu/baptiste.lavogiez.etu/BUT2/Semestre2/Webdev/tomcat/webapps/TP04] has finished in [127] ms
18-Feb-2026 10:35:38.174 INFO [main] org.apache.catalina.startup.HostConfig.deployDirectory Deploying web application directory [/home/infoetu/baptiste.lavogiez.etu/BUT2/Semestre2/Webdev/tomcat/webapps/docs]
18-Feb-2026 10:35:38.287 INFO [main] org.apache.jasper.servlet.TldScanner.scanJars At least one JAR was scanned for TLDs yet contained no TLDs. Enable debug logging for this logger for a complete list of JARs that were scanned but no TLDs were found in them. Skipping unneeded JARs during scanning can improve startup time and JSP compilation time.
18-Feb-2026 10:35:38.288 INFO [main] org.apache.catalina.startup.HostConfig.deployDirectory Deployment of web application directory [/home/infoetu/baptiste.lavogiez.etu/BUT2/Semestre2/Webdev/tomcat/webapps/docs] has finished in [113] ms
18-Feb-2026 10:35:38.288 INFO [main] org.apache.catalina.startup.HostConfig.deployDirectory Deploying web application directory [/home/infoetu/baptiste.lavogiez.etu/BUT2/Semestre2/Webdev/tomcat/webapps/TP03-Partie2]
18-Feb-2026 10:35:38.415 INFO [main] org.apache.jasper.servlet.TldScanner.scanJars At least one JAR was scanned for TLDs yet contained no TLDs. Enable debug logging for this logger for a complete list of JARs that were scanned but no TLDs were found in them. Skipping unneeded JARs during scanning can improve startup time and JSP compilation time.
18-Feb-2026 10:35:38.415 INFO [main] org.apache.catalina.startup.HostConfig.deployDirectory Deployment of web application directory [/home/infoetu/baptiste.lavogiez.etu/BUT2/Semestre2/Webdev/tomcat/webapps/TP03-Partie2] has finished in [127] ms
18-Feb-2026 10:35:38.415 INFO [main] org.apache.catalina.startup.HostConfig.deployDirectory Deploying web application directory [/home/infoetu/baptiste.lavogiez.etu/BUT2/Semestre2/Webdev/tomcat/webapps/TP05]
18-Feb-2026 10:35:38.546 INFO [main] org.apache.jasper.servlet.TldScanner.scanJars At least one JAR was scanned for TLDs yet contained no TLDs. Enable debug logging for this logger for a complete list of JARs that were scanned but no TLDs were found in them. Skipping unneeded JARs during scanning can improve startup time and JSP compilation time.
18-Feb-2026 10:35:38.547 INFO [main] org.apache.catalina.startup.HostConfig.deployDirectory Deployment of web application directory [/home/infoetu/baptiste.lavogiez.etu/BUT2/Semestre2/Webdev/tomcat/webapps/TP05] has finished in [132] ms
18-Feb-2026 10:35:38.547 INFO [main] org.apache.catalina.startup.HostConfig.deployDirectory Deploying web application directory [/home/infoetu/baptiste.lavogiez.etu/BUT2/Semestre2/Webdev/tomcat/webapps/TP06]
18-Feb-2026 10:35:38.681 INFO [main] org.apache.jasper.servlet.TldScanner.scanJars At least one JAR was scanned for TLDs yet contained no TLDs. Enable debug logging for this logger for a complete list of JARs that were scanned but no TLDs were found in them. Skipping unneeded JARs during scanning can improve startup time and JSP compilation time.
18-Feb-2026 10:35:38.682 INFO [main] org.apache.catalina.startup.HostConfig.deployDirectory Deployment of web application directory [/home/infoetu/baptiste.lavogiez.etu/BUT2/Semestre2/Webdev/tomcat/webapps/TP06] has finished in [135] ms
18-Feb-2026 10:35:38.682 INFO [main] org.apache.catalina.startup.HostConfig.deployDirectory Deploying web application directory [/home/infoetu/baptiste.lavogiez.etu/BUT2/Semestre2/Webdev/tomcat/webapps/manager]
18-Feb-2026 10:35:38.799 INFO [main] org.apache.jasper.servlet.TldScanner.scanJars At least one JAR was scanned for TLDs yet contained no TLDs. Enable debug logging for this logger for a complete list of JARs that were scanned but no TLDs were found in them. Skipping unneeded JARs during scanning can improve startup time and JSP compilation time.
18-Feb-2026 10:35:38.801 INFO [main] org.apache.catalina.startup.HostConfig.deployDirectory Deployment of web application directory [/home/infoetu/baptiste.lavogiez.etu/BUT2/Semestre2/Webdev/tomcat/webapps/manager] has finished in [119] ms
18-Feb-2026 10:35:38.801 INFO [main] org.apache.catalina.startup.HostConfig.deployDirectory Deploying web application directory [/home/infoetu/baptiste.lavogiez.etu/BUT2/Semestre2/Webdev/tomcat/webapps/TP02]
18-Feb-2026 10:35:38.924 INFO [main] org.apache.jasper.servlet.TldScanner.scanJars At least one JAR was scanned for TLDs yet contained no TLDs. Enable debug logging for this logger for a complete list of JARs that were scanned but no TLDs were found in them. Skipping unneeded JARs during scanning can improve startup time and JSP compilation time.
18-Feb-2026 10:35:38.925 INFO [main] org.apache.catalina.startup.HostConfig.deployDirectory Deployment of web application directory [/home/infoetu/baptiste.lavogiez.etu/BUT2/Semestre2/Webdev/tomcat/webapps/TP02] has finished in [124] ms
18-Feb-2026 10:35:38.925 INFO [main] org.apache.catalina.startup.HostConfig.deployDirectory Deploying web application directory [/home/infoetu/baptiste.lavogiez.etu/BUT2/Semestre2/Webdev/tomcat/webapps/ctp1]
18-Feb-2026 10:35:39.052 INFO [main] org.apache.jasper.servlet.TldScanner.scanJars At least one JAR was scanned for TLDs yet contained no TLDs. Enable debug logging for this logger for a complete list of JARs that were scanned but no TLDs were found in them. Skipping unneeded JARs during scanning can improve startup time and JSP compilation time.
18-Feb-2026 10:35:39.052 INFO [main] org.apache.catalina.startup.HostConfig.deployDirectory Deployment of web application directory [/home/infoetu/baptiste.lavogiez.etu/BUT2/Semestre2/Webdev/tomcat/webapps/ctp1] has finished in [127] ms
18-Feb-2026 10:35:39.053 INFO [main] org.apache.catalina.startup.HostConfig.deployDirectory Deploying web application directory [/home/infoetu/baptiste.lavogiez.etu/BUT2/Semestre2/Webdev/tomcat/webapps/TP03]
18-Feb-2026 10:35:39.169 INFO [main] org.apache.jasper.servlet.TldScanner.scanJars At least one JAR was scanned for TLDs yet contained no TLDs. Enable debug logging for this logger for a complete list of JARs that were scanned but no TLDs were found in them. Skipping unneeded JARs during scanning can improve startup time and JSP compilation time.
18-Feb-2026 10:35:39.170 INFO [main] org.apache.catalina.startup.HostConfig.deployDirectory Deployment of web application directory [/home/infoetu/baptiste.lavogiez.etu/BUT2/Semestre2/Webdev/tomcat/webapps/TP03] has finished in [116] ms
18-Feb-2026 10:35:39.170 INFO [main] org.apache.catalina.startup.HostConfig.deployDirectory Deploying web application directory [/home/infoetu/baptiste.lavogiez.etu/BUT2/Semestre2/Webdev/tomcat/webapps/TP01]
18-Feb-2026 10:35:39.284 INFO [main] org.apache.jasper.servlet.TldScanner.scanJars At least one JAR was scanned for TLDs yet contained no TLDs. Enable debug logging for this logger for a complete list of JARs that were scanned but no TLDs were found in them. Skipping unneeded JARs during scanning can improve startup time and JSP compilation time.
18-Feb-2026 10:35:39.285 INFO [main] org.apache.catalina.startup.HostConfig.deployDirectory Deployment of web application directory [/home/infoetu/baptiste.lavogiez.etu/BUT2/Semestre2/Webdev/tomcat/webapps/TP01] has finished in [115] ms
18-Feb-2026 10:35:39.285 INFO [main] org.apache.catalina.startup.HostConfig.deployDirectory Deploying web application directory [/home/infoetu/baptiste.lavogiez.etu/BUT2/Semestre2/Webdev/tomcat/webapps/host-manager]
18-Feb-2026 10:35:39.396 INFO [main] org.apache.jasper.servlet.TldScanner.scanJars At least one JAR was scanned for TLDs yet contained no TLDs. Enable debug logging for this logger for a complete list of JARs that were scanned but no TLDs were found in them. Skipping unneeded JARs during scanning can improve startup time and JSP compilation time.
18-Feb-2026 10:35:39.397 INFO [main] org.apache.catalina.startup.HostConfig.deployDirectory Deployment of web application directory [/home/infoetu/baptiste.lavogiez.etu/BUT2/Semestre2/Webdev/tomcat/webapps/host-manager] has finished in [112] ms
18-Feb-2026 10:35:39.397 INFO [main] org.apache.catalina.startup.HostConfig.deployDirectory Deploying web application directory [/home/infoetu/baptiste.lavogiez.etu/BUT2/Semestre2/Webdev/tomcat/webapps/tp_chess]
18-Feb-2026 10:35:39.522 INFO [main] org.apache.jasper.servlet.TldScanner.scanJars At least one JAR was scanned for TLDs yet contained no TLDs. Enable debug logging for this logger for a complete list of JARs that were scanned but no TLDs were found in them. Skipping unneeded JARs during scanning can improve startup time and JSP compilation time.
18-Feb-2026 10:35:39.523 INFO [main] org.apache.catalina.startup.HostConfig.deployDirectory Deployment of web application directory [/home/infoetu/baptiste.lavogiez.etu/BUT2/Semestre2/Webdev/tomcat/webapps/tp_chess] has finished in [126] ms
18-Feb-2026 10:35:39.523 INFO [main] org.apache.catalina.startup.HostConfig.deployDirectory Deploying web application directory [/home/infoetu/baptiste.lavogiez.etu/BUT2/Semestre2/Webdev/tomcat/webapps/ctp3]
18-Feb-2026 10:35:39.648 INFO [main] org.apache.jasper.servlet.TldScanner.scanJars At least one JAR was scanned for TLDs yet contained no TLDs. Enable debug logging for this logger for a complete list of JARs that were scanned but no TLDs were found in them. Skipping unneeded JARs during scanning can improve startup time and JSP compilation time.
18-Feb-2026 10:35:39.649 INFO [main] org.apache.catalina.startup.HostConfig.deployDirectory Deployment of web application directory [/home/infoetu/baptiste.lavogiez.etu/BUT2/Semestre2/Webdev/tomcat/webapps/ctp3] has finished in [126] ms
18-Feb-2026 10:35:39.649 INFO [main] org.apache.catalina.startup.HostConfig.deployDirectory Deploying web application directory [/home/infoetu/baptiste.lavogiez.etu/BUT2/Semestre2/Webdev/tomcat/webapps/template]
18-Feb-2026 10:35:39.779 INFO [main] org.apache.jasper.servlet.TldScanner.scanJars At least one JAR was scanned for TLDs yet contained no TLDs. Enable debug logging for this logger for a complete list of JARs that were scanned but no TLDs were found in them. Skipping unneeded JARs during scanning can improve startup time and JSP compilation time.
18-Feb-2026 10:35:39.779 INFO [main] org.apache.catalina.startup.HostConfig.deployDirectory Deployment of web application directory [/home/infoetu/baptiste.lavogiez.etu/BUT2/Semestre2/Webdev/tomcat/webapps/template] has finished in [130] ms
18-Feb-2026 10:35:39.780 INFO [main] org.apache.catalina.startup.HostConfig.deployDirectory Deploying web application directory [/home/infoetu/baptiste.lavogiez.etu/BUT2/Semestre2/Webdev/tomcat/webapps/examples]
18-Feb-2026 10:35:51.288 INFO [main] org.apache.catalina.startup.VersionLoggerListener.log Server version name:   Apache Tomcat/11.0.13
18-Feb-2026 10:35:51.290 INFO [main] org.apache.catalina.startup.VersionLoggerListener.log Server built:          Oct 10 2025 13:57:31 UTC
18-Feb-2026 10:35:51.290 INFO [main] org.apache.catalina.startup.VersionLoggerListener.log Server version number: 11.0.13.0
18-Feb-2026 10:35:51.290 INFO [main] org.apache.catalina.startup.VersionLoggerListener.log OS Name:               Linux
18-Feb-2026 10:35:51.290 INFO [main] org.apache.catalina.startup.VersionLoggerListener.log OS Version:            6.1.0-40-amd64
18-Feb-2026 10:35:51.290 INFO [main] org.apache.catalina.startup.VersionLoggerListener.log Architecture:          amd64
18-Feb-2026 10:35:51.290 INFO [main] org.apache.catalina.startup.VersionLoggerListener.log Java Home:             /usr/lib/jvm/java-17-openjdk-amd64
18-Feb-2026 10:35:51.290 INFO [main] org.apache.catalina.startup.VersionLoggerListener.log JVM Version:           17.0.18+8-Debian-1deb12u1
18-Feb-2026 10:35:51.290 INFO [main] org.apache.catalina.startup.VersionLoggerListener.log JVM Vendor:            Debian
18-Feb-2026 10:35:51.290 INFO [main] org.apache.catalina.startup.VersionLoggerListener.log CATALINA_BASE:         /home/infoetu/baptiste.lavogiez.etu/BUT2/Semestre2/Webdev/tomcat
18-Feb-2026 10:35:51.290 INFO [main] org.apache.catalina.startup.VersionLoggerListener.log CATALINA_HOME:         /home/infoetu/baptiste.lavogiez.etu/BUT2/Semestre2/Webdev/tomcat
18-Feb-2026 10:35:51.293 INFO [main] org.apache.catalina.startup.VersionLoggerListener.log Command line argument: -Djava.util.logging.config.file=/home/infoetu/baptiste.lavogiez.etu/BUT2/Semestre2/Webdev/tomcat/conf/logging.properties
18-Feb-2026 10:35:51.293 INFO [main] org.apache.catalina.startup.VersionLoggerListener.log Command line argument: -Djava.util.logging.manager=org.apache.juli.ClassLoaderLogManager
18-Feb-2026 10:35:51.293 INFO [main] org.apache.catalina.startup.VersionLoggerListener.log Command line argument: -Djdk.tls.ephemeralDHKeySize=2048
18-Feb-2026 10:35:51.293 INFO [main] org.apache.catalina.startup.VersionLoggerListener.log Command line argument: -Dorg.apache.catalina.security.SecurityListener.UMASK=0027
18-Feb-2026 10:35:51.294 INFO [main] org.apache.catalina.startup.VersionLoggerListener.log Command line argument: --add-opens=java.base/java.lang=ALL-UNNAMED
18-Feb-2026 10:35:51.294 INFO [main] org.apache.catalina.startup.VersionLoggerListener.log Command line argument: --add-opens=java.base/java.lang.reflect=ALL-UNNAMED
18-Feb-2026 10:35:51.294 INFO [main] org.apache.catalina.startup.VersionLoggerListener.log Command line argument: --add-opens=java.base/java.io=ALL-UNNAMED
18-Feb-2026 10:35:51.294 INFO [main] org.apache.catalina.startup.VersionLoggerListener.log Command line argument: --add-opens=java.base/java.util=ALL-UNNAMED
18-Feb-2026 10:35:51.294 INFO [main] org.apache.catalina.startup.VersionLoggerListener.log Command line argument: --add-opens=java.base/java.util.concurrent=ALL-UNNAMED
18-Feb-2026 10:35:51.294 INFO [main] org.apache.catalina.startup.VersionLoggerListener.log Command line argument: --add-opens=java.rmi/sun.rmi.transport=ALL-UNNAMED
18-Feb-2026 10:35:51.294 INFO [main] org.apache.catalina.startup.VersionLoggerListener.log Command line argument: --enable-native-access=ALL-UNNAMED
18-Feb-2026 10:35:51.294 INFO [main] org.apache.catalina.startup.VersionLoggerListener.log Command line argument: -Dcatalina.base=/home/infoetu/baptiste.lavogiez.etu/BUT2/Semestre2/Webdev/tomcat
18-Feb-2026 10:35:51.294 INFO [main] org.apache.catalina.startup.VersionLoggerListener.log Command line argument: -Dcatalina.home=/home/infoetu/baptiste.lavogiez.etu/BUT2/Semestre2/Webdev/tomcat
18-Feb-2026 10:35:51.294 INFO [main] org.apache.catalina.startup.VersionLoggerListener.log Command line argument: -Djava.io.tmpdir=/home/infoetu/baptiste.lavogiez.etu/BUT2/Semestre2/Webdev/tomcat/temp
18-Feb-2026 10:35:51.295 INFO [main] org.apache.catalina.core.AprLifecycleListener.lifecycleEvent The Apache Tomcat Native library which allows using OpenSSL was not found on the java.library.path: [/usr/java/packages/lib:/usr/lib/x86_64-linux-gnu/jni:/lib/x86_64-linux-gnu:/usr/lib/x86_64-linux-gnu:/usr/lib/jni:/lib:/usr/lib]
18-Feb-2026 10:35:51.390 INFO [main] org.apache.coyote.AbstractProtocol.init Initializing ProtocolHandler ["http-nio-8080"]
18-Feb-2026 10:35:51.398 INFO [main] org.apache.catalina.startup.Catalina.load Server initialization in [177] milliseconds
18-Feb-2026 10:35:51.414 INFO [main] org.apache.catalina.core.StandardService.startInternal Starting service [Catalina]
18-Feb-2026 10:35:51.414 INFO [main] org.apache.catalina.core.StandardEngine.startInternal Starting Servlet engine: [Apache Tomcat/11.0.13]
18-Feb-2026 10:35:51.419 INFO [main] org.apache.catalina.startup.HostConfig.deployDirectory Deploying web application directory [/home/infoetu/baptiste.lavogiez.etu/BUT2/Semestre2/Webdev/tomcat/webapps/ctp2]
18-Feb-2026 10:35:51.706 INFO [main] org.apache.jasper.servlet.TldScanner.scanJars At least one JAR was scanned for TLDs yet contained no TLDs. Enable debug logging for this logger for a complete list of JARs that were scanned but no TLDs were found in them. Skipping unneeded JARs during scanning can improve startup time and JSP compilation time.
18-Feb-2026 10:35:51.719 INFO [main] org.apache.catalina.startup.HostConfig.deployDirectory Deployment of web application directory [/home/infoetu/baptiste.lavogiez.etu/BUT2/Semestre2/Webdev/tomcat/webapps/ctp2] has finished in [300] ms
18-Feb-2026 10:35:51.719 INFO [main] org.apache.catalina.startup.HostConfig.deployDirectory Deploying web application directory [/home/infoetu/baptiste.lavogiez.etu/BUT2/Semestre2/Webdev/tomcat/webapps/ctp (copie)]
18-Feb-2026 10:35:51.869 INFO [main] org.apache.jasper.servlet.TldScanner.scanJars At least one JAR was scanned for TLDs yet contained no TLDs. Enable debug logging for this logger for a complete list of JARs that were scanned but no TLDs were found in them. Skipping unneeded JARs during scanning can improve startup time and JSP compilation time.
18-Feb-2026 10:35:51.871 INFO [main] org.apache.catalina.startup.HostConfig.deployDirectory Deployment of web application directory [/home/infoetu/baptiste.lavogiez.etu/BUT2/Semestre2/Webdev/tomcat/webapps/ctp (copie)] has finished in [152] ms
18-Feb-2026 10:35:51.871 INFO [main] org.apache.catalina.startup.HostConfig.deployDirectory Deploying web application directory [/home/infoetu/baptiste.lavogiez.etu/BUT2/Semestre2/Webdev/tomcat/webapps/ctp-sample]
18-Feb-2026 10:35:52.002 INFO [main] org.apache.jasper.servlet.TldScanner.scanJars At least one JAR was scanned for TLDs yet contained no TLDs. Enable debug logging for this logger for a complete list of JARs that were scanned but no TLDs were found in them. Skipping unneeded JARs during scanning can improve startup time and JSP compilation time.
18-Feb-2026 10:35:52.003 INFO [main] org.apache.catalina.startup.HostConfig.deployDirectory Deployment of web application directory [/home/infoetu/baptiste.lavogiez.etu/BUT2/Semestre2/Webdev/tomcat/webapps/ctp-sample] has finished in [132] ms
18-Feb-2026 10:35:52.003 INFO [main] org.apache.catalina.startup.HostConfig.deployDirectory Deploying web application directory [/home/infoetu/baptiste.lavogiez.etu/BUT2/Semestre2/Webdev/tomcat/webapps/__MACOSX]
18-Feb-2026 10:35:52.129 INFO [main] org.apache.jasper.servlet.TldScanner.scanJars At least one JAR was scanned for TLDs yet contained no TLDs. Enable debug logging for this logger for a complete list of JARs that were scanned but no TLDs were found in them. Skipping unneeded JARs during scanning can improve startup time and JSP compilation time.
18-Feb-2026 10:35:52.130 INFO [main] org.apache.catalina.startup.HostConfig.deployDirectory Deployment of web application directory [/home/infoetu/baptiste.lavogiez.etu/BUT2/Semestre2/Webdev/tomcat/webapps/__MACOSX] has finished in [127] ms
18-Feb-2026 10:35:52.130 INFO [main] org.apache.catalina.startup.HostConfig.deployDirectory Deploying web application directory [/home/infoetu/baptiste.lavogiez.etu/BUT2/Semestre2/Webdev/tomcat/webapps/ROOT]
18-Feb-2026 10:35:52.250 INFO [main] org.apache.jasper.servlet.TldScanner.scanJars At least one JAR was scanned for TLDs yet contained no TLDs. Enable debug logging for this logger for a complete list of JARs that were scanned but no TLDs were found in them. Skipping unneeded JARs during scanning can improve startup time and JSP compilation time.
18-Feb-2026 10:35:52.251 INFO [main] org.apache.catalina.startup.HostConfig.deployDirectory Deployment of web application directory [/home/infoetu/baptiste.lavogiez.etu/BUT2/Semestre2/Webdev/tomcat/webapps/ROOT] has finished in [121] ms
18-Feb-2026 10:35:52.251 INFO [main] org.apache.catalina.startup.HostConfig.deployDirectory Deploying web application directory [/home/infoetu/baptiste.lavogiez.etu/BUT2/Semestre2/Webdev/tomcat/webapps/TP04]
18-Feb-2026 10:35:52.374 INFO [main] org.apache.jasper.servlet.TldScanner.scanJars At least one JAR was scanned for TLDs yet contained no TLDs. Enable debug logging for this logger for a complete list of JARs that were scanned but no TLDs were found in them. Skipping unneeded JARs during scanning can improve startup time and JSP compilation time.
18-Feb-2026 10:35:52.375 INFO [main] org.apache.catalina.startup.HostConfig.deployDirectory Deployment of web application directory [/home/infoetu/baptiste.lavogiez.etu/BUT2/Semestre2/Webdev/tomcat/webapps/TP04] has finished in [124] ms
18-Feb-2026 10:35:52.375 INFO [main] org.apache.catalina.startup.HostConfig.deployDirectory Deploying web application directory [/home/infoetu/baptiste.lavogiez.etu/BUT2/Semestre2/Webdev/tomcat/webapps/docs]
18-Feb-2026 10:35:52.489 INFO [main] org.apache.jasper.servlet.TldScanner.scanJars At least one JAR was scanned for TLDs yet contained no TLDs. Enable debug logging for this logger for a complete list of JARs that were scanned but no TLDs were found in them. Skipping unneeded JARs during scanning can improve startup time and JSP compilation time.
18-Feb-2026 10:35:52.489 INFO [main] org.apache.catalina.startup.HostConfig.deployDirectory Deployment of web application directory [/home/infoetu/baptiste.lavogiez.etu/BUT2/Semestre2/Webdev/tomcat/webapps/docs] has finished in [114] ms
18-Feb-2026 10:35:52.490 INFO [main] org.apache.catalina.startup.HostConfig.deployDirectory Deploying web application directory [/home/infoetu/baptiste.lavogiez.etu/BUT2/Semestre2/Webdev/tomcat/webapps/TP03-Partie2]
18-Feb-2026 10:35:52.612 INFO [main] org.apache.jasper.servlet.TldScanner.scanJars At least one JAR was scanned for TLDs yet contained no TLDs. Enable debug logging for this logger for a complete list of JARs that were scanned but no TLDs were found in them. Skipping unneeded JARs during scanning can improve startup time and JSP compilation time.
18-Feb-2026 10:35:52.613 INFO [main] org.apache.catalina.startup.HostConfig.deployDirectory Deployment of web application directory [/home/infoetu/baptiste.lavogiez.etu/BUT2/Semestre2/Webdev/tomcat/webapps/TP03-Partie2] has finished in [123] ms
18-Feb-2026 10:35:52.613 INFO [main] org.apache.catalina.startup.HostConfig.deployDirectory Deploying web application directory [/home/infoetu/baptiste.lavogiez.etu/BUT2/Semestre2/Webdev/tomcat/webapps/TP05]
18-Feb-2026 10:35:52.734 INFO [main] org.apache.jasper.servlet.TldScanner.scanJars At least one JAR was scanned for TLDs yet contained no TLDs. Enable debug logging for this logger for a complete list of JARs that were scanned but no TLDs were found in them. Skipping unneeded JARs during scanning can improve startup time and JSP compilation time.
18-Feb-2026 10:35:52.735 INFO [main] org.apache.catalina.startup.HostConfig.deployDirectory Deployment of web application directory [/home/infoetu/baptiste.lavogiez.etu/BUT2/Semestre2/Webdev/tomcat/webapps/TP05] has finished in [122] ms
18-Feb-2026 10:35:52.735 INFO [main] org.apache.catalina.startup.HostConfig.deployDirectory Deploying web application directory [/home/infoetu/baptiste.lavogiez.etu/BUT2/Semestre2/Webdev/tomcat/webapps/TP06]
18-Feb-2026 10:35:52.867 INFO [main] org.apache.jasper.servlet.TldScanner.scanJars At least one JAR was scanned for TLDs yet contained no TLDs. Enable debug logging for this logger for a complete list of JARs that were scanned but no TLDs were found in them. Skipping unneeded JARs during scanning can improve startup time and JSP compilation time.
18-Feb-2026 10:35:52.868 INFO [main] org.apache.catalina.startup.HostConfig.deployDirectory Deployment of web application directory [/home/infoetu/baptiste.lavogiez.etu/BUT2/Semestre2/Webdev/tomcat/webapps/TP06] has finished in [133] ms
18-Feb-2026 10:35:52.869 INFO [main] org.apache.catalina.startup.HostConfig.deployDirectory Deploying web application directory [/home/infoetu/baptiste.lavogiez.etu/BUT2/Semestre2/Webdev/tomcat/webapps/manager]
18-Feb-2026 10:35:52.987 INFO [main] org.apache.jasper.servlet.TldScanner.scanJars At least one JAR was scanned for TLDs yet contained no TLDs. Enable debug logging for this logger for a complete list of JARs that were scanned but no TLDs were found in them. Skipping unneeded JARs during scanning can improve startup time and JSP compilation time.
18-Feb-2026 10:35:52.990 INFO [main] org.apache.catalina.startup.HostConfig.deployDirectory Deployment of web application directory [/home/infoetu/baptiste.lavogiez.etu/BUT2/Semestre2/Webdev/tomcat/webapps/manager] has finished in [121] ms
18-Feb-2026 10:35:52.991 INFO [main] org.apache.catalina.startup.HostConfig.deployDirectory Deploying web application directory [/home/infoetu/baptiste.lavogiez.etu/BUT2/Semestre2/Webdev/tomcat/webapps/TP02]
18-Feb-2026 10:35:53.121 INFO [main] org.apache.jasper.servlet.TldScanner.scanJars At least one JAR was scanned for TLDs yet contained no TLDs. Enable debug logging for this logger for a complete list of JARs that were scanned but no TLDs were found in them. Skipping unneeded JARs during scanning can improve startup time and JSP compilation time.
18-Feb-2026 10:35:53.122 INFO [main] org.apache.catalina.startup.HostConfig.deployDirectory Deployment of web application directory [/home/infoetu/baptiste.lavogiez.etu/BUT2/Semestre2/Webdev/tomcat/webapps/TP02] has finished in [131] ms
18-Feb-2026 10:35:53.122 INFO [main] org.apache.catalina.startup.HostConfig.deployDirectory Deploying web application directory [/home/infoetu/baptiste.lavogiez.etu/BUT2/Semestre2/Webdev/tomcat/webapps/ctp1]
18-Feb-2026 10:35:53.251 INFO [main] org.apache.jasper.servlet.TldScanner.scanJars At least one JAR was scanned for TLDs yet contained no TLDs. Enable debug logging for this logger for a complete list of JARs that were scanned but no TLDs were found in them. Skipping unneeded JARs during scanning can improve startup time and JSP compilation time.
18-Feb-2026 10:35:53.252 INFO [main] org.apache.catalina.startup.HostConfig.deployDirectory Deployment of web application directory [/home/infoetu/baptiste.lavogiez.etu/BUT2/Semestre2/Webdev/tomcat/webapps/ctp1] has finished in [130] ms
18-Feb-2026 10:35:53.252 INFO [main] org.apache.catalina.startup.HostConfig.deployDirectory Deploying web application directory [/home/infoetu/baptiste.lavogiez.etu/BUT2/Semestre2/Webdev/tomcat/webapps/TP03]
18-Feb-2026 10:35:53.374 INFO [main] org.apache.jasper.servlet.TldScanner.scanJars At least one JAR was scanned for TLDs yet contained no TLDs. Enable debug logging for this logger for a complete list of JARs that were scanned but no TLDs were found in them. Skipping unneeded JARs during scanning can improve startup time and JSP compilation time.
18-Feb-2026 10:35:53.375 INFO [main] org.apache.catalina.startup.HostConfig.deployDirectory Deployment of web application directory [/home/infoetu/baptiste.lavogiez.etu/BUT2/Semestre2/Webdev/tomcat/webapps/TP03] has finished in [123] ms
18-Feb-2026 10:35:53.375 INFO [main] org.apache.catalina.startup.HostConfig.deployDirectory Deploying web application directory [/home/infoetu/baptiste.lavogiez.etu/BUT2/Semestre2/Webdev/tomcat/webapps/TP01]
18-Feb-2026 10:35:53.492 INFO [main] org.apache.jasper.servlet.TldScanner.scanJars At least one JAR was scanned for TLDs yet contained no TLDs. Enable debug logging for this logger for a complete list of JARs that were scanned but no TLDs were found in them. Skipping unneeded JARs during scanning can improve startup time and JSP compilation time.
18-Feb-2026 10:35:53.493 INFO [main] org.apache.catalina.startup.HostConfig.deployDirectory Deployment of web application directory [/home/infoetu/baptiste.lavogiez.etu/BUT2/Semestre2/Webdev/tomcat/webapps/TP01] has finished in [118] ms
18-Feb-2026 10:35:53.493 INFO [main] org.apache.catalina.startup.HostConfig.deployDirectory Deploying web application directory [/home/infoetu/baptiste.lavogiez.etu/BUT2/Semestre2/Webdev/tomcat/webapps/host-manager]
18-Feb-2026 10:35:53.612 INFO [main] org.apache.jasper.servlet.TldScanner.scanJars At least one JAR was scanned for TLDs yet contained no TLDs. Enable debug logging for this logger for a complete list of JARs that were scanned but no TLDs were found in them. Skipping unneeded JARs during scanning can improve startup time and JSP compilation time.
18-Feb-2026 10:35:53.613 INFO [main] org.apache.catalina.startup.HostConfig.deployDirectory Deployment of web application directory [/home/infoetu/baptiste.lavogiez.etu/BUT2/Semestre2/Webdev/tomcat/webapps/host-manager] has finished in [120] ms
18-Feb-2026 10:35:53.615 INFO [main] org.apache.catalina.startup.HostConfig.deployDirectory Deploying web application directory [/home/infoetu/baptiste.lavogiez.etu/BUT2/Semestre2/Webdev/tomcat/webapps/tp_chess]
18-Feb-2026 10:35:53.754 INFO [main] org.apache.jasper.servlet.TldScanner.scanJars At least one JAR was scanned for TLDs yet contained no TLDs. Enable debug logging for this logger for a complete list of JARs that were scanned but no TLDs were found in them. Skipping unneeded JARs during scanning can improve startup time and JSP compilation time.
18-Feb-2026 10:35:53.755 INFO [main] org.apache.catalina.startup.HostConfig.deployDirectory Deployment of web application directory [/home/infoetu/baptiste.lavogiez.etu/BUT2/Semestre2/Webdev/tomcat/webapps/tp_chess] has finished in [140] ms
18-Feb-2026 10:35:53.756 INFO [main] org.apache.catalina.startup.HostConfig.deployDirectory Deploying web application directory [/home/infoetu/baptiste.lavogiez.etu/BUT2/Semestre2/Webdev/tomcat/webapps/ctp3]
18-Feb-2026 10:35:53.901 INFO [main] org.apache.jasper.servlet.TldScanner.scanJars At least one JAR was scanned for TLDs yet contained no TLDs. Enable debug logging for this logger for a complete list of JARs that were scanned but no TLDs were found in them. Skipping unneeded JARs during scanning can improve startup time and JSP compilation time.
18-Feb-2026 10:35:53.901 INFO [main] org.apache.catalina.startup.HostConfig.deployDirectory Deployment of web application directory [/home/infoetu/baptiste.lavogiez.etu/BUT2/Semestre2/Webdev/tomcat/webapps/ctp3] has finished in [145] ms
18-Feb-2026 10:35:53.902 INFO [main] org.apache.catalina.startup.HostConfig.deployDirectory Deploying web application directory [/home/infoetu/baptiste.lavogiez.etu/BUT2/Semestre2/Webdev/tomcat/webapps/template]
18-Feb-2026 10:35:54.049 INFO [main] org.apache.jasper.servlet.TldScanner.scanJars At least one JAR was scanned for TLDs yet contained no TLDs. Enable debug logging for this logger for a complete list of JARs that were scanned but no TLDs were found in them. Skipping unneeded JARs during scanning can improve startup time and JSP compilation time.
18-Feb-2026 10:35:54.050 INFO [main] org.apache.catalina.startup.HostConfig.deployDirectory Deployment of web application directory [/home/infoetu/baptiste.lavogiez.etu/BUT2/Semestre2/Webdev/tomcat/webapps/template] has finished in [148] ms
18-Feb-2026 10:35:54.051 INFO [main] org.apache.catalina.startup.HostConfig.deployDirectory Deploying web application directory [/home/infoetu/baptiste.lavogiez.etu/BUT2/Semestre2/Webdev/tomcat/webapps/examples]
18-Feb-2026 10:35:54.463 INFO [main] org.apache.jasper.servlet.TldScanner.scanJars At least one JAR was scanned for TLDs yet contained no TLDs. Enable debug logging for this logger for a complete list of JARs that were scanned but no TLDs were found in them. Skipping unneeded JARs during scanning can improve startup time and JSP compilation time.
18-Feb-2026 10:35:54.489 INFO [main] org.apache.catalina.startup.HostConfig.deployDirectory Deployment of web application directory [/home/infoetu/baptiste.lavogiez.etu/BUT2/Semestre2/Webdev/tomcat/webapps/examples] has finished in [438] ms
18-Feb-2026 10:35:54.490 INFO [main] org.apache.catalina.startup.HostConfig.deployDirectory Deploying web application directory [/home/infoetu/baptiste.lavogiez.etu/BUT2/Semestre2/Webdev/tomcat/webapps/ctp]
18-Feb-2026 10:35:54.683 INFO [main] org.apache.jasper.servlet.TldScanner.scanJars At least one JAR was scanned for TLDs yet contained no TLDs. Enable debug logging for this logger for a complete list of JARs that were scanned but no TLDs were found in them. Skipping unneeded JARs during scanning can improve startup time and JSP compilation time.
18-Feb-2026 10:35:54.684 INFO [main] org.apache.catalina.startup.HostConfig.deployDirectory Deployment of web application directory [/home/infoetu/baptiste.lavogiez.etu/BUT2/Semestre2/Webdev/tomcat/webapps/ctp] has finished in [194] ms
18-Feb-2026 10:35:54.687 INFO [main] org.apache.coyote.AbstractProtocol.start Starting ProtocolHandler ["http-nio-8080"]
18-Feb-2026 10:35:54.691 INFO [main] org.apache.catalina.startup.Catalina.start Server startup in [3293] milliseconds
18-Feb-2026 10:41:50.122 INFO [main] org.apache.catalina.startup.VersionLoggerListener.log Server version name:   Apache Tomcat/11.0.13
18-Feb-2026 10:41:50.124 INFO [main] org.apache.catalina.startup.VersionLoggerListener.log Server built:          Oct 10 2025 13:57:31 UTC
18-Feb-2026 10:41:50.124 INFO [main] org.apache.catalina.startup.VersionLoggerListener.log Server version number: 11.0.13.0
18-Feb-2026 10:41:50.124 INFO [main] org.apache.catalina.startup.VersionLoggerListener.log OS Name:               Linux
18-Feb-2026 10:41:50.124 INFO [main] org.apache.catalina.startup.VersionLoggerListener.log OS Version:            6.1.0-40-amd64
18-Feb-2026 10:41:50.124 INFO [main] org.apache.catalina.startup.VersionLoggerListener.log Architecture:          amd64
18-Feb-2026 10:41:50.124 INFO [main] org.apache.catalina.startup.VersionLoggerListener.log Java Home:             /usr/lib/jvm/java-17-openjdk-amd64
18-Feb-2026 10:41:50.124 INFO [main] org.apache.catalina.startup.VersionLoggerListener.log JVM Version:           17.0.18+8-Debian-1deb12u1
18-Feb-2026 10:41:50.125 INFO [main] org.apache.catalina.startup.VersionLoggerListener.log JVM Vendor:            Debian
18-Feb-2026 10:41:50.125 INFO [main] org.apache.catalina.startup.VersionLoggerListener.log CATALINA_BASE:         /home/infoetu/baptiste.lavogiez.etu/BUT2/Semestre2/Webdev/tomcat
18-Feb-2026 10:41:50.125 INFO [main] org.apache.catalina.startup.VersionLoggerListener.log CATALINA_HOME:         /home/infoetu/baptiste.lavogiez.etu/BUT2/Semestre2/Webdev/tomcat
18-Feb-2026 10:41:50.128 INFO [main] org.apache.catalina.startup.VersionLoggerListener.log Command line argument: -Djava.util.logging.config.file=/home/infoetu/baptiste.lavogiez.etu/BUT2/Semestre2/Webdev/tomcat/conf/logging.properties
18-Feb-2026 10:41:50.128 INFO [main] org.apache.catalina.startup.VersionLoggerListener.log Command line argument: -Djava.util.logging.manager=org.apache.juli.ClassLoaderLogManager
18-Feb-2026 10:41:50.128 INFO [main] org.apache.catalina.startup.VersionLoggerListener.log Command line argument: -Djdk.tls.ephemeralDHKeySize=2048
18-Feb-2026 10:41:50.128 INFO [main] org.apache.catalina.startup.VersionLoggerListener.log Command line argument: -Dorg.apache.catalina.security.SecurityListener.UMASK=0027
18-Feb-2026 10:41:50.128 INFO [main] org.apache.catalina.startup.VersionLoggerListener.log Command line argument: --add-opens=java.base/java.lang=ALL-UNNAMED
18-Feb-2026 10:41:50.128 INFO [main] org.apache.catalina.startup.VersionLoggerListener.log Command line argument: --add-opens=java.base/java.lang.reflect=ALL-UNNAMED
18-Feb-2026 10:41:50.128 INFO [main] org.apache.catalina.startup.VersionLoggerListener.log Command line argument: --add-opens=java.base/java.io=ALL-UNNAMED
18-Feb-2026 10:41:50.128 INFO [main] org.apache.catalina.startup.VersionLoggerListener.log Command line argument: --add-opens=java.base/java.util=ALL-UNNAMED
18-Feb-2026 10:41:50.128 INFO [main] org.apache.catalina.startup.VersionLoggerListener.log Command line argument: --add-opens=java.base/java.util.concurrent=ALL-UNNAMED
18-Feb-2026 10:41:50.129 INFO [main] org.apache.catalina.startup.VersionLoggerListener.log Command line argument: --add-opens=java.rmi/sun.rmi.transport=ALL-UNNAMED
18-Feb-2026 10:41:50.129 INFO [main] org.apache.catalina.startup.VersionLoggerListener.log Command line argument: --enable-native-access=ALL-UNNAMED
18-Feb-2026 10:41:50.129 INFO [main] org.apache.catalina.startup.VersionLoggerListener.log Command line argument: -Dcatalina.base=/home/infoetu/baptiste.lavogiez.etu/BUT2/Semestre2/Webdev/tomcat
18-Feb-2026 10:41:50.129 INFO [main] org.apache.catalina.startup.VersionLoggerListener.log Command line argument: -Dcatalina.home=/home/infoetu/baptiste.lavogiez.etu/BUT2/Semestre2/Webdev/tomcat
18-Feb-2026 10:41:50.129 INFO [main] org.apache.catalina.startup.VersionLoggerListener.log Command line argument: -Djava.io.tmpdir=/home/infoetu/baptiste.lavogiez.etu/BUT2/Semestre2/Webdev/tomcat/temp
18-Feb-2026 10:41:50.129 INFO [main] org.apache.catalina.core.AprLifecycleListener.lifecycleEvent The Apache Tomcat Native library which allows using OpenSSL was not found on the java.library.path: [/usr/java/packages/lib:/usr/lib/x86_64-linux-gnu/jni:/lib/x86_64-linux-gnu:/usr/lib/x86_64-linux-gnu:/usr/lib/jni:/lib:/usr/lib]
18-Feb-2026 10:41:50.230 INFO [main] org.apache.coyote.AbstractProtocol.init Initializing ProtocolHandler ["http-nio-8080"]
18-Feb-2026 10:41:50.235 SEVERE [main] org.apache.catalina.util.LifecycleBase.handleSubClassException Failed to initialize component [Connector["http-nio-8080"]]
	org.apache.catalina.LifecycleException: Protocol handler initialization failed
		at org.apache.catalina.connector.Connector.initInternal(Connector.java:1076)
		at org.apache.catalina.util.LifecycleBase.init(LifecycleBase.java:122)
		at org.apache.catalina.core.StandardService.initInternal(StandardService.java:520)
		at org.apache.catalina.util.LifecycleBase.init(LifecycleBase.java:122)
		at org.apache.catalina.core.StandardServer.initInternal(StandardServer.java:951)
		at org.apache.catalina.util.LifecycleBase.init(LifecycleBase.java:122)
		at org.apache.catalina.startup.Catalina.load(Catalina.java:707)
		at org.apache.catalina.startup.Catalina.load(Catalina.java:730)
		at java.base/jdk.internal.reflect.NativeMethodAccessorImpl.invoke0(Native Method)
		at java.base/jdk.internal.reflect.NativeMethodAccessorImpl.invoke(NativeMethodAccessorImpl.java:77)
		at java.base/jdk.internal.reflect.DelegatingMethodAccessorImpl.invoke(DelegatingMethodAccessorImpl.java:43)
		at java.base/java.lang.reflect.Method.invoke(Method.java:569)
		at org.apache.catalina.startup.Bootstrap.load(Bootstrap.java:296)
		at org.apache.catalina.startup.Bootstrap.main(Bootstrap.java:469)
	Caused by: java.net.BindException: Address already in use
		at java.base/sun.nio.ch.Net.bind0(Native Method)
		at java.base/sun.nio.ch.Net.bind(Net.java:567)
		at java.base/sun.nio.ch.ServerSocketChannelImpl.netBind(ServerSocketChannelImpl.java:337)
		at java.base/sun.nio.ch.ServerSocketChannelImpl.bind(ServerSocketChannelImpl.java:294)
		at org.apache.tomcat.util.net.NioEndpoint.initServerSocket(NioEndpoint.java:265)
		at org.apache.tomcat.util.net.NioEndpoint.bind(NioEndpoint.java:220)
		at org.apache.tomcat.util.net.AbstractEndpoint.bindWithCleanup(AbstractEndpoint.java:1600)
		at org.apache.tomcat.util.net.AbstractEndpoint.init(AbstractEndpoint.java:1613)
		at org.apache.coyote.AbstractProtocol.init(AbstractProtocol.java:633)
		at org.apache.coyote.http11.AbstractHttp11Protocol.init(AbstractHttp11Protocol.java:83)
		at org.apache.catalina.connector.Connector.initInternal(Connector.java:1074)
		... 13 more
18-Feb-2026 10:41:50.236 INFO [main] org.apache.catalina.startup.Catalina.load Server initialization in [179] milliseconds
18-Feb-2026 10:41:50.251 INFO [main] org.apache.catalina.core.StandardService.startInternal Starting service [Catalina]
18-Feb-2026 10:41:50.252 INFO [main] org.apache.catalina.core.StandardEngine.startInternal Starting Servlet engine: [Apache Tomcat/11.0.13]
18-Feb-2026 10:41:50.256 INFO [main] org.apache.catalina.startup.HostConfig.deployDirectory Deploying web application directory [/home/infoetu/baptiste.lavogiez.etu/BUT2/Semestre2/Webdev/tomcat/webapps/ctp2]
18-Feb-2026 10:41:50.551 INFO [main] org.apache.jasper.servlet.TldScanner.scanJars At least one JAR was scanned for TLDs yet contained no TLDs. Enable debug logging for this logger for a complete list of JARs that were scanned but no TLDs were found in them. Skipping unneeded JARs during scanning can improve startup time and JSP compilation time.
18-Feb-2026 10:41:50.565 INFO [main] org.apache.catalina.startup.HostConfig.deployDirectory Deployment of web application directory [/home/infoetu/baptiste.lavogiez.etu/BUT2/Semestre2/Webdev/tomcat/webapps/ctp2] has finished in [308] ms
18-Feb-2026 10:41:50.565 INFO [main] org.apache.catalina.startup.HostConfig.deployDirectory Deploying web application directory [/home/infoetu/baptiste.lavogiez.etu/BUT2/Semestre2/Webdev/tomcat/webapps/ctp (copie)]
18-Feb-2026 10:41:50.715 INFO [main] org.apache.jasper.servlet.TldScanner.scanJars At least one JAR was scanned for TLDs yet contained no TLDs. Enable debug logging for this logger for a complete list of JARs that were scanned but no TLDs were found in them. Skipping unneeded JARs during scanning can improve startup time and JSP compilation time.
18-Feb-2026 10:41:50.716 INFO [main] org.apache.catalina.startup.HostConfig.deployDirectory Deployment of web application directory [/home/infoetu/baptiste.lavogiez.etu/BUT2/Semestre2/Webdev/tomcat/webapps/ctp (copie)] has finished in [151] ms
18-Feb-2026 10:41:50.716 INFO [main] org.apache.catalina.startup.HostConfig.deployDirectory Deploying web application directory [/home/infoetu/baptiste.lavogiez.etu/BUT2/Semestre2/Webdev/tomcat/webapps/ctp-sample]
18-Feb-2026 10:41:50.852 INFO [main] org.apache.jasper.servlet.TldScanner.scanJars At least one JAR was scanned for TLDs yet contained no TLDs. Enable debug logging for this logger for a complete list of JARs that were scanned but no TLDs were found in them. Skipping unneeded JARs during scanning can improve startup time and JSP compilation time.
18-Feb-2026 10:41:50.853 INFO [main] org.apache.catalina.startup.HostConfig.deployDirectory Deployment of web application directory [/home/infoetu/baptiste.lavogiez.etu/BUT2/Semestre2/Webdev/tomcat/webapps/ctp-sample] has finished in [137] ms
18-Feb-2026 10:41:50.853 INFO [main] org.apache.catalina.startup.HostConfig.deployDirectory Deploying web application directory [/home/infoetu/baptiste.lavogiez.etu/BUT2/Semestre2/Webdev/tomcat/webapps/__MACOSX]
18-Feb-2026 10:41:50.976 INFO [main] org.apache.jasper.servlet.TldScanner.scanJars At least one JAR was scanned for TLDs yet contained no TLDs. Enable debug logging for this logger for a complete list of JARs that were scanned but no TLDs were found in them. Skipping unneeded JARs during scanning can improve startup time and JSP compilation time.
18-Feb-2026 10:41:50.977 INFO [main] org.apache.catalina.startup.HostConfig.deployDirectory Deployment of web application directory [/home/infoetu/baptiste.lavogiez.etu/BUT2/Semestre2/Webdev/tomcat/webapps/__MACOSX] has finished in [124] ms
18-Feb-2026 10:41:50.978 INFO [main] org.apache.catalina.startup.HostConfig.deployDirectory Deploying web application directory [/home/infoetu/baptiste.lavogiez.etu/BUT2/Semestre2/Webdev/tomcat/webapps/ROOT]
18-Feb-2026 10:41:51.094 INFO [main] org.apache.jasper.servlet.TldScanner.scanJars At least one JAR was scanned for TLDs yet contained no TLDs. Enable debug logging for this logger for a complete list of JARs that were scanned but no TLDs were found in them. Skipping unneeded JARs during scanning can improve startup time and JSP compilation time.
18-Feb-2026 10:41:51.095 INFO [main] org.apache.catalina.startup.HostConfig.deployDirectory Deployment of web application directory [/home/infoetu/baptiste.lavogiez.etu/BUT2/Semestre2/Webdev/tomcat/webapps/ROOT] has finished in [117] ms
18-Feb-2026 10:41:51.095 INFO [main] org.apache.catalina.startup.HostConfig.deployDirectory Deploying web application directory [/home/infoetu/baptiste.lavogiez.etu/BUT2/Semestre2/Webdev/tomcat/webapps/TP04]
18-Feb-2026 10:41:51.213 INFO [main] org.apache.jasper.servlet.TldScanner.scanJars At least one JAR was scanned for TLDs yet contained no TLDs. Enable debug logging for this logger for a complete list of JARs that were scanned but no TLDs were found in them. Skipping unneeded JARs during scanning can improve startup time and JSP compilation time.
18-Feb-2026 10:41:51.214 INFO [main] org.apache.catalina.startup.HostConfig.deployDirectory Deployment of web application directory [/home/infoetu/baptiste.lavogiez.etu/BUT2/Semestre2/Webdev/tomcat/webapps/TP04] has finished in [119] ms
18-Feb-2026 10:41:51.214 INFO [main] org.apache.catalina.startup.HostConfig.deployDirectory Deploying web application directory [/home/infoetu/baptiste.lavogiez.etu/BUT2/Semestre2/Webdev/tomcat/webapps/docs]
18-Feb-2026 10:41:51.330 INFO [main] org.apache.jasper.servlet.TldScanner.scanJars At least one JAR was scanned for TLDs yet contained no TLDs. Enable debug logging for this logger for a complete list of JARs that were scanned but no TLDs were found in them. Skipping unneeded JARs during scanning can improve startup time and JSP compilation time.
18-Feb-2026 10:41:51.331 INFO [main] org.apache.catalina.startup.HostConfig.deployDirectory Deployment of web application directory [/home/infoetu/baptiste.lavogiez.etu/BUT2/Semestre2/Webdev/tomcat/webapps/docs] has finished in [116] ms
18-Feb-2026 10:41:51.331 INFO [main] org.apache.catalina.startup.HostConfig.deployDirectory Deploying web application directory [/home/infoetu/baptiste.lavogiez.etu/BUT2/Semestre2/Webdev/tomcat/webapps/TP03-Partie2]
18-Feb-2026 10:41:51.451 INFO [main] org.apache.jasper.servlet.TldScanner.scanJars At least one JAR was scanned for TLDs yet contained no TLDs. Enable debug logging for this logger for a complete list of JARs that were scanned but no TLDs were found in them. Skipping unneeded JARs during scanning can improve startup time and JSP compilation time.
18-Feb-2026 10:41:51.452 INFO [main] org.apache.catalina.startup.HostConfig.deployDirectory Deployment of web application directory [/home/infoetu/baptiste.lavogiez.etu/BUT2/Semestre2/Webdev/tomcat/webapps/TP03-Partie2] has finished in [120] ms
18-Feb-2026 10:41:51.452 INFO [main] org.apache.catalina.startup.HostConfig.deployDirectory Deploying web application directory [/home/infoetu/baptiste.lavogiez.etu/BUT2/Semestre2/Webdev/tomcat/webapps/TP05]
18-Feb-2026 10:41:51.572 INFO [main] org.apache.jasper.servlet.TldScanner.scanJars At least one JAR was scanned for TLDs yet contained no TLDs. Enable debug logging for this logger for a complete list of JARs that were scanned but no TLDs were found in them. Skipping unneeded JARs during scanning can improve startup time and JSP compilation time.
18-Feb-2026 10:41:51.573 INFO [main] org.apache.catalina.startup.HostConfig.deployDirectory Deployment of web application directory [/home/infoetu/baptiste.lavogiez.etu/BUT2/Semestre2/Webdev/tomcat/webapps/TP05] has finished in [121] ms
18-Feb-2026 10:41:51.573 INFO [main] org.apache.catalina.startup.HostConfig.deployDirectory Deploying web application directory [/home/infoetu/baptiste.lavogiez.etu/BUT2/Semestre2/Webdev/tomcat/webapps/TP06]
18-Feb-2026 10:41:51.703 INFO [main] org.apache.jasper.servlet.TldScanner.scanJars At least one JAR was scanned for TLDs yet contained no TLDs. Enable debug logging for this logger for a complete list of JARs that were scanned but no TLDs were found in them. Skipping unneeded JARs during scanning can improve startup time and JSP compilation time.
18-Feb-2026 10:41:51.704 INFO [main] org.apache.catalina.startup.HostConfig.deployDirectory Deployment of web application directory [/home/infoetu/baptiste.lavogiez.etu/BUT2/Semestre2/Webdev/tomcat/webapps/TP06] has finished in [130] ms
18-Feb-2026 10:41:51.704 INFO [main] org.apache.catalina.startup.HostConfig.deployDirectory Deploying web application directory [/home/infoetu/baptiste.lavogiez.etu/BUT2/Semestre2/Webdev/tomcat/webapps/manager]
18-Feb-2026 10:41:51.818 INFO [main] org.apache.jasper.servlet.TldScanner.scanJars At least one JAR was scanned for TLDs yet contained no TLDs. Enable debug logging for this logger for a complete list of JARs that were scanned but no TLDs were found in them. Skipping unneeded JARs during scanning can improve startup time and JSP compilation time.
18-Feb-2026 10:41:51.820 INFO [main] org.apache.catalina.startup.HostConfig.deployDirectory Deployment of web application directory [/home/infoetu/baptiste.lavogiez.etu/BUT2/Semestre2/Webdev/tomcat/webapps/manager] has finished in [116] ms
18-Feb-2026 10:41:51.820 INFO [main] org.apache.catalina.startup.HostConfig.deployDirectory Deploying web application directory [/home/infoetu/baptiste.lavogiez.etu/BUT2/Semestre2/Webdev/tomcat/webapps/TP02]
18-Feb-2026 10:41:51.942 INFO [main] org.apache.jasper.servlet.TldScanner.scanJars At least one JAR was scanned for TLDs yet contained no TLDs. Enable debug logging for this logger for a complete list of JARs that were scanned but no TLDs were found in them. Skipping unneeded JARs during scanning can improve startup time and JSP compilation time.
18-Feb-2026 10:41:51.942 INFO [main] org.apache.catalina.startup.HostConfig.deployDirectory Deployment of web application directory [/home/infoetu/baptiste.lavogiez.etu/BUT2/Semestre2/Webdev/tomcat/webapps/TP02] has finished in [122] ms
18-Feb-2026 10:41:51.942 INFO [main] org.apache.catalina.startup.HostConfig.deployDirectory Deploying web application directory [/home/infoetu/baptiste.lavogiez.etu/BUT2/Semestre2/Webdev/tomcat/webapps/ctp1]
18-Feb-2026 10:41:52.065 INFO [main] org.apache.jasper.servlet.TldScanner.scanJars At least one JAR was scanned for TLDs yet contained no TLDs. Enable debug logging for this logger for a complete list of JARs that were scanned but no TLDs were found in them. Skipping unneeded JARs during scanning can improve startup time and JSP compilation time.
18-Feb-2026 10:41:52.066 INFO [main] org.apache.catalina.startup.HostConfig.deployDirectory Deployment of web application directory [/home/infoetu/baptiste.lavogiez.etu/BUT2/Semestre2/Webdev/tomcat/webapps/ctp1] has finished in [124] ms
18-Feb-2026 10:41:52.066 INFO [main] org.apache.catalina.startup.HostConfig.deployDirectory Deploying web application directory [/home/infoetu/baptiste.lavogiez.etu/BUT2/Semestre2/Webdev/tomcat/webapps/TP03]
18-Feb-2026 10:41:52.183 INFO [main] org.apache.jasper.servlet.TldScanner.scanJars At least one JAR was scanned for TLDs yet contained no TLDs. Enable debug logging for this logger for a complete list of JARs that were scanned but no TLDs were found in them. Skipping unneeded JARs during scanning can improve startup time and JSP compilation time.
18-Feb-2026 10:41:52.184 INFO [main] org.apache.catalina.startup.HostConfig.deployDirectory Deployment of web application directory [/home/infoetu/baptiste.lavogiez.etu/BUT2/Semestre2/Webdev/tomcat/webapps/TP03] has finished in [118] ms
18-Feb-2026 10:41:52.184 INFO [main] org.apache.catalina.startup.HostConfig.deployDirectory Deploying web application directory [/home/infoetu/baptiste.lavogiez.etu/BUT2/Semestre2/Webdev/tomcat/webapps/TP01]
18-Feb-2026 10:41:52.296 INFO [main] org.apache.jasper.servlet.TldScanner.scanJars At least one JAR was scanned for TLDs yet contained no TLDs. Enable debug logging for this logger for a complete list of JARs that were scanned but no TLDs were found in them. Skipping unneeded JARs during scanning can improve startup time and JSP compilation time.
18-Feb-2026 10:41:52.296 INFO [main] org.apache.catalina.startup.HostConfig.deployDirectory Deployment of web application directory [/home/infoetu/baptiste.lavogiez.etu/BUT2/Semestre2/Webdev/tomcat/webapps/TP01] has finished in [112] ms
18-Feb-2026 10:41:52.297 INFO [main] org.apache.catalina.startup.HostConfig.deployDirectory Deploying web application directory [/home/infoetu/baptiste.lavogiez.etu/BUT2/Semestre2/Webdev/tomcat/webapps/host-manager]
18-Feb-2026 10:41:52.407 INFO [main] org.apache.jasper.servlet.TldScanner.scanJars At least one JAR was scanned for TLDs yet contained no TLDs. Enable debug logging for this logger for a complete list of JARs that were scanned but no TLDs were found in them. Skipping unneeded JARs during scanning can improve startup time and JSP compilation time.
18-Feb-2026 10:41:52.408 INFO [main] org.apache.catalina.startup.HostConfig.deployDirectory Deployment of web application directory [/home/infoetu/baptiste.lavogiez.etu/BUT2/Semestre2/Webdev/tomcat/webapps/host-manager] has finished in [112] ms
18-Feb-2026 10:41:52.408 INFO [main] org.apache.catalina.startup.HostConfig.deployDirectory Deploying web application directory [/home/infoetu/baptiste.lavogiez.etu/BUT2/Semestre2/Webdev/tomcat/webapps/tp_chess]
18-Feb-2026 10:41:52.524 INFO [main] org.apache.jasper.servlet.TldScanner.scanJars At least one JAR was scanned for TLDs yet contained no TLDs. Enable debug logging for this logger for a complete list of JARs that were scanned but no TLDs were found in them. Skipping unneeded JARs during scanning can improve startup time and JSP compilation time.
18-Feb-2026 10:41:52.525 INFO [main] org.apache.catalina.startup.HostConfig.deployDirectory Deployment of web application directory [/home/infoetu/baptiste.lavogiez.etu/BUT2/Semestre2/Webdev/tomcat/webapps/tp_chess] has finished in [116] ms
18-Feb-2026 10:41:52.525 INFO [main] org.apache.catalina.startup.HostConfig.deployDirectory Deploying web application directory [/home/infoetu/baptiste.lavogiez.etu/BUT2/Semestre2/Webdev/tomcat/webapps/ctp3]
18-Feb-2026 10:41:52.640 INFO [main] org.apache.jasper.servlet.TldScanner.scanJars At least one JAR was scanned for TLDs yet contained no TLDs. Enable debug logging for this logger for a complete list of JARs that were scanned but no TLDs were found in them. Skipping unneeded JARs during scanning can improve startup time and JSP compilation time.
18-Feb-2026 10:41:52.640 INFO [main] org.apache.catalina.startup.HostConfig.deployDirectory Deployment of web application directory [/home/infoetu/baptiste.lavogiez.etu/BUT2/Semestre2/Webdev/tomcat/webapps/ctp3] has finished in [115] ms
18-Feb-2026 10:41:52.641 INFO [main] org.apache.catalina.startup.HostConfig.deployDirectory Deploying web application directory [/home/infoetu/baptiste.lavogiez.etu/BUT2/Semestre2/Webdev/tomcat/webapps/template]
18-Feb-2026 10:41:52.762 INFO [main] org.apache.jasper.servlet.TldScanner.scanJars At least one JAR was scanned for TLDs yet contained no TLDs. Enable debug logging for this logger for a complete list of JARs that were scanned but no TLDs were found in them. Skipping unneeded JARs during scanning can improve startup time and JSP compilation time.
18-Feb-2026 10:41:52.763 INFO [main] org.apache.catalina.startup.HostConfig.deployDirectory Deployment of web application directory [/home/infoetu/baptiste.lavogiez.etu/BUT2/Semestre2/Webdev/tomcat/webapps/template] has finished in [122] ms
18-Feb-2026 10:41:52.763 INFO [main] org.apache.catalina.startup.HostConfig.deployDirectory Deploying web application directory [/home/infoetu/baptiste.lavogiez.etu/BUT2/Semestre2/Webdev/tomcat/webapps/examples]
18-Feb-2026 10:41:52.955 INFO [main] org.apache.jasper.servlet.TldScanner.scanJars At least one JAR was scanned for TLDs yet contained no TLDs. Enable debug logging for this logger for a complete list of JARs that were scanned but no TLDs were found in them. Skipping unneeded JARs during scanning can improve startup time and JSP compilation time.
18-Feb-2026 10:41:52.968 INFO [main] org.apache.catalina.startup.HostConfig.deployDirectory Deployment of web application directory [/home/infoetu/baptiste.lavogiez.etu/BUT2/Semestre2/Webdev/tomcat/webapps/examples] has finished in [205] ms
18-Feb-2026 10:41:52.968 INFO [main] org.apache.catalina.startup.HostConfig.deployDirectory Deploying web application directory [/home/infoetu/baptiste.lavogiez.etu/BUT2/Semestre2/Webdev/tomcat/webapps/ctp]
18-Feb-2026 10:41:53.088 INFO [main] org.apache.jasper.servlet.TldScanner.scanJars At least one JAR was scanned for TLDs yet contained no TLDs. Enable debug logging for this logger for a complete list of JARs that were scanned but no TLDs were found in them. Skipping unneeded JARs during scanning can improve startup time and JSP compilation time.
18-Feb-2026 10:41:53.089 INFO [main] org.apache.catalina.startup.HostConfig.deployDirectory Deployment of web application directory [/home/infoetu/baptiste.lavogiez.etu/BUT2/Semestre2/Webdev/tomcat/webapps/ctp] has finished in [121] ms
18-Feb-2026 10:41:53.091 INFO [main] org.apache.catalina.startup.Catalina.start Server startup in [2855] milliseconds
18-Feb-2026 10:41:53.092 SEVERE [main] org.apache.catalina.core.StandardServer.await Failed to create server shutdown socket on address [localhost] and port [8005] (base port [8005] and offset [0])
	java.net.BindException: Address already in use
		at java.base/sun.nio.ch.Net.bind0(Native Method)
		at java.base/sun.nio.ch.Net.bind(Net.java:567)
		at java.base/sun.nio.ch.Net.bind(Net.java:556)
		at java.base/sun.nio.ch.NioSocketImpl.bind(NioSocketImpl.java:648)
		at java.base/java.net.ServerSocket.bind(ServerSocket.java:388)
		at java.base/java.net.ServerSocket.<init>(ServerSocket.java:274)
		at org.apache.catalina.core.StandardServer.await(StandardServer.java:530)
		at org.apache.catalina.startup.Catalina.await(Catalina.java:846)
		at org.apache.catalina.startup.Catalina.start(Catalina.java:794)
		at java.base/jdk.internal.reflect.NativeMethodAccessorImpl.invoke0(Native Method)
		at java.base/jdk.internal.reflect.NativeMethodAccessorImpl.invoke(NativeMethodAccessorImpl.java:77)
		at java.base/jdk.internal.reflect.DelegatingMethodAccessorImpl.invoke(DelegatingMethodAccessorImpl.java:43)
		at java.base/java.lang.reflect.Method.invoke(Method.java:569)
		at org.apache.catalina.startup.Bootstrap.start(Bootstrap.java:339)
		at org.apache.catalina.startup.Bootstrap.main(Bootstrap.java:470)
18-Feb-2026 10:41:53.093 INFO [main] org.apache.coyote.AbstractProtocol.pause Pausing ProtocolHandler ["http-nio-8080"]
18-Feb-2026 10:41:53.093 INFO [main] org.apache.catalina.core.StandardService.stopInternal Stopping service [Catalina]
18-Feb-2026 10:41:53.120 INFO [main] org.apache.coyote.AbstractProtocol.stop Stopping ProtocolHandler ["http-nio-8080"]
18-Feb-2026 10:41:53.121 INFO [main] org.apache.coyote.AbstractProtocol.destroy Destroying ProtocolHandler ["http-nio-8080"]
18-Feb-2026 11:41:05.462 INFO [main] org.apache.catalina.startup.VersionLoggerListener.log Server version name:   Apache Tomcat/11.0.13
18-Feb-2026 11:41:05.464 INFO [main] org.apache.catalina.startup.VersionLoggerListener.log Server built:          Oct 10 2025 13:57:31 UTC
18-Feb-2026 11:41:05.464 INFO [main] org.apache.catalina.startup.VersionLoggerListener.log Server version number: 11.0.13.0
18-Feb-2026 11:41:05.464 INFO [main] org.apache.catalina.startup.VersionLoggerListener.log OS Name:               Linux
18-Feb-2026 11:41:05.464 INFO [main] org.apache.catalina.startup.VersionLoggerListener.log OS Version:            6.1.0-40-amd64
18-Feb-2026 11:41:05.464 INFO [main] org.apache.catalina.startup.VersionLoggerListener.log Architecture:          amd64
18-Feb-2026 11:41:05.464 INFO [main] org.apache.catalina.startup.VersionLoggerListener.log Java Home:             /usr/lib/jvm/java-17-openjdk-amd64
18-Feb-2026 11:41:05.464 INFO [main] org.apache.catalina.startup.VersionLoggerListener.log JVM Version:           17.0.18+8-Debian-1deb12u1
18-Feb-2026 11:41:05.464 INFO [main] org.apache.catalina.startup.VersionLoggerListener.log JVM Vendor:            Debian
18-Feb-2026 11:41:05.464 INFO [main] org.apache.catalina.startup.VersionLoggerListener.log CATALINA_BASE:         /home/infoetu/baptiste.lavogiez.etu/BUT2/Semestre2/Webdev/tomcat
18-Feb-2026 11:41:05.464 INFO [main] org.apache.catalina.startup.VersionLoggerListener.log CATALINA_HOME:         /home/infoetu/baptiste.lavogiez.etu/BUT2/Semestre2/Webdev/tomcat
18-Feb-2026 11:41:05.468 INFO [main] org.apache.catalina.startup.VersionLoggerListener.log Command line argument: -Djava.util.logging.config.file=/home/infoetu/baptiste.lavogiez.etu/BUT2/Semestre2/Webdev/tomcat/conf/logging.properties
18-Feb-2026 11:41:05.468 INFO [main] org.apache.catalina.startup.VersionLoggerListener.log Command line argument: -Djava.util.logging.manager=org.apache.juli.ClassLoaderLogManager
18-Feb-2026 11:41:05.468 INFO [main] org.apache.catalina.startup.VersionLoggerListener.log Command line argument: -Djdk.tls.ephemeralDHKeySize=2048
18-Feb-2026 11:41:05.468 INFO [main] org.apache.catalina.startup.VersionLoggerListener.log Command line argument: -Dorg.apache.catalina.security.SecurityListener.UMASK=0027
18-Feb-2026 11:41:05.468 INFO [main] org.apache.catalina.startup.VersionLoggerListener.log Command line argument: --add-opens=java.base/java.lang=ALL-UNNAMED
18-Feb-2026 11:41:05.468 INFO [main] org.apache.catalina.startup.VersionLoggerListener.log Command line argument: --add-opens=java.base/java.lang.reflect=ALL-UNNAMED
18-Feb-2026 11:41:05.469 INFO [main] org.apache.catalina.startup.VersionLoggerListener.log Command line argument: --add-opens=java.base/java.io=ALL-UNNAMED
18-Feb-2026 11:41:05.469 INFO [main] org.apache.catalina.startup.VersionLoggerListener.log Command line argument: --add-opens=java.base/java.util=ALL-UNNAMED
18-Feb-2026 11:41:05.469 INFO [main] org.apache.catalina.startup.VersionLoggerListener.log Command line argument: --add-opens=java.base/java.util.concurrent=ALL-UNNAMED
18-Feb-2026 11:41:05.469 INFO [main] org.apache.catalina.startup.VersionLoggerListener.log Command line argument: --add-opens=java.rmi/sun.rmi.transport=ALL-UNNAMED
18-Feb-2026 11:41:05.469 INFO [main] org.apache.catalina.startup.VersionLoggerListener.log Command line argument: --enable-native-access=ALL-UNNAMED
18-Feb-2026 11:41:05.469 INFO [main] org.apache.catalina.startup.VersionLoggerListener.log Command line argument: -Dcatalina.base=/home/infoetu/baptiste.lavogiez.etu/BUT2/Semestre2/Webdev/tomcat
18-Feb-2026 11:41:05.469 INFO [main] org.apache.catalina.startup.VersionLoggerListener.log Command line argument: -Dcatalina.home=/home/infoetu/baptiste.lavogiez.etu/BUT2/Semestre2/Webdev/tomcat
18-Feb-2026 11:41:05.469 INFO [main] org.apache.catalina.startup.VersionLoggerListener.log Command line argument: -Djava.io.tmpdir=/home/infoetu/baptiste.lavogiez.etu/BUT2/Semestre2/Webdev/tomcat/temp
18-Feb-2026 11:41:05.469 INFO [main] org.apache.catalina.core.AprLifecycleListener.lifecycleEvent The Apache Tomcat Native library which allows using OpenSSL was not found on the java.library.path: [/usr/java/packages/lib:/usr/lib/x86_64-linux-gnu/jni:/lib/x86_64-linux-gnu:/usr/lib/x86_64-linux-gnu:/usr/lib/jni:/lib:/usr/lib]
18-Feb-2026 11:41:05.562 INFO [main] org.apache.coyote.AbstractProtocol.init Initializing ProtocolHandler ["http-nio-8080"]
18-Feb-2026 11:41:05.570 INFO [main] org.apache.catalina.startup.Catalina.load Server initialization in [175] milliseconds
18-Feb-2026 11:41:05.586 INFO [main] org.apache.catalina.core.StandardService.startInternal Starting service [Catalina]
18-Feb-2026 11:41:05.586 INFO [main] org.apache.catalina.core.StandardEngine.startInternal Starting Servlet engine: [Apache Tomcat/11.0.13]
18-Feb-2026 11:41:05.590 INFO [main] org.apache.catalina.startup.HostConfig.deployDirectory Deploying web application directory [/home/infoetu/baptiste.lavogiez.etu/BUT2/Semestre2/Webdev/tomcat/webapps/ctp2]
18-Feb-2026 11:41:05.892 INFO [main] org.apache.jasper.servlet.TldScanner.scanJars At least one JAR was scanned for TLDs yet contained no TLDs. Enable debug logging for this logger for a complete list of JARs that were scanned but no TLDs were found in them. Skipping unneeded JARs during scanning can improve startup time and JSP compilation time.
18-Feb-2026 11:41:05.907 INFO [main] org.apache.catalina.startup.HostConfig.deployDirectory Deployment of web application directory [/home/infoetu/baptiste.lavogiez.etu/BUT2/Semestre2/Webdev/tomcat/webapps/ctp2] has finished in [317] ms
18-Feb-2026 11:41:05.907 INFO [main] org.apache.catalina.startup.HostConfig.deployDirectory Deploying web application directory [/home/infoetu/baptiste.lavogiez.etu/BUT2/Semestre2/Webdev/tomcat/webapps/ctp (copie)]
18-Feb-2026 11:41:06.070 INFO [main] org.apache.jasper.servlet.TldScanner.scanJars At least one JAR was scanned for TLDs yet contained no TLDs. Enable debug logging for this logger for a complete list of JARs that were scanned but no TLDs were found in them. Skipping unneeded JARs during scanning can improve startup time and JSP compilation time.
18-Feb-2026 11:41:06.071 INFO [main] org.apache.catalina.startup.HostConfig.deployDirectory Deployment of web application directory [/home/infoetu/baptiste.lavogiez.etu/BUT2/Semestre2/Webdev/tomcat/webapps/ctp (copie)] has finished in [164] ms
18-Feb-2026 11:41:06.071 INFO [main] org.apache.catalina.startup.HostConfig.deployDirectory Deploying web application directory [/home/infoetu/baptiste.lavogiez.etu/BUT2/Semestre2/Webdev/tomcat/webapps/ctp-sample]
18-Feb-2026 11:41:06.215 INFO [main] org.apache.jasper.servlet.TldScanner.scanJars At least one JAR was scanned for TLDs yet contained no TLDs. Enable debug logging for this logger for a complete list of JARs that were scanned but no TLDs were found in them. Skipping unneeded JARs during scanning can improve startup time and JSP compilation time.
18-Feb-2026 11:41:06.217 INFO [main] org.apache.catalina.startup.HostConfig.deployDirectory Deployment of web application directory [/home/infoetu/baptiste.lavogiez.etu/BUT2/Semestre2/Webdev/tomcat/webapps/ctp-sample] has finished in [145] ms
18-Feb-2026 11:41:06.217 INFO [main] org.apache.catalina.startup.HostConfig.deployDirectory Deploying web application directory [/home/infoetu/baptiste.lavogiez.etu/BUT2/Semestre2/Webdev/tomcat/webapps/__MACOSX]
18-Feb-2026 11:41:06.341 INFO [main] org.apache.jasper.servlet.TldScanner.scanJars At least one JAR was scanned for TLDs yet contained no TLDs. Enable debug logging for this logger for a complete list of JARs that were scanned but no TLDs were found in them. Skipping unneeded JARs during scanning can improve startup time and JSP compilation time.
18-Feb-2026 11:41:06.342 INFO [main] org.apache.catalina.startup.HostConfig.deployDirectory Deployment of web application directory [/home/infoetu/baptiste.lavogiez.etu/BUT2/Semestre2/Webdev/tomcat/webapps/__MACOSX] has finished in [125] ms
18-Feb-2026 11:41:06.343 INFO [main] org.apache.catalina.startup.HostConfig.deployDirectory Deploying web application directory [/home/infoetu/baptiste.lavogiez.etu/BUT2/Semestre2/Webdev/tomcat/webapps/ROOT]
18-Feb-2026 11:41:06.464 INFO [main] org.apache.jasper.servlet.TldScanner.scanJars At least one JAR was scanned for TLDs yet contained no TLDs. Enable debug logging for this logger for a complete list of JARs that were scanned but no TLDs were found in them. Skipping unneeded JARs during scanning can improve startup time and JSP compilation time.
18-Feb-2026 11:41:06.465 INFO [main] org.apache.catalina.startup.HostConfig.deployDirectory Deployment of web application directory [/home/infoetu/baptiste.lavogiez.etu/BUT2/Semestre2/Webdev/tomcat/webapps/ROOT] has finished in [122] ms
18-Feb-2026 11:41:06.465 INFO [main] org.apache.catalina.startup.HostConfig.deployDirectory Deploying web application directory [/home/infoetu/baptiste.lavogiez.etu/BUT2/Semestre2/Webdev/tomcat/webapps/TP04]
18-Feb-2026 11:41:06.601 INFO [main] org.apache.jasper.servlet.TldScanner.scanJars At least one JAR was scanned for TLDs yet contained no TLDs. Enable debug logging for this logger for a complete list of JARs that were scanned but no TLDs were found in them. Skipping unneeded JARs during scanning can improve startup time and JSP compilation time.
18-Feb-2026 11:41:06.602 INFO [main] org.apache.catalina.startup.HostConfig.deployDirectory Deployment of web application directory [/home/infoetu/baptiste.lavogiez.etu/BUT2/Semestre2/Webdev/tomcat/webapps/TP04] has finished in [137] ms
18-Feb-2026 11:41:06.602 INFO [main] org.apache.catalina.startup.HostConfig.deployDirectory Deploying web application directory [/home/infoetu/baptiste.lavogiez.etu/BUT2/Semestre2/Webdev/tomcat/webapps/docs]
18-Feb-2026 11:41:06.722 INFO [main] org.apache.jasper.servlet.TldScanner.scanJars At least one JAR was scanned for TLDs yet contained no TLDs. Enable debug logging for this logger for a complete list of JARs that were scanned but no TLDs were found in them. Skipping unneeded JARs during scanning can improve startup time and JSP compilation time.
18-Feb-2026 11:41:06.723 INFO [main] org.apache.catalina.startup.HostConfig.deployDirectory Deployment of web application directory [/home/infoetu/baptiste.lavogiez.etu/BUT2/Semestre2/Webdev/tomcat/webapps/docs] has finished in [121] ms
18-Feb-2026 11:41:06.723 INFO [main] org.apache.catalina.startup.HostConfig.deployDirectory Deploying web application directory [/home/infoetu/baptiste.lavogiez.etu/BUT2/Semestre2/Webdev/tomcat/webapps/TP03-Partie2]
18-Feb-2026 11:41:06.854 INFO [main] org.apache.jasper.servlet.TldScanner.scanJars At least one JAR was scanned for TLDs yet contained no TLDs. Enable debug logging for this logger for a complete list of JARs that were scanned but no TLDs were found in them. Skipping unneeded JARs during scanning can improve startup time and JSP compilation time.
18-Feb-2026 11:41:06.855 INFO [main] org.apache.catalina.startup.HostConfig.deployDirectory Deployment of web application directory [/home/infoetu/baptiste.lavogiez.etu/BUT2/Semestre2/Webdev/tomcat/webapps/TP03-Partie2] has finished in [132] ms
18-Feb-2026 11:41:06.855 INFO [main] org.apache.catalina.startup.HostConfig.deployDirectory Deploying web application directory [/home/infoetu/baptiste.lavogiez.etu/BUT2/Semestre2/Webdev/tomcat/webapps/TP05]
18-Feb-2026 11:41:06.993 INFO [main] org.apache.jasper.servlet.TldScanner.scanJars At least one JAR was scanned for TLDs yet contained no TLDs. Enable debug logging for this logger for a complete list of JARs that were scanned but no TLDs were found in them. Skipping unneeded JARs during scanning can improve startup time and JSP compilation time.
18-Feb-2026 11:41:06.994 INFO [main] org.apache.catalina.startup.HostConfig.deployDirectory Deployment of web application directory [/home/infoetu/baptiste.lavogiez.etu/BUT2/Semestre2/Webdev/tomcat/webapps/TP05] has finished in [139] ms
18-Feb-2026 11:41:06.994 INFO [main] org.apache.catalina.startup.HostConfig.deployDirectory Deploying web application directory [/home/infoetu/baptiste.lavogiez.etu/BUT2/Semestre2/Webdev/tomcat/webapps/TP06]
18-Feb-2026 11:41:07.124 INFO [main] org.apache.jasper.servlet.TldScanner.scanJars At least one JAR was scanned for TLDs yet contained no TLDs. Enable debug logging for this logger for a complete list of JARs that were scanned but no TLDs were found in them. Skipping unneeded JARs during scanning can improve startup time and JSP compilation time.
18-Feb-2026 11:41:07.125 INFO [main] org.apache.catalina.startup.HostConfig.deployDirectory Deployment of web application directory [/home/infoetu/baptiste.lavogiez.etu/BUT2/Semestre2/Webdev/tomcat/webapps/TP06] has finished in [130] ms
18-Feb-2026 11:41:07.125 INFO [main] org.apache.catalina.startup.HostConfig.deployDirectory Deploying web application directory [/home/infoetu/baptiste.lavogiez.etu/BUT2/Semestre2/Webdev/tomcat/webapps/manager]
18-Feb-2026 11:41:07.243 INFO [main] org.apache.jasper.servlet.TldScanner.scanJars At least one JAR was scanned for TLDs yet contained no TLDs. Enable debug logging for this logger for a complete list of JARs that were scanned but no TLDs were found in them. Skipping unneeded JARs during scanning can improve startup time and JSP compilation time.
18-Feb-2026 11:41:07.245 INFO [main] org.apache.catalina.startup.HostConfig.deployDirectory Deployment of web application directory [/home/infoetu/baptiste.lavogiez.etu/BUT2/Semestre2/Webdev/tomcat/webapps/manager] has finished in [120] ms
18-Feb-2026 11:41:07.245 INFO [main] org.apache.catalina.startup.HostConfig.deployDirectory Deploying web application directory [/home/infoetu/baptiste.lavogiez.etu/BUT2/Semestre2/Webdev/tomcat/webapps/TP02]
18-Feb-2026 11:41:07.373 INFO [main] org.apache.jasper.servlet.TldScanner.scanJars At least one JAR was scanned for TLDs yet contained no TLDs. Enable debug logging for this logger for a complete list of JARs that were scanned but no TLDs were found in them. Skipping unneeded JARs during scanning can improve startup time and JSP compilation time.
18-Feb-2026 11:41:07.374 INFO [main] org.apache.catalina.startup.HostConfig.deployDirectory Deployment of web application directory [/home/infoetu/baptiste.lavogiez.etu/BUT2/Semestre2/Webdev/tomcat/webapps/TP02] has finished in [129] ms
18-Feb-2026 11:41:07.374 INFO [main] org.apache.catalina.startup.HostConfig.deployDirectory Deploying web application directory [/home/infoetu/baptiste.lavogiez.etu/BUT2/Semestre2/Webdev/tomcat/webapps/ctp1]
18-Feb-2026 11:41:07.505 INFO [main] org.apache.jasper.servlet.TldScanner.scanJars At least one JAR was scanned for TLDs yet contained no TLDs. Enable debug logging for this logger for a complete list of JARs that were scanned but no TLDs were found in them. Skipping unneeded JARs during scanning can improve startup time and JSP compilation time.
18-Feb-2026 11:41:07.506 INFO [main] org.apache.catalina.startup.HostConfig.deployDirectory Deployment of web application directory [/home/infoetu/baptiste.lavogiez.etu/BUT2/Semestre2/Webdev/tomcat/webapps/ctp1] has finished in [131] ms
18-Feb-2026 11:41:07.506 INFO [main] org.apache.catalina.startup.HostConfig.deployDirectory Deploying web application directory [/home/infoetu/baptiste.lavogiez.etu/BUT2/Semestre2/Webdev/tomcat/webapps/TP03]
18-Feb-2026 11:41:07.627 INFO [main] org.apache.jasper.servlet.TldScanner.scanJars At least one JAR was scanned for TLDs yet contained no TLDs. Enable debug logging for this logger for a complete list of JARs that were scanned but no TLDs were found in them. Skipping unneeded JARs during scanning can improve startup time and JSP compilation time.
18-Feb-2026 11:41:07.628 INFO [main] org.apache.catalina.startup.HostConfig.deployDirectory Deployment of web application directory [/home/infoetu/baptiste.lavogiez.etu/BUT2/Semestre2/Webdev/tomcat/webapps/TP03] has finished in [122] ms
18-Feb-2026 11:41:07.628 INFO [main] org.apache.catalina.startup.HostConfig.deployDirectory Deploying web application directory [/home/infoetu/baptiste.lavogiez.etu/BUT2/Semestre2/Webdev/tomcat/webapps/TP01]
18-Feb-2026 11:41:07.747 INFO [main] org.apache.jasper.servlet.TldScanner.scanJars At least one JAR was scanned for TLDs yet contained no TLDs. Enable debug logging for this logger for a complete list of JARs that were scanned but no TLDs were found in them. Skipping unneeded JARs during scanning can improve startup time and JSP compilation time.
18-Feb-2026 11:41:07.747 INFO [main] org.apache.catalina.startup.HostConfig.deployDirectory Deployment of web application directory [/home/infoetu/baptiste.lavogiez.etu/BUT2/Semestre2/Webdev/tomcat/webapps/TP01] has finished in [119] ms
18-Feb-2026 11:41:07.747 INFO [main] org.apache.catalina.startup.HostConfig.deployDirectory Deploying web application directory [/home/infoetu/baptiste.lavogiez.etu/BUT2/Semestre2/Webdev/tomcat/webapps/host-manager]
18-Feb-2026 11:41:07.865 INFO [main] org.apache.jasper.servlet.TldScanner.scanJars At least one JAR was scanned for TLDs yet contained no TLDs. Enable debug logging for this logger for a complete list of JARs that were scanned but no TLDs were found in them. Skipping unneeded JARs during scanning can improve startup time and JSP compilation time.
18-Feb-2026 11:41:07.866 INFO [main] org.apache.catalina.startup.HostConfig.deployDirectory Deployment of web application directory [/home/infoetu/baptiste.lavogiez.etu/BUT2/Semestre2/Webdev/tomcat/webapps/host-manager] has finished in [119] ms
18-Feb-2026 11:41:07.866 INFO [main] org.apache.catalina.startup.HostConfig.deployDirectory Deploying web application directory [/home/infoetu/baptiste.lavogiez.etu/BUT2/Semestre2/Webdev/tomcat/webapps/tp_chess]
18-Feb-2026 11:41:07.999 INFO [main] org.apache.jasper.servlet.TldScanner.scanJars At least one JAR was scanned for TLDs yet contained no TLDs. Enable debug logging for this logger for a complete list of JARs that were scanned but no TLDs were found in them. Skipping unneeded JARs during scanning can improve startup time and JSP compilation time.
18-Feb-2026 11:41:08.000 INFO [main] org.apache.catalina.startup.HostConfig.deployDirectory Deployment of web application directory [/home/infoetu/baptiste.lavogiez.etu/BUT2/Semestre2/Webdev/tomcat/webapps/tp_chess] has finished in [133] ms
18-Feb-2026 11:41:08.000 INFO [main] org.apache.catalina.startup.HostConfig.deployDirectory Deploying web application directory [/home/infoetu/baptiste.lavogiez.etu/BUT2/Semestre2/Webdev/tomcat/webapps/ctp3]
18-Feb-2026 11:41:08.129 INFO [main] org.apache.jasper.servlet.TldScanner.scanJars At least one JAR was scanned for TLDs yet contained no TLDs. Enable debug logging for this logger for a complete list of JARs that were scanned but no TLDs were found in them. Skipping unneeded JARs during scanning can improve startup time and JSP compilation time.
18-Feb-2026 11:41:08.130 INFO [main] org.apache.catalina.startup.HostConfig.deployDirectory Deployment of web application directory [/home/infoetu/baptiste.lavogiez.etu/BUT2/Semestre2/Webdev/tomcat/webapps/ctp3] has finished in [130] ms
18-Feb-2026 11:41:08.130 INFO [main] org.apache.catalina.startup.HostConfig.deployDirectory Deploying web application directory [/home/infoetu/baptiste.lavogiez.etu/BUT2/Semestre2/Webdev/tomcat/webapps/template]
18-Feb-2026 11:41:08.264 INFO [main] org.apache.jasper.servlet.TldScanner.scanJars At least one JAR was scanned for TLDs yet contained no TLDs. Enable debug logging for this logger for a complete list of JARs that were scanned but no TLDs were found in them. Skipping unneeded JARs during scanning can improve startup time and JSP compilation time.
18-Feb-2026 11:41:08.264 INFO [main] org.apache.catalina.startup.HostConfig.deployDirectory Deployment of web application directory [/home/infoetu/baptiste.lavogiez.etu/BUT2/Semestre2/Webdev/tomcat/webapps/template] has finished in [134] ms
18-Feb-2026 11:41:08.265 INFO [main] org.apache.catalina.startup.HostConfig.deployDirectory Deploying web application directory [/home/infoetu/baptiste.lavogiez.etu/BUT2/Semestre2/Webdev/tomcat/webapps/examples]
18-Feb-2026 11:41:08.546 INFO [main] org.apache.jasper.servlet.TldScanner.scanJars At least one JAR was scanned for TLDs yet contained no TLDs. Enable debug logging for this logger for a complete list of JARs that were scanned but no TLDs were found in them. Skipping unneeded JARs during scanning can improve startup time and JSP compilation time.
18-Feb-2026 11:41:08.559 INFO [main] org.apache.catalina.startup.HostConfig.deployDirectory Deployment of web application directory [/home/infoetu/baptiste.lavogiez.etu/BUT2/Semestre2/Webdev/tomcat/webapps/examples] has finished in [294] ms
18-Feb-2026 11:41:08.559 INFO [main] org.apache.catalina.startup.HostConfig.deployDirectory Deploying web application directory [/home/infoetu/baptiste.lavogiez.etu/BUT2/Semestre2/Webdev/tomcat/webapps/ctp]
18-Feb-2026 11:41:08.698 INFO [main] org.apache.jasper.servlet.TldScanner.scanJars At least one JAR was scanned for TLDs yet contained no TLDs. Enable debug logging for this logger for a complete list of JARs that were scanned but no TLDs were found in them. Skipping unneeded JARs during scanning can improve startup time and JSP compilation time.
18-Feb-2026 11:41:08.698 INFO [main] org.apache.catalina.startup.HostConfig.deployDirectory Deployment of web application directory [/home/infoetu/baptiste.lavogiez.etu/BUT2/Semestre2/Webdev/tomcat/webapps/ctp] has finished in [139] ms
18-Feb-2026 11:41:08.700 INFO [main] org.apache.coyote.AbstractProtocol.start Starting ProtocolHandler ["http-nio-8080"]
18-Feb-2026 11:41:08.705 INFO [main] org.apache.catalina.startup.Catalina.start Server startup in [3134] milliseconds
18-Feb-2026 11:42:11.480 INFO [main] org.apache.catalina.startup.VersionLoggerListener.log Server version name:   Apache Tomcat/11.0.13
18-Feb-2026 11:42:11.482 INFO [main] org.apache.catalina.startup.VersionLoggerListener.log Server built:          Oct 10 2025 13:57:31 UTC
18-Feb-2026 11:42:11.482 INFO [main] org.apache.catalina.startup.VersionLoggerListener.log Server version number: 11.0.13.0
18-Feb-2026 11:42:11.482 INFO [main] org.apache.catalina.startup.VersionLoggerListener.log OS Name:               Linux
18-Feb-2026 11:42:11.482 INFO [main] org.apache.catalina.startup.VersionLoggerListener.log OS Version:            6.1.0-40-amd64
18-Feb-2026 11:42:11.482 INFO [main] org.apache.catalina.startup.VersionLoggerListener.log Architecture:          amd64
18-Feb-2026 11:42:11.482 INFO [main] org.apache.catalina.startup.VersionLoggerListener.log Java Home:             /usr/lib/jvm/java-17-openjdk-amd64
18-Feb-2026 11:42:11.482 INFO [main] org.apache.catalina.startup.VersionLoggerListener.log JVM Version:           17.0.18+8-Debian-1deb12u1
18-Feb-2026 11:42:11.482 INFO [main] org.apache.catalina.startup.VersionLoggerListener.log JVM Vendor:            Debian
18-Feb-2026 11:42:11.482 INFO [main] org.apache.catalina.startup.VersionLoggerListener.log CATALINA_BASE:         /home/infoetu/baptiste.lavogiez.etu/BUT2/Semestre2/Webdev/tomcat
18-Feb-2026 11:42:11.482 INFO [main] org.apache.catalina.startup.VersionLoggerListener.log CATALINA_HOME:         /home/infoetu/baptiste.lavogiez.etu/BUT2/Semestre2/Webdev/tomcat
18-Feb-2026 11:42:11.485 INFO [main] org.apache.catalina.startup.VersionLoggerListener.log Command line argument: -Djava.util.logging.config.file=/home/infoetu/baptiste.lavogiez.etu/BUT2/Semestre2/Webdev/tomcat/conf/logging.properties
18-Feb-2026 11:42:11.485 INFO [main] org.apache.catalina.startup.VersionLoggerListener.log Command line argument: -Djava.util.logging.manager=org.apache.juli.ClassLoaderLogManager
18-Feb-2026 11:42:11.486 INFO [main] org.apache.catalina.startup.VersionLoggerListener.log Command line argument: -Djdk.tls.ephemeralDHKeySize=2048
18-Feb-2026 11:42:11.486 INFO [main] org.apache.catalina.startup.VersionLoggerListener.log Command line argument: -Dorg.apache.catalina.security.SecurityListener.UMASK=0027
18-Feb-2026 11:42:11.486 INFO [main] org.apache.catalina.startup.VersionLoggerListener.log Command line argument: --add-opens=java.base/java.lang=ALL-UNNAMED
18-Feb-2026 11:42:11.486 INFO [main] org.apache.catalina.startup.VersionLoggerListener.log Command line argument: --add-opens=java.base/java.lang.reflect=ALL-UNNAMED
18-Feb-2026 11:42:11.486 INFO [main] org.apache.catalina.startup.VersionLoggerListener.log Command line argument: --add-opens=java.base/java.io=ALL-UNNAMED
18-Feb-2026 11:42:11.486 INFO [main] org.apache.catalina.startup.VersionLoggerListener.log Command line argument: --add-opens=java.base/java.util=ALL-UNNAMED
18-Feb-2026 11:42:11.486 INFO [main] org.apache.catalina.startup.VersionLoggerListener.log Command line argument: --add-opens=java.base/java.util.concurrent=ALL-UNNAMED
18-Feb-2026 11:42:11.486 INFO [main] org.apache.catalina.startup.VersionLoggerListener.log Command line argument: --add-opens=java.rmi/sun.rmi.transport=ALL-UNNAMED
18-Feb-2026 11:42:11.486 INFO [main] org.apache.catalina.startup.VersionLoggerListener.log Command line argument: --enable-native-access=ALL-UNNAMED
18-Feb-2026 11:42:11.486 INFO [main] org.apache.catalina.startup.VersionLoggerListener.log Command line argument: -Dcatalina.base=/home/infoetu/baptiste.lavogiez.etu/BUT2/Semestre2/Webdev/tomcat
18-Feb-2026 11:42:11.487 INFO [main] org.apache.catalina.startup.VersionLoggerListener.log Command line argument: -Dcatalina.home=/home/infoetu/baptiste.lavogiez.etu/BUT2/Semestre2/Webdev/tomcat
18-Feb-2026 11:42:11.487 INFO [main] org.apache.catalina.startup.VersionLoggerListener.log Command line argument: -Djava.io.tmpdir=/home/infoetu/baptiste.lavogiez.etu/BUT2/Semestre2/Webdev/tomcat/temp
18-Feb-2026 11:42:11.488 INFO [main] org.apache.catalina.core.AprLifecycleListener.lifecycleEvent The Apache Tomcat Native library which allows using OpenSSL was not found on the java.library.path: [/usr/java/packages/lib:/usr/lib/x86_64-linux-gnu/jni:/lib/x86_64-linux-gnu:/usr/lib/x86_64-linux-gnu:/usr/lib/jni:/lib:/usr/lib]
18-Feb-2026 11:42:11.583 INFO [main] org.apache.coyote.AbstractProtocol.init Initializing ProtocolHandler ["http-nio-8080"]
18-Feb-2026 11:42:11.588 SEVERE [main] org.apache.catalina.util.LifecycleBase.handleSubClassException Failed to initialize component [Connector["http-nio-8080"]]
	org.apache.catalina.LifecycleException: Protocol handler initialization failed
		at org.apache.catalina.connector.Connector.initInternal(Connector.java:1076)
		at org.apache.catalina.util.LifecycleBase.init(LifecycleBase.java:122)
		at org.apache.catalina.core.StandardService.initInternal(StandardService.java:520)
		at org.apache.catalina.util.LifecycleBase.init(LifecycleBase.java:122)
		at org.apache.catalina.core.StandardServer.initInternal(StandardServer.java:951)
		at org.apache.catalina.util.LifecycleBase.init(LifecycleBase.java:122)
		at org.apache.catalina.startup.Catalina.load(Catalina.java:707)
		at org.apache.catalina.startup.Catalina.load(Catalina.java:730)
		at java.base/jdk.internal.reflect.NativeMethodAccessorImpl.invoke0(Native Method)
		at java.base/jdk.internal.reflect.NativeMethodAccessorImpl.invoke(NativeMethodAccessorImpl.java:77)
		at java.base/jdk.internal.reflect.DelegatingMethodAccessorImpl.invoke(DelegatingMethodAccessorImpl.java:43)
		at java.base/java.lang.reflect.Method.invoke(Method.java:569)
		at org.apache.catalina.startup.Bootstrap.load(Bootstrap.java:296)
		at org.apache.catalina.startup.Bootstrap.main(Bootstrap.java:469)
	Caused by: java.net.BindException: Address already in use
		at java.base/sun.nio.ch.Net.bind0(Native Method)
		at java.base/sun.nio.ch.Net.bind(Net.java:567)
		at java.base/sun.nio.ch.ServerSocketChannelImpl.netBind(ServerSocketChannelImpl.java:337)
		at java.base/sun.nio.ch.ServerSocketChannelImpl.bind(ServerSocketChannelImpl.java:294)
		at org.apache.tomcat.util.net.NioEndpoint.initServerSocket(NioEndpoint.java:265)
		at org.apache.tomcat.util.net.NioEndpoint.bind(NioEndpoint.java:220)
		at org.apache.tomcat.util.net.AbstractEndpoint.bindWithCleanup(AbstractEndpoint.java:1600)
		at org.apache.tomcat.util.net.AbstractEndpoint.init(AbstractEndpoint.java:1613)
		at org.apache.coyote.AbstractProtocol.init(AbstractProtocol.java:633)
		at org.apache.coyote.http11.AbstractHttp11Protocol.init(AbstractHttp11Protocol.java:83)
		at org.apache.catalina.connector.Connector.initInternal(Connector.java:1074)
		... 13 more
18-Feb-2026 11:42:11.589 INFO [main] org.apache.catalina.startup.Catalina.load Server initialization in [178] milliseconds
18-Feb-2026 11:42:11.605 INFO [main] org.apache.catalina.core.StandardService.startInternal Starting service [Catalina]
18-Feb-2026 11:42:11.605 INFO [main] org.apache.catalina.core.StandardEngine.startInternal Starting Servlet engine: [Apache Tomcat/11.0.13]
18-Feb-2026 11:42:11.610 INFO [main] org.apache.catalina.startup.HostConfig.deployDirectory Deploying web application directory [/home/infoetu/baptiste.lavogiez.etu/BUT2/Semestre2/Webdev/tomcat/webapps/ctp2]
18-Feb-2026 11:42:11.921 INFO [main] org.apache.jasper.servlet.TldScanner.scanJars At least one JAR was scanned for TLDs yet contained no TLDs. Enable debug logging for this logger for a complete list of JARs that were scanned but no TLDs were found in them. Skipping unneeded JARs during scanning can improve startup time and JSP compilation time.
18-Feb-2026 11:42:11.935 INFO [main] org.apache.catalina.startup.HostConfig.deployDirectory Deployment of web application directory [/home/infoetu/baptiste.lavogiez.etu/BUT2/Semestre2/Webdev/tomcat/webapps/ctp2] has finished in [325] ms
18-Feb-2026 11:42:11.935 INFO [main] org.apache.catalina.startup.HostConfig.deployDirectory Deploying web application directory [/home/infoetu/baptiste.lavogiez.etu/BUT2/Semestre2/Webdev/tomcat/webapps/ctp (copie)]
18-Feb-2026 11:42:12.097 INFO [main] org.apache.jasper.servlet.TldScanner.scanJars At least one JAR was scanned for TLDs yet contained no TLDs. Enable debug logging for this logger for a complete list of JARs that were scanned but no TLDs were found in them. Skipping unneeded JARs during scanning can improve startup time and JSP compilation time.
18-Feb-2026 11:42:12.099 INFO [main] org.apache.catalina.startup.HostConfig.deployDirectory Deployment of web application directory [/home/infoetu/baptiste.lavogiez.etu/BUT2/Semestre2/Webdev/tomcat/webapps/ctp (copie)] has finished in [163] ms
18-Feb-2026 11:42:12.099 INFO [main] org.apache.catalina.startup.HostConfig.deployDirectory Deploying web application directory [/home/infoetu/baptiste.lavogiez.etu/BUT2/Semestre2/Webdev/tomcat/webapps/ctp-sample]
18-Feb-2026 11:42:12.241 INFO [main] org.apache.jasper.servlet.TldScanner.scanJars At least one JAR was scanned for TLDs yet contained no TLDs. Enable debug logging for this logger for a complete list of JARs that were scanned but no TLDs were found in them. Skipping unneeded JARs during scanning can improve startup time and JSP compilation time.
18-Feb-2026 11:42:12.243 INFO [main] org.apache.catalina.startup.HostConfig.deployDirectory Deployment of web application directory [/home/infoetu/baptiste.lavogiez.etu/BUT2/Semestre2/Webdev/tomcat/webapps/ctp-sample] has finished in [144] ms
18-Feb-2026 11:42:12.243 INFO [main] org.apache.catalina.startup.HostConfig.deployDirectory Deploying web application directory [/home/infoetu/baptiste.lavogiez.etu/BUT2/Semestre2/Webdev/tomcat/webapps/__MACOSX]
18-Feb-2026 11:42:12.364 INFO [main] org.apache.jasper.servlet.TldScanner.scanJars At least one JAR was scanned for TLDs yet contained no TLDs. Enable debug logging for this logger for a complete list of JARs that were scanned but no TLDs were found in them. Skipping unneeded JARs during scanning can improve startup time and JSP compilation time.
18-Feb-2026 11:42:12.365 INFO [main] org.apache.catalina.startup.HostConfig.deployDirectory Deployment of web application directory [/home/infoetu/baptiste.lavogiez.etu/BUT2/Semestre2/Webdev/tomcat/webapps/__MACOSX] has finished in [122] ms
18-Feb-2026 11:42:12.365 INFO [main] org.apache.catalina.startup.HostConfig.deployDirectory Deploying web application directory [/home/infoetu/baptiste.lavogiez.etu/BUT2/Semestre2/Webdev/tomcat/webapps/ROOT]
18-Feb-2026 11:42:12.485 INFO [main] org.apache.jasper.servlet.TldScanner.scanJars At least one JAR was scanned for TLDs yet contained no TLDs. Enable debug logging for this logger for a complete list of JARs that were scanned but no TLDs were found in them. Skipping unneeded JARs during scanning can improve startup time and JSP compilation time.
18-Feb-2026 11:42:12.486 INFO [main] org.apache.catalina.startup.HostConfig.deployDirectory Deployment of web application directory [/home/infoetu/baptiste.lavogiez.etu/BUT2/Semestre2/Webdev/tomcat/webapps/ROOT] has finished in [121] ms
18-Feb-2026 11:42:12.486 INFO [main] org.apache.catalina.startup.HostConfig.deployDirectory Deploying web application directory [/home/infoetu/baptiste.lavogiez.etu/BUT2/Semestre2/Webdev/tomcat/webapps/TP04]
18-Feb-2026 11:42:12.616 INFO [main] org.apache.jasper.servlet.TldScanner.scanJars At least one JAR was scanned for TLDs yet contained no TLDs. Enable debug logging for this logger for a complete list of JARs that were scanned but no TLDs were found in them. Skipping unneeded JARs during scanning can improve startup time and JSP compilation time.
18-Feb-2026 11:42:12.617 INFO [main] org.apache.catalina.startup.HostConfig.deployDirectory Deployment of web application directory [/home/infoetu/baptiste.lavogiez.etu/BUT2/Semestre2/Webdev/tomcat/webapps/TP04] has finished in [131] ms
18-Feb-2026 11:42:12.617 INFO [main] org.apache.catalina.startup.HostConfig.deployDirectory Deploying web application directory [/home/infoetu/baptiste.lavogiez.etu/BUT2/Semestre2/Webdev/tomcat/webapps/docs]
18-Feb-2026 11:42:12.734 INFO [main] org.apache.jasper.servlet.TldScanner.scanJars At least one JAR was scanned for TLDs yet contained no TLDs. Enable debug logging for this logger for a complete list of JARs that were scanned but no TLDs were found in them. Skipping unneeded JARs during scanning can improve startup time and JSP compilation time.
18-Feb-2026 11:42:12.735 INFO [main] org.apache.catalina.startup.HostConfig.deployDirectory Deployment of web application directory [/home/infoetu/baptiste.lavogiez.etu/BUT2/Semestre2/Webdev/tomcat/webapps/docs] has finished in [118] ms
18-Feb-2026 11:42:12.735 INFO [main] org.apache.catalina.startup.HostConfig.deployDirectory Deploying web application directory [/home/infoetu/baptiste.lavogiez.etu/BUT2/Semestre2/Webdev/tomcat/webapps/TP03-Partie2]
18-Feb-2026 11:42:12.864 INFO [main] org.apache.jasper.servlet.TldScanner.scanJars At least one JAR was scanned for TLDs yet contained no TLDs. Enable debug logging for this logger for a complete list of JARs that were scanned but no TLDs were found in them. Skipping unneeded JARs during scanning can improve startup time and JSP compilation time.
18-Feb-2026 11:42:12.865 INFO [main] org.apache.catalina.startup.HostConfig.deployDirectory Deployment of web application directory [/home/infoetu/baptiste.lavogiez.etu/BUT2/Semestre2/Webdev/tomcat/webapps/TP03-Partie2] has finished in [130] ms
18-Feb-2026 11:42:12.865 INFO [main] org.apache.catalina.startup.HostConfig.deployDirectory Deploying web application directory [/home/infoetu/baptiste.lavogiez.etu/BUT2/Semestre2/Webdev/tomcat/webapps/TP05]
18-Feb-2026 11:42:12.996 INFO [main] org.apache.jasper.servlet.TldScanner.scanJars At least one JAR was scanned for TLDs yet contained no TLDs. Enable debug logging for this logger for a complete list of JARs that were scanned but no TLDs were found in them. Skipping unneeded JARs during scanning can improve startup time and JSP compilation time.
18-Feb-2026 11:42:12.997 INFO [main] org.apache.catalina.startup.HostConfig.deployDirectory Deployment of web application directory [/home/infoetu/baptiste.lavogiez.etu/BUT2/Semestre2/Webdev/tomcat/webapps/TP05] has finished in [132] ms
18-Feb-2026 11:42:12.997 INFO [main] org.apache.catalina.startup.HostConfig.deployDirectory Deploying web application directory [/home/infoetu/baptiste.lavogiez.etu/BUT2/Semestre2/Webdev/tomcat/webapps/TP06]
18-Feb-2026 11:42:13.132 INFO [main] org.apache.jasper.servlet.TldScanner.scanJars At least one JAR was scanned for TLDs yet contained no TLDs. Enable debug logging for this logger for a complete list of JARs that were scanned but no TLDs were found in them. Skipping unneeded JARs during scanning can improve startup time and JSP compilation time.
18-Feb-2026 11:42:13.132 INFO [main] org.apache.catalina.startup.HostConfig.deployDirectory Deployment of web application directory [/home/infoetu/baptiste.lavogiez.etu/BUT2/Semestre2/Webdev/tomcat/webapps/TP06] has finished in [135] ms
18-Feb-2026 11:42:13.133 INFO [main] org.apache.catalina.startup.HostConfig.deployDirectory Deploying web application directory [/home/infoetu/baptiste.lavogiez.etu/BUT2/Semestre2/Webdev/tomcat/webapps/manager]
18-Feb-2026 11:42:13.249 INFO [main] org.apache.jasper.servlet.TldScanner.scanJars At least one JAR was scanned for TLDs yet contained no TLDs. Enable debug logging for this logger for a complete list of JARs that were scanned but no TLDs were found in them. Skipping unneeded JARs during scanning can improve startup time and JSP compilation time.
18-Feb-2026 11:42:13.251 INFO [main] org.apache.catalina.startup.HostConfig.deployDirectory Deployment of web application directory [/home/infoetu/baptiste.lavogiez.etu/BUT2/Semestre2/Webdev/tomcat/webapps/manager] has finished in [119] ms
18-Feb-2026 11:42:13.251 INFO [main] org.apache.catalina.startup.HostConfig.deployDirectory Deploying web application directory [/home/infoetu/baptiste.lavogiez.etu/BUT2/Semestre2/Webdev/tomcat/webapps/TP02]
18-Feb-2026 11:42:13.374 INFO [main] org.apache.jasper.servlet.TldScanner.scanJars At least one JAR was scanned for TLDs yet contained no TLDs. Enable debug logging for this logger for a complete list of JARs that were scanned but no TLDs were found in them. Skipping unneeded JARs during scanning can improve startup time and JSP compilation time.
18-Feb-2026 11:42:13.375 INFO [main] org.apache.catalina.startup.HostConfig.deployDirectory Deployment of web application directory [/home/infoetu/baptiste.lavogiez.etu/BUT2/Semestre2/Webdev/tomcat/webapps/TP02] has finished in [123] ms
18-Feb-2026 11:42:13.375 INFO [main] org.apache.catalina.startup.HostConfig.deployDirectory Deploying web application directory [/home/infoetu/baptiste.lavogiez.etu/BUT2/Semestre2/Webdev/tomcat/webapps/ctp1]
18-Feb-2026 11:42:13.505 INFO [main] org.apache.jasper.servlet.TldScanner.scanJars At least one JAR was scanned for TLDs yet contained no TLDs. Enable debug logging for this logger for a complete list of JARs that were scanned but no TLDs were found in them. Skipping unneeded JARs during scanning can improve startup time and JSP compilation time.
18-Feb-2026 11:42:13.506 INFO [main] org.apache.catalina.startup.HostConfig.deployDirectory Deployment of web application directory [/home/infoetu/baptiste.lavogiez.etu/BUT2/Semestre2/Webdev/tomcat/webapps/ctp1] has finished in [131] ms
18-Feb-2026 11:42:13.506 INFO [main] org.apache.catalina.startup.HostConfig.deployDirectory Deploying web application directory [/home/infoetu/baptiste.lavogiez.etu/BUT2/Semestre2/Webdev/tomcat/webapps/TP03]
18-Feb-2026 11:42:13.624 INFO [main] org.apache.jasper.servlet.TldScanner.scanJars At least one JAR was scanned for TLDs yet contained no TLDs. Enable debug logging for this logger for a complete list of JARs that were scanned but no TLDs were found in them. Skipping unneeded JARs during scanning can improve startup time and JSP compilation time.
18-Feb-2026 11:42:13.625 INFO [main] org.apache.catalina.startup.HostConfig.deployDirectory Deployment of web application directory [/home/infoetu/baptiste.lavogiez.etu/BUT2/Semestre2/Webdev/tomcat/webapps/TP03] has finished in [119] ms
18-Feb-2026 11:42:13.625 INFO [main] org.apache.catalina.startup.HostConfig.deployDirectory Deploying web application directory [/home/infoetu/baptiste.lavogiez.etu/BUT2/Semestre2/Webdev/tomcat/webapps/TP01]
18-Feb-2026 11:42:13.740 INFO [main] org.apache.jasper.servlet.TldScanner.scanJars At least one JAR was scanned for TLDs yet contained no TLDs. Enable debug logging for this logger for a complete list of JARs that were scanned but no TLDs were found in them. Skipping unneeded JARs during scanning can improve startup time and JSP compilation time.
18-Feb-2026 11:42:13.740 INFO [main] org.apache.catalina.startup.HostConfig.deployDirectory Deployment of web application directory [/home/infoetu/baptiste.lavogiez.etu/BUT2/Semestre2/Webdev/tomcat/webapps/TP01] has finished in [115] ms
18-Feb-2026 11:42:13.740 INFO [main] org.apache.catalina.startup.HostConfig.deployDirectory Deploying web application directory [/home/infoetu/baptiste.lavogiez.etu/BUT2/Semestre2/Webdev/tomcat/webapps/host-manager]
18-Feb-2026 11:42:13.854 INFO [main] org.apache.jasper.servlet.TldScanner.scanJars At least one JAR was scanned for TLDs yet contained no TLDs. Enable debug logging for this logger for a complete list of JARs that were scanned but no TLDs were found in them. Skipping unneeded JARs during scanning can improve startup time and JSP compilation time.
18-Feb-2026 11:42:13.855 INFO [main] org.apache.catalina.startup.HostConfig.deployDirectory Deployment of web application directory [/home/infoetu/baptiste.lavogiez.etu/BUT2/Semestre2/Webdev/tomcat/webapps/host-manager] has finished in [115] ms
18-Feb-2026 11:42:13.856 INFO [main] org.apache.catalina.startup.HostConfig.deployDirectory Deploying web application directory [/home/infoetu/baptiste.lavogiez.etu/BUT2/Semestre2/Webdev/tomcat/webapps/tp_chess]
18-Feb-2026 11:42:13.976 INFO [main] org.apache.jasper.servlet.TldScanner.scanJars At least one JAR was scanned for TLDs yet contained no TLDs. Enable debug logging for this logger for a complete list of JARs that were scanned but no TLDs were found in them. Skipping unneeded JARs during scanning can improve startup time and JSP compilation time.
18-Feb-2026 11:42:13.977 INFO [main] org.apache.catalina.startup.HostConfig.deployDirectory Deployment of web application directory [/home/infoetu/baptiste.lavogiez.etu/BUT2/Semestre2/Webdev/tomcat/webapps/tp_chess] has finished in [121] ms
18-Feb-2026 11:42:13.977 INFO [main] org.apache.catalina.startup.HostConfig.deployDirectory Deploying web application directory [/home/infoetu/baptiste.lavogiez.etu/BUT2/Semestre2/Webdev/tomcat/webapps/ctp3]
18-Feb-2026 11:42:14.096 INFO [main] org.apache.jasper.servlet.TldScanner.scanJars At least one JAR was scanned for TLDs yet contained no TLDs. Enable debug logging for this logger for a complete list of JARs that were scanned but no TLDs were found in them. Skipping unneeded JARs during scanning can improve startup time and JSP compilation time.
18-Feb-2026 11:42:14.097 INFO [main] org.apache.catalina.startup.HostConfig.deployDirectory Deployment of web application directory [/home/infoetu/baptiste.lavogiez.etu/BUT2/Semestre2/Webdev/tomcat/webapps/ctp3] has finished in [120] ms
18-Feb-2026 11:42:14.097 INFO [main] org.apache.catalina.startup.HostConfig.deployDirectory Deploying web application directory [/home/infoetu/baptiste.lavogiez.etu/BUT2/Semestre2/Webdev/tomcat/webapps/template]
18-Feb-2026 11:42:14.227 INFO [main] org.apache.jasper.servlet.TldScanner.scanJars At least one JAR was scanned for TLDs yet contained no TLDs. Enable debug logging for this logger for a complete list of JARs that were scanned but no TLDs were found in them. Skipping unneeded JARs during scanning can improve startup time and JSP compilation time.
18-Feb-2026 11:42:14.227 INFO [main] org.apache.catalina.startup.HostConfig.deployDirectory Deployment of web application directory [/home/infoetu/baptiste.lavogiez.etu/BUT2/Semestre2/Webdev/tomcat/webapps/template] has finished in [130] ms
18-Feb-2026 11:42:14.228 INFO [main] org.apache.catalina.startup.HostConfig.deployDirectory Deploying web application directory [/home/infoetu/baptiste.lavogiez.etu/BUT2/Semestre2/Webdev/tomcat/webapps/examples]
18-Feb-2026 11:42:14.504 INFO [main] org.apache.jasper.servlet.TldScanner.scanJars At least one JAR was scanned for TLDs yet contained no TLDs. Enable debug logging for this logger for a complete list of JARs that were scanned but no TLDs were found in them. Skipping unneeded JARs during scanning can improve startup time and JSP compilation time.
18-Feb-2026 11:42:14.518 INFO [main] org.apache.catalina.startup.HostConfig.deployDirectory Deployment of web application directory [/home/infoetu/baptiste.lavogiez.etu/BUT2/Semestre2/Webdev/tomcat/webapps/examples] has finished in [290] ms
18-Feb-2026 11:42:14.518 INFO [main] org.apache.catalina.startup.HostConfig.deployDirectory Deploying web application directory [/home/infoetu/baptiste.lavogiez.etu/BUT2/Semestre2/Webdev/tomcat/webapps/ctp]
18-Feb-2026 11:42:14.651 INFO [main] org.apache.jasper.servlet.TldScanner.scanJars At least one JAR was scanned for TLDs yet contained no TLDs. Enable debug logging for this logger for a complete list of JARs that were scanned but no TLDs were found in them. Skipping unneeded JARs during scanning can improve startup time and JSP compilation time.
18-Feb-2026 11:42:14.651 INFO [main] org.apache.catalina.startup.HostConfig.deployDirectory Deployment of web application directory [/home/infoetu/baptiste.lavogiez.etu/BUT2/Semestre2/Webdev/tomcat/webapps/ctp] has finished in [133] ms
18-Feb-2026 11:42:14.653 INFO [main] org.apache.catalina.startup.Catalina.start Server startup in [3064] milliseconds
18-Feb-2026 11:42:14.655 SEVERE [main] org.apache.catalina.core.StandardServer.await Failed to create server shutdown socket on address [localhost] and port [8005] (base port [8005] and offset [0])
	java.net.BindException: Address already in use
		at java.base/sun.nio.ch.Net.bind0(Native Method)
		at java.base/sun.nio.ch.Net.bind(Net.java:567)
		at java.base/sun.nio.ch.Net.bind(Net.java:556)
		at java.base/sun.nio.ch.NioSocketImpl.bind(NioSocketImpl.java:648)
		at java.base/java.net.ServerSocket.bind(ServerSocket.java:388)
		at java.base/java.net.ServerSocket.<init>(ServerSocket.java:274)
		at org.apache.catalina.core.StandardServer.await(StandardServer.java:530)
		at org.apache.catalina.startup.Catalina.await(Catalina.java:846)
		at org.apache.catalina.startup.Catalina.start(Catalina.java:794)
		at java.base/jdk.internal.reflect.NativeMethodAccessorImpl.invoke0(Native Method)
		at java.base/jdk.internal.reflect.NativeMethodAccessorImpl.invoke(NativeMethodAccessorImpl.java:77)
		at java.base/jdk.internal.reflect.DelegatingMethodAccessorImpl.invoke(DelegatingMethodAccessorImpl.java:43)
		at java.base/java.lang.reflect.Method.invoke(Method.java:569)
		at org.apache.catalina.startup.Bootstrap.start(Bootstrap.java:339)
		at org.apache.catalina.startup.Bootstrap.main(Bootstrap.java:470)
18-Feb-2026 11:42:14.655 INFO [main] org.apache.coyote.AbstractProtocol.pause Pausing ProtocolHandler ["http-nio-8080"]
18-Feb-2026 11:42:14.655 INFO [main] org.apache.catalina.core.StandardService.stopInternal Stopping service [Catalina]
18-Feb-2026 11:42:14.680 INFO [main] org.apache.coyote.AbstractProtocol.stop Stopping ProtocolHandler ["http-nio-8080"]
18-Feb-2026 11:42:14.681 INFO [main] org.apache.coyote.AbstractProtocol.destroy Destroying ProtocolHandler ["http-nio-8080"]
18-Feb-2026 11:42:31.423 INFO [Thread-1] org.apache.coyote.AbstractProtocol.pause Pausing ProtocolHandler ["http-nio-8080"]
18-Feb-2026 11:42:31.425 INFO [Thread-1] org.apache.catalina.core.StandardService.stopInternal Stopping service [Catalina]
18-Feb-2026 11:42:31.461 WARNING [Thread-1] org.apache.catalina.loader.WebappClassLoaderBase.clearReferencesJdbc The web application [TP06] registered the JDBC driver [org.h2.Driver] but failed to unregister it when the web application was stopped. To prevent a memory leak, the JDBC Driver has been forcibly unregistered.
18-Feb-2026 11:42:31.478 INFO [Thread-1] org.apache.coyote.AbstractProtocol.stop Stopping ProtocolHandler ["http-nio-8080"]
18-Feb-2026 11:42:31.488 INFO [Thread-1] org.apache.coyote.AbstractProtocol.destroy Destroying ProtocolHandler ["http-nio-8080"]
18-Feb-2026 11:42:32.318 INFO [main] org.apache.catalina.startup.VersionLoggerListener.log Server version name:   Apache Tomcat/11.0.13
18-Feb-2026 11:42:32.320 INFO [main] org.apache.catalina.startup.VersionLoggerListener.log Server built:          Oct 10 2025 13:57:31 UTC
18-Feb-2026 11:42:32.320 INFO [main] org.apache.catalina.startup.VersionLoggerListener.log Server version number: 11.0.13.0
18-Feb-2026 11:42:32.320 INFO [main] org.apache.catalina.startup.VersionLoggerListener.log OS Name:               Linux
18-Feb-2026 11:42:32.320 INFO [main] org.apache.catalina.startup.VersionLoggerListener.log OS Version:            6.1.0-40-amd64
18-Feb-2026 11:42:32.320 INFO [main] org.apache.catalina.startup.VersionLoggerListener.log Architecture:          amd64
18-Feb-2026 11:42:32.320 INFO [main] org.apache.catalina.startup.VersionLoggerListener.log Java Home:             /usr/lib/jvm/java-17-openjdk-amd64
18-Feb-2026 11:42:32.320 INFO [main] org.apache.catalina.startup.VersionLoggerListener.log JVM Version:           17.0.18+8-Debian-1deb12u1
18-Feb-2026 11:42:32.320 INFO [main] org.apache.catalina.startup.VersionLoggerListener.log JVM Vendor:            Debian
18-Feb-2026 11:42:32.320 INFO [main] org.apache.catalina.startup.VersionLoggerListener.log CATALINA_BASE:         /home/infoetu/baptiste.lavogiez.etu/BUT2/Semestre2/Webdev/tomcat
18-Feb-2026 11:42:32.320 INFO [main] org.apache.catalina.startup.VersionLoggerListener.log CATALINA_HOME:         /home/infoetu/baptiste.lavogiez.etu/BUT2/Semestre2/Webdev/tomcat
18-Feb-2026 11:42:32.324 INFO [main] org.apache.catalina.startup.VersionLoggerListener.log Command line argument: -Djava.util.logging.config.file=/home/infoetu/baptiste.lavogiez.etu/BUT2/Semestre2/Webdev/tomcat/conf/logging.properties
18-Feb-2026 11:42:32.324 INFO [main] org.apache.catalina.startup.VersionLoggerListener.log Command line argument: -Djava.util.logging.manager=org.apache.juli.ClassLoaderLogManager
18-Feb-2026 11:42:32.324 INFO [main] org.apache.catalina.startup.VersionLoggerListener.log Command line argument: -Djdk.tls.ephemeralDHKeySize=2048
18-Feb-2026 11:42:32.324 INFO [main] org.apache.catalina.startup.VersionLoggerListener.log Command line argument: -Dorg.apache.catalina.security.SecurityListener.UMASK=0027
18-Feb-2026 11:42:32.324 INFO [main] org.apache.catalina.startup.VersionLoggerListener.log Command line argument: --add-opens=java.base/java.lang=ALL-UNNAMED
18-Feb-2026 11:42:32.324 INFO [main] org.apache.catalina.startup.VersionLoggerListener.log Command line argument: --add-opens=java.base/java.lang.reflect=ALL-UNNAMED
18-Feb-2026 11:42:32.324 INFO [main] org.apache.catalina.startup.VersionLoggerListener.log Command line argument: --add-opens=java.base/java.io=ALL-UNNAMED
18-Feb-2026 11:42:32.324 INFO [main] org.apache.catalina.startup.VersionLoggerListener.log Command line argument: --add-opens=java.base/java.util=ALL-UNNAMED
18-Feb-2026 11:42:32.324 INFO [main] org.apache.catalina.startup.VersionLoggerListener.log Command line argument: --add-opens=java.base/java.util.concurrent=ALL-UNNAMED
18-Feb-2026 11:42:32.324 INFO [main] org.apache.catalina.startup.VersionLoggerListener.log Command line argument: --add-opens=java.rmi/sun.rmi.transport=ALL-UNNAMED
18-Feb-2026 11:42:32.324 INFO [main] org.apache.catalina.startup.VersionLoggerListener.log Command line argument: --enable-native-access=ALL-UNNAMED
18-Feb-2026 11:42:32.324 INFO [main] org.apache.catalina.startup.VersionLoggerListener.log Command line argument: -Dcatalina.base=/home/infoetu/baptiste.lavogiez.etu/BUT2/Semestre2/Webdev/tomcat
18-Feb-2026 11:42:32.324 INFO [main] org.apache.catalina.startup.VersionLoggerListener.log Command line argument: -Dcatalina.home=/home/infoetu/baptiste.lavogiez.etu/BUT2/Semestre2/Webdev/tomcat
18-Feb-2026 11:42:32.324 INFO [main] org.apache.catalina.startup.VersionLoggerListener.log Command line argument: -Djava.io.tmpdir=/home/infoetu/baptiste.lavogiez.etu/BUT2/Semestre2/Webdev/tomcat/temp
18-Feb-2026 11:42:32.325 INFO [main] org.apache.catalina.core.AprLifecycleListener.lifecycleEvent The Apache Tomcat Native library which allows using OpenSSL was not found on the java.library.path: [/usr/java/packages/lib:/usr/lib/x86_64-linux-gnu/jni:/lib/x86_64-linux-gnu:/usr/lib/x86_64-linux-gnu:/usr/lib/jni:/lib:/usr/lib]
18-Feb-2026 11:42:32.422 INFO [main] org.apache.coyote.AbstractProtocol.init Initializing ProtocolHandler ["http-nio-8080"]
18-Feb-2026 11:42:32.430 INFO [main] org.apache.catalina.startup.Catalina.load Server initialization in [177] milliseconds
18-Feb-2026 11:42:32.446 INFO [main] org.apache.catalina.core.StandardService.startInternal Starting service [Catalina]
18-Feb-2026 11:42:32.446 INFO [main] org.apache.catalina.core.StandardEngine.startInternal Starting Servlet engine: [Apache Tomcat/11.0.13]
18-Feb-2026 11:42:32.450 INFO [main] org.apache.catalina.startup.HostConfig.deployDirectory Deploying web application directory [/home/infoetu/baptiste.lavogiez.etu/BUT2/Semestre2/Webdev/tomcat/webapps/ctp2]
18-Feb-2026 11:42:32.728 INFO [main] org.apache.jasper.servlet.TldScanner.scanJars At least one JAR was scanned for TLDs yet contained no TLDs. Enable debug logging for this logger for a complete list of JARs that were scanned but no TLDs were found in them. Skipping unneeded JARs during scanning can improve startup time and JSP compilation time.
18-Feb-2026 11:42:32.745 INFO [main] org.apache.catalina.startup.HostConfig.deployDirectory Deployment of web application directory [/home/infoetu/baptiste.lavogiez.etu/BUT2/Semestre2/Webdev/tomcat/webapps/ctp2] has finished in [294] ms
18-Feb-2026 11:42:32.745 INFO [main] org.apache.catalina.startup.HostConfig.deployDirectory Deploying web application directory [/home/infoetu/baptiste.lavogiez.etu/BUT2/Semestre2/Webdev/tomcat/webapps/ctp (copie)]
18-Feb-2026 11:42:32.893 INFO [main] org.apache.jasper.servlet.TldScanner.scanJars At least one JAR was scanned for TLDs yet contained no TLDs. Enable debug logging for this logger for a complete list of JARs that were scanned but no TLDs were found in them. Skipping unneeded JARs during scanning can improve startup time and JSP compilation time.
18-Feb-2026 11:42:32.894 INFO [main] org.apache.catalina.startup.HostConfig.deployDirectory Deployment of web application directory [/home/infoetu/baptiste.lavogiez.etu/BUT2/Semestre2/Webdev/tomcat/webapps/ctp (copie)] has finished in [149] ms
18-Feb-2026 11:42:32.894 INFO [main] org.apache.catalina.startup.HostConfig.deployDirectory Deploying web application directory [/home/infoetu/baptiste.lavogiez.etu/BUT2/Semestre2/Webdev/tomcat/webapps/ctp-sample]
18-Feb-2026 11:42:33.029 INFO [main] org.apache.jasper.servlet.TldScanner.scanJars At least one JAR was scanned for TLDs yet contained no TLDs. Enable debug logging for this logger for a complete list of JARs that were scanned but no TLDs were found in them. Skipping unneeded JARs during scanning can improve startup time and JSP compilation time.
18-Feb-2026 11:42:33.031 INFO [main] org.apache.catalina.startup.HostConfig.deployDirectory Deployment of web application directory [/home/infoetu/baptiste.lavogiez.etu/BUT2/Semestre2/Webdev/tomcat/webapps/ctp-sample] has finished in [136] ms
18-Feb-2026 11:42:33.031 INFO [main] org.apache.catalina.startup.HostConfig.deployDirectory Deploying web application directory [/home/infoetu/baptiste.lavogiez.etu/BUT2/Semestre2/Webdev/tomcat/webapps/__MACOSX]
18-Feb-2026 11:42:33.154 INFO [main] org.apache.jasper.servlet.TldScanner.scanJars At least one JAR was scanned for TLDs yet contained no TLDs. Enable debug logging for this logger for a complete list of JARs that were scanned but no TLDs were found in them. Skipping unneeded JARs during scanning can improve startup time and JSP compilation time.
18-Feb-2026 11:42:33.155 INFO [main] org.apache.catalina.startup.HostConfig.deployDirectory Deployment of web application directory [/home/infoetu/baptiste.lavogiez.etu/BUT2/Semestre2/Webdev/tomcat/webapps/__MACOSX] has finished in [124] ms
18-Feb-2026 11:42:33.155 INFO [main] org.apache.catalina.startup.HostConfig.deployDirectory Deploying web application directory [/home/infoetu/baptiste.lavogiez.etu/BUT2/Semestre2/Webdev/tomcat/webapps/ROOT]
18-Feb-2026 11:42:33.272 INFO [main] org.apache.jasper.servlet.TldScanner.scanJars At least one JAR was scanned for TLDs yet contained no TLDs. Enable debug logging for this logger for a complete list of JARs that were scanned but no TLDs were found in them. Skipping unneeded JARs during scanning can improve startup time and JSP compilation time.
18-Feb-2026 11:42:33.273 INFO [main] org.apache.catalina.startup.HostConfig.deployDirectory Deployment of web application directory [/home/infoetu/baptiste.lavogiez.etu/BUT2/Semestre2/Webdev/tomcat/webapps/ROOT] has finished in [118] ms
18-Feb-2026 11:42:33.273 INFO [main] org.apache.catalina.startup.HostConfig.deployDirectory Deploying web application directory [/home/infoetu/baptiste.lavogiez.etu/BUT2/Semestre2/Webdev/tomcat/webapps/TP04]
18-Feb-2026 11:42:33.397 INFO [main] org.apache.jasper.servlet.TldScanner.scanJars At least one JAR was scanned for TLDs yet contained no TLDs. Enable debug logging for this logger for a complete list of JARs that were scanned but no TLDs were found in them. Skipping unneeded JARs during scanning can improve startup time and JSP compilation time.
18-Feb-2026 11:42:33.397 INFO [main] org.apache.catalina.startup.HostConfig.deployDirectory Deployment of web application directory [/home/infoetu/baptiste.lavogiez.etu/BUT2/Semestre2/Webdev/tomcat/webapps/TP04] has finished in [124] ms
18-Feb-2026 11:42:33.398 INFO [main] org.apache.catalina.startup.HostConfig.deployDirectory Deploying web application directory [/home/infoetu/baptiste.lavogiez.etu/BUT2/Semestre2/Webdev/tomcat/webapps/docs]
18-Feb-2026 11:42:33.515 INFO [main] org.apache.jasper.servlet.TldScanner.scanJars At least one JAR was scanned for TLDs yet contained no TLDs. Enable debug logging for this logger for a complete list of JARs that were scanned but no TLDs were found in them. Skipping unneeded JARs during scanning can improve startup time and JSP compilation time.
18-Feb-2026 11:42:33.515 INFO [main] org.apache.catalina.startup.HostConfig.deployDirectory Deployment of web application directory [/home/infoetu/baptiste.lavogiez.etu/BUT2/Semestre2/Webdev/tomcat/webapps/docs] has finished in [117] ms
18-Feb-2026 11:42:33.515 INFO [main] org.apache.catalina.startup.HostConfig.deployDirectory Deploying web application directory [/home/infoetu/baptiste.lavogiez.etu/BUT2/Semestre2/Webdev/tomcat/webapps/TP03-Partie2]
18-Feb-2026 11:42:33.637 INFO [main] org.apache.jasper.servlet.TldScanner.scanJars At least one JAR was scanned for TLDs yet contained no TLDs. Enable debug logging for this logger for a complete list of JARs that were scanned but no TLDs were found in them. Skipping unneeded JARs during scanning can improve startup time and JSP compilation time.
18-Feb-2026 11:42:33.638 INFO [main] org.apache.catalina.startup.HostConfig.deployDirectory Deployment of web application directory [/home/infoetu/baptiste.lavogiez.etu/BUT2/Semestre2/Webdev/tomcat/webapps/TP03-Partie2] has finished in [123] ms
18-Feb-2026 11:42:33.638 INFO [main] org.apache.catalina.startup.HostConfig.deployDirectory Deploying web application directory [/home/infoetu/baptiste.lavogiez.etu/BUT2/Semestre2/Webdev/tomcat/webapps/TP05]
18-Feb-2026 11:42:33.760 INFO [main] org.apache.jasper.servlet.TldScanner.scanJars At least one JAR was scanned for TLDs yet contained no TLDs. Enable debug logging for this logger for a complete list of JARs that were scanned but no TLDs were found in them. Skipping unneeded JARs during scanning can improve startup time and JSP compilation time.
18-Feb-2026 11:42:33.761 INFO [main] org.apache.catalina.startup.HostConfig.deployDirectory Deployment of web application directory [/home/infoetu/baptiste.lavogiez.etu/BUT2/Semestre2/Webdev/tomcat/webapps/TP05] has finished in [123] ms
18-Feb-2026 11:42:33.761 INFO [main] org.apache.catalina.startup.HostConfig.deployDirectory Deploying web application directory [/home/infoetu/baptiste.lavogiez.etu/BUT2/Semestre2/Webdev/tomcat/webapps/TP06]
18-Feb-2026 11:42:33.882 INFO [main] org.apache.jasper.servlet.TldScanner.scanJars At least one JAR was scanned for TLDs yet contained no TLDs. Enable debug logging for this logger for a complete list of JARs that were scanned but no TLDs were found in them. Skipping unneeded JARs during scanning can improve startup time and JSP compilation time.
18-Feb-2026 11:42:33.883 INFO [main] org.apache.catalina.startup.HostConfig.deployDirectory Deployment of web application directory [/home/infoetu/baptiste.lavogiez.etu/BUT2/Semestre2/Webdev/tomcat/webapps/TP06] has finished in [122] ms
18-Feb-2026 11:42:33.883 INFO [main] org.apache.catalina.startup.HostConfig.deployDirectory Deploying web application directory [/home/infoetu/baptiste.lavogiez.etu/BUT2/Semestre2/Webdev/tomcat/webapps/manager]
18-Feb-2026 11:42:33.997 INFO [main] org.apache.jasper.servlet.TldScanner.scanJars At least one JAR was scanned for TLDs yet contained no TLDs. Enable debug logging for this logger for a complete list of JARs that were scanned but no TLDs were found in them. Skipping unneeded JARs during scanning can improve startup time and JSP compilation time.
18-Feb-2026 11:42:33.999 INFO [main] org.apache.catalina.startup.HostConfig.deployDirectory Deployment of web application directory [/home/infoetu/baptiste.lavogiez.etu/BUT2/Semestre2/Webdev/tomcat/webapps/manager] has finished in [116] ms
18-Feb-2026 11:42:33.999 INFO [main] org.apache.catalina.startup.HostConfig.deployDirectory Deploying web application directory [/home/infoetu/baptiste.lavogiez.etu/BUT2/Semestre2/Webdev/tomcat/webapps/TP02]
18-Feb-2026 11:42:34.119 INFO [main] org.apache.jasper.servlet.TldScanner.scanJars At least one JAR was scanned for TLDs yet contained no TLDs. Enable debug logging for this logger for a complete list of JARs that were scanned but no TLDs were found in them. Skipping unneeded JARs during scanning can improve startup time and JSP compilation time.
18-Feb-2026 11:42:34.120 INFO [main] org.apache.catalina.startup.HostConfig.deployDirectory Deployment of web application directory [/home/infoetu/baptiste.lavogiez.etu/BUT2/Semestre2/Webdev/tomcat/webapps/TP02] has finished in [121] ms
18-Feb-2026 11:42:34.120 INFO [main] org.apache.catalina.startup.HostConfig.deployDirectory Deploying web application directory [/home/infoetu/baptiste.lavogiez.etu/BUT2/Semestre2/Webdev/tomcat/webapps/ctp1]
18-Feb-2026 11:42:34.240 INFO [main] org.apache.jasper.servlet.TldScanner.scanJars At least one JAR was scanned for TLDs yet contained no TLDs. Enable debug logging for this logger for a complete list of JARs that were scanned but no TLDs were found in them. Skipping unneeded JARs during scanning can improve startup time and JSP compilation time.
18-Feb-2026 11:42:34.241 INFO [main] org.apache.catalina.startup.HostConfig.deployDirectory Deployment of web application directory [/home/infoetu/baptiste.lavogiez.etu/BUT2/Semestre2/Webdev/tomcat/webapps/ctp1] has finished in [121] ms
18-Feb-2026 11:42:34.241 INFO [main] org.apache.catalina.startup.HostConfig.deployDirectory Deploying web application directory [/home/infoetu/baptiste.lavogiez.etu/BUT2/Semestre2/Webdev/tomcat/webapps/TP03]
18-Feb-2026 11:42:34.355 INFO [main] org.apache.jasper.servlet.TldScanner.scanJars At least one JAR was scanned for TLDs yet contained no TLDs. Enable debug logging for this logger for a complete list of JARs that were scanned but no TLDs were found in them. Skipping unneeded JARs during scanning can improve startup time and JSP compilation time.
18-Feb-2026 11:42:34.356 INFO [main] org.apache.catalina.startup.HostConfig.deployDirectory Deployment of web application directory [/home/infoetu/baptiste.lavogiez.etu/BUT2/Semestre2/Webdev/tomcat/webapps/TP03] has finished in [115] ms
18-Feb-2026 11:42:34.356 INFO [main] org.apache.catalina.startup.HostConfig.deployDirectory Deploying web application directory [/home/infoetu/baptiste.lavogiez.etu/BUT2/Semestre2/Webdev/tomcat/webapps/TP01]
18-Feb-2026 11:42:34.467 INFO [main] org.apache.jasper.servlet.TldScanner.scanJars At least one JAR was scanned for TLDs yet contained no TLDs. Enable debug logging for this logger for a complete list of JARs that were scanned but no TLDs were found in them. Skipping unneeded JARs during scanning can improve startup time and JSP compilation time.
18-Feb-2026 11:42:34.468 INFO [main] org.apache.catalina.startup.HostConfig.deployDirectory Deployment of web application directory [/home/infoetu/baptiste.lavogiez.etu/BUT2/Semestre2/Webdev/tomcat/webapps/TP01] has finished in [112] ms
18-Feb-2026 11:42:34.468 INFO [main] org.apache.catalina.startup.HostConfig.deployDirectory Deploying web application directory [/home/infoetu/baptiste.lavogiez.etu/BUT2/Semestre2/Webdev/tomcat/webapps/host-manager]
18-Feb-2026 11:42:34.576 INFO [main] org.apache.jasper.servlet.TldScanner.scanJars At least one JAR was scanned for TLDs yet contained no TLDs. Enable debug logging for this logger for a complete list of JARs that were scanned but no TLDs were found in them. Skipping unneeded JARs during scanning can improve startup time and JSP compilation time.
18-Feb-2026 11:42:34.577 INFO [main] org.apache.catalina.startup.HostConfig.deployDirectory Deployment of web application directory [/home/infoetu/baptiste.lavogiez.etu/BUT2/Semestre2/Webdev/tomcat/webapps/host-manager] has finished in [109] ms
18-Feb-2026 11:42:34.577 INFO [main] org.apache.catalina.startup.HostConfig.deployDirectory Deploying web application directory [/home/infoetu/baptiste.lavogiez.etu/BUT2/Semestre2/Webdev/tomcat/webapps/tp_chess]
18-Feb-2026 11:42:34.696 INFO [main] org.apache.jasper.servlet.TldScanner.scanJars At least one JAR was scanned for TLDs yet contained no TLDs. Enable debug logging for this logger for a complete list of JARs that were scanned but no TLDs were found in them. Skipping unneeded JARs during scanning can improve startup time and JSP compilation time.
18-Feb-2026 11:42:34.696 INFO [main] org.apache.catalina.startup.HostConfig.deployDirectory Deployment of web application directory [/home/infoetu/baptiste.lavogiez.etu/BUT2/Semestre2/Webdev/tomcat/webapps/tp_chess] has finished in [119] ms
18-Feb-2026 11:42:34.697 INFO [main] org.apache.catalina.startup.HostConfig.deployDirectory Deploying web application directory [/home/infoetu/baptiste.lavogiez.etu/BUT2/Semestre2/Webdev/tomcat/webapps/ctp3]
18-Feb-2026 11:42:34.811 INFO [main] org.apache.jasper.servlet.TldScanner.scanJars At least one JAR was scanned for TLDs yet contained no TLDs. Enable debug logging for this logger for a complete list of JARs that were scanned but no TLDs were found in them. Skipping unneeded JARs during scanning can improve startup time and JSP compilation time.
18-Feb-2026 11:42:34.812 INFO [main] org.apache.catalina.startup.HostConfig.deployDirectory Deployment of web application directory [/home/infoetu/baptiste.lavogiez.etu/BUT2/Semestre2/Webdev/tomcat/webapps/ctp3] has finished in [115] ms
18-Feb-2026 11:42:34.812 INFO [main] org.apache.catalina.startup.HostConfig.deployDirectory Deploying web application directory [/home/infoetu/baptiste.lavogiez.etu/BUT2/Semestre2/Webdev/tomcat/webapps/template]
18-Feb-2026 11:42:34.933 INFO [main] org.apache.jasper.servlet.TldScanner.scanJars At least one JAR was scanned for TLDs yet contained no TLDs. Enable debug logging for this logger for a complete list of JARs that were scanned but no TLDs were found in them. Skipping unneeded JARs during scanning can improve startup time and JSP compilation time.
18-Feb-2026 11:42:34.934 INFO [main] org.apache.catalina.startup.HostConfig.deployDirectory Deployment of web application directory [/home/infoetu/baptiste.lavogiez.etu/BUT2/Semestre2/Webdev/tomcat/webapps/template] has finished in [122] ms
18-Feb-2026 11:42:34.934 INFO [main] org.apache.catalina.startup.HostConfig.deployDirectory Deploying web application directory [/home/infoetu/baptiste.lavogiez.etu/BUT2/Semestre2/Webdev/tomcat/webapps/examples]
18-Feb-2026 11:42:35.121 INFO [main] org.apache.jasper.servlet.TldScanner.scanJars At least one JAR was scanned for TLDs yet contained no TLDs. Enable debug logging for this logger for a complete list of JARs that were scanned but no TLDs were found in them. Skipping unneeded JARs during scanning can improve startup time and JSP compilation time.
18-Feb-2026 11:42:35.133 INFO [main] org.apache.catalina.startup.HostConfig.deployDirectory Deployment of web application directory [/home/infoetu/baptiste.lavogiez.etu/BUT2/Semestre2/Webdev/tomcat/webapps/examples] has finished in [199] ms
18-Feb-2026 11:42:35.133 INFO [main] org.apache.catalina.startup.HostConfig.deployDirectory Deploying web application directory [/home/infoetu/baptiste.lavogiez.etu/BUT2/Semestre2/Webdev/tomcat/webapps/ctp]
18-Feb-2026 11:42:35.256 INFO [main] org.apache.jasper.servlet.TldScanner.scanJars At least one JAR was scanned for TLDs yet contained no TLDs. Enable debug logging for this logger for a complete list of JARs that were scanned but no TLDs were found in them. Skipping unneeded JARs during scanning can improve startup time and JSP compilation time.
18-Feb-2026 11:42:35.257 INFO [main] org.apache.catalina.startup.HostConfig.deployDirectory Deployment of web application directory [/home/infoetu/baptiste.lavogiez.etu/BUT2/Semestre2/Webdev/tomcat/webapps/ctp] has finished in [124] ms
18-Feb-2026 11:42:35.259 INFO [main] org.apache.coyote.AbstractProtocol.start Starting ProtocolHandler ["http-nio-8080"]
18-Feb-2026 11:42:35.263 INFO [main] org.apache.catalina.startup.Catalina.start Server startup in [2833] milliseconds
