11-Dec-2025 16:46:21.311 INFO [main] org.apache.catalina.startup.VersionLoggerListener.log Server version name:   Apache Tomcat/11.0.13
11-Dec-2025 16:46:21.313 INFO [main] org.apache.catalina.startup.VersionLoggerListener.log Server built:          Oct 10 2025 13:57:31 UTC
11-Dec-2025 16:46:21.314 INFO [main] org.apache.catalina.startup.VersionLoggerListener.log Server version number: 11.0.13.0
11-Dec-2025 16:46:21.314 INFO [main] org.apache.catalina.startup.VersionLoggerListener.log OS Name:               Linux
11-Dec-2025 16:46:21.314 INFO [main] org.apache.catalina.startup.VersionLoggerListener.log OS Version:            6.1.0-40-amd64
11-Dec-2025 16:46:21.314 INFO [main] org.apache.catalina.startup.VersionLoggerListener.log Architecture:          amd64
11-Dec-2025 16:46:21.314 INFO [main] org.apache.catalina.startup.VersionLoggerListener.log Java Home:             /usr/lib/jvm/java-17-openjdk-amd64
11-Dec-2025 16:46:21.314 INFO [main] org.apache.catalina.startup.VersionLoggerListener.log JVM Version:           17.0.17+10-Debian-1deb12u1
11-Dec-2025 16:46:21.314 INFO [main] org.apache.catalina.startup.VersionLoggerListener.log JVM Vendor:            Debian
11-Dec-2025 16:46:21.314 INFO [main] org.apache.catalina.startup.VersionLoggerListener.log CATALINA_BASE:         /home/infoetu/baptiste.lavogiez.etu/ctp-web/tomcat
11-Dec-2025 16:46:21.314 INFO [main] org.apache.catalina.startup.VersionLoggerListener.log CATALINA_HOME:         /home/infoetu/baptiste.lavogiez.etu/ctp-web/tomcat
11-Dec-2025 16:46:21.323 INFO [main] org.apache.catalina.startup.VersionLoggerListener.log Command line argument: -Djava.util.logging.config.file=/home/infoetu/baptiste.lavogiez.etu/ctp-web/tomcat/conf/logging.properties
11-Dec-2025 16:46:21.323 INFO [main] org.apache.catalina.startup.VersionLoggerListener.log Command line argument: -Djava.util.logging.manager=org.apache.juli.ClassLoaderLogManager
11-Dec-2025 16:46:21.323 INFO [main] org.apache.catalina.startup.VersionLoggerListener.log Command line argument: -Djdk.tls.ephemeralDHKeySize=2048
11-Dec-2025 16:46:21.323 INFO [main] org.apache.catalina.startup.VersionLoggerListener.log Command line argument: -Dorg.apache.catalina.security.SecurityListener.UMASK=0027
11-Dec-2025 16:46:21.323 INFO [main] org.apache.catalina.startup.VersionLoggerListener.log Command line argument: --add-opens=java.base/java.lang=ALL-UNNAMED
11-Dec-2025 16:46:21.323 INFO [main] org.apache.catalina.startup.VersionLoggerListener.log Command line argument: --add-opens=java.base/java.lang.reflect=ALL-UNNAMED
11-Dec-2025 16:46:21.323 INFO [main] org.apache.catalina.startup.VersionLoggerListener.log Command line argument: --add-opens=java.base/java.io=ALL-UNNAMED
11-Dec-2025 16:46:21.323 INFO [main] org.apache.catalina.startup.VersionLoggerListener.log Command line argument: --add-opens=java.base/java.util=ALL-UNNAMED
11-Dec-2025 16:46:21.323 INFO [main] org.apache.catalina.startup.VersionLoggerListener.log Command line argument: --add-opens=java.base/java.util.concurrent=ALL-UNNAMED
11-Dec-2025 16:46:21.323 INFO [main] org.apache.catalina.startup.VersionLoggerListener.log Command line argument: --add-opens=java.rmi/sun.rmi.transport=ALL-UNNAMED
11-Dec-2025 16:46:21.324 INFO [main] org.apache.catalina.startup.VersionLoggerListener.log Command line argument: --enable-native-access=ALL-UNNAMED
11-Dec-2025 16:46:21.324 INFO [main] org.apache.catalina.startup.VersionLoggerListener.log Command line argument: -Dcatalina.base=/home/infoetu/baptiste.lavogiez.etu/ctp-web/tomcat
11-Dec-2025 16:46:21.324 INFO [main] org.apache.catalina.startup.VersionLoggerListener.log Command line argument: -Dcatalina.home=/home/infoetu/baptiste.lavogiez.etu/ctp-web/tomcat
11-Dec-2025 16:46:21.324 INFO [main] org.apache.catalina.startup.VersionLoggerListener.log Command line argument: -Djava.io.tmpdir=/home/infoetu/baptiste.lavogiez.etu/ctp-web/tomcat/temp
11-Dec-2025 16:46:21.325 INFO [main] org.apache.catalina.core.AprLifecycleListener.lifecycleEvent The Apache Tomcat Native library which allows using OpenSSL was not found on the java.library.path: [/usr/java/packages/lib:/usr/lib/x86_64-linux-gnu/jni:/lib/x86_64-linux-gnu:/usr/lib/x86_64-linux-gnu:/usr/lib/jni:/lib:/usr/lib]
11-Dec-2025 16:46:21.473 INFO [main] org.apache.coyote.AbstractProtocol.init Initializing ProtocolHandler ["http-nio-8080"]
11-Dec-2025 16:46:21.488 INFO [main] org.apache.catalina.startup.Catalina.load Server initialization in [310] milliseconds
11-Dec-2025 16:46:21.514 INFO [main] org.apache.catalina.core.StandardService.startInternal Starting service [Catalina]
11-Dec-2025 16:46:21.514 INFO [main] org.apache.catalina.core.StandardEngine.startInternal Starting Servlet engine: [Apache Tomcat/11.0.13]
11-Dec-2025 16:46:21.521 INFO [main] org.apache.catalina.startup.HostConfig.deployDirectory Deploying web application directory [/home/infoetu/baptiste.lavogiez.etu/ctp-web/tomcat/webapps/ROOT]
11-Dec-2025 16:46:21.774 INFO [main] org.apache.jasper.servlet.TldScanner.scanJars At least one JAR was scanned for TLDs yet contained no TLDs. Enable debug logging for this logger for a complete list of JARs that were scanned but no TLDs were found in them. Skipping unneeded JARs during scanning can improve startup time and JSP compilation time.
11-Dec-2025 16:46:21.798 INFO [main] org.apache.catalina.startup.HostConfig.deployDirectory Deployment of web application directory [/home/infoetu/baptiste.lavogiez.etu/ctp-web/tomcat/webapps/ROOT] has finished in [276] ms
11-Dec-2025 16:46:21.798 INFO [main] org.apache.catalina.startup.HostConfig.deployDirectory Deploying web application directory [/home/infoetu/baptiste.lavogiez.etu/ctp-web/tomcat/webapps/docs]
11-Dec-2025 16:46:21.856 INFO [main] org.apache.jasper.servlet.TldScanner.scanJars At least one JAR was scanned for TLDs yet contained no TLDs. Enable debug logging for this logger for a complete list of JARs that were scanned but no TLDs were found in them. Skipping unneeded JARs during scanning can improve startup time and JSP compilation time.
11-Dec-2025 16:46:21.857 INFO [main] org.apache.catalina.startup.HostConfig.deployDirectory Deployment of web application directory [/home/infoetu/baptiste.lavogiez.etu/ctp-web/tomcat/webapps/docs] has finished in [59] ms
11-Dec-2025 16:46:21.857 INFO [main] org.apache.catalina.startup.HostConfig.deployDirectory Deploying web application directory [/home/infoetu/baptiste.lavogiez.etu/ctp-web/tomcat/webapps/manager]
11-Dec-2025 16:46:21.911 INFO [main] org.apache.jasper.servlet.TldScanner.scanJars At least one JAR was scanned for TLDs yet contained no TLDs. Enable debug logging for this logger for a complete list of JARs that were scanned but no TLDs were found in them. Skipping unneeded JARs during scanning can improve startup time and JSP compilation time.
11-Dec-2025 16:46:21.914 INFO [main] org.apache.catalina.startup.HostConfig.deployDirectory Deployment of web application directory [/home/infoetu/baptiste.lavogiez.etu/ctp-web/tomcat/webapps/manager] has finished in [57] ms
11-Dec-2025 16:46:21.914 INFO [main] org.apache.catalina.startup.HostConfig.deployDirectory Deploying web application directory [/home/infoetu/baptiste.lavogiez.etu/ctp-web/tomcat/webapps/host-manager]
11-Dec-2025 16:46:21.965 INFO [main] org.apache.jasper.servlet.TldScanner.scanJars At least one JAR was scanned for TLDs yet contained no TLDs. Enable debug logging for this logger for a complete list of JARs that were scanned but no TLDs were found in them. Skipping unneeded JARs during scanning can improve startup time and JSP compilation time.
11-Dec-2025 16:46:21.966 INFO [main] org.apache.catalina.startup.HostConfig.deployDirectory Deployment of web application directory [/home/infoetu/baptiste.lavogiez.etu/ctp-web/tomcat/webapps/host-manager] has finished in [52] ms
11-Dec-2025 16:46:21.966 INFO [main] org.apache.catalina.startup.HostConfig.deployDirectory Deploying web application directory [/home/infoetu/baptiste.lavogiez.etu/ctp-web/tomcat/webapps/vide]
11-Dec-2025 16:46:22.028 INFO [main] org.apache.jasper.servlet.TldScanner.scanJars At least one JAR was scanned for TLDs yet contained no TLDs. Enable debug logging for this logger for a complete list of JARs that were scanned but no TLDs were found in them. Skipping unneeded JARs during scanning can improve startup time and JSP compilation time.
11-Dec-2025 16:46:22.038 INFO [main] org.apache.catalina.startup.HostConfig.deployDirectory Deployment of web application directory [/home/infoetu/baptiste.lavogiez.etu/ctp-web/tomcat/webapps/vide] has finished in [72] ms
11-Dec-2025 16:46:22.038 INFO [main] org.apache.catalina.startup.HostConfig.deployDirectory Deploying web application directory [/home/infoetu/baptiste.lavogiez.etu/ctp-web/tomcat/webapps/examples]
11-Dec-2025 16:46:22.262 INFO [main] org.apache.jasper.servlet.TldScanner.scanJars At least one JAR was scanned for TLDs yet contained no TLDs. Enable debug logging for this logger for a complete list of JARs that were scanned but no TLDs were found in them. Skipping unneeded JARs during scanning can improve startup time and JSP compilation time.
11-Dec-2025 16:46:22.280 INFO [main] org.apache.catalina.startup.HostConfig.deployDirectory Deployment of web application directory [/home/infoetu/baptiste.lavogiez.etu/ctp-web/tomcat/webapps/examples] has finished in [241] ms
11-Dec-2025 16:46:22.280 INFO [main] org.apache.catalina.startup.HostConfig.deployDirectory Deploying web application directory [/home/infoetu/baptiste.lavogiez.etu/ctp-web/tomcat/webapps/ctp]
11-Dec-2025 16:46:22.350 INFO [main] org.apache.jasper.servlet.TldScanner.scanJars At least one JAR was scanned for TLDs yet contained no TLDs. Enable debug logging for this logger for a complete list of JARs that were scanned but no TLDs were found in them. Skipping unneeded JARs during scanning can improve startup time and JSP compilation time.
11-Dec-2025 16:46:22.352 INFO [main] org.apache.catalina.startup.HostConfig.deployDirectory Deployment of web application directory [/home/infoetu/baptiste.lavogiez.etu/ctp-web/tomcat/webapps/ctp] has finished in [71] ms
11-Dec-2025 16:46:22.354 INFO [main] org.apache.coyote.AbstractProtocol.start Starting ProtocolHandler ["http-nio-8080"]
11-Dec-2025 16:46:22.368 INFO [main] org.apache.catalina.startup.Catalina.start Server startup in [880] milliseconds
11-Dec-2025 16:47:41.547 INFO [Thread-1] org.apache.coyote.AbstractProtocol.pause Pausing ProtocolHandler ["http-nio-8080"]
11-Dec-2025 16:47:41.550 INFO [Thread-1] org.apache.catalina.core.StandardService.stopInternal Stopping service [Catalina]
11-Dec-2025 16:47:41.608 INFO [Thread-1] org.apache.coyote.AbstractProtocol.stop Stopping ProtocolHandler ["http-nio-8080"]
11-Dec-2025 16:47:41.612 INFO [Thread-1] org.apache.coyote.AbstractProtocol.destroy Destroying ProtocolHandler ["http-nio-8080"]
11-Dec-2025 17:29:46.703 INFO [main] org.apache.catalina.startup.VersionLoggerListener.log Server version name:   Apache Tomcat/11.0.13
11-Dec-2025 17:29:46.706 INFO [main] org.apache.catalina.startup.VersionLoggerListener.log Server built:          Oct 10 2025 13:57:31 UTC
11-Dec-2025 17:29:46.706 INFO [main] org.apache.catalina.startup.VersionLoggerListener.log Server version number: 11.0.13.0
11-Dec-2025 17:29:46.706 INFO [main] org.apache.catalina.startup.VersionLoggerListener.log OS Name:               Linux
11-Dec-2025 17:29:46.706 INFO [main] org.apache.catalina.startup.VersionLoggerListener.log OS Version:            6.1.0-40-amd64
11-Dec-2025 17:29:46.706 INFO [main] org.apache.catalina.startup.VersionLoggerListener.log Architecture:          amd64
11-Dec-2025 17:29:46.706 INFO [main] org.apache.catalina.startup.VersionLoggerListener.log Java Home:             /usr/lib/jvm/java-17-openjdk-amd64
11-Dec-2025 17:29:46.706 INFO [main] org.apache.catalina.startup.VersionLoggerListener.log JVM Version:           17.0.17+10-Debian-1deb12u1
11-Dec-2025 17:29:46.706 INFO [main] org.apache.catalina.startup.VersionLoggerListener.log JVM Vendor:            Debian
11-Dec-2025 17:29:46.706 INFO [main] org.apache.catalina.startup.VersionLoggerListener.log CATALINA_BASE:         /home/infoetu/baptiste.lavogiez.etu/ctp-web/tomcat
11-Dec-2025 17:29:46.706 INFO [main] org.apache.catalina.startup.VersionLoggerListener.log CATALINA_HOME:         /home/infoetu/baptiste.lavogiez.etu/ctp-web/tomcat
11-Dec-2025 17:29:46.713 INFO [main] org.apache.catalina.startup.VersionLoggerListener.log Command line argument: -Djava.util.logging.config.file=/home/infoetu/baptiste.lavogiez.etu/ctp-web/tomcat/conf/logging.properties
11-Dec-2025 17:29:46.713 INFO [main] org.apache.catalina.startup.VersionLoggerListener.log Command line argument: -Djava.util.logging.manager=org.apache.juli.ClassLoaderLogManager
11-Dec-2025 17:29:46.713 INFO [main] org.apache.catalina.startup.VersionLoggerListener.log Command line argument: -Djdk.tls.ephemeralDHKeySize=2048
11-Dec-2025 17:29:46.713 INFO [main] org.apache.catalina.startup.VersionLoggerListener.log Command line argument: -Dorg.apache.catalina.security.SecurityListener.UMASK=0027
11-Dec-2025 17:29:46.713 INFO [main] org.apache.catalina.startup.VersionLoggerListener.log Command line argument: --add-opens=java.base/java.lang=ALL-UNNAMED
11-Dec-2025 17:29:46.713 INFO [main] org.apache.catalina.startup.VersionLoggerListener.log Command line argument: --add-opens=java.base/java.lang.reflect=ALL-UNNAMED
11-Dec-2025 17:29:46.713 INFO [main] org.apache.catalina.startup.VersionLoggerListener.log Command line argument: --add-opens=java.base/java.io=ALL-UNNAMED
11-Dec-2025 17:29:46.713 INFO [main] org.apache.catalina.startup.VersionLoggerListener.log Command line argument: --add-opens=java.base/java.util=ALL-UNNAMED
11-Dec-2025 17:29:46.714 INFO [main] org.apache.catalina.startup.VersionLoggerListener.log Command line argument: --add-opens=java.base/java.util.concurrent=ALL-UNNAMED
11-Dec-2025 17:29:46.714 INFO [main] org.apache.catalina.startup.VersionLoggerListener.log Command line argument: --add-opens=java.rmi/sun.rmi.transport=ALL-UNNAMED
11-Dec-2025 17:29:46.714 INFO [main] org.apache.catalina.startup.VersionLoggerListener.log Command line argument: --enable-native-access=ALL-UNNAMED
11-Dec-2025 17:29:46.714 INFO [main] org.apache.catalina.startup.VersionLoggerListener.log Command line argument: -Dcatalina.base=/home/infoetu/baptiste.lavogiez.etu/ctp-web/tomcat
11-Dec-2025 17:29:46.714 INFO [main] org.apache.catalina.startup.VersionLoggerListener.log Command line argument: -Dcatalina.home=/home/infoetu/baptiste.lavogiez.etu/ctp-web/tomcat
11-Dec-2025 17:29:46.714 INFO [main] org.apache.catalina.startup.VersionLoggerListener.log Command line argument: -Djava.io.tmpdir=/home/infoetu/baptiste.lavogiez.etu/ctp-web/tomcat/temp
11-Dec-2025 17:29:46.716 INFO [main] org.apache.catalina.core.AprLifecycleListener.lifecycleEvent The Apache Tomcat Native library which allows using OpenSSL was not found on the java.library.path: [/usr/java/packages/lib:/usr/lib/x86_64-linux-gnu/jni:/lib/x86_64-linux-gnu:/usr/lib/x86_64-linux-gnu:/usr/lib/jni:/lib:/usr/lib]
11-Dec-2025 17:29:46.829 INFO [main] org.apache.coyote.AbstractProtocol.init Initializing ProtocolHandler ["http-nio-8080"]
11-Dec-2025 17:29:46.844 INFO [main] org.apache.catalina.startup.Catalina.load Server initialization in [265] milliseconds
11-Dec-2025 17:29:46.869 INFO [main] org.apache.catalina.core.StandardService.startInternal Starting service [Catalina]
11-Dec-2025 17:29:46.869 INFO [main] org.apache.catalina.core.StandardEngine.startInternal Starting Servlet engine: [Apache Tomcat/11.0.13]
11-Dec-2025 17:29:46.876 INFO [main] org.apache.catalina.startup.HostConfig.deployDirectory Deploying web application directory [/home/infoetu/baptiste.lavogiez.etu/ctp-web/tomcat/webapps/ROOT]
11-Dec-2025 17:29:47.077 INFO [main] org.apache.jasper.servlet.TldScanner.scanJars At least one JAR was scanned for TLDs yet contained no TLDs. Enable debug logging for this logger for a complete list of JARs that were scanned but no TLDs were found in them. Skipping unneeded JARs during scanning can improve startup time and JSP compilation time.
11-Dec-2025 17:29:47.102 INFO [main] org.apache.catalina.startup.HostConfig.deployDirectory Deployment of web application directory [/home/infoetu/baptiste.lavogiez.etu/ctp-web/tomcat/webapps/ROOT] has finished in [225] ms
11-Dec-2025 17:29:47.102 INFO [main] org.apache.catalina.startup.HostConfig.deployDirectory Deploying web application directory [/home/infoetu/baptiste.lavogiez.etu/ctp-web/tomcat/webapps/docs]
11-Dec-2025 17:29:47.155 INFO [main] org.apache.jasper.servlet.TldScanner.scanJars At least one JAR was scanned for TLDs yet contained no TLDs. Enable debug logging for this logger for a complete list of JARs that were scanned but no TLDs were found in them. Skipping unneeded JARs during scanning can improve startup time and JSP compilation time.
11-Dec-2025 17:29:47.156 INFO [main] org.apache.catalina.startup.HostConfig.deployDirectory Deployment of web application directory [/home/infoetu/baptiste.lavogiez.etu/ctp-web/tomcat/webapps/docs] has finished in [54] ms
11-Dec-2025 17:29:47.156 INFO [main] org.apache.catalina.startup.HostConfig.deployDirectory Deploying web application directory [/home/infoetu/baptiste.lavogiez.etu/ctp-web/tomcat/webapps/manager]
11-Dec-2025 17:29:47.211 INFO [main] org.apache.jasper.servlet.TldScanner.scanJars At least one JAR was scanned for TLDs yet contained no TLDs. Enable debug logging for this logger for a complete list of JARs that were scanned but no TLDs were found in them. Skipping unneeded JARs during scanning can improve startup time and JSP compilation time.
11-Dec-2025 17:29:47.214 INFO [main] org.apache.catalina.startup.HostConfig.deployDirectory Deployment of web application directory [/home/infoetu/baptiste.lavogiez.etu/ctp-web/tomcat/webapps/manager] has finished in [58] ms
11-Dec-2025 17:29:47.214 INFO [main] org.apache.catalina.startup.HostConfig.deployDirectory Deploying web application directory [/home/infoetu/baptiste.lavogiez.etu/ctp-web/tomcat/webapps/host-manager]
11-Dec-2025 17:29:47.264 INFO [main] org.apache.jasper.servlet.TldScanner.scanJars At least one JAR was scanned for TLDs yet contained no TLDs. Enable debug logging for this logger for a complete list of JARs that were scanned but no TLDs were found in them. Skipping unneeded JARs during scanning can improve startup time and JSP compilation time.
11-Dec-2025 17:29:47.265 INFO [main] org.apache.catalina.startup.HostConfig.deployDirectory Deployment of web application directory [/home/infoetu/baptiste.lavogiez.etu/ctp-web/tomcat/webapps/host-manager] has finished in [51] ms
11-Dec-2025 17:29:47.266 INFO [main] org.apache.catalina.startup.HostConfig.deployDirectory Deploying web application directory [/home/infoetu/baptiste.lavogiez.etu/ctp-web/tomcat/webapps/vide]
11-Dec-2025 17:29:47.328 INFO [main] org.apache.jasper.servlet.TldScanner.scanJars At least one JAR was scanned for TLDs yet contained no TLDs. Enable debug logging for this logger for a complete list of JARs that were scanned but no TLDs were found in them. Skipping unneeded JARs during scanning can improve startup time and JSP compilation time.
11-Dec-2025 17:29:47.339 INFO [main] org.apache.catalina.startup.HostConfig.deployDirectory Deployment of web application directory [/home/infoetu/baptiste.lavogiez.etu/ctp-web/tomcat/webapps/vide] has finished in [74] ms
11-Dec-2025 17:29:47.340 INFO [main] org.apache.catalina.startup.HostConfig.deployDirectory Deploying web application directory [/home/infoetu/baptiste.lavogiez.etu/ctp-web/tomcat/webapps/examples]
11-Dec-2025 17:29:47.578 INFO [main] org.apache.jasper.servlet.TldScanner.scanJars At least one JAR was scanned for TLDs yet contained no TLDs. Enable debug logging for this logger for a complete list of JARs that were scanned but no TLDs were found in them. Skipping unneeded JARs during scanning can improve startup time and JSP compilation time.
11-Dec-2025 17:29:47.593 INFO [main] org.apache.catalina.startup.HostConfig.deployDirectory Deployment of web application directory [/home/infoetu/baptiste.lavogiez.etu/ctp-web/tomcat/webapps/examples] has finished in [253] ms
11-Dec-2025 17:29:47.593 INFO [main] org.apache.catalina.startup.HostConfig.deployDirectory Deploying web application directory [/home/infoetu/baptiste.lavogiez.etu/ctp-web/tomcat/webapps/ctp]
11-Dec-2025 17:29:47.666 INFO [main] org.apache.jasper.servlet.TldScanner.scanJars At least one JAR was scanned for TLDs yet contained no TLDs. Enable debug logging for this logger for a complete list of JARs that were scanned but no TLDs were found in them. Skipping unneeded JARs during scanning can improve startup time and JSP compilation time.
11-Dec-2025 17:29:47.667 INFO [main] org.apache.catalina.startup.HostConfig.deployDirectory Deployment of web application directory [/home/infoetu/baptiste.lavogiez.etu/ctp-web/tomcat/webapps/ctp] has finished in [74] ms
11-Dec-2025 17:29:47.669 INFO [main] org.apache.coyote.AbstractProtocol.start Starting ProtocolHandler ["http-nio-8080"]
11-Dec-2025 17:29:47.684 INFO [main] org.apache.catalina.startup.Catalina.start Server startup in [840] milliseconds
11-Dec-2025 17:32:35.746 INFO [Thread-1] org.apache.coyote.AbstractProtocol.pause Pausing ProtocolHandler ["http-nio-8080"]
11-Dec-2025 17:32:35.762 INFO [Thread-1] org.apache.catalina.core.StandardService.stopInternal Stopping service [Catalina]
11-Dec-2025 17:32:35.786 INFO [Thread-1] org.apache.coyote.AbstractProtocol.stop Stopping ProtocolHandler ["http-nio-8080"]
11-Dec-2025 17:32:35.794 INFO [Thread-1] org.apache.coyote.AbstractProtocol.destroy Destroying ProtocolHandler ["http-nio-8080"]
11-Dec-2025 17:32:36.663 INFO [main] org.apache.catalina.startup.VersionLoggerListener.log Server version name:   Apache Tomcat/11.0.13
11-Dec-2025 17:32:36.664 INFO [main] org.apache.catalina.startup.VersionLoggerListener.log Server built:          Oct 10 2025 13:57:31 UTC
11-Dec-2025 17:32:36.665 INFO [main] org.apache.catalina.startup.VersionLoggerListener.log Server version number: 11.0.13.0
11-Dec-2025 17:32:36.665 INFO [main] org.apache.catalina.startup.VersionLoggerListener.log OS Name:               Linux
11-Dec-2025 17:32:36.665 INFO [main] org.apache.catalina.startup.VersionLoggerListener.log OS Version:            6.1.0-40-amd64
11-Dec-2025 17:32:36.665 INFO [main] org.apache.catalina.startup.VersionLoggerListener.log Architecture:          amd64
11-Dec-2025 17:32:36.665 INFO [main] org.apache.catalina.startup.VersionLoggerListener.log Java Home:             /usr/lib/jvm/java-17-openjdk-amd64
11-Dec-2025 17:32:36.665 INFO [main] org.apache.catalina.startup.VersionLoggerListener.log JVM Version:           17.0.17+10-Debian-1deb12u1
11-Dec-2025 17:32:36.665 INFO [main] org.apache.catalina.startup.VersionLoggerListener.log JVM Vendor:            Debian
11-Dec-2025 17:32:36.665 INFO [main] org.apache.catalina.startup.VersionLoggerListener.log CATALINA_BASE:         /home/infoetu/baptiste.lavogiez.etu/ctp-web/tomcat
11-Dec-2025 17:32:36.665 INFO [main] org.apache.catalina.startup.VersionLoggerListener.log CATALINA_HOME:         /home/infoetu/baptiste.lavogiez.etu/ctp-web/tomcat
11-Dec-2025 17:32:36.669 INFO [main] org.apache.catalina.startup.VersionLoggerListener.log Command line argument: -Djava.util.logging.config.file=/home/infoetu/baptiste.lavogiez.etu/ctp-web/tomcat/conf/logging.properties
11-Dec-2025 17:32:36.669 INFO [main] org.apache.catalina.startup.VersionLoggerListener.log Command line argument: -Djava.util.logging.manager=org.apache.juli.ClassLoaderLogManager
11-Dec-2025 17:32:36.669 INFO [main] org.apache.catalina.startup.VersionLoggerListener.log Command line argument: -Djdk.tls.ephemeralDHKeySize=2048
11-Dec-2025 17:32:36.669 INFO [main] org.apache.catalina.startup.VersionLoggerListener.log Command line argument: -Dorg.apache.catalina.security.SecurityListener.UMASK=0027
11-Dec-2025 17:32:36.669 INFO [main] org.apache.catalina.startup.VersionLoggerListener.log Command line argument: --add-opens=java.base/java.lang=ALL-UNNAMED
11-Dec-2025 17:32:36.669 INFO [main] org.apache.catalina.startup.VersionLoggerListener.log Command line argument: --add-opens=java.base/java.lang.reflect=ALL-UNNAMED
11-Dec-2025 17:32:36.669 INFO [main] org.apache.catalina.startup.VersionLoggerListener.log Command line argument: --add-opens=java.base/java.io=ALL-UNNAMED
11-Dec-2025 17:32:36.669 INFO [main] org.apache.catalina.startup.VersionLoggerListener.log Command line argument: --add-opens=java.base/java.util=ALL-UNNAMED
11-Dec-2025 17:32:36.670 INFO [main] org.apache.catalina.startup.VersionLoggerListener.log Command line argument: --add-opens=java.base/java.util.concurrent=ALL-UNNAMED
11-Dec-2025 17:32:36.670 INFO [main] org.apache.catalina.startup.VersionLoggerListener.log Command line argument: --add-opens=java.rmi/sun.rmi.transport=ALL-UNNAMED
11-Dec-2025 17:32:36.670 INFO [main] org.apache.catalina.startup.VersionLoggerListener.log Command line argument: --enable-native-access=ALL-UNNAMED
11-Dec-2025 17:32:36.670 INFO [main] org.apache.catalina.startup.VersionLoggerListener.log Command line argument: -Dcatalina.base=/home/infoetu/baptiste.lavogiez.etu/ctp-web/tomcat
11-Dec-2025 17:32:36.670 INFO [main] org.apache.catalina.startup.VersionLoggerListener.log Command line argument: -Dcatalina.home=/home/infoetu/baptiste.lavogiez.etu/ctp-web/tomcat
11-Dec-2025 17:32:36.670 INFO [main] org.apache.catalina.startup.VersionLoggerListener.log Command line argument: -Djava.io.tmpdir=/home/infoetu/baptiste.lavogiez.etu/ctp-web/tomcat/temp
11-Dec-2025 17:32:36.670 INFO [main] org.apache.catalina.core.AprLifecycleListener.lifecycleEvent The Apache Tomcat Native library which allows using OpenSSL was not found on the java.library.path: [/usr/java/packages/lib:/usr/lib/x86_64-linux-gnu/jni:/lib/x86_64-linux-gnu:/usr/lib/x86_64-linux-gnu:/usr/lib/jni:/lib:/usr/lib]
11-Dec-2025 17:32:36.764 INFO [main] org.apache.coyote.AbstractProtocol.init Initializing ProtocolHandler ["http-nio-8080"]
11-Dec-2025 17:32:36.777 INFO [main] org.apache.catalina.startup.Catalina.load Server initialization in [182] milliseconds
11-Dec-2025 17:32:36.794 INFO [main] org.apache.catalina.core.StandardService.startInternal Starting service [Catalina]
11-Dec-2025 17:32:36.794 INFO [main] org.apache.catalina.core.StandardEngine.startInternal Starting Servlet engine: [Apache Tomcat/11.0.13]
11-Dec-2025 17:32:36.798 INFO [main] org.apache.catalina.startup.HostConfig.deployDirectory Deploying web application directory [/home/infoetu/baptiste.lavogiez.etu/ctp-web/tomcat/webapps/ROOT]
11-Dec-2025 17:32:36.949 INFO [main] org.apache.jasper.servlet.TldScanner.scanJars At least one JAR was scanned for TLDs yet contained no TLDs. Enable debug logging for this logger for a complete list of JARs that were scanned but no TLDs were found in them. Skipping unneeded JARs during scanning can improve startup time and JSP compilation time.
11-Dec-2025 17:32:36.965 INFO [main] org.apache.catalina.startup.HostConfig.deployDirectory Deployment of web application directory [/home/infoetu/baptiste.lavogiez.etu/ctp-web/tomcat/webapps/ROOT] has finished in [167] ms
11-Dec-2025 17:32:36.966 INFO [main] org.apache.catalina.startup.HostConfig.deployDirectory Deploying web application directory [/home/infoetu/baptiste.lavogiez.etu/ctp-web/tomcat/webapps/docs]
11-Dec-2025 17:32:37.015 INFO [main] org.apache.jasper.servlet.TldScanner.scanJars At least one JAR was scanned for TLDs yet contained no TLDs. Enable debug logging for this logger for a complete list of JARs that were scanned but no TLDs were found in them. Skipping unneeded JARs during scanning can improve startup time and JSP compilation time.
11-Dec-2025 17:32:37.016 INFO [main] org.apache.catalina.startup.HostConfig.deployDirectory Deployment of web application directory [/home/infoetu/baptiste.lavogiez.etu/ctp-web/tomcat/webapps/docs] has finished in [50] ms
11-Dec-2025 17:32:37.016 INFO [main] org.apache.catalina.startup.HostConfig.deployDirectory Deploying web application directory [/home/infoetu/baptiste.lavogiez.etu/ctp-web/tomcat/webapps/manager]
11-Dec-2025 17:32:37.067 INFO [main] org.apache.jasper.servlet.TldScanner.scanJars At least one JAR was scanned for TLDs yet contained no TLDs. Enable debug logging for this logger for a complete list of JARs that were scanned but no TLDs were found in them. Skipping unneeded JARs during scanning can improve startup time and JSP compilation time.
11-Dec-2025 17:32:37.070 INFO [main] org.apache.catalina.startup.HostConfig.deployDirectory Deployment of web application directory [/home/infoetu/baptiste.lavogiez.etu/ctp-web/tomcat/webapps/manager] has finished in [53] ms
11-Dec-2025 17:32:37.070 INFO [main] org.apache.catalina.startup.HostConfig.deployDirectory Deploying web application directory [/home/infoetu/baptiste.lavogiez.etu/ctp-web/tomcat/webapps/host-manager]
11-Dec-2025 17:32:37.115 INFO [main] org.apache.jasper.servlet.TldScanner.scanJars At least one JAR was scanned for TLDs yet contained no TLDs. Enable debug logging for this logger for a complete list of JARs that were scanned but no TLDs were found in them. Skipping unneeded JARs during scanning can improve startup time and JSP compilation time.
11-Dec-2025 17:32:37.116 INFO [main] org.apache.catalina.startup.HostConfig.deployDirectory Deployment of web application directory [/home/infoetu/baptiste.lavogiez.etu/ctp-web/tomcat/webapps/host-manager] has finished in [46] ms
11-Dec-2025 17:32:37.116 INFO [main] org.apache.catalina.startup.HostConfig.deployDirectory Deploying web application directory [/home/infoetu/baptiste.lavogiez.etu/ctp-web/tomcat/webapps/vide]
11-Dec-2025 17:32:37.172 INFO [main] org.apache.jasper.servlet.TldScanner.scanJars At least one JAR was scanned for TLDs yet contained no TLDs. Enable debug logging for this logger for a complete list of JARs that were scanned but no TLDs were found in them. Skipping unneeded JARs during scanning can improve startup time and JSP compilation time.
11-Dec-2025 17:32:37.173 INFO [main] org.apache.catalina.startup.HostConfig.deployDirectory Deployment of web application directory [/home/infoetu/baptiste.lavogiez.etu/ctp-web/tomcat/webapps/vide] has finished in [57] ms
11-Dec-2025 17:32:37.173 INFO [main] org.apache.catalina.startup.HostConfig.deployDirectory Deploying web application directory [/home/infoetu/baptiste.lavogiez.etu/ctp-web/tomcat/webapps/examples]
11-Dec-2025 17:32:37.371 INFO [main] org.apache.jasper.servlet.TldScanner.scanJars At least one JAR was scanned for TLDs yet contained no TLDs. Enable debug logging for this logger for a complete list of JARs that were scanned but no TLDs were found in them. Skipping unneeded JARs during scanning can improve startup time and JSP compilation time.
11-Dec-2025 17:32:37.383 INFO [main] org.apache.catalina.startup.HostConfig.deployDirectory Deployment of web application directory [/home/infoetu/baptiste.lavogiez.etu/ctp-web/tomcat/webapps/examples] has finished in [210] ms
11-Dec-2025 17:32:37.383 INFO [main] org.apache.catalina.startup.HostConfig.deployDirectory Deploying web application directory [/home/infoetu/baptiste.lavogiez.etu/ctp-web/tomcat/webapps/ctp]
11-Dec-2025 17:32:37.444 INFO [main] org.apache.jasper.servlet.TldScanner.scanJars At least one JAR was scanned for TLDs yet contained no TLDs. Enable debug logging for this logger for a complete list of JARs that were scanned but no TLDs were found in them. Skipping unneeded JARs during scanning can improve startup time and JSP compilation time.
11-Dec-2025 17:32:37.445 INFO [main] org.apache.catalina.startup.HostConfig.deployDirectory Deployment of web application directory [/home/infoetu/baptiste.lavogiez.etu/ctp-web/tomcat/webapps/ctp] has finished in [62] ms
11-Dec-2025 17:32:37.447 INFO [main] org.apache.coyote.AbstractProtocol.start Starting ProtocolHandler ["http-nio-8080"]
11-Dec-2025 17:32:37.453 INFO [main] org.apache.catalina.startup.Catalina.start Server startup in [675] milliseconds
11-Dec-2025 17:35:27.556 INFO [Catalina-utility-2] org.apache.catalina.core.StandardContext.reload Reloading Context with name [/ctp] has started
11-Dec-2025 17:35:27.635 INFO [Catalina-utility-2] org.apache.jasper.servlet.TldScanner.scanJars At least one JAR was scanned for TLDs yet contained no TLDs. Enable debug logging for this logger for a complete list of JARs that were scanned but no TLDs were found in them. Skipping unneeded JARs during scanning can improve startup time and JSP compilation time.
11-Dec-2025 17:35:27.635 INFO [Catalina-utility-2] org.apache.catalina.core.StandardContext.reload Reloading Context with name [/ctp] is completed
11-Dec-2025 17:35:32.043 INFO [Thread-1] org.apache.coyote.AbstractProtocol.pause Pausing ProtocolHandler ["http-nio-8080"]
11-Dec-2025 17:35:32.046 INFO [Thread-1] org.apache.catalina.core.StandardService.stopInternal Stopping service [Catalina]
11-Dec-2025 17:35:32.064 INFO [Thread-1] org.apache.coyote.AbstractProtocol.stop Stopping ProtocolHandler ["http-nio-8080"]
11-Dec-2025 17:35:32.069 INFO [Thread-1] org.apache.coyote.AbstractProtocol.destroy Destroying ProtocolHandler ["http-nio-8080"]
11-Dec-2025 17:35:32.620 INFO [main] org.apache.catalina.startup.VersionLoggerListener.log Server version name:   Apache Tomcat/11.0.13
11-Dec-2025 17:35:32.622 INFO [main] org.apache.catalina.startup.VersionLoggerListener.log Server built:          Oct 10 2025 13:57:31 UTC
11-Dec-2025 17:35:32.623 INFO [main] org.apache.catalina.startup.VersionLoggerListener.log Server version number: 11.0.13.0
11-Dec-2025 17:35:32.623 INFO [main] org.apache.catalina.startup.VersionLoggerListener.log OS Name:               Linux
11-Dec-2025 17:35:32.623 INFO [main] org.apache.catalina.startup.VersionLoggerListener.log OS Version:            6.1.0-40-amd64
11-Dec-2025 17:35:32.623 INFO [main] org.apache.catalina.startup.VersionLoggerListener.log Architecture:          amd64
11-Dec-2025 17:35:32.623 INFO [main] org.apache.catalina.startup.VersionLoggerListener.log Java Home:             /usr/lib/jvm/java-17-openjdk-amd64
11-Dec-2025 17:35:32.623 INFO [main] org.apache.catalina.startup.VersionLoggerListener.log JVM Version:           17.0.17+10-Debian-1deb12u1
11-Dec-2025 17:35:32.623 INFO [main] org.apache.catalina.startup.VersionLoggerListener.log JVM Vendor:            Debian
11-Dec-2025 17:35:32.623 INFO [main] org.apache.catalina.startup.VersionLoggerListener.log CATALINA_BASE:         /home/infoetu/baptiste.lavogiez.etu/ctp-web/tomcat
11-Dec-2025 17:35:32.623 INFO [main] org.apache.catalina.startup.VersionLoggerListener.log CATALINA_HOME:         /home/infoetu/baptiste.lavogiez.etu/ctp-web/tomcat
11-Dec-2025 17:35:32.626 INFO [main] org.apache.catalina.startup.VersionLoggerListener.log Command line argument: -Djava.util.logging.config.file=/home/infoetu/baptiste.lavogiez.etu/ctp-web/tomcat/conf/logging.properties
11-Dec-2025 17:35:32.626 INFO [main] org.apache.catalina.startup.VersionLoggerListener.log Command line argument: -Djava.util.logging.manager=org.apache.juli.ClassLoaderLogManager
11-Dec-2025 17:35:32.626 INFO [main] org.apache.catalina.startup.VersionLoggerListener.log Command line argument: -Djdk.tls.ephemeralDHKeySize=2048
11-Dec-2025 17:35:32.626 INFO [main] org.apache.catalina.startup.VersionLoggerListener.log Command line argument: -Dorg.apache.catalina.security.SecurityListener.UMASK=0027
11-Dec-2025 17:35:32.626 INFO [main] org.apache.catalina.startup.VersionLoggerListener.log Command line argument: --add-opens=java.base/java.lang=ALL-UNNAMED
11-Dec-2025 17:35:32.626 INFO [main] org.apache.catalina.startup.VersionLoggerListener.log Command line argument: --add-opens=java.base/java.lang.reflect=ALL-UNNAMED
11-Dec-2025 17:35:32.627 INFO [main] org.apache.catalina.startup.VersionLoggerListener.log Command line argument: --add-opens=java.base/java.io=ALL-UNNAMED
11-Dec-2025 17:35:32.627 INFO [main] org.apache.catalina.startup.VersionLoggerListener.log Command line argument: --add-opens=java.base/java.util=ALL-UNNAMED
11-Dec-2025 17:35:32.627 INFO [main] org.apache.catalina.startup.VersionLoggerListener.log Command line argument: --add-opens=java.base/java.util.concurrent=ALL-UNNAMED
11-Dec-2025 17:35:32.627 INFO [main] org.apache.catalina.startup.VersionLoggerListener.log Command line argument: --add-opens=java.rmi/sun.rmi.transport=ALL-UNNAMED
11-Dec-2025 17:35:32.627 INFO [main] org.apache.catalina.startup.VersionLoggerListener.log Command line argument: --enable-native-access=ALL-UNNAMED
11-Dec-2025 17:35:32.627 INFO [main] org.apache.catalina.startup.VersionLoggerListener.log Command line argument: -Dcatalina.base=/home/infoetu/baptiste.lavogiez.etu/ctp-web/tomcat
11-Dec-2025 17:35:32.627 INFO [main] org.apache.catalina.startup.VersionLoggerListener.log Command line argument: -Dcatalina.home=/home/infoetu/baptiste.lavogiez.etu/ctp-web/tomcat
11-Dec-2025 17:35:32.627 INFO [main] org.apache.catalina.startup.VersionLoggerListener.log Command line argument: -Djava.io.tmpdir=/home/infoetu/baptiste.lavogiez.etu/ctp-web/tomcat/temp
11-Dec-2025 17:35:32.628 INFO [main] org.apache.catalina.core.AprLifecycleListener.lifecycleEvent The Apache Tomcat Native library which allows using OpenSSL was not found on the java.library.path: [/usr/java/packages/lib:/usr/lib/x86_64-linux-gnu/jni:/lib/x86_64-linux-gnu:/usr/lib/x86_64-linux-gnu:/usr/lib/jni:/lib:/usr/lib]
11-Dec-2025 17:35:32.727 INFO [main] org.apache.coyote.AbstractProtocol.init Initializing ProtocolHandler ["http-nio-8080"]
11-Dec-2025 17:35:32.740 INFO [main] org.apache.catalina.startup.Catalina.load Server initialization in [188] milliseconds
11-Dec-2025 17:35:32.757 INFO [main] org.apache.catalina.core.StandardService.startInternal Starting service [Catalina]
11-Dec-2025 17:35:32.757 INFO [main] org.apache.catalina.core.StandardEngine.startInternal Starting Servlet engine: [Apache Tomcat/11.0.13]
11-Dec-2025 17:35:32.762 INFO [main] org.apache.catalina.startup.HostConfig.deployDirectory Deploying web application directory [/home/infoetu/baptiste.lavogiez.etu/ctp-web/tomcat/webapps/ROOT]
11-Dec-2025 17:35:32.922 INFO [main] org.apache.jasper.servlet.TldScanner.scanJars At least one JAR was scanned for TLDs yet contained no TLDs. Enable debug logging for this logger for a complete list of JARs that were scanned but no TLDs were found in them. Skipping unneeded JARs during scanning can improve startup time and JSP compilation time.
11-Dec-2025 17:35:32.938 INFO [main] org.apache.catalina.startup.HostConfig.deployDirectory Deployment of web application directory [/home/infoetu/baptiste.lavogiez.etu/ctp-web/tomcat/webapps/ROOT] has finished in [177] ms
11-Dec-2025 17:35:32.939 INFO [main] org.apache.catalina.startup.HostConfig.deployDirectory Deploying web application directory [/home/infoetu/baptiste.lavogiez.etu/ctp-web/tomcat/webapps/docs]
11-Dec-2025 17:35:32.988 INFO [main] org.apache.jasper.servlet.TldScanner.scanJars At least one JAR was scanned for TLDs yet contained no TLDs. Enable debug logging for this logger for a complete list of JARs that were scanned but no TLDs were found in them. Skipping unneeded JARs during scanning can improve startup time and JSP compilation time.
11-Dec-2025 17:35:32.989 INFO [main] org.apache.catalina.startup.HostConfig.deployDirectory Deployment of web application directory [/home/infoetu/baptiste.lavogiez.etu/ctp-web/tomcat/webapps/docs] has finished in [50] ms
11-Dec-2025 17:35:32.989 INFO [main] org.apache.catalina.startup.HostConfig.deployDirectory Deploying web application directory [/home/infoetu/baptiste.lavogiez.etu/ctp-web/tomcat/webapps/manager]
11-Dec-2025 17:35:33.039 INFO [main] org.apache.jasper.servlet.TldScanner.scanJars At least one JAR was scanned for TLDs yet contained no TLDs. Enable debug logging for this logger for a complete list of JARs that were scanned but no TLDs were found in them. Skipping unneeded JARs during scanning can improve startup time and JSP compilation time.
11-Dec-2025 17:35:33.042 INFO [main] org.apache.catalina.startup.HostConfig.deployDirectory Deployment of web application directory [/home/infoetu/baptiste.lavogiez.etu/ctp-web/tomcat/webapps/manager] has finished in [53] ms
11-Dec-2025 17:35:33.042 INFO [main] org.apache.catalina.startup.HostConfig.deployDirectory Deploying web application directory [/home/infoetu/baptiste.lavogiez.etu/ctp-web/tomcat/webapps/host-manager]
11-Dec-2025 17:35:33.087 INFO [main] org.apache.jasper.servlet.TldScanner.scanJars At least one JAR was scanned for TLDs yet contained no TLDs. Enable debug logging for this logger for a complete list of JARs that were scanned but no TLDs were found in them. Skipping unneeded JARs during scanning can improve startup time and JSP compilation time.
11-Dec-2025 17:35:33.089 INFO [main] org.apache.catalina.startup.HostConfig.deployDirectory Deployment of web application directory [/home/infoetu/baptiste.lavogiez.etu/ctp-web/tomcat/webapps/host-manager] has finished in [46] ms
11-Dec-2025 17:35:33.089 INFO [main] org.apache.catalina.startup.HostConfig.deployDirectory Deploying web application directory [/home/infoetu/baptiste.lavogiez.etu/ctp-web/tomcat/webapps/vide]
11-Dec-2025 17:35:33.144 INFO [main] org.apache.jasper.servlet.TldScanner.scanJars At least one JAR was scanned for TLDs yet contained no TLDs. Enable debug logging for this logger for a complete list of JARs that were scanned but no TLDs were found in them. Skipping unneeded JARs during scanning can improve startup time and JSP compilation time.
11-Dec-2025 17:35:33.146 INFO [main] org.apache.catalina.startup.HostConfig.deployDirectory Deployment of web application directory [/home/infoetu/baptiste.lavogiez.etu/ctp-web/tomcat/webapps/vide] has finished in [57] ms
11-Dec-2025 17:35:33.146 INFO [main] org.apache.catalina.startup.HostConfig.deployDirectory Deploying web application directory [/home/infoetu/baptiste.lavogiez.etu/ctp-web/tomcat/webapps/examples]
11-Dec-2025 17:35:33.346 INFO [main] org.apache.jasper.servlet.TldScanner.scanJars At least one JAR was scanned for TLDs yet contained no TLDs. Enable debug logging for this logger for a complete list of JARs that were scanned but no TLDs were found in them. Skipping unneeded JARs during scanning can improve startup time and JSP compilation time.
11-Dec-2025 17:35:33.358 INFO [main] org.apache.catalina.startup.HostConfig.deployDirectory Deployment of web application directory [/home/infoetu/baptiste.lavogiez.etu/ctp-web/tomcat/webapps/examples] has finished in [212] ms
11-Dec-2025 17:35:33.358 INFO [main] org.apache.catalina.startup.HostConfig.deployDirectory Deploying web application directory [/home/infoetu/baptiste.lavogiez.etu/ctp-web/tomcat/webapps/ctp]
11-Dec-2025 17:35:33.418 INFO [main] org.apache.jasper.servlet.TldScanner.scanJars At least one JAR was scanned for TLDs yet contained no TLDs. Enable debug logging for this logger for a complete list of JARs that were scanned but no TLDs were found in them. Skipping unneeded JARs during scanning can improve startup time and JSP compilation time.
11-Dec-2025 17:35:33.419 INFO [main] org.apache.catalina.startup.HostConfig.deployDirectory Deployment of web application directory [/home/infoetu/baptiste.lavogiez.etu/ctp-web/tomcat/webapps/ctp] has finished in [61] ms
11-Dec-2025 17:35:33.421 INFO [main] org.apache.coyote.AbstractProtocol.start Starting ProtocolHandler ["http-nio-8080"]
11-Dec-2025 17:35:33.427 INFO [main] org.apache.catalina.startup.Catalina.start Server startup in [686] milliseconds
11-Dec-2025 17:35:48.706 INFO [Thread-1] org.apache.coyote.AbstractProtocol.pause Pausing ProtocolHandler ["http-nio-8080"]
11-Dec-2025 17:35:48.708 INFO [Thread-1] org.apache.catalina.core.StandardService.stopInternal Stopping service [Catalina]
11-Dec-2025 17:35:48.730 INFO [Thread-1] org.apache.coyote.AbstractProtocol.stop Stopping ProtocolHandler ["http-nio-8080"]
11-Dec-2025 17:35:48.740 INFO [Thread-1] org.apache.coyote.AbstractProtocol.destroy Destroying ProtocolHandler ["http-nio-8080"]
11-Dec-2025 17:35:49.598 INFO [main] org.apache.catalina.startup.VersionLoggerListener.log Server version name:   Apache Tomcat/11.0.13
11-Dec-2025 17:35:49.600 INFO [main] org.apache.catalina.startup.VersionLoggerListener.log Server built:          Oct 10 2025 13:57:31 UTC
11-Dec-2025 17:35:49.600 INFO [main] org.apache.catalina.startup.VersionLoggerListener.log Server version number: 11.0.13.0
11-Dec-2025 17:35:49.600 INFO [main] org.apache.catalina.startup.VersionLoggerListener.log OS Name:               Linux
11-Dec-2025 17:35:49.600 INFO [main] org.apache.catalina.startup.VersionLoggerListener.log OS Version:            6.1.0-40-amd64
11-Dec-2025 17:35:49.600 INFO [main] org.apache.catalina.startup.VersionLoggerListener.log Architecture:          amd64
11-Dec-2025 17:35:49.600 INFO [main] org.apache.catalina.startup.VersionLoggerListener.log Java Home:             /usr/lib/jvm/java-17-openjdk-amd64
11-Dec-2025 17:35:49.600 INFO [main] org.apache.catalina.startup.VersionLoggerListener.log JVM Version:           17.0.17+10-Debian-1deb12u1
11-Dec-2025 17:35:49.600 INFO [main] org.apache.catalina.startup.VersionLoggerListener.log JVM Vendor:            Debian
11-Dec-2025 17:35:49.600 INFO [main] org.apache.catalina.startup.VersionLoggerListener.log CATALINA_BASE:         /home/infoetu/baptiste.lavogiez.etu/ctp-web/tomcat
11-Dec-2025 17:35:49.600 INFO [main] org.apache.catalina.startup.VersionLoggerListener.log CATALINA_HOME:         /home/infoetu/baptiste.lavogiez.etu/ctp-web/tomcat
11-Dec-2025 17:35:49.603 INFO [main] org.apache.catalina.startup.VersionLoggerListener.log Command line argument: -Djava.util.logging.config.file=/home/infoetu/baptiste.lavogiez.etu/ctp-web/tomcat/conf/logging.properties
11-Dec-2025 17:35:49.604 INFO [main] org.apache.catalina.startup.VersionLoggerListener.log Command line argument: -Djava.util.logging.manager=org.apache.juli.ClassLoaderLogManager
11-Dec-2025 17:35:49.604 INFO [main] org.apache.catalina.startup.VersionLoggerListener.log Command line argument: -Djdk.tls.ephemeralDHKeySize=2048
11-Dec-2025 17:35:49.604 INFO [main] org.apache.catalina.startup.VersionLoggerListener.log Command line argument: -Dorg.apache.catalina.security.SecurityListener.UMASK=0027
11-Dec-2025 17:35:49.604 INFO [main] org.apache.catalina.startup.VersionLoggerListener.log Command line argument: --add-opens=java.base/java.lang=ALL-UNNAMED
11-Dec-2025 17:35:49.604 INFO [main] org.apache.catalina.startup.VersionLoggerListener.log Command line argument: --add-opens=java.base/java.lang.reflect=ALL-UNNAMED
11-Dec-2025 17:35:49.604 INFO [main] org.apache.catalina.startup.VersionLoggerListener.log Command line argument: --add-opens=java.base/java.io=ALL-UNNAMED
11-Dec-2025 17:35:49.604 INFO [main] org.apache.catalina.startup.VersionLoggerListener.log Command line argument: --add-opens=java.base/java.util=ALL-UNNAMED
11-Dec-2025 17:35:49.604 INFO [main] org.apache.catalina.startup.VersionLoggerListener.log Command line argument: --add-opens=java.base/java.util.concurrent=ALL-UNNAMED
11-Dec-2025 17:35:49.604 INFO [main] org.apache.catalina.startup.VersionLoggerListener.log Command line argument: --add-opens=java.rmi/sun.rmi.transport=ALL-UNNAMED
11-Dec-2025 17:35:49.604 INFO [main] org.apache.catalina.startup.VersionLoggerListener.log Command line argument: --enable-native-access=ALL-UNNAMED
11-Dec-2025 17:35:49.604 INFO [main] org.apache.catalina.startup.VersionLoggerListener.log Command line argument: -Dcatalina.base=/home/infoetu/baptiste.lavogiez.etu/ctp-web/tomcat
11-Dec-2025 17:35:49.604 INFO [main] org.apache.catalina.startup.VersionLoggerListener.log Command line argument: -Dcatalina.home=/home/infoetu/baptiste.lavogiez.etu/ctp-web/tomcat
11-Dec-2025 17:35:49.604 INFO [main] org.apache.catalina.startup.VersionLoggerListener.log Command line argument: -Djava.io.tmpdir=/home/infoetu/baptiste.lavogiez.etu/ctp-web/tomcat/temp
11-Dec-2025 17:35:49.605 INFO [main] org.apache.catalina.core.AprLifecycleListener.lifecycleEvent The Apache Tomcat Native library which allows using OpenSSL was not found on the java.library.path: [/usr/java/packages/lib:/usr/lib/x86_64-linux-gnu/jni:/lib/x86_64-linux-gnu:/usr/lib/x86_64-linux-gnu:/usr/lib/jni:/lib:/usr/lib]
11-Dec-2025 17:35:49.703 INFO [main] org.apache.coyote.AbstractProtocol.init Initializing ProtocolHandler ["http-nio-8080"]
11-Dec-2025 17:35:49.715 INFO [main] org.apache.catalina.startup.Catalina.load Server initialization in [185] milliseconds
11-Dec-2025 17:35:49.733 INFO [main] org.apache.catalina.core.StandardService.startInternal Starting service [Catalina]
11-Dec-2025 17:35:49.733 INFO [main] org.apache.catalina.core.StandardEngine.startInternal Starting Servlet engine: [Apache Tomcat/11.0.13]
11-Dec-2025 17:35:49.738 INFO [main] org.apache.catalina.startup.HostConfig.deployDirectory Deploying web application directory [/home/infoetu/baptiste.lavogiez.etu/ctp-web/tomcat/webapps/ROOT]
11-Dec-2025 17:35:49.894 INFO [main] org.apache.jasper.servlet.TldScanner.scanJars At least one JAR was scanned for TLDs yet contained no TLDs. Enable debug logging for this logger for a complete list of JARs that were scanned but no TLDs were found in them. Skipping unneeded JARs during scanning can improve startup time and JSP compilation time.
11-Dec-2025 17:35:49.910 INFO [main] org.apache.catalina.startup.HostConfig.deployDirectory Deployment of web application directory [/home/infoetu/baptiste.lavogiez.etu/ctp-web/tomcat/webapps/ROOT] has finished in [171] ms
11-Dec-2025 17:35:49.910 INFO [main] org.apache.catalina.startup.HostConfig.deployDirectory Deploying web application directory [/home/infoetu/baptiste.lavogiez.etu/ctp-web/tomcat/webapps/docs]
11-Dec-2025 17:35:49.957 INFO [main] org.apache.jasper.servlet.TldScanner.scanJars At least one JAR was scanned for TLDs yet contained no TLDs. Enable debug logging for this logger for a complete list of JARs that were scanned but no TLDs were found in them. Skipping unneeded JARs during scanning can improve startup time and JSP compilation time.
11-Dec-2025 17:35:49.958 INFO [main] org.apache.catalina.startup.HostConfig.deployDirectory Deployment of web application directory [/home/infoetu/baptiste.lavogiez.etu/ctp-web/tomcat/webapps/docs] has finished in [48] ms
11-Dec-2025 17:35:49.958 INFO [main] org.apache.catalina.startup.HostConfig.deployDirectory Deploying web application directory [/home/infoetu/baptiste.lavogiez.etu/ctp-web/tomcat/webapps/manager]
11-Dec-2025 17:35:50.010 INFO [main] org.apache.jasper.servlet.TldScanner.scanJars At least one JAR was scanned for TLDs yet contained no TLDs. Enable debug logging for this logger for a complete list of JARs that were scanned but no TLDs were found in them. Skipping unneeded JARs during scanning can improve startup time and JSP compilation time.
11-Dec-2025 17:35:50.012 INFO [main] org.apache.catalina.startup.HostConfig.deployDirectory Deployment of web application directory [/home/infoetu/baptiste.lavogiez.etu/ctp-web/tomcat/webapps/manager] has finished in [54] ms
11-Dec-2025 17:35:50.012 INFO [main] org.apache.catalina.startup.HostConfig.deployDirectory Deploying web application directory [/home/infoetu/baptiste.lavogiez.etu/ctp-web/tomcat/webapps/host-manager]
11-Dec-2025 17:35:50.057 INFO [main] org.apache.jasper.servlet.TldScanner.scanJars At least one JAR was scanned for TLDs yet contained no TLDs. Enable debug logging for this logger for a complete list of JARs that were scanned but no TLDs were found in them. Skipping unneeded JARs during scanning can improve startup time and JSP compilation time.
11-Dec-2025 17:35:50.058 INFO [main] org.apache.catalina.startup.HostConfig.deployDirectory Deployment of web application directory [/home/infoetu/baptiste.lavogiez.etu/ctp-web/tomcat/webapps/host-manager] has finished in [46] ms
11-Dec-2025 17:35:50.058 INFO [main] org.apache.catalina.startup.HostConfig.deployDirectory Deploying web application directory [/home/infoetu/baptiste.lavogiez.etu/ctp-web/tomcat/webapps/vide]
11-Dec-2025 17:35:50.112 INFO [main] org.apache.jasper.servlet.TldScanner.scanJars At least one JAR was scanned for TLDs yet contained no TLDs. Enable debug logging for this logger for a complete list of JARs that were scanned but no TLDs were found in them. Skipping unneeded JARs during scanning can improve startup time and JSP compilation time.
11-Dec-2025 17:35:50.114 INFO [main] org.apache.catalina.startup.HostConfig.deployDirectory Deployment of web application directory [/home/infoetu/baptiste.lavogiez.etu/ctp-web/tomcat/webapps/vide] has finished in [56] ms
11-Dec-2025 17:35:50.114 INFO [main] org.apache.catalina.startup.HostConfig.deployDirectory Deploying web application directory [/home/infoetu/baptiste.lavogiez.etu/ctp-web/tomcat/webapps/examples]
11-Dec-2025 17:35:50.303 INFO [main] org.apache.jasper.servlet.TldScanner.scanJars At least one JAR was scanned for TLDs yet contained no TLDs. Enable debug logging for this logger for a complete list of JARs that were scanned but no TLDs were found in them. Skipping unneeded JARs during scanning can improve startup time and JSP compilation time.
11-Dec-2025 17:35:50.316 INFO [main] org.apache.catalina.startup.HostConfig.deployDirectory Deployment of web application directory [/home/infoetu/baptiste.lavogiez.etu/ctp-web/tomcat/webapps/examples] has finished in [202] ms
11-Dec-2025 17:35:50.316 INFO [main] org.apache.catalina.startup.HostConfig.deployDirectory Deploying web application directory [/home/infoetu/baptiste.lavogiez.etu/ctp-web/tomcat/webapps/ctp]
11-Dec-2025 17:35:50.374 INFO [main] org.apache.jasper.servlet.TldScanner.scanJars At least one JAR was scanned for TLDs yet contained no TLDs. Enable debug logging for this logger for a complete list of JARs that were scanned but no TLDs were found in them. Skipping unneeded JARs during scanning can improve startup time and JSP compilation time.
11-Dec-2025 17:35:50.375 INFO [main] org.apache.catalina.startup.HostConfig.deployDirectory Deployment of web application directory [/home/infoetu/baptiste.lavogiez.etu/ctp-web/tomcat/webapps/ctp] has finished in [58] ms
11-Dec-2025 17:35:50.377 INFO [main] org.apache.coyote.AbstractProtocol.start Starting ProtocolHandler ["http-nio-8080"]
11-Dec-2025 17:35:50.382 INFO [main] org.apache.catalina.startup.Catalina.start Server startup in [666] milliseconds
11-Dec-2025 17:37:52.911 INFO [Thread-1] org.apache.coyote.AbstractProtocol.pause Pausing ProtocolHandler ["http-nio-8080"]
11-Dec-2025 17:37:52.913 INFO [Thread-1] org.apache.catalina.core.StandardService.stopInternal Stopping service [Catalina]
11-Dec-2025 17:37:52.936 INFO [Thread-1] org.apache.coyote.AbstractProtocol.stop Stopping ProtocolHandler ["http-nio-8080"]
11-Dec-2025 17:37:52.947 INFO [Thread-1] org.apache.coyote.AbstractProtocol.destroy Destroying ProtocolHandler ["http-nio-8080"]
11-Dec-2025 17:37:53.599 INFO [main] org.apache.catalina.startup.VersionLoggerListener.log Server version name:   Apache Tomcat/11.0.13
11-Dec-2025 17:37:53.601 INFO [main] org.apache.catalina.startup.VersionLoggerListener.log Server built:          Oct 10 2025 13:57:31 UTC
11-Dec-2025 17:37:53.601 INFO [main] org.apache.catalina.startup.VersionLoggerListener.log Server version number: 11.0.13.0
11-Dec-2025 17:37:53.601 INFO [main] org.apache.catalina.startup.VersionLoggerListener.log OS Name:               Linux
11-Dec-2025 17:37:53.602 INFO [main] org.apache.catalina.startup.VersionLoggerListener.log OS Version:            6.1.0-40-amd64
11-Dec-2025 17:37:53.602 INFO [main] org.apache.catalina.startup.VersionLoggerListener.log Architecture:          amd64
11-Dec-2025 17:37:53.602 INFO [main] org.apache.catalina.startup.VersionLoggerListener.log Java Home:             /usr/lib/jvm/java-17-openjdk-amd64
11-Dec-2025 17:37:53.602 INFO [main] org.apache.catalina.startup.VersionLoggerListener.log JVM Version:           17.0.17+10-Debian-1deb12u1
11-Dec-2025 17:37:53.602 INFO [main] org.apache.catalina.startup.VersionLoggerListener.log JVM Vendor:            Debian
11-Dec-2025 17:37:53.602 INFO [main] org.apache.catalina.startup.VersionLoggerListener.log CATALINA_BASE:         /home/infoetu/baptiste.lavogiez.etu/ctp-web/tomcat
11-Dec-2025 17:37:53.602 INFO [main] org.apache.catalina.startup.VersionLoggerListener.log CATALINA_HOME:         /home/infoetu/baptiste.lavogiez.etu/ctp-web/tomcat
11-Dec-2025 17:37:53.606 INFO [main] org.apache.catalina.startup.VersionLoggerListener.log Command line argument: -Djava.util.logging.config.file=/home/infoetu/baptiste.lavogiez.etu/ctp-web/tomcat/conf/logging.properties
11-Dec-2025 17:37:53.606 INFO [main] org.apache.catalina.startup.VersionLoggerListener.log Command line argument: -Djava.util.logging.manager=org.apache.juli.ClassLoaderLogManager
11-Dec-2025 17:37:53.606 INFO [main] org.apache.catalina.startup.VersionLoggerListener.log Command line argument: -Djdk.tls.ephemeralDHKeySize=2048
11-Dec-2025 17:37:53.606 INFO [main] org.apache.catalina.startup.VersionLoggerListener.log Command line argument: -Dorg.apache.catalina.security.SecurityListener.UMASK=0027
11-Dec-2025 17:37:53.606 INFO [main] org.apache.catalina.startup.VersionLoggerListener.log Command line argument: --add-opens=java.base/java.lang=ALL-UNNAMED
11-Dec-2025 17:37:53.606 INFO [main] org.apache.catalina.startup.VersionLoggerListener.log Command line argument: --add-opens=java.base/java.lang.reflect=ALL-UNNAMED
11-Dec-2025 17:37:53.606 INFO [main] org.apache.catalina.startup.VersionLoggerListener.log Command line argument: --add-opens=java.base/java.io=ALL-UNNAMED
11-Dec-2025 17:37:53.606 INFO [main] org.apache.catalina.startup.VersionLoggerListener.log Command line argument: --add-opens=java.base/java.util=ALL-UNNAMED
11-Dec-2025 17:37:53.606 INFO [main] org.apache.catalina.startup.VersionLoggerListener.log Command line argument: --add-opens=java.base/java.util.concurrent=ALL-UNNAMED
11-Dec-2025 17:37:53.606 INFO [main] org.apache.catalina.startup.VersionLoggerListener.log Command line argument: --add-opens=java.rmi/sun.rmi.transport=ALL-UNNAMED
11-Dec-2025 17:37:53.606 INFO [main] org.apache.catalina.startup.VersionLoggerListener.log Command line argument: --enable-native-access=ALL-UNNAMED
11-Dec-2025 17:37:53.606 INFO [main] org.apache.catalina.startup.VersionLoggerListener.log Command line argument: -Dcatalina.base=/home/infoetu/baptiste.lavogiez.etu/ctp-web/tomcat
11-Dec-2025 17:37:53.607 INFO [main] org.apache.catalina.startup.VersionLoggerListener.log Command line argument: -Dcatalina.home=/home/infoetu/baptiste.lavogiez.etu/ctp-web/tomcat
11-Dec-2025 17:37:53.607 INFO [main] org.apache.catalina.startup.VersionLoggerListener.log Command line argument: -Djava.io.tmpdir=/home/infoetu/baptiste.lavogiez.etu/ctp-web/tomcat/temp
11-Dec-2025 17:37:53.607 INFO [main] org.apache.catalina.core.AprLifecycleListener.lifecycleEvent The Apache Tomcat Native library which allows using OpenSSL was not found on the java.library.path: [/usr/java/packages/lib:/usr/lib/x86_64-linux-gnu/jni:/lib/x86_64-linux-gnu:/usr/lib/x86_64-linux-gnu:/usr/lib/jni:/lib:/usr/lib]
11-Dec-2025 17:37:53.701 INFO [main] org.apache.coyote.AbstractProtocol.init Initializing ProtocolHandler ["http-nio-8080"]
11-Dec-2025 17:37:53.714 INFO [main] org.apache.catalina.startup.Catalina.load Server initialization in [182] milliseconds
11-Dec-2025 17:37:53.730 INFO [main] org.apache.catalina.core.StandardService.startInternal Starting service [Catalina]
11-Dec-2025 17:37:53.731 INFO [main] org.apache.catalina.core.StandardEngine.startInternal Starting Servlet engine: [Apache Tomcat/11.0.13]
11-Dec-2025 17:37:53.735 INFO [main] org.apache.catalina.startup.HostConfig.deployDirectory Deploying web application directory [/home/infoetu/baptiste.lavogiez.etu/ctp-web/tomcat/webapps/ROOT]
11-Dec-2025 17:37:53.891 INFO [main] org.apache.jasper.servlet.TldScanner.scanJars At least one JAR was scanned for TLDs yet contained no TLDs. Enable debug logging for this logger for a complete list of JARs that were scanned but no TLDs were found in them. Skipping unneeded JARs during scanning can improve startup time and JSP compilation time.
11-Dec-2025 17:37:53.906 INFO [main] org.apache.catalina.startup.HostConfig.deployDirectory Deployment of web application directory [/home/infoetu/baptiste.lavogiez.etu/ctp-web/tomcat/webapps/ROOT] has finished in [171] ms
11-Dec-2025 17:37:53.906 INFO [main] org.apache.catalina.startup.HostConfig.deployDirectory Deploying web application directory [/home/infoetu/baptiste.lavogiez.etu/ctp-web/tomcat/webapps/docs]
11-Dec-2025 17:37:53.956 INFO [main] org.apache.jasper.servlet.TldScanner.scanJars At least one JAR was scanned for TLDs yet contained no TLDs. Enable debug logging for this logger for a complete list of JARs that were scanned but no TLDs were found in them. Skipping unneeded JARs during scanning can improve startup time and JSP compilation time.
11-Dec-2025 17:37:53.957 INFO [main] org.apache.catalina.startup.HostConfig.deployDirectory Deployment of web application directory [/home/infoetu/baptiste.lavogiez.etu/ctp-web/tomcat/webapps/docs] has finished in [51] ms
11-Dec-2025 17:37:53.957 INFO [main] org.apache.catalina.startup.HostConfig.deployDirectory Deploying web application directory [/home/infoetu/baptiste.lavogiez.etu/ctp-web/tomcat/webapps/manager]
11-Dec-2025 17:37:54.008 INFO [main] org.apache.jasper.servlet.TldScanner.scanJars At least one JAR was scanned for TLDs yet contained no TLDs. Enable debug logging for this logger for a complete list of JARs that were scanned but no TLDs were found in them. Skipping unneeded JARs during scanning can improve startup time and JSP compilation time.
11-Dec-2025 17:37:54.010 INFO [main] org.apache.catalina.startup.HostConfig.deployDirectory Deployment of web application directory [/home/infoetu/baptiste.lavogiez.etu/ctp-web/tomcat/webapps/manager] has finished in [53] ms
11-Dec-2025 17:37:54.010 INFO [main] org.apache.catalina.startup.HostConfig.deployDirectory Deploying web application directory [/home/infoetu/baptiste.lavogiez.etu/ctp-web/tomcat/webapps/host-manager]
11-Dec-2025 17:37:54.057 INFO [main] org.apache.jasper.servlet.TldScanner.scanJars At least one JAR was scanned for TLDs yet contained no TLDs. Enable debug logging for this logger for a complete list of JARs that were scanned but no TLDs were found in them. Skipping unneeded JARs during scanning can improve startup time and JSP compilation time.
11-Dec-2025 17:37:54.058 INFO [main] org.apache.catalina.startup.HostConfig.deployDirectory Deployment of web application directory [/home/infoetu/baptiste.lavogiez.etu/ctp-web/tomcat/webapps/host-manager] has finished in [48] ms
11-Dec-2025 17:37:54.058 INFO [main] org.apache.catalina.startup.HostConfig.deployDirectory Deploying web application directory [/home/infoetu/baptiste.lavogiez.etu/ctp-web/tomcat/webapps/vide]
11-Dec-2025 17:37:54.112 INFO [main] org.apache.jasper.servlet.TldScanner.scanJars At least one JAR was scanned for TLDs yet contained no TLDs. Enable debug logging for this logger for a complete list of JARs that were scanned but no TLDs were found in them. Skipping unneeded JARs during scanning can improve startup time and JSP compilation time.
11-Dec-2025 17:37:54.114 INFO [main] org.apache.catalina.startup.HostConfig.deployDirectory Deployment of web application directory [/home/infoetu/baptiste.lavogiez.etu/ctp-web/tomcat/webapps/vide] has finished in [56] ms
11-Dec-2025 17:37:54.114 INFO [main] org.apache.catalina.startup.HostConfig.deployDirectory Deploying web application directory [/home/infoetu/baptiste.lavogiez.etu/ctp-web/tomcat/webapps/examples]
11-Dec-2025 17:37:54.307 INFO [main] org.apache.jasper.servlet.TldScanner.scanJars At least one JAR was scanned for TLDs yet contained no TLDs. Enable debug logging for this logger for a complete list of JARs that were scanned but no TLDs were found in them. Skipping unneeded JARs during scanning can improve startup time and JSP compilation time.
11-Dec-2025 17:37:54.319 INFO [main] org.apache.catalina.startup.HostConfig.deployDirectory Deployment of web application directory [/home/infoetu/baptiste.lavogiez.etu/ctp-web/tomcat/webapps/examples] has finished in [205] ms
11-Dec-2025 17:37:54.319 INFO [main] org.apache.catalina.startup.HostConfig.deployDirectory Deploying web application directory [/home/infoetu/baptiste.lavogiez.etu/ctp-web/tomcat/webapps/ctp]
11-Dec-2025 17:37:54.379 INFO [main] org.apache.jasper.servlet.TldScanner.scanJars At least one JAR was scanned for TLDs yet contained no TLDs. Enable debug logging for this logger for a complete list of JARs that were scanned but no TLDs were found in them. Skipping unneeded JARs during scanning can improve startup time and JSP compilation time.
11-Dec-2025 17:37:54.380 INFO [main] org.apache.catalina.startup.HostConfig.deployDirectory Deployment of web application directory [/home/infoetu/baptiste.lavogiez.etu/ctp-web/tomcat/webapps/ctp] has finished in [61] ms
11-Dec-2025 17:37:54.382 INFO [main] org.apache.coyote.AbstractProtocol.start Starting ProtocolHandler ["http-nio-8080"]
11-Dec-2025 17:37:54.388 INFO [main] org.apache.catalina.startup.Catalina.start Server startup in [673] milliseconds
11-Dec-2025 17:38:28.790 INFO [Thread-1] org.apache.coyote.AbstractProtocol.pause Pausing ProtocolHandler ["http-nio-8080"]
11-Dec-2025 17:38:28.792 INFO [Thread-1] org.apache.catalina.core.StandardService.stopInternal Stopping service [Catalina]
11-Dec-2025 17:38:28.813 INFO [Thread-1] org.apache.coyote.AbstractProtocol.stop Stopping ProtocolHandler ["http-nio-8080"]
11-Dec-2025 17:38:28.826 INFO [Thread-1] org.apache.coyote.AbstractProtocol.destroy Destroying ProtocolHandler ["http-nio-8080"]
11-Dec-2025 17:38:29.760 INFO [main] org.apache.catalina.startup.VersionLoggerListener.log Server version name:   Apache Tomcat/11.0.13
11-Dec-2025 17:38:29.762 INFO [main] org.apache.catalina.startup.VersionLoggerListener.log Server built:          Oct 10 2025 13:57:31 UTC
11-Dec-2025 17:38:29.762 INFO [main] org.apache.catalina.startup.VersionLoggerListener.log Server version number: 11.0.13.0
11-Dec-2025 17:38:29.762 INFO [main] org.apache.catalina.startup.VersionLoggerListener.log OS Name:               Linux
11-Dec-2025 17:38:29.762 INFO [main] org.apache.catalina.startup.VersionLoggerListener.log OS Version:            6.1.0-40-amd64
11-Dec-2025 17:38:29.762 INFO [main] org.apache.catalina.startup.VersionLoggerListener.log Architecture:          amd64
11-Dec-2025 17:38:29.762 INFO [main] org.apache.catalina.startup.VersionLoggerListener.log Java Home:             /usr/lib/jvm/java-17-openjdk-amd64
11-Dec-2025 17:38:29.763 INFO [main] org.apache.catalina.startup.VersionLoggerListener.log JVM Version:           17.0.17+10-Debian-1deb12u1
11-Dec-2025 17:38:29.763 INFO [main] org.apache.catalina.startup.VersionLoggerListener.log JVM Vendor:            Debian
11-Dec-2025 17:38:29.763 INFO [main] org.apache.catalina.startup.VersionLoggerListener.log CATALINA_BASE:         /home/infoetu/baptiste.lavogiez.etu/ctp-web/tomcat
11-Dec-2025 17:38:29.763 INFO [main] org.apache.catalina.startup.VersionLoggerListener.log CATALINA_HOME:         /home/infoetu/baptiste.lavogiez.etu/ctp-web/tomcat
11-Dec-2025 17:38:29.767 INFO [main] org.apache.catalina.startup.VersionLoggerListener.log Command line argument: -Djava.util.logging.config.file=/home/infoetu/baptiste.lavogiez.etu/ctp-web/tomcat/conf/logging.properties
11-Dec-2025 17:38:29.767 INFO [main] org.apache.catalina.startup.VersionLoggerListener.log Command line argument: -Djava.util.logging.manager=org.apache.juli.ClassLoaderLogManager
11-Dec-2025 17:38:29.767 INFO [main] org.apache.catalina.startup.VersionLoggerListener.log Command line argument: -Djdk.tls.ephemeralDHKeySize=2048
11-Dec-2025 17:38:29.767 INFO [main] org.apache.catalina.startup.VersionLoggerListener.log Command line argument: -Dorg.apache.catalina.security.SecurityListener.UMASK=0027
11-Dec-2025 17:38:29.767 INFO [main] org.apache.catalina.startup.VersionLoggerListener.log Command line argument: --add-opens=java.base/java.lang=ALL-UNNAMED
11-Dec-2025 17:38:29.767 INFO [main] org.apache.catalina.startup.VersionLoggerListener.log Command line argument: --add-opens=java.base/java.lang.reflect=ALL-UNNAMED
11-Dec-2025 17:38:29.767 INFO [main] org.apache.catalina.startup.VersionLoggerListener.log Command line argument: --add-opens=java.base/java.io=ALL-UNNAMED
11-Dec-2025 17:38:29.767 INFO [main] org.apache.catalina.startup.VersionLoggerListener.log Command line argument: --add-opens=java.base/java.util=ALL-UNNAMED
11-Dec-2025 17:38:29.767 INFO [main] org.apache.catalina.startup.VersionLoggerListener.log Command line argument: --add-opens=java.base/java.util.concurrent=ALL-UNNAMED
11-Dec-2025 17:38:29.767 INFO [main] org.apache.catalina.startup.VersionLoggerListener.log Command line argument: --add-opens=java.rmi/sun.rmi.transport=ALL-UNNAMED
11-Dec-2025 17:38:29.767 INFO [main] org.apache.catalina.startup.VersionLoggerListener.log Command line argument: --enable-native-access=ALL-UNNAMED
11-Dec-2025 17:38:29.767 INFO [main] org.apache.catalina.startup.VersionLoggerListener.log Command line argument: -Dcatalina.base=/home/infoetu/baptiste.lavogiez.etu/ctp-web/tomcat
11-Dec-2025 17:38:29.767 INFO [main] org.apache.catalina.startup.VersionLoggerListener.log Command line argument: -Dcatalina.home=/home/infoetu/baptiste.lavogiez.etu/ctp-web/tomcat
11-Dec-2025 17:38:29.767 INFO [main] org.apache.catalina.startup.VersionLoggerListener.log Command line argument: -Djava.io.tmpdir=/home/infoetu/baptiste.lavogiez.etu/ctp-web/tomcat/temp
11-Dec-2025 17:38:29.768 INFO [main] org.apache.catalina.core.AprLifecycleListener.lifecycleEvent The Apache Tomcat Native library which allows using OpenSSL was not found on the java.library.path: [/usr/java/packages/lib:/usr/lib/x86_64-linux-gnu/jni:/lib/x86_64-linux-gnu:/usr/lib/x86_64-linux-gnu:/usr/lib/jni:/lib:/usr/lib]
11-Dec-2025 17:38:29.862 INFO [main] org.apache.coyote.AbstractProtocol.init Initializing ProtocolHandler ["http-nio-8080"]
11-Dec-2025 17:38:29.875 INFO [main] org.apache.catalina.startup.Catalina.load Server initialization in [183] milliseconds
11-Dec-2025 17:38:29.891 INFO [main] org.apache.catalina.core.StandardService.startInternal Starting service [Catalina]
11-Dec-2025 17:38:29.892 INFO [main] org.apache.catalina.core.StandardEngine.startInternal Starting Servlet engine: [Apache Tomcat/11.0.13]
11-Dec-2025 17:38:29.896 INFO [main] org.apache.catalina.startup.HostConfig.deployDirectory Deploying web application directory [/home/infoetu/baptiste.lavogiez.etu/ctp-web/tomcat/webapps/ROOT]
11-Dec-2025 17:38:30.064 INFO [main] org.apache.jasper.servlet.TldScanner.scanJars At least one JAR was scanned for TLDs yet contained no TLDs. Enable debug logging for this logger for a complete list of JARs that were scanned but no TLDs were found in them. Skipping unneeded JARs during scanning can improve startup time and JSP compilation time.
11-Dec-2025 17:38:30.080 INFO [main] org.apache.catalina.startup.HostConfig.deployDirectory Deployment of web application directory [/home/infoetu/baptiste.lavogiez.etu/ctp-web/tomcat/webapps/ROOT] has finished in [184] ms
11-Dec-2025 17:38:30.081 INFO [main] org.apache.catalina.startup.HostConfig.deployDirectory Deploying web application directory [/home/infoetu/baptiste.lavogiez.etu/ctp-web/tomcat/webapps/docs]
11-Dec-2025 17:38:30.129 INFO [main] org.apache.jasper.servlet.TldScanner.scanJars At least one JAR was scanned for TLDs yet contained no TLDs. Enable debug logging for this logger for a complete list of JARs that were scanned but no TLDs were found in them. Skipping unneeded JARs during scanning can improve startup time and JSP compilation time.
11-Dec-2025 17:38:30.130 INFO [main] org.apache.catalina.startup.HostConfig.deployDirectory Deployment of web application directory [/home/infoetu/baptiste.lavogiez.etu/ctp-web/tomcat/webapps/docs] has finished in [50] ms
11-Dec-2025 17:38:30.130 INFO [main] org.apache.catalina.startup.HostConfig.deployDirectory Deploying web application directory [/home/infoetu/baptiste.lavogiez.etu/ctp-web/tomcat/webapps/manager]
11-Dec-2025 17:38:30.178 INFO [main] org.apache.jasper.servlet.TldScanner.scanJars At least one JAR was scanned for TLDs yet contained no TLDs. Enable debug logging for this logger for a complete list of JARs that were scanned but no TLDs were found in them. Skipping unneeded JARs during scanning can improve startup time and JSP compilation time.
11-Dec-2025 17:38:30.181 INFO [main] org.apache.catalina.startup.HostConfig.deployDirectory Deployment of web application directory [/home/infoetu/baptiste.lavogiez.etu/ctp-web/tomcat/webapps/manager] has finished in [50] ms
11-Dec-2025 17:38:30.181 INFO [main] org.apache.catalina.startup.HostConfig.deployDirectory Deploying web application directory [/home/infoetu/baptiste.lavogiez.etu/ctp-web/tomcat/webapps/host-manager]
11-Dec-2025 17:38:30.226 INFO [main] org.apache.jasper.servlet.TldScanner.scanJars At least one JAR was scanned for TLDs yet contained no TLDs. Enable debug logging for this logger for a complete list of JARs that were scanned but no TLDs were found in them. Skipping unneeded JARs during scanning can improve startup time and JSP compilation time.
11-Dec-2025 17:38:30.226 INFO [main] org.apache.catalina.startup.HostConfig.deployDirectory Deployment of web application directory [/home/infoetu/baptiste.lavogiez.etu/ctp-web/tomcat/webapps/host-manager] has finished in [45] ms
11-Dec-2025 17:38:30.227 INFO [main] org.apache.catalina.startup.HostConfig.deployDirectory Deploying web application directory [/home/infoetu/baptiste.lavogiez.etu/ctp-web/tomcat/webapps/vide]
11-Dec-2025 17:38:30.275 INFO [main] org.apache.jasper.servlet.TldScanner.scanJars At least one JAR was scanned for TLDs yet contained no TLDs. Enable debug logging for this logger for a complete list of JARs that were scanned but no TLDs were found in them. Skipping unneeded JARs during scanning can improve startup time and JSP compilation time.
11-Dec-2025 17:38:30.277 INFO [main] org.apache.catalina.startup.HostConfig.deployDirectory Deployment of web application directory [/home/infoetu/baptiste.lavogiez.etu/ctp-web/tomcat/webapps/vide] has finished in [50] ms
11-Dec-2025 17:38:30.277 INFO [main] org.apache.catalina.startup.HostConfig.deployDirectory Deploying web application directory [/home/infoetu/baptiste.lavogiez.etu/ctp-web/tomcat/webapps/examples]
11-Dec-2025 17:38:30.409 INFO [main] org.apache.jasper.servlet.TldScanner.scanJars At least one JAR was scanned for TLDs yet contained no TLDs. Enable debug logging for this logger for a complete list of JARs that were scanned but no TLDs were found in them. Skipping unneeded JARs during scanning can improve startup time and JSP compilation time.
11-Dec-2025 17:38:30.424 INFO [main] org.apache.catalina.startup.HostConfig.deployDirectory Deployment of web application directory [/home/infoetu/baptiste.lavogiez.etu/ctp-web/tomcat/webapps/examples] has finished in [147] ms
11-Dec-2025 17:38:30.425 INFO [main] org.apache.catalina.startup.HostConfig.deployDirectory Deploying web application directory [/home/infoetu/baptiste.lavogiez.etu/ctp-web/tomcat/webapps/ctp]
11-Dec-2025 17:38:30.482 INFO [main] org.apache.jasper.servlet.TldScanner.scanJars At least one JAR was scanned for TLDs yet contained no TLDs. Enable debug logging for this logger for a complete list of JARs that were scanned but no TLDs were found in them. Skipping unneeded JARs during scanning can improve startup time and JSP compilation time.
11-Dec-2025 17:38:30.483 INFO [main] org.apache.catalina.startup.HostConfig.deployDirectory Deployment of web application directory [/home/infoetu/baptiste.lavogiez.etu/ctp-web/tomcat/webapps/ctp] has finished in [58] ms
11-Dec-2025 17:38:30.484 INFO [main] org.apache.coyote.AbstractProtocol.start Starting ProtocolHandler ["http-nio-8080"]
11-Dec-2025 17:38:30.490 INFO [main] org.apache.catalina.startup.Catalina.start Server startup in [615] milliseconds
11-Dec-2025 17:44:20.731 INFO [Catalina-utility-1] org.apache.catalina.core.StandardContext.reload Reloading Context with name [/ctp] has started
11-Dec-2025 17:44:20.812 INFO [Catalina-utility-1] org.apache.jasper.servlet.TldScanner.scanJars At least one JAR was scanned for TLDs yet contained no TLDs. Enable debug logging for this logger for a complete list of JARs that were scanned but no TLDs were found in them. Skipping unneeded JARs during scanning can improve startup time and JSP compilation time.
11-Dec-2025 17:44:20.813 INFO [Catalina-utility-1] org.apache.catalina.core.StandardContext.reload Reloading Context with name [/ctp] is completed
11-Dec-2025 17:44:30.821 INFO [Catalina-utility-1] org.apache.catalina.core.StandardContext.reload Reloading Context with name [/ctp] has started
11-Dec-2025 17:44:30.886 INFO [Catalina-utility-1] org.apache.jasper.servlet.TldScanner.scanJars At least one JAR was scanned for TLDs yet contained no TLDs. Enable debug logging for this logger for a complete list of JARs that were scanned but no TLDs were found in them. Skipping unneeded JARs during scanning can improve startup time and JSP compilation time.
11-Dec-2025 17:44:30.887 INFO [Catalina-utility-1] org.apache.catalina.core.StandardContext.reload Reloading Context with name [/ctp] is completed
11-Dec-2025 17:44:32.369 INFO [Thread-1] org.apache.coyote.AbstractProtocol.pause Pausing ProtocolHandler ["http-nio-8080"]
11-Dec-2025 17:44:32.371 INFO [Thread-1] org.apache.catalina.core.StandardService.stopInternal Stopping service [Catalina]
11-Dec-2025 17:44:32.391 INFO [Thread-1] org.apache.coyote.AbstractProtocol.stop Stopping ProtocolHandler ["http-nio-8080"]
11-Dec-2025 17:44:32.404 INFO [Thread-1] org.apache.coyote.AbstractProtocol.destroy Destroying ProtocolHandler ["http-nio-8080"]
11-Dec-2025 17:44:33.519 INFO [main] org.apache.catalina.startup.VersionLoggerListener.log Server version name:   Apache Tomcat/11.0.13
11-Dec-2025 17:44:33.521 INFO [main] org.apache.catalina.startup.VersionLoggerListener.log Server built:          Oct 10 2025 13:57:31 UTC
11-Dec-2025 17:44:33.521 INFO [main] org.apache.catalina.startup.VersionLoggerListener.log Server version number: 11.0.13.0
11-Dec-2025 17:44:33.521 INFO [main] org.apache.catalina.startup.VersionLoggerListener.log OS Name:               Linux
11-Dec-2025 17:44:33.521 INFO [main] org.apache.catalina.startup.VersionLoggerListener.log OS Version:            6.1.0-40-amd64
11-Dec-2025 17:44:33.521 INFO [main] org.apache.catalina.startup.VersionLoggerListener.log Architecture:          amd64
11-Dec-2025 17:44:33.521 INFO [main] org.apache.catalina.startup.VersionLoggerListener.log Java Home:             /usr/lib/jvm/java-17-openjdk-amd64
11-Dec-2025 17:44:33.521 INFO [main] org.apache.catalina.startup.VersionLoggerListener.log JVM Version:           17.0.17+10-Debian-1deb12u1
11-Dec-2025 17:44:33.522 INFO [main] org.apache.catalina.startup.VersionLoggerListener.log JVM Vendor:            Debian
11-Dec-2025 17:44:33.522 INFO [main] org.apache.catalina.startup.VersionLoggerListener.log CATALINA_BASE:         /home/infoetu/baptiste.lavogiez.etu/ctp-web/tomcat
11-Dec-2025 17:44:33.522 INFO [main] org.apache.catalina.startup.VersionLoggerListener.log CATALINA_HOME:         /home/infoetu/baptiste.lavogiez.etu/ctp-web/tomcat
11-Dec-2025 17:44:33.526 INFO [main] org.apache.catalina.startup.VersionLoggerListener.log Command line argument: -Djava.util.logging.config.file=/home/infoetu/baptiste.lavogiez.etu/ctp-web/tomcat/conf/logging.properties
11-Dec-2025 17:44:33.526 INFO [main] org.apache.catalina.startup.VersionLoggerListener.log Command line argument: -Djava.util.logging.manager=org.apache.juli.ClassLoaderLogManager
11-Dec-2025 17:44:33.526 INFO [main] org.apache.catalina.startup.VersionLoggerListener.log Command line argument: -Djdk.tls.ephemeralDHKeySize=2048
11-Dec-2025 17:44:33.526 INFO [main] org.apache.catalina.startup.VersionLoggerListener.log Command line argument: -Dorg.apache.catalina.security.SecurityListener.UMASK=0027
11-Dec-2025 17:44:33.526 INFO [main] org.apache.catalina.startup.VersionLoggerListener.log Command line argument: --add-opens=java.base/java.lang=ALL-UNNAMED
11-Dec-2025 17:44:33.527 INFO [main] org.apache.catalina.startup.VersionLoggerListener.log Command line argument: --add-opens=java.base/java.lang.reflect=ALL-UNNAMED
11-Dec-2025 17:44:33.527 INFO [main] org.apache.catalina.startup.VersionLoggerListener.log Command line argument: --add-opens=java.base/java.io=ALL-UNNAMED
11-Dec-2025 17:44:33.527 INFO [main] org.apache.catalina.startup.VersionLoggerListener.log Command line argument: --add-opens=java.base/java.util=ALL-UNNAMED
11-Dec-2025 17:44:33.527 INFO [main] org.apache.catalina.startup.VersionLoggerListener.log Command line argument: --add-opens=java.base/java.util.concurrent=ALL-UNNAMED
11-Dec-2025 17:44:33.527 INFO [main] org.apache.catalina.startup.VersionLoggerListener.log Command line argument: --add-opens=java.rmi/sun.rmi.transport=ALL-UNNAMED
11-Dec-2025 17:44:33.527 INFO [main] org.apache.catalina.startup.VersionLoggerListener.log Command line argument: --enable-native-access=ALL-UNNAMED
11-Dec-2025 17:44:33.527 INFO [main] org.apache.catalina.startup.VersionLoggerListener.log Command line argument: -Dcatalina.base=/home/infoetu/baptiste.lavogiez.etu/ctp-web/tomcat
11-Dec-2025 17:44:33.527 INFO [main] org.apache.catalina.startup.VersionLoggerListener.log Command line argument: -Dcatalina.home=/home/infoetu/baptiste.lavogiez.etu/ctp-web/tomcat
11-Dec-2025 17:44:33.527 INFO [main] org.apache.catalina.startup.VersionLoggerListener.log Command line argument: -Djava.io.tmpdir=/home/infoetu/baptiste.lavogiez.etu/ctp-web/tomcat/temp
11-Dec-2025 17:44:33.528 INFO [main] org.apache.catalina.core.AprLifecycleListener.lifecycleEvent The Apache Tomcat Native library which allows using OpenSSL was not found on the java.library.path: [/usr/java/packages/lib:/usr/lib/x86_64-linux-gnu/jni:/lib/x86_64-linux-gnu:/usr/lib/x86_64-linux-gnu:/usr/lib/jni:/lib:/usr/lib]
11-Dec-2025 17:44:33.625 INFO [main] org.apache.coyote.AbstractProtocol.init Initializing ProtocolHandler ["http-nio-8080"]
11-Dec-2025 17:44:33.634 INFO [main] org.apache.catalina.startup.Catalina.load Server initialization in [183] milliseconds
11-Dec-2025 17:44:33.650 INFO [main] org.apache.catalina.core.StandardService.startInternal Starting service [Catalina]
11-Dec-2025 17:44:33.650 INFO [main] org.apache.catalina.core.StandardEngine.startInternal Starting Servlet engine: [Apache Tomcat/11.0.13]
11-Dec-2025 17:44:33.659 INFO [main] org.apache.catalina.startup.HostConfig.deployDirectory Deploying web application directory [/home/infoetu/baptiste.lavogiez.etu/ctp-web/tomcat/webapps/ROOT]
11-Dec-2025 17:44:33.815 INFO [main] org.apache.jasper.servlet.TldScanner.scanJars At least one JAR was scanned for TLDs yet contained no TLDs. Enable debug logging for this logger for a complete list of JARs that were scanned but no TLDs were found in them. Skipping unneeded JARs during scanning can improve startup time and JSP compilation time.
11-Dec-2025 17:44:33.834 INFO [main] org.apache.catalina.startup.HostConfig.deployDirectory Deployment of web application directory [/home/infoetu/baptiste.lavogiez.etu/ctp-web/tomcat/webapps/ROOT] has finished in [175] ms
11-Dec-2025 17:44:33.834 INFO [main] org.apache.catalina.startup.HostConfig.deployDirectory Deploying web application directory [/home/infoetu/baptiste.lavogiez.etu/ctp-web/tomcat/webapps/docs]
11-Dec-2025 17:44:33.891 INFO [main] org.apache.jasper.servlet.TldScanner.scanJars At least one JAR was scanned for TLDs yet contained no TLDs. Enable debug logging for this logger for a complete list of JARs that were scanned but no TLDs were found in them. Skipping unneeded JARs during scanning can improve startup time and JSP compilation time.
11-Dec-2025 17:44:33.892 INFO [main] org.apache.catalina.startup.HostConfig.deployDirectory Deployment of web application directory [/home/infoetu/baptiste.lavogiez.etu/ctp-web/tomcat/webapps/docs] has finished in [57] ms
11-Dec-2025 17:44:33.892 INFO [main] org.apache.catalina.startup.HostConfig.deployDirectory Deploying web application directory [/home/infoetu/baptiste.lavogiez.etu/ctp-web/tomcat/webapps/manager]
11-Dec-2025 17:44:33.942 INFO [main] org.apache.jasper.servlet.TldScanner.scanJars At least one JAR was scanned for TLDs yet contained no TLDs. Enable debug logging for this logger for a complete list of JARs that were scanned but no TLDs were found in them. Skipping unneeded JARs during scanning can improve startup time and JSP compilation time.
11-Dec-2025 17:44:33.944 INFO [main] org.apache.catalina.startup.HostConfig.deployDirectory Deployment of web application directory [/home/infoetu/baptiste.lavogiez.etu/ctp-web/tomcat/webapps/manager] has finished in [52] ms
11-Dec-2025 17:44:33.944 INFO [main] org.apache.catalina.startup.HostConfig.deployDirectory Deploying web application directory [/home/infoetu/baptiste.lavogiez.etu/ctp-web/tomcat/webapps/host-manager]
11-Dec-2025 17:44:33.991 INFO [main] org.apache.jasper.servlet.TldScanner.scanJars At least one JAR was scanned for TLDs yet contained no TLDs. Enable debug logging for this logger for a complete list of JARs that were scanned but no TLDs were found in them. Skipping unneeded JARs during scanning can improve startup time and JSP compilation time.
11-Dec-2025 17:44:33.992 INFO [main] org.apache.catalina.startup.HostConfig.deployDirectory Deployment of web application directory [/home/infoetu/baptiste.lavogiez.etu/ctp-web/tomcat/webapps/host-manager] has finished in [48] ms
11-Dec-2025 17:44:33.992 INFO [main] org.apache.catalina.startup.HostConfig.deployDirectory Deploying web application directory [/home/infoetu/baptiste.lavogiez.etu/ctp-web/tomcat/webapps/vide]
11-Dec-2025 17:44:34.051 INFO [main] org.apache.jasper.servlet.TldScanner.scanJars At least one JAR was scanned for TLDs yet contained no TLDs. Enable debug logging for this logger for a complete list of JARs that were scanned but no TLDs were found in them. Skipping unneeded JARs during scanning can improve startup time and JSP compilation time.
11-Dec-2025 17:44:34.053 INFO [main] org.apache.catalina.startup.HostConfig.deployDirectory Deployment of web application directory [/home/infoetu/baptiste.lavogiez.etu/ctp-web/tomcat/webapps/vide] has finished in [61] ms
11-Dec-2025 17:44:34.053 INFO [main] org.apache.catalina.startup.HostConfig.deployDirectory Deploying web application directory [/home/infoetu/baptiste.lavogiez.etu/ctp-web/tomcat/webapps/examples]
11-Dec-2025 17:44:34.248 INFO [main] org.apache.jasper.servlet.TldScanner.scanJars At least one JAR was scanned for TLDs yet contained no TLDs. Enable debug logging for this logger for a complete list of JARs that were scanned but no TLDs were found in them. Skipping unneeded JARs during scanning can improve startup time and JSP compilation time.
11-Dec-2025 17:44:34.262 INFO [main] org.apache.catalina.startup.HostConfig.deployDirectory Deployment of web application directory [/home/infoetu/baptiste.lavogiez.etu/ctp-web/tomcat/webapps/examples] has finished in [209] ms
11-Dec-2025 17:44:34.263 INFO [main] org.apache.catalina.startup.HostConfig.deployDirectory Deploying web application directory [/home/infoetu/baptiste.lavogiez.etu/ctp-web/tomcat/webapps/ctp]
11-Dec-2025 17:44:34.316 INFO [main] org.apache.jasper.servlet.TldScanner.scanJars At least one JAR was scanned for TLDs yet contained no TLDs. Enable debug logging for this logger for a complete list of JARs that were scanned but no TLDs were found in them. Skipping unneeded JARs during scanning can improve startup time and JSP compilation time.
11-Dec-2025 17:44:34.317 INFO [main] org.apache.catalina.startup.HostConfig.deployDirectory Deployment of web application directory [/home/infoetu/baptiste.lavogiez.etu/ctp-web/tomcat/webapps/ctp] has finished in [55] ms
11-Dec-2025 17:44:34.320 INFO [main] org.apache.coyote.AbstractProtocol.start Starting ProtocolHandler ["http-nio-8080"]
11-Dec-2025 17:44:34.326 INFO [main] org.apache.catalina.startup.Catalina.start Server startup in [692] milliseconds
11-Dec-2025 17:44:46.488 INFO [Thread-1] org.apache.coyote.AbstractProtocol.pause Pausing ProtocolHandler ["http-nio-8080"]
11-Dec-2025 17:44:46.490 INFO [Thread-1] org.apache.catalina.core.StandardService.stopInternal Stopping service [Catalina]
11-Dec-2025 17:44:46.509 INFO [Thread-1] org.apache.coyote.AbstractProtocol.stop Stopping ProtocolHandler ["http-nio-8080"]
11-Dec-2025 17:44:46.515 INFO [Thread-1] org.apache.coyote.AbstractProtocol.destroy Destroying ProtocolHandler ["http-nio-8080"]
11-Dec-2025 17:44:47.353 INFO [main] org.apache.catalina.startup.VersionLoggerListener.log Server version name:   Apache Tomcat/11.0.13
11-Dec-2025 17:44:47.355 INFO [main] org.apache.catalina.startup.VersionLoggerListener.log Server built:          Oct 10 2025 13:57:31 UTC
11-Dec-2025 17:44:47.355 INFO [main] org.apache.catalina.startup.VersionLoggerListener.log Server version number: 11.0.13.0
11-Dec-2025 17:44:47.355 INFO [main] org.apache.catalina.startup.VersionLoggerListener.log OS Name:               Linux
11-Dec-2025 17:44:47.355 INFO [main] org.apache.catalina.startup.VersionLoggerListener.log OS Version:            6.1.0-40-amd64
11-Dec-2025 17:44:47.356 INFO [main] org.apache.catalina.startup.VersionLoggerListener.log Architecture:          amd64
11-Dec-2025 17:44:47.356 INFO [main] org.apache.catalina.startup.VersionLoggerListener.log Java Home:             /usr/lib/jvm/java-17-openjdk-amd64
11-Dec-2025 17:44:47.356 INFO [main] org.apache.catalina.startup.VersionLoggerListener.log JVM Version:           17.0.17+10-Debian-1deb12u1
11-Dec-2025 17:44:47.356 INFO [main] org.apache.catalina.startup.VersionLoggerListener.log JVM Vendor:            Debian
11-Dec-2025 17:44:47.356 INFO [main] org.apache.catalina.startup.VersionLoggerListener.log CATALINA_BASE:         /home/infoetu/baptiste.lavogiez.etu/ctp-web/tomcat
11-Dec-2025 17:44:47.356 INFO [main] org.apache.catalina.startup.VersionLoggerListener.log CATALINA_HOME:         /home/infoetu/baptiste.lavogiez.etu/ctp-web/tomcat
11-Dec-2025 17:44:47.359 INFO [main] org.apache.catalina.startup.VersionLoggerListener.log Command line argument: -Djava.util.logging.config.file=/home/infoetu/baptiste.lavogiez.etu/ctp-web/tomcat/conf/logging.properties
11-Dec-2025 17:44:47.359 INFO [main] org.apache.catalina.startup.VersionLoggerListener.log Command line argument: -Djava.util.logging.manager=org.apache.juli.ClassLoaderLogManager
11-Dec-2025 17:44:47.359 INFO [main] org.apache.catalina.startup.VersionLoggerListener.log Command line argument: -Djdk.tls.ephemeralDHKeySize=2048
11-Dec-2025 17:44:47.359 INFO [main] org.apache.catalina.startup.VersionLoggerListener.log Command line argument: -Dorg.apache.catalina.security.SecurityListener.UMASK=0027
11-Dec-2025 17:44:47.359 INFO [main] org.apache.catalina.startup.VersionLoggerListener.log Command line argument: --add-opens=java.base/java.lang=ALL-UNNAMED
11-Dec-2025 17:44:47.359 INFO [main] org.apache.catalina.startup.VersionLoggerListener.log Command line argument: --add-opens=java.base/java.lang.reflect=ALL-UNNAMED
11-Dec-2025 17:44:47.359 INFO [main] org.apache.catalina.startup.VersionLoggerListener.log Command line argument: --add-opens=java.base/java.io=ALL-UNNAMED
11-Dec-2025 17:44:47.359 INFO [main] org.apache.catalina.startup.VersionLoggerListener.log Command line argument: --add-opens=java.base/java.util=ALL-UNNAMED
11-Dec-2025 17:44:47.359 INFO [main] org.apache.catalina.startup.VersionLoggerListener.log Command line argument: --add-opens=java.base/java.util.concurrent=ALL-UNNAMED
11-Dec-2025 17:44:47.359 INFO [main] org.apache.catalina.startup.VersionLoggerListener.log Command line argument: --add-opens=java.rmi/sun.rmi.transport=ALL-UNNAMED
11-Dec-2025 17:44:47.360 INFO [main] org.apache.catalina.startup.VersionLoggerListener.log Command line argument: --enable-native-access=ALL-UNNAMED
11-Dec-2025 17:44:47.360 INFO [main] org.apache.catalina.startup.VersionLoggerListener.log Command line argument: -Dcatalina.base=/home/infoetu/baptiste.lavogiez.etu/ctp-web/tomcat
11-Dec-2025 17:44:47.360 INFO [main] org.apache.catalina.startup.VersionLoggerListener.log Command line argument: -Dcatalina.home=/home/infoetu/baptiste.lavogiez.etu/ctp-web/tomcat
11-Dec-2025 17:44:47.360 INFO [main] org.apache.catalina.startup.VersionLoggerListener.log Command line argument: -Djava.io.tmpdir=/home/infoetu/baptiste.lavogiez.etu/ctp-web/tomcat/temp
11-Dec-2025 17:44:47.360 INFO [main] org.apache.catalina.core.AprLifecycleListener.lifecycleEvent The Apache Tomcat Native library which allows using OpenSSL was not found on the java.library.path: [/usr/java/packages/lib:/usr/lib/x86_64-linux-gnu/jni:/lib/x86_64-linux-gnu:/usr/lib/x86_64-linux-gnu:/usr/lib/jni:/lib:/usr/lib]
11-Dec-2025 17:44:47.454 INFO [main] org.apache.coyote.AbstractProtocol.init Initializing ProtocolHandler ["http-nio-8080"]
11-Dec-2025 17:44:47.466 INFO [main] org.apache.catalina.startup.Catalina.load Server initialization in [181] milliseconds
11-Dec-2025 17:44:47.483 INFO [main] org.apache.catalina.core.StandardService.startInternal Starting service [Catalina]
11-Dec-2025 17:44:47.483 INFO [main] org.apache.catalina.core.StandardEngine.startInternal Starting Servlet engine: [Apache Tomcat/11.0.13]
11-Dec-2025 17:44:47.487 INFO [main] org.apache.catalina.startup.HostConfig.deployDirectory Deploying web application directory [/home/infoetu/baptiste.lavogiez.etu/ctp-web/tomcat/webapps/ROOT]
11-Dec-2025 17:44:47.645 INFO [main] org.apache.jasper.servlet.TldScanner.scanJars At least one JAR was scanned for TLDs yet contained no TLDs. Enable debug logging for this logger for a complete list of JARs that were scanned but no TLDs were found in them. Skipping unneeded JARs during scanning can improve startup time and JSP compilation time.
11-Dec-2025 17:44:47.663 INFO [main] org.apache.catalina.startup.HostConfig.deployDirectory Deployment of web application directory [/home/infoetu/baptiste.lavogiez.etu/ctp-web/tomcat/webapps/ROOT] has finished in [176] ms
11-Dec-2025 17:44:47.663 INFO [main] org.apache.catalina.startup.HostConfig.deployDirectory Deploying web application directory [/home/infoetu/baptiste.lavogiez.etu/ctp-web/tomcat/webapps/docs]
11-Dec-2025 17:44:47.714 INFO [main] org.apache.jasper.servlet.TldScanner.scanJars At least one JAR was scanned for TLDs yet contained no TLDs. Enable debug logging for this logger for a complete list of JARs that were scanned but no TLDs were found in them. Skipping unneeded JARs during scanning can improve startup time and JSP compilation time.
11-Dec-2025 17:44:47.715 INFO [main] org.apache.catalina.startup.HostConfig.deployDirectory Deployment of web application directory [/home/infoetu/baptiste.lavogiez.etu/ctp-web/tomcat/webapps/docs] has finished in [52] ms
11-Dec-2025 17:44:47.715 INFO [main] org.apache.catalina.startup.HostConfig.deployDirectory Deploying web application directory [/home/infoetu/baptiste.lavogiez.etu/ctp-web/tomcat/webapps/manager]
11-Dec-2025 17:44:47.763 INFO [main] org.apache.jasper.servlet.TldScanner.scanJars At least one JAR was scanned for TLDs yet contained no TLDs. Enable debug logging for this logger for a complete list of JARs that were scanned but no TLDs were found in them. Skipping unneeded JARs during scanning can improve startup time and JSP compilation time.
11-Dec-2025 17:44:47.766 INFO [main] org.apache.catalina.startup.HostConfig.deployDirectory Deployment of web application directory [/home/infoetu/baptiste.lavogiez.etu/ctp-web/tomcat/webapps/manager] has finished in [50] ms
11-Dec-2025 17:44:47.766 INFO [main] org.apache.catalina.startup.HostConfig.deployDirectory Deploying web application directory [/home/infoetu/baptiste.lavogiez.etu/ctp-web/tomcat/webapps/host-manager]
11-Dec-2025 17:44:47.811 INFO [main] org.apache.jasper.servlet.TldScanner.scanJars At least one JAR was scanned for TLDs yet contained no TLDs. Enable debug logging for this logger for a complete list of JARs that were scanned but no TLDs were found in them. Skipping unneeded JARs during scanning can improve startup time and JSP compilation time.
11-Dec-2025 17:44:47.812 INFO [main] org.apache.catalina.startup.HostConfig.deployDirectory Deployment of web application directory [/home/infoetu/baptiste.lavogiez.etu/ctp-web/tomcat/webapps/host-manager] has finished in [46] ms
11-Dec-2025 17:44:47.812 INFO [main] org.apache.catalina.startup.HostConfig.deployDirectory Deploying web application directory [/home/infoetu/baptiste.lavogiez.etu/ctp-web/tomcat/webapps/vide]
11-Dec-2025 17:44:47.862 INFO [main] org.apache.jasper.servlet.TldScanner.scanJars At least one JAR was scanned for TLDs yet contained no TLDs. Enable debug logging for this logger for a complete list of JARs that were scanned but no TLDs were found in them. Skipping unneeded JARs during scanning can improve startup time and JSP compilation time.
11-Dec-2025 17:44:47.864 INFO [main] org.apache.catalina.startup.HostConfig.deployDirectory Deployment of web application directory [/home/infoetu/baptiste.lavogiez.etu/ctp-web/tomcat/webapps/vide] has finished in [51] ms
11-Dec-2025 17:44:47.864 INFO [main] org.apache.catalina.startup.HostConfig.deployDirectory Deploying web application directory [/home/infoetu/baptiste.lavogiez.etu/ctp-web/tomcat/webapps/examples]
11-Dec-2025 17:44:47.993 INFO [main] org.apache.jasper.servlet.TldScanner.scanJars At least one JAR was scanned for TLDs yet contained no TLDs. Enable debug logging for this logger for a complete list of JARs that were scanned but no TLDs were found in them. Skipping unneeded JARs during scanning can improve startup time and JSP compilation time.
11-Dec-2025 17:44:48.005 INFO [main] org.apache.catalina.startup.HostConfig.deployDirectory Deployment of web application directory [/home/infoetu/baptiste.lavogiez.etu/ctp-web/tomcat/webapps/examples] has finished in [141] ms
11-Dec-2025 17:44:48.005 INFO [main] org.apache.catalina.startup.HostConfig.deployDirectory Deploying web application directory [/home/infoetu/baptiste.lavogiez.etu/ctp-web/tomcat/webapps/ctp]
11-Dec-2025 17:44:48.064 INFO [main] org.apache.jasper.servlet.TldScanner.scanJars At least one JAR was scanned for TLDs yet contained no TLDs. Enable debug logging for this logger for a complete list of JARs that were scanned but no TLDs were found in them. Skipping unneeded JARs during scanning can improve startup time and JSP compilation time.
11-Dec-2025 17:44:48.065 INFO [main] org.apache.catalina.startup.HostConfig.deployDirectory Deployment of web application directory [/home/infoetu/baptiste.lavogiez.etu/ctp-web/tomcat/webapps/ctp] has finished in [60] ms
11-Dec-2025 17:44:48.067 INFO [main] org.apache.coyote.AbstractProtocol.start Starting ProtocolHandler ["http-nio-8080"]
11-Dec-2025 17:44:48.072 INFO [main] org.apache.catalina.startup.Catalina.start Server startup in [605] milliseconds
11-Dec-2025 17:45:28.085 INFO [Catalina-utility-2] org.apache.catalina.core.StandardContext.reload Reloading Context with name [/ctp] has started
11-Dec-2025 17:45:28.165 INFO [Catalina-utility-2] org.apache.jasper.servlet.TldScanner.scanJars At least one JAR was scanned for TLDs yet contained no TLDs. Enable debug logging for this logger for a complete list of JARs that were scanned but no TLDs were found in them. Skipping unneeded JARs during scanning can improve startup time and JSP compilation time.
11-Dec-2025 17:45:28.165 INFO [Catalina-utility-2] org.apache.catalina.core.StandardContext.reload Reloading Context with name [/ctp] is completed
11-Dec-2025 17:45:41.967 INFO [Thread-1] org.apache.coyote.AbstractProtocol.pause Pausing ProtocolHandler ["http-nio-8080"]
11-Dec-2025 17:45:41.969 INFO [Thread-1] org.apache.catalina.core.StandardService.stopInternal Stopping service [Catalina]
11-Dec-2025 17:45:41.987 INFO [Thread-1] org.apache.coyote.AbstractProtocol.stop Stopping ProtocolHandler ["http-nio-8080"]
11-Dec-2025 17:45:41.992 INFO [Thread-1] org.apache.coyote.AbstractProtocol.destroy Destroying ProtocolHandler ["http-nio-8080"]
11-Dec-2025 17:45:42.739 INFO [main] org.apache.catalina.startup.VersionLoggerListener.log Server version name:   Apache Tomcat/11.0.13
11-Dec-2025 17:45:42.741 INFO [main] org.apache.catalina.startup.VersionLoggerListener.log Server built:          Oct 10 2025 13:57:31 UTC
11-Dec-2025 17:45:42.741 INFO [main] org.apache.catalina.startup.VersionLoggerListener.log Server version number: 11.0.13.0
11-Dec-2025 17:45:42.741 INFO [main] org.apache.catalina.startup.VersionLoggerListener.log OS Name:               Linux
11-Dec-2025 17:45:42.742 INFO [main] org.apache.catalina.startup.VersionLoggerListener.log OS Version:            6.1.0-40-amd64
11-Dec-2025 17:45:42.742 INFO [main] org.apache.catalina.startup.VersionLoggerListener.log Architecture:          amd64
11-Dec-2025 17:45:42.742 INFO [main] org.apache.catalina.startup.VersionLoggerListener.log Java Home:             /usr/lib/jvm/java-17-openjdk-amd64
11-Dec-2025 17:45:42.742 INFO [main] org.apache.catalina.startup.VersionLoggerListener.log JVM Version:           17.0.17+10-Debian-1deb12u1
11-Dec-2025 17:45:42.742 INFO [main] org.apache.catalina.startup.VersionLoggerListener.log JVM Vendor:            Debian
11-Dec-2025 17:45:42.742 INFO [main] org.apache.catalina.startup.VersionLoggerListener.log CATALINA_BASE:         /home/infoetu/baptiste.lavogiez.etu/ctp-web/tomcat
11-Dec-2025 17:45:42.742 INFO [main] org.apache.catalina.startup.VersionLoggerListener.log CATALINA_HOME:         /home/infoetu/baptiste.lavogiez.etu/ctp-web/tomcat
11-Dec-2025 17:45:42.745 INFO [main] org.apache.catalina.startup.VersionLoggerListener.log Command line argument: -Djava.util.logging.config.file=/home/infoetu/baptiste.lavogiez.etu/ctp-web/tomcat/conf/logging.properties
11-Dec-2025 17:45:42.745 INFO [main] org.apache.catalina.startup.VersionLoggerListener.log Command line argument: -Djava.util.logging.manager=org.apache.juli.ClassLoaderLogManager
11-Dec-2025 17:45:42.745 INFO [main] org.apache.catalina.startup.VersionLoggerListener.log Command line argument: -Djdk.tls.ephemeralDHKeySize=2048
11-Dec-2025 17:45:42.746 INFO [main] org.apache.catalina.startup.VersionLoggerListener.log Command line argument: -Dorg.apache.catalina.security.SecurityListener.UMASK=0027
11-Dec-2025 17:45:42.746 INFO [main] org.apache.catalina.startup.VersionLoggerListener.log Command line argument: --add-opens=java.base/java.lang=ALL-UNNAMED
11-Dec-2025 17:45:42.746 INFO [main] org.apache.catalina.startup.VersionLoggerListener.log Command line argument: --add-opens=java.base/java.lang.reflect=ALL-UNNAMED
11-Dec-2025 17:45:42.746 INFO [main] org.apache.catalina.startup.VersionLoggerListener.log Command line argument: --add-opens=java.base/java.io=ALL-UNNAMED
11-Dec-2025 17:45:42.746 INFO [main] org.apache.catalina.startup.VersionLoggerListener.log Command line argument: --add-opens=java.base/java.util=ALL-UNNAMED
11-Dec-2025 17:45:42.746 INFO [main] org.apache.catalina.startup.VersionLoggerListener.log Command line argument: --add-opens=java.base/java.util.concurrent=ALL-UNNAMED
11-Dec-2025 17:45:42.746 INFO [main] org.apache.catalina.startup.VersionLoggerListener.log Command line argument: --add-opens=java.rmi/sun.rmi.transport=ALL-UNNAMED
11-Dec-2025 17:45:42.746 INFO [main] org.apache.catalina.startup.VersionLoggerListener.log Command line argument: --enable-native-access=ALL-UNNAMED
11-Dec-2025 17:45:42.746 INFO [main] org.apache.catalina.startup.VersionLoggerListener.log Command line argument: -Dcatalina.base=/home/infoetu/baptiste.lavogiez.etu/ctp-web/tomcat
11-Dec-2025 17:45:42.746 INFO [main] org.apache.catalina.startup.VersionLoggerListener.log Command line argument: -Dcatalina.home=/home/infoetu/baptiste.lavogiez.etu/ctp-web/tomcat
11-Dec-2025 17:45:42.746 INFO [main] org.apache.catalina.startup.VersionLoggerListener.log Command line argument: -Djava.io.tmpdir=/home/infoetu/baptiste.lavogiez.etu/ctp-web/tomcat/temp
11-Dec-2025 17:45:42.747 INFO [main] org.apache.catalina.core.AprLifecycleListener.lifecycleEvent The Apache Tomcat Native library which allows using OpenSSL was not found on the java.library.path: [/usr/java/packages/lib:/usr/lib/x86_64-linux-gnu/jni:/lib/x86_64-linux-gnu:/usr/lib/x86_64-linux-gnu:/usr/lib/jni:/lib:/usr/lib]
11-Dec-2025 17:45:42.845 INFO [main] org.apache.coyote.AbstractProtocol.init Initializing ProtocolHandler ["http-nio-8080"]
11-Dec-2025 17:45:42.854 INFO [main] org.apache.catalina.startup.Catalina.load Server initialization in [182] milliseconds
11-Dec-2025 17:45:42.870 INFO [main] org.apache.catalina.core.StandardService.startInternal Starting service [Catalina]
11-Dec-2025 17:45:42.870 INFO [main] org.apache.catalina.core.StandardEngine.startInternal Starting Servlet engine: [Apache Tomcat/11.0.13]
11-Dec-2025 17:45:42.875 INFO [main] org.apache.catalina.startup.HostConfig.deployDirectory Deploying web application directory [/home/infoetu/baptiste.lavogiez.etu/ctp-web/tomcat/webapps/ROOT]
11-Dec-2025 17:45:43.033 INFO [main] org.apache.jasper.servlet.TldScanner.scanJars At least one JAR was scanned for TLDs yet contained no TLDs. Enable debug logging for this logger for a complete list of JARs that were scanned but no TLDs were found in them. Skipping unneeded JARs during scanning can improve startup time and JSP compilation time.
11-Dec-2025 17:45:43.050 INFO [main] org.apache.catalina.startup.HostConfig.deployDirectory Deployment of web application directory [/home/infoetu/baptiste.lavogiez.etu/ctp-web/tomcat/webapps/ROOT] has finished in [174] ms
11-Dec-2025 17:45:43.050 INFO [main] org.apache.catalina.startup.HostConfig.deployDirectory Deploying web application directory [/home/infoetu/baptiste.lavogiez.etu/ctp-web/tomcat/webapps/docs]
11-Dec-2025 17:45:43.099 INFO [main] org.apache.jasper.servlet.TldScanner.scanJars At least one JAR was scanned for TLDs yet contained no TLDs. Enable debug logging for this logger for a complete list of JARs that were scanned but no TLDs were found in them. Skipping unneeded JARs during scanning can improve startup time and JSP compilation time.
11-Dec-2025 17:45:43.100 INFO [main] org.apache.catalina.startup.HostConfig.deployDirectory Deployment of web application directory [/home/infoetu/baptiste.lavogiez.etu/ctp-web/tomcat/webapps/docs] has finished in [50] ms
11-Dec-2025 17:45:43.100 INFO [main] org.apache.catalina.startup.HostConfig.deployDirectory Deploying web application directory [/home/infoetu/baptiste.lavogiez.etu/ctp-web/tomcat/webapps/manager]
11-Dec-2025 17:45:43.149 INFO [main] org.apache.jasper.servlet.TldScanner.scanJars At least one JAR was scanned for TLDs yet contained no TLDs. Enable debug logging for this logger for a complete list of JARs that were scanned but no TLDs were found in them. Skipping unneeded JARs during scanning can improve startup time and JSP compilation time.
11-Dec-2025 17:45:43.152 INFO [main] org.apache.catalina.startup.HostConfig.deployDirectory Deployment of web application directory [/home/infoetu/baptiste.lavogiez.etu/ctp-web/tomcat/webapps/manager] has finished in [52] ms
11-Dec-2025 17:45:43.152 INFO [main] org.apache.catalina.startup.HostConfig.deployDirectory Deploying web application directory [/home/infoetu/baptiste.lavogiez.etu/ctp-web/tomcat/webapps/host-manager]
11-Dec-2025 17:45:43.199 INFO [main] org.apache.jasper.servlet.TldScanner.scanJars At least one JAR was scanned for TLDs yet contained no TLDs. Enable debug logging for this logger for a complete list of JARs that were scanned but no TLDs were found in them. Skipping unneeded JARs during scanning can improve startup time and JSP compilation time.
11-Dec-2025 17:45:43.200 INFO [main] org.apache.catalina.startup.HostConfig.deployDirectory Deployment of web application directory [/home/infoetu/baptiste.lavogiez.etu/ctp-web/tomcat/webapps/host-manager] has finished in [48] ms
11-Dec-2025 17:45:43.201 INFO [main] org.apache.catalina.startup.HostConfig.deployDirectory Deploying web application directory [/home/infoetu/baptiste.lavogiez.etu/ctp-web/tomcat/webapps/vide]
11-Dec-2025 17:45:43.258 INFO [main] org.apache.jasper.servlet.TldScanner.scanJars At least one JAR was scanned for TLDs yet contained no TLDs. Enable debug logging for this logger for a complete list of JARs that were scanned but no TLDs were found in them. Skipping unneeded JARs during scanning can improve startup time and JSP compilation time.
11-Dec-2025 17:45:43.261 INFO [main] org.apache.catalina.startup.HostConfig.deployDirectory Deployment of web application directory [/home/infoetu/baptiste.lavogiez.etu/ctp-web/tomcat/webapps/vide] has finished in [61] ms
11-Dec-2025 17:45:43.261 INFO [main] org.apache.catalina.startup.HostConfig.deployDirectory Deploying web application directory [/home/infoetu/baptiste.lavogiez.etu/ctp-web/tomcat/webapps/examples]
11-Dec-2025 17:45:43.422 INFO [main] org.apache.jasper.servlet.TldScanner.scanJars At least one JAR was scanned for TLDs yet contained no TLDs. Enable debug logging for this logger for a complete list of JARs that were scanned but no TLDs were found in them. Skipping unneeded JARs during scanning can improve startup time and JSP compilation time.
11-Dec-2025 17:45:43.436 INFO [main] org.apache.catalina.startup.HostConfig.deployDirectory Deployment of web application directory [/home/infoetu/baptiste.lavogiez.etu/ctp-web/tomcat/webapps/examples] has finished in [174] ms
11-Dec-2025 17:45:43.436 INFO [main] org.apache.catalina.startup.HostConfig.deployDirectory Deploying web application directory [/home/infoetu/baptiste.lavogiez.etu/ctp-web/tomcat/webapps/ctp]
11-Dec-2025 17:45:43.499 INFO [main] org.apache.jasper.servlet.TldScanner.scanJars At least one JAR was scanned for TLDs yet contained no TLDs. Enable debug logging for this logger for a complete list of JARs that were scanned but no TLDs were found in them. Skipping unneeded JARs during scanning can improve startup time and JSP compilation time.
11-Dec-2025 17:45:43.500 INFO [main] org.apache.catalina.startup.HostConfig.deployDirectory Deployment of web application directory [/home/infoetu/baptiste.lavogiez.etu/ctp-web/tomcat/webapps/ctp] has finished in [64] ms
11-Dec-2025 17:45:43.502 INFO [main] org.apache.coyote.AbstractProtocol.start Starting ProtocolHandler ["http-nio-8080"]
11-Dec-2025 17:45:43.508 INFO [main] org.apache.catalina.startup.Catalina.start Server startup in [653] milliseconds
11-Dec-2025 17:52:13.778 INFO [Catalina-utility-2] org.apache.catalina.core.StandardContext.reload Reloading Context with name [/ctp] has started
11-Dec-2025 17:52:13.868 INFO [Catalina-utility-2] org.apache.jasper.servlet.TldScanner.scanJars At least one JAR was scanned for TLDs yet contained no TLDs. Enable debug logging for this logger for a complete list of JARs that were scanned but no TLDs were found in them. Skipping unneeded JARs during scanning can improve startup time and JSP compilation time.
11-Dec-2025 17:52:13.868 INFO [Catalina-utility-2] org.apache.catalina.core.StandardContext.reload Reloading Context with name [/ctp] is completed
11-Dec-2025 17:52:33.876 INFO [Catalina-utility-2] org.apache.catalina.core.StandardContext.reload Reloading Context with name [/ctp] has started
11-Dec-2025 17:52:33.949 INFO [Catalina-utility-2] org.apache.jasper.servlet.TldScanner.scanJars At least one JAR was scanned for TLDs yet contained no TLDs. Enable debug logging for this logger for a complete list of JARs that were scanned but no TLDs were found in them. Skipping unneeded JARs during scanning can improve startup time and JSP compilation time.
11-Dec-2025 17:52:33.950 INFO [Catalina-utility-2] org.apache.catalina.core.StandardContext.reload Reloading Context with name [/ctp] is completed
11-Dec-2025 17:52:42.645 INFO [Thread-1] org.apache.coyote.AbstractProtocol.pause Pausing ProtocolHandler ["http-nio-8080"]
11-Dec-2025 17:52:42.647 INFO [Thread-1] org.apache.catalina.core.StandardService.stopInternal Stopping service [Catalina]
11-Dec-2025 17:52:42.663 INFO [Thread-1] org.apache.coyote.AbstractProtocol.stop Stopping ProtocolHandler ["http-nio-8080"]
11-Dec-2025 17:52:42.670 INFO [Thread-1] org.apache.coyote.AbstractProtocol.destroy Destroying ProtocolHandler ["http-nio-8080"]
11-Dec-2025 17:52:43.419 INFO [main] org.apache.catalina.startup.VersionLoggerListener.log Server version name:   Apache Tomcat/11.0.13
11-Dec-2025 17:52:43.421 INFO [main] org.apache.catalina.startup.VersionLoggerListener.log Server built:          Oct 10 2025 13:57:31 UTC
11-Dec-2025 17:52:43.421 INFO [main] org.apache.catalina.startup.VersionLoggerListener.log Server version number: 11.0.13.0
11-Dec-2025 17:52:43.421 INFO [main] org.apache.catalina.startup.VersionLoggerListener.log OS Name:               Linux
11-Dec-2025 17:52:43.421 INFO [main] org.apache.catalina.startup.VersionLoggerListener.log OS Version:            6.1.0-40-amd64
11-Dec-2025 17:52:43.421 INFO [main] org.apache.catalina.startup.VersionLoggerListener.log Architecture:          amd64
11-Dec-2025 17:52:43.421 INFO [main] org.apache.catalina.startup.VersionLoggerListener.log Java Home:             /usr/lib/jvm/java-17-openjdk-amd64
11-Dec-2025 17:52:43.421 INFO [main] org.apache.catalina.startup.VersionLoggerListener.log JVM Version:           17.0.17+10-Debian-1deb12u1
11-Dec-2025 17:52:43.421 INFO [main] org.apache.catalina.startup.VersionLoggerListener.log JVM Vendor:            Debian
11-Dec-2025 17:52:43.421 INFO [main] org.apache.catalina.startup.VersionLoggerListener.log CATALINA_BASE:         /home/infoetu/baptiste.lavogiez.etu/ctp-web/tomcat
11-Dec-2025 17:52:43.421 INFO [main] org.apache.catalina.startup.VersionLoggerListener.log CATALINA_HOME:         /home/infoetu/baptiste.lavogiez.etu/ctp-web/tomcat
11-Dec-2025 17:52:43.425 INFO [main] org.apache.catalina.startup.VersionLoggerListener.log Command line argument: -Djava.util.logging.config.file=/home/infoetu/baptiste.lavogiez.etu/ctp-web/tomcat/conf/logging.properties
11-Dec-2025 17:52:43.425 INFO [main] org.apache.catalina.startup.VersionLoggerListener.log Command line argument: -Djava.util.logging.manager=org.apache.juli.ClassLoaderLogManager
11-Dec-2025 17:52:43.425 INFO [main] org.apache.catalina.startup.VersionLoggerListener.log Command line argument: -Djdk.tls.ephemeralDHKeySize=2048
11-Dec-2025 17:52:43.426 INFO [main] org.apache.catalina.startup.VersionLoggerListener.log Command line argument: -Dorg.apache.catalina.security.SecurityListener.UMASK=0027
11-Dec-2025 17:52:43.426 INFO [main] org.apache.catalina.startup.VersionLoggerListener.log Command line argument: --add-opens=java.base/java.lang=ALL-UNNAMED
11-Dec-2025 17:52:43.426 INFO [main] org.apache.catalina.startup.VersionLoggerListener.log Command line argument: --add-opens=java.base/java.lang.reflect=ALL-UNNAMED
11-Dec-2025 17:52:43.426 INFO [main] org.apache.catalina.startup.VersionLoggerListener.log Command line argument: --add-opens=java.base/java.io=ALL-UNNAMED
11-Dec-2025 17:52:43.426 INFO [main] org.apache.catalina.startup.VersionLoggerListener.log Command line argument: --add-opens=java.base/java.util=ALL-UNNAMED
11-Dec-2025 17:52:43.426 INFO [main] org.apache.catalina.startup.VersionLoggerListener.log Command line argument: --add-opens=java.base/java.util.concurrent=ALL-UNNAMED
11-Dec-2025 17:52:43.426 INFO [main] org.apache.catalina.startup.VersionLoggerListener.log Command line argument: --add-opens=java.rmi/sun.rmi.transport=ALL-UNNAMED
11-Dec-2025 17:52:43.426 INFO [main] org.apache.catalina.startup.VersionLoggerListener.log Command line argument: --enable-native-access=ALL-UNNAMED
11-Dec-2025 17:52:43.426 INFO [main] org.apache.catalina.startup.VersionLoggerListener.log Command line argument: -Dcatalina.base=/home/infoetu/baptiste.lavogiez.etu/ctp-web/tomcat
11-Dec-2025 17:52:43.426 INFO [main] org.apache.catalina.startup.VersionLoggerListener.log Command line argument: -Dcatalina.home=/home/infoetu/baptiste.lavogiez.etu/ctp-web/tomcat
11-Dec-2025 17:52:43.426 INFO [main] org.apache.catalina.startup.VersionLoggerListener.log Command line argument: -Djava.io.tmpdir=/home/infoetu/baptiste.lavogiez.etu/ctp-web/tomcat/temp
11-Dec-2025 17:52:43.427 INFO [main] org.apache.catalina.core.AprLifecycleListener.lifecycleEvent The Apache Tomcat Native library which allows using OpenSSL was not found on the java.library.path: [/usr/java/packages/lib:/usr/lib/x86_64-linux-gnu/jni:/lib/x86_64-linux-gnu:/usr/lib/x86_64-linux-gnu:/usr/lib/jni:/lib:/usr/lib]
11-Dec-2025 17:52:43.519 INFO [main] org.apache.coyote.AbstractProtocol.init Initializing ProtocolHandler ["http-nio-8080"]
11-Dec-2025 17:52:43.532 INFO [main] org.apache.catalina.startup.Catalina.load Server initialization in [183] milliseconds
11-Dec-2025 17:52:43.549 INFO [main] org.apache.catalina.core.StandardService.startInternal Starting service [Catalina]
11-Dec-2025 17:52:43.549 INFO [main] org.apache.catalina.core.StandardEngine.startInternal Starting Servlet engine: [Apache Tomcat/11.0.13]
11-Dec-2025 17:52:43.553 INFO [main] org.apache.catalina.startup.HostConfig.deployDirectory Deploying web application directory [/home/infoetu/baptiste.lavogiez.etu/ctp-web/tomcat/webapps/ROOT]
11-Dec-2025 17:52:43.710 INFO [main] org.apache.jasper.servlet.TldScanner.scanJars At least one JAR was scanned for TLDs yet contained no TLDs. Enable debug logging for this logger for a complete list of JARs that were scanned but no TLDs were found in them. Skipping unneeded JARs during scanning can improve startup time and JSP compilation time.
11-Dec-2025 17:52:43.726 INFO [main] org.apache.catalina.startup.HostConfig.deployDirectory Deployment of web application directory [/home/infoetu/baptiste.lavogiez.etu/ctp-web/tomcat/webapps/ROOT] has finished in [172] ms
11-Dec-2025 17:52:43.726 INFO [main] org.apache.catalina.startup.HostConfig.deployDirectory Deploying web application directory [/home/infoetu/baptiste.lavogiez.etu/ctp-web/tomcat/webapps/docs]
11-Dec-2025 17:52:43.774 INFO [main] org.apache.jasper.servlet.TldScanner.scanJars At least one JAR was scanned for TLDs yet contained no TLDs. Enable debug logging for this logger for a complete list of JARs that were scanned but no TLDs were found in them. Skipping unneeded JARs during scanning can improve startup time and JSP compilation time.
11-Dec-2025 17:52:43.775 INFO [main] org.apache.catalina.startup.HostConfig.deployDirectory Deployment of web application directory [/home/infoetu/baptiste.lavogiez.etu/ctp-web/tomcat/webapps/docs] has finished in [49] ms
11-Dec-2025 17:52:43.775 INFO [main] org.apache.catalina.startup.HostConfig.deployDirectory Deploying web application directory [/home/infoetu/baptiste.lavogiez.etu/ctp-web/tomcat/webapps/manager]
11-Dec-2025 17:52:43.826 INFO [main] org.apache.jasper.servlet.TldScanner.scanJars At least one JAR was scanned for TLDs yet contained no TLDs. Enable debug logging for this logger for a complete list of JARs that were scanned but no TLDs were found in them. Skipping unneeded JARs during scanning can improve startup time and JSP compilation time.
11-Dec-2025 17:52:43.828 INFO [main] org.apache.catalina.startup.HostConfig.deployDirectory Deployment of web application directory [/home/infoetu/baptiste.lavogiez.etu/ctp-web/tomcat/webapps/manager] has finished in [53] ms
11-Dec-2025 17:52:43.828 INFO [main] org.apache.catalina.startup.HostConfig.deployDirectory Deploying web application directory [/home/infoetu/baptiste.lavogiez.etu/ctp-web/tomcat/webapps/host-manager]
11-Dec-2025 17:52:43.876 INFO [main] org.apache.jasper.servlet.TldScanner.scanJars At least one JAR was scanned for TLDs yet contained no TLDs. Enable debug logging for this logger for a complete list of JARs that were scanned but no TLDs were found in them. Skipping unneeded JARs during scanning can improve startup time and JSP compilation time.
11-Dec-2025 17:52:43.877 INFO [main] org.apache.catalina.startup.HostConfig.deployDirectory Deployment of web application directory [/home/infoetu/baptiste.lavogiez.etu/ctp-web/tomcat/webapps/host-manager] has finished in [49] ms
11-Dec-2025 17:52:43.877 INFO [main] org.apache.catalina.startup.HostConfig.deployDirectory Deploying web application directory [/home/infoetu/baptiste.lavogiez.etu/ctp-web/tomcat/webapps/vide]
11-Dec-2025 17:52:43.934 INFO [main] org.apache.jasper.servlet.TldScanner.scanJars At least one JAR was scanned for TLDs yet contained no TLDs. Enable debug logging for this logger for a complete list of JARs that were scanned but no TLDs were found in them. Skipping unneeded JARs during scanning can improve startup time and JSP compilation time.
11-Dec-2025 17:52:43.936 INFO [main] org.apache.catalina.startup.HostConfig.deployDirectory Deployment of web application directory [/home/infoetu/baptiste.lavogiez.etu/ctp-web/tomcat/webapps/vide] has finished in [59] ms
11-Dec-2025 17:52:43.936 INFO [main] org.apache.catalina.startup.HostConfig.deployDirectory Deploying web application directory [/home/infoetu/baptiste.lavogiez.etu/ctp-web/tomcat/webapps/examples]
11-Dec-2025 17:52:44.137 INFO [main] org.apache.jasper.servlet.TldScanner.scanJars At least one JAR was scanned for TLDs yet contained no TLDs. Enable debug logging for this logger for a complete list of JARs that were scanned but no TLDs were found in them. Skipping unneeded JARs during scanning can improve startup time and JSP compilation time.
11-Dec-2025 17:52:44.150 INFO [main] org.apache.catalina.startup.HostConfig.deployDirectory Deployment of web application directory [/home/infoetu/baptiste.lavogiez.etu/ctp-web/tomcat/webapps/examples] has finished in [214] ms
11-Dec-2025 17:52:44.150 INFO [main] org.apache.catalina.startup.HostConfig.deployDirectory Deploying web application directory [/home/infoetu/baptiste.lavogiez.etu/ctp-web/tomcat/webapps/ctp]
11-Dec-2025 17:52:44.211 INFO [main] org.apache.jasper.servlet.TldScanner.scanJars At least one JAR was scanned for TLDs yet contained no TLDs. Enable debug logging for this logger for a complete list of JARs that were scanned but no TLDs were found in them. Skipping unneeded JARs during scanning can improve startup time and JSP compilation time.
11-Dec-2025 17:52:44.212 INFO [main] org.apache.catalina.startup.HostConfig.deployDirectory Deployment of web application directory [/home/infoetu/baptiste.lavogiez.etu/ctp-web/tomcat/webapps/ctp] has finished in [62] ms
11-Dec-2025 17:52:44.215 INFO [main] org.apache.coyote.AbstractProtocol.start Starting ProtocolHandler ["http-nio-8080"]
11-Dec-2025 17:52:44.221 INFO [main] org.apache.catalina.startup.Catalina.start Server startup in [689] milliseconds
11-Dec-2025 17:53:14.234 INFO [Catalina-utility-1] org.apache.catalina.core.StandardContext.reload Reloading Context with name [/ctp] has started
11-Dec-2025 17:53:14.301 INFO [Catalina-utility-1] org.apache.jasper.servlet.TldScanner.scanJars At least one JAR was scanned for TLDs yet contained no TLDs. Enable debug logging for this logger for a complete list of JARs that were scanned but no TLDs were found in them. Skipping unneeded JARs during scanning can improve startup time and JSP compilation time.
11-Dec-2025 17:53:14.302 INFO [Catalina-utility-1] org.apache.catalina.core.StandardContext.reload Reloading Context with name [/ctp] is completed
11-Dec-2025 17:53:19.941 INFO [Thread-1] org.apache.coyote.AbstractProtocol.pause Pausing ProtocolHandler ["http-nio-8080"]
11-Dec-2025 17:53:19.943 INFO [Thread-1] org.apache.catalina.core.StandardService.stopInternal Stopping service [Catalina]
11-Dec-2025 17:53:19.957 INFO [Thread-1] org.apache.coyote.AbstractProtocol.stop Stopping ProtocolHandler ["http-nio-8080"]
11-Dec-2025 17:53:19.967 INFO [Thread-1] org.apache.coyote.AbstractProtocol.destroy Destroying ProtocolHandler ["http-nio-8080"]
11-Dec-2025 17:53:20.768 INFO [main] org.apache.catalina.startup.VersionLoggerListener.log Server version name:   Apache Tomcat/11.0.13
11-Dec-2025 17:53:20.770 INFO [main] org.apache.catalina.startup.VersionLoggerListener.log Server built:          Oct 10 2025 13:57:31 UTC
11-Dec-2025 17:53:20.770 INFO [main] org.apache.catalina.startup.VersionLoggerListener.log Server version number: 11.0.13.0
11-Dec-2025 17:53:20.770 INFO [main] org.apache.catalina.startup.VersionLoggerListener.log OS Name:               Linux
11-Dec-2025 17:53:20.770 INFO [main] org.apache.catalina.startup.VersionLoggerListener.log OS Version:            6.1.0-40-amd64
11-Dec-2025 17:53:20.770 INFO [main] org.apache.catalina.startup.VersionLoggerListener.log Architecture:          amd64
11-Dec-2025 17:53:20.770 INFO [main] org.apache.catalina.startup.VersionLoggerListener.log Java Home:             /usr/lib/jvm/java-17-openjdk-amd64
11-Dec-2025 17:53:20.770 INFO [main] org.apache.catalina.startup.VersionLoggerListener.log JVM Version:           17.0.17+10-Debian-1deb12u1
11-Dec-2025 17:53:20.771 INFO [main] org.apache.catalina.startup.VersionLoggerListener.log JVM Vendor:            Debian
11-Dec-2025 17:53:20.771 INFO [main] org.apache.catalina.startup.VersionLoggerListener.log CATALINA_BASE:         /home/infoetu/baptiste.lavogiez.etu/ctp-web/tomcat
11-Dec-2025 17:53:20.771 INFO [main] org.apache.catalina.startup.VersionLoggerListener.log CATALINA_HOME:         /home/infoetu/baptiste.lavogiez.etu/ctp-web/tomcat
11-Dec-2025 17:53:20.774 INFO [main] org.apache.catalina.startup.VersionLoggerListener.log Command line argument: -Djava.util.logging.config.file=/home/infoetu/baptiste.lavogiez.etu/ctp-web/tomcat/conf/logging.properties
11-Dec-2025 17:53:20.774 INFO [main] org.apache.catalina.startup.VersionLoggerListener.log Command line argument: -Djava.util.logging.manager=org.apache.juli.ClassLoaderLogManager
11-Dec-2025 17:53:20.774 INFO [main] org.apache.catalina.startup.VersionLoggerListener.log Command line argument: -Djdk.tls.ephemeralDHKeySize=2048
11-Dec-2025 17:53:20.774 INFO [main] org.apache.catalina.startup.VersionLoggerListener.log Command line argument: -Dorg.apache.catalina.security.SecurityListener.UMASK=0027
11-Dec-2025 17:53:20.774 INFO [main] org.apache.catalina.startup.VersionLoggerListener.log Command line argument: --add-opens=java.base/java.lang=ALL-UNNAMED
11-Dec-2025 17:53:20.774 INFO [main] org.apache.catalina.startup.VersionLoggerListener.log Command line argument: --add-opens=java.base/java.lang.reflect=ALL-UNNAMED
11-Dec-2025 17:53:20.774 INFO [main] org.apache.catalina.startup.VersionLoggerListener.log Command line argument: --add-opens=java.base/java.io=ALL-UNNAMED
11-Dec-2025 17:53:20.774 INFO [main] org.apache.catalina.startup.VersionLoggerListener.log Command line argument: --add-opens=java.base/java.util=ALL-UNNAMED
11-Dec-2025 17:53:20.774 INFO [main] org.apache.catalina.startup.VersionLoggerListener.log Command line argument: --add-opens=java.base/java.util.concurrent=ALL-UNNAMED
11-Dec-2025 17:53:20.775 INFO [main] org.apache.catalina.startup.VersionLoggerListener.log Command line argument: --add-opens=java.rmi/sun.rmi.transport=ALL-UNNAMED
11-Dec-2025 17:53:20.775 INFO [main] org.apache.catalina.startup.VersionLoggerListener.log Command line argument: --enable-native-access=ALL-UNNAMED
11-Dec-2025 17:53:20.775 INFO [main] org.apache.catalina.startup.VersionLoggerListener.log Command line argument: -Dcatalina.base=/home/infoetu/baptiste.lavogiez.etu/ctp-web/tomcat
11-Dec-2025 17:53:20.775 INFO [main] org.apache.catalina.startup.VersionLoggerListener.log Command line argument: -Dcatalina.home=/home/infoetu/baptiste.lavogiez.etu/ctp-web/tomcat
11-Dec-2025 17:53:20.775 INFO [main] org.apache.catalina.startup.VersionLoggerListener.log Command line argument: -Djava.io.tmpdir=/home/infoetu/baptiste.lavogiez.etu/ctp-web/tomcat/temp
11-Dec-2025 17:53:20.776 INFO [main] org.apache.catalina.core.AprLifecycleListener.lifecycleEvent The Apache Tomcat Native library which allows using OpenSSL was not found on the java.library.path: [/usr/java/packages/lib:/usr/lib/x86_64-linux-gnu/jni:/lib/x86_64-linux-gnu:/usr/lib/x86_64-linux-gnu:/usr/lib/jni:/lib:/usr/lib]
11-Dec-2025 17:53:20.873 INFO [main] org.apache.coyote.AbstractProtocol.init Initializing ProtocolHandler ["http-nio-8080"]
11-Dec-2025 17:53:20.882 INFO [main] org.apache.catalina.startup.Catalina.load Server initialization in [182] milliseconds
11-Dec-2025 17:53:20.901 INFO [main] org.apache.catalina.core.StandardService.startInternal Starting service [Catalina]
11-Dec-2025 17:53:20.901 INFO [main] org.apache.catalina.core.StandardEngine.startInternal Starting Servlet engine: [Apache Tomcat/11.0.13]
11-Dec-2025 17:53:20.906 INFO [main] org.apache.catalina.startup.HostConfig.deployDirectory Deploying web application directory [/home/infoetu/baptiste.lavogiez.etu/ctp-web/tomcat/webapps/ROOT]
11-Dec-2025 17:53:21.057 INFO [main] org.apache.jasper.servlet.TldScanner.scanJars At least one JAR was scanned for TLDs yet contained no TLDs. Enable debug logging for this logger for a complete list of JARs that were scanned but no TLDs were found in them. Skipping unneeded JARs during scanning can improve startup time and JSP compilation time.
11-Dec-2025 17:53:21.073 INFO [main] org.apache.catalina.startup.HostConfig.deployDirectory Deployment of web application directory [/home/infoetu/baptiste.lavogiez.etu/ctp-web/tomcat/webapps/ROOT] has finished in [166] ms
11-Dec-2025 17:53:21.073 INFO [main] org.apache.catalina.startup.HostConfig.deployDirectory Deploying web application directory [/home/infoetu/baptiste.lavogiez.etu/ctp-web/tomcat/webapps/docs]
11-Dec-2025 17:53:21.127 INFO [main] org.apache.jasper.servlet.TldScanner.scanJars At least one JAR was scanned for TLDs yet contained no TLDs. Enable debug logging for this logger for a complete list of JARs that were scanned but no TLDs were found in them. Skipping unneeded JARs during scanning can improve startup time and JSP compilation time.
11-Dec-2025 17:53:21.128 INFO [main] org.apache.catalina.startup.HostConfig.deployDirectory Deployment of web application directory [/home/infoetu/baptiste.lavogiez.etu/ctp-web/tomcat/webapps/docs] has finished in [55] ms
11-Dec-2025 17:53:21.128 INFO [main] org.apache.catalina.startup.HostConfig.deployDirectory Deploying web application directory [/home/infoetu/baptiste.lavogiez.etu/ctp-web/tomcat/webapps/manager]
11-Dec-2025 17:53:21.175 INFO [main] org.apache.jasper.servlet.TldScanner.scanJars At least one JAR was scanned for TLDs yet contained no TLDs. Enable debug logging for this logger for a complete list of JARs that were scanned but no TLDs were found in them. Skipping unneeded JARs during scanning can improve startup time and JSP compilation time.
11-Dec-2025 17:53:21.178 INFO [main] org.apache.catalina.startup.HostConfig.deployDirectory Deployment of web application directory [/home/infoetu/baptiste.lavogiez.etu/ctp-web/tomcat/webapps/manager] has finished in [50] ms
11-Dec-2025 17:53:21.178 INFO [main] org.apache.catalina.startup.HostConfig.deployDirectory Deploying web application directory [/home/infoetu/baptiste.lavogiez.etu/ctp-web/tomcat/webapps/host-manager]
11-Dec-2025 17:53:21.222 INFO [main] org.apache.jasper.servlet.TldScanner.scanJars At least one JAR was scanned for TLDs yet contained no TLDs. Enable debug logging for this logger for a complete list of JARs that were scanned but no TLDs were found in them. Skipping unneeded JARs during scanning can improve startup time and JSP compilation time.
11-Dec-2025 17:53:21.223 INFO [main] org.apache.catalina.startup.HostConfig.deployDirectory Deployment of web application directory [/home/infoetu/baptiste.lavogiez.etu/ctp-web/tomcat/webapps/host-manager] has finished in [45] ms
11-Dec-2025 17:53:21.223 INFO [main] org.apache.catalina.startup.HostConfig.deployDirectory Deploying web application directory [/home/infoetu/baptiste.lavogiez.etu/ctp-web/tomcat/webapps/vide]
11-Dec-2025 17:53:21.273 INFO [main] org.apache.jasper.servlet.TldScanner.scanJars At least one JAR was scanned for TLDs yet contained no TLDs. Enable debug logging for this logger for a complete list of JARs that were scanned but no TLDs were found in them. Skipping unneeded JARs during scanning can improve startup time and JSP compilation time.
11-Dec-2025 17:53:21.274 INFO [main] org.apache.catalina.startup.HostConfig.deployDirectory Deployment of web application directory [/home/infoetu/baptiste.lavogiez.etu/ctp-web/tomcat/webapps/vide] has finished in [51] ms
11-Dec-2025 17:53:21.274 INFO [main] org.apache.catalina.startup.HostConfig.deployDirectory Deploying web application directory [/home/infoetu/baptiste.lavogiez.etu/ctp-web/tomcat/webapps/examples]
11-Dec-2025 17:53:21.406 INFO [main] org.apache.jasper.servlet.TldScanner.scanJars At least one JAR was scanned for TLDs yet contained no TLDs. Enable debug logging for this logger for a complete list of JARs that were scanned but no TLDs were found in them. Skipping unneeded JARs during scanning can improve startup time and JSP compilation time.
11-Dec-2025 17:53:21.419 INFO [main] org.apache.catalina.startup.HostConfig.deployDirectory Deployment of web application directory [/home/infoetu/baptiste.lavogiez.etu/ctp-web/tomcat/webapps/examples] has finished in [145] ms
11-Dec-2025 17:53:21.419 INFO [main] org.apache.catalina.startup.HostConfig.deployDirectory Deploying web application directory [/home/infoetu/baptiste.lavogiez.etu/ctp-web/tomcat/webapps/ctp]
11-Dec-2025 17:53:21.480 INFO [main] org.apache.jasper.servlet.TldScanner.scanJars At least one JAR was scanned for TLDs yet contained no TLDs. Enable debug logging for this logger for a complete list of JARs that were scanned but no TLDs were found in them. Skipping unneeded JARs during scanning can improve startup time and JSP compilation time.
11-Dec-2025 17:53:21.481 INFO [main] org.apache.catalina.startup.HostConfig.deployDirectory Deployment of web application directory [/home/infoetu/baptiste.lavogiez.etu/ctp-web/tomcat/webapps/ctp] has finished in [62] ms
11-Dec-2025 17:53:21.483 INFO [main] org.apache.coyote.AbstractProtocol.start Starting ProtocolHandler ["http-nio-8080"]
11-Dec-2025 17:53:21.489 INFO [main] org.apache.catalina.startup.Catalina.start Server startup in [607] milliseconds
11-Dec-2025 17:54:05.989 INFO [Thread-1] org.apache.coyote.AbstractProtocol.pause Pausing ProtocolHandler ["http-nio-8080"]
11-Dec-2025 17:54:05.991 INFO [Thread-1] org.apache.catalina.core.StandardService.stopInternal Stopping service [Catalina]
11-Dec-2025 17:54:06.007 INFO [Thread-1] org.apache.coyote.AbstractProtocol.stop Stopping ProtocolHandler ["http-nio-8080"]
11-Dec-2025 17:54:06.014 INFO [Thread-1] org.apache.coyote.AbstractProtocol.destroy Destroying ProtocolHandler ["http-nio-8080"]
11-Dec-2025 17:54:07.167 INFO [main] org.apache.catalina.startup.VersionLoggerListener.log Server version name:   Apache Tomcat/11.0.13
11-Dec-2025 17:54:07.169 INFO [main] org.apache.catalina.startup.VersionLoggerListener.log Server built:          Oct 10 2025 13:57:31 UTC
11-Dec-2025 17:54:07.169 INFO [main] org.apache.catalina.startup.VersionLoggerListener.log Server version number: 11.0.13.0
11-Dec-2025 17:54:07.169 INFO [main] org.apache.catalina.startup.VersionLoggerListener.log OS Name:               Linux
11-Dec-2025 17:54:07.169 INFO [main] org.apache.catalina.startup.VersionLoggerListener.log OS Version:            6.1.0-40-amd64
11-Dec-2025 17:54:07.169 INFO [main] org.apache.catalina.startup.VersionLoggerListener.log Architecture:          amd64
11-Dec-2025 17:54:07.169 INFO [main] org.apache.catalina.startup.VersionLoggerListener.log Java Home:             /usr/lib/jvm/java-17-openjdk-amd64
11-Dec-2025 17:54:07.169 INFO [main] org.apache.catalina.startup.VersionLoggerListener.log JVM Version:           17.0.17+10-Debian-1deb12u1
11-Dec-2025 17:54:07.169 INFO [main] org.apache.catalina.startup.VersionLoggerListener.log JVM Vendor:            Debian
11-Dec-2025 17:54:07.169 INFO [main] org.apache.catalina.startup.VersionLoggerListener.log CATALINA_BASE:         /home/infoetu/baptiste.lavogiez.etu/ctp-web/tomcat
11-Dec-2025 17:54:07.170 INFO [main] org.apache.catalina.startup.VersionLoggerListener.log CATALINA_HOME:         /home/infoetu/baptiste.lavogiez.etu/ctp-web/tomcat
11-Dec-2025 17:54:07.173 INFO [main] org.apache.catalina.startup.VersionLoggerListener.log Command line argument: -Djava.util.logging.config.file=/home/infoetu/baptiste.lavogiez.etu/ctp-web/tomcat/conf/logging.properties
11-Dec-2025 17:54:07.173 INFO [main] org.apache.catalina.startup.VersionLoggerListener.log Command line argument: -Djava.util.logging.manager=org.apache.juli.ClassLoaderLogManager
11-Dec-2025 17:54:07.173 INFO [main] org.apache.catalina.startup.VersionLoggerListener.log Command line argument: -Djdk.tls.ephemeralDHKeySize=2048
11-Dec-2025 17:54:07.173 INFO [main] org.apache.catalina.startup.VersionLoggerListener.log Command line argument: -Dorg.apache.catalina.security.SecurityListener.UMASK=0027
11-Dec-2025 17:54:07.173 INFO [main] org.apache.catalina.startup.VersionLoggerListener.log Command line argument: --add-opens=java.base/java.lang=ALL-UNNAMED
11-Dec-2025 17:54:07.173 INFO [main] org.apache.catalina.startup.VersionLoggerListener.log Command line argument: --add-opens=java.base/java.lang.reflect=ALL-UNNAMED
11-Dec-2025 17:54:07.173 INFO [main] org.apache.catalina.startup.VersionLoggerListener.log Command line argument: --add-opens=java.base/java.io=ALL-UNNAMED
11-Dec-2025 17:54:07.173 INFO [main] org.apache.catalina.startup.VersionLoggerListener.log Command line argument: --add-opens=java.base/java.util=ALL-UNNAMED
11-Dec-2025 17:54:07.173 INFO [main] org.apache.catalina.startup.VersionLoggerListener.log Command line argument: --add-opens=java.base/java.util.concurrent=ALL-UNNAMED
11-Dec-2025 17:54:07.173 INFO [main] org.apache.catalina.startup.VersionLoggerListener.log Command line argument: --add-opens=java.rmi/sun.rmi.transport=ALL-UNNAMED
11-Dec-2025 17:54:07.174 INFO [main] org.apache.catalina.startup.VersionLoggerListener.log Command line argument: --enable-native-access=ALL-UNNAMED
11-Dec-2025 17:54:07.174 INFO [main] org.apache.catalina.startup.VersionLoggerListener.log Command line argument: -Dcatalina.base=/home/infoetu/baptiste.lavogiez.etu/ctp-web/tomcat
11-Dec-2025 17:54:07.174 INFO [main] org.apache.catalina.startup.VersionLoggerListener.log Command line argument: -Dcatalina.home=/home/infoetu/baptiste.lavogiez.etu/ctp-web/tomcat
11-Dec-2025 17:54:07.174 INFO [main] org.apache.catalina.startup.VersionLoggerListener.log Command line argument: -Djava.io.tmpdir=/home/infoetu/baptiste.lavogiez.etu/ctp-web/tomcat/temp
11-Dec-2025 17:54:07.174 INFO [main] org.apache.catalina.core.AprLifecycleListener.lifecycleEvent The Apache Tomcat Native library which allows using OpenSSL was not found on the java.library.path: [/usr/java/packages/lib:/usr/lib/x86_64-linux-gnu/jni:/lib/x86_64-linux-gnu:/usr/lib/x86_64-linux-gnu:/usr/lib/jni:/lib:/usr/lib]
11-Dec-2025 17:54:07.267 INFO [main] org.apache.coyote.AbstractProtocol.init Initializing ProtocolHandler ["http-nio-8080"]
11-Dec-2025 17:54:07.280 INFO [main] org.apache.catalina.startup.Catalina.load Server initialization in [181] milliseconds
11-Dec-2025 17:54:07.297 INFO [main] org.apache.catalina.core.StandardService.startInternal Starting service [Catalina]
11-Dec-2025 17:54:07.297 INFO [main] org.apache.catalina.core.StandardEngine.startInternal Starting Servlet engine: [Apache Tomcat/11.0.13]
11-Dec-2025 17:54:07.301 INFO [main] org.apache.catalina.startup.HostConfig.deployDirectory Deploying web application directory [/home/infoetu/baptiste.lavogiez.etu/ctp-web/tomcat/webapps/ROOT]
11-Dec-2025 17:54:07.452 INFO [main] org.apache.jasper.servlet.TldScanner.scanJars At least one JAR was scanned for TLDs yet contained no TLDs. Enable debug logging for this logger for a complete list of JARs that were scanned but no TLDs were found in them. Skipping unneeded JARs during scanning can improve startup time and JSP compilation time.
11-Dec-2025 17:54:07.467 INFO [main] org.apache.catalina.startup.HostConfig.deployDirectory Deployment of web application directory [/home/infoetu/baptiste.lavogiez.etu/ctp-web/tomcat/webapps/ROOT] has finished in [166] ms
11-Dec-2025 17:54:07.467 INFO [main] org.apache.catalina.startup.HostConfig.deployDirectory Deploying web application directory [/home/infoetu/baptiste.lavogiez.etu/ctp-web/tomcat/webapps/docs]
11-Dec-2025 17:54:07.516 INFO [main] org.apache.jasper.servlet.TldScanner.scanJars At least one JAR was scanned for TLDs yet contained no TLDs. Enable debug logging for this logger for a complete list of JARs that were scanned but no TLDs were found in them. Skipping unneeded JARs during scanning can improve startup time and JSP compilation time.
11-Dec-2025 17:54:07.517 INFO [main] org.apache.catalina.startup.HostConfig.deployDirectory Deployment of web application directory [/home/infoetu/baptiste.lavogiez.etu/ctp-web/tomcat/webapps/docs] has finished in [50] ms
11-Dec-2025 17:54:07.517 INFO [main] org.apache.catalina.startup.HostConfig.deployDirectory Deploying web application directory [/home/infoetu/baptiste.lavogiez.etu/ctp-web/tomcat/webapps/manager]
11-Dec-2025 17:54:07.568 INFO [main] org.apache.jasper.servlet.TldScanner.scanJars At least one JAR was scanned for TLDs yet contained no TLDs. Enable debug logging for this logger for a complete list of JARs that were scanned but no TLDs were found in them. Skipping unneeded JARs during scanning can improve startup time and JSP compilation time.
11-Dec-2025 17:54:07.570 INFO [main] org.apache.catalina.startup.HostConfig.deployDirectory Deployment of web application directory [/home/infoetu/baptiste.lavogiez.etu/ctp-web/tomcat/webapps/manager] has finished in [53] ms
11-Dec-2025 17:54:07.570 INFO [main] org.apache.catalina.startup.HostConfig.deployDirectory Deploying web application directory [/home/infoetu/baptiste.lavogiez.etu/ctp-web/tomcat/webapps/host-manager]
11-Dec-2025 17:54:07.617 INFO [main] org.apache.jasper.servlet.TldScanner.scanJars At least one JAR was scanned for TLDs yet contained no TLDs. Enable debug logging for this logger for a complete list of JARs that were scanned but no TLDs were found in them. Skipping unneeded JARs during scanning can improve startup time and JSP compilation time.
11-Dec-2025 17:54:07.618 INFO [main] org.apache.catalina.startup.HostConfig.deployDirectory Deployment of web application directory [/home/infoetu/baptiste.lavogiez.etu/ctp-web/tomcat/webapps/host-manager] has finished in [48] ms
11-Dec-2025 17:54:07.618 INFO [main] org.apache.catalina.startup.HostConfig.deployDirectory Deploying web application directory [/home/infoetu/baptiste.lavogiez.etu/ctp-web/tomcat/webapps/vide]
11-Dec-2025 17:54:07.672 INFO [main] org.apache.jasper.servlet.TldScanner.scanJars At least one JAR was scanned for TLDs yet contained no TLDs. Enable debug logging for this logger for a complete list of JARs that were scanned but no TLDs were found in them. Skipping unneeded JARs during scanning can improve startup time and JSP compilation time.
11-Dec-2025 17:54:07.673 INFO [main] org.apache.catalina.startup.HostConfig.deployDirectory Deployment of web application directory [/home/infoetu/baptiste.lavogiez.etu/ctp-web/tomcat/webapps/vide] has finished in [55] ms
11-Dec-2025 17:54:07.673 INFO [main] org.apache.catalina.startup.HostConfig.deployDirectory Deploying web application directory [/home/infoetu/baptiste.lavogiez.etu/ctp-web/tomcat/webapps/examples]
11-Dec-2025 17:54:07.835 INFO [main] org.apache.jasper.servlet.TldScanner.scanJars At least one JAR was scanned for TLDs yet contained no TLDs. Enable debug logging for this logger for a complete list of JARs that were scanned but no TLDs were found in them. Skipping unneeded JARs during scanning can improve startup time and JSP compilation time.
11-Dec-2025 17:54:07.848 INFO [main] org.apache.catalina.startup.HostConfig.deployDirectory Deployment of web application directory [/home/infoetu/baptiste.lavogiez.etu/ctp-web/tomcat/webapps/examples] has finished in [175] ms
11-Dec-2025 17:54:07.848 INFO [main] org.apache.catalina.startup.HostConfig.deployDirectory Deploying web application directory [/home/infoetu/baptiste.lavogiez.etu/ctp-web/tomcat/webapps/ctp]
11-Dec-2025 17:54:07.910 INFO [main] org.apache.jasper.servlet.TldScanner.scanJars At least one JAR was scanned for TLDs yet contained no TLDs. Enable debug logging for this logger for a complete list of JARs that were scanned but no TLDs were found in them. Skipping unneeded JARs during scanning can improve startup time and JSP compilation time.
11-Dec-2025 17:54:07.911 INFO [main] org.apache.catalina.startup.HostConfig.deployDirectory Deployment of web application directory [/home/infoetu/baptiste.lavogiez.etu/ctp-web/tomcat/webapps/ctp] has finished in [63] ms
11-Dec-2025 17:54:07.913 INFO [main] org.apache.coyote.AbstractProtocol.start Starting ProtocolHandler ["http-nio-8080"]
11-Dec-2025 17:54:07.919 INFO [main] org.apache.catalina.startup.Catalina.start Server startup in [638] milliseconds
11-Dec-2025 17:54:35.573 INFO [Thread-1] org.apache.coyote.AbstractProtocol.pause Pausing ProtocolHandler ["http-nio-8080"]
11-Dec-2025 17:54:35.575 INFO [Thread-1] org.apache.catalina.core.StandardService.stopInternal Stopping service [Catalina]
11-Dec-2025 17:54:35.594 INFO [Thread-1] org.apache.coyote.AbstractProtocol.stop Stopping ProtocolHandler ["http-nio-8080"]
11-Dec-2025 17:54:35.599 INFO [Thread-1] org.apache.coyote.AbstractProtocol.destroy Destroying ProtocolHandler ["http-nio-8080"]
11-Dec-2025 17:54:36.662 INFO [main] org.apache.catalina.startup.VersionLoggerListener.log Server version name:   Apache Tomcat/11.0.13
11-Dec-2025 17:54:36.664 INFO [main] org.apache.catalina.startup.VersionLoggerListener.log Server built:          Oct 10 2025 13:57:31 UTC
11-Dec-2025 17:54:36.664 INFO [main] org.apache.catalina.startup.VersionLoggerListener.log Server version number: 11.0.13.0
11-Dec-2025 17:54:36.664 INFO [main] org.apache.catalina.startup.VersionLoggerListener.log OS Name:               Linux
11-Dec-2025 17:54:36.664 INFO [main] org.apache.catalina.startup.VersionLoggerListener.log OS Version:            6.1.0-40-amd64
11-Dec-2025 17:54:36.664 INFO [main] org.apache.catalina.startup.VersionLoggerListener.log Architecture:          amd64
11-Dec-2025 17:54:36.664 INFO [main] org.apache.catalina.startup.VersionLoggerListener.log Java Home:             /usr/lib/jvm/java-17-openjdk-amd64
11-Dec-2025 17:54:36.664 INFO [main] org.apache.catalina.startup.VersionLoggerListener.log JVM Version:           17.0.17+10-Debian-1deb12u1
11-Dec-2025 17:54:36.664 INFO [main] org.apache.catalina.startup.VersionLoggerListener.log JVM Vendor:            Debian
11-Dec-2025 17:54:36.664 INFO [main] org.apache.catalina.startup.VersionLoggerListener.log CATALINA_BASE:         /home/infoetu/baptiste.lavogiez.etu/ctp-web/tomcat
11-Dec-2025 17:54:36.664 INFO [main] org.apache.catalina.startup.VersionLoggerListener.log CATALINA_HOME:         /home/infoetu/baptiste.lavogiez.etu/ctp-web/tomcat
11-Dec-2025 17:54:36.667 INFO [main] org.apache.catalina.startup.VersionLoggerListener.log Command line argument: -Djava.util.logging.config.file=/home/infoetu/baptiste.lavogiez.etu/ctp-web/tomcat/conf/logging.properties
11-Dec-2025 17:54:36.668 INFO [main] org.apache.catalina.startup.VersionLoggerListener.log Command line argument: -Djava.util.logging.manager=org.apache.juli.ClassLoaderLogManager
11-Dec-2025 17:54:36.668 INFO [main] org.apache.catalina.startup.VersionLoggerListener.log Command line argument: -Djdk.tls.ephemeralDHKeySize=2048
11-Dec-2025 17:54:36.668 INFO [main] org.apache.catalina.startup.VersionLoggerListener.log Command line argument: -Dorg.apache.catalina.security.SecurityListener.UMASK=0027
11-Dec-2025 17:54:36.668 INFO [main] org.apache.catalina.startup.VersionLoggerListener.log Command line argument: --add-opens=java.base/java.lang=ALL-UNNAMED
11-Dec-2025 17:54:36.668 INFO [main] org.apache.catalina.startup.VersionLoggerListener.log Command line argument: --add-opens=java.base/java.lang.reflect=ALL-UNNAMED
11-Dec-2025 17:54:36.668 INFO [main] org.apache.catalina.startup.VersionLoggerListener.log Command line argument: --add-opens=java.base/java.io=ALL-UNNAMED
11-Dec-2025 17:54:36.668 INFO [main] org.apache.catalina.startup.VersionLoggerListener.log Command line argument: --add-opens=java.base/java.util=ALL-UNNAMED
11-Dec-2025 17:54:36.668 INFO [main] org.apache.catalina.startup.VersionLoggerListener.log Command line argument: --add-opens=java.base/java.util.concurrent=ALL-UNNAMED
11-Dec-2025 17:54:36.668 INFO [main] org.apache.catalina.startup.VersionLoggerListener.log Command line argument: --add-opens=java.rmi/sun.rmi.transport=ALL-UNNAMED
11-Dec-2025 17:54:36.668 INFO [main] org.apache.catalina.startup.VersionLoggerListener.log Command line argument: --enable-native-access=ALL-UNNAMED
11-Dec-2025 17:54:36.668 INFO [main] org.apache.catalina.startup.VersionLoggerListener.log Command line argument: -Dcatalina.base=/home/infoetu/baptiste.lavogiez.etu/ctp-web/tomcat
11-Dec-2025 17:54:36.668 INFO [main] org.apache.catalina.startup.VersionLoggerListener.log Command line argument: -Dcatalina.home=/home/infoetu/baptiste.lavogiez.etu/ctp-web/tomcat
11-Dec-2025 17:54:36.668 INFO [main] org.apache.catalina.startup.VersionLoggerListener.log Command line argument: -Djava.io.tmpdir=/home/infoetu/baptiste.lavogiez.etu/ctp-web/tomcat/temp
11-Dec-2025 17:54:36.669 INFO [main] org.apache.catalina.core.AprLifecycleListener.lifecycleEvent The Apache Tomcat Native library which allows using OpenSSL was not found on the java.library.path: [/usr/java/packages/lib:/usr/lib/x86_64-linux-gnu/jni:/lib/x86_64-linux-gnu:/usr/lib/x86_64-linux-gnu:/usr/lib/jni:/lib:/usr/lib]
11-Dec-2025 17:54:36.765 INFO [main] org.apache.coyote.AbstractProtocol.init Initializing ProtocolHandler ["http-nio-8080"]
11-Dec-2025 17:54:36.778 INFO [main] org.apache.catalina.startup.Catalina.load Server initialization in [188] milliseconds
11-Dec-2025 17:54:36.795 INFO [main] org.apache.catalina.core.StandardService.startInternal Starting service [Catalina]
11-Dec-2025 17:54:36.795 INFO [main] org.apache.catalina.core.StandardEngine.startInternal Starting Servlet engine: [Apache Tomcat/11.0.13]
11-Dec-2025 17:54:36.799 INFO [main] org.apache.catalina.startup.HostConfig.deployDirectory Deploying web application directory [/home/infoetu/baptiste.lavogiez.etu/ctp-web/tomcat/webapps/ROOT]
11-Dec-2025 17:54:36.959 INFO [main] org.apache.jasper.servlet.TldScanner.scanJars At least one JAR was scanned for TLDs yet contained no TLDs. Enable debug logging for this logger for a complete list of JARs that were scanned but no TLDs were found in them. Skipping unneeded JARs during scanning can improve startup time and JSP compilation time.
11-Dec-2025 17:54:36.975 INFO [main] org.apache.catalina.startup.HostConfig.deployDirectory Deployment of web application directory [/home/infoetu/baptiste.lavogiez.etu/ctp-web/tomcat/webapps/ROOT] has finished in [176] ms
11-Dec-2025 17:54:36.975 INFO [main] org.apache.catalina.startup.HostConfig.deployDirectory Deploying web application directory [/home/infoetu/baptiste.lavogiez.etu/ctp-web/tomcat/webapps/docs]
11-Dec-2025 17:54:37.026 INFO [main] org.apache.jasper.servlet.TldScanner.scanJars At least one JAR was scanned for TLDs yet contained no TLDs. Enable debug logging for this logger for a complete list of JARs that were scanned but no TLDs were found in them. Skipping unneeded JARs during scanning can improve startup time and JSP compilation time.
11-Dec-2025 17:54:37.026 INFO [main] org.apache.catalina.startup.HostConfig.deployDirectory Deployment of web application directory [/home/infoetu/baptiste.lavogiez.etu/ctp-web/tomcat/webapps/docs] has finished in [51] ms
11-Dec-2025 17:54:37.027 INFO [main] org.apache.catalina.startup.HostConfig.deployDirectory Deploying web application directory [/home/infoetu/baptiste.lavogiez.etu/ctp-web/tomcat/webapps/manager]
11-Dec-2025 17:54:37.075 INFO [main] org.apache.jasper.servlet.TldScanner.scanJars At least one JAR was scanned for TLDs yet contained no TLDs. Enable debug logging for this logger for a complete list of JARs that were scanned but no TLDs were found in them. Skipping unneeded JARs during scanning can improve startup time and JSP compilation time.
11-Dec-2025 17:54:37.078 INFO [main] org.apache.catalina.startup.HostConfig.deployDirectory Deployment of web application directory [/home/infoetu/baptiste.lavogiez.etu/ctp-web/tomcat/webapps/manager] has finished in [51] ms
11-Dec-2025 17:54:37.078 INFO [main] org.apache.catalina.startup.HostConfig.deployDirectory Deploying web application directory [/home/infoetu/baptiste.lavogiez.etu/ctp-web/tomcat/webapps/host-manager]
11-Dec-2025 17:54:37.125 INFO [main] org.apache.jasper.servlet.TldScanner.scanJars At least one JAR was scanned for TLDs yet contained no TLDs. Enable debug logging for this logger for a complete list of JARs that were scanned but no TLDs were found in them. Skipping unneeded JARs during scanning can improve startup time and JSP compilation time.
11-Dec-2025 17:54:37.126 INFO [main] org.apache.catalina.startup.HostConfig.deployDirectory Deployment of web application directory [/home/infoetu/baptiste.lavogiez.etu/ctp-web/tomcat/webapps/host-manager] has finished in [48] ms
11-Dec-2025 17:54:37.126 INFO [main] org.apache.catalina.startup.HostConfig.deployDirectory Deploying web application directory [/home/infoetu/baptiste.lavogiez.etu/ctp-web/tomcat/webapps/vide]
11-Dec-2025 17:54:37.177 INFO [main] org.apache.jasper.servlet.TldScanner.scanJars At least one JAR was scanned for TLDs yet contained no TLDs. Enable debug logging for this logger for a complete list of JARs that were scanned but no TLDs were found in them. Skipping unneeded JARs during scanning can improve startup time and JSP compilation time.
11-Dec-2025 17:54:37.178 INFO [main] org.apache.catalina.startup.HostConfig.deployDirectory Deployment of web application directory [/home/infoetu/baptiste.lavogiez.etu/ctp-web/tomcat/webapps/vide] has finished in [52] ms
11-Dec-2025 17:54:37.178 INFO [main] org.apache.catalina.startup.HostConfig.deployDirectory Deploying web application directory [/home/infoetu/baptiste.lavogiez.etu/ctp-web/tomcat/webapps/examples]
11-Dec-2025 17:54:37.312 INFO [main] org.apache.jasper.servlet.TldScanner.scanJars At least one JAR was scanned for TLDs yet contained no TLDs. Enable debug logging for this logger for a complete list of JARs that were scanned but no TLDs were found in them. Skipping unneeded JARs during scanning can improve startup time and JSP compilation time.
11-Dec-2025 17:54:37.330 INFO [main] org.apache.catalina.startup.HostConfig.deployDirectory Deployment of web application directory [/home/infoetu/baptiste.lavogiez.etu/ctp-web/tomcat/webapps/examples] has finished in [152] ms
11-Dec-2025 17:54:37.330 INFO [main] org.apache.catalina.startup.HostConfig.deployDirectory Deploying web application directory [/home/infoetu/baptiste.lavogiez.etu/ctp-web/tomcat/webapps/ctp]
11-Dec-2025 17:54:37.407 INFO [main] org.apache.jasper.servlet.TldScanner.scanJars At least one JAR was scanned for TLDs yet contained no TLDs. Enable debug logging for this logger for a complete list of JARs that were scanned but no TLDs were found in them. Skipping unneeded JARs during scanning can improve startup time and JSP compilation time.
11-Dec-2025 17:54:37.408 INFO [main] org.apache.catalina.startup.HostConfig.deployDirectory Deployment of web application directory [/home/infoetu/baptiste.lavogiez.etu/ctp-web/tomcat/webapps/ctp] has finished in [78] ms
11-Dec-2025 17:54:37.410 INFO [main] org.apache.coyote.AbstractProtocol.start Starting ProtocolHandler ["http-nio-8080"]
11-Dec-2025 17:54:37.416 INFO [main] org.apache.catalina.startup.Catalina.start Server startup in [637] milliseconds
11-Dec-2025 17:59:23.813 INFO [Thread-1] org.apache.coyote.AbstractProtocol.pause Pausing ProtocolHandler ["http-nio-8080"]
11-Dec-2025 17:59:23.815 INFO [Thread-1] org.apache.catalina.core.StandardService.stopInternal Stopping service [Catalina]
11-Dec-2025 17:59:23.842 INFO [Thread-1] org.apache.coyote.AbstractProtocol.stop Stopping ProtocolHandler ["http-nio-8080"]
11-Dec-2025 17:59:23.850 INFO [Thread-1] org.apache.coyote.AbstractProtocol.destroy Destroying ProtocolHandler ["http-nio-8080"]
11-Dec-2025 17:59:24.884 INFO [main] org.apache.catalina.startup.VersionLoggerListener.log Server version name:   Apache Tomcat/11.0.13
11-Dec-2025 17:59:24.886 INFO [main] org.apache.catalina.startup.VersionLoggerListener.log Server built:          Oct 10 2025 13:57:31 UTC
11-Dec-2025 17:59:24.886 INFO [main] org.apache.catalina.startup.VersionLoggerListener.log Server version number: 11.0.13.0
11-Dec-2025 17:59:24.886 INFO [main] org.apache.catalina.startup.VersionLoggerListener.log OS Name:               Linux
11-Dec-2025 17:59:24.886 INFO [main] org.apache.catalina.startup.VersionLoggerListener.log OS Version:            6.1.0-40-amd64
11-Dec-2025 17:59:24.886 INFO [main] org.apache.catalina.startup.VersionLoggerListener.log Architecture:          amd64
11-Dec-2025 17:59:24.886 INFO [main] org.apache.catalina.startup.VersionLoggerListener.log Java Home:             /usr/lib/jvm/java-17-openjdk-amd64
11-Dec-2025 17:59:24.886 INFO [main] org.apache.catalina.startup.VersionLoggerListener.log JVM Version:           17.0.17+10-Debian-1deb12u1
11-Dec-2025 17:59:24.886 INFO [main] org.apache.catalina.startup.VersionLoggerListener.log JVM Vendor:            Debian
11-Dec-2025 17:59:24.886 INFO [main] org.apache.catalina.startup.VersionLoggerListener.log CATALINA_BASE:         /home/infoetu/baptiste.lavogiez.etu/ctp-web/tomcat
11-Dec-2025 17:59:24.886 INFO [main] org.apache.catalina.startup.VersionLoggerListener.log CATALINA_HOME:         /home/infoetu/baptiste.lavogiez.etu/ctp-web/tomcat
11-Dec-2025 17:59:24.889 INFO [main] org.apache.catalina.startup.VersionLoggerListener.log Command line argument: -Djava.util.logging.config.file=/home/infoetu/baptiste.lavogiez.etu/ctp-web/tomcat/conf/logging.properties
11-Dec-2025 17:59:24.890 INFO [main] org.apache.catalina.startup.VersionLoggerListener.log Command line argument: -Djava.util.logging.manager=org.apache.juli.ClassLoaderLogManager
11-Dec-2025 17:59:24.890 INFO [main] org.apache.catalina.startup.VersionLoggerListener.log Command line argument: -Djdk.tls.ephemeralDHKeySize=2048
11-Dec-2025 17:59:24.890 INFO [main] org.apache.catalina.startup.VersionLoggerListener.log Command line argument: -Dorg.apache.catalina.security.SecurityListener.UMASK=0027
11-Dec-2025 17:59:24.890 INFO [main] org.apache.catalina.startup.VersionLoggerListener.log Command line argument: --add-opens=java.base/java.lang=ALL-UNNAMED
11-Dec-2025 17:59:24.890 INFO [main] org.apache.catalina.startup.VersionLoggerListener.log Command line argument: --add-opens=java.base/java.lang.reflect=ALL-UNNAMED
11-Dec-2025 17:59:24.890 INFO [main] org.apache.catalina.startup.VersionLoggerListener.log Command line argument: --add-opens=java.base/java.io=ALL-UNNAMED
11-Dec-2025 17:59:24.890 INFO [main] org.apache.catalina.startup.VersionLoggerListener.log Command line argument: --add-opens=java.base/java.util=ALL-UNNAMED
11-Dec-2025 17:59:24.890 INFO [main] org.apache.catalina.startup.VersionLoggerListener.log Command line argument: --add-opens=java.base/java.util.concurrent=ALL-UNNAMED
11-Dec-2025 17:59:24.890 INFO [main] org.apache.catalina.startup.VersionLoggerListener.log Command line argument: --add-opens=java.rmi/sun.rmi.transport=ALL-UNNAMED
11-Dec-2025 17:59:24.890 INFO [main] org.apache.catalina.startup.VersionLoggerListener.log Command line argument: --enable-native-access=ALL-UNNAMED
11-Dec-2025 17:59:24.890 INFO [main] org.apache.catalina.startup.VersionLoggerListener.log Command line argument: -Dcatalina.base=/home/infoetu/baptiste.lavogiez.etu/ctp-web/tomcat
11-Dec-2025 17:59:24.890 INFO [main] org.apache.catalina.startup.VersionLoggerListener.log Command line argument: -Dcatalina.home=/home/infoetu/baptiste.lavogiez.etu/ctp-web/tomcat
11-Dec-2025 17:59:24.890 INFO [main] org.apache.catalina.startup.VersionLoggerListener.log Command line argument: -Djava.io.tmpdir=/home/infoetu/baptiste.lavogiez.etu/ctp-web/tomcat/temp
11-Dec-2025 17:59:24.891 INFO [main] org.apache.catalina.core.AprLifecycleListener.lifecycleEvent The Apache Tomcat Native library which allows using OpenSSL was not found on the java.library.path: [/usr/java/packages/lib:/usr/lib/x86_64-linux-gnu/jni:/lib/x86_64-linux-gnu:/usr/lib/x86_64-linux-gnu:/usr/lib/jni:/lib:/usr/lib]
11-Dec-2025 17:59:24.985 INFO [main] org.apache.coyote.AbstractProtocol.init Initializing ProtocolHandler ["http-nio-8080"]
11-Dec-2025 17:59:24.998 INFO [main] org.apache.catalina.startup.Catalina.load Server initialization in [182] milliseconds
11-Dec-2025 17:59:25.014 INFO [main] org.apache.catalina.core.StandardService.startInternal Starting service [Catalina]
11-Dec-2025 17:59:25.014 INFO [main] org.apache.catalina.core.StandardEngine.startInternal Starting Servlet engine: [Apache Tomcat/11.0.13]
11-Dec-2025 17:59:25.018 INFO [main] org.apache.catalina.startup.HostConfig.deployDirectory Deploying web application directory [/home/infoetu/baptiste.lavogiez.etu/ctp-web/tomcat/webapps/ROOT]
11-Dec-2025 17:59:25.176 INFO [main] org.apache.jasper.servlet.TldScanner.scanJars At least one JAR was scanned for TLDs yet contained no TLDs. Enable debug logging for this logger for a complete list of JARs that were scanned but no TLDs were found in them. Skipping unneeded JARs during scanning can improve startup time and JSP compilation time.
11-Dec-2025 17:59:25.192 INFO [main] org.apache.catalina.startup.HostConfig.deployDirectory Deployment of web application directory [/home/infoetu/baptiste.lavogiez.etu/ctp-web/tomcat/webapps/ROOT] has finished in [173] ms
11-Dec-2025 17:59:25.192 INFO [main] org.apache.catalina.startup.HostConfig.deployDirectory Deploying web application directory [/home/infoetu/baptiste.lavogiez.etu/ctp-web/tomcat/webapps/docs]
11-Dec-2025 17:59:25.241 INFO [main] org.apache.jasper.servlet.TldScanner.scanJars At least one JAR was scanned for TLDs yet contained no TLDs. Enable debug logging for this logger for a complete list of JARs that were scanned but no TLDs were found in them. Skipping unneeded JARs during scanning can improve startup time and JSP compilation time.
11-Dec-2025 17:59:25.242 INFO [main] org.apache.catalina.startup.HostConfig.deployDirectory Deployment of web application directory [/home/infoetu/baptiste.lavogiez.etu/ctp-web/tomcat/webapps/docs] has finished in [49] ms
11-Dec-2025 17:59:25.242 INFO [main] org.apache.catalina.startup.HostConfig.deployDirectory Deploying web application directory [/home/infoetu/baptiste.lavogiez.etu/ctp-web/tomcat/webapps/manager]
11-Dec-2025 17:59:25.292 INFO [main] org.apache.jasper.servlet.TldScanner.scanJars At least one JAR was scanned for TLDs yet contained no TLDs. Enable debug logging for this logger for a complete list of JARs that were scanned but no TLDs were found in them. Skipping unneeded JARs during scanning can improve startup time and JSP compilation time.
11-Dec-2025 17:59:25.294 INFO [main] org.apache.catalina.startup.HostConfig.deployDirectory Deployment of web application directory [/home/infoetu/baptiste.lavogiez.etu/ctp-web/tomcat/webapps/manager] has finished in [52] ms
11-Dec-2025 17:59:25.294 INFO [main] org.apache.catalina.startup.HostConfig.deployDirectory Deploying web application directory [/home/infoetu/baptiste.lavogiez.etu/ctp-web/tomcat/webapps/host-manager]
11-Dec-2025 17:59:25.339 INFO [main] org.apache.jasper.servlet.TldScanner.scanJars At least one JAR was scanned for TLDs yet contained no TLDs. Enable debug logging for this logger for a complete list of JARs that were scanned but no TLDs were found in them. Skipping unneeded JARs during scanning can improve startup time and JSP compilation time.
11-Dec-2025 17:59:25.340 INFO [main] org.apache.catalina.startup.HostConfig.deployDirectory Deployment of web application directory [/home/infoetu/baptiste.lavogiez.etu/ctp-web/tomcat/webapps/host-manager] has finished in [46] ms
11-Dec-2025 17:59:25.340 INFO [main] org.apache.catalina.startup.HostConfig.deployDirectory Deploying web application directory [/home/infoetu/baptiste.lavogiez.etu/ctp-web/tomcat/webapps/vide]
11-Dec-2025 17:59:25.395 INFO [main] org.apache.jasper.servlet.TldScanner.scanJars At least one JAR was scanned for TLDs yet contained no TLDs. Enable debug logging for this logger for a complete list of JARs that were scanned but no TLDs were found in them. Skipping unneeded JARs during scanning can improve startup time and JSP compilation time.
11-Dec-2025 17:59:25.397 INFO [main] org.apache.catalina.startup.HostConfig.deployDirectory Deployment of web application directory [/home/infoetu/baptiste.lavogiez.etu/ctp-web/tomcat/webapps/vide] has finished in [57] ms
11-Dec-2025 17:59:25.397 INFO [main] org.apache.catalina.startup.HostConfig.deployDirectory Deploying web application directory [/home/infoetu/baptiste.lavogiez.etu/ctp-web/tomcat/webapps/examples]
11-Dec-2025 17:59:25.598 INFO [main] org.apache.jasper.servlet.TldScanner.scanJars At least one JAR was scanned for TLDs yet contained no TLDs. Enable debug logging for this logger for a complete list of JARs that were scanned but no TLDs were found in them. Skipping unneeded JARs during scanning can improve startup time and JSP compilation time.
11-Dec-2025 17:59:25.613 INFO [main] org.apache.catalina.startup.HostConfig.deployDirectory Deployment of web application directory [/home/infoetu/baptiste.lavogiez.etu/ctp-web/tomcat/webapps/examples] has finished in [216] ms
11-Dec-2025 17:59:25.614 INFO [main] org.apache.catalina.startup.HostConfig.deployDirectory Deploying web application directory [/home/infoetu/baptiste.lavogiez.etu/ctp-web/tomcat/webapps/ctp]
11-Dec-2025 17:59:25.678 INFO [main] org.apache.jasper.servlet.TldScanner.scanJars At least one JAR was scanned for TLDs yet contained no TLDs. Enable debug logging for this logger for a complete list of JARs that were scanned but no TLDs were found in them. Skipping unneeded JARs during scanning can improve startup time and JSP compilation time.
11-Dec-2025 17:59:25.679 INFO [main] org.apache.catalina.startup.HostConfig.deployDirectory Deployment of web application directory [/home/infoetu/baptiste.lavogiez.etu/ctp-web/tomcat/webapps/ctp] has finished in [65] ms
11-Dec-2025 17:59:25.681 INFO [main] org.apache.coyote.AbstractProtocol.start Starting ProtocolHandler ["http-nio-8080"]
11-Dec-2025 17:59:25.686 INFO [main] org.apache.catalina.startup.Catalina.start Server startup in [688] milliseconds
11-Dec-2025 17:59:58.445 INFO [Thread-1] org.apache.coyote.AbstractProtocol.pause Pausing ProtocolHandler ["http-nio-8080"]
11-Dec-2025 17:59:58.447 INFO [Thread-1] org.apache.catalina.core.StandardService.stopInternal Stopping service [Catalina]
11-Dec-2025 17:59:58.463 INFO [Thread-1] org.apache.coyote.AbstractProtocol.stop Stopping ProtocolHandler ["http-nio-8080"]
11-Dec-2025 17:59:58.470 INFO [Thread-1] org.apache.coyote.AbstractProtocol.destroy Destroying ProtocolHandler ["http-nio-8080"]
11-Dec-2025 17:59:59.299 INFO [main] org.apache.catalina.startup.VersionLoggerListener.log Server version name:   Apache Tomcat/11.0.13
11-Dec-2025 17:59:59.301 INFO [main] org.apache.catalina.startup.VersionLoggerListener.log Server built:          Oct 10 2025 13:57:31 UTC
11-Dec-2025 17:59:59.301 INFO [main] org.apache.catalina.startup.VersionLoggerListener.log Server version number: 11.0.13.0
11-Dec-2025 17:59:59.301 INFO [main] org.apache.catalina.startup.VersionLoggerListener.log OS Name:               Linux
11-Dec-2025 17:59:59.301 INFO [main] org.apache.catalina.startup.VersionLoggerListener.log OS Version:            6.1.0-40-amd64
11-Dec-2025 17:59:59.301 INFO [main] org.apache.catalina.startup.VersionLoggerListener.log Architecture:          amd64
11-Dec-2025 17:59:59.301 INFO [main] org.apache.catalina.startup.VersionLoggerListener.log Java Home:             /usr/lib/jvm/java-17-openjdk-amd64
11-Dec-2025 17:59:59.301 INFO [main] org.apache.catalina.startup.VersionLoggerListener.log JVM Version:           17.0.17+10-Debian-1deb12u1
11-Dec-2025 17:59:59.301 INFO [main] org.apache.catalina.startup.VersionLoggerListener.log JVM Vendor:            Debian
11-Dec-2025 17:59:59.301 INFO [main] org.apache.catalina.startup.VersionLoggerListener.log CATALINA_BASE:         /home/infoetu/baptiste.lavogiez.etu/ctp-web/tomcat
11-Dec-2025 17:59:59.301 INFO [main] org.apache.catalina.startup.VersionLoggerListener.log CATALINA_HOME:         /home/infoetu/baptiste.lavogiez.etu/ctp-web/tomcat
11-Dec-2025 17:59:59.305 INFO [main] org.apache.catalina.startup.VersionLoggerListener.log Command line argument: -Djava.util.logging.config.file=/home/infoetu/baptiste.lavogiez.etu/ctp-web/tomcat/conf/logging.properties
11-Dec-2025 17:59:59.305 INFO [main] org.apache.catalina.startup.VersionLoggerListener.log Command line argument: -Djava.util.logging.manager=org.apache.juli.ClassLoaderLogManager
11-Dec-2025 17:59:59.305 INFO [main] org.apache.catalina.startup.VersionLoggerListener.log Command line argument: -Djdk.tls.ephemeralDHKeySize=2048
11-Dec-2025 17:59:59.305 INFO [main] org.apache.catalina.startup.VersionLoggerListener.log Command line argument: -Dorg.apache.catalina.security.SecurityListener.UMASK=0027
11-Dec-2025 17:59:59.305 INFO [main] org.apache.catalina.startup.VersionLoggerListener.log Command line argument: --add-opens=java.base/java.lang=ALL-UNNAMED
11-Dec-2025 17:59:59.305 INFO [main] org.apache.catalina.startup.VersionLoggerListener.log Command line argument: --add-opens=java.base/java.lang.reflect=ALL-UNNAMED
11-Dec-2025 17:59:59.305 INFO [main] org.apache.catalina.startup.VersionLoggerListener.log Command line argument: --add-opens=java.base/java.io=ALL-UNNAMED
11-Dec-2025 17:59:59.305 INFO [main] org.apache.catalina.startup.VersionLoggerListener.log Command line argument: --add-opens=java.base/java.util=ALL-UNNAMED
11-Dec-2025 17:59:59.305 INFO [main] org.apache.catalina.startup.VersionLoggerListener.log Command line argument: --add-opens=java.base/java.util.concurrent=ALL-UNNAMED
11-Dec-2025 17:59:59.305 INFO [main] org.apache.catalina.startup.VersionLoggerListener.log Command line argument: --add-opens=java.rmi/sun.rmi.transport=ALL-UNNAMED
11-Dec-2025 17:59:59.306 INFO [main] org.apache.catalina.startup.VersionLoggerListener.log Command line argument: --enable-native-access=ALL-UNNAMED
11-Dec-2025 17:59:59.306 INFO [main] org.apache.catalina.startup.VersionLoggerListener.log Command line argument: -Dcatalina.base=/home/infoetu/baptiste.lavogiez.etu/ctp-web/tomcat
11-Dec-2025 17:59:59.306 INFO [main] org.apache.catalina.startup.VersionLoggerListener.log Command line argument: -Dcatalina.home=/home/infoetu/baptiste.lavogiez.etu/ctp-web/tomcat
11-Dec-2025 17:59:59.306 INFO [main] org.apache.catalina.startup.VersionLoggerListener.log Command line argument: -Djava.io.tmpdir=/home/infoetu/baptiste.lavogiez.etu/ctp-web/tomcat/temp
11-Dec-2025 17:59:59.306 INFO [main] org.apache.catalina.core.AprLifecycleListener.lifecycleEvent The Apache Tomcat Native library which allows using OpenSSL was not found on the java.library.path: [/usr/java/packages/lib:/usr/lib/x86_64-linux-gnu/jni:/lib/x86_64-linux-gnu:/usr/lib/x86_64-linux-gnu:/usr/lib/jni:/lib:/usr/lib]
11-Dec-2025 17:59:59.400 INFO [main] org.apache.coyote.AbstractProtocol.init Initializing ProtocolHandler ["http-nio-8080"]
11-Dec-2025 17:59:59.413 INFO [main] org.apache.catalina.startup.Catalina.load Server initialization in [185] milliseconds
11-Dec-2025 17:59:59.429 INFO [main] org.apache.catalina.core.StandardService.startInternal Starting service [Catalina]
11-Dec-2025 17:59:59.429 INFO [main] org.apache.catalina.core.StandardEngine.startInternal Starting Servlet engine: [Apache Tomcat/11.0.13]
11-Dec-2025 17:59:59.434 INFO [main] org.apache.catalina.startup.HostConfig.deployDirectory Deploying web application directory [/home/infoetu/baptiste.lavogiez.etu/ctp-web/tomcat/webapps/ROOT]
11-Dec-2025 17:59:59.585 INFO [main] org.apache.jasper.servlet.TldScanner.scanJars At least one JAR was scanned for TLDs yet contained no TLDs. Enable debug logging for this logger for a complete list of JARs that were scanned but no TLDs were found in them. Skipping unneeded JARs during scanning can improve startup time and JSP compilation time.
11-Dec-2025 17:59:59.600 INFO [main] org.apache.catalina.startup.HostConfig.deployDirectory Deployment of web application directory [/home/infoetu/baptiste.lavogiez.etu/ctp-web/tomcat/webapps/ROOT] has finished in [166] ms
11-Dec-2025 17:59:59.600 INFO [main] org.apache.catalina.startup.HostConfig.deployDirectory Deploying web application directory [/home/infoetu/baptiste.lavogiez.etu/ctp-web/tomcat/webapps/docs]
11-Dec-2025 17:59:59.649 INFO [main] org.apache.jasper.servlet.TldScanner.scanJars At least one JAR was scanned for TLDs yet contained no TLDs. Enable debug logging for this logger for a complete list of JARs that were scanned but no TLDs were found in them. Skipping unneeded JARs during scanning can improve startup time and JSP compilation time.
11-Dec-2025 17:59:59.650 INFO [main] org.apache.catalina.startup.HostConfig.deployDirectory Deployment of web application directory [/home/infoetu/baptiste.lavogiez.etu/ctp-web/tomcat/webapps/docs] has finished in [50] ms
11-Dec-2025 17:59:59.650 INFO [main] org.apache.catalina.startup.HostConfig.deployDirectory Deploying web application directory [/home/infoetu/baptiste.lavogiez.etu/ctp-web/tomcat/webapps/manager]
11-Dec-2025 17:59:59.697 INFO [main] org.apache.jasper.servlet.TldScanner.scanJars At least one JAR was scanned for TLDs yet contained no TLDs. Enable debug logging for this logger for a complete list of JARs that were scanned but no TLDs were found in them. Skipping unneeded JARs during scanning can improve startup time and JSP compilation time.
11-Dec-2025 17:59:59.700 INFO [main] org.apache.catalina.startup.HostConfig.deployDirectory Deployment of web application directory [/home/infoetu/baptiste.lavogiez.etu/ctp-web/tomcat/webapps/manager] has finished in [50] ms
11-Dec-2025 17:59:59.700 INFO [main] org.apache.catalina.startup.HostConfig.deployDirectory Deploying web application directory [/home/infoetu/baptiste.lavogiez.etu/ctp-web/tomcat/webapps/host-manager]
11-Dec-2025 17:59:59.744 INFO [main] org.apache.jasper.servlet.TldScanner.scanJars At least one JAR was scanned for TLDs yet contained no TLDs. Enable debug logging for this logger for a complete list of JARs that were scanned but no TLDs were found in them. Skipping unneeded JARs during scanning can improve startup time and JSP compilation time.
11-Dec-2025 17:59:59.745 INFO [main] org.apache.catalina.startup.HostConfig.deployDirectory Deployment of web application directory [/home/infoetu/baptiste.lavogiez.etu/ctp-web/tomcat/webapps/host-manager] has finished in [45] ms
11-Dec-2025 17:59:59.745 INFO [main] org.apache.catalina.startup.HostConfig.deployDirectory Deploying web application directory [/home/infoetu/baptiste.lavogiez.etu/ctp-web/tomcat/webapps/vide]
11-Dec-2025 17:59:59.794 INFO [main] org.apache.jasper.servlet.TldScanner.scanJars At least one JAR was scanned for TLDs yet contained no TLDs. Enable debug logging for this logger for a complete list of JARs that were scanned but no TLDs were found in them. Skipping unneeded JARs during scanning can improve startup time and JSP compilation time.
11-Dec-2025 17:59:59.796 INFO [main] org.apache.catalina.startup.HostConfig.deployDirectory Deployment of web application directory [/home/infoetu/baptiste.lavogiez.etu/ctp-web/tomcat/webapps/vide] has finished in [51] ms
11-Dec-2025 17:59:59.796 INFO [main] org.apache.catalina.startup.HostConfig.deployDirectory Deploying web application directory [/home/infoetu/baptiste.lavogiez.etu/ctp-web/tomcat/webapps/examples]
11-Dec-2025 17:59:59.925 INFO [main] org.apache.jasper.servlet.TldScanner.scanJars At least one JAR was scanned for TLDs yet contained no TLDs. Enable debug logging for this logger for a complete list of JARs that were scanned but no TLDs were found in them. Skipping unneeded JARs during scanning can improve startup time and JSP compilation time.
11-Dec-2025 17:59:59.937 INFO [main] org.apache.catalina.startup.HostConfig.deployDirectory Deployment of web application directory [/home/infoetu/baptiste.lavogiez.etu/ctp-web/tomcat/webapps/examples] has finished in [141] ms
11-Dec-2025 17:59:59.937 INFO [main] org.apache.catalina.startup.HostConfig.deployDirectory Deploying web application directory [/home/infoetu/baptiste.lavogiez.etu/ctp-web/tomcat/webapps/ctp]
11-Dec-2025 18:00:00.000 INFO [main] org.apache.jasper.servlet.TldScanner.scanJars At least one JAR was scanned for TLDs yet contained no TLDs. Enable debug logging for this logger for a complete list of JARs that were scanned but no TLDs were found in them. Skipping unneeded JARs during scanning can improve startup time and JSP compilation time.
11-Dec-2025 18:00:00.001 INFO [main] org.apache.catalina.startup.HostConfig.deployDirectory Deployment of web application directory [/home/infoetu/baptiste.lavogiez.etu/ctp-web/tomcat/webapps/ctp] has finished in [64] ms
11-Dec-2025 18:00:00.003 INFO [main] org.apache.coyote.AbstractProtocol.start Starting ProtocolHandler ["http-nio-8080"]
11-Dec-2025 18:00:00.009 INFO [main] org.apache.catalina.startup.Catalina.start Server startup in [595] milliseconds
11-Dec-2025 18:00:28.149 INFO [Thread-1] org.apache.coyote.AbstractProtocol.pause Pausing ProtocolHandler ["http-nio-8080"]
11-Dec-2025 18:00:28.152 INFO [Thread-1] org.apache.catalina.core.StandardService.stopInternal Stopping service [Catalina]
11-Dec-2025 18:00:28.171 INFO [Thread-1] org.apache.coyote.AbstractProtocol.stop Stopping ProtocolHandler ["http-nio-8080"]
11-Dec-2025 18:00:28.175 INFO [Thread-1] org.apache.coyote.AbstractProtocol.destroy Destroying ProtocolHandler ["http-nio-8080"]
11-Dec-2025 18:00:30.593 INFO [main] org.apache.catalina.startup.VersionLoggerListener.log Server version name:   Apache Tomcat/11.0.13
11-Dec-2025 18:00:30.595 INFO [main] org.apache.catalina.startup.VersionLoggerListener.log Server built:          Oct 10 2025 13:57:31 UTC
11-Dec-2025 18:00:30.595 INFO [main] org.apache.catalina.startup.VersionLoggerListener.log Server version number: 11.0.13.0
11-Dec-2025 18:00:30.595 INFO [main] org.apache.catalina.startup.VersionLoggerListener.log OS Name:               Linux
11-Dec-2025 18:00:30.595 INFO [main] org.apache.catalina.startup.VersionLoggerListener.log OS Version:            6.1.0-40-amd64
11-Dec-2025 18:00:30.595 INFO [main] org.apache.catalina.startup.VersionLoggerListener.log Architecture:          amd64
11-Dec-2025 18:00:30.596 INFO [main] org.apache.catalina.startup.VersionLoggerListener.log Java Home:             /usr/lib/jvm/java-17-openjdk-amd64
11-Dec-2025 18:00:30.596 INFO [main] org.apache.catalina.startup.VersionLoggerListener.log JVM Version:           17.0.17+10-Debian-1deb12u1
11-Dec-2025 18:00:30.596 INFO [main] org.apache.catalina.startup.VersionLoggerListener.log JVM Vendor:            Debian
11-Dec-2025 18:00:30.596 INFO [main] org.apache.catalina.startup.VersionLoggerListener.log CATALINA_BASE:         /home/infoetu/baptiste.lavogiez.etu/ctp-web/tomcat
11-Dec-2025 18:00:30.596 INFO [main] org.apache.catalina.startup.VersionLoggerListener.log CATALINA_HOME:         /home/infoetu/baptiste.lavogiez.etu/ctp-web/tomcat
11-Dec-2025 18:00:30.599 INFO [main] org.apache.catalina.startup.VersionLoggerListener.log Command line argument: -Djava.util.logging.config.file=/home/infoetu/baptiste.lavogiez.etu/ctp-web/tomcat/conf/logging.properties
11-Dec-2025 18:00:30.599 INFO [main] org.apache.catalina.startup.VersionLoggerListener.log Command line argument: -Djava.util.logging.manager=org.apache.juli.ClassLoaderLogManager
11-Dec-2025 18:00:30.599 INFO [main] org.apache.catalina.startup.VersionLoggerListener.log Command line argument: -Djdk.tls.ephemeralDHKeySize=2048
11-Dec-2025 18:00:30.599 INFO [main] org.apache.catalina.startup.VersionLoggerListener.log Command line argument: -Dorg.apache.catalina.security.SecurityListener.UMASK=0027
11-Dec-2025 18:00:30.599 INFO [main] org.apache.catalina.startup.VersionLoggerListener.log Command line argument: --add-opens=java.base/java.lang=ALL-UNNAMED
11-Dec-2025 18:00:30.599 INFO [main] org.apache.catalina.startup.VersionLoggerListener.log Command line argument: --add-opens=java.base/java.lang.reflect=ALL-UNNAMED
11-Dec-2025 18:00:30.599 INFO [main] org.apache.catalina.startup.VersionLoggerListener.log Command line argument: --add-opens=java.base/java.io=ALL-UNNAMED
11-Dec-2025 18:00:30.599 INFO [main] org.apache.catalina.startup.VersionLoggerListener.log Command line argument: --add-opens=java.base/java.util=ALL-UNNAMED
11-Dec-2025 18:00:30.600 INFO [main] org.apache.catalina.startup.VersionLoggerListener.log Command line argument: --add-opens=java.base/java.util.concurrent=ALL-UNNAMED
11-Dec-2025 18:00:30.600 INFO [main] org.apache.catalina.startup.VersionLoggerListener.log Command line argument: --add-opens=java.rmi/sun.rmi.transport=ALL-UNNAMED
11-Dec-2025 18:00:30.600 INFO [main] org.apache.catalina.startup.VersionLoggerListener.log Command line argument: --enable-native-access=ALL-UNNAMED
11-Dec-2025 18:00:30.600 INFO [main] org.apache.catalina.startup.VersionLoggerListener.log Command line argument: -Dcatalina.base=/home/infoetu/baptiste.lavogiez.etu/ctp-web/tomcat
11-Dec-2025 18:00:30.600 INFO [main] org.apache.catalina.startup.VersionLoggerListener.log Command line argument: -Dcatalina.home=/home/infoetu/baptiste.lavogiez.etu/ctp-web/tomcat
11-Dec-2025 18:00:30.600 INFO [main] org.apache.catalina.startup.VersionLoggerListener.log Command line argument: -Djava.io.tmpdir=/home/infoetu/baptiste.lavogiez.etu/ctp-web/tomcat/temp
11-Dec-2025 18:00:30.601 INFO [main] org.apache.catalina.core.AprLifecycleListener.lifecycleEvent The Apache Tomcat Native library which allows using OpenSSL was not found on the java.library.path: [/usr/java/packages/lib:/usr/lib/x86_64-linux-gnu/jni:/lib/x86_64-linux-gnu:/usr/lib/x86_64-linux-gnu:/usr/lib/jni:/lib:/usr/lib]
11-Dec-2025 18:00:30.718 INFO [main] org.apache.coyote.AbstractProtocol.init Initializing ProtocolHandler ["http-nio-8080"]
11-Dec-2025 18:00:30.728 INFO [main] org.apache.catalina.startup.Catalina.load Server initialization in [205] milliseconds
11-Dec-2025 18:00:30.747 INFO [main] org.apache.catalina.core.StandardService.startInternal Starting service [Catalina]
11-Dec-2025 18:00:30.747 INFO [main] org.apache.catalina.core.StandardEngine.startInternal Starting Servlet engine: [Apache Tomcat/11.0.13]
11-Dec-2025 18:00:30.752 INFO [main] org.apache.catalina.startup.HostConfig.deployDirectory Deploying web application directory [/home/infoetu/baptiste.lavogiez.etu/ctp-web/tomcat/webapps/ROOT]
11-Dec-2025 18:00:30.933 INFO [main] org.apache.jasper.servlet.TldScanner.scanJars At least one JAR was scanned for TLDs yet contained no TLDs. Enable debug logging for this logger for a complete list of JARs that were scanned but no TLDs were found in them. Skipping unneeded JARs during scanning can improve startup time and JSP compilation time.
11-Dec-2025 18:00:30.952 INFO [main] org.apache.catalina.startup.HostConfig.deployDirectory Deployment of web application directory [/home/infoetu/baptiste.lavogiez.etu/ctp-web/tomcat/webapps/ROOT] has finished in [200] ms
11-Dec-2025 18:00:30.953 INFO [main] org.apache.catalina.startup.HostConfig.deployDirectory Deploying web application directory [/home/infoetu/baptiste.lavogiez.etu/ctp-web/tomcat/webapps/docs]
11-Dec-2025 18:00:31.002 INFO [main] org.apache.jasper.servlet.TldScanner.scanJars At least one JAR was scanned for TLDs yet contained no TLDs. Enable debug logging for this logger for a complete list of JARs that were scanned but no TLDs were found in them. Skipping unneeded JARs during scanning can improve startup time and JSP compilation time.
11-Dec-2025 18:00:31.003 INFO [main] org.apache.catalina.startup.HostConfig.deployDirectory Deployment of web application directory [/home/infoetu/baptiste.lavogiez.etu/ctp-web/tomcat/webapps/docs] has finished in [49] ms
11-Dec-2025 18:00:31.003 INFO [main] org.apache.catalina.startup.HostConfig.deployDirectory Deploying web application directory [/home/infoetu/baptiste.lavogiez.etu/ctp-web/tomcat/webapps/manager]
11-Dec-2025 18:00:31.053 INFO [main] org.apache.jasper.servlet.TldScanner.scanJars At least one JAR was scanned for TLDs yet contained no TLDs. Enable debug logging for this logger for a complete list of JARs that were scanned but no TLDs were found in them. Skipping unneeded JARs during scanning can improve startup time and JSP compilation time.
11-Dec-2025 18:00:31.056 INFO [main] org.apache.catalina.startup.HostConfig.deployDirectory Deployment of web application directory [/home/infoetu/baptiste.lavogiez.etu/ctp-web/tomcat/webapps/manager] has finished in [53] ms
11-Dec-2025 18:00:31.056 INFO [main] org.apache.catalina.startup.HostConfig.deployDirectory Deploying web application directory [/home/infoetu/baptiste.lavogiez.etu/ctp-web/tomcat/webapps/host-manager]
11-Dec-2025 18:00:31.111 INFO [main] org.apache.jasper.servlet.TldScanner.scanJars At least one JAR was scanned for TLDs yet contained no TLDs. Enable debug logging for this logger for a complete list of JARs that were scanned but no TLDs were found in them. Skipping unneeded JARs during scanning can improve startup time and JSP compilation time.
11-Dec-2025 18:00:31.112 INFO [main] org.apache.catalina.startup.HostConfig.deployDirectory Deployment of web application directory [/home/infoetu/baptiste.lavogiez.etu/ctp-web/tomcat/webapps/host-manager] has finished in [55] ms
11-Dec-2025 18:00:31.112 INFO [main] org.apache.catalina.startup.HostConfig.deployDirectory Deploying web application directory [/home/infoetu/baptiste.lavogiez.etu/ctp-web/tomcat/webapps/vide]
11-Dec-2025 18:00:31.166 INFO [main] org.apache.jasper.servlet.TldScanner.scanJars At least one JAR was scanned for TLDs yet contained no TLDs. Enable debug logging for this logger for a complete list of JARs that were scanned but no TLDs were found in them. Skipping unneeded JARs during scanning can improve startup time and JSP compilation time.
11-Dec-2025 18:00:31.168 INFO [main] org.apache.catalina.startup.HostConfig.deployDirectory Deployment of web application directory [/home/infoetu/baptiste.lavogiez.etu/ctp-web/tomcat/webapps/vide] has finished in [56] ms
11-Dec-2025 18:00:31.168 INFO [main] org.apache.catalina.startup.HostConfig.deployDirectory Deploying web application directory [/home/infoetu/baptiste.lavogiez.etu/ctp-web/tomcat/webapps/examples]
11-Dec-2025 18:00:31.327 INFO [main] org.apache.jasper.servlet.TldScanner.scanJars At least one JAR was scanned for TLDs yet contained no TLDs. Enable debug logging for this logger for a complete list of JARs that were scanned but no TLDs were found in them. Skipping unneeded JARs during scanning can improve startup time and JSP compilation time.
11-Dec-2025 18:00:31.341 INFO [main] org.apache.catalina.startup.HostConfig.deployDirectory Deployment of web application directory [/home/infoetu/baptiste.lavogiez.etu/ctp-web/tomcat/webapps/examples] has finished in [173] ms
11-Dec-2025 18:00:31.341 INFO [main] org.apache.catalina.startup.HostConfig.deployDirectory Deploying web application directory [/home/infoetu/baptiste.lavogiez.etu/ctp-web/tomcat/webapps/ctp]
11-Dec-2025 18:00:31.411 INFO [main] org.apache.jasper.servlet.TldScanner.scanJars At least one JAR was scanned for TLDs yet contained no TLDs. Enable debug logging for this logger for a complete list of JARs that were scanned but no TLDs were found in them. Skipping unneeded JARs during scanning can improve startup time and JSP compilation time.
11-Dec-2025 18:00:31.412 INFO [main] org.apache.catalina.startup.HostConfig.deployDirectory Deployment of web application directory [/home/infoetu/baptiste.lavogiez.etu/ctp-web/tomcat/webapps/ctp] has finished in [71] ms
11-Dec-2025 18:00:31.414 INFO [main] org.apache.coyote.AbstractProtocol.start Starting ProtocolHandler ["http-nio-8080"]
11-Dec-2025 18:00:31.422 INFO [main] org.apache.catalina.startup.Catalina.start Server startup in [693] milliseconds
11-Dec-2025 18:01:37.574 INFO [Thread-1] org.apache.coyote.AbstractProtocol.pause Pausing ProtocolHandler ["http-nio-8080"]
11-Dec-2025 18:01:37.577 INFO [Thread-1] org.apache.catalina.core.StandardService.stopInternal Stopping service [Catalina]
11-Dec-2025 18:01:37.600 INFO [Thread-1] org.apache.coyote.AbstractProtocol.stop Stopping ProtocolHandler ["http-nio-8080"]
11-Dec-2025 18:01:37.610 INFO [Thread-1] org.apache.coyote.AbstractProtocol.destroy Destroying ProtocolHandler ["http-nio-8080"]
11-Dec-2025 18:01:38.795 INFO [main] org.apache.catalina.startup.VersionLoggerListener.log Server version name:   Apache Tomcat/11.0.13
11-Dec-2025 18:01:38.797 INFO [main] org.apache.catalina.startup.VersionLoggerListener.log Server built:          Oct 10 2025 13:57:31 UTC
11-Dec-2025 18:01:38.797 INFO [main] org.apache.catalina.startup.VersionLoggerListener.log Server version number: 11.0.13.0
11-Dec-2025 18:01:38.798 INFO [main] org.apache.catalina.startup.VersionLoggerListener.log OS Name:               Linux
11-Dec-2025 18:01:38.798 INFO [main] org.apache.catalina.startup.VersionLoggerListener.log OS Version:            6.1.0-40-amd64
11-Dec-2025 18:01:38.798 INFO [main] org.apache.catalina.startup.VersionLoggerListener.log Architecture:          amd64
11-Dec-2025 18:01:38.798 INFO [main] org.apache.catalina.startup.VersionLoggerListener.log Java Home:             /usr/lib/jvm/java-17-openjdk-amd64
11-Dec-2025 18:01:38.798 INFO [main] org.apache.catalina.startup.VersionLoggerListener.log JVM Version:           17.0.17+10-Debian-1deb12u1
11-Dec-2025 18:01:38.798 INFO [main] org.apache.catalina.startup.VersionLoggerListener.log JVM Vendor:            Debian
11-Dec-2025 18:01:38.798 INFO [main] org.apache.catalina.startup.VersionLoggerListener.log CATALINA_BASE:         /home/infoetu/baptiste.lavogiez.etu/ctp-web/tomcat
11-Dec-2025 18:01:38.798 INFO [main] org.apache.catalina.startup.VersionLoggerListener.log CATALINA_HOME:         /home/infoetu/baptiste.lavogiez.etu/ctp-web/tomcat
11-Dec-2025 18:01:38.801 INFO [main] org.apache.catalina.startup.VersionLoggerListener.log Command line argument: -Djava.util.logging.config.file=/home/infoetu/baptiste.lavogiez.etu/ctp-web/tomcat/conf/logging.properties
11-Dec-2025 18:01:38.801 INFO [main] org.apache.catalina.startup.VersionLoggerListener.log Command line argument: -Djava.util.logging.manager=org.apache.juli.ClassLoaderLogManager
11-Dec-2025 18:01:38.801 INFO [main] org.apache.catalina.startup.VersionLoggerListener.log Command line argument: -Djdk.tls.ephemeralDHKeySize=2048
11-Dec-2025 18:01:38.801 INFO [main] org.apache.catalina.startup.VersionLoggerListener.log Command line argument: -Dorg.apache.catalina.security.SecurityListener.UMASK=0027
11-Dec-2025 18:01:38.801 INFO [main] org.apache.catalina.startup.VersionLoggerListener.log Command line argument: --add-opens=java.base/java.lang=ALL-UNNAMED
11-Dec-2025 18:01:38.801 INFO [main] org.apache.catalina.startup.VersionLoggerListener.log Command line argument: --add-opens=java.base/java.lang.reflect=ALL-UNNAMED
11-Dec-2025 18:01:38.801 INFO [main] org.apache.catalina.startup.VersionLoggerListener.log Command line argument: --add-opens=java.base/java.io=ALL-UNNAMED
11-Dec-2025 18:01:38.801 INFO [main] org.apache.catalina.startup.VersionLoggerListener.log Command line argument: --add-opens=java.base/java.util=ALL-UNNAMED
11-Dec-2025 18:01:38.801 INFO [main] org.apache.catalina.startup.VersionLoggerListener.log Command line argument: --add-opens=java.base/java.util.concurrent=ALL-UNNAMED
11-Dec-2025 18:01:38.802 INFO [main] org.apache.catalina.startup.VersionLoggerListener.log Command line argument: --add-opens=java.rmi/sun.rmi.transport=ALL-UNNAMED
11-Dec-2025 18:01:38.802 INFO [main] org.apache.catalina.startup.VersionLoggerListener.log Command line argument: --enable-native-access=ALL-UNNAMED
11-Dec-2025 18:01:38.802 INFO [main] org.apache.catalina.startup.VersionLoggerListener.log Command line argument: -Dcatalina.base=/home/infoetu/baptiste.lavogiez.etu/ctp-web/tomcat
11-Dec-2025 18:01:38.802 INFO [main] org.apache.catalina.startup.VersionLoggerListener.log Command line argument: -Dcatalina.home=/home/infoetu/baptiste.lavogiez.etu/ctp-web/tomcat
11-Dec-2025 18:01:38.802 INFO [main] org.apache.catalina.startup.VersionLoggerListener.log Command line argument: -Djava.io.tmpdir=/home/infoetu/baptiste.lavogiez.etu/ctp-web/tomcat/temp
11-Dec-2025 18:01:38.803 INFO [main] org.apache.catalina.core.AprLifecycleListener.lifecycleEvent The Apache Tomcat Native library which allows using OpenSSL was not found on the java.library.path: [/usr/java/packages/lib:/usr/lib/x86_64-linux-gnu/jni:/lib/x86_64-linux-gnu:/usr/lib/x86_64-linux-gnu:/usr/lib/jni:/lib:/usr/lib]
11-Dec-2025 18:01:38.907 INFO [main] org.apache.coyote.AbstractProtocol.init Initializing ProtocolHandler ["http-nio-8080"]
11-Dec-2025 18:01:38.917 INFO [main] org.apache.catalina.startup.Catalina.load Server initialization in [190] milliseconds
11-Dec-2025 18:01:38.936 INFO [main] org.apache.catalina.core.StandardService.startInternal Starting service [Catalina]
11-Dec-2025 18:01:38.936 INFO [main] org.apache.catalina.core.StandardEngine.startInternal Starting Servlet engine: [Apache Tomcat/11.0.13]
11-Dec-2025 18:01:38.941 INFO [main] org.apache.catalina.startup.HostConfig.deployDirectory Deploying web application directory [/home/infoetu/baptiste.lavogiez.etu/ctp-web/tomcat/webapps/ROOT]
11-Dec-2025 18:01:39.117 INFO [main] org.apache.jasper.servlet.TldScanner.scanJars At least one JAR was scanned for TLDs yet contained no TLDs. Enable debug logging for this logger for a complete list of JARs that were scanned but no TLDs were found in them. Skipping unneeded JARs during scanning can improve startup time and JSP compilation time.
11-Dec-2025 18:01:39.136 INFO [main] org.apache.catalina.startup.HostConfig.deployDirectory Deployment of web application directory [/home/infoetu/baptiste.lavogiez.etu/ctp-web/tomcat/webapps/ROOT] has finished in [194] ms
11-Dec-2025 18:01:39.136 INFO [main] org.apache.catalina.startup.HostConfig.deployDirectory Deploying web application directory [/home/infoetu/baptiste.lavogiez.etu/ctp-web/tomcat/webapps/docs]
11-Dec-2025 18:01:39.194 INFO [main] org.apache.jasper.servlet.TldScanner.scanJars At least one JAR was scanned for TLDs yet contained no TLDs. Enable debug logging for this logger for a complete list of JARs that were scanned but no TLDs were found in them. Skipping unneeded JARs during scanning can improve startup time and JSP compilation time.
11-Dec-2025 18:01:39.195 INFO [main] org.apache.catalina.startup.HostConfig.deployDirectory Deployment of web application directory [/home/infoetu/baptiste.lavogiez.etu/ctp-web/tomcat/webapps/docs] has finished in [59] ms
11-Dec-2025 18:01:39.195 INFO [main] org.apache.catalina.startup.HostConfig.deployDirectory Deploying web application directory [/home/infoetu/baptiste.lavogiez.etu/ctp-web/tomcat/webapps/manager]
11-Dec-2025 18:01:39.255 INFO [main] org.apache.jasper.servlet.TldScanner.scanJars At least one JAR was scanned for TLDs yet contained no TLDs. Enable debug logging for this logger for a complete list of JARs that were scanned but no TLDs were found in them. Skipping unneeded JARs during scanning can improve startup time and JSP compilation time.
11-Dec-2025 18:01:39.258 INFO [main] org.apache.catalina.startup.HostConfig.deployDirectory Deployment of web application directory [/home/infoetu/baptiste.lavogiez.etu/ctp-web/tomcat/webapps/manager] has finished in [63] ms
11-Dec-2025 18:01:39.258 INFO [main] org.apache.catalina.startup.HostConfig.deployDirectory Deploying web application directory [/home/infoetu/baptiste.lavogiez.etu/ctp-web/tomcat/webapps/host-manager]
11-Dec-2025 18:01:39.306 INFO [main] org.apache.jasper.servlet.TldScanner.scanJars At least one JAR was scanned for TLDs yet contained no TLDs. Enable debug logging for this logger for a complete list of JARs that were scanned but no TLDs were found in them. Skipping unneeded JARs during scanning can improve startup time and JSP compilation time.
11-Dec-2025 18:01:39.307 INFO [main] org.apache.catalina.startup.HostConfig.deployDirectory Deployment of web application directory [/home/infoetu/baptiste.lavogiez.etu/ctp-web/tomcat/webapps/host-manager] has finished in [49] ms
11-Dec-2025 18:01:39.307 INFO [main] org.apache.catalina.startup.HostConfig.deployDirectory Deploying web application directory [/home/infoetu/baptiste.lavogiez.etu/ctp-web/tomcat/webapps/vide]
11-Dec-2025 18:01:39.363 INFO [main] org.apache.jasper.servlet.TldScanner.scanJars At least one JAR was scanned for TLDs yet contained no TLDs. Enable debug logging for this logger for a complete list of JARs that were scanned but no TLDs were found in them. Skipping unneeded JARs during scanning can improve startup time and JSP compilation time.
11-Dec-2025 18:01:39.365 INFO [main] org.apache.catalina.startup.HostConfig.deployDirectory Deployment of web application directory [/home/infoetu/baptiste.lavogiez.etu/ctp-web/tomcat/webapps/vide] has finished in [58] ms
11-Dec-2025 18:01:39.365 INFO [main] org.apache.catalina.startup.HostConfig.deployDirectory Deploying web application directory [/home/infoetu/baptiste.lavogiez.etu/ctp-web/tomcat/webapps/examples]
11-Dec-2025 18:01:39.553 INFO [main] org.apache.jasper.servlet.TldScanner.scanJars At least one JAR was scanned for TLDs yet contained no TLDs. Enable debug logging for this logger for a complete list of JARs that were scanned but no TLDs were found in them. Skipping unneeded JARs during scanning can improve startup time and JSP compilation time.
11-Dec-2025 18:01:39.566 INFO [main] org.apache.catalina.startup.HostConfig.deployDirectory Deployment of web application directory [/home/infoetu/baptiste.lavogiez.etu/ctp-web/tomcat/webapps/examples] has finished in [201] ms
11-Dec-2025 18:01:39.566 INFO [main] org.apache.catalina.startup.HostConfig.deployDirectory Deploying web application directory [/home/infoetu/baptiste.lavogiez.etu/ctp-web/tomcat/webapps/ctp]
11-Dec-2025 18:01:39.628 INFO [main] org.apache.jasper.servlet.TldScanner.scanJars At least one JAR was scanned for TLDs yet contained no TLDs. Enable debug logging for this logger for a complete list of JARs that were scanned but no TLDs were found in them. Skipping unneeded JARs during scanning can improve startup time and JSP compilation time.
11-Dec-2025 18:01:39.629 INFO [main] org.apache.catalina.startup.HostConfig.deployDirectory Deployment of web application directory [/home/infoetu/baptiste.lavogiez.etu/ctp-web/tomcat/webapps/ctp] has finished in [63] ms
11-Dec-2025 18:01:39.631 INFO [main] org.apache.coyote.AbstractProtocol.start Starting ProtocolHandler ["http-nio-8080"]
11-Dec-2025 18:01:39.637 INFO [main] org.apache.catalina.startup.Catalina.start Server startup in [719] milliseconds
11-Dec-2025 18:05:20.637 INFO [Thread-1] org.apache.coyote.AbstractProtocol.pause Pausing ProtocolHandler ["http-nio-8080"]
11-Dec-2025 18:05:20.641 INFO [Thread-1] org.apache.catalina.core.StandardService.stopInternal Stopping service [Catalina]
11-Dec-2025 18:05:20.663 INFO [Thread-1] org.apache.coyote.AbstractProtocol.stop Stopping ProtocolHandler ["http-nio-8080"]
11-Dec-2025 18:05:20.673 INFO [Thread-1] org.apache.coyote.AbstractProtocol.destroy Destroying ProtocolHandler ["http-nio-8080"]
11-Dec-2025 18:05:22.295 INFO [main] org.apache.catalina.startup.VersionLoggerListener.log Server version name:   Apache Tomcat/11.0.13
11-Dec-2025 18:05:22.297 INFO [main] org.apache.catalina.startup.VersionLoggerListener.log Server built:          Oct 10 2025 13:57:31 UTC
11-Dec-2025 18:05:22.297 INFO [main] org.apache.catalina.startup.VersionLoggerListener.log Server version number: 11.0.13.0
11-Dec-2025 18:05:22.297 INFO [main] org.apache.catalina.startup.VersionLoggerListener.log OS Name:               Linux
11-Dec-2025 18:05:22.298 INFO [main] org.apache.catalina.startup.VersionLoggerListener.log OS Version:            6.1.0-40-amd64
11-Dec-2025 18:05:22.298 INFO [main] org.apache.catalina.startup.VersionLoggerListener.log Architecture:          amd64
11-Dec-2025 18:05:22.298 INFO [main] org.apache.catalina.startup.VersionLoggerListener.log Java Home:             /usr/lib/jvm/java-17-openjdk-amd64
11-Dec-2025 18:05:22.298 INFO [main] org.apache.catalina.startup.VersionLoggerListener.log JVM Version:           17.0.17+10-Debian-1deb12u1
11-Dec-2025 18:05:22.298 INFO [main] org.apache.catalina.startup.VersionLoggerListener.log JVM Vendor:            Debian
11-Dec-2025 18:05:22.298 INFO [main] org.apache.catalina.startup.VersionLoggerListener.log CATALINA_BASE:         /home/infoetu/baptiste.lavogiez.etu/ctp-web/tomcat
11-Dec-2025 18:05:22.298 INFO [main] org.apache.catalina.startup.VersionLoggerListener.log CATALINA_HOME:         /home/infoetu/baptiste.lavogiez.etu/ctp-web/tomcat
11-Dec-2025 18:05:22.301 INFO [main] org.apache.catalina.startup.VersionLoggerListener.log Command line argument: -Djava.util.logging.config.file=/home/infoetu/baptiste.lavogiez.etu/ctp-web/tomcat/conf/logging.properties
11-Dec-2025 18:05:22.302 INFO [main] org.apache.catalina.startup.VersionLoggerListener.log Command line argument: -Djava.util.logging.manager=org.apache.juli.ClassLoaderLogManager
11-Dec-2025 18:05:22.302 INFO [main] org.apache.catalina.startup.VersionLoggerListener.log Command line argument: -Djdk.tls.ephemeralDHKeySize=2048
11-Dec-2025 18:05:22.302 INFO [main] org.apache.catalina.startup.VersionLoggerListener.log Command line argument: -Dorg.apache.catalina.security.SecurityListener.UMASK=0027
11-Dec-2025 18:05:22.302 INFO [main] org.apache.catalina.startup.VersionLoggerListener.log Command line argument: --add-opens=java.base/java.lang=ALL-UNNAMED
11-Dec-2025 18:05:22.302 INFO [main] org.apache.catalina.startup.VersionLoggerListener.log Command line argument: --add-opens=java.base/java.lang.reflect=ALL-UNNAMED
11-Dec-2025 18:05:22.302 INFO [main] org.apache.catalina.startup.VersionLoggerListener.log Command line argument: --add-opens=java.base/java.io=ALL-UNNAMED
11-Dec-2025 18:05:22.302 INFO [main] org.apache.catalina.startup.VersionLoggerListener.log Command line argument: --add-opens=java.base/java.util=ALL-UNNAMED
11-Dec-2025 18:05:22.302 INFO [main] org.apache.catalina.startup.VersionLoggerListener.log Command line argument: --add-opens=java.base/java.util.concurrent=ALL-UNNAMED
11-Dec-2025 18:05:22.302 INFO [main] org.apache.catalina.startup.VersionLoggerListener.log Command line argument: --add-opens=java.rmi/sun.rmi.transport=ALL-UNNAMED
11-Dec-2025 18:05:22.302 INFO [main] org.apache.catalina.startup.VersionLoggerListener.log Command line argument: --enable-native-access=ALL-UNNAMED
11-Dec-2025 18:05:22.302 INFO [main] org.apache.catalina.startup.VersionLoggerListener.log Command line argument: -Dcatalina.base=/home/infoetu/baptiste.lavogiez.etu/ctp-web/tomcat
11-Dec-2025 18:05:22.302 INFO [main] org.apache.catalina.startup.VersionLoggerListener.log Command line argument: -Dcatalina.home=/home/infoetu/baptiste.lavogiez.etu/ctp-web/tomcat
11-Dec-2025 18:05:22.302 INFO [main] org.apache.catalina.startup.VersionLoggerListener.log Command line argument: -Djava.io.tmpdir=/home/infoetu/baptiste.lavogiez.etu/ctp-web/tomcat/temp
11-Dec-2025 18:05:22.303 INFO [main] org.apache.catalina.core.AprLifecycleListener.lifecycleEvent The Apache Tomcat Native library which allows using OpenSSL was not found on the java.library.path: [/usr/java/packages/lib:/usr/lib/x86_64-linux-gnu/jni:/lib/x86_64-linux-gnu:/usr/lib/x86_64-linux-gnu:/usr/lib/jni:/lib:/usr/lib]
11-Dec-2025 18:05:22.397 INFO [main] org.apache.coyote.AbstractProtocol.init Initializing ProtocolHandler ["http-nio-8080"]
11-Dec-2025 18:05:22.409 INFO [main] org.apache.catalina.startup.Catalina.load Server initialization in [182] milliseconds
11-Dec-2025 18:05:22.425 INFO [main] org.apache.catalina.core.StandardService.startInternal Starting service [Catalina]
11-Dec-2025 18:05:22.425 INFO [main] org.apache.catalina.core.StandardEngine.startInternal Starting Servlet engine: [Apache Tomcat/11.0.13]
11-Dec-2025 18:05:22.430 INFO [main] org.apache.catalina.startup.HostConfig.deployDirectory Deploying web application directory [/home/infoetu/baptiste.lavogiez.etu/ctp-web/tomcat/webapps/ROOT]
11-Dec-2025 18:05:22.587 INFO [main] org.apache.jasper.servlet.TldScanner.scanJars At least one JAR was scanned for TLDs yet contained no TLDs. Enable debug logging for this logger for a complete list of JARs that were scanned but no TLDs were found in them. Skipping unneeded JARs during scanning can improve startup time and JSP compilation time.
11-Dec-2025 18:05:22.602 INFO [main] org.apache.catalina.startup.HostConfig.deployDirectory Deployment of web application directory [/home/infoetu/baptiste.lavogiez.etu/ctp-web/tomcat/webapps/ROOT] has finished in [172] ms
11-Dec-2025 18:05:22.602 INFO [main] org.apache.catalina.startup.HostConfig.deployDirectory Deploying web application directory [/home/infoetu/baptiste.lavogiez.etu/ctp-web/tomcat/webapps/docs]
11-Dec-2025 18:05:22.651 INFO [main] org.apache.jasper.servlet.TldScanner.scanJars At least one JAR was scanned for TLDs yet contained no TLDs. Enable debug logging for this logger for a complete list of JARs that were scanned but no TLDs were found in them. Skipping unneeded JARs during scanning can improve startup time and JSP compilation time.
11-Dec-2025 18:05:22.652 INFO [main] org.apache.catalina.startup.HostConfig.deployDirectory Deployment of web application directory [/home/infoetu/baptiste.lavogiez.etu/ctp-web/tomcat/webapps/docs] has finished in [50] ms
11-Dec-2025 18:05:22.652 INFO [main] org.apache.catalina.startup.HostConfig.deployDirectory Deploying web application directory [/home/infoetu/baptiste.lavogiez.etu/ctp-web/tomcat/webapps/manager]
11-Dec-2025 18:05:22.702 INFO [main] org.apache.jasper.servlet.TldScanner.scanJars At least one JAR was scanned for TLDs yet contained no TLDs. Enable debug logging for this logger for a complete list of JARs that were scanned but no TLDs were found in them. Skipping unneeded JARs during scanning can improve startup time and JSP compilation time.
11-Dec-2025 18:05:22.704 INFO [main] org.apache.catalina.startup.HostConfig.deployDirectory Deployment of web application directory [/home/infoetu/baptiste.lavogiez.etu/ctp-web/tomcat/webapps/manager] has finished in [52] ms
11-Dec-2025 18:05:22.704 INFO [main] org.apache.catalina.startup.HostConfig.deployDirectory Deploying web application directory [/home/infoetu/baptiste.lavogiez.etu/ctp-web/tomcat/webapps/host-manager]
11-Dec-2025 18:05:22.750 INFO [main] org.apache.jasper.servlet.TldScanner.scanJars At least one JAR was scanned for TLDs yet contained no TLDs. Enable debug logging for this logger for a complete list of JARs that were scanned but no TLDs were found in them. Skipping unneeded JARs during scanning can improve startup time and JSP compilation time.
11-Dec-2025 18:05:22.751 INFO [main] org.apache.catalina.startup.HostConfig.deployDirectory Deployment of web application directory [/home/infoetu/baptiste.lavogiez.etu/ctp-web/tomcat/webapps/host-manager] has finished in [47] ms
11-Dec-2025 18:05:22.751 INFO [main] org.apache.catalina.startup.HostConfig.deployDirectory Deploying web application directory [/home/infoetu/baptiste.lavogiez.etu/ctp-web/tomcat/webapps/vide]
11-Dec-2025 18:05:22.805 INFO [main] org.apache.jasper.servlet.TldScanner.scanJars At least one JAR was scanned for TLDs yet contained no TLDs. Enable debug logging for this logger for a complete list of JARs that were scanned but no TLDs were found in them. Skipping unneeded JARs during scanning can improve startup time and JSP compilation time.
11-Dec-2025 18:05:22.807 INFO [main] org.apache.catalina.startup.HostConfig.deployDirectory Deployment of web application directory [/home/infoetu/baptiste.lavogiez.etu/ctp-web/tomcat/webapps/vide] has finished in [56] ms
11-Dec-2025 18:05:22.807 INFO [main] org.apache.catalina.startup.HostConfig.deployDirectory Deploying web application directory [/home/infoetu/baptiste.lavogiez.etu/ctp-web/tomcat/webapps/examples]
11-Dec-2025 18:05:23.005 INFO [main] org.apache.jasper.servlet.TldScanner.scanJars At least one JAR was scanned for TLDs yet contained no TLDs. Enable debug logging for this logger for a complete list of JARs that were scanned but no TLDs were found in them. Skipping unneeded JARs during scanning can improve startup time and JSP compilation time.
11-Dec-2025 18:05:23.017 INFO [main] org.apache.catalina.startup.HostConfig.deployDirectory Deployment of web application directory [/home/infoetu/baptiste.lavogiez.etu/ctp-web/tomcat/webapps/examples] has finished in [210] ms
11-Dec-2025 18:05:23.017 INFO [main] org.apache.catalina.startup.HostConfig.deployDirectory Deploying web application directory [/home/infoetu/baptiste.lavogiez.etu/ctp-web/tomcat/webapps/ctp]
11-Dec-2025 18:05:23.084 INFO [main] org.apache.jasper.servlet.TldScanner.scanJars At least one JAR was scanned for TLDs yet contained no TLDs. Enable debug logging for this logger for a complete list of JARs that were scanned but no TLDs were found in them. Skipping unneeded JARs during scanning can improve startup time and JSP compilation time.
11-Dec-2025 18:05:23.084 INFO [main] org.apache.catalina.startup.HostConfig.deployDirectory Deployment of web application directory [/home/infoetu/baptiste.lavogiez.etu/ctp-web/tomcat/webapps/ctp] has finished in [67] ms
11-Dec-2025 18:05:23.086 INFO [main] org.apache.coyote.AbstractProtocol.start Starting ProtocolHandler ["http-nio-8080"]
11-Dec-2025 18:05:23.093 INFO [main] org.apache.catalina.startup.Catalina.start Server startup in [683] milliseconds
11-Dec-2025 18:06:37.069 INFO [Thread-1] org.apache.coyote.AbstractProtocol.pause Pausing ProtocolHandler ["http-nio-8080"]
11-Dec-2025 18:06:37.073 INFO [Thread-1] org.apache.catalina.core.StandardService.stopInternal Stopping service [Catalina]
11-Dec-2025 18:06:37.094 INFO [Thread-1] org.apache.coyote.AbstractProtocol.stop Stopping ProtocolHandler ["http-nio-8080"]
11-Dec-2025 18:06:37.105 INFO [Thread-1] org.apache.coyote.AbstractProtocol.destroy Destroying ProtocolHandler ["http-nio-8080"]
11-Dec-2025 18:06:37.948 INFO [main] org.apache.catalina.startup.VersionLoggerListener.log Server version name:   Apache Tomcat/11.0.13
11-Dec-2025 18:06:37.950 INFO [main] org.apache.catalina.startup.VersionLoggerListener.log Server built:          Oct 10 2025 13:57:31 UTC
11-Dec-2025 18:06:37.950 INFO [main] org.apache.catalina.startup.VersionLoggerListener.log Server version number: 11.0.13.0
11-Dec-2025 18:06:37.950 INFO [main] org.apache.catalina.startup.VersionLoggerListener.log OS Name:               Linux
11-Dec-2025 18:06:37.950 INFO [main] org.apache.catalina.startup.VersionLoggerListener.log OS Version:            6.1.0-40-amd64
11-Dec-2025 18:06:37.950 INFO [main] org.apache.catalina.startup.VersionLoggerListener.log Architecture:          amd64
11-Dec-2025 18:06:37.950 INFO [main] org.apache.catalina.startup.VersionLoggerListener.log Java Home:             /usr/lib/jvm/java-17-openjdk-amd64
11-Dec-2025 18:06:37.950 INFO [main] org.apache.catalina.startup.VersionLoggerListener.log JVM Version:           17.0.17+10-Debian-1deb12u1
11-Dec-2025 18:06:37.950 INFO [main] org.apache.catalina.startup.VersionLoggerListener.log JVM Vendor:            Debian
11-Dec-2025 18:06:37.951 INFO [main] org.apache.catalina.startup.VersionLoggerListener.log CATALINA_BASE:         /home/infoetu/baptiste.lavogiez.etu/ctp-web/tomcat
11-Dec-2025 18:06:37.951 INFO [main] org.apache.catalina.startup.VersionLoggerListener.log CATALINA_HOME:         /home/infoetu/baptiste.lavogiez.etu/ctp-web/tomcat
11-Dec-2025 18:06:37.954 INFO [main] org.apache.catalina.startup.VersionLoggerListener.log Command line argument: -Djava.util.logging.config.file=/home/infoetu/baptiste.lavogiez.etu/ctp-web/tomcat/conf/logging.properties
11-Dec-2025 18:06:37.954 INFO [main] org.apache.catalina.startup.VersionLoggerListener.log Command line argument: -Djava.util.logging.manager=org.apache.juli.ClassLoaderLogManager
11-Dec-2025 18:06:37.955 INFO [main] org.apache.catalina.startup.VersionLoggerListener.log Command line argument: -Djdk.tls.ephemeralDHKeySize=2048
11-Dec-2025 18:06:37.955 INFO [main] org.apache.catalina.startup.VersionLoggerListener.log Command line argument: -Dorg.apache.catalina.security.SecurityListener.UMASK=0027
11-Dec-2025 18:06:37.955 INFO [main] org.apache.catalina.startup.VersionLoggerListener.log Command line argument: --add-opens=java.base/java.lang=ALL-UNNAMED
11-Dec-2025 18:06:37.955 INFO [main] org.apache.catalina.startup.VersionLoggerListener.log Command line argument: --add-opens=java.base/java.lang.reflect=ALL-UNNAMED
11-Dec-2025 18:06:37.955 INFO [main] org.apache.catalina.startup.VersionLoggerListener.log Command line argument: --add-opens=java.base/java.io=ALL-UNNAMED
11-Dec-2025 18:06:37.955 INFO [main] org.apache.catalina.startup.VersionLoggerListener.log Command line argument: --add-opens=java.base/java.util=ALL-UNNAMED
11-Dec-2025 18:06:37.955 INFO [main] org.apache.catalina.startup.VersionLoggerListener.log Command line argument: --add-opens=java.base/java.util.concurrent=ALL-UNNAMED
11-Dec-2025 18:06:37.955 INFO [main] org.apache.catalina.startup.VersionLoggerListener.log Command line argument: --add-opens=java.rmi/sun.rmi.transport=ALL-UNNAMED
11-Dec-2025 18:06:37.955 INFO [main] org.apache.catalina.startup.VersionLoggerListener.log Command line argument: --enable-native-access=ALL-UNNAMED
11-Dec-2025 18:06:37.955 INFO [main] org.apache.catalina.startup.VersionLoggerListener.log Command line argument: -Dcatalina.base=/home/infoetu/baptiste.lavogiez.etu/ctp-web/tomcat
11-Dec-2025 18:06:37.955 INFO [main] org.apache.catalina.startup.VersionLoggerListener.log Command line argument: -Dcatalina.home=/home/infoetu/baptiste.lavogiez.etu/ctp-web/tomcat
11-Dec-2025 18:06:37.956 INFO [main] org.apache.catalina.startup.VersionLoggerListener.log Command line argument: -Djava.io.tmpdir=/home/infoetu/baptiste.lavogiez.etu/ctp-web/tomcat/temp
11-Dec-2025 18:06:37.956 INFO [main] org.apache.catalina.core.AprLifecycleListener.lifecycleEvent The Apache Tomcat Native library which allows using OpenSSL was not found on the java.library.path: [/usr/java/packages/lib:/usr/lib/x86_64-linux-gnu/jni:/lib/x86_64-linux-gnu:/usr/lib/x86_64-linux-gnu:/usr/lib/jni:/lib:/usr/lib]
11-Dec-2025 18:06:38.057 INFO [main] org.apache.coyote.AbstractProtocol.init Initializing ProtocolHandler ["http-nio-8080"]
11-Dec-2025 18:06:38.072 INFO [main] org.apache.catalina.startup.Catalina.load Server initialization in [192] milliseconds
11-Dec-2025 18:06:38.088 INFO [main] org.apache.catalina.core.StandardService.startInternal Starting service [Catalina]
11-Dec-2025 18:06:38.088 INFO [main] org.apache.catalina.core.StandardEngine.startInternal Starting Servlet engine: [Apache Tomcat/11.0.13]
11-Dec-2025 18:06:38.093 INFO [main] org.apache.catalina.startup.HostConfig.deployDirectory Deploying web application directory [/home/infoetu/baptiste.lavogiez.etu/ctp-web/tomcat/webapps/ROOT]
11-Dec-2025 18:06:38.243 INFO [main] org.apache.jasper.servlet.TldScanner.scanJars At least one JAR was scanned for TLDs yet contained no TLDs. Enable debug logging for this logger for a complete list of JARs that were scanned but no TLDs were found in them. Skipping unneeded JARs during scanning can improve startup time and JSP compilation time.
11-Dec-2025 18:06:38.258 INFO [main] org.apache.catalina.startup.HostConfig.deployDirectory Deployment of web application directory [/home/infoetu/baptiste.lavogiez.etu/ctp-web/tomcat/webapps/ROOT] has finished in [165] ms
11-Dec-2025 18:06:38.258 INFO [main] org.apache.catalina.startup.HostConfig.deployDirectory Deploying web application directory [/home/infoetu/baptiste.lavogiez.etu/ctp-web/tomcat/webapps/docs]
11-Dec-2025 18:06:38.307 INFO [main] org.apache.jasper.servlet.TldScanner.scanJars At least one JAR was scanned for TLDs yet contained no TLDs. Enable debug logging for this logger for a complete list of JARs that were scanned but no TLDs were found in them. Skipping unneeded JARs during scanning can improve startup time and JSP compilation time.
11-Dec-2025 18:06:38.308 INFO [main] org.apache.catalina.startup.HostConfig.deployDirectory Deployment of web application directory [/home/infoetu/baptiste.lavogiez.etu/ctp-web/tomcat/webapps/docs] has finished in [50] ms
11-Dec-2025 18:06:38.308 INFO [main] org.apache.catalina.startup.HostConfig.deployDirectory Deploying web application directory [/home/infoetu/baptiste.lavogiez.etu/ctp-web/tomcat/webapps/manager]
11-Dec-2025 18:06:38.358 INFO [main] org.apache.jasper.servlet.TldScanner.scanJars At least one JAR was scanned for TLDs yet contained no TLDs. Enable debug logging for this logger for a complete list of JARs that were scanned but no TLDs were found in them. Skipping unneeded JARs during scanning can improve startup time and JSP compilation time.
11-Dec-2025 18:06:38.361 INFO [main] org.apache.catalina.startup.HostConfig.deployDirectory Deployment of web application directory [/home/infoetu/baptiste.lavogiez.etu/ctp-web/tomcat/webapps/manager] has finished in [52] ms
11-Dec-2025 18:06:38.361 INFO [main] org.apache.catalina.startup.HostConfig.deployDirectory Deploying web application directory [/home/infoetu/baptiste.lavogiez.etu/ctp-web/tomcat/webapps/host-manager]
11-Dec-2025 18:06:38.408 INFO [main] org.apache.jasper.servlet.TldScanner.scanJars At least one JAR was scanned for TLDs yet contained no TLDs. Enable debug logging for this logger for a complete list of JARs that were scanned but no TLDs were found in them. Skipping unneeded JARs during scanning can improve startup time and JSP compilation time.
11-Dec-2025 18:06:38.409 INFO [main] org.apache.catalina.startup.HostConfig.deployDirectory Deployment of web application directory [/home/infoetu/baptiste.lavogiez.etu/ctp-web/tomcat/webapps/host-manager] has finished in [48] ms
11-Dec-2025 18:06:38.409 INFO [main] org.apache.catalina.startup.HostConfig.deployDirectory Deploying web application directory [/home/infoetu/baptiste.lavogiez.etu/ctp-web/tomcat/webapps/vide]
11-Dec-2025 18:06:38.464 INFO [main] org.apache.jasper.servlet.TldScanner.scanJars At least one JAR was scanned for TLDs yet contained no TLDs. Enable debug logging for this logger for a complete list of JARs that were scanned but no TLDs were found in them. Skipping unneeded JARs during scanning can improve startup time and JSP compilation time.
11-Dec-2025 18:06:38.465 INFO [main] org.apache.catalina.startup.HostConfig.deployDirectory Deployment of web application directory [/home/infoetu/baptiste.lavogiez.etu/ctp-web/tomcat/webapps/vide] has finished in [56] ms
11-Dec-2025 18:06:38.466 INFO [main] org.apache.catalina.startup.HostConfig.deployDirectory Deploying web application directory [/home/infoetu/baptiste.lavogiez.etu/ctp-web/tomcat/webapps/examples]
11-Dec-2025 18:06:38.661 INFO [main] org.apache.jasper.servlet.TldScanner.scanJars At least one JAR was scanned for TLDs yet contained no TLDs. Enable debug logging for this logger for a complete list of JARs that were scanned but no TLDs were found in them. Skipping unneeded JARs during scanning can improve startup time and JSP compilation time.
11-Dec-2025 18:06:38.676 INFO [main] org.apache.catalina.startup.HostConfig.deployDirectory Deployment of web application directory [/home/infoetu/baptiste.lavogiez.etu/ctp-web/tomcat/webapps/examples] has finished in [210] ms
11-Dec-2025 18:06:38.676 INFO [main] org.apache.catalina.startup.HostConfig.deployDirectory Deploying web application directory [/home/infoetu/baptiste.lavogiez.etu/ctp-web/tomcat/webapps/ctp]
11-Dec-2025 18:06:38.741 INFO [main] org.apache.jasper.servlet.TldScanner.scanJars At least one JAR was scanned for TLDs yet contained no TLDs. Enable debug logging for this logger for a complete list of JARs that were scanned but no TLDs were found in them. Skipping unneeded JARs during scanning can improve startup time and JSP compilation time.
11-Dec-2025 18:06:38.742 INFO [main] org.apache.catalina.startup.HostConfig.deployDirectory Deployment of web application directory [/home/infoetu/baptiste.lavogiez.etu/ctp-web/tomcat/webapps/ctp] has finished in [66] ms
11-Dec-2025 18:06:38.744 INFO [main] org.apache.coyote.AbstractProtocol.start Starting ProtocolHandler ["http-nio-8080"]
11-Dec-2025 18:06:38.751 INFO [main] org.apache.catalina.startup.Catalina.start Server startup in [678] milliseconds
11-Dec-2025 18:06:56.333 INFO [Thread-1] org.apache.coyote.AbstractProtocol.pause Pausing ProtocolHandler ["http-nio-8080"]
11-Dec-2025 18:06:56.336 INFO [Thread-1] org.apache.catalina.core.StandardService.stopInternal Stopping service [Catalina]
11-Dec-2025 18:06:56.353 INFO [Thread-1] org.apache.coyote.AbstractProtocol.stop Stopping ProtocolHandler ["http-nio-8080"]
11-Dec-2025 18:06:56.359 INFO [Thread-1] org.apache.coyote.AbstractProtocol.destroy Destroying ProtocolHandler ["http-nio-8080"]
11-Dec-2025 18:06:57.165 INFO [main] org.apache.catalina.startup.VersionLoggerListener.log Server version name:   Apache Tomcat/11.0.13
11-Dec-2025 18:06:57.167 INFO [main] org.apache.catalina.startup.VersionLoggerListener.log Server built:          Oct 10 2025 13:57:31 UTC
11-Dec-2025 18:06:57.167 INFO [main] org.apache.catalina.startup.VersionLoggerListener.log Server version number: 11.0.13.0
11-Dec-2025 18:06:57.167 INFO [main] org.apache.catalina.startup.VersionLoggerListener.log OS Name:               Linux
11-Dec-2025 18:06:57.167 INFO [main] org.apache.catalina.startup.VersionLoggerListener.log OS Version:            6.1.0-40-amd64
11-Dec-2025 18:06:57.167 INFO [main] org.apache.catalina.startup.VersionLoggerListener.log Architecture:          amd64
11-Dec-2025 18:06:57.167 INFO [main] org.apache.catalina.startup.VersionLoggerListener.log Java Home:             /usr/lib/jvm/java-17-openjdk-amd64
11-Dec-2025 18:06:57.167 INFO [main] org.apache.catalina.startup.VersionLoggerListener.log JVM Version:           17.0.17+10-Debian-1deb12u1
11-Dec-2025 18:06:57.167 INFO [main] org.apache.catalina.startup.VersionLoggerListener.log JVM Vendor:            Debian
11-Dec-2025 18:06:57.167 INFO [main] org.apache.catalina.startup.VersionLoggerListener.log CATALINA_BASE:         /home/infoetu/baptiste.lavogiez.etu/ctp-web/tomcat
11-Dec-2025 18:06:57.168 INFO [main] org.apache.catalina.startup.VersionLoggerListener.log CATALINA_HOME:         /home/infoetu/baptiste.lavogiez.etu/ctp-web/tomcat
11-Dec-2025 18:06:57.171 INFO [main] org.apache.catalina.startup.VersionLoggerListener.log Command line argument: -Djava.util.logging.config.file=/home/infoetu/baptiste.lavogiez.etu/ctp-web/tomcat/conf/logging.properties
11-Dec-2025 18:06:57.171 INFO [main] org.apache.catalina.startup.VersionLoggerListener.log Command line argument: -Djava.util.logging.manager=org.apache.juli.ClassLoaderLogManager
11-Dec-2025 18:06:57.171 INFO [main] org.apache.catalina.startup.VersionLoggerListener.log Command line argument: -Djdk.tls.ephemeralDHKeySize=2048
11-Dec-2025 18:06:57.171 INFO [main] org.apache.catalina.startup.VersionLoggerListener.log Command line argument: -Dorg.apache.catalina.security.SecurityListener.UMASK=0027
11-Dec-2025 18:06:57.171 INFO [main] org.apache.catalina.startup.VersionLoggerListener.log Command line argument: --add-opens=java.base/java.lang=ALL-UNNAMED
11-Dec-2025 18:06:57.171 INFO [main] org.apache.catalina.startup.VersionLoggerListener.log Command line argument: --add-opens=java.base/java.lang.reflect=ALL-UNNAMED
11-Dec-2025 18:06:57.171 INFO [main] org.apache.catalina.startup.VersionLoggerListener.log Command line argument: --add-opens=java.base/java.io=ALL-UNNAMED
11-Dec-2025 18:06:57.172 INFO [main] org.apache.catalina.startup.VersionLoggerListener.log Command line argument: --add-opens=java.base/java.util=ALL-UNNAMED
11-Dec-2025 18:06:57.172 INFO [main] org.apache.catalina.startup.VersionLoggerListener.log Command line argument: --add-opens=java.base/java.util.concurrent=ALL-UNNAMED
11-Dec-2025 18:06:57.172 INFO [main] org.apache.catalina.startup.VersionLoggerListener.log Command line argument: --add-opens=java.rmi/sun.rmi.transport=ALL-UNNAMED
11-Dec-2025 18:06:57.172 INFO [main] org.apache.catalina.startup.VersionLoggerListener.log Command line argument: --enable-native-access=ALL-UNNAMED
11-Dec-2025 18:06:57.172 INFO [main] org.apache.catalina.startup.VersionLoggerListener.log Command line argument: -Dcatalina.base=/home/infoetu/baptiste.lavogiez.etu/ctp-web/tomcat
11-Dec-2025 18:06:57.172 INFO [main] org.apache.catalina.startup.VersionLoggerListener.log Command line argument: -Dcatalina.home=/home/infoetu/baptiste.lavogiez.etu/ctp-web/tomcat
11-Dec-2025 18:06:57.172 INFO [main] org.apache.catalina.startup.VersionLoggerListener.log Command line argument: -Djava.io.tmpdir=/home/infoetu/baptiste.lavogiez.etu/ctp-web/tomcat/temp
11-Dec-2025 18:06:57.173 INFO [main] org.apache.catalina.core.AprLifecycleListener.lifecycleEvent The Apache Tomcat Native library which allows using OpenSSL was not found on the java.library.path: [/usr/java/packages/lib:/usr/lib/x86_64-linux-gnu/jni:/lib/x86_64-linux-gnu:/usr/lib/x86_64-linux-gnu:/usr/lib/jni:/lib:/usr/lib]
11-Dec-2025 18:06:57.271 INFO [main] org.apache.coyote.AbstractProtocol.init Initializing ProtocolHandler ["http-nio-8080"]
11-Dec-2025 18:06:57.281 INFO [main] org.apache.catalina.startup.Catalina.load Server initialization in [183] milliseconds
11-Dec-2025 18:06:57.300 INFO [main] org.apache.catalina.core.StandardService.startInternal Starting service [Catalina]
11-Dec-2025 18:06:57.300 INFO [main] org.apache.catalina.core.StandardEngine.startInternal Starting Servlet engine: [Apache Tomcat/11.0.13]
11-Dec-2025 18:06:57.305 INFO [main] org.apache.catalina.startup.HostConfig.deployDirectory Deploying web application directory [/home/infoetu/baptiste.lavogiez.etu/ctp-web/tomcat/webapps/ROOT]
11-Dec-2025 18:06:57.488 INFO [main] org.apache.jasper.servlet.TldScanner.scanJars At least one JAR was scanned for TLDs yet contained no TLDs. Enable debug logging for this logger for a complete list of JARs that were scanned but no TLDs were found in them. Skipping unneeded JARs during scanning can improve startup time and JSP compilation time.
11-Dec-2025 18:06:57.503 INFO [main] org.apache.catalina.startup.HostConfig.deployDirectory Deployment of web application directory [/home/infoetu/baptiste.lavogiez.etu/ctp-web/tomcat/webapps/ROOT] has finished in [198] ms
11-Dec-2025 18:06:57.504 INFO [main] org.apache.catalina.startup.HostConfig.deployDirectory Deploying web application directory [/home/infoetu/baptiste.lavogiez.etu/ctp-web/tomcat/webapps/docs]
11-Dec-2025 18:06:57.553 INFO [main] org.apache.jasper.servlet.TldScanner.scanJars At least one JAR was scanned for TLDs yet contained no TLDs. Enable debug logging for this logger for a complete list of JARs that were scanned but no TLDs were found in them. Skipping unneeded JARs during scanning can improve startup time and JSP compilation time.
11-Dec-2025 18:06:57.554 INFO [main] org.apache.catalina.startup.HostConfig.deployDirectory Deployment of web application directory [/home/infoetu/baptiste.lavogiez.etu/ctp-web/tomcat/webapps/docs] has finished in [49] ms
11-Dec-2025 18:06:57.554 INFO [main] org.apache.catalina.startup.HostConfig.deployDirectory Deploying web application directory [/home/infoetu/baptiste.lavogiez.etu/ctp-web/tomcat/webapps/manager]
11-Dec-2025 18:06:57.602 INFO [main] org.apache.jasper.servlet.TldScanner.scanJars At least one JAR was scanned for TLDs yet contained no TLDs. Enable debug logging for this logger for a complete list of JARs that were scanned but no TLDs were found in them. Skipping unneeded JARs during scanning can improve startup time and JSP compilation time.
11-Dec-2025 18:06:57.606 INFO [main] org.apache.catalina.startup.HostConfig.deployDirectory Deployment of web application directory [/home/infoetu/baptiste.lavogiez.etu/ctp-web/tomcat/webapps/manager] has finished in [52] ms
11-Dec-2025 18:06:57.606 INFO [main] org.apache.catalina.startup.HostConfig.deployDirectory Deploying web application directory [/home/infoetu/baptiste.lavogiez.etu/ctp-web/tomcat/webapps/host-manager]
11-Dec-2025 18:06:57.654 INFO [main] org.apache.jasper.servlet.TldScanner.scanJars At least one JAR was scanned for TLDs yet contained no TLDs. Enable debug logging for this logger for a complete list of JARs that were scanned but no TLDs were found in them. Skipping unneeded JARs during scanning can improve startup time and JSP compilation time.
11-Dec-2025 18:06:57.654 INFO [main] org.apache.catalina.startup.HostConfig.deployDirectory Deployment of web application directory [/home/infoetu/baptiste.lavogiez.etu/ctp-web/tomcat/webapps/host-manager] has finished in [48] ms
11-Dec-2025 18:06:57.655 INFO [main] org.apache.catalina.startup.HostConfig.deployDirectory Deploying web application directory [/home/infoetu/baptiste.lavogiez.etu/ctp-web/tomcat/webapps/vide]
11-Dec-2025 18:06:57.706 INFO [main] org.apache.jasper.servlet.TldScanner.scanJars At least one JAR was scanned for TLDs yet contained no TLDs. Enable debug logging for this logger for a complete list of JARs that were scanned but no TLDs were found in them. Skipping unneeded JARs during scanning can improve startup time and JSP compilation time.
11-Dec-2025 18:06:57.707 INFO [main] org.apache.catalina.startup.HostConfig.deployDirectory Deployment of web application directory [/home/infoetu/baptiste.lavogiez.etu/ctp-web/tomcat/webapps/vide] has finished in [52] ms
11-Dec-2025 18:06:57.707 INFO [main] org.apache.catalina.startup.HostConfig.deployDirectory Deploying web application directory [/home/infoetu/baptiste.lavogiez.etu/ctp-web/tomcat/webapps/examples]
11-Dec-2025 18:06:57.838 INFO [main] org.apache.jasper.servlet.TldScanner.scanJars At least one JAR was scanned for TLDs yet contained no TLDs. Enable debug logging for this logger for a complete list of JARs that were scanned but no TLDs were found in them. Skipping unneeded JARs during scanning can improve startup time and JSP compilation time.
11-Dec-2025 18:06:57.851 INFO [main] org.apache.catalina.startup.HostConfig.deployDirectory Deployment of web application directory [/home/infoetu/baptiste.lavogiez.etu/ctp-web/tomcat/webapps/examples] has finished in [144] ms
11-Dec-2025 18:06:57.851 INFO [main] org.apache.catalina.startup.HostConfig.deployDirectory Deploying web application directory [/home/infoetu/baptiste.lavogiez.etu/ctp-web/tomcat/webapps/ctp]
11-Dec-2025 18:06:57.912 INFO [main] org.apache.jasper.servlet.TldScanner.scanJars At least one JAR was scanned for TLDs yet contained no TLDs. Enable debug logging for this logger for a complete list of JARs that were scanned but no TLDs were found in them. Skipping unneeded JARs during scanning can improve startup time and JSP compilation time.
11-Dec-2025 18:06:57.913 INFO [main] org.apache.catalina.startup.HostConfig.deployDirectory Deployment of web application directory [/home/infoetu/baptiste.lavogiez.etu/ctp-web/tomcat/webapps/ctp] has finished in [62] ms
11-Dec-2025 18:06:57.914 INFO [main] org.apache.coyote.AbstractProtocol.start Starting ProtocolHandler ["http-nio-8080"]
11-Dec-2025 18:06:57.920 INFO [main] org.apache.catalina.startup.Catalina.start Server startup in [638] milliseconds
11-Dec-2025 18:11:48.123 INFO [Catalina-utility-1] org.apache.catalina.core.StandardContext.reload Reloading Context with name [/ctp] has started
11-Dec-2025 18:11:48.200 INFO [Catalina-utility-1] org.apache.jasper.servlet.TldScanner.scanJars At least one JAR was scanned for TLDs yet contained no TLDs. Enable debug logging for this logger for a complete list of JARs that were scanned but no TLDs were found in them. Skipping unneeded JARs during scanning can improve startup time and JSP compilation time.
11-Dec-2025 18:11:48.201 INFO [Catalina-utility-1] org.apache.catalina.core.StandardContext.reload Reloading Context with name [/ctp] is completed
11-Dec-2025 18:12:08.216 INFO [Catalina-utility-1] org.apache.catalina.core.StandardContext.reload Reloading Context with name [/ctp] has started
11-Dec-2025 18:12:08.280 INFO [Catalina-utility-1] org.apache.jasper.servlet.TldScanner.scanJars At least one JAR was scanned for TLDs yet contained no TLDs. Enable debug logging for this logger for a complete list of JARs that were scanned but no TLDs were found in them. Skipping unneeded JARs during scanning can improve startup time and JSP compilation time.
11-Dec-2025 18:12:08.280 INFO [Catalina-utility-1] org.apache.catalina.core.StandardContext.reload Reloading Context with name [/ctp] is completed
11-Dec-2025 18:12:18.285 INFO [Catalina-utility-1] org.apache.catalina.core.StandardContext.reload Reloading Context with name [/ctp] has started
11-Dec-2025 18:12:18.360 INFO [Catalina-utility-1] org.apache.jasper.servlet.TldScanner.scanJars At least one JAR was scanned for TLDs yet contained no TLDs. Enable debug logging for this logger for a complete list of JARs that were scanned but no TLDs were found in them. Skipping unneeded JARs during scanning can improve startup time and JSP compilation time.
11-Dec-2025 18:12:18.361 INFO [Catalina-utility-1] org.apache.catalina.core.StandardContext.reload Reloading Context with name [/ctp] is completed
11-Dec-2025 18:15:28.504 INFO [Catalina-utility-1] org.apache.catalina.core.StandardContext.reload Reloading Context with name [/ctp] has started
11-Dec-2025 18:15:28.591 INFO [Catalina-utility-1] org.apache.jasper.servlet.TldScanner.scanJars At least one JAR was scanned for TLDs yet contained no TLDs. Enable debug logging for this logger for a complete list of JARs that were scanned but no TLDs were found in them. Skipping unneeded JARs during scanning can improve startup time and JSP compilation time.
11-Dec-2025 18:15:28.592 INFO [Catalina-utility-1] org.apache.catalina.core.StandardContext.reload Reloading Context with name [/ctp] is completed
11-Dec-2025 18:15:46.155 INFO [Thread-1] org.apache.coyote.AbstractProtocol.pause Pausing ProtocolHandler ["http-nio-8080"]
11-Dec-2025 18:15:46.158 INFO [Thread-1] org.apache.catalina.core.StandardService.stopInternal Stopping service [Catalina]
11-Dec-2025 18:15:46.172 INFO [Thread-1] org.apache.coyote.AbstractProtocol.stop Stopping ProtocolHandler ["http-nio-8080"]
11-Dec-2025 18:15:46.183 INFO [Thread-1] org.apache.coyote.AbstractProtocol.destroy Destroying ProtocolHandler ["http-nio-8080"]
11-Dec-2025 18:15:47.310 INFO [main] org.apache.catalina.startup.VersionLoggerListener.log Server version name:   Apache Tomcat/11.0.13
11-Dec-2025 18:15:47.312 INFO [main] org.apache.catalina.startup.VersionLoggerListener.log Server built:          Oct 10 2025 13:57:31 UTC
11-Dec-2025 18:15:47.312 INFO [main] org.apache.catalina.startup.VersionLoggerListener.log Server version number: 11.0.13.0
11-Dec-2025 18:15:47.312 INFO [main] org.apache.catalina.startup.VersionLoggerListener.log OS Name:               Linux
11-Dec-2025 18:15:47.312 INFO [main] org.apache.catalina.startup.VersionLoggerListener.log OS Version:            6.1.0-40-amd64
11-Dec-2025 18:15:47.312 INFO [main] org.apache.catalina.startup.VersionLoggerListener.log Architecture:          amd64
11-Dec-2025 18:15:47.312 INFO [main] org.apache.catalina.startup.VersionLoggerListener.log Java Home:             /usr/lib/jvm/java-17-openjdk-amd64
11-Dec-2025 18:15:47.312 INFO [main] org.apache.catalina.startup.VersionLoggerListener.log JVM Version:           17.0.17+10-Debian-1deb12u1
11-Dec-2025 18:15:47.313 INFO [main] org.apache.catalina.startup.VersionLoggerListener.log JVM Vendor:            Debian
11-Dec-2025 18:15:47.313 INFO [main] org.apache.catalina.startup.VersionLoggerListener.log CATALINA_BASE:         /home/infoetu/baptiste.lavogiez.etu/ctp-web/tomcat
11-Dec-2025 18:15:47.313 INFO [main] org.apache.catalina.startup.VersionLoggerListener.log CATALINA_HOME:         /home/infoetu/baptiste.lavogiez.etu/ctp-web/tomcat
11-Dec-2025 18:15:47.316 INFO [main] org.apache.catalina.startup.VersionLoggerListener.log Command line argument: -Djava.util.logging.config.file=/home/infoetu/baptiste.lavogiez.etu/ctp-web/tomcat/conf/logging.properties
11-Dec-2025 18:15:47.317 INFO [main] org.apache.catalina.startup.VersionLoggerListener.log Command line argument: -Djava.util.logging.manager=org.apache.juli.ClassLoaderLogManager
11-Dec-2025 18:15:47.317 INFO [main] org.apache.catalina.startup.VersionLoggerListener.log Command line argument: -Djdk.tls.ephemeralDHKeySize=2048
11-Dec-2025 18:15:47.317 INFO [main] org.apache.catalina.startup.VersionLoggerListener.log Command line argument: -Dorg.apache.catalina.security.SecurityListener.UMASK=0027
11-Dec-2025 18:15:47.317 INFO [main] org.apache.catalina.startup.VersionLoggerListener.log Command line argument: --add-opens=java.base/java.lang=ALL-UNNAMED
11-Dec-2025 18:15:47.317 INFO [main] org.apache.catalina.startup.VersionLoggerListener.log Command line argument: --add-opens=java.base/java.lang.reflect=ALL-UNNAMED
11-Dec-2025 18:15:47.317 INFO [main] org.apache.catalina.startup.VersionLoggerListener.log Command line argument: --add-opens=java.base/java.io=ALL-UNNAMED
11-Dec-2025 18:15:47.317 INFO [main] org.apache.catalina.startup.VersionLoggerListener.log Command line argument: --add-opens=java.base/java.util=ALL-UNNAMED
11-Dec-2025 18:15:47.317 INFO [main] org.apache.catalina.startup.VersionLoggerListener.log Command line argument: --add-opens=java.base/java.util.concurrent=ALL-UNNAMED
11-Dec-2025 18:15:47.317 INFO [main] org.apache.catalina.startup.VersionLoggerListener.log Command line argument: --add-opens=java.rmi/sun.rmi.transport=ALL-UNNAMED
11-Dec-2025 18:15:47.317 INFO [main] org.apache.catalina.startup.VersionLoggerListener.log Command line argument: --enable-native-access=ALL-UNNAMED
11-Dec-2025 18:15:47.317 INFO [main] org.apache.catalina.startup.VersionLoggerListener.log Command line argument: -Dcatalina.base=/home/infoetu/baptiste.lavogiez.etu/ctp-web/tomcat
11-Dec-2025 18:15:47.317 INFO [main] org.apache.catalina.startup.VersionLoggerListener.log Command line argument: -Dcatalina.home=/home/infoetu/baptiste.lavogiez.etu/ctp-web/tomcat
11-Dec-2025 18:15:47.317 INFO [main] org.apache.catalina.startup.VersionLoggerListener.log Command line argument: -Djava.io.tmpdir=/home/infoetu/baptiste.lavogiez.etu/ctp-web/tomcat/temp
11-Dec-2025 18:15:47.318 INFO [main] org.apache.catalina.core.AprLifecycleListener.lifecycleEvent The Apache Tomcat Native library which allows using OpenSSL was not found on the java.library.path: [/usr/java/packages/lib:/usr/lib/x86_64-linux-gnu/jni:/lib/x86_64-linux-gnu:/usr/lib/x86_64-linux-gnu:/usr/lib/jni:/lib:/usr/lib]
11-Dec-2025 18:15:47.411 INFO [main] org.apache.coyote.AbstractProtocol.init Initializing ProtocolHandler ["http-nio-8080"]
11-Dec-2025 18:15:47.424 INFO [main] org.apache.catalina.startup.Catalina.load Server initialization in [182] milliseconds
11-Dec-2025 18:15:47.441 INFO [main] org.apache.catalina.core.StandardService.startInternal Starting service [Catalina]
11-Dec-2025 18:15:47.441 INFO [main] org.apache.catalina.core.StandardEngine.startInternal Starting Servlet engine: [Apache Tomcat/11.0.13]
11-Dec-2025 18:15:47.446 INFO [main] org.apache.catalina.startup.HostConfig.deployDirectory Deploying web application directory [/home/infoetu/baptiste.lavogiez.etu/ctp-web/tomcat/webapps/ROOT]
11-Dec-2025 18:15:47.608 INFO [main] org.apache.jasper.servlet.TldScanner.scanJars At least one JAR was scanned for TLDs yet contained no TLDs. Enable debug logging for this logger for a complete list of JARs that were scanned but no TLDs were found in them. Skipping unneeded JARs during scanning can improve startup time and JSP compilation time.
11-Dec-2025 18:15:47.624 INFO [main] org.apache.catalina.startup.HostConfig.deployDirectory Deployment of web application directory [/home/infoetu/baptiste.lavogiez.etu/ctp-web/tomcat/webapps/ROOT] has finished in [178] ms
11-Dec-2025 18:15:47.624 INFO [main] org.apache.catalina.startup.HostConfig.deployDirectory Deploying web application directory [/home/infoetu/baptiste.lavogiez.etu/ctp-web/tomcat/webapps/docs]
11-Dec-2025 18:15:47.673 INFO [main] org.apache.jasper.servlet.TldScanner.scanJars At least one JAR was scanned for TLDs yet contained no TLDs. Enable debug logging for this logger for a complete list of JARs that were scanned but no TLDs were found in them. Skipping unneeded JARs during scanning can improve startup time and JSP compilation time.
11-Dec-2025 18:15:47.674 INFO [main] org.apache.catalina.startup.HostConfig.deployDirectory Deployment of web application directory [/home/infoetu/baptiste.lavogiez.etu/ctp-web/tomcat/webapps/docs] has finished in [50] ms
11-Dec-2025 18:15:47.674 INFO [main] org.apache.catalina.startup.HostConfig.deployDirectory Deploying web application directory [/home/infoetu/baptiste.lavogiez.etu/ctp-web/tomcat/webapps/manager]
11-Dec-2025 18:15:47.725 INFO [main] org.apache.jasper.servlet.TldScanner.scanJars At least one JAR was scanned for TLDs yet contained no TLDs. Enable debug logging for this logger for a complete list of JARs that were scanned but no TLDs were found in them. Skipping unneeded JARs during scanning can improve startup time and JSP compilation time.
11-Dec-2025 18:15:47.727 INFO [main] org.apache.catalina.startup.HostConfig.deployDirectory Deployment of web application directory [/home/infoetu/baptiste.lavogiez.etu/ctp-web/tomcat/webapps/manager] has finished in [53] ms
11-Dec-2025 18:15:47.727 INFO [main] org.apache.catalina.startup.HostConfig.deployDirectory Deploying web application directory [/home/infoetu/baptiste.lavogiez.etu/ctp-web/tomcat/webapps/host-manager]
11-Dec-2025 18:15:47.775 INFO [main] org.apache.jasper.servlet.TldScanner.scanJars At least one JAR was scanned for TLDs yet contained no TLDs. Enable debug logging for this logger for a complete list of JARs that were scanned but no TLDs were found in them. Skipping unneeded JARs during scanning can improve startup time and JSP compilation time.
11-Dec-2025 18:15:47.776 INFO [main] org.apache.catalina.startup.HostConfig.deployDirectory Deployment of web application directory [/home/infoetu/baptiste.lavogiez.etu/ctp-web/tomcat/webapps/host-manager] has finished in [49] ms
11-Dec-2025 18:15:47.776 INFO [main] org.apache.catalina.startup.HostConfig.deployDirectory Deploying web application directory [/home/infoetu/baptiste.lavogiez.etu/ctp-web/tomcat/webapps/vide]
11-Dec-2025 18:15:47.831 INFO [main] org.apache.jasper.servlet.TldScanner.scanJars At least one JAR was scanned for TLDs yet contained no TLDs. Enable debug logging for this logger for a complete list of JARs that were scanned but no TLDs were found in them. Skipping unneeded JARs during scanning can improve startup time and JSP compilation time.
11-Dec-2025 18:15:47.833 INFO [main] org.apache.catalina.startup.HostConfig.deployDirectory Deployment of web application directory [/home/infoetu/baptiste.lavogiez.etu/ctp-web/tomcat/webapps/vide] has finished in [57] ms
11-Dec-2025 18:15:47.833 INFO [main] org.apache.catalina.startup.HostConfig.deployDirectory Deploying web application directory [/home/infoetu/baptiste.lavogiez.etu/ctp-web/tomcat/webapps/examples]
11-Dec-2025 18:15:48.026 INFO [main] org.apache.jasper.servlet.TldScanner.scanJars At least one JAR was scanned for TLDs yet contained no TLDs. Enable debug logging for this logger for a complete list of JARs that were scanned but no TLDs were found in them. Skipping unneeded JARs during scanning can improve startup time and JSP compilation time.
11-Dec-2025 18:15:48.042 INFO [main] org.apache.catalina.startup.HostConfig.deployDirectory Deployment of web application directory [/home/infoetu/baptiste.lavogiez.etu/ctp-web/tomcat/webapps/examples] has finished in [209] ms
11-Dec-2025 18:15:48.042 INFO [main] org.apache.catalina.startup.HostConfig.deployDirectory Deploying web application directory [/home/infoetu/baptiste.lavogiez.etu/ctp-web/tomcat/webapps/ctp]
11-Dec-2025 18:15:48.110 INFO [main] org.apache.jasper.servlet.TldScanner.scanJars At least one JAR was scanned for TLDs yet contained no TLDs. Enable debug logging for this logger for a complete list of JARs that were scanned but no TLDs were found in them. Skipping unneeded JARs during scanning can improve startup time and JSP compilation time.
11-Dec-2025 18:15:48.110 INFO [main] org.apache.catalina.startup.HostConfig.deployDirectory Deployment of web application directory [/home/infoetu/baptiste.lavogiez.etu/ctp-web/tomcat/webapps/ctp] has finished in [68] ms
11-Dec-2025 18:15:48.112 INFO [main] org.apache.coyote.AbstractProtocol.start Starting ProtocolHandler ["http-nio-8080"]
11-Dec-2025 18:15:48.119 INFO [main] org.apache.catalina.startup.Catalina.start Server startup in [694] milliseconds
11-Dec-2025 18:18:59.377 INFO [Thread-1] org.apache.coyote.AbstractProtocol.pause Pausing ProtocolHandler ["http-nio-8080"]
11-Dec-2025 18:18:59.378 INFO [Thread-1] org.apache.catalina.core.StandardService.stopInternal Stopping service [Catalina]
11-Dec-2025 18:18:59.401 INFO [Thread-1] org.apache.coyote.AbstractProtocol.stop Stopping ProtocolHandler ["http-nio-8080"]
11-Dec-2025 18:18:59.411 INFO [Thread-1] org.apache.coyote.AbstractProtocol.destroy Destroying ProtocolHandler ["http-nio-8080"]
