03-Dec-2025 09:37:39.309 INFO [main] org.apache.catalina.startup.VersionLoggerListener.log Server version name:   Apache Tomcat/11.0.13
03-Dec-2025 09:37:39.312 INFO [main] org.apache.catalina.startup.VersionLoggerListener.log Server built:          Oct 10 2025 13:57:31 UTC
03-Dec-2025 09:37:39.312 INFO [main] org.apache.catalina.startup.VersionLoggerListener.log Server version number: 11.0.13.0
03-Dec-2025 09:37:39.312 INFO [main] org.apache.catalina.startup.VersionLoggerListener.log OS Name:               Linux
03-Dec-2025 09:37:39.312 INFO [main] org.apache.catalina.startup.VersionLoggerListener.log OS Version:            6.1.0-40-amd64
03-Dec-2025 09:37:39.312 INFO [main] org.apache.catalina.startup.VersionLoggerListener.log Architecture:          amd64
03-Dec-2025 09:37:39.312 INFO [main] org.apache.catalina.startup.VersionLoggerListener.log Java Home:             /usr/lib/jvm/java-17-openjdk-amd64
03-Dec-2025 09:37:39.312 INFO [main] org.apache.catalina.startup.VersionLoggerListener.log JVM Version:           17.0.17+10-Debian-1deb12u1
03-Dec-2025 09:37:39.312 INFO [main] org.apache.catalina.startup.VersionLoggerListener.log JVM Vendor:            Debian
03-Dec-2025 09:37:39.312 INFO [main] org.apache.catalina.startup.VersionLoggerListener.log CATALINA_BASE:         /home/infoetu/baptiste.lavogiez.etu/BUT2/Semestre1/Ressources/Webdev/Web/TP06/tomcat
03-Dec-2025 09:37:39.312 INFO [main] org.apache.catalina.startup.VersionLoggerListener.log CATALINA_HOME:         /home/infoetu/baptiste.lavogiez.etu/BUT2/Semestre1/Ressources/Webdev/Web/TP06/tomcat
03-Dec-2025 09:37:39.317 INFO [main] org.apache.catalina.startup.VersionLoggerListener.log Command line argument: -Djava.util.logging.config.file=/home/infoetu/baptiste.lavogiez.etu/BUT2/Semestre1/Ressources/Webdev/Web/TP06/tomcat/conf/logging.properties
03-Dec-2025 09:37:39.317 INFO [main] org.apache.catalina.startup.VersionLoggerListener.log Command line argument: -Djava.util.logging.manager=org.apache.juli.ClassLoaderLogManager
03-Dec-2025 09:37:39.318 INFO [main] org.apache.catalina.startup.VersionLoggerListener.log Command line argument: -Djdk.tls.ephemeralDHKeySize=2048
03-Dec-2025 09:37:39.318 INFO [main] org.apache.catalina.startup.VersionLoggerListener.log Command line argument: -Dorg.apache.catalina.security.SecurityListener.UMASK=0027
03-Dec-2025 09:37:39.318 INFO [main] org.apache.catalina.startup.VersionLoggerListener.log Command line argument: --add-opens=java.base/java.lang=ALL-UNNAMED
03-Dec-2025 09:37:39.318 INFO [main] org.apache.catalina.startup.VersionLoggerListener.log Command line argument: --add-opens=java.base/java.lang.reflect=ALL-UNNAMED
03-Dec-2025 09:37:39.318 INFO [main] org.apache.catalina.startup.VersionLoggerListener.log Command line argument: --add-opens=java.base/java.io=ALL-UNNAMED
03-Dec-2025 09:37:39.318 INFO [main] org.apache.catalina.startup.VersionLoggerListener.log Command line argument: --add-opens=java.base/java.util=ALL-UNNAMED
03-Dec-2025 09:37:39.318 INFO [main] org.apache.catalina.startup.VersionLoggerListener.log Command line argument: --add-opens=java.base/java.util.concurrent=ALL-UNNAMED
03-Dec-2025 09:37:39.318 INFO [main] org.apache.catalina.startup.VersionLoggerListener.log Command line argument: --add-opens=java.rmi/sun.rmi.transport=ALL-UNNAMED
03-Dec-2025 09:37:39.318 INFO [main] org.apache.catalina.startup.VersionLoggerListener.log Command line argument: --enable-native-access=ALL-UNNAMED
03-Dec-2025 09:37:39.318 INFO [main] org.apache.catalina.startup.VersionLoggerListener.log Command line argument: -Dcatalina.base=/home/infoetu/baptiste.lavogiez.etu/BUT2/Semestre1/Ressources/Webdev/Web/TP06/tomcat
03-Dec-2025 09:37:39.318 INFO [main] org.apache.catalina.startup.VersionLoggerListener.log Command line argument: -Dcatalina.home=/home/infoetu/baptiste.lavogiez.etu/BUT2/Semestre1/Ressources/Webdev/Web/TP06/tomcat
03-Dec-2025 09:37:39.318 INFO [main] org.apache.catalina.startup.VersionLoggerListener.log Command line argument: -Djava.io.tmpdir=/home/infoetu/baptiste.lavogiez.etu/BUT2/Semestre1/Ressources/Webdev/Web/TP06/tomcat/temp
03-Dec-2025 09:37:39.320 INFO [main] org.apache.catalina.core.AprLifecycleListener.lifecycleEvent The Apache Tomcat Native library which allows using OpenSSL was not found on the java.library.path: [/usr/java/packages/lib:/usr/lib/x86_64-linux-gnu/jni:/lib/x86_64-linux-gnu:/usr/lib/x86_64-linux-gnu:/usr/lib/jni:/lib:/usr/lib]
03-Dec-2025 09:37:39.435 INFO [main] org.apache.coyote.AbstractProtocol.init Initializing ProtocolHandler ["http-nio-8080"]
03-Dec-2025 09:37:39.452 INFO [main] org.apache.catalina.startup.Catalina.load Server initialization in [231] milliseconds
03-Dec-2025 09:37:39.475 INFO [main] org.apache.catalina.core.StandardService.startInternal Starting service [Catalina]
03-Dec-2025 09:37:39.476 INFO [main] org.apache.catalina.core.StandardEngine.startInternal Starting Servlet engine: [Apache Tomcat/11.0.13]
03-Dec-2025 09:37:39.482 INFO [main] org.apache.catalina.startup.HostConfig.deployDirectory Deploying web application directory [/home/infoetu/baptiste.lavogiez.etu/BUT2/Semestre1/Ressources/Webdev/Web/TP06/tomcat/webapps/ROOT]
03-Dec-2025 09:37:39.677 INFO [main] org.apache.jasper.servlet.TldScanner.scanJars At least one JAR was scanned for TLDs yet contained no TLDs. Enable debug logging for this logger for a complete list of JARs that were scanned but no TLDs were found in them. Skipping unneeded JARs during scanning can improve startup time and JSP compilation time.
03-Dec-2025 09:37:39.696 INFO [main] org.apache.catalina.startup.HostConfig.deployDirectory Deployment of web application directory [/home/infoetu/baptiste.lavogiez.etu/BUT2/Semestre1/Ressources/Webdev/Web/TP06/tomcat/webapps/ROOT] has finished in [214] ms
03-Dec-2025 09:37:39.697 INFO [main] org.apache.catalina.startup.HostConfig.deployDirectory Deploying web application directory [/home/infoetu/baptiste.lavogiez.etu/BUT2/Semestre1/Ressources/Webdev/Web/TP06/tomcat/webapps/docs]
03-Dec-2025 09:37:39.755 INFO [main] org.apache.jasper.servlet.TldScanner.scanJars At least one JAR was scanned for TLDs yet contained no TLDs. Enable debug logging for this logger for a complete list of JARs that were scanned but no TLDs were found in them. Skipping unneeded JARs during scanning can improve startup time and JSP compilation time.
03-Dec-2025 09:37:39.756 INFO [main] org.apache.catalina.startup.HostConfig.deployDirectory Deployment of web application directory [/home/infoetu/baptiste.lavogiez.etu/BUT2/Semestre1/Ressources/Webdev/Web/TP06/tomcat/webapps/docs] has finished in [59] ms
03-Dec-2025 09:37:39.756 INFO [main] org.apache.catalina.startup.HostConfig.deployDirectory Deploying web application directory [/home/infoetu/baptiste.lavogiez.etu/BUT2/Semestre1/Ressources/Webdev/Web/TP06/tomcat/webapps/manager]
03-Dec-2025 09:37:39.814 INFO [main] org.apache.jasper.servlet.TldScanner.scanJars At least one JAR was scanned for TLDs yet contained no TLDs. Enable debug logging for this logger for a complete list of JARs that were scanned but no TLDs were found in them. Skipping unneeded JARs during scanning can improve startup time and JSP compilation time.
03-Dec-2025 09:37:39.816 INFO [main] org.apache.catalina.startup.HostConfig.deployDirectory Deployment of web application directory [/home/infoetu/baptiste.lavogiez.etu/BUT2/Semestre1/Ressources/Webdev/Web/TP06/tomcat/webapps/manager] has finished in [60] ms
03-Dec-2025 09:37:39.817 INFO [main] org.apache.catalina.startup.HostConfig.deployDirectory Deploying web application directory [/home/infoetu/baptiste.lavogiez.etu/BUT2/Semestre1/Ressources/Webdev/Web/TP06/tomcat/webapps/host-manager]
03-Dec-2025 09:37:39.870 INFO [main] org.apache.jasper.servlet.TldScanner.scanJars At least one JAR was scanned for TLDs yet contained no TLDs. Enable debug logging for this logger for a complete list of JARs that were scanned but no TLDs were found in them. Skipping unneeded JARs during scanning can improve startup time and JSP compilation time.
03-Dec-2025 09:37:39.871 INFO [main] org.apache.catalina.startup.HostConfig.deployDirectory Deployment of web application directory [/home/infoetu/baptiste.lavogiez.etu/BUT2/Semestre1/Ressources/Webdev/Web/TP06/tomcat/webapps/host-manager] has finished in [53] ms
03-Dec-2025 09:37:39.871 INFO [main] org.apache.catalina.startup.HostConfig.deployDirectory Deploying web application directory [/home/infoetu/baptiste.lavogiez.etu/BUT2/Semestre1/Ressources/Webdev/Web/TP06/tomcat/webapps/vide]
03-Dec-2025 09:37:39.920 INFO [main] org.apache.jasper.servlet.TldScanner.scanJars At least one JAR was scanned for TLDs yet contained no TLDs. Enable debug logging for this logger for a complete list of JARs that were scanned but no TLDs were found in them. Skipping unneeded JARs during scanning can improve startup time and JSP compilation time.
03-Dec-2025 09:37:39.925 INFO [main] org.apache.catalina.startup.HostConfig.deployDirectory Deployment of web application directory [/home/infoetu/baptiste.lavogiez.etu/BUT2/Semestre1/Ressources/Webdev/Web/TP06/tomcat/webapps/vide] has finished in [54] ms
03-Dec-2025 09:37:39.925 INFO [main] org.apache.catalina.startup.HostConfig.deployDirectory Deploying web application directory [/home/infoetu/baptiste.lavogiez.etu/BUT2/Semestre1/Ressources/Webdev/Web/TP06/tomcat/webapps/examples]
03-Dec-2025 09:37:40.173 INFO [main] org.apache.jasper.servlet.TldScanner.scanJars At least one JAR was scanned for TLDs yet contained no TLDs. Enable debug logging for this logger for a complete list of JARs that were scanned but no TLDs were found in them. Skipping unneeded JARs during scanning can improve startup time and JSP compilation time.
03-Dec-2025 09:37:40.191 INFO [main] org.apache.catalina.startup.HostConfig.deployDirectory Deployment of web application directory [/home/infoetu/baptiste.lavogiez.etu/BUT2/Semestre1/Ressources/Webdev/Web/TP06/tomcat/webapps/examples] has finished in [266] ms
03-Dec-2025 09:37:40.193 INFO [main] org.apache.coyote.AbstractProtocol.start Starting ProtocolHandler ["http-nio-8080"]
03-Dec-2025 09:37:40.199 INFO [main] org.apache.catalina.startup.Catalina.start Server startup in [747] milliseconds
03-Dec-2025 09:43:11.351 INFO [Thread-1] org.apache.coyote.AbstractProtocol.pause Pausing ProtocolHandler ["http-nio-8080"]
03-Dec-2025 09:43:11.360 INFO [Thread-1] org.apache.catalina.core.StandardService.stopInternal Stopping service [Catalina]
03-Dec-2025 09:43:11.384 INFO [Thread-1] org.apache.coyote.AbstractProtocol.stop Stopping ProtocolHandler ["http-nio-8080"]
03-Dec-2025 09:43:11.392 INFO [Thread-1] org.apache.coyote.AbstractProtocol.destroy Destroying ProtocolHandler ["http-nio-8080"]
03-Dec-2025 09:43:13.177 INFO [main] org.apache.catalina.startup.VersionLoggerListener.log Server version name:   Apache Tomcat/11.0.13
03-Dec-2025 09:43:13.179 INFO [main] org.apache.catalina.startup.VersionLoggerListener.log Server built:          Oct 10 2025 13:57:31 UTC
03-Dec-2025 09:43:13.179 INFO [main] org.apache.catalina.startup.VersionLoggerListener.log Server version number: 11.0.13.0
03-Dec-2025 09:43:13.179 INFO [main] org.apache.catalina.startup.VersionLoggerListener.log OS Name:               Linux
03-Dec-2025 09:43:13.179 INFO [main] org.apache.catalina.startup.VersionLoggerListener.log OS Version:            6.1.0-40-amd64
03-Dec-2025 09:43:13.179 INFO [main] org.apache.catalina.startup.VersionLoggerListener.log Architecture:          amd64
03-Dec-2025 09:43:13.179 INFO [main] org.apache.catalina.startup.VersionLoggerListener.log Java Home:             /usr/lib/jvm/java-17-openjdk-amd64
03-Dec-2025 09:43:13.180 INFO [main] org.apache.catalina.startup.VersionLoggerListener.log JVM Version:           17.0.17+10-Debian-1deb12u1
03-Dec-2025 09:43:13.180 INFO [main] org.apache.catalina.startup.VersionLoggerListener.log JVM Vendor:            Debian
03-Dec-2025 09:43:13.180 INFO [main] org.apache.catalina.startup.VersionLoggerListener.log CATALINA_BASE:         /home/infoetu/baptiste.lavogiez.etu/BUT2/Semestre1/Ressources/Webdev/Web/TP06/tomcat
03-Dec-2025 09:43:13.180 INFO [main] org.apache.catalina.startup.VersionLoggerListener.log CATALINA_HOME:         /home/infoetu/baptiste.lavogiez.etu/BUT2/Semestre1/Ressources/Webdev/Web/TP06/tomcat
03-Dec-2025 09:43:13.183 INFO [main] org.apache.catalina.startup.VersionLoggerListener.log Command line argument: -Djava.util.logging.config.file=/home/infoetu/baptiste.lavogiez.etu/BUT2/Semestre1/Ressources/Webdev/Web/TP06/tomcat/conf/logging.properties
03-Dec-2025 09:43:13.183 INFO [main] org.apache.catalina.startup.VersionLoggerListener.log Command line argument: -Djava.util.logging.manager=org.apache.juli.ClassLoaderLogManager
03-Dec-2025 09:43:13.183 INFO [main] org.apache.catalina.startup.VersionLoggerListener.log Command line argument: -Djdk.tls.ephemeralDHKeySize=2048
03-Dec-2025 09:43:13.183 INFO [main] org.apache.catalina.startup.VersionLoggerListener.log Command line argument: -Dorg.apache.catalina.security.SecurityListener.UMASK=0027
03-Dec-2025 09:43:13.183 INFO [main] org.apache.catalina.startup.VersionLoggerListener.log Command line argument: --add-opens=java.base/java.lang=ALL-UNNAMED
03-Dec-2025 09:43:13.183 INFO [main] org.apache.catalina.startup.VersionLoggerListener.log Command line argument: --add-opens=java.base/java.lang.reflect=ALL-UNNAMED
03-Dec-2025 09:43:13.183 INFO [main] org.apache.catalina.startup.VersionLoggerListener.log Command line argument: --add-opens=java.base/java.io=ALL-UNNAMED
03-Dec-2025 09:43:13.184 INFO [main] org.apache.catalina.startup.VersionLoggerListener.log Command line argument: --add-opens=java.base/java.util=ALL-UNNAMED
03-Dec-2025 09:43:13.184 INFO [main] org.apache.catalina.startup.VersionLoggerListener.log Command line argument: --add-opens=java.base/java.util.concurrent=ALL-UNNAMED
03-Dec-2025 09:43:13.184 INFO [main] org.apache.catalina.startup.VersionLoggerListener.log Command line argument: --add-opens=java.rmi/sun.rmi.transport=ALL-UNNAMED
03-Dec-2025 09:43:13.184 INFO [main] org.apache.catalina.startup.VersionLoggerListener.log Command line argument: --enable-native-access=ALL-UNNAMED
03-Dec-2025 09:43:13.184 INFO [main] org.apache.catalina.startup.VersionLoggerListener.log Command line argument: -Dcatalina.base=/home/infoetu/baptiste.lavogiez.etu/BUT2/Semestre1/Ressources/Webdev/Web/TP06/tomcat
03-Dec-2025 09:43:13.184 INFO [main] org.apache.catalina.startup.VersionLoggerListener.log Command line argument: -Dcatalina.home=/home/infoetu/baptiste.lavogiez.etu/BUT2/Semestre1/Ressources/Webdev/Web/TP06/tomcat
03-Dec-2025 09:43:13.184 INFO [main] org.apache.catalina.startup.VersionLoggerListener.log Command line argument: -Djava.io.tmpdir=/home/infoetu/baptiste.lavogiez.etu/BUT2/Semestre1/Ressources/Webdev/Web/TP06/tomcat/temp
03-Dec-2025 09:43:13.184 INFO [main] org.apache.catalina.core.AprLifecycleListener.lifecycleEvent The Apache Tomcat Native library which allows using OpenSSL was not found on the java.library.path: [/usr/java/packages/lib:/usr/lib/x86_64-linux-gnu/jni:/lib/x86_64-linux-gnu:/usr/lib/x86_64-linux-gnu:/usr/lib/jni:/lib:/usr/lib]
03-Dec-2025 09:43:13.288 INFO [main] org.apache.coyote.AbstractProtocol.init Initializing ProtocolHandler ["http-nio-8080"]
03-Dec-2025 09:43:13.303 INFO [main] org.apache.catalina.startup.Catalina.load Server initialization in [201] milliseconds
03-Dec-2025 09:43:13.321 INFO [main] org.apache.catalina.core.StandardService.startInternal Starting service [Catalina]
03-Dec-2025 09:43:13.321 INFO [main] org.apache.catalina.core.StandardEngine.startInternal Starting Servlet engine: [Apache Tomcat/11.0.13]
03-Dec-2025 09:43:13.326 INFO [main] org.apache.catalina.startup.HostConfig.deployDirectory Deploying web application directory [/home/infoetu/baptiste.lavogiez.etu/BUT2/Semestre1/Ressources/Webdev/Web/TP06/tomcat/webapps/ROOT]
03-Dec-2025 09:43:13.507 INFO [main] org.apache.jasper.servlet.TldScanner.scanJars At least one JAR was scanned for TLDs yet contained no TLDs. Enable debug logging for this logger for a complete list of JARs that were scanned but no TLDs were found in them. Skipping unneeded JARs during scanning can improve startup time and JSP compilation time.
03-Dec-2025 09:43:13.524 INFO [main] org.apache.catalina.startup.HostConfig.deployDirectory Deployment of web application directory [/home/infoetu/baptiste.lavogiez.etu/BUT2/Semestre1/Ressources/Webdev/Web/TP06/tomcat/webapps/ROOT] has finished in [198] ms
03-Dec-2025 09:43:13.524 INFO [main] org.apache.catalina.startup.HostConfig.deployDirectory Deploying web application directory [/home/infoetu/baptiste.lavogiez.etu/BUT2/Semestre1/Ressources/Webdev/Web/TP06/tomcat/webapps/docs]
03-Dec-2025 09:43:13.579 INFO [main] org.apache.jasper.servlet.TldScanner.scanJars At least one JAR was scanned for TLDs yet contained no TLDs. Enable debug logging for this logger for a complete list of JARs that were scanned but no TLDs were found in them. Skipping unneeded JARs during scanning can improve startup time and JSP compilation time.
03-Dec-2025 09:43:13.580 INFO [main] org.apache.catalina.startup.HostConfig.deployDirectory Deployment of web application directory [/home/infoetu/baptiste.lavogiez.etu/BUT2/Semestre1/Ressources/Webdev/Web/TP06/tomcat/webapps/docs] has finished in [56] ms
03-Dec-2025 09:43:13.580 INFO [main] org.apache.catalina.startup.HostConfig.deployDirectory Deploying web application directory [/home/infoetu/baptiste.lavogiez.etu/BUT2/Semestre1/Ressources/Webdev/Web/TP06/tomcat/webapps/manager]
03-Dec-2025 09:43:13.638 INFO [main] org.apache.jasper.servlet.TldScanner.scanJars At least one JAR was scanned for TLDs yet contained no TLDs. Enable debug logging for this logger for a complete list of JARs that were scanned but no TLDs were found in them. Skipping unneeded JARs during scanning can improve startup time and JSP compilation time.
03-Dec-2025 09:43:13.641 INFO [main] org.apache.catalina.startup.HostConfig.deployDirectory Deployment of web application directory [/home/infoetu/baptiste.lavogiez.etu/BUT2/Semestre1/Ressources/Webdev/Web/TP06/tomcat/webapps/manager] has finished in [61] ms
03-Dec-2025 09:43:13.641 INFO [main] org.apache.catalina.startup.HostConfig.deployDirectory Deploying web application directory [/home/infoetu/baptiste.lavogiez.etu/BUT2/Semestre1/Ressources/Webdev/Web/TP06/tomcat/webapps/host-manager]
03-Dec-2025 09:43:13.692 INFO [main] org.apache.jasper.servlet.TldScanner.scanJars At least one JAR was scanned for TLDs yet contained no TLDs. Enable debug logging for this logger for a complete list of JARs that were scanned but no TLDs were found in them. Skipping unneeded JARs during scanning can improve startup time and JSP compilation time.
03-Dec-2025 09:43:13.693 INFO [main] org.apache.catalina.startup.HostConfig.deployDirectory Deployment of web application directory [/home/infoetu/baptiste.lavogiez.etu/BUT2/Semestre1/Ressources/Webdev/Web/TP06/tomcat/webapps/host-manager] has finished in [52] ms
03-Dec-2025 09:43:13.694 INFO [main] org.apache.catalina.startup.HostConfig.deployDirectory Deploying web application directory [/home/infoetu/baptiste.lavogiez.etu/BUT2/Semestre1/Ressources/Webdev/Web/TP06/tomcat/webapps/vide]
03-Dec-2025 09:43:13.739 INFO [main] org.apache.jasper.servlet.TldScanner.scanJars At least one JAR was scanned for TLDs yet contained no TLDs. Enable debug logging for this logger for a complete list of JARs that were scanned but no TLDs were found in them. Skipping unneeded JARs during scanning can improve startup time and JSP compilation time.
03-Dec-2025 09:43:13.741 INFO [main] org.apache.catalina.startup.HostConfig.deployDirectory Deployment of web application directory [/home/infoetu/baptiste.lavogiez.etu/BUT2/Semestre1/Ressources/Webdev/Web/TP06/tomcat/webapps/vide] has finished in [47] ms
03-Dec-2025 09:43:13.741 INFO [main] org.apache.catalina.startup.HostConfig.deployDirectory Deploying web application directory [/home/infoetu/baptiste.lavogiez.etu/BUT2/Semestre1/Ressources/Webdev/Web/TP06/tomcat/webapps/examples]
03-Dec-2025 09:43:13.972 INFO [main] org.apache.jasper.servlet.TldScanner.scanJars At least one JAR was scanned for TLDs yet contained no TLDs. Enable debug logging for this logger for a complete list of JARs that were scanned but no TLDs were found in them. Skipping unneeded JARs during scanning can improve startup time and JSP compilation time.
03-Dec-2025 09:43:13.986 INFO [main] org.apache.catalina.startup.HostConfig.deployDirectory Deployment of web application directory [/home/infoetu/baptiste.lavogiez.etu/BUT2/Semestre1/Ressources/Webdev/Web/TP06/tomcat/webapps/examples] has finished in [245] ms
03-Dec-2025 09:43:13.988 INFO [main] org.apache.coyote.AbstractProtocol.start Starting ProtocolHandler ["http-nio-8080"]
03-Dec-2025 09:43:13.995 INFO [main] org.apache.catalina.startup.Catalina.start Server startup in [691] milliseconds
03-Dec-2025 09:43:57.949 INFO [Thread-1] org.apache.coyote.AbstractProtocol.pause Pausing ProtocolHandler ["http-nio-8080"]
03-Dec-2025 09:43:57.952 INFO [Thread-1] org.apache.catalina.core.StandardService.stopInternal Stopping service [Catalina]
03-Dec-2025 09:43:57.973 INFO [Thread-1] org.apache.coyote.AbstractProtocol.stop Stopping ProtocolHandler ["http-nio-8080"]
03-Dec-2025 09:43:57.986 INFO [Thread-1] org.apache.coyote.AbstractProtocol.destroy Destroying ProtocolHandler ["http-nio-8080"]
03-Dec-2025 09:44:24.220 INFO [main] org.apache.catalina.startup.VersionLoggerListener.log Server version name:   Apache Tomcat/11.0.13
03-Dec-2025 09:44:24.222 INFO [main] org.apache.catalina.startup.VersionLoggerListener.log Server built:          Oct 10 2025 13:57:31 UTC
03-Dec-2025 09:44:24.222 INFO [main] org.apache.catalina.startup.VersionLoggerListener.log Server version number: 11.0.13.0
03-Dec-2025 09:44:24.222 INFO [main] org.apache.catalina.startup.VersionLoggerListener.log OS Name:               Linux
03-Dec-2025 09:44:24.222 INFO [main] org.apache.catalina.startup.VersionLoggerListener.log OS Version:            6.1.0-40-amd64
03-Dec-2025 09:44:24.222 INFO [main] org.apache.catalina.startup.VersionLoggerListener.log Architecture:          amd64
03-Dec-2025 09:44:24.222 INFO [main] org.apache.catalina.startup.VersionLoggerListener.log Java Home:             /usr/lib/jvm/java-17-openjdk-amd64
03-Dec-2025 09:44:24.222 INFO [main] org.apache.catalina.startup.VersionLoggerListener.log JVM Version:           17.0.17+10-Debian-1deb12u1
03-Dec-2025 09:44:24.222 INFO [main] org.apache.catalina.startup.VersionLoggerListener.log JVM Vendor:            Debian
03-Dec-2025 09:44:24.222 INFO [main] org.apache.catalina.startup.VersionLoggerListener.log CATALINA_BASE:         /home/infoetu/baptiste.lavogiez.etu/BUT2/Semestre1/Ressources/Webdev/Web/TP06/tomcat
03-Dec-2025 09:44:24.222 INFO [main] org.apache.catalina.startup.VersionLoggerListener.log CATALINA_HOME:         /home/infoetu/baptiste.lavogiez.etu/BUT2/Semestre1/Ressources/Webdev/Web/TP06/tomcat
03-Dec-2025 09:44:24.226 INFO [main] org.apache.catalina.startup.VersionLoggerListener.log Command line argument: -Djava.util.logging.config.file=/home/infoetu/baptiste.lavogiez.etu/BUT2/Semestre1/Ressources/Webdev/Web/TP06/tomcat/conf/logging.properties
03-Dec-2025 09:44:24.226 INFO [main] org.apache.catalina.startup.VersionLoggerListener.log Command line argument: -Djava.util.logging.manager=org.apache.juli.ClassLoaderLogManager
03-Dec-2025 09:44:24.226 INFO [main] org.apache.catalina.startup.VersionLoggerListener.log Command line argument: -Djdk.tls.ephemeralDHKeySize=2048
03-Dec-2025 09:44:24.226 INFO [main] org.apache.catalina.startup.VersionLoggerListener.log Command line argument: -Dorg.apache.catalina.security.SecurityListener.UMASK=0027
03-Dec-2025 09:44:24.226 INFO [main] org.apache.catalina.startup.VersionLoggerListener.log Command line argument: --add-opens=java.base/java.lang=ALL-UNNAMED
03-Dec-2025 09:44:24.226 INFO [main] org.apache.catalina.startup.VersionLoggerListener.log Command line argument: --add-opens=java.base/java.lang.reflect=ALL-UNNAMED
03-Dec-2025 09:44:24.226 INFO [main] org.apache.catalina.startup.VersionLoggerListener.log Command line argument: --add-opens=java.base/java.io=ALL-UNNAMED
03-Dec-2025 09:44:24.226 INFO [main] org.apache.catalina.startup.VersionLoggerListener.log Command line argument: --add-opens=java.base/java.util=ALL-UNNAMED
03-Dec-2025 09:44:24.226 INFO [main] org.apache.catalina.startup.VersionLoggerListener.log Command line argument: --add-opens=java.base/java.util.concurrent=ALL-UNNAMED
03-Dec-2025 09:44:24.226 INFO [main] org.apache.catalina.startup.VersionLoggerListener.log Command line argument: --add-opens=java.rmi/sun.rmi.transport=ALL-UNNAMED
03-Dec-2025 09:44:24.226 INFO [main] org.apache.catalina.startup.VersionLoggerListener.log Command line argument: --enable-native-access=ALL-UNNAMED
03-Dec-2025 09:44:24.226 INFO [main] org.apache.catalina.startup.VersionLoggerListener.log Command line argument: -Dcatalina.base=/home/infoetu/baptiste.lavogiez.etu/BUT2/Semestre1/Ressources/Webdev/Web/TP06/tomcat
03-Dec-2025 09:44:24.226 INFO [main] org.apache.catalina.startup.VersionLoggerListener.log Command line argument: -Dcatalina.home=/home/infoetu/baptiste.lavogiez.etu/BUT2/Semestre1/Ressources/Webdev/Web/TP06/tomcat
03-Dec-2025 09:44:24.226 INFO [main] org.apache.catalina.startup.VersionLoggerListener.log Command line argument: -Djava.io.tmpdir=/home/infoetu/baptiste.lavogiez.etu/BUT2/Semestre1/Ressources/Webdev/Web/TP06/tomcat/temp
03-Dec-2025 09:44:24.227 INFO [main] org.apache.catalina.core.AprLifecycleListener.lifecycleEvent The Apache Tomcat Native library which allows using OpenSSL was not found on the java.library.path: [/usr/java/packages/lib:/usr/lib/x86_64-linux-gnu/jni:/lib/x86_64-linux-gnu:/usr/lib/x86_64-linux-gnu:/usr/lib/jni:/lib:/usr/lib]
03-Dec-2025 09:44:24.329 INFO [main] org.apache.coyote.AbstractProtocol.init Initializing ProtocolHandler ["http-nio-8080"]
03-Dec-2025 09:44:24.343 INFO [main] org.apache.catalina.startup.Catalina.load Server initialization in [197] milliseconds
03-Dec-2025 09:44:24.362 INFO [main] org.apache.catalina.core.StandardService.startInternal Starting service [Catalina]
03-Dec-2025 09:44:24.362 INFO [main] org.apache.catalina.core.StandardEngine.startInternal Starting Servlet engine: [Apache Tomcat/11.0.13]
03-Dec-2025 09:44:24.367 INFO [main] org.apache.catalina.startup.HostConfig.deployDirectory Deploying web application directory [/home/infoetu/baptiste.lavogiez.etu/BUT2/Semestre1/Ressources/Webdev/Web/TP06/tomcat/webapps/ROOT]
03-Dec-2025 09:44:24.548 INFO [main] org.apache.jasper.servlet.TldScanner.scanJars At least one JAR was scanned for TLDs yet contained no TLDs. Enable debug logging for this logger for a complete list of JARs that were scanned but no TLDs were found in them. Skipping unneeded JARs during scanning can improve startup time and JSP compilation time.
03-Dec-2025 09:44:24.565 INFO [main] org.apache.catalina.startup.HostConfig.deployDirectory Deployment of web application directory [/home/infoetu/baptiste.lavogiez.etu/BUT2/Semestre1/Ressources/Webdev/Web/TP06/tomcat/webapps/ROOT] has finished in [198] ms
03-Dec-2025 09:44:24.566 INFO [main] org.apache.catalina.startup.HostConfig.deployDirectory Deploying web application directory [/home/infoetu/baptiste.lavogiez.etu/BUT2/Semestre1/Ressources/Webdev/Web/TP06/tomcat/webapps/docs]
03-Dec-2025 09:44:24.621 INFO [main] org.apache.jasper.servlet.TldScanner.scanJars At least one JAR was scanned for TLDs yet contained no TLDs. Enable debug logging for this logger for a complete list of JARs that were scanned but no TLDs were found in them. Skipping unneeded JARs during scanning can improve startup time and JSP compilation time.
03-Dec-2025 09:44:24.622 INFO [main] org.apache.catalina.startup.HostConfig.deployDirectory Deployment of web application directory [/home/infoetu/baptiste.lavogiez.etu/BUT2/Semestre1/Ressources/Webdev/Web/TP06/tomcat/webapps/docs] has finished in [56] ms
03-Dec-2025 09:44:24.623 INFO [main] org.apache.catalina.startup.HostConfig.deployDirectory Deploying web application directory [/home/infoetu/baptiste.lavogiez.etu/BUT2/Semestre1/Ressources/Webdev/Web/TP06/tomcat/webapps/manager]
03-Dec-2025 09:44:24.682 INFO [main] org.apache.jasper.servlet.TldScanner.scanJars At least one JAR was scanned for TLDs yet contained no TLDs. Enable debug logging for this logger for a complete list of JARs that were scanned but no TLDs were found in them. Skipping unneeded JARs during scanning can improve startup time and JSP compilation time.
03-Dec-2025 09:44:24.685 INFO [main] org.apache.catalina.startup.HostConfig.deployDirectory Deployment of web application directory [/home/infoetu/baptiste.lavogiez.etu/BUT2/Semestre1/Ressources/Webdev/Web/TP06/tomcat/webapps/manager] has finished in [62] ms
03-Dec-2025 09:44:24.686 INFO [main] org.apache.catalina.startup.HostConfig.deployDirectory Deploying web application directory [/home/infoetu/baptiste.lavogiez.etu/BUT2/Semestre1/Ressources/Webdev/Web/TP06/tomcat/webapps/host-manager]
03-Dec-2025 09:44:24.737 INFO [main] org.apache.jasper.servlet.TldScanner.scanJars At least one JAR was scanned for TLDs yet contained no TLDs. Enable debug logging for this logger for a complete list of JARs that were scanned but no TLDs were found in them. Skipping unneeded JARs during scanning can improve startup time and JSP compilation time.
03-Dec-2025 09:44:24.738 INFO [main] org.apache.catalina.startup.HostConfig.deployDirectory Deployment of web application directory [/home/infoetu/baptiste.lavogiez.etu/BUT2/Semestre1/Ressources/Webdev/Web/TP06/tomcat/webapps/host-manager] has finished in [51] ms
03-Dec-2025 09:44:24.738 INFO [main] org.apache.catalina.startup.HostConfig.deployDirectory Deploying web application directory [/home/infoetu/baptiste.lavogiez.etu/BUT2/Semestre1/Ressources/Webdev/Web/TP06/tomcat/webapps/vide]
03-Dec-2025 09:44:24.784 INFO [main] org.apache.jasper.servlet.TldScanner.scanJars At least one JAR was scanned for TLDs yet contained no TLDs. Enable debug logging for this logger for a complete list of JARs that were scanned but no TLDs were found in them. Skipping unneeded JARs during scanning can improve startup time and JSP compilation time.
03-Dec-2025 09:44:24.786 INFO [main] org.apache.catalina.startup.HostConfig.deployDirectory Deployment of web application directory [/home/infoetu/baptiste.lavogiez.etu/BUT2/Semestre1/Ressources/Webdev/Web/TP06/tomcat/webapps/vide] has finished in [48] ms
03-Dec-2025 09:44:24.787 INFO [main] org.apache.catalina.startup.HostConfig.deployDirectory Deploying web application directory [/home/infoetu/baptiste.lavogiez.etu/BUT2/Semestre1/Ressources/Webdev/Web/TP06/tomcat/webapps/examples]
03-Dec-2025 09:44:24.989 INFO [main] org.apache.jasper.servlet.TldScanner.scanJars At least one JAR was scanned for TLDs yet contained no TLDs. Enable debug logging for this logger for a complete list of JARs that were scanned but no TLDs were found in them. Skipping unneeded JARs during scanning can improve startup time and JSP compilation time.
03-Dec-2025 09:44:25.003 INFO [main] org.apache.catalina.startup.HostConfig.deployDirectory Deployment of web application directory [/home/infoetu/baptiste.lavogiez.etu/BUT2/Semestre1/Ressources/Webdev/Web/TP06/tomcat/webapps/examples] has finished in [216] ms
03-Dec-2025 09:44:25.005 INFO [main] org.apache.coyote.AbstractProtocol.start Starting ProtocolHandler ["http-nio-8080"]
03-Dec-2025 09:44:25.011 INFO [main] org.apache.catalina.startup.Catalina.start Server startup in [668] milliseconds
03-Dec-2025 09:45:07.311 INFO [Thread-1] org.apache.coyote.AbstractProtocol.pause Pausing ProtocolHandler ["http-nio-8080"]
03-Dec-2025 09:45:07.314 INFO [Thread-1] org.apache.catalina.core.StandardService.stopInternal Stopping service [Catalina]
03-Dec-2025 09:45:07.329 INFO [Thread-1] org.apache.coyote.AbstractProtocol.stop Stopping ProtocolHandler ["http-nio-8080"]
03-Dec-2025 09:45:07.336 INFO [Thread-1] org.apache.coyote.AbstractProtocol.destroy Destroying ProtocolHandler ["http-nio-8080"]
03-Dec-2025 09:45:08.071 INFO [main] org.apache.catalina.startup.VersionLoggerListener.log Server version name:   Apache Tomcat/11.0.13
03-Dec-2025 09:45:08.073 INFO [main] org.apache.catalina.startup.VersionLoggerListener.log Server built:          Oct 10 2025 13:57:31 UTC
03-Dec-2025 09:45:08.073 INFO [main] org.apache.catalina.startup.VersionLoggerListener.log Server version number: 11.0.13.0
03-Dec-2025 09:45:08.073 INFO [main] org.apache.catalina.startup.VersionLoggerListener.log OS Name:               Linux
03-Dec-2025 09:45:08.073 INFO [main] org.apache.catalina.startup.VersionLoggerListener.log OS Version:            6.1.0-40-amd64
03-Dec-2025 09:45:08.073 INFO [main] org.apache.catalina.startup.VersionLoggerListener.log Architecture:          amd64
03-Dec-2025 09:45:08.074 INFO [main] org.apache.catalina.startup.VersionLoggerListener.log Java Home:             /usr/lib/jvm/java-17-openjdk-amd64
03-Dec-2025 09:45:08.074 INFO [main] org.apache.catalina.startup.VersionLoggerListener.log JVM Version:           17.0.17+10-Debian-1deb12u1
03-Dec-2025 09:45:08.074 INFO [main] org.apache.catalina.startup.VersionLoggerListener.log JVM Vendor:            Debian
03-Dec-2025 09:45:08.074 INFO [main] org.apache.catalina.startup.VersionLoggerListener.log CATALINA_BASE:         /home/infoetu/baptiste.lavogiez.etu/BUT2/Semestre1/Ressources/Webdev/Web/TP06/tomcat
03-Dec-2025 09:45:08.074 INFO [main] org.apache.catalina.startup.VersionLoggerListener.log CATALINA_HOME:         /home/infoetu/baptiste.lavogiez.etu/BUT2/Semestre1/Ressources/Webdev/Web/TP06/tomcat
03-Dec-2025 09:45:08.077 INFO [main] org.apache.catalina.startup.VersionLoggerListener.log Command line argument: -Djava.util.logging.config.file=/home/infoetu/baptiste.lavogiez.etu/BUT2/Semestre1/Ressources/Webdev/Web/TP06/tomcat/conf/logging.properties
03-Dec-2025 09:45:08.078 INFO [main] org.apache.catalina.startup.VersionLoggerListener.log Command line argument: -Djava.util.logging.manager=org.apache.juli.ClassLoaderLogManager
03-Dec-2025 09:45:08.078 INFO [main] org.apache.catalina.startup.VersionLoggerListener.log Command line argument: -Djdk.tls.ephemeralDHKeySize=2048
03-Dec-2025 09:45:08.078 INFO [main] org.apache.catalina.startup.VersionLoggerListener.log Command line argument: -Dorg.apache.catalina.security.SecurityListener.UMASK=0027
03-Dec-2025 09:45:08.078 INFO [main] org.apache.catalina.startup.VersionLoggerListener.log Command line argument: --add-opens=java.base/java.lang=ALL-UNNAMED
03-Dec-2025 09:45:08.078 INFO [main] org.apache.catalina.startup.VersionLoggerListener.log Command line argument: --add-opens=java.base/java.lang.reflect=ALL-UNNAMED
03-Dec-2025 09:45:08.078 INFO [main] org.apache.catalina.startup.VersionLoggerListener.log Command line argument: --add-opens=java.base/java.io=ALL-UNNAMED
03-Dec-2025 09:45:08.078 INFO [main] org.apache.catalina.startup.VersionLoggerListener.log Command line argument: --add-opens=java.base/java.util=ALL-UNNAMED
03-Dec-2025 09:45:08.078 INFO [main] org.apache.catalina.startup.VersionLoggerListener.log Command line argument: --add-opens=java.base/java.util.concurrent=ALL-UNNAMED
03-Dec-2025 09:45:08.078 INFO [main] org.apache.catalina.startup.VersionLoggerListener.log Command line argument: --add-opens=java.rmi/sun.rmi.transport=ALL-UNNAMED
03-Dec-2025 09:45:08.078 INFO [main] org.apache.catalina.startup.VersionLoggerListener.log Command line argument: --enable-native-access=ALL-UNNAMED
03-Dec-2025 09:45:08.078 INFO [main] org.apache.catalina.startup.VersionLoggerListener.log Command line argument: -Dcatalina.base=/home/infoetu/baptiste.lavogiez.etu/BUT2/Semestre1/Ressources/Webdev/Web/TP06/tomcat
03-Dec-2025 09:45:08.078 INFO [main] org.apache.catalina.startup.VersionLoggerListener.log Command line argument: -Dcatalina.home=/home/infoetu/baptiste.lavogiez.etu/BUT2/Semestre1/Ressources/Webdev/Web/TP06/tomcat
03-Dec-2025 09:45:08.078 INFO [main] org.apache.catalina.startup.VersionLoggerListener.log Command line argument: -Djava.io.tmpdir=/home/infoetu/baptiste.lavogiez.etu/BUT2/Semestre1/Ressources/Webdev/Web/TP06/tomcat/temp
03-Dec-2025 09:45:08.079 INFO [main] org.apache.catalina.core.AprLifecycleListener.lifecycleEvent The Apache Tomcat Native library which allows using OpenSSL was not found on the java.library.path: [/usr/java/packages/lib:/usr/lib/x86_64-linux-gnu/jni:/lib/x86_64-linux-gnu:/usr/lib/x86_64-linux-gnu:/usr/lib/jni:/lib:/usr/lib]
03-Dec-2025 09:45:08.178 INFO [main] org.apache.coyote.AbstractProtocol.init Initializing ProtocolHandler ["http-nio-8080"]
03-Dec-2025 09:45:08.196 INFO [main] org.apache.catalina.startup.Catalina.load Server initialization in [197] milliseconds
03-Dec-2025 09:45:08.214 INFO [main] org.apache.catalina.core.StandardService.startInternal Starting service [Catalina]
03-Dec-2025 09:45:08.214 INFO [main] org.apache.catalina.core.StandardEngine.startInternal Starting Servlet engine: [Apache Tomcat/11.0.13]
03-Dec-2025 09:45:08.219 INFO [main] org.apache.catalina.startup.HostConfig.deployDirectory Deploying web application directory [/home/infoetu/baptiste.lavogiez.etu/BUT2/Semestre1/Ressources/Webdev/Web/TP06/tomcat/webapps/ROOT]
03-Dec-2025 09:45:08.383 INFO [main] org.apache.jasper.servlet.TldScanner.scanJars At least one JAR was scanned for TLDs yet contained no TLDs. Enable debug logging for this logger for a complete list of JARs that were scanned but no TLDs were found in them. Skipping unneeded JARs during scanning can improve startup time and JSP compilation time.
03-Dec-2025 09:45:08.400 INFO [main] org.apache.catalina.startup.HostConfig.deployDirectory Deployment of web application directory [/home/infoetu/baptiste.lavogiez.etu/BUT2/Semestre1/Ressources/Webdev/Web/TP06/tomcat/webapps/ROOT] has finished in [180] ms
03-Dec-2025 09:45:08.400 INFO [main] org.apache.catalina.startup.HostConfig.deployDirectory Deploying web application directory [/home/infoetu/baptiste.lavogiez.etu/BUT2/Semestre1/Ressources/Webdev/Web/TP06/tomcat/webapps/docs]
03-Dec-2025 09:45:08.459 INFO [main] org.apache.jasper.servlet.TldScanner.scanJars At least one JAR was scanned for TLDs yet contained no TLDs. Enable debug logging for this logger for a complete list of JARs that were scanned but no TLDs were found in them. Skipping unneeded JARs during scanning can improve startup time and JSP compilation time.
03-Dec-2025 09:45:08.460 INFO [main] org.apache.catalina.startup.HostConfig.deployDirectory Deployment of web application directory [/home/infoetu/baptiste.lavogiez.etu/BUT2/Semestre1/Ressources/Webdev/Web/TP06/tomcat/webapps/docs] has finished in [60] ms
03-Dec-2025 09:45:08.460 INFO [main] org.apache.catalina.startup.HostConfig.deployDirectory Deploying web application directory [/home/infoetu/baptiste.lavogiez.etu/BUT2/Semestre1/Ressources/Webdev/Web/TP06/tomcat/webapps/manager]
03-Dec-2025 09:45:08.510 INFO [main] org.apache.jasper.servlet.TldScanner.scanJars At least one JAR was scanned for TLDs yet contained no TLDs. Enable debug logging for this logger for a complete list of JARs that were scanned but no TLDs were found in them. Skipping unneeded JARs during scanning can improve startup time and JSP compilation time.
03-Dec-2025 09:45:08.513 INFO [main] org.apache.catalina.startup.HostConfig.deployDirectory Deployment of web application directory [/home/infoetu/baptiste.lavogiez.etu/BUT2/Semestre1/Ressources/Webdev/Web/TP06/tomcat/webapps/manager] has finished in [53] ms
03-Dec-2025 09:45:08.514 INFO [main] org.apache.catalina.startup.HostConfig.deployDirectory Deploying web application directory [/home/infoetu/baptiste.lavogiez.etu/BUT2/Semestre1/Ressources/Webdev/Web/TP06/tomcat/webapps/host-manager]
03-Dec-2025 09:45:08.563 INFO [main] org.apache.jasper.servlet.TldScanner.scanJars At least one JAR was scanned for TLDs yet contained no TLDs. Enable debug logging for this logger for a complete list of JARs that were scanned but no TLDs were found in them. Skipping unneeded JARs during scanning can improve startup time and JSP compilation time.
03-Dec-2025 09:45:08.564 INFO [main] org.apache.catalina.startup.HostConfig.deployDirectory Deployment of web application directory [/home/infoetu/baptiste.lavogiez.etu/BUT2/Semestre1/Ressources/Webdev/Web/TP06/tomcat/webapps/host-manager] has finished in [50] ms
03-Dec-2025 09:45:08.565 INFO [main] org.apache.catalina.startup.HostConfig.deployDirectory Deploying web application directory [/home/infoetu/baptiste.lavogiez.etu/BUT2/Semestre1/Ressources/Webdev/Web/TP06/tomcat/webapps/vide]
03-Dec-2025 09:45:08.609 INFO [main] org.apache.jasper.servlet.TldScanner.scanJars At least one JAR was scanned for TLDs yet contained no TLDs. Enable debug logging for this logger for a complete list of JARs that were scanned but no TLDs were found in them. Skipping unneeded JARs during scanning can improve startup time and JSP compilation time.
03-Dec-2025 09:45:08.611 INFO [main] org.apache.catalina.startup.HostConfig.deployDirectory Deployment of web application directory [/home/infoetu/baptiste.lavogiez.etu/BUT2/Semestre1/Ressources/Webdev/Web/TP06/tomcat/webapps/vide] has finished in [46] ms
03-Dec-2025 09:45:08.611 INFO [main] org.apache.catalina.startup.HostConfig.deployDirectory Deploying web application directory [/home/infoetu/baptiste.lavogiez.etu/BUT2/Semestre1/Ressources/Webdev/Web/TP06/tomcat/webapps/examples]
03-Dec-2025 09:45:08.754 INFO [main] org.apache.jasper.servlet.TldScanner.scanJars At least one JAR was scanned for TLDs yet contained no TLDs. Enable debug logging for this logger for a complete list of JARs that were scanned but no TLDs were found in them. Skipping unneeded JARs during scanning can improve startup time and JSP compilation time.
03-Dec-2025 09:45:08.773 INFO [main] org.apache.catalina.startup.HostConfig.deployDirectory Deployment of web application directory [/home/infoetu/baptiste.lavogiez.etu/BUT2/Semestre1/Ressources/Webdev/Web/TP06/tomcat/webapps/examples] has finished in [162] ms
03-Dec-2025 09:45:08.775 INFO [main] org.apache.coyote.AbstractProtocol.start Starting ProtocolHandler ["http-nio-8080"]
03-Dec-2025 09:45:08.781 INFO [main] org.apache.catalina.startup.Catalina.start Server startup in [585] milliseconds
03-Dec-2025 09:45:33.823 INFO [Thread-1] org.apache.coyote.AbstractProtocol.pause Pausing ProtocolHandler ["http-nio-8080"]
03-Dec-2025 09:45:33.826 INFO [Thread-1] org.apache.catalina.core.StandardService.stopInternal Stopping service [Catalina]
03-Dec-2025 09:45:33.841 INFO [Thread-1] org.apache.coyote.AbstractProtocol.stop Stopping ProtocolHandler ["http-nio-8080"]
03-Dec-2025 09:45:33.849 INFO [Thread-1] org.apache.coyote.AbstractProtocol.destroy Destroying ProtocolHandler ["http-nio-8080"]
03-Dec-2025 09:45:34.698 INFO [main] org.apache.catalina.startup.VersionLoggerListener.log Server version name:   Apache Tomcat/11.0.13
03-Dec-2025 09:45:34.701 INFO [main] org.apache.catalina.startup.VersionLoggerListener.log Server built:          Oct 10 2025 13:57:31 UTC
03-Dec-2025 09:45:34.701 INFO [main] org.apache.catalina.startup.VersionLoggerListener.log Server version number: 11.0.13.0
03-Dec-2025 09:45:34.701 INFO [main] org.apache.catalina.startup.VersionLoggerListener.log OS Name:               Linux
03-Dec-2025 09:45:34.701 INFO [main] org.apache.catalina.startup.VersionLoggerListener.log OS Version:            6.1.0-40-amd64
03-Dec-2025 09:45:34.701 INFO [main] org.apache.catalina.startup.VersionLoggerListener.log Architecture:          amd64
03-Dec-2025 09:45:34.701 INFO [main] org.apache.catalina.startup.VersionLoggerListener.log Java Home:             /usr/lib/jvm/java-17-openjdk-amd64
03-Dec-2025 09:45:34.701 INFO [main] org.apache.catalina.startup.VersionLoggerListener.log JVM Version:           17.0.17+10-Debian-1deb12u1
03-Dec-2025 09:45:34.701 INFO [main] org.apache.catalina.startup.VersionLoggerListener.log JVM Vendor:            Debian
03-Dec-2025 09:45:34.701 INFO [main] org.apache.catalina.startup.VersionLoggerListener.log CATALINA_BASE:         /home/infoetu/baptiste.lavogiez.etu/BUT2/Semestre1/Ressources/Webdev/Web/TP06/tomcat
03-Dec-2025 09:45:34.701 INFO [main] org.apache.catalina.startup.VersionLoggerListener.log CATALINA_HOME:         /home/infoetu/baptiste.lavogiez.etu/BUT2/Semestre1/Ressources/Webdev/Web/TP06/tomcat
03-Dec-2025 09:45:34.705 INFO [main] org.apache.catalina.startup.VersionLoggerListener.log Command line argument: -Djava.util.logging.config.file=/home/infoetu/baptiste.lavogiez.etu/BUT2/Semestre1/Ressources/Webdev/Web/TP06/tomcat/conf/logging.properties
03-Dec-2025 09:45:34.705 INFO [main] org.apache.catalina.startup.VersionLoggerListener.log Command line argument: -Djava.util.logging.manager=org.apache.juli.ClassLoaderLogManager
03-Dec-2025 09:45:34.705 INFO [main] org.apache.catalina.startup.VersionLoggerListener.log Command line argument: -Djdk.tls.ephemeralDHKeySize=2048
03-Dec-2025 09:45:34.705 INFO [main] org.apache.catalina.startup.VersionLoggerListener.log Command line argument: -Dorg.apache.catalina.security.SecurityListener.UMASK=0027
03-Dec-2025 09:45:34.705 INFO [main] org.apache.catalina.startup.VersionLoggerListener.log Command line argument: --add-opens=java.base/java.lang=ALL-UNNAMED
03-Dec-2025 09:45:34.705 INFO [main] org.apache.catalina.startup.VersionLoggerListener.log Command line argument: --add-opens=java.base/java.lang.reflect=ALL-UNNAMED
03-Dec-2025 09:45:34.705 INFO [main] org.apache.catalina.startup.VersionLoggerListener.log Command line argument: --add-opens=java.base/java.io=ALL-UNNAMED
03-Dec-2025 09:45:34.705 INFO [main] org.apache.catalina.startup.VersionLoggerListener.log Command line argument: --add-opens=java.base/java.util=ALL-UNNAMED
03-Dec-2025 09:45:34.705 INFO [main] org.apache.catalina.startup.VersionLoggerListener.log Command line argument: --add-opens=java.base/java.util.concurrent=ALL-UNNAMED
03-Dec-2025 09:45:34.705 INFO [main] org.apache.catalina.startup.VersionLoggerListener.log Command line argument: --add-opens=java.rmi/sun.rmi.transport=ALL-UNNAMED
03-Dec-2025 09:45:34.705 INFO [main] org.apache.catalina.startup.VersionLoggerListener.log Command line argument: --enable-native-access=ALL-UNNAMED
03-Dec-2025 09:45:34.705 INFO [main] org.apache.catalina.startup.VersionLoggerListener.log Command line argument: -Dcatalina.base=/home/infoetu/baptiste.lavogiez.etu/BUT2/Semestre1/Ressources/Webdev/Web/TP06/tomcat
03-Dec-2025 09:45:34.705 INFO [main] org.apache.catalina.startup.VersionLoggerListener.log Command line argument: -Dcatalina.home=/home/infoetu/baptiste.lavogiez.etu/BUT2/Semestre1/Ressources/Webdev/Web/TP06/tomcat
03-Dec-2025 09:45:34.706 INFO [main] org.apache.catalina.startup.VersionLoggerListener.log Command line argument: -Djava.io.tmpdir=/home/infoetu/baptiste.lavogiez.etu/BUT2/Semestre1/Ressources/Webdev/Web/TP06/tomcat/temp
03-Dec-2025 09:45:34.706 INFO [main] org.apache.catalina.core.AprLifecycleListener.lifecycleEvent The Apache Tomcat Native library which allows using OpenSSL was not found on the java.library.path: [/usr/java/packages/lib:/usr/lib/x86_64-linux-gnu/jni:/lib/x86_64-linux-gnu:/usr/lib/x86_64-linux-gnu:/usr/lib/jni:/lib:/usr/lib]
03-Dec-2025 09:45:34.811 INFO [main] org.apache.coyote.AbstractProtocol.init Initializing ProtocolHandler ["http-nio-8080"]
03-Dec-2025 09:45:34.826 INFO [main] org.apache.catalina.startup.Catalina.load Server initialization in [203] milliseconds
03-Dec-2025 09:45:34.845 INFO [main] org.apache.catalina.core.StandardService.startInternal Starting service [Catalina]
03-Dec-2025 09:45:34.845 INFO [main] org.apache.catalina.core.StandardEngine.startInternal Starting Servlet engine: [Apache Tomcat/11.0.13]
03-Dec-2025 09:45:34.853 INFO [main] org.apache.catalina.startup.HostConfig.deployDirectory Deploying web application directory [/home/infoetu/baptiste.lavogiez.etu/BUT2/Semestre1/Ressources/Webdev/Web/TP06/tomcat/webapps/ROOT]
03-Dec-2025 09:45:35.024 INFO [main] org.apache.jasper.servlet.TldScanner.scanJars At least one JAR was scanned for TLDs yet contained no TLDs. Enable debug logging for this logger for a complete list of JARs that were scanned but no TLDs were found in them. Skipping unneeded JARs during scanning can improve startup time and JSP compilation time.
03-Dec-2025 09:45:35.041 INFO [main] org.apache.catalina.startup.HostConfig.deployDirectory Deployment of web application directory [/home/infoetu/baptiste.lavogiez.etu/BUT2/Semestre1/Ressources/Webdev/Web/TP06/tomcat/webapps/ROOT] has finished in [188] ms
03-Dec-2025 09:45:35.041 INFO [main] org.apache.catalina.startup.HostConfig.deployDirectory Deploying web application directory [/home/infoetu/baptiste.lavogiez.etu/BUT2/Semestre1/Ressources/Webdev/Web/TP06/tomcat/webapps/docs]
03-Dec-2025 09:45:35.099 INFO [main] org.apache.jasper.servlet.TldScanner.scanJars At least one JAR was scanned for TLDs yet contained no TLDs. Enable debug logging for this logger for a complete list of JARs that were scanned but no TLDs were found in them. Skipping unneeded JARs during scanning can improve startup time and JSP compilation time.
03-Dec-2025 09:45:35.099 INFO [main] org.apache.catalina.startup.HostConfig.deployDirectory Deployment of web application directory [/home/infoetu/baptiste.lavogiez.etu/BUT2/Semestre1/Ressources/Webdev/Web/TP06/tomcat/webapps/docs] has finished in [58] ms
03-Dec-2025 09:45:35.100 INFO [main] org.apache.catalina.startup.HostConfig.deployDirectory Deploying web application directory [/home/infoetu/baptiste.lavogiez.etu/BUT2/Semestre1/Ressources/Webdev/Web/TP06/tomcat/webapps/manager]
03-Dec-2025 09:45:35.153 INFO [main] org.apache.jasper.servlet.TldScanner.scanJars At least one JAR was scanned for TLDs yet contained no TLDs. Enable debug logging for this logger for a complete list of JARs that were scanned but no TLDs were found in them. Skipping unneeded JARs during scanning can improve startup time and JSP compilation time.
03-Dec-2025 09:45:35.156 INFO [main] org.apache.catalina.startup.HostConfig.deployDirectory Deployment of web application directory [/home/infoetu/baptiste.lavogiez.etu/BUT2/Semestre1/Ressources/Webdev/Web/TP06/tomcat/webapps/manager] has finished in [56] ms
03-Dec-2025 09:45:35.156 INFO [main] org.apache.catalina.startup.HostConfig.deployDirectory Deploying web application directory [/home/infoetu/baptiste.lavogiez.etu/BUT2/Semestre1/Ressources/Webdev/Web/TP06/tomcat/webapps/host-manager]
03-Dec-2025 09:45:35.206 INFO [main] org.apache.jasper.servlet.TldScanner.scanJars At least one JAR was scanned for TLDs yet contained no TLDs. Enable debug logging for this logger for a complete list of JARs that were scanned but no TLDs were found in them. Skipping unneeded JARs during scanning can improve startup time and JSP compilation time.
03-Dec-2025 09:45:35.207 INFO [main] org.apache.catalina.startup.HostConfig.deployDirectory Deployment of web application directory [/home/infoetu/baptiste.lavogiez.etu/BUT2/Semestre1/Ressources/Webdev/Web/TP06/tomcat/webapps/host-manager] has finished in [51] ms
03-Dec-2025 09:45:35.207 INFO [main] org.apache.catalina.startup.HostConfig.deployDirectory Deploying web application directory [/home/infoetu/baptiste.lavogiez.etu/BUT2/Semestre1/Ressources/Webdev/Web/TP06/tomcat/webapps/vide]
03-Dec-2025 09:45:35.257 INFO [main] org.apache.jasper.servlet.TldScanner.scanJars At least one JAR was scanned for TLDs yet contained no TLDs. Enable debug logging for this logger for a complete list of JARs that were scanned but no TLDs were found in them. Skipping unneeded JARs during scanning can improve startup time and JSP compilation time.
03-Dec-2025 09:45:35.259 INFO [main] org.apache.catalina.startup.HostConfig.deployDirectory Deployment of web application directory [/home/infoetu/baptiste.lavogiez.etu/BUT2/Semestre1/Ressources/Webdev/Web/TP06/tomcat/webapps/vide] has finished in [52] ms
03-Dec-2025 09:45:35.259 INFO [main] org.apache.catalina.startup.HostConfig.deployDirectory Deploying web application directory [/home/infoetu/baptiste.lavogiez.etu/BUT2/Semestre1/Ressources/Webdev/Web/TP06/tomcat/webapps/examples]
03-Dec-2025 09:45:35.426 INFO [main] org.apache.jasper.servlet.TldScanner.scanJars At least one JAR was scanned for TLDs yet contained no TLDs. Enable debug logging for this logger for a complete list of JARs that were scanned but no TLDs were found in them. Skipping unneeded JARs during scanning can improve startup time and JSP compilation time.
03-Dec-2025 09:45:35.440 INFO [main] org.apache.catalina.startup.HostConfig.deployDirectory Deployment of web application directory [/home/infoetu/baptiste.lavogiez.etu/BUT2/Semestre1/Ressources/Webdev/Web/TP06/tomcat/webapps/examples] has finished in [181] ms
03-Dec-2025 09:45:35.442 INFO [main] org.apache.coyote.AbstractProtocol.start Starting ProtocolHandler ["http-nio-8080"]
03-Dec-2025 09:45:35.448 INFO [main] org.apache.catalina.startup.Catalina.start Server startup in [621] milliseconds
03-Dec-2025 09:45:46.903 INFO [Thread-1] org.apache.coyote.AbstractProtocol.pause Pausing ProtocolHandler ["http-nio-8080"]
03-Dec-2025 09:45:46.906 INFO [Thread-1] org.apache.catalina.core.StandardService.stopInternal Stopping service [Catalina]
03-Dec-2025 09:45:46.928 INFO [Thread-1] org.apache.coyote.AbstractProtocol.stop Stopping ProtocolHandler ["http-nio-8080"]
03-Dec-2025 09:45:46.940 INFO [Thread-1] org.apache.coyote.AbstractProtocol.destroy Destroying ProtocolHandler ["http-nio-8080"]
03-Dec-2025 09:45:58.796 INFO [main] org.apache.catalina.startup.VersionLoggerListener.log Server version name:   Apache Tomcat/11.0.13
03-Dec-2025 09:45:58.798 INFO [main] org.apache.catalina.startup.VersionLoggerListener.log Server built:          Oct 10 2025 13:57:31 UTC
03-Dec-2025 09:45:58.799 INFO [main] org.apache.catalina.startup.VersionLoggerListener.log Server version number: 11.0.13.0
03-Dec-2025 09:45:58.799 INFO [main] org.apache.catalina.startup.VersionLoggerListener.log OS Name:               Linux
03-Dec-2025 09:45:58.799 INFO [main] org.apache.catalina.startup.VersionLoggerListener.log OS Version:            6.1.0-40-amd64
03-Dec-2025 09:45:58.799 INFO [main] org.apache.catalina.startup.VersionLoggerListener.log Architecture:          amd64
03-Dec-2025 09:45:58.799 INFO [main] org.apache.catalina.startup.VersionLoggerListener.log Java Home:             /usr/lib/jvm/java-17-openjdk-amd64
03-Dec-2025 09:45:58.799 INFO [main] org.apache.catalina.startup.VersionLoggerListener.log JVM Version:           17.0.17+10-Debian-1deb12u1
03-Dec-2025 09:45:58.799 INFO [main] org.apache.catalina.startup.VersionLoggerListener.log JVM Vendor:            Debian
03-Dec-2025 09:45:58.799 INFO [main] org.apache.catalina.startup.VersionLoggerListener.log CATALINA_BASE:         /home/infoetu/baptiste.lavogiez.etu/BUT2/Semestre1/Ressources/Webdev/Web/TP06/tomcat
03-Dec-2025 09:45:58.799 INFO [main] org.apache.catalina.startup.VersionLoggerListener.log CATALINA_HOME:         /home/infoetu/baptiste.lavogiez.etu/BUT2/Semestre1/Ressources/Webdev/Web/TP06/tomcat
03-Dec-2025 09:45:58.802 INFO [main] org.apache.catalina.startup.VersionLoggerListener.log Command line argument: -Djava.util.logging.config.file=/home/infoetu/baptiste.lavogiez.etu/BUT2/Semestre1/Ressources/Webdev/Web/TP06/tomcat/conf/logging.properties
03-Dec-2025 09:45:58.802 INFO [main] org.apache.catalina.startup.VersionLoggerListener.log Command line argument: -Djava.util.logging.manager=org.apache.juli.ClassLoaderLogManager
03-Dec-2025 09:45:58.802 INFO [main] org.apache.catalina.startup.VersionLoggerListener.log Command line argument: -Djdk.tls.ephemeralDHKeySize=2048
03-Dec-2025 09:45:58.802 INFO [main] org.apache.catalina.startup.VersionLoggerListener.log Command line argument: -Dorg.apache.catalina.security.SecurityListener.UMASK=0027
03-Dec-2025 09:45:58.803 INFO [main] org.apache.catalina.startup.VersionLoggerListener.log Command line argument: --add-opens=java.base/java.lang=ALL-UNNAMED
03-Dec-2025 09:45:58.803 INFO [main] org.apache.catalina.startup.VersionLoggerListener.log Command line argument: --add-opens=java.base/java.lang.reflect=ALL-UNNAMED
03-Dec-2025 09:45:58.803 INFO [main] org.apache.catalina.startup.VersionLoggerListener.log Command line argument: --add-opens=java.base/java.io=ALL-UNNAMED
03-Dec-2025 09:45:58.803 INFO [main] org.apache.catalina.startup.VersionLoggerListener.log Command line argument: --add-opens=java.base/java.util=ALL-UNNAMED
03-Dec-2025 09:45:58.803 INFO [main] org.apache.catalina.startup.VersionLoggerListener.log Command line argument: --add-opens=java.base/java.util.concurrent=ALL-UNNAMED
03-Dec-2025 09:45:58.803 INFO [main] org.apache.catalina.startup.VersionLoggerListener.log Command line argument: --add-opens=java.rmi/sun.rmi.transport=ALL-UNNAMED
03-Dec-2025 09:45:58.803 INFO [main] org.apache.catalina.startup.VersionLoggerListener.log Command line argument: --enable-native-access=ALL-UNNAMED
03-Dec-2025 09:45:58.803 INFO [main] org.apache.catalina.startup.VersionLoggerListener.log Command line argument: -Dcatalina.base=/home/infoetu/baptiste.lavogiez.etu/BUT2/Semestre1/Ressources/Webdev/Web/TP06/tomcat
03-Dec-2025 09:45:58.803 INFO [main] org.apache.catalina.startup.VersionLoggerListener.log Command line argument: -Dcatalina.home=/home/infoetu/baptiste.lavogiez.etu/BUT2/Semestre1/Ressources/Webdev/Web/TP06/tomcat
03-Dec-2025 09:45:58.803 INFO [main] org.apache.catalina.startup.VersionLoggerListener.log Command line argument: -Djava.io.tmpdir=/home/infoetu/baptiste.lavogiez.etu/BUT2/Semestre1/Ressources/Webdev/Web/TP06/tomcat/temp
03-Dec-2025 09:45:58.804 INFO [main] org.apache.catalina.core.AprLifecycleListener.lifecycleEvent The Apache Tomcat Native library which allows using OpenSSL was not found on the java.library.path: [/usr/java/packages/lib:/usr/lib/x86_64-linux-gnu/jni:/lib/x86_64-linux-gnu:/usr/lib/x86_64-linux-gnu:/usr/lib/jni:/lib:/usr/lib]
03-Dec-2025 09:45:58.906 INFO [main] org.apache.coyote.AbstractProtocol.init Initializing ProtocolHandler ["http-nio-8080"]
03-Dec-2025 09:45:58.920 INFO [main] org.apache.catalina.startup.Catalina.load Server initialization in [197] milliseconds
03-Dec-2025 09:45:58.938 INFO [main] org.apache.catalina.core.StandardService.startInternal Starting service [Catalina]
03-Dec-2025 09:45:58.938 INFO [main] org.apache.catalina.core.StandardEngine.startInternal Starting Servlet engine: [Apache Tomcat/11.0.13]
03-Dec-2025 09:45:58.944 INFO [main] org.apache.catalina.startup.HostConfig.deployDirectory Deploying web application directory [/home/infoetu/baptiste.lavogiez.etu/BUT2/Semestre1/Ressources/Webdev/Web/TP06/tomcat/webapps/ROOT]
03-Dec-2025 09:45:59.120 INFO [main] org.apache.jasper.servlet.TldScanner.scanJars At least one JAR was scanned for TLDs yet contained no TLDs. Enable debug logging for this logger for a complete list of JARs that were scanned but no TLDs were found in them. Skipping unneeded JARs during scanning can improve startup time and JSP compilation time.
03-Dec-2025 09:45:59.137 INFO [main] org.apache.catalina.startup.HostConfig.deployDirectory Deployment of web application directory [/home/infoetu/baptiste.lavogiez.etu/BUT2/Semestre1/Ressources/Webdev/Web/TP06/tomcat/webapps/ROOT] has finished in [192] ms
03-Dec-2025 09:45:59.137 INFO [main] org.apache.catalina.startup.HostConfig.deployDirectory Deploying web application directory [/home/infoetu/baptiste.lavogiez.etu/BUT2/Semestre1/Ressources/Webdev/Web/TP06/tomcat/webapps/docs]
03-Dec-2025 09:45:59.192 INFO [main] org.apache.jasper.servlet.TldScanner.scanJars At least one JAR was scanned for TLDs yet contained no TLDs. Enable debug logging for this logger for a complete list of JARs that were scanned but no TLDs were found in them. Skipping unneeded JARs during scanning can improve startup time and JSP compilation time.
03-Dec-2025 09:45:59.193 INFO [main] org.apache.catalina.startup.HostConfig.deployDirectory Deployment of web application directory [/home/infoetu/baptiste.lavogiez.etu/BUT2/Semestre1/Ressources/Webdev/Web/TP06/tomcat/webapps/docs] has finished in [56] ms
03-Dec-2025 09:45:59.193 INFO [main] org.apache.catalina.startup.HostConfig.deployDirectory Deploying web application directory [/home/infoetu/baptiste.lavogiez.etu/BUT2/Semestre1/Ressources/Webdev/Web/TP06/tomcat/webapps/manager]
03-Dec-2025 09:45:59.245 INFO [main] org.apache.jasper.servlet.TldScanner.scanJars At least one JAR was scanned for TLDs yet contained no TLDs. Enable debug logging for this logger for a complete list of JARs that were scanned but no TLDs were found in them. Skipping unneeded JARs during scanning can improve startup time and JSP compilation time.
03-Dec-2025 09:45:59.247 INFO [main] org.apache.catalina.startup.HostConfig.deployDirectory Deployment of web application directory [/home/infoetu/baptiste.lavogiez.etu/BUT2/Semestre1/Ressources/Webdev/Web/TP06/tomcat/webapps/manager] has finished in [54] ms
03-Dec-2025 09:45:59.247 INFO [main] org.apache.catalina.startup.HostConfig.deployDirectory Deploying web application directory [/home/infoetu/baptiste.lavogiez.etu/BUT2/Semestre1/Ressources/Webdev/Web/TP06/tomcat/webapps/host-manager]
03-Dec-2025 09:45:59.298 INFO [main] org.apache.jasper.servlet.TldScanner.scanJars At least one JAR was scanned for TLDs yet contained no TLDs. Enable debug logging for this logger for a complete list of JARs that were scanned but no TLDs were found in them. Skipping unneeded JARs during scanning can improve startup time and JSP compilation time.
03-Dec-2025 09:45:59.299 INFO [main] org.apache.catalina.startup.HostConfig.deployDirectory Deployment of web application directory [/home/infoetu/baptiste.lavogiez.etu/BUT2/Semestre1/Ressources/Webdev/Web/TP06/tomcat/webapps/host-manager] has finished in [51] ms
03-Dec-2025 09:45:59.299 INFO [main] org.apache.catalina.startup.HostConfig.deployDirectory Deploying web application directory [/home/infoetu/baptiste.lavogiez.etu/BUT2/Semestre1/Ressources/Webdev/Web/TP06/tomcat/webapps/vide]
03-Dec-2025 09:45:59.344 INFO [main] org.apache.jasper.servlet.TldScanner.scanJars At least one JAR was scanned for TLDs yet contained no TLDs. Enable debug logging for this logger for a complete list of JARs that were scanned but no TLDs were found in them. Skipping unneeded JARs during scanning can improve startup time and JSP compilation time.
03-Dec-2025 09:45:59.346 INFO [main] org.apache.catalina.startup.HostConfig.deployDirectory Deployment of web application directory [/home/infoetu/baptiste.lavogiez.etu/BUT2/Semestre1/Ressources/Webdev/Web/TP06/tomcat/webapps/vide] has finished in [46] ms
03-Dec-2025 09:45:59.346 INFO [main] org.apache.catalina.startup.HostConfig.deployDirectory Deploying web application directory [/home/infoetu/baptiste.lavogiez.etu/BUT2/Semestre1/Ressources/Webdev/Web/TP06/tomcat/webapps/examples]
03-Dec-2025 09:45:59.496 INFO [main] org.apache.jasper.servlet.TldScanner.scanJars At least one JAR was scanned for TLDs yet contained no TLDs. Enable debug logging for this logger for a complete list of JARs that were scanned but no TLDs were found in them. Skipping unneeded JARs during scanning can improve startup time and JSP compilation time.
03-Dec-2025 09:45:59.515 INFO [main] org.apache.catalina.startup.HostConfig.deployDirectory Deployment of web application directory [/home/infoetu/baptiste.lavogiez.etu/BUT2/Semestre1/Ressources/Webdev/Web/TP06/tomcat/webapps/examples] has finished in [169] ms
03-Dec-2025 09:45:59.518 INFO [main] org.apache.coyote.AbstractProtocol.start Starting ProtocolHandler ["http-nio-8080"]
03-Dec-2025 09:45:59.524 INFO [main] org.apache.catalina.startup.Catalina.start Server startup in [604] milliseconds
03-Dec-2025 09:46:48.112 INFO [Thread-1] org.apache.coyote.AbstractProtocol.pause Pausing ProtocolHandler ["http-nio-8080"]
03-Dec-2025 09:46:48.114 INFO [Thread-1] org.apache.catalina.core.StandardService.stopInternal Stopping service [Catalina]
03-Dec-2025 09:46:48.146 INFO [Thread-1] org.apache.coyote.AbstractProtocol.stop Stopping ProtocolHandler ["http-nio-8080"]
03-Dec-2025 09:46:48.153 INFO [Thread-1] org.apache.coyote.AbstractProtocol.destroy Destroying ProtocolHandler ["http-nio-8080"]
03-Dec-2025 09:46:48.810 INFO [main] org.apache.catalina.startup.VersionLoggerListener.log Server version name:   Apache Tomcat/11.0.13
03-Dec-2025 09:46:48.812 INFO [main] org.apache.catalina.startup.VersionLoggerListener.log Server built:          Oct 10 2025 13:57:31 UTC
03-Dec-2025 09:46:48.812 INFO [main] org.apache.catalina.startup.VersionLoggerListener.log Server version number: 11.0.13.0
03-Dec-2025 09:46:48.812 INFO [main] org.apache.catalina.startup.VersionLoggerListener.log OS Name:               Linux
03-Dec-2025 09:46:48.813 INFO [main] org.apache.catalina.startup.VersionLoggerListener.log OS Version:            6.1.0-40-amd64
03-Dec-2025 09:46:48.813 INFO [main] org.apache.catalina.startup.VersionLoggerListener.log Architecture:          amd64
03-Dec-2025 09:46:48.813 INFO [main] org.apache.catalina.startup.VersionLoggerListener.log Java Home:             /usr/lib/jvm/java-17-openjdk-amd64
03-Dec-2025 09:46:48.813 INFO [main] org.apache.catalina.startup.VersionLoggerListener.log JVM Version:           17.0.17+10-Debian-1deb12u1
03-Dec-2025 09:46:48.813 INFO [main] org.apache.catalina.startup.VersionLoggerListener.log JVM Vendor:            Debian
03-Dec-2025 09:46:48.813 INFO [main] org.apache.catalina.startup.VersionLoggerListener.log CATALINA_BASE:         /home/infoetu/baptiste.lavogiez.etu/BUT2/Semestre1/Ressources/Webdev/Web/TP06/tomcat
03-Dec-2025 09:46:48.813 INFO [main] org.apache.catalina.startup.VersionLoggerListener.log CATALINA_HOME:         /home/infoetu/baptiste.lavogiez.etu/BUT2/Semestre1/Ressources/Webdev/Web/TP06/tomcat
03-Dec-2025 09:46:48.816 INFO [main] org.apache.catalina.startup.VersionLoggerListener.log Command line argument: -Djava.util.logging.config.file=/home/infoetu/baptiste.lavogiez.etu/BUT2/Semestre1/Ressources/Webdev/Web/TP06/tomcat/conf/logging.properties
03-Dec-2025 09:46:48.816 INFO [main] org.apache.catalina.startup.VersionLoggerListener.log Command line argument: -Djava.util.logging.manager=org.apache.juli.ClassLoaderLogManager
03-Dec-2025 09:46:48.816 INFO [main] org.apache.catalina.startup.VersionLoggerListener.log Command line argument: -Djdk.tls.ephemeralDHKeySize=2048
03-Dec-2025 09:46:48.816 INFO [main] org.apache.catalina.startup.VersionLoggerListener.log Command line argument: -Dorg.apache.catalina.security.SecurityListener.UMASK=0027
03-Dec-2025 09:46:48.817 INFO [main] org.apache.catalina.startup.VersionLoggerListener.log Command line argument: --add-opens=java.base/java.lang=ALL-UNNAMED
03-Dec-2025 09:46:48.817 INFO [main] org.apache.catalina.startup.VersionLoggerListener.log Command line argument: --add-opens=java.base/java.lang.reflect=ALL-UNNAMED
03-Dec-2025 09:46:48.817 INFO [main] org.apache.catalina.startup.VersionLoggerListener.log Command line argument: --add-opens=java.base/java.io=ALL-UNNAMED
03-Dec-2025 09:46:48.817 INFO [main] org.apache.catalina.startup.VersionLoggerListener.log Command line argument: --add-opens=java.base/java.util=ALL-UNNAMED
03-Dec-2025 09:46:48.817 INFO [main] org.apache.catalina.startup.VersionLoggerListener.log Command line argument: --add-opens=java.base/java.util.concurrent=ALL-UNNAMED
03-Dec-2025 09:46:48.817 INFO [main] org.apache.catalina.startup.VersionLoggerListener.log Command line argument: --add-opens=java.rmi/sun.rmi.transport=ALL-UNNAMED
03-Dec-2025 09:46:48.817 INFO [main] org.apache.catalina.startup.VersionLoggerListener.log Command line argument: --enable-native-access=ALL-UNNAMED
03-Dec-2025 09:46:48.817 INFO [main] org.apache.catalina.startup.VersionLoggerListener.log Command line argument: -Dcatalina.base=/home/infoetu/baptiste.lavogiez.etu/BUT2/Semestre1/Ressources/Webdev/Web/TP06/tomcat
03-Dec-2025 09:46:48.817 INFO [main] org.apache.catalina.startup.VersionLoggerListener.log Command line argument: -Dcatalina.home=/home/infoetu/baptiste.lavogiez.etu/BUT2/Semestre1/Ressources/Webdev/Web/TP06/tomcat
03-Dec-2025 09:46:48.817 INFO [main] org.apache.catalina.startup.VersionLoggerListener.log Command line argument: -Djava.io.tmpdir=/home/infoetu/baptiste.lavogiez.etu/BUT2/Semestre1/Ressources/Webdev/Web/TP06/tomcat/temp
03-Dec-2025 09:46:48.818 INFO [main] org.apache.catalina.core.AprLifecycleListener.lifecycleEvent The Apache Tomcat Native library which allows using OpenSSL was not found on the java.library.path: [/usr/java/packages/lib:/usr/lib/x86_64-linux-gnu/jni:/lib/x86_64-linux-gnu:/usr/lib/x86_64-linux-gnu:/usr/lib/jni:/lib:/usr/lib]
03-Dec-2025 09:46:48.920 INFO [main] org.apache.coyote.AbstractProtocol.init Initializing ProtocolHandler ["http-nio-8080"]
03-Dec-2025 09:46:48.934 INFO [main] org.apache.catalina.startup.Catalina.load Server initialization in [195] milliseconds
03-Dec-2025 09:46:48.951 INFO [main] org.apache.catalina.core.StandardService.startInternal Starting service [Catalina]
03-Dec-2025 09:46:48.952 INFO [main] org.apache.catalina.core.StandardEngine.startInternal Starting Servlet engine: [Apache Tomcat/11.0.13]
03-Dec-2025 09:46:48.956 INFO [main] org.apache.catalina.startup.HostConfig.deployDirectory Deploying web application directory [/home/infoetu/baptiste.lavogiez.etu/BUT2/Semestre1/Ressources/Webdev/Web/TP06/tomcat/webapps/ROOT]
03-Dec-2025 09:46:49.132 INFO [main] org.apache.jasper.servlet.TldScanner.scanJars At least one JAR was scanned for TLDs yet contained no TLDs. Enable debug logging for this logger for a complete list of JARs that were scanned but no TLDs were found in them. Skipping unneeded JARs during scanning can improve startup time and JSP compilation time.
03-Dec-2025 09:46:49.149 INFO [main] org.apache.catalina.startup.HostConfig.deployDirectory Deployment of web application directory [/home/infoetu/baptiste.lavogiez.etu/BUT2/Semestre1/Ressources/Webdev/Web/TP06/tomcat/webapps/ROOT] has finished in [193] ms
03-Dec-2025 09:46:49.150 INFO [main] org.apache.catalina.startup.HostConfig.deployDirectory Deploying web application directory [/home/infoetu/baptiste.lavogiez.etu/BUT2/Semestre1/Ressources/Webdev/Web/TP06/tomcat/webapps/docs]
03-Dec-2025 09:46:49.203 INFO [main] org.apache.jasper.servlet.TldScanner.scanJars At least one JAR was scanned for TLDs yet contained no TLDs. Enable debug logging for this logger for a complete list of JARs that were scanned but no TLDs were found in them. Skipping unneeded JARs during scanning can improve startup time and JSP compilation time.
03-Dec-2025 09:46:49.204 INFO [main] org.apache.catalina.startup.HostConfig.deployDirectory Deployment of web application directory [/home/infoetu/baptiste.lavogiez.etu/BUT2/Semestre1/Ressources/Webdev/Web/TP06/tomcat/webapps/docs] has finished in [55] ms
03-Dec-2025 09:46:49.204 INFO [main] org.apache.catalina.startup.HostConfig.deployDirectory Deploying web application directory [/home/infoetu/baptiste.lavogiez.etu/BUT2/Semestre1/Ressources/Webdev/Web/TP06/tomcat/webapps/manager]
03-Dec-2025 09:46:49.259 INFO [main] org.apache.jasper.servlet.TldScanner.scanJars At least one JAR was scanned for TLDs yet contained no TLDs. Enable debug logging for this logger for a complete list of JARs that were scanned but no TLDs were found in them. Skipping unneeded JARs during scanning can improve startup time and JSP compilation time.
03-Dec-2025 09:46:49.262 INFO [main] org.apache.catalina.startup.HostConfig.deployDirectory Deployment of web application directory [/home/infoetu/baptiste.lavogiez.etu/BUT2/Semestre1/Ressources/Webdev/Web/TP06/tomcat/webapps/manager] has finished in [58] ms
03-Dec-2025 09:46:49.262 INFO [main] org.apache.catalina.startup.HostConfig.deployDirectory Deploying web application directory [/home/infoetu/baptiste.lavogiez.etu/BUT2/Semestre1/Ressources/Webdev/Web/TP06/tomcat/webapps/host-manager]
03-Dec-2025 09:46:49.314 INFO [main] org.apache.jasper.servlet.TldScanner.scanJars At least one JAR was scanned for TLDs yet contained no TLDs. Enable debug logging for this logger for a complete list of JARs that were scanned but no TLDs were found in them. Skipping unneeded JARs during scanning can improve startup time and JSP compilation time.
03-Dec-2025 09:46:49.315 INFO [main] org.apache.catalina.startup.HostConfig.deployDirectory Deployment of web application directory [/home/infoetu/baptiste.lavogiez.etu/BUT2/Semestre1/Ressources/Webdev/Web/TP06/tomcat/webapps/host-manager] has finished in [53] ms
03-Dec-2025 09:46:49.315 INFO [main] org.apache.catalina.startup.HostConfig.deployDirectory Deploying web application directory [/home/infoetu/baptiste.lavogiez.etu/BUT2/Semestre1/Ressources/Webdev/Web/TP06/tomcat/webapps/vide]
03-Dec-2025 09:46:49.361 INFO [main] org.apache.jasper.servlet.TldScanner.scanJars At least one JAR was scanned for TLDs yet contained no TLDs. Enable debug logging for this logger for a complete list of JARs that were scanned but no TLDs were found in them. Skipping unneeded JARs during scanning can improve startup time and JSP compilation time.
03-Dec-2025 09:46:49.363 INFO [main] org.apache.catalina.startup.HostConfig.deployDirectory Deployment of web application directory [/home/infoetu/baptiste.lavogiez.etu/BUT2/Semestre1/Ressources/Webdev/Web/TP06/tomcat/webapps/vide] has finished in [48] ms
03-Dec-2025 09:46:49.363 INFO [main] org.apache.catalina.startup.HostConfig.deployDirectory Deploying web application directory [/home/infoetu/baptiste.lavogiez.etu/BUT2/Semestre1/Ressources/Webdev/Web/TP06/tomcat/webapps/examples]
03-Dec-2025 09:46:49.556 INFO [main] org.apache.jasper.servlet.TldScanner.scanJars At least one JAR was scanned for TLDs yet contained no TLDs. Enable debug logging for this logger for a complete list of JARs that were scanned but no TLDs were found in them. Skipping unneeded JARs during scanning can improve startup time and JSP compilation time.
03-Dec-2025 09:46:49.570 INFO [main] org.apache.catalina.startup.HostConfig.deployDirectory Deployment of web application directory [/home/infoetu/baptiste.lavogiez.etu/BUT2/Semestre1/Ressources/Webdev/Web/TP06/tomcat/webapps/examples] has finished in [207] ms
03-Dec-2025 09:46:49.572 INFO [main] org.apache.coyote.AbstractProtocol.start Starting ProtocolHandler ["http-nio-8080"]
03-Dec-2025 09:46:49.580 INFO [main] org.apache.catalina.startup.Catalina.start Server startup in [646] milliseconds
03-Dec-2025 09:52:19.768 INFO [Catalina-utility-1] org.apache.catalina.core.StandardContext.reload Reloading Context with name [/vide] has started
03-Dec-2025 09:52:19.839 INFO [Catalina-utility-1] org.apache.jasper.servlet.TldScanner.scanJars At least one JAR was scanned for TLDs yet contained no TLDs. Enable debug logging for this logger for a complete list of JARs that were scanned but no TLDs were found in them. Skipping unneeded JARs during scanning can improve startup time and JSP compilation time.
03-Dec-2025 09:52:19.840 INFO [Catalina-utility-1] org.apache.catalina.core.StandardContext.reload Reloading Context with name [/vide] is completed
03-Dec-2025 09:53:09.642 INFO [Thread-1] org.apache.coyote.AbstractProtocol.pause Pausing ProtocolHandler ["http-nio-8080"]
03-Dec-2025 09:53:09.643 INFO [Thread-1] org.apache.catalina.core.StandardService.stopInternal Stopping service [Catalina]
03-Dec-2025 09:53:09.661 INFO [Thread-1] org.apache.coyote.AbstractProtocol.stop Stopping ProtocolHandler ["http-nio-8080"]
03-Dec-2025 09:53:09.671 INFO [Thread-1] org.apache.coyote.AbstractProtocol.destroy Destroying ProtocolHandler ["http-nio-8080"]
03-Dec-2025 09:53:10.359 INFO [main] org.apache.catalina.startup.VersionLoggerListener.log Server version name:   Apache Tomcat/11.0.13
03-Dec-2025 09:53:10.362 INFO [main] org.apache.catalina.startup.VersionLoggerListener.log Server built:          Oct 10 2025 13:57:31 UTC
03-Dec-2025 09:53:10.362 INFO [main] org.apache.catalina.startup.VersionLoggerListener.log Server version number: 11.0.13.0
03-Dec-2025 09:53:10.362 INFO [main] org.apache.catalina.startup.VersionLoggerListener.log OS Name:               Linux
03-Dec-2025 09:53:10.362 INFO [main] org.apache.catalina.startup.VersionLoggerListener.log OS Version:            6.1.0-40-amd64
03-Dec-2025 09:53:10.362 INFO [main] org.apache.catalina.startup.VersionLoggerListener.log Architecture:          amd64
03-Dec-2025 09:53:10.362 INFO [main] org.apache.catalina.startup.VersionLoggerListener.log Java Home:             /usr/lib/jvm/java-17-openjdk-amd64
03-Dec-2025 09:53:10.362 INFO [main] org.apache.catalina.startup.VersionLoggerListener.log JVM Version:           17.0.17+10-Debian-1deb12u1
03-Dec-2025 09:53:10.362 INFO [main] org.apache.catalina.startup.VersionLoggerListener.log JVM Vendor:            Debian
03-Dec-2025 09:53:10.362 INFO [main] org.apache.catalina.startup.VersionLoggerListener.log CATALINA_BASE:         /home/infoetu/baptiste.lavogiez.etu/BUT2/Semestre1/Ressources/Webdev/Web/TP06/tomcat
03-Dec-2025 09:53:10.363 INFO [main] org.apache.catalina.startup.VersionLoggerListener.log CATALINA_HOME:         /home/infoetu/baptiste.lavogiez.etu/BUT2/Semestre1/Ressources/Webdev/Web/TP06/tomcat
03-Dec-2025 09:53:10.366 INFO [main] org.apache.catalina.startup.VersionLoggerListener.log Command line argument: -Djava.util.logging.config.file=/home/infoetu/baptiste.lavogiez.etu/BUT2/Semestre1/Ressources/Webdev/Web/TP06/tomcat/conf/logging.properties
03-Dec-2025 09:53:10.366 INFO [main] org.apache.catalina.startup.VersionLoggerListener.log Command line argument: -Djava.util.logging.manager=org.apache.juli.ClassLoaderLogManager
03-Dec-2025 09:53:10.366 INFO [main] org.apache.catalina.startup.VersionLoggerListener.log Command line argument: -Djdk.tls.ephemeralDHKeySize=2048
03-Dec-2025 09:53:10.366 INFO [main] org.apache.catalina.startup.VersionLoggerListener.log Command line argument: -Dorg.apache.catalina.security.SecurityListener.UMASK=0027
03-Dec-2025 09:53:10.366 INFO [main] org.apache.catalina.startup.VersionLoggerListener.log Command line argument: --add-opens=java.base/java.lang=ALL-UNNAMED
03-Dec-2025 09:53:10.366 INFO [main] org.apache.catalina.startup.VersionLoggerListener.log Command line argument: --add-opens=java.base/java.lang.reflect=ALL-UNNAMED
03-Dec-2025 09:53:10.366 INFO [main] org.apache.catalina.startup.VersionLoggerListener.log Command line argument: --add-opens=java.base/java.io=ALL-UNNAMED
03-Dec-2025 09:53:10.366 INFO [main] org.apache.catalina.startup.VersionLoggerListener.log Command line argument: --add-opens=java.base/java.util=ALL-UNNAMED
03-Dec-2025 09:53:10.367 INFO [main] org.apache.catalina.startup.VersionLoggerListener.log Command line argument: --add-opens=java.base/java.util.concurrent=ALL-UNNAMED
03-Dec-2025 09:53:10.367 INFO [main] org.apache.catalina.startup.VersionLoggerListener.log Command line argument: --add-opens=java.rmi/sun.rmi.transport=ALL-UNNAMED
03-Dec-2025 09:53:10.367 INFO [main] org.apache.catalina.startup.VersionLoggerListener.log Command line argument: --enable-native-access=ALL-UNNAMED
03-Dec-2025 09:53:10.367 INFO [main] org.apache.catalina.startup.VersionLoggerListener.log Command line argument: -Dcatalina.base=/home/infoetu/baptiste.lavogiez.etu/BUT2/Semestre1/Ressources/Webdev/Web/TP06/tomcat
03-Dec-2025 09:53:10.367 INFO [main] org.apache.catalina.startup.VersionLoggerListener.log Command line argument: -Dcatalina.home=/home/infoetu/baptiste.lavogiez.etu/BUT2/Semestre1/Ressources/Webdev/Web/TP06/tomcat
03-Dec-2025 09:53:10.367 INFO [main] org.apache.catalina.startup.VersionLoggerListener.log Command line argument: -Djava.io.tmpdir=/home/infoetu/baptiste.lavogiez.etu/BUT2/Semestre1/Ressources/Webdev/Web/TP06/tomcat/temp
03-Dec-2025 09:53:10.368 INFO [main] org.apache.catalina.core.AprLifecycleListener.lifecycleEvent The Apache Tomcat Native library which allows using OpenSSL was not found on the java.library.path: [/usr/java/packages/lib:/usr/lib/x86_64-linux-gnu/jni:/lib/x86_64-linux-gnu:/usr/lib/x86_64-linux-gnu:/usr/lib/jni:/lib:/usr/lib]
03-Dec-2025 09:53:10.471 INFO [main] org.apache.coyote.AbstractProtocol.init Initializing ProtocolHandler ["http-nio-8080"]
03-Dec-2025 09:53:10.484 INFO [main] org.apache.catalina.startup.Catalina.load Server initialization in [200] milliseconds
03-Dec-2025 09:53:10.503 INFO [main] org.apache.catalina.core.StandardService.startInternal Starting service [Catalina]
03-Dec-2025 09:53:10.503 INFO [main] org.apache.catalina.core.StandardEngine.startInternal Starting Servlet engine: [Apache Tomcat/11.0.13]
03-Dec-2025 09:53:10.508 INFO [main] org.apache.catalina.startup.HostConfig.deployDirectory Deploying web application directory [/home/infoetu/baptiste.lavogiez.etu/BUT2/Semestre1/Ressources/Webdev/Web/TP06/tomcat/webapps/ROOT]
03-Dec-2025 09:53:10.682 INFO [main] org.apache.jasper.servlet.TldScanner.scanJars At least one JAR was scanned for TLDs yet contained no TLDs. Enable debug logging for this logger for a complete list of JARs that were scanned but no TLDs were found in them. Skipping unneeded JARs during scanning can improve startup time and JSP compilation time.
03-Dec-2025 09:53:10.700 INFO [main] org.apache.catalina.startup.HostConfig.deployDirectory Deployment of web application directory [/home/infoetu/baptiste.lavogiez.etu/BUT2/Semestre1/Ressources/Webdev/Web/TP06/tomcat/webapps/ROOT] has finished in [192] ms
03-Dec-2025 09:53:10.700 INFO [main] org.apache.catalina.startup.HostConfig.deployDirectory Deploying web application directory [/home/infoetu/baptiste.lavogiez.etu/BUT2/Semestre1/Ressources/Webdev/Web/TP06/tomcat/webapps/docs]
03-Dec-2025 09:53:10.754 INFO [main] org.apache.jasper.servlet.TldScanner.scanJars At least one JAR was scanned for TLDs yet contained no TLDs. Enable debug logging for this logger for a complete list of JARs that were scanned but no TLDs were found in them. Skipping unneeded JARs during scanning can improve startup time and JSP compilation time.
03-Dec-2025 09:53:10.755 INFO [main] org.apache.catalina.startup.HostConfig.deployDirectory Deployment of web application directory [/home/infoetu/baptiste.lavogiez.etu/BUT2/Semestre1/Ressources/Webdev/Web/TP06/tomcat/webapps/docs] has finished in [55] ms
03-Dec-2025 09:53:10.755 INFO [main] org.apache.catalina.startup.HostConfig.deployDirectory Deploying web application directory [/home/infoetu/baptiste.lavogiez.etu/BUT2/Semestre1/Ressources/Webdev/Web/TP06/tomcat/webapps/manager]
03-Dec-2025 09:53:10.811 INFO [main] org.apache.jasper.servlet.TldScanner.scanJars At least one JAR was scanned for TLDs yet contained no TLDs. Enable debug logging for this logger for a complete list of JARs that were scanned but no TLDs were found in them. Skipping unneeded JARs during scanning can improve startup time and JSP compilation time.
03-Dec-2025 09:53:10.814 INFO [main] org.apache.catalina.startup.HostConfig.deployDirectory Deployment of web application directory [/home/infoetu/baptiste.lavogiez.etu/BUT2/Semestre1/Ressources/Webdev/Web/TP06/tomcat/webapps/manager] has finished in [59] ms
03-Dec-2025 09:53:10.814 INFO [main] org.apache.catalina.startup.HostConfig.deployDirectory Deploying web application directory [/home/infoetu/baptiste.lavogiez.etu/BUT2/Semestre1/Ressources/Webdev/Web/TP06/tomcat/webapps/host-manager]
03-Dec-2025 09:53:10.863 INFO [main] org.apache.jasper.servlet.TldScanner.scanJars At least one JAR was scanned for TLDs yet contained no TLDs. Enable debug logging for this logger for a complete list of JARs that were scanned but no TLDs were found in them. Skipping unneeded JARs during scanning can improve startup time and JSP compilation time.
03-Dec-2025 09:53:10.864 INFO [main] org.apache.catalina.startup.HostConfig.deployDirectory Deployment of web application directory [/home/infoetu/baptiste.lavogiez.etu/BUT2/Semestre1/Ressources/Webdev/Web/TP06/tomcat/webapps/host-manager] has finished in [50] ms
03-Dec-2025 09:53:10.865 INFO [main] org.apache.catalina.startup.HostConfig.deployDirectory Deploying web application directory [/home/infoetu/baptiste.lavogiez.etu/BUT2/Semestre1/Ressources/Webdev/Web/TP06/tomcat/webapps/vide]
03-Dec-2025 09:53:10.911 INFO [main] org.apache.jasper.servlet.TldScanner.scanJars At least one JAR was scanned for TLDs yet contained no TLDs. Enable debug logging for this logger for a complete list of JARs that were scanned but no TLDs were found in them. Skipping unneeded JARs during scanning can improve startup time and JSP compilation time.
03-Dec-2025 09:53:10.913 INFO [main] org.apache.catalina.startup.HostConfig.deployDirectory Deployment of web application directory [/home/infoetu/baptiste.lavogiez.etu/BUT2/Semestre1/Ressources/Webdev/Web/TP06/tomcat/webapps/vide] has finished in [48] ms
03-Dec-2025 09:53:10.913 INFO [main] org.apache.catalina.startup.HostConfig.deployDirectory Deploying web application directory [/home/infoetu/baptiste.lavogiez.etu/BUT2/Semestre1/Ressources/Webdev/Web/TP06/tomcat/webapps/examples]
03-Dec-2025 09:53:11.112 INFO [main] org.apache.jasper.servlet.TldScanner.scanJars At least one JAR was scanned for TLDs yet contained no TLDs. Enable debug logging for this logger for a complete list of JARs that were scanned but no TLDs were found in them. Skipping unneeded JARs during scanning can improve startup time and JSP compilation time.
03-Dec-2025 09:53:11.126 INFO [main] org.apache.catalina.startup.HostConfig.deployDirectory Deployment of web application directory [/home/infoetu/baptiste.lavogiez.etu/BUT2/Semestre1/Ressources/Webdev/Web/TP06/tomcat/webapps/examples] has finished in [213] ms
03-Dec-2025 09:53:11.128 INFO [main] org.apache.coyote.AbstractProtocol.start Starting ProtocolHandler ["http-nio-8080"]
03-Dec-2025 09:53:11.134 INFO [main] org.apache.catalina.startup.Catalina.start Server startup in [649] milliseconds
03-Dec-2025 10:03:21.509 INFO [Catalina-utility-1] org.apache.catalina.core.StandardContext.reload Reloading Context with name [/vide] has started
03-Dec-2025 10:03:21.575 INFO [Catalina-utility-1] org.apache.jasper.servlet.TldScanner.scanJars At least one JAR was scanned for TLDs yet contained no TLDs. Enable debug logging for this logger for a complete list of JARs that were scanned but no TLDs were found in them. Skipping unneeded JARs during scanning can improve startup time and JSP compilation time.
03-Dec-2025 10:03:21.577 INFO [Catalina-utility-1] org.apache.catalina.core.StandardContext.reload Reloading Context with name [/vide] is completed
03-Dec-2025 10:03:51.588 INFO [Catalina-utility-1] org.apache.catalina.core.StandardContext.reload Reloading Context with name [/vide] has started
03-Dec-2025 10:03:51.647 INFO [Catalina-utility-1] org.apache.jasper.servlet.TldScanner.scanJars At least one JAR was scanned for TLDs yet contained no TLDs. Enable debug logging for this logger for a complete list of JARs that were scanned but no TLDs were found in them. Skipping unneeded JARs during scanning can improve startup time and JSP compilation time.
03-Dec-2025 10:03:51.647 INFO [Catalina-utility-1] org.apache.catalina.core.StandardContext.reload Reloading Context with name [/vide] is completed
03-Dec-2025 10:04:01.653 INFO [Catalina-utility-1] org.apache.catalina.core.StandardContext.reload Reloading Context with name [/vide] has started
03-Dec-2025 10:04:01.707 INFO [Catalina-utility-1] org.apache.jasper.servlet.TldScanner.scanJars At least one JAR was scanned for TLDs yet contained no TLDs. Enable debug logging for this logger for a complete list of JARs that were scanned but no TLDs were found in them. Skipping unneeded JARs during scanning can improve startup time and JSP compilation time.
03-Dec-2025 10:04:01.708 INFO [Catalina-utility-1] org.apache.catalina.core.StandardContext.reload Reloading Context with name [/vide] is completed
03-Dec-2025 10:06:20.980 INFO [Thread-1] org.apache.coyote.AbstractProtocol.pause Pausing ProtocolHandler ["http-nio-8080"]
03-Dec-2025 10:06:20.982 INFO [Thread-1] org.apache.catalina.core.StandardService.stopInternal Stopping service [Catalina]
03-Dec-2025 10:06:20.994 INFO [Thread-1] org.apache.coyote.AbstractProtocol.stop Stopping ProtocolHandler ["http-nio-8080"]
03-Dec-2025 10:06:21.006 INFO [Thread-1] org.apache.coyote.AbstractProtocol.destroy Destroying ProtocolHandler ["http-nio-8080"]
03-Dec-2025 10:06:21.954 INFO [main] org.apache.catalina.startup.VersionLoggerListener.log Server version name:   Apache Tomcat/11.0.13
03-Dec-2025 10:06:21.956 INFO [main] org.apache.catalina.startup.VersionLoggerListener.log Server built:          Oct 10 2025 13:57:31 UTC
03-Dec-2025 10:06:21.956 INFO [main] org.apache.catalina.startup.VersionLoggerListener.log Server version number: 11.0.13.0
03-Dec-2025 10:06:21.956 INFO [main] org.apache.catalina.startup.VersionLoggerListener.log OS Name:               Linux
03-Dec-2025 10:06:21.956 INFO [main] org.apache.catalina.startup.VersionLoggerListener.log OS Version:            6.1.0-40-amd64
03-Dec-2025 10:06:21.957 INFO [main] org.apache.catalina.startup.VersionLoggerListener.log Architecture:          amd64
03-Dec-2025 10:06:21.957 INFO [main] org.apache.catalina.startup.VersionLoggerListener.log Java Home:             /usr/lib/jvm/java-17-openjdk-amd64
03-Dec-2025 10:06:21.957 INFO [main] org.apache.catalina.startup.VersionLoggerListener.log JVM Version:           17.0.17+10-Debian-1deb12u1
03-Dec-2025 10:06:21.957 INFO [main] org.apache.catalina.startup.VersionLoggerListener.log JVM Vendor:            Debian
03-Dec-2025 10:06:21.957 INFO [main] org.apache.catalina.startup.VersionLoggerListener.log CATALINA_BASE:         /home/infoetu/baptiste.lavogiez.etu/BUT2/Semestre1/Ressources/Webdev/Web/TP06/tomcat
03-Dec-2025 10:06:21.957 INFO [main] org.apache.catalina.startup.VersionLoggerListener.log CATALINA_HOME:         /home/infoetu/baptiste.lavogiez.etu/BUT2/Semestre1/Ressources/Webdev/Web/TP06/tomcat
03-Dec-2025 10:06:21.960 INFO [main] org.apache.catalina.startup.VersionLoggerListener.log Command line argument: -Djava.util.logging.config.file=/home/infoetu/baptiste.lavogiez.etu/BUT2/Semestre1/Ressources/Webdev/Web/TP06/tomcat/conf/logging.properties
03-Dec-2025 10:06:21.960 INFO [main] org.apache.catalina.startup.VersionLoggerListener.log Command line argument: -Djava.util.logging.manager=org.apache.juli.ClassLoaderLogManager
03-Dec-2025 10:06:21.960 INFO [main] org.apache.catalina.startup.VersionLoggerListener.log Command line argument: -Djdk.tls.ephemeralDHKeySize=2048
03-Dec-2025 10:06:21.960 INFO [main] org.apache.catalina.startup.VersionLoggerListener.log Command line argument: -Dorg.apache.catalina.security.SecurityListener.UMASK=0027
03-Dec-2025 10:06:21.960 INFO [main] org.apache.catalina.startup.VersionLoggerListener.log Command line argument: --add-opens=java.base/java.lang=ALL-UNNAMED
03-Dec-2025 10:06:21.960 INFO [main] org.apache.catalina.startup.VersionLoggerListener.log Command line argument: --add-opens=java.base/java.lang.reflect=ALL-UNNAMED
03-Dec-2025 10:06:21.960 INFO [main] org.apache.catalina.startup.VersionLoggerListener.log Command line argument: --add-opens=java.base/java.io=ALL-UNNAMED
03-Dec-2025 10:06:21.960 INFO [main] org.apache.catalina.startup.VersionLoggerListener.log Command line argument: --add-opens=java.base/java.util=ALL-UNNAMED
03-Dec-2025 10:06:21.961 INFO [main] org.apache.catalina.startup.VersionLoggerListener.log Command line argument: --add-opens=java.base/java.util.concurrent=ALL-UNNAMED
03-Dec-2025 10:06:21.961 INFO [main] org.apache.catalina.startup.VersionLoggerListener.log Command line argument: --add-opens=java.rmi/sun.rmi.transport=ALL-UNNAMED
03-Dec-2025 10:06:21.961 INFO [main] org.apache.catalina.startup.VersionLoggerListener.log Command line argument: --enable-native-access=ALL-UNNAMED
03-Dec-2025 10:06:21.961 INFO [main] org.apache.catalina.startup.VersionLoggerListener.log Command line argument: -Dcatalina.base=/home/infoetu/baptiste.lavogiez.etu/BUT2/Semestre1/Ressources/Webdev/Web/TP06/tomcat
03-Dec-2025 10:06:21.961 INFO [main] org.apache.catalina.startup.VersionLoggerListener.log Command line argument: -Dcatalina.home=/home/infoetu/baptiste.lavogiez.etu/BUT2/Semestre1/Ressources/Webdev/Web/TP06/tomcat
03-Dec-2025 10:06:21.961 INFO [main] org.apache.catalina.startup.VersionLoggerListener.log Command line argument: -Djava.io.tmpdir=/home/infoetu/baptiste.lavogiez.etu/BUT2/Semestre1/Ressources/Webdev/Web/TP06/tomcat/temp
03-Dec-2025 10:06:21.961 INFO [main] org.apache.catalina.core.AprLifecycleListener.lifecycleEvent The Apache Tomcat Native library which allows using OpenSSL was not found on the java.library.path: [/usr/java/packages/lib:/usr/lib/x86_64-linux-gnu/jni:/lib/x86_64-linux-gnu:/usr/lib/x86_64-linux-gnu:/usr/lib/jni:/lib:/usr/lib]
03-Dec-2025 10:06:22.065 INFO [main] org.apache.coyote.AbstractProtocol.init Initializing ProtocolHandler ["http-nio-8080"]
03-Dec-2025 10:06:22.079 INFO [main] org.apache.catalina.startup.Catalina.load Server initialization in [199] milliseconds
03-Dec-2025 10:06:22.097 INFO [main] org.apache.catalina.core.StandardService.startInternal Starting service [Catalina]
03-Dec-2025 10:06:22.097 INFO [main] org.apache.catalina.core.StandardEngine.startInternal Starting Servlet engine: [Apache Tomcat/11.0.13]
03-Dec-2025 10:06:22.102 INFO [main] org.apache.catalina.startup.HostConfig.deployDirectory Deploying web application directory [/home/infoetu/baptiste.lavogiez.etu/BUT2/Semestre1/Ressources/Webdev/Web/TP06/tomcat/webapps/ROOT]
03-Dec-2025 10:06:22.275 INFO [main] org.apache.jasper.servlet.TldScanner.scanJars At least one JAR was scanned for TLDs yet contained no TLDs. Enable debug logging for this logger for a complete list of JARs that were scanned but no TLDs were found in them. Skipping unneeded JARs during scanning can improve startup time and JSP compilation time.
03-Dec-2025 10:06:22.293 INFO [main] org.apache.catalina.startup.HostConfig.deployDirectory Deployment of web application directory [/home/infoetu/baptiste.lavogiez.etu/BUT2/Semestre1/Ressources/Webdev/Web/TP06/tomcat/webapps/ROOT] has finished in [190] ms
03-Dec-2025 10:06:22.293 INFO [main] org.apache.catalina.startup.HostConfig.deployDirectory Deploying web application directory [/home/infoetu/baptiste.lavogiez.etu/BUT2/Semestre1/Ressources/Webdev/Web/TP06/tomcat/webapps/docs]
03-Dec-2025 10:06:22.352 INFO [main] org.apache.jasper.servlet.TldScanner.scanJars At least one JAR was scanned for TLDs yet contained no TLDs. Enable debug logging for this logger for a complete list of JARs that were scanned but no TLDs were found in them. Skipping unneeded JARs during scanning can improve startup time and JSP compilation time.
03-Dec-2025 10:06:22.353 INFO [main] org.apache.catalina.startup.HostConfig.deployDirectory Deployment of web application directory [/home/infoetu/baptiste.lavogiez.etu/BUT2/Semestre1/Ressources/Webdev/Web/TP06/tomcat/webapps/docs] has finished in [59] ms
03-Dec-2025 10:06:22.353 INFO [main] org.apache.catalina.startup.HostConfig.deployDirectory Deploying web application directory [/home/infoetu/baptiste.lavogiez.etu/BUT2/Semestre1/Ressources/Webdev/Web/TP06/tomcat/webapps/manager]
03-Dec-2025 10:06:22.408 INFO [main] org.apache.jasper.servlet.TldScanner.scanJars At least one JAR was scanned for TLDs yet contained no TLDs. Enable debug logging for this logger for a complete list of JARs that were scanned but no TLDs were found in them. Skipping unneeded JARs during scanning can improve startup time and JSP compilation time.
03-Dec-2025 10:06:22.411 INFO [main] org.apache.catalina.startup.HostConfig.deployDirectory Deployment of web application directory [/home/infoetu/baptiste.lavogiez.etu/BUT2/Semestre1/Ressources/Webdev/Web/TP06/tomcat/webapps/manager] has finished in [58] ms
03-Dec-2025 10:06:22.412 INFO [main] org.apache.catalina.startup.HostConfig.deployDirectory Deploying web application directory [/home/infoetu/baptiste.lavogiez.etu/BUT2/Semestre1/Ressources/Webdev/Web/TP06/tomcat/webapps/host-manager]
03-Dec-2025 10:06:22.463 INFO [main] org.apache.jasper.servlet.TldScanner.scanJars At least one JAR was scanned for TLDs yet contained no TLDs. Enable debug logging for this logger for a complete list of JARs that were scanned but no TLDs were found in them. Skipping unneeded JARs during scanning can improve startup time and JSP compilation time.
03-Dec-2025 10:06:22.464 INFO [main] org.apache.catalina.startup.HostConfig.deployDirectory Deployment of web application directory [/home/infoetu/baptiste.lavogiez.etu/BUT2/Semestre1/Ressources/Webdev/Web/TP06/tomcat/webapps/host-manager] has finished in [52] ms
03-Dec-2025 10:06:22.464 INFO [main] org.apache.catalina.startup.HostConfig.deployDirectory Deploying web application directory [/home/infoetu/baptiste.lavogiez.etu/BUT2/Semestre1/Ressources/Webdev/Web/TP06/tomcat/webapps/vide]
03-Dec-2025 10:06:22.514 INFO [main] org.apache.jasper.servlet.TldScanner.scanJars At least one JAR was scanned for TLDs yet contained no TLDs. Enable debug logging for this logger for a complete list of JARs that were scanned but no TLDs were found in them. Skipping unneeded JARs during scanning can improve startup time and JSP compilation time.
03-Dec-2025 10:06:22.516 INFO [main] org.apache.catalina.startup.HostConfig.deployDirectory Deployment of web application directory [/home/infoetu/baptiste.lavogiez.etu/BUT2/Semestre1/Ressources/Webdev/Web/TP06/tomcat/webapps/vide] has finished in [52] ms
03-Dec-2025 10:06:22.517 INFO [main] org.apache.catalina.startup.HostConfig.deployDirectory Deploying web application directory [/home/infoetu/baptiste.lavogiez.etu/BUT2/Semestre1/Ressources/Webdev/Web/TP06/tomcat/webapps/examples]
03-Dec-2025 10:06:22.730 INFO [main] org.apache.jasper.servlet.TldScanner.scanJars At least one JAR was scanned for TLDs yet contained no TLDs. Enable debug logging for this logger for a complete list of JARs that were scanned but no TLDs were found in them. Skipping unneeded JARs during scanning can improve startup time and JSP compilation time.
03-Dec-2025 10:06:22.745 INFO [main] org.apache.catalina.startup.HostConfig.deployDirectory Deployment of web application directory [/home/infoetu/baptiste.lavogiez.etu/BUT2/Semestre1/Ressources/Webdev/Web/TP06/tomcat/webapps/examples] has finished in [228] ms
03-Dec-2025 10:06:22.747 INFO [main] org.apache.coyote.AbstractProtocol.start Starting ProtocolHandler ["http-nio-8080"]
03-Dec-2025 10:06:22.753 INFO [main] org.apache.catalina.startup.Catalina.start Server startup in [674] milliseconds
03-Dec-2025 10:07:06.863 INFO [Thread-1] org.apache.coyote.AbstractProtocol.pause Pausing ProtocolHandler ["http-nio-8080"]
03-Dec-2025 10:07:06.865 INFO [Thread-1] org.apache.catalina.core.StandardService.stopInternal Stopping service [Catalina]
03-Dec-2025 10:07:06.885 INFO [Thread-1] org.apache.coyote.AbstractProtocol.stop Stopping ProtocolHandler ["http-nio-8080"]
03-Dec-2025 10:07:06.887 INFO [Thread-1] org.apache.coyote.AbstractProtocol.destroy Destroying ProtocolHandler ["http-nio-8080"]
03-Dec-2025 10:07:07.532 INFO [main] org.apache.catalina.startup.VersionLoggerListener.log Server version name:   Apache Tomcat/11.0.13
03-Dec-2025 10:07:07.534 INFO [main] org.apache.catalina.startup.VersionLoggerListener.log Server built:          Oct 10 2025 13:57:31 UTC
03-Dec-2025 10:07:07.534 INFO [main] org.apache.catalina.startup.VersionLoggerListener.log Server version number: 11.0.13.0
03-Dec-2025 10:07:07.534 INFO [main] org.apache.catalina.startup.VersionLoggerListener.log OS Name:               Linux
03-Dec-2025 10:07:07.534 INFO [main] org.apache.catalina.startup.VersionLoggerListener.log OS Version:            6.1.0-40-amd64
03-Dec-2025 10:07:07.534 INFO [main] org.apache.catalina.startup.VersionLoggerListener.log Architecture:          amd64
03-Dec-2025 10:07:07.534 INFO [main] org.apache.catalina.startup.VersionLoggerListener.log Java Home:             /usr/lib/jvm/java-17-openjdk-amd64
03-Dec-2025 10:07:07.534 INFO [main] org.apache.catalina.startup.VersionLoggerListener.log JVM Version:           17.0.17+10-Debian-1deb12u1
03-Dec-2025 10:07:07.534 INFO [main] org.apache.catalina.startup.VersionLoggerListener.log JVM Vendor:            Debian
03-Dec-2025 10:07:07.534 INFO [main] org.apache.catalina.startup.VersionLoggerListener.log CATALINA_BASE:         /home/infoetu/baptiste.lavogiez.etu/BUT2/Semestre1/Ressources/Webdev/Web/TP06/tomcat
03-Dec-2025 10:07:07.534 INFO [main] org.apache.catalina.startup.VersionLoggerListener.log CATALINA_HOME:         /home/infoetu/baptiste.lavogiez.etu/BUT2/Semestre1/Ressources/Webdev/Web/TP06/tomcat
03-Dec-2025 10:07:07.538 INFO [main] org.apache.catalina.startup.VersionLoggerListener.log Command line argument: -Djava.util.logging.config.file=/home/infoetu/baptiste.lavogiez.etu/BUT2/Semestre1/Ressources/Webdev/Web/TP06/tomcat/conf/logging.properties
03-Dec-2025 10:07:07.538 INFO [main] org.apache.catalina.startup.VersionLoggerListener.log Command line argument: -Djava.util.logging.manager=org.apache.juli.ClassLoaderLogManager
03-Dec-2025 10:07:07.538 INFO [main] org.apache.catalina.startup.VersionLoggerListener.log Command line argument: -Djdk.tls.ephemeralDHKeySize=2048
03-Dec-2025 10:07:07.538 INFO [main] org.apache.catalina.startup.VersionLoggerListener.log Command line argument: -Dorg.apache.catalina.security.SecurityListener.UMASK=0027
03-Dec-2025 10:07:07.538 INFO [main] org.apache.catalina.startup.VersionLoggerListener.log Command line argument: --add-opens=java.base/java.lang=ALL-UNNAMED
03-Dec-2025 10:07:07.538 INFO [main] org.apache.catalina.startup.VersionLoggerListener.log Command line argument: --add-opens=java.base/java.lang.reflect=ALL-UNNAMED
03-Dec-2025 10:07:07.538 INFO [main] org.apache.catalina.startup.VersionLoggerListener.log Command line argument: --add-opens=java.base/java.io=ALL-UNNAMED
03-Dec-2025 10:07:07.538 INFO [main] org.apache.catalina.startup.VersionLoggerListener.log Command line argument: --add-opens=java.base/java.util=ALL-UNNAMED
03-Dec-2025 10:07:07.538 INFO [main] org.apache.catalina.startup.VersionLoggerListener.log Command line argument: --add-opens=java.base/java.util.concurrent=ALL-UNNAMED
03-Dec-2025 10:07:07.538 INFO [main] org.apache.catalina.startup.VersionLoggerListener.log Command line argument: --add-opens=java.rmi/sun.rmi.transport=ALL-UNNAMED
03-Dec-2025 10:07:07.538 INFO [main] org.apache.catalina.startup.VersionLoggerListener.log Command line argument: --enable-native-access=ALL-UNNAMED
03-Dec-2025 10:07:07.538 INFO [main] org.apache.catalina.startup.VersionLoggerListener.log Command line argument: -Dcatalina.base=/home/infoetu/baptiste.lavogiez.etu/BUT2/Semestre1/Ressources/Webdev/Web/TP06/tomcat
03-Dec-2025 10:07:07.538 INFO [main] org.apache.catalina.startup.VersionLoggerListener.log Command line argument: -Dcatalina.home=/home/infoetu/baptiste.lavogiez.etu/BUT2/Semestre1/Ressources/Webdev/Web/TP06/tomcat
03-Dec-2025 10:07:07.538 INFO [main] org.apache.catalina.startup.VersionLoggerListener.log Command line argument: -Djava.io.tmpdir=/home/infoetu/baptiste.lavogiez.etu/BUT2/Semestre1/Ressources/Webdev/Web/TP06/tomcat/temp
03-Dec-2025 10:07:07.539 INFO [main] org.apache.catalina.core.AprLifecycleListener.lifecycleEvent The Apache Tomcat Native library which allows using OpenSSL was not found on the java.library.path: [/usr/java/packages/lib:/usr/lib/x86_64-linux-gnu/jni:/lib/x86_64-linux-gnu:/usr/lib/x86_64-linux-gnu:/usr/lib/jni:/lib:/usr/lib]
03-Dec-2025 10:07:07.642 INFO [main] org.apache.coyote.AbstractProtocol.init Initializing ProtocolHandler ["http-nio-8080"]
03-Dec-2025 10:07:07.655 INFO [main] org.apache.catalina.startup.Catalina.load Server initialization in [197] milliseconds
03-Dec-2025 10:07:07.674 INFO [main] org.apache.catalina.core.StandardService.startInternal Starting service [Catalina]
03-Dec-2025 10:07:07.674 INFO [main] org.apache.catalina.core.StandardEngine.startInternal Starting Servlet engine: [Apache Tomcat/11.0.13]
03-Dec-2025 10:07:07.679 INFO [main] org.apache.catalina.startup.HostConfig.deployDirectory Deploying web application directory [/home/infoetu/baptiste.lavogiez.etu/BUT2/Semestre1/Ressources/Webdev/Web/TP06/tomcat/webapps/ROOT]
03-Dec-2025 10:07:07.856 INFO [main] org.apache.jasper.servlet.TldScanner.scanJars At least one JAR was scanned for TLDs yet contained no TLDs. Enable debug logging for this logger for a complete list of JARs that were scanned but no TLDs were found in them. Skipping unneeded JARs during scanning can improve startup time and JSP compilation time.
03-Dec-2025 10:07:07.873 INFO [main] org.apache.catalina.startup.HostConfig.deployDirectory Deployment of web application directory [/home/infoetu/baptiste.lavogiez.etu/BUT2/Semestre1/Ressources/Webdev/Web/TP06/tomcat/webapps/ROOT] has finished in [194] ms
03-Dec-2025 10:07:07.873 INFO [main] org.apache.catalina.startup.HostConfig.deployDirectory Deploying web application directory [/home/infoetu/baptiste.lavogiez.etu/BUT2/Semestre1/Ressources/Webdev/Web/TP06/tomcat/webapps/docs]
03-Dec-2025 10:07:07.926 INFO [main] org.apache.jasper.servlet.TldScanner.scanJars At least one JAR was scanned for TLDs yet contained no TLDs. Enable debug logging for this logger for a complete list of JARs that were scanned but no TLDs were found in them. Skipping unneeded JARs during scanning can improve startup time and JSP compilation time.
03-Dec-2025 10:07:07.927 INFO [main] org.apache.catalina.startup.HostConfig.deployDirectory Deployment of web application directory [/home/infoetu/baptiste.lavogiez.etu/BUT2/Semestre1/Ressources/Webdev/Web/TP06/tomcat/webapps/docs] has finished in [54] ms
03-Dec-2025 10:07:07.927 INFO [main] org.apache.catalina.startup.HostConfig.deployDirectory Deploying web application directory [/home/infoetu/baptiste.lavogiez.etu/BUT2/Semestre1/Ressources/Webdev/Web/TP06/tomcat/webapps/manager]
03-Dec-2025 10:07:07.978 INFO [main] org.apache.jasper.servlet.TldScanner.scanJars At least one JAR was scanned for TLDs yet contained no TLDs. Enable debug logging for this logger for a complete list of JARs that were scanned but no TLDs were found in them. Skipping unneeded JARs during scanning can improve startup time and JSP compilation time.
03-Dec-2025 10:07:07.981 INFO [main] org.apache.catalina.startup.HostConfig.deployDirectory Deployment of web application directory [/home/infoetu/baptiste.lavogiez.etu/BUT2/Semestre1/Ressources/Webdev/Web/TP06/tomcat/webapps/manager] has finished in [54] ms
03-Dec-2025 10:07:07.981 INFO [main] org.apache.catalina.startup.HostConfig.deployDirectory Deploying web application directory [/home/infoetu/baptiste.lavogiez.etu/BUT2/Semestre1/Ressources/Webdev/Web/TP06/tomcat/webapps/host-manager]
03-Dec-2025 10:07:08.029 INFO [main] org.apache.jasper.servlet.TldScanner.scanJars At least one JAR was scanned for TLDs yet contained no TLDs. Enable debug logging for this logger for a complete list of JARs that were scanned but no TLDs were found in them. Skipping unneeded JARs during scanning can improve startup time and JSP compilation time.
03-Dec-2025 10:07:08.030 INFO [main] org.apache.catalina.startup.HostConfig.deployDirectory Deployment of web application directory [/home/infoetu/baptiste.lavogiez.etu/BUT2/Semestre1/Ressources/Webdev/Web/TP06/tomcat/webapps/host-manager] has finished in [49] ms
03-Dec-2025 10:07:08.030 INFO [main] org.apache.catalina.startup.HostConfig.deployDirectory Deploying web application directory [/home/infoetu/baptiste.lavogiez.etu/BUT2/Semestre1/Ressources/Webdev/Web/TP06/tomcat/webapps/vide]
03-Dec-2025 10:07:08.078 INFO [main] org.apache.jasper.servlet.TldScanner.scanJars At least one JAR was scanned for TLDs yet contained no TLDs. Enable debug logging for this logger for a complete list of JARs that were scanned but no TLDs were found in them. Skipping unneeded JARs during scanning can improve startup time and JSP compilation time.
03-Dec-2025 10:07:08.080 INFO [main] org.apache.catalina.startup.HostConfig.deployDirectory Deployment of web application directory [/home/infoetu/baptiste.lavogiez.etu/BUT2/Semestre1/Ressources/Webdev/Web/TP06/tomcat/webapps/vide] has finished in [50] ms
03-Dec-2025 10:07:08.080 INFO [main] org.apache.catalina.startup.HostConfig.deployDirectory Deploying web application directory [/home/infoetu/baptiste.lavogiez.etu/BUT2/Semestre1/Ressources/Webdev/Web/TP06/tomcat/webapps/examples]
03-Dec-2025 10:07:08.220 INFO [main] org.apache.jasper.servlet.TldScanner.scanJars At least one JAR was scanned for TLDs yet contained no TLDs. Enable debug logging for this logger for a complete list of JARs that were scanned but no TLDs were found in them. Skipping unneeded JARs during scanning can improve startup time and JSP compilation time.
03-Dec-2025 10:07:08.234 INFO [main] org.apache.catalina.startup.HostConfig.deployDirectory Deployment of web application directory [/home/infoetu/baptiste.lavogiez.etu/BUT2/Semestre1/Ressources/Webdev/Web/TP06/tomcat/webapps/examples] has finished in [154] ms
03-Dec-2025 10:07:08.238 INFO [main] org.apache.coyote.AbstractProtocol.start Starting ProtocolHandler ["http-nio-8080"]
03-Dec-2025 10:07:08.245 INFO [main] org.apache.catalina.startup.Catalina.start Server startup in [589] milliseconds
03-Dec-2025 10:07:49.799 INFO [Thread-1] org.apache.coyote.AbstractProtocol.pause Pausing ProtocolHandler ["http-nio-8080"]
03-Dec-2025 10:07:49.800 INFO [Thread-1] org.apache.catalina.core.StandardService.stopInternal Stopping service [Catalina]
03-Dec-2025 10:07:49.822 INFO [Thread-1] org.apache.coyote.AbstractProtocol.stop Stopping ProtocolHandler ["http-nio-8080"]
03-Dec-2025 10:07:49.835 INFO [Thread-1] org.apache.coyote.AbstractProtocol.destroy Destroying ProtocolHandler ["http-nio-8080"]
03-Dec-2025 10:07:50.559 INFO [main] org.apache.catalina.startup.VersionLoggerListener.log Server version name:   Apache Tomcat/11.0.13
03-Dec-2025 10:07:50.561 INFO [main] org.apache.catalina.startup.VersionLoggerListener.log Server built:          Oct 10 2025 13:57:31 UTC
03-Dec-2025 10:07:50.561 INFO [main] org.apache.catalina.startup.VersionLoggerListener.log Server version number: 11.0.13.0
03-Dec-2025 10:07:50.561 INFO [main] org.apache.catalina.startup.VersionLoggerListener.log OS Name:               Linux
03-Dec-2025 10:07:50.562 INFO [main] org.apache.catalina.startup.VersionLoggerListener.log OS Version:            6.1.0-40-amd64
03-Dec-2025 10:07:50.562 INFO [main] org.apache.catalina.startup.VersionLoggerListener.log Architecture:          amd64
03-Dec-2025 10:07:50.562 INFO [main] org.apache.catalina.startup.VersionLoggerListener.log Java Home:             /usr/lib/jvm/java-17-openjdk-amd64
03-Dec-2025 10:07:50.562 INFO [main] org.apache.catalina.startup.VersionLoggerListener.log JVM Version:           17.0.17+10-Debian-1deb12u1
03-Dec-2025 10:07:50.562 INFO [main] org.apache.catalina.startup.VersionLoggerListener.log JVM Vendor:            Debian
03-Dec-2025 10:07:50.562 INFO [main] org.apache.catalina.startup.VersionLoggerListener.log CATALINA_BASE:         /home/infoetu/baptiste.lavogiez.etu/BUT2/Semestre1/Ressources/Webdev/Web/TP06/tomcat
03-Dec-2025 10:07:50.562 INFO [main] org.apache.catalina.startup.VersionLoggerListener.log CATALINA_HOME:         /home/infoetu/baptiste.lavogiez.etu/BUT2/Semestre1/Ressources/Webdev/Web/TP06/tomcat
03-Dec-2025 10:07:50.565 INFO [main] org.apache.catalina.startup.VersionLoggerListener.log Command line argument: -Djava.util.logging.config.file=/home/infoetu/baptiste.lavogiez.etu/BUT2/Semestre1/Ressources/Webdev/Web/TP06/tomcat/conf/logging.properties
03-Dec-2025 10:07:50.566 INFO [main] org.apache.catalina.startup.VersionLoggerListener.log Command line argument: -Djava.util.logging.manager=org.apache.juli.ClassLoaderLogManager
03-Dec-2025 10:07:50.566 INFO [main] org.apache.catalina.startup.VersionLoggerListener.log Command line argument: -Djdk.tls.ephemeralDHKeySize=2048
03-Dec-2025 10:07:50.566 INFO [main] org.apache.catalina.startup.VersionLoggerListener.log Command line argument: -Dorg.apache.catalina.security.SecurityListener.UMASK=0027
03-Dec-2025 10:07:50.566 INFO [main] org.apache.catalina.startup.VersionLoggerListener.log Command line argument: --add-opens=java.base/java.lang=ALL-UNNAMED
03-Dec-2025 10:07:50.566 INFO [main] org.apache.catalina.startup.VersionLoggerListener.log Command line argument: --add-opens=java.base/java.lang.reflect=ALL-UNNAMED
03-Dec-2025 10:07:50.566 INFO [main] org.apache.catalina.startup.VersionLoggerListener.log Command line argument: --add-opens=java.base/java.io=ALL-UNNAMED
03-Dec-2025 10:07:50.566 INFO [main] org.apache.catalina.startup.VersionLoggerListener.log Command line argument: --add-opens=java.base/java.util=ALL-UNNAMED
03-Dec-2025 10:07:50.566 INFO [main] org.apache.catalina.startup.VersionLoggerListener.log Command line argument: --add-opens=java.base/java.util.concurrent=ALL-UNNAMED
03-Dec-2025 10:07:50.566 INFO [main] org.apache.catalina.startup.VersionLoggerListener.log Command line argument: --add-opens=java.rmi/sun.rmi.transport=ALL-UNNAMED
03-Dec-2025 10:07:50.566 INFO [main] org.apache.catalina.startup.VersionLoggerListener.log Command line argument: --enable-native-access=ALL-UNNAMED
03-Dec-2025 10:07:50.566 INFO [main] org.apache.catalina.startup.VersionLoggerListener.log Command line argument: -Dcatalina.base=/home/infoetu/baptiste.lavogiez.etu/BUT2/Semestre1/Ressources/Webdev/Web/TP06/tomcat
03-Dec-2025 10:07:50.566 INFO [main] org.apache.catalina.startup.VersionLoggerListener.log Command line argument: -Dcatalina.home=/home/infoetu/baptiste.lavogiez.etu/BUT2/Semestre1/Ressources/Webdev/Web/TP06/tomcat
03-Dec-2025 10:07:50.566 INFO [main] org.apache.catalina.startup.VersionLoggerListener.log Command line argument: -Djava.io.tmpdir=/home/infoetu/baptiste.lavogiez.etu/BUT2/Semestre1/Ressources/Webdev/Web/TP06/tomcat/temp
03-Dec-2025 10:07:50.567 INFO [main] org.apache.catalina.core.AprLifecycleListener.lifecycleEvent The Apache Tomcat Native library which allows using OpenSSL was not found on the java.library.path: [/usr/java/packages/lib:/usr/lib/x86_64-linux-gnu/jni:/lib/x86_64-linux-gnu:/usr/lib/x86_64-linux-gnu:/usr/lib/jni:/lib:/usr/lib]
03-Dec-2025 10:07:50.668 INFO [main] org.apache.coyote.AbstractProtocol.init Initializing ProtocolHandler ["http-nio-8080"]
03-Dec-2025 10:07:50.682 INFO [main] org.apache.catalina.startup.Catalina.load Server initialization in [196] milliseconds
03-Dec-2025 10:07:50.701 INFO [main] org.apache.catalina.core.StandardService.startInternal Starting service [Catalina]
03-Dec-2025 10:07:50.701 INFO [main] org.apache.catalina.core.StandardEngine.startInternal Starting Servlet engine: [Apache Tomcat/11.0.13]
03-Dec-2025 10:07:50.706 INFO [main] org.apache.catalina.startup.HostConfig.deployDirectory Deploying web application directory [/home/infoetu/baptiste.lavogiez.etu/BUT2/Semestre1/Ressources/Webdev/Web/TP06/tomcat/webapps/ROOT]
03-Dec-2025 10:07:50.893 INFO [main] org.apache.jasper.servlet.TldScanner.scanJars At least one JAR was scanned for TLDs yet contained no TLDs. Enable debug logging for this logger for a complete list of JARs that were scanned but no TLDs were found in them. Skipping unneeded JARs during scanning can improve startup time and JSP compilation time.
03-Dec-2025 10:07:50.910 INFO [main] org.apache.catalina.startup.HostConfig.deployDirectory Deployment of web application directory [/home/infoetu/baptiste.lavogiez.etu/BUT2/Semestre1/Ressources/Webdev/Web/TP06/tomcat/webapps/ROOT] has finished in [204] ms
03-Dec-2025 10:07:50.910 INFO [main] org.apache.catalina.startup.HostConfig.deployDirectory Deploying web application directory [/home/infoetu/baptiste.lavogiez.etu/BUT2/Semestre1/Ressources/Webdev/Web/TP06/tomcat/webapps/docs]
03-Dec-2025 10:07:50.964 INFO [main] org.apache.jasper.servlet.TldScanner.scanJars At least one JAR was scanned for TLDs yet contained no TLDs. Enable debug logging for this logger for a complete list of JARs that were scanned but no TLDs were found in them. Skipping unneeded JARs during scanning can improve startup time and JSP compilation time.
03-Dec-2025 10:07:50.965 INFO [main] org.apache.catalina.startup.HostConfig.deployDirectory Deployment of web application directory [/home/infoetu/baptiste.lavogiez.etu/BUT2/Semestre1/Ressources/Webdev/Web/TP06/tomcat/webapps/docs] has finished in [54] ms
03-Dec-2025 10:07:50.965 INFO [main] org.apache.catalina.startup.HostConfig.deployDirectory Deploying web application directory [/home/infoetu/baptiste.lavogiez.etu/BUT2/Semestre1/Ressources/Webdev/Web/TP06/tomcat/webapps/manager]
03-Dec-2025 10:07:51.022 INFO [main] org.apache.jasper.servlet.TldScanner.scanJars At least one JAR was scanned for TLDs yet contained no TLDs. Enable debug logging for this logger for a complete list of JARs that were scanned but no TLDs were found in them. Skipping unneeded JARs during scanning can improve startup time and JSP compilation time.
03-Dec-2025 10:07:51.025 INFO [main] org.apache.catalina.startup.HostConfig.deployDirectory Deployment of web application directory [/home/infoetu/baptiste.lavogiez.etu/BUT2/Semestre1/Ressources/Webdev/Web/TP06/tomcat/webapps/manager] has finished in [60] ms
03-Dec-2025 10:07:51.025 INFO [main] org.apache.catalina.startup.HostConfig.deployDirectory Deploying web application directory [/home/infoetu/baptiste.lavogiez.etu/BUT2/Semestre1/Ressources/Webdev/Web/TP06/tomcat/webapps/host-manager]
03-Dec-2025 10:07:51.076 INFO [main] org.apache.jasper.servlet.TldScanner.scanJars At least one JAR was scanned for TLDs yet contained no TLDs. Enable debug logging for this logger for a complete list of JARs that were scanned but no TLDs were found in them. Skipping unneeded JARs during scanning can improve startup time and JSP compilation time.
03-Dec-2025 10:07:51.077 INFO [main] org.apache.catalina.startup.HostConfig.deployDirectory Deployment of web application directory [/home/infoetu/baptiste.lavogiez.etu/BUT2/Semestre1/Ressources/Webdev/Web/TP06/tomcat/webapps/host-manager] has finished in [51] ms
03-Dec-2025 10:07:51.077 INFO [main] org.apache.catalina.startup.HostConfig.deployDirectory Deploying web application directory [/home/infoetu/baptiste.lavogiez.etu/BUT2/Semestre1/Ressources/Webdev/Web/TP06/tomcat/webapps/vide]
03-Dec-2025 10:07:51.127 INFO [main] org.apache.jasper.servlet.TldScanner.scanJars At least one JAR was scanned for TLDs yet contained no TLDs. Enable debug logging for this logger for a complete list of JARs that were scanned but no TLDs were found in them. Skipping unneeded JARs during scanning can improve startup time and JSP compilation time.
03-Dec-2025 10:07:51.129 INFO [main] org.apache.catalina.startup.HostConfig.deployDirectory Deployment of web application directory [/home/infoetu/baptiste.lavogiez.etu/BUT2/Semestre1/Ressources/Webdev/Web/TP06/tomcat/webapps/vide] has finished in [52] ms
03-Dec-2025 10:07:51.129 INFO [main] org.apache.catalina.startup.HostConfig.deployDirectory Deploying web application directory [/home/infoetu/baptiste.lavogiez.etu/BUT2/Semestre1/Ressources/Webdev/Web/TP06/tomcat/webapps/examples]
03-Dec-2025 10:07:51.292 INFO [main] org.apache.jasper.servlet.TldScanner.scanJars At least one JAR was scanned for TLDs yet contained no TLDs. Enable debug logging for this logger for a complete list of JARs that were scanned but no TLDs were found in them. Skipping unneeded JARs during scanning can improve startup time and JSP compilation time.
03-Dec-2025 10:07:51.306 INFO [main] org.apache.catalina.startup.HostConfig.deployDirectory Deployment of web application directory [/home/infoetu/baptiste.lavogiez.etu/BUT2/Semestre1/Ressources/Webdev/Web/TP06/tomcat/webapps/examples] has finished in [177] ms
03-Dec-2025 10:07:51.308 INFO [main] org.apache.coyote.AbstractProtocol.start Starting ProtocolHandler ["http-nio-8080"]
03-Dec-2025 10:07:51.315 INFO [main] org.apache.catalina.startup.Catalina.start Server startup in [633] milliseconds
03-Dec-2025 10:11:11.156 INFO [Thread-1] org.apache.coyote.AbstractProtocol.pause Pausing ProtocolHandler ["http-nio-8080"]
03-Dec-2025 10:11:11.158 INFO [Thread-1] org.apache.catalina.core.StandardService.stopInternal Stopping service [Catalina]
03-Dec-2025 10:11:11.182 INFO [Thread-1] org.apache.coyote.AbstractProtocol.stop Stopping ProtocolHandler ["http-nio-8080"]
03-Dec-2025 10:11:11.191 INFO [Thread-1] org.apache.coyote.AbstractProtocol.destroy Destroying ProtocolHandler ["http-nio-8080"]
03-Dec-2025 10:11:11.911 INFO [main] org.apache.catalina.startup.VersionLoggerListener.log Server version name:   Apache Tomcat/11.0.13
03-Dec-2025 10:11:11.913 INFO [main] org.apache.catalina.startup.VersionLoggerListener.log Server built:          Oct 10 2025 13:57:31 UTC
03-Dec-2025 10:11:11.913 INFO [main] org.apache.catalina.startup.VersionLoggerListener.log Server version number: 11.0.13.0
03-Dec-2025 10:11:11.913 INFO [main] org.apache.catalina.startup.VersionLoggerListener.log OS Name:               Linux
03-Dec-2025 10:11:11.913 INFO [main] org.apache.catalina.startup.VersionLoggerListener.log OS Version:            6.1.0-40-amd64
03-Dec-2025 10:11:11.913 INFO [main] org.apache.catalina.startup.VersionLoggerListener.log Architecture:          amd64
03-Dec-2025 10:11:11.913 INFO [main] org.apache.catalina.startup.VersionLoggerListener.log Java Home:             /usr/lib/jvm/java-17-openjdk-amd64
03-Dec-2025 10:11:11.913 INFO [main] org.apache.catalina.startup.VersionLoggerListener.log JVM Version:           17.0.17+10-Debian-1deb12u1
03-Dec-2025 10:11:11.913 INFO [main] org.apache.catalina.startup.VersionLoggerListener.log JVM Vendor:            Debian
03-Dec-2025 10:11:11.913 INFO [main] org.apache.catalina.startup.VersionLoggerListener.log CATALINA_BASE:         /home/infoetu/baptiste.lavogiez.etu/BUT2/Semestre1/Ressources/Webdev/Web/TP06/tomcat
03-Dec-2025 10:11:11.914 INFO [main] org.apache.catalina.startup.VersionLoggerListener.log CATALINA_HOME:         /home/infoetu/baptiste.lavogiez.etu/BUT2/Semestre1/Ressources/Webdev/Web/TP06/tomcat
03-Dec-2025 10:11:11.917 INFO [main] org.apache.catalina.startup.VersionLoggerListener.log Command line argument: -Djava.util.logging.config.file=/home/infoetu/baptiste.lavogiez.etu/BUT2/Semestre1/Ressources/Webdev/Web/TP06/tomcat/conf/logging.properties
03-Dec-2025 10:11:11.917 INFO [main] org.apache.catalina.startup.VersionLoggerListener.log Command line argument: -Djava.util.logging.manager=org.apache.juli.ClassLoaderLogManager
03-Dec-2025 10:11:11.918 INFO [main] org.apache.catalina.startup.VersionLoggerListener.log Command line argument: -Djdk.tls.ephemeralDHKeySize=2048
03-Dec-2025 10:11:11.918 INFO [main] org.apache.catalina.startup.VersionLoggerListener.log Command line argument: -Dorg.apache.catalina.security.SecurityListener.UMASK=0027
03-Dec-2025 10:11:11.918 INFO [main] org.apache.catalina.startup.VersionLoggerListener.log Command line argument: --add-opens=java.base/java.lang=ALL-UNNAMED
03-Dec-2025 10:11:11.918 INFO [main] org.apache.catalina.startup.VersionLoggerListener.log Command line argument: --add-opens=java.base/java.lang.reflect=ALL-UNNAMED
03-Dec-2025 10:11:11.918 INFO [main] org.apache.catalina.startup.VersionLoggerListener.log Command line argument: --add-opens=java.base/java.io=ALL-UNNAMED
03-Dec-2025 10:11:11.918 INFO [main] org.apache.catalina.startup.VersionLoggerListener.log Command line argument: --add-opens=java.base/java.util=ALL-UNNAMED
03-Dec-2025 10:11:11.918 INFO [main] org.apache.catalina.startup.VersionLoggerListener.log Command line argument: --add-opens=java.base/java.util.concurrent=ALL-UNNAMED
03-Dec-2025 10:11:11.918 INFO [main] org.apache.catalina.startup.VersionLoggerListener.log Command line argument: --add-opens=java.rmi/sun.rmi.transport=ALL-UNNAMED
03-Dec-2025 10:11:11.918 INFO [main] org.apache.catalina.startup.VersionLoggerListener.log Command line argument: --enable-native-access=ALL-UNNAMED
03-Dec-2025 10:11:11.918 INFO [main] org.apache.catalina.startup.VersionLoggerListener.log Command line argument: -Dcatalina.base=/home/infoetu/baptiste.lavogiez.etu/BUT2/Semestre1/Ressources/Webdev/Web/TP06/tomcat
03-Dec-2025 10:11:11.918 INFO [main] org.apache.catalina.startup.VersionLoggerListener.log Command line argument: -Dcatalina.home=/home/infoetu/baptiste.lavogiez.etu/BUT2/Semestre1/Ressources/Webdev/Web/TP06/tomcat
03-Dec-2025 10:11:11.918 INFO [main] org.apache.catalina.startup.VersionLoggerListener.log Command line argument: -Djava.io.tmpdir=/home/infoetu/baptiste.lavogiez.etu/BUT2/Semestre1/Ressources/Webdev/Web/TP06/tomcat/temp
03-Dec-2025 10:11:11.919 INFO [main] org.apache.catalina.core.AprLifecycleListener.lifecycleEvent The Apache Tomcat Native library which allows using OpenSSL was not found on the java.library.path: [/usr/java/packages/lib:/usr/lib/x86_64-linux-gnu/jni:/lib/x86_64-linux-gnu:/usr/lib/x86_64-linux-gnu:/usr/lib/jni:/lib:/usr/lib]
03-Dec-2025 10:11:12.024 INFO [main] org.apache.coyote.AbstractProtocol.init Initializing ProtocolHandler ["http-nio-8080"]
03-Dec-2025 10:11:12.037 INFO [main] org.apache.catalina.startup.Catalina.load Server initialization in [199] milliseconds
03-Dec-2025 10:11:12.055 INFO [main] org.apache.catalina.core.StandardService.startInternal Starting service [Catalina]
03-Dec-2025 10:11:12.055 INFO [main] org.apache.catalina.core.StandardEngine.startInternal Starting Servlet engine: [Apache Tomcat/11.0.13]
03-Dec-2025 10:11:12.060 INFO [main] org.apache.catalina.startup.HostConfig.deployDirectory Deploying web application directory [/home/infoetu/baptiste.lavogiez.etu/BUT2/Semestre1/Ressources/Webdev/Web/TP06/tomcat/webapps/ROOT]
03-Dec-2025 10:11:12.231 INFO [main] org.apache.jasper.servlet.TldScanner.scanJars At least one JAR was scanned for TLDs yet contained no TLDs. Enable debug logging for this logger for a complete list of JARs that were scanned but no TLDs were found in them. Skipping unneeded JARs during scanning can improve startup time and JSP compilation time.
03-Dec-2025 10:11:12.248 INFO [main] org.apache.catalina.startup.HostConfig.deployDirectory Deployment of web application directory [/home/infoetu/baptiste.lavogiez.etu/BUT2/Semestre1/Ressources/Webdev/Web/TP06/tomcat/webapps/ROOT] has finished in [188] ms
03-Dec-2025 10:11:12.249 INFO [main] org.apache.catalina.startup.HostConfig.deployDirectory Deploying web application directory [/home/infoetu/baptiste.lavogiez.etu/BUT2/Semestre1/Ressources/Webdev/Web/TP06/tomcat/webapps/docs]
03-Dec-2025 10:11:12.301 INFO [main] org.apache.jasper.servlet.TldScanner.scanJars At least one JAR was scanned for TLDs yet contained no TLDs. Enable debug logging for this logger for a complete list of JARs that were scanned but no TLDs were found in them. Skipping unneeded JARs during scanning can improve startup time and JSP compilation time.
03-Dec-2025 10:11:12.302 INFO [main] org.apache.catalina.startup.HostConfig.deployDirectory Deployment of web application directory [/home/infoetu/baptiste.lavogiez.etu/BUT2/Semestre1/Ressources/Webdev/Web/TP06/tomcat/webapps/docs] has finished in [53] ms
03-Dec-2025 10:11:12.302 INFO [main] org.apache.catalina.startup.HostConfig.deployDirectory Deploying web application directory [/home/infoetu/baptiste.lavogiez.etu/BUT2/Semestre1/Ressources/Webdev/Web/TP06/tomcat/webapps/manager]
03-Dec-2025 10:11:12.357 INFO [main] org.apache.jasper.servlet.TldScanner.scanJars At least one JAR was scanned for TLDs yet contained no TLDs. Enable debug logging for this logger for a complete list of JARs that were scanned but no TLDs were found in them. Skipping unneeded JARs during scanning can improve startup time and JSP compilation time.
03-Dec-2025 10:11:12.360 INFO [main] org.apache.catalina.startup.HostConfig.deployDirectory Deployment of web application directory [/home/infoetu/baptiste.lavogiez.etu/BUT2/Semestre1/Ressources/Webdev/Web/TP06/tomcat/webapps/manager] has finished in [58] ms
03-Dec-2025 10:11:12.360 INFO [main] org.apache.catalina.startup.HostConfig.deployDirectory Deploying web application directory [/home/infoetu/baptiste.lavogiez.etu/BUT2/Semestre1/Ressources/Webdev/Web/TP06/tomcat/webapps/host-manager]
03-Dec-2025 10:11:12.411 INFO [main] org.apache.jasper.servlet.TldScanner.scanJars At least one JAR was scanned for TLDs yet contained no TLDs. Enable debug logging for this logger for a complete list of JARs that were scanned but no TLDs were found in them. Skipping unneeded JARs during scanning can improve startup time and JSP compilation time.
03-Dec-2025 10:11:12.412 INFO [main] org.apache.catalina.startup.HostConfig.deployDirectory Deployment of web application directory [/home/infoetu/baptiste.lavogiez.etu/BUT2/Semestre1/Ressources/Webdev/Web/TP06/tomcat/webapps/host-manager] has finished in [52] ms
03-Dec-2025 10:11:12.412 INFO [main] org.apache.catalina.startup.HostConfig.deployDirectory Deploying web application directory [/home/infoetu/baptiste.lavogiez.etu/BUT2/Semestre1/Ressources/Webdev/Web/TP06/tomcat/webapps/vide]
03-Dec-2025 10:11:12.462 INFO [main] org.apache.jasper.servlet.TldScanner.scanJars At least one JAR was scanned for TLDs yet contained no TLDs. Enable debug logging for this logger for a complete list of JARs that were scanned but no TLDs were found in them. Skipping unneeded JARs during scanning can improve startup time and JSP compilation time.
03-Dec-2025 10:11:12.464 INFO [main] org.apache.catalina.startup.HostConfig.deployDirectory Deployment of web application directory [/home/infoetu/baptiste.lavogiez.etu/BUT2/Semestre1/Ressources/Webdev/Web/TP06/tomcat/webapps/vide] has finished in [52] ms
03-Dec-2025 10:11:12.464 INFO [main] org.apache.catalina.startup.HostConfig.deployDirectory Deploying web application directory [/home/infoetu/baptiste.lavogiez.etu/BUT2/Semestre1/Ressources/Webdev/Web/TP06/tomcat/webapps/examples]
03-Dec-2025 10:11:12.668 INFO [main] org.apache.jasper.servlet.TldScanner.scanJars At least one JAR was scanned for TLDs yet contained no TLDs. Enable debug logging for this logger for a complete list of JARs that were scanned but no TLDs were found in them. Skipping unneeded JARs during scanning can improve startup time and JSP compilation time.
03-Dec-2025 10:11:12.682 INFO [main] org.apache.catalina.startup.HostConfig.deployDirectory Deployment of web application directory [/home/infoetu/baptiste.lavogiez.etu/BUT2/Semestre1/Ressources/Webdev/Web/TP06/tomcat/webapps/examples] has finished in [218] ms
03-Dec-2025 10:11:12.684 INFO [main] org.apache.coyote.AbstractProtocol.start Starting ProtocolHandler ["http-nio-8080"]
03-Dec-2025 10:11:12.690 INFO [main] org.apache.catalina.startup.Catalina.start Server startup in [653] milliseconds
03-Dec-2025 10:11:52.705 INFO [Catalina-utility-1] org.apache.catalina.core.StandardContext.reload Reloading Context with name [/vide] has started
03-Dec-2025 10:11:52.759 INFO [Catalina-utility-1] org.apache.jasper.servlet.TldScanner.scanJars At least one JAR was scanned for TLDs yet contained no TLDs. Enable debug logging for this logger for a complete list of JARs that were scanned but no TLDs were found in them. Skipping unneeded JARs during scanning can improve startup time and JSP compilation time.
03-Dec-2025 10:11:52.759 INFO [Catalina-utility-1] org.apache.catalina.core.StandardContext.reload Reloading Context with name [/vide] is completed
03-Dec-2025 10:11:53.668 INFO [Thread-1] org.apache.coyote.AbstractProtocol.pause Pausing ProtocolHandler ["http-nio-8080"]
03-Dec-2025 10:11:53.670 INFO [Thread-1] org.apache.catalina.core.StandardService.stopInternal Stopping service [Catalina]
03-Dec-2025 10:11:53.685 INFO [Thread-1] org.apache.coyote.AbstractProtocol.stop Stopping ProtocolHandler ["http-nio-8080"]
03-Dec-2025 10:11:53.693 INFO [Thread-1] org.apache.coyote.AbstractProtocol.destroy Destroying ProtocolHandler ["http-nio-8080"]
03-Dec-2025 10:11:54.495 INFO [main] org.apache.catalina.startup.VersionLoggerListener.log Server version name:   Apache Tomcat/11.0.13
03-Dec-2025 10:11:54.497 INFO [main] org.apache.catalina.startup.VersionLoggerListener.log Server built:          Oct 10 2025 13:57:31 UTC
03-Dec-2025 10:11:54.497 INFO [main] org.apache.catalina.startup.VersionLoggerListener.log Server version number: 11.0.13.0
03-Dec-2025 10:11:54.497 INFO [main] org.apache.catalina.startup.VersionLoggerListener.log OS Name:               Linux
03-Dec-2025 10:11:54.497 INFO [main] org.apache.catalina.startup.VersionLoggerListener.log OS Version:            6.1.0-40-amd64
03-Dec-2025 10:11:54.497 INFO [main] org.apache.catalina.startup.VersionLoggerListener.log Architecture:          amd64
03-Dec-2025 10:11:54.497 INFO [main] org.apache.catalina.startup.VersionLoggerListener.log Java Home:             /usr/lib/jvm/java-17-openjdk-amd64
03-Dec-2025 10:11:54.497 INFO [main] org.apache.catalina.startup.VersionLoggerListener.log JVM Version:           17.0.17+10-Debian-1deb12u1
03-Dec-2025 10:11:54.498 INFO [main] org.apache.catalina.startup.VersionLoggerListener.log JVM Vendor:            Debian
03-Dec-2025 10:11:54.498 INFO [main] org.apache.catalina.startup.VersionLoggerListener.log CATALINA_BASE:         /home/infoetu/baptiste.lavogiez.etu/BUT2/Semestre1/Ressources/Webdev/Web/TP06/tomcat
03-Dec-2025 10:11:54.498 INFO [main] org.apache.catalina.startup.VersionLoggerListener.log CATALINA_HOME:         /home/infoetu/baptiste.lavogiez.etu/BUT2/Semestre1/Ressources/Webdev/Web/TP06/tomcat
03-Dec-2025 10:11:54.501 INFO [main] org.apache.catalina.startup.VersionLoggerListener.log Command line argument: -Djava.util.logging.config.file=/home/infoetu/baptiste.lavogiez.etu/BUT2/Semestre1/Ressources/Webdev/Web/TP06/tomcat/conf/logging.properties
03-Dec-2025 10:11:54.501 INFO [main] org.apache.catalina.startup.VersionLoggerListener.log Command line argument: -Djava.util.logging.manager=org.apache.juli.ClassLoaderLogManager
03-Dec-2025 10:11:54.501 INFO [main] org.apache.catalina.startup.VersionLoggerListener.log Command line argument: -Djdk.tls.ephemeralDHKeySize=2048
03-Dec-2025 10:11:54.501 INFO [main] org.apache.catalina.startup.VersionLoggerListener.log Command line argument: -Dorg.apache.catalina.security.SecurityListener.UMASK=0027
03-Dec-2025 10:11:54.501 INFO [main] org.apache.catalina.startup.VersionLoggerListener.log Command line argument: --add-opens=java.base/java.lang=ALL-UNNAMED
03-Dec-2025 10:11:54.501 INFO [main] org.apache.catalina.startup.VersionLoggerListener.log Command line argument: --add-opens=java.base/java.lang.reflect=ALL-UNNAMED
03-Dec-2025 10:11:54.501 INFO [main] org.apache.catalina.startup.VersionLoggerListener.log Command line argument: --add-opens=java.base/java.io=ALL-UNNAMED
03-Dec-2025 10:11:54.501 INFO [main] org.apache.catalina.startup.VersionLoggerListener.log Command line argument: --add-opens=java.base/java.util=ALL-UNNAMED
03-Dec-2025 10:11:54.502 INFO [main] org.apache.catalina.startup.VersionLoggerListener.log Command line argument: --add-opens=java.base/java.util.concurrent=ALL-UNNAMED
03-Dec-2025 10:11:54.502 INFO [main] org.apache.catalina.startup.VersionLoggerListener.log Command line argument: --add-opens=java.rmi/sun.rmi.transport=ALL-UNNAMED
03-Dec-2025 10:11:54.502 INFO [main] org.apache.catalina.startup.VersionLoggerListener.log Command line argument: --enable-native-access=ALL-UNNAMED
03-Dec-2025 10:11:54.502 INFO [main] org.apache.catalina.startup.VersionLoggerListener.log Command line argument: -Dcatalina.base=/home/infoetu/baptiste.lavogiez.etu/BUT2/Semestre1/Ressources/Webdev/Web/TP06/tomcat
03-Dec-2025 10:11:54.502 INFO [main] org.apache.catalina.startup.VersionLoggerListener.log Command line argument: -Dcatalina.home=/home/infoetu/baptiste.lavogiez.etu/BUT2/Semestre1/Ressources/Webdev/Web/TP06/tomcat
03-Dec-2025 10:11:54.502 INFO [main] org.apache.catalina.startup.VersionLoggerListener.log Command line argument: -Djava.io.tmpdir=/home/infoetu/baptiste.lavogiez.etu/BUT2/Semestre1/Ressources/Webdev/Web/TP06/tomcat/temp
03-Dec-2025 10:11:54.502 INFO [main] org.apache.catalina.core.AprLifecycleListener.lifecycleEvent The Apache Tomcat Native library which allows using OpenSSL was not found on the java.library.path: [/usr/java/packages/lib:/usr/lib/x86_64-linux-gnu/jni:/lib/x86_64-linux-gnu:/usr/lib/x86_64-linux-gnu:/usr/lib/jni:/lib:/usr/lib]
03-Dec-2025 10:11:54.606 INFO [main] org.apache.coyote.AbstractProtocol.init Initializing ProtocolHandler ["http-nio-8080"]
03-Dec-2025 10:11:54.619 INFO [main] org.apache.catalina.startup.Catalina.load Server initialization in [199] milliseconds
03-Dec-2025 10:11:54.637 INFO [main] org.apache.catalina.core.StandardService.startInternal Starting service [Catalina]
03-Dec-2025 10:11:54.637 INFO [main] org.apache.catalina.core.StandardEngine.startInternal Starting Servlet engine: [Apache Tomcat/11.0.13]
03-Dec-2025 10:11:54.642 INFO [main] org.apache.catalina.startup.HostConfig.deployDirectory Deploying web application directory [/home/infoetu/baptiste.lavogiez.etu/BUT2/Semestre1/Ressources/Webdev/Web/TP06/tomcat/webapps/ROOT]
03-Dec-2025 10:11:54.816 INFO [main] org.apache.jasper.servlet.TldScanner.scanJars At least one JAR was scanned for TLDs yet contained no TLDs. Enable debug logging for this logger for a complete list of JARs that were scanned but no TLDs were found in them. Skipping unneeded JARs during scanning can improve startup time and JSP compilation time.
03-Dec-2025 10:11:54.833 INFO [main] org.apache.catalina.startup.HostConfig.deployDirectory Deployment of web application directory [/home/infoetu/baptiste.lavogiez.etu/BUT2/Semestre1/Ressources/Webdev/Web/TP06/tomcat/webapps/ROOT] has finished in [191] ms
03-Dec-2025 10:11:54.833 INFO [main] org.apache.catalina.startup.HostConfig.deployDirectory Deploying web application directory [/home/infoetu/baptiste.lavogiez.etu/BUT2/Semestre1/Ressources/Webdev/Web/TP06/tomcat/webapps/docs]
03-Dec-2025 10:11:54.887 INFO [main] org.apache.jasper.servlet.TldScanner.scanJars At least one JAR was scanned for TLDs yet contained no TLDs. Enable debug logging for this logger for a complete list of JARs that were scanned but no TLDs were found in them. Skipping unneeded JARs during scanning can improve startup time and JSP compilation time.
03-Dec-2025 10:11:54.888 INFO [main] org.apache.catalina.startup.HostConfig.deployDirectory Deployment of web application directory [/home/infoetu/baptiste.lavogiez.etu/BUT2/Semestre1/Ressources/Webdev/Web/TP06/tomcat/webapps/docs] has finished in [54] ms
03-Dec-2025 10:11:54.888 INFO [main] org.apache.catalina.startup.HostConfig.deployDirectory Deploying web application directory [/home/infoetu/baptiste.lavogiez.etu/BUT2/Semestre1/Ressources/Webdev/Web/TP06/tomcat/webapps/manager]
03-Dec-2025 10:11:54.939 INFO [main] org.apache.jasper.servlet.TldScanner.scanJars At least one JAR was scanned for TLDs yet contained no TLDs. Enable debug logging for this logger for a complete list of JARs that were scanned but no TLDs were found in them. Skipping unneeded JARs during scanning can improve startup time and JSP compilation time.
03-Dec-2025 10:11:54.942 INFO [main] org.apache.catalina.startup.HostConfig.deployDirectory Deployment of web application directory [/home/infoetu/baptiste.lavogiez.etu/BUT2/Semestre1/Ressources/Webdev/Web/TP06/tomcat/webapps/manager] has finished in [54] ms
03-Dec-2025 10:11:54.942 INFO [main] org.apache.catalina.startup.HostConfig.deployDirectory Deploying web application directory [/home/infoetu/baptiste.lavogiez.etu/BUT2/Semestre1/Ressources/Webdev/Web/TP06/tomcat/webapps/host-manager]
03-Dec-2025 10:11:54.990 INFO [main] org.apache.jasper.servlet.TldScanner.scanJars At least one JAR was scanned for TLDs yet contained no TLDs. Enable debug logging for this logger for a complete list of JARs that were scanned but no TLDs were found in them. Skipping unneeded JARs during scanning can improve startup time and JSP compilation time.
03-Dec-2025 10:11:54.991 INFO [main] org.apache.catalina.startup.HostConfig.deployDirectory Deployment of web application directory [/home/infoetu/baptiste.lavogiez.etu/BUT2/Semestre1/Ressources/Webdev/Web/TP06/tomcat/webapps/host-manager] has finished in [49] ms
03-Dec-2025 10:11:54.992 INFO [main] org.apache.catalina.startup.HostConfig.deployDirectory Deploying web application directory [/home/infoetu/baptiste.lavogiez.etu/BUT2/Semestre1/Ressources/Webdev/Web/TP06/tomcat/webapps/vide]
03-Dec-2025 10:11:55.039 INFO [main] org.apache.jasper.servlet.TldScanner.scanJars At least one JAR was scanned for TLDs yet contained no TLDs. Enable debug logging for this logger for a complete list of JARs that were scanned but no TLDs were found in them. Skipping unneeded JARs during scanning can improve startup time and JSP compilation time.
03-Dec-2025 10:11:55.041 INFO [main] org.apache.catalina.startup.HostConfig.deployDirectory Deployment of web application directory [/home/infoetu/baptiste.lavogiez.etu/BUT2/Semestre1/Ressources/Webdev/Web/TP06/tomcat/webapps/vide] has finished in [48] ms
03-Dec-2025 10:11:55.041 INFO [main] org.apache.catalina.startup.HostConfig.deployDirectory Deploying web application directory [/home/infoetu/baptiste.lavogiez.etu/BUT2/Semestre1/Ressources/Webdev/Web/TP06/tomcat/webapps/examples]
03-Dec-2025 10:11:55.178 INFO [main] org.apache.jasper.servlet.TldScanner.scanJars At least one JAR was scanned for TLDs yet contained no TLDs. Enable debug logging for this logger for a complete list of JARs that were scanned but no TLDs were found in them. Skipping unneeded JARs during scanning can improve startup time and JSP compilation time.
03-Dec-2025 10:11:55.192 INFO [main] org.apache.catalina.startup.HostConfig.deployDirectory Deployment of web application directory [/home/infoetu/baptiste.lavogiez.etu/BUT2/Semestre1/Ressources/Webdev/Web/TP06/tomcat/webapps/examples] has finished in [151] ms
03-Dec-2025 10:11:55.194 INFO [main] org.apache.coyote.AbstractProtocol.start Starting ProtocolHandler ["http-nio-8080"]
03-Dec-2025 10:11:55.201 INFO [main] org.apache.catalina.startup.Catalina.start Server startup in [581] milliseconds
03-Dec-2025 10:16:42.428 INFO [Thread-1] org.apache.coyote.AbstractProtocol.pause Pausing ProtocolHandler ["http-nio-8080"]
03-Dec-2025 10:16:42.430 INFO [Thread-1] org.apache.catalina.core.StandardService.stopInternal Stopping service [Catalina]
03-Dec-2025 10:16:42.455 INFO [Thread-1] org.apache.coyote.AbstractProtocol.stop Stopping ProtocolHandler ["http-nio-8080"]
03-Dec-2025 10:16:42.464 INFO [Thread-1] org.apache.coyote.AbstractProtocol.destroy Destroying ProtocolHandler ["http-nio-8080"]
03-Dec-2025 10:16:43.160 INFO [main] org.apache.catalina.startup.VersionLoggerListener.log Server version name:   Apache Tomcat/11.0.13
03-Dec-2025 10:16:43.162 INFO [main] org.apache.catalina.startup.VersionLoggerListener.log Server built:          Oct 10 2025 13:57:31 UTC
03-Dec-2025 10:16:43.162 INFO [main] org.apache.catalina.startup.VersionLoggerListener.log Server version number: 11.0.13.0
03-Dec-2025 10:16:43.162 INFO [main] org.apache.catalina.startup.VersionLoggerListener.log OS Name:               Linux
03-Dec-2025 10:16:43.162 INFO [main] org.apache.catalina.startup.VersionLoggerListener.log OS Version:            6.1.0-40-amd64
03-Dec-2025 10:16:43.162 INFO [main] org.apache.catalina.startup.VersionLoggerListener.log Architecture:          amd64
03-Dec-2025 10:16:43.163 INFO [main] org.apache.catalina.startup.VersionLoggerListener.log Java Home:             /usr/lib/jvm/java-17-openjdk-amd64
03-Dec-2025 10:16:43.163 INFO [main] org.apache.catalina.startup.VersionLoggerListener.log JVM Version:           17.0.17+10-Debian-1deb12u1
03-Dec-2025 10:16:43.163 INFO [main] org.apache.catalina.startup.VersionLoggerListener.log JVM Vendor:            Debian
03-Dec-2025 10:16:43.163 INFO [main] org.apache.catalina.startup.VersionLoggerListener.log CATALINA_BASE:         /home/infoetu/baptiste.lavogiez.etu/BUT2/Semestre1/Ressources/Webdev/Web/TP06/tomcat
03-Dec-2025 10:16:43.163 INFO [main] org.apache.catalina.startup.VersionLoggerListener.log CATALINA_HOME:         /home/infoetu/baptiste.lavogiez.etu/BUT2/Semestre1/Ressources/Webdev/Web/TP06/tomcat
03-Dec-2025 10:16:43.167 INFO [main] org.apache.catalina.startup.VersionLoggerListener.log Command line argument: -Djava.util.logging.config.file=/home/infoetu/baptiste.lavogiez.etu/BUT2/Semestre1/Ressources/Webdev/Web/TP06/tomcat/conf/logging.properties
03-Dec-2025 10:16:43.167 INFO [main] org.apache.catalina.startup.VersionLoggerListener.log Command line argument: -Djava.util.logging.manager=org.apache.juli.ClassLoaderLogManager
03-Dec-2025 10:16:43.167 INFO [main] org.apache.catalina.startup.VersionLoggerListener.log Command line argument: -Djdk.tls.ephemeralDHKeySize=2048
03-Dec-2025 10:16:43.167 INFO [main] org.apache.catalina.startup.VersionLoggerListener.log Command line argument: -Dorg.apache.catalina.security.SecurityListener.UMASK=0027
03-Dec-2025 10:16:43.167 INFO [main] org.apache.catalina.startup.VersionLoggerListener.log Command line argument: --add-opens=java.base/java.lang=ALL-UNNAMED
03-Dec-2025 10:16:43.167 INFO [main] org.apache.catalina.startup.VersionLoggerListener.log Command line argument: --add-opens=java.base/java.lang.reflect=ALL-UNNAMED
03-Dec-2025 10:16:43.167 INFO [main] org.apache.catalina.startup.VersionLoggerListener.log Command line argument: --add-opens=java.base/java.io=ALL-UNNAMED
03-Dec-2025 10:16:43.167 INFO [main] org.apache.catalina.startup.VersionLoggerListener.log Command line argument: --add-opens=java.base/java.util=ALL-UNNAMED
03-Dec-2025 10:16:43.167 INFO [main] org.apache.catalina.startup.VersionLoggerListener.log Command line argument: --add-opens=java.base/java.util.concurrent=ALL-UNNAMED
03-Dec-2025 10:16:43.167 INFO [main] org.apache.catalina.startup.VersionLoggerListener.log Command line argument: --add-opens=java.rmi/sun.rmi.transport=ALL-UNNAMED
03-Dec-2025 10:16:43.167 INFO [main] org.apache.catalina.startup.VersionLoggerListener.log Command line argument: --enable-native-access=ALL-UNNAMED
03-Dec-2025 10:16:43.167 INFO [main] org.apache.catalina.startup.VersionLoggerListener.log Command line argument: -Dcatalina.base=/home/infoetu/baptiste.lavogiez.etu/BUT2/Semestre1/Ressources/Webdev/Web/TP06/tomcat
03-Dec-2025 10:16:43.167 INFO [main] org.apache.catalina.startup.VersionLoggerListener.log Command line argument: -Dcatalina.home=/home/infoetu/baptiste.lavogiez.etu/BUT2/Semestre1/Ressources/Webdev/Web/TP06/tomcat
03-Dec-2025 10:16:43.167 INFO [main] org.apache.catalina.startup.VersionLoggerListener.log Command line argument: -Djava.io.tmpdir=/home/infoetu/baptiste.lavogiez.etu/BUT2/Semestre1/Ressources/Webdev/Web/TP06/tomcat/temp
03-Dec-2025 10:16:43.168 INFO [main] org.apache.catalina.core.AprLifecycleListener.lifecycleEvent The Apache Tomcat Native library which allows using OpenSSL was not found on the java.library.path: [/usr/java/packages/lib:/usr/lib/x86_64-linux-gnu/jni:/lib/x86_64-linux-gnu:/usr/lib/x86_64-linux-gnu:/usr/lib/jni:/lib:/usr/lib]
03-Dec-2025 10:16:43.270 INFO [main] org.apache.coyote.AbstractProtocol.init Initializing ProtocolHandler ["http-nio-8080"]
03-Dec-2025 10:16:43.284 INFO [main] org.apache.catalina.startup.Catalina.load Server initialization in [198] milliseconds
03-Dec-2025 10:16:43.302 INFO [main] org.apache.catalina.core.StandardService.startInternal Starting service [Catalina]
03-Dec-2025 10:16:43.302 INFO [main] org.apache.catalina.core.StandardEngine.startInternal Starting Servlet engine: [Apache Tomcat/11.0.13]
03-Dec-2025 10:16:43.308 INFO [main] org.apache.catalina.startup.HostConfig.deployDirectory Deploying web application directory [/home/infoetu/baptiste.lavogiez.etu/BUT2/Semestre1/Ressources/Webdev/Web/TP06/tomcat/webapps/ROOT]
03-Dec-2025 10:16:43.474 INFO [main] org.apache.jasper.servlet.TldScanner.scanJars At least one JAR was scanned for TLDs yet contained no TLDs. Enable debug logging for this logger for a complete list of JARs that were scanned but no TLDs were found in them. Skipping unneeded JARs during scanning can improve startup time and JSP compilation time.
03-Dec-2025 10:16:43.492 INFO [main] org.apache.catalina.startup.HostConfig.deployDirectory Deployment of web application directory [/home/infoetu/baptiste.lavogiez.etu/BUT2/Semestre1/Ressources/Webdev/Web/TP06/tomcat/webapps/ROOT] has finished in [183] ms
03-Dec-2025 10:16:43.492 INFO [main] org.apache.catalina.startup.HostConfig.deployDirectory Deploying web application directory [/home/infoetu/baptiste.lavogiez.etu/BUT2/Semestre1/Ressources/Webdev/Web/TP06/tomcat/webapps/docs]
03-Dec-2025 10:16:43.547 INFO [main] org.apache.jasper.servlet.TldScanner.scanJars At least one JAR was scanned for TLDs yet contained no TLDs. Enable debug logging for this logger for a complete list of JARs that were scanned but no TLDs were found in them. Skipping unneeded JARs during scanning can improve startup time and JSP compilation time.
03-Dec-2025 10:16:43.548 INFO [main] org.apache.catalina.startup.HostConfig.deployDirectory Deployment of web application directory [/home/infoetu/baptiste.lavogiez.etu/BUT2/Semestre1/Ressources/Webdev/Web/TP06/tomcat/webapps/docs] has finished in [56] ms
03-Dec-2025 10:16:43.548 INFO [main] org.apache.catalina.startup.HostConfig.deployDirectory Deploying web application directory [/home/infoetu/baptiste.lavogiez.etu/BUT2/Semestre1/Ressources/Webdev/Web/TP06/tomcat/webapps/manager]
03-Dec-2025 10:16:43.603 INFO [main] org.apache.jasper.servlet.TldScanner.scanJars At least one JAR was scanned for TLDs yet contained no TLDs. Enable debug logging for this logger for a complete list of JARs that were scanned but no TLDs were found in them. Skipping unneeded JARs during scanning can improve startup time and JSP compilation time.
03-Dec-2025 10:16:43.606 INFO [main] org.apache.catalina.startup.HostConfig.deployDirectory Deployment of web application directory [/home/infoetu/baptiste.lavogiez.etu/BUT2/Semestre1/Ressources/Webdev/Web/TP06/tomcat/webapps/manager] has finished in [58] ms
03-Dec-2025 10:16:43.606 INFO [main] org.apache.catalina.startup.HostConfig.deployDirectory Deploying web application directory [/home/infoetu/baptiste.lavogiez.etu/BUT2/Semestre1/Ressources/Webdev/Web/TP06/tomcat/webapps/host-manager]
03-Dec-2025 10:16:43.656 INFO [main] org.apache.jasper.servlet.TldScanner.scanJars At least one JAR was scanned for TLDs yet contained no TLDs. Enable debug logging for this logger for a complete list of JARs that were scanned but no TLDs were found in them. Skipping unneeded JARs during scanning can improve startup time and JSP compilation time.
03-Dec-2025 10:16:43.657 INFO [main] org.apache.catalina.startup.HostConfig.deployDirectory Deployment of web application directory [/home/infoetu/baptiste.lavogiez.etu/BUT2/Semestre1/Ressources/Webdev/Web/TP06/tomcat/webapps/host-manager] has finished in [50] ms
03-Dec-2025 10:16:43.657 INFO [main] org.apache.catalina.startup.HostConfig.deployDirectory Deploying web application directory [/home/infoetu/baptiste.lavogiez.etu/BUT2/Semestre1/Ressources/Webdev/Web/TP06/tomcat/webapps/vide]
03-Dec-2025 10:16:43.706 INFO [main] org.apache.jasper.servlet.TldScanner.scanJars At least one JAR was scanned for TLDs yet contained no TLDs. Enable debug logging for this logger for a complete list of JARs that were scanned but no TLDs were found in them. Skipping unneeded JARs during scanning can improve startup time and JSP compilation time.
03-Dec-2025 10:16:43.708 INFO [main] org.apache.catalina.startup.HostConfig.deployDirectory Deployment of web application directory [/home/infoetu/baptiste.lavogiez.etu/BUT2/Semestre1/Ressources/Webdev/Web/TP06/tomcat/webapps/vide] has finished in [51] ms
03-Dec-2025 10:16:43.708 INFO [main] org.apache.catalina.startup.HostConfig.deployDirectory Deploying web application directory [/home/infoetu/baptiste.lavogiez.etu/BUT2/Semestre1/Ressources/Webdev/Web/TP06/tomcat/webapps/examples]
03-Dec-2025 10:16:43.912 INFO [main] org.apache.jasper.servlet.TldScanner.scanJars At least one JAR was scanned for TLDs yet contained no TLDs. Enable debug logging for this logger for a complete list of JARs that were scanned but no TLDs were found in them. Skipping unneeded JARs during scanning can improve startup time and JSP compilation time.
03-Dec-2025 10:16:43.927 INFO [main] org.apache.catalina.startup.HostConfig.deployDirectory Deployment of web application directory [/home/infoetu/baptiste.lavogiez.etu/BUT2/Semestre1/Ressources/Webdev/Web/TP06/tomcat/webapps/examples] has finished in [219] ms
03-Dec-2025 10:16:43.929 INFO [main] org.apache.coyote.AbstractProtocol.start Starting ProtocolHandler ["http-nio-8080"]
03-Dec-2025 10:16:43.936 INFO [main] org.apache.catalina.startup.Catalina.start Server startup in [651] milliseconds
03-Dec-2025 10:17:03.940 INFO [Catalina-utility-1] org.apache.catalina.core.StandardContext.reload Reloading Context with name [/vide] has started
03-Dec-2025 10:17:03.998 INFO [Catalina-utility-1] org.apache.jasper.servlet.TldScanner.scanJars At least one JAR was scanned for TLDs yet contained no TLDs. Enable debug logging for this logger for a complete list of JARs that were scanned but no TLDs were found in them. Skipping unneeded JARs during scanning can improve startup time and JSP compilation time.
03-Dec-2025 10:17:03.999 INFO [Catalina-utility-1] org.apache.catalina.core.StandardContext.reload Reloading Context with name [/vide] is completed
03-Dec-2025 10:17:11.428 INFO [Thread-1] org.apache.coyote.AbstractProtocol.pause Pausing ProtocolHandler ["http-nio-8080"]
03-Dec-2025 10:17:11.430 INFO [Thread-1] org.apache.catalina.core.StandardService.stopInternal Stopping service [Catalina]
03-Dec-2025 10:17:11.445 INFO [Thread-1] org.apache.coyote.AbstractProtocol.stop Stopping ProtocolHandler ["http-nio-8080"]
03-Dec-2025 10:17:11.454 INFO [Thread-1] org.apache.coyote.AbstractProtocol.destroy Destroying ProtocolHandler ["http-nio-8080"]
03-Dec-2025 10:17:12.087 INFO [main] org.apache.catalina.startup.VersionLoggerListener.log Server version name:   Apache Tomcat/11.0.13
03-Dec-2025 10:17:12.089 INFO [main] org.apache.catalina.startup.VersionLoggerListener.log Server built:          Oct 10 2025 13:57:31 UTC
03-Dec-2025 10:17:12.089 INFO [main] org.apache.catalina.startup.VersionLoggerListener.log Server version number: 11.0.13.0
03-Dec-2025 10:17:12.089 INFO [main] org.apache.catalina.startup.VersionLoggerListener.log OS Name:               Linux
03-Dec-2025 10:17:12.089 INFO [main] org.apache.catalina.startup.VersionLoggerListener.log OS Version:            6.1.0-40-amd64
03-Dec-2025 10:17:12.089 INFO [main] org.apache.catalina.startup.VersionLoggerListener.log Architecture:          amd64
03-Dec-2025 10:17:12.089 INFO [main] org.apache.catalina.startup.VersionLoggerListener.log Java Home:             /usr/lib/jvm/java-17-openjdk-amd64
03-Dec-2025 10:17:12.089 INFO [main] org.apache.catalina.startup.VersionLoggerListener.log JVM Version:           17.0.17+10-Debian-1deb12u1
03-Dec-2025 10:17:12.089 INFO [main] org.apache.catalina.startup.VersionLoggerListener.log JVM Vendor:            Debian
03-Dec-2025 10:17:12.090 INFO [main] org.apache.catalina.startup.VersionLoggerListener.log CATALINA_BASE:         /home/infoetu/baptiste.lavogiez.etu/BUT2/Semestre1/Ressources/Webdev/Web/TP06/tomcat
03-Dec-2025 10:17:12.090 INFO [main] org.apache.catalina.startup.VersionLoggerListener.log CATALINA_HOME:         /home/infoetu/baptiste.lavogiez.etu/BUT2/Semestre1/Ressources/Webdev/Web/TP06/tomcat
03-Dec-2025 10:17:12.093 INFO [main] org.apache.catalina.startup.VersionLoggerListener.log Command line argument: -Djava.util.logging.config.file=/home/infoetu/baptiste.lavogiez.etu/BUT2/Semestre1/Ressources/Webdev/Web/TP06/tomcat/conf/logging.properties
03-Dec-2025 10:17:12.093 INFO [main] org.apache.catalina.startup.VersionLoggerListener.log Command line argument: -Djava.util.logging.manager=org.apache.juli.ClassLoaderLogManager
03-Dec-2025 10:17:12.093 INFO [main] org.apache.catalina.startup.VersionLoggerListener.log Command line argument: -Djdk.tls.ephemeralDHKeySize=2048
03-Dec-2025 10:17:12.093 INFO [main] org.apache.catalina.startup.VersionLoggerListener.log Command line argument: -Dorg.apache.catalina.security.SecurityListener.UMASK=0027
03-Dec-2025 10:17:12.093 INFO [main] org.apache.catalina.startup.VersionLoggerListener.log Command line argument: --add-opens=java.base/java.lang=ALL-UNNAMED
03-Dec-2025 10:17:12.093 INFO [main] org.apache.catalina.startup.VersionLoggerListener.log Command line argument: --add-opens=java.base/java.lang.reflect=ALL-UNNAMED
03-Dec-2025 10:17:12.093 INFO [main] org.apache.catalina.startup.VersionLoggerListener.log Command line argument: --add-opens=java.base/java.io=ALL-UNNAMED
03-Dec-2025 10:17:12.093 INFO [main] org.apache.catalina.startup.VersionLoggerListener.log Command line argument: --add-opens=java.base/java.util=ALL-UNNAMED
03-Dec-2025 10:17:12.093 INFO [main] org.apache.catalina.startup.VersionLoggerListener.log Command line argument: --add-opens=java.base/java.util.concurrent=ALL-UNNAMED
03-Dec-2025 10:17:12.093 INFO [main] org.apache.catalina.startup.VersionLoggerListener.log Command line argument: --add-opens=java.rmi/sun.rmi.transport=ALL-UNNAMED
03-Dec-2025 10:17:12.094 INFO [main] org.apache.catalina.startup.VersionLoggerListener.log Command line argument: --enable-native-access=ALL-UNNAMED
03-Dec-2025 10:17:12.094 INFO [main] org.apache.catalina.startup.VersionLoggerListener.log Command line argument: -Dcatalina.base=/home/infoetu/baptiste.lavogiez.etu/BUT2/Semestre1/Ressources/Webdev/Web/TP06/tomcat
03-Dec-2025 10:17:12.094 INFO [main] org.apache.catalina.startup.VersionLoggerListener.log Command line argument: -Dcatalina.home=/home/infoetu/baptiste.lavogiez.etu/BUT2/Semestre1/Ressources/Webdev/Web/TP06/tomcat
03-Dec-2025 10:17:12.094 INFO [main] org.apache.catalina.startup.VersionLoggerListener.log Command line argument: -Djava.io.tmpdir=/home/infoetu/baptiste.lavogiez.etu/BUT2/Semestre1/Ressources/Webdev/Web/TP06/tomcat/temp
03-Dec-2025 10:17:12.094 INFO [main] org.apache.catalina.core.AprLifecycleListener.lifecycleEvent The Apache Tomcat Native library which allows using OpenSSL was not found on the java.library.path: [/usr/java/packages/lib:/usr/lib/x86_64-linux-gnu/jni:/lib/x86_64-linux-gnu:/usr/lib/x86_64-linux-gnu:/usr/lib/jni:/lib:/usr/lib]
03-Dec-2025 10:17:12.196 INFO [main] org.apache.coyote.AbstractProtocol.init Initializing ProtocolHandler ["http-nio-8080"]
03-Dec-2025 10:17:12.209 INFO [main] org.apache.catalina.startup.Catalina.load Server initialization in [195] milliseconds
03-Dec-2025 10:17:12.227 INFO [main] org.apache.catalina.core.StandardService.startInternal Starting service [Catalina]
03-Dec-2025 10:17:12.228 INFO [main] org.apache.catalina.core.StandardEngine.startInternal Starting Servlet engine: [Apache Tomcat/11.0.13]
03-Dec-2025 10:17:12.232 INFO [main] org.apache.catalina.startup.HostConfig.deployDirectory Deploying web application directory [/home/infoetu/baptiste.lavogiez.etu/BUT2/Semestre1/Ressources/Webdev/Web/TP06/tomcat/webapps/ROOT]
03-Dec-2025 10:17:12.424 INFO [main] org.apache.jasper.servlet.TldScanner.scanJars At least one JAR was scanned for TLDs yet contained no TLDs. Enable debug logging for this logger for a complete list of JARs that were scanned but no TLDs were found in them. Skipping unneeded JARs during scanning can improve startup time and JSP compilation time.
03-Dec-2025 10:17:12.441 INFO [main] org.apache.catalina.startup.HostConfig.deployDirectory Deployment of web application directory [/home/infoetu/baptiste.lavogiez.etu/BUT2/Semestre1/Ressources/Webdev/Web/TP06/tomcat/webapps/ROOT] has finished in [209] ms
03-Dec-2025 10:17:12.442 INFO [main] org.apache.catalina.startup.HostConfig.deployDirectory Deploying web application directory [/home/infoetu/baptiste.lavogiez.etu/BUT2/Semestre1/Ressources/Webdev/Web/TP06/tomcat/webapps/docs]
03-Dec-2025 10:17:12.493 INFO [main] org.apache.jasper.servlet.TldScanner.scanJars At least one JAR was scanned for TLDs yet contained no TLDs. Enable debug logging for this logger for a complete list of JARs that were scanned but no TLDs were found in them. Skipping unneeded JARs during scanning can improve startup time and JSP compilation time.
03-Dec-2025 10:17:12.494 INFO [main] org.apache.catalina.startup.HostConfig.deployDirectory Deployment of web application directory [/home/infoetu/baptiste.lavogiez.etu/BUT2/Semestre1/Ressources/Webdev/Web/TP06/tomcat/webapps/docs] has finished in [52] ms
03-Dec-2025 10:17:12.494 INFO [main] org.apache.catalina.startup.HostConfig.deployDirectory Deploying web application directory [/home/infoetu/baptiste.lavogiez.etu/BUT2/Semestre1/Ressources/Webdev/Web/TP06/tomcat/webapps/manager]
03-Dec-2025 10:17:12.546 INFO [main] org.apache.jasper.servlet.TldScanner.scanJars At least one JAR was scanned for TLDs yet contained no TLDs. Enable debug logging for this logger for a complete list of JARs that were scanned but no TLDs were found in them. Skipping unneeded JARs during scanning can improve startup time and JSP compilation time.
03-Dec-2025 10:17:12.548 INFO [main] org.apache.catalina.startup.HostConfig.deployDirectory Deployment of web application directory [/home/infoetu/baptiste.lavogiez.etu/BUT2/Semestre1/Ressources/Webdev/Web/TP06/tomcat/webapps/manager] has finished in [54] ms
03-Dec-2025 10:17:12.549 INFO [main] org.apache.catalina.startup.HostConfig.deployDirectory Deploying web application directory [/home/infoetu/baptiste.lavogiez.etu/BUT2/Semestre1/Ressources/Webdev/Web/TP06/tomcat/webapps/host-manager]
03-Dec-2025 10:17:12.596 INFO [main] org.apache.jasper.servlet.TldScanner.scanJars At least one JAR was scanned for TLDs yet contained no TLDs. Enable debug logging for this logger for a complete list of JARs that were scanned but no TLDs were found in them. Skipping unneeded JARs during scanning can improve startup time and JSP compilation time.
03-Dec-2025 10:17:12.597 INFO [main] org.apache.catalina.startup.HostConfig.deployDirectory Deployment of web application directory [/home/infoetu/baptiste.lavogiez.etu/BUT2/Semestre1/Ressources/Webdev/Web/TP06/tomcat/webapps/host-manager] has finished in [48] ms
03-Dec-2025 10:17:12.597 INFO [main] org.apache.catalina.startup.HostConfig.deployDirectory Deploying web application directory [/home/infoetu/baptiste.lavogiez.etu/BUT2/Semestre1/Ressources/Webdev/Web/TP06/tomcat/webapps/vide]
03-Dec-2025 10:17:12.646 INFO [main] org.apache.jasper.servlet.TldScanner.scanJars At least one JAR was scanned for TLDs yet contained no TLDs. Enable debug logging for this logger for a complete list of JARs that were scanned but no TLDs were found in them. Skipping unneeded JARs during scanning can improve startup time and JSP compilation time.
03-Dec-2025 10:17:12.648 INFO [main] org.apache.catalina.startup.HostConfig.deployDirectory Deployment of web application directory [/home/infoetu/baptiste.lavogiez.etu/BUT2/Semestre1/Ressources/Webdev/Web/TP06/tomcat/webapps/vide] has finished in [51] ms
03-Dec-2025 10:17:12.648 INFO [main] org.apache.catalina.startup.HostConfig.deployDirectory Deploying web application directory [/home/infoetu/baptiste.lavogiez.etu/BUT2/Semestre1/Ressources/Webdev/Web/TP06/tomcat/webapps/examples]
03-Dec-2025 10:17:12.785 INFO [main] org.apache.jasper.servlet.TldScanner.scanJars At least one JAR was scanned for TLDs yet contained no TLDs. Enable debug logging for this logger for a complete list of JARs that were scanned but no TLDs were found in them. Skipping unneeded JARs during scanning can improve startup time and JSP compilation time.
03-Dec-2025 10:17:12.802 INFO [main] org.apache.catalina.startup.HostConfig.deployDirectory Deployment of web application directory [/home/infoetu/baptiste.lavogiez.etu/BUT2/Semestre1/Ressources/Webdev/Web/TP06/tomcat/webapps/examples] has finished in [154] ms
03-Dec-2025 10:17:12.804 INFO [main] org.apache.coyote.AbstractProtocol.start Starting ProtocolHandler ["http-nio-8080"]
03-Dec-2025 10:17:12.811 INFO [main] org.apache.catalina.startup.Catalina.start Server startup in [601] milliseconds
03-Dec-2025 10:27:03.175 INFO [Catalina-utility-1] org.apache.catalina.core.StandardContext.reload Reloading Context with name [/vide] has started
03-Dec-2025 10:27:03.241 INFO [Catalina-utility-1] org.apache.jasper.servlet.TldScanner.scanJars At least one JAR was scanned for TLDs yet contained no TLDs. Enable debug logging for this logger for a complete list of JARs that were scanned but no TLDs were found in them. Skipping unneeded JARs during scanning can improve startup time and JSP compilation time.
03-Dec-2025 10:27:03.242 INFO [Catalina-utility-1] org.apache.catalina.core.StandardContext.reload Reloading Context with name [/vide] is completed
03-Dec-2025 10:27:13.255 INFO [Catalina-utility-1] org.apache.catalina.core.StandardContext.reload Reloading Context with name [/vide] has started
03-Dec-2025 10:27:13.310 INFO [Catalina-utility-1] org.apache.jasper.servlet.TldScanner.scanJars At least one JAR was scanned for TLDs yet contained no TLDs. Enable debug logging for this logger for a complete list of JARs that were scanned but no TLDs were found in them. Skipping unneeded JARs during scanning can improve startup time and JSP compilation time.
03-Dec-2025 10:27:13.311 INFO [Catalina-utility-1] org.apache.catalina.core.StandardContext.reload Reloading Context with name [/vide] is completed
03-Dec-2025 10:28:52.702 INFO [Thread-1] org.apache.coyote.AbstractProtocol.pause Pausing ProtocolHandler ["http-nio-8080"]
03-Dec-2025 10:28:52.704 INFO [Thread-1] org.apache.catalina.core.StandardService.stopInternal Stopping service [Catalina]
03-Dec-2025 10:28:52.718 INFO [Thread-1] org.apache.coyote.AbstractProtocol.stop Stopping ProtocolHandler ["http-nio-8080"]
03-Dec-2025 10:28:52.727 INFO [Thread-1] org.apache.coyote.AbstractProtocol.destroy Destroying ProtocolHandler ["http-nio-8080"]
03-Dec-2025 10:28:53.466 INFO [main] org.apache.catalina.startup.VersionLoggerListener.log Server version name:   Apache Tomcat/11.0.13
03-Dec-2025 10:28:53.468 INFO [main] org.apache.catalina.startup.VersionLoggerListener.log Server built:          Oct 10 2025 13:57:31 UTC
03-Dec-2025 10:28:53.469 INFO [main] org.apache.catalina.startup.VersionLoggerListener.log Server version number: 11.0.13.0
03-Dec-2025 10:28:53.469 INFO [main] org.apache.catalina.startup.VersionLoggerListener.log OS Name:               Linux
03-Dec-2025 10:28:53.469 INFO [main] org.apache.catalina.startup.VersionLoggerListener.log OS Version:            6.1.0-40-amd64
03-Dec-2025 10:28:53.469 INFO [main] org.apache.catalina.startup.VersionLoggerListener.log Architecture:          amd64
03-Dec-2025 10:28:53.469 INFO [main] org.apache.catalina.startup.VersionLoggerListener.log Java Home:             /usr/lib/jvm/java-17-openjdk-amd64
03-Dec-2025 10:28:53.469 INFO [main] org.apache.catalina.startup.VersionLoggerListener.log JVM Version:           17.0.17+10-Debian-1deb12u1
03-Dec-2025 10:28:53.469 INFO [main] org.apache.catalina.startup.VersionLoggerListener.log JVM Vendor:            Debian
03-Dec-2025 10:28:53.469 INFO [main] org.apache.catalina.startup.VersionLoggerListener.log CATALINA_BASE:         /home/infoetu/baptiste.lavogiez.etu/BUT2/Semestre1/Ressources/Webdev/Web/TP06/tomcat
03-Dec-2025 10:28:53.469 INFO [main] org.apache.catalina.startup.VersionLoggerListener.log CATALINA_HOME:         /home/infoetu/baptiste.lavogiez.etu/BUT2/Semestre1/Ressources/Webdev/Web/TP06/tomcat
03-Dec-2025 10:28:53.472 INFO [main] org.apache.catalina.startup.VersionLoggerListener.log Command line argument: -Djava.util.logging.config.file=/home/infoetu/baptiste.lavogiez.etu/BUT2/Semestre1/Ressources/Webdev/Web/TP06/tomcat/conf/logging.properties
03-Dec-2025 10:28:53.472 INFO [main] org.apache.catalina.startup.VersionLoggerListener.log Command line argument: -Djava.util.logging.manager=org.apache.juli.ClassLoaderLogManager
03-Dec-2025 10:28:53.473 INFO [main] org.apache.catalina.startup.VersionLoggerListener.log Command line argument: -Djdk.tls.ephemeralDHKeySize=2048
03-Dec-2025 10:28:53.473 INFO [main] org.apache.catalina.startup.VersionLoggerListener.log Command line argument: -Dorg.apache.catalina.security.SecurityListener.UMASK=0027
03-Dec-2025 10:28:53.473 INFO [main] org.apache.catalina.startup.VersionLoggerListener.log Command line argument: --add-opens=java.base/java.lang=ALL-UNNAMED
03-Dec-2025 10:28:53.473 INFO [main] org.apache.catalina.startup.VersionLoggerListener.log Command line argument: --add-opens=java.base/java.lang.reflect=ALL-UNNAMED
03-Dec-2025 10:28:53.473 INFO [main] org.apache.catalina.startup.VersionLoggerListener.log Command line argument: --add-opens=java.base/java.io=ALL-UNNAMED
03-Dec-2025 10:28:53.473 INFO [main] org.apache.catalina.startup.VersionLoggerListener.log Command line argument: --add-opens=java.base/java.util=ALL-UNNAMED
03-Dec-2025 10:28:53.473 INFO [main] org.apache.catalina.startup.VersionLoggerListener.log Command line argument: --add-opens=java.base/java.util.concurrent=ALL-UNNAMED
03-Dec-2025 10:28:53.473 INFO [main] org.apache.catalina.startup.VersionLoggerListener.log Command line argument: --add-opens=java.rmi/sun.rmi.transport=ALL-UNNAMED
03-Dec-2025 10:28:53.473 INFO [main] org.apache.catalina.startup.VersionLoggerListener.log Command line argument: --enable-native-access=ALL-UNNAMED
03-Dec-2025 10:28:53.473 INFO [main] org.apache.catalina.startup.VersionLoggerListener.log Command line argument: -Dcatalina.base=/home/infoetu/baptiste.lavogiez.etu/BUT2/Semestre1/Ressources/Webdev/Web/TP06/tomcat
03-Dec-2025 10:28:53.473 INFO [main] org.apache.catalina.startup.VersionLoggerListener.log Command line argument: -Dcatalina.home=/home/infoetu/baptiste.lavogiez.etu/BUT2/Semestre1/Ressources/Webdev/Web/TP06/tomcat
03-Dec-2025 10:28:53.473 INFO [main] org.apache.catalina.startup.VersionLoggerListener.log Command line argument: -Djava.io.tmpdir=/home/infoetu/baptiste.lavogiez.etu/BUT2/Semestre1/Ressources/Webdev/Web/TP06/tomcat/temp
03-Dec-2025 10:28:53.474 INFO [main] org.apache.catalina.core.AprLifecycleListener.lifecycleEvent The Apache Tomcat Native library which allows using OpenSSL was not found on the java.library.path: [/usr/java/packages/lib:/usr/lib/x86_64-linux-gnu/jni:/lib/x86_64-linux-gnu:/usr/lib/x86_64-linux-gnu:/usr/lib/jni:/lib:/usr/lib]
03-Dec-2025 10:28:53.577 INFO [main] org.apache.coyote.AbstractProtocol.init Initializing ProtocolHandler ["http-nio-8080"]
03-Dec-2025 10:28:53.591 INFO [main] org.apache.catalina.startup.Catalina.load Server initialization in [199] milliseconds
03-Dec-2025 10:28:53.609 INFO [main] org.apache.catalina.core.StandardService.startInternal Starting service [Catalina]
03-Dec-2025 10:28:53.609 INFO [main] org.apache.catalina.core.StandardEngine.startInternal Starting Servlet engine: [Apache Tomcat/11.0.13]
03-Dec-2025 10:28:53.614 INFO [main] org.apache.catalina.startup.HostConfig.deployDirectory Deploying web application directory [/home/infoetu/baptiste.lavogiez.etu/BUT2/Semestre1/Ressources/Webdev/Web/TP06/tomcat/webapps/ROOT]
03-Dec-2025 10:28:53.790 INFO [main] org.apache.jasper.servlet.TldScanner.scanJars At least one JAR was scanned for TLDs yet contained no TLDs. Enable debug logging for this logger for a complete list of JARs that were scanned but no TLDs were found in them. Skipping unneeded JARs during scanning can improve startup time and JSP compilation time.
03-Dec-2025 10:28:53.807 INFO [main] org.apache.catalina.startup.HostConfig.deployDirectory Deployment of web application directory [/home/infoetu/baptiste.lavogiez.etu/BUT2/Semestre1/Ressources/Webdev/Web/TP06/tomcat/webapps/ROOT] has finished in [193] ms
03-Dec-2025 10:28:53.807 INFO [main] org.apache.catalina.startup.HostConfig.deployDirectory Deploying web application directory [/home/infoetu/baptiste.lavogiez.etu/BUT2/Semestre1/Ressources/Webdev/Web/TP06/tomcat/webapps/docs]
03-Dec-2025 10:28:53.864 INFO [main] org.apache.jasper.servlet.TldScanner.scanJars At least one JAR was scanned for TLDs yet contained no TLDs. Enable debug logging for this logger for a complete list of JARs that were scanned but no TLDs were found in them. Skipping unneeded JARs during scanning can improve startup time and JSP compilation time.
03-Dec-2025 10:28:53.865 INFO [main] org.apache.catalina.startup.HostConfig.deployDirectory Deployment of web application directory [/home/infoetu/baptiste.lavogiez.etu/BUT2/Semestre1/Ressources/Webdev/Web/TP06/tomcat/webapps/docs] has finished in [58] ms
03-Dec-2025 10:28:53.866 INFO [main] org.apache.catalina.startup.HostConfig.deployDirectory Deploying web application directory [/home/infoetu/baptiste.lavogiez.etu/BUT2/Semestre1/Ressources/Webdev/Web/TP06/tomcat/webapps/manager]
03-Dec-2025 10:28:53.919 INFO [main] org.apache.jasper.servlet.TldScanner.scanJars At least one JAR was scanned for TLDs yet contained no TLDs. Enable debug logging for this logger for a complete list of JARs that were scanned but no TLDs were found in them. Skipping unneeded JARs during scanning can improve startup time and JSP compilation time.
03-Dec-2025 10:28:53.922 INFO [main] org.apache.catalina.startup.HostConfig.deployDirectory Deployment of web application directory [/home/infoetu/baptiste.lavogiez.etu/BUT2/Semestre1/Ressources/Webdev/Web/TP06/tomcat/webapps/manager] has finished in [57] ms
03-Dec-2025 10:28:53.922 INFO [main] org.apache.catalina.startup.HostConfig.deployDirectory Deploying web application directory [/home/infoetu/baptiste.lavogiez.etu/BUT2/Semestre1/Ressources/Webdev/Web/TP06/tomcat/webapps/host-manager]
03-Dec-2025 10:28:53.976 INFO [main] org.apache.jasper.servlet.TldScanner.scanJars At least one JAR was scanned for TLDs yet contained no TLDs. Enable debug logging for this logger for a complete list of JARs that were scanned but no TLDs were found in them. Skipping unneeded JARs during scanning can improve startup time and JSP compilation time.
03-Dec-2025 10:28:53.977 INFO [main] org.apache.catalina.startup.HostConfig.deployDirectory Deployment of web application directory [/home/infoetu/baptiste.lavogiez.etu/BUT2/Semestre1/Ressources/Webdev/Web/TP06/tomcat/webapps/host-manager] has finished in [55] ms
03-Dec-2025 10:28:53.977 INFO [main] org.apache.catalina.startup.HostConfig.deployDirectory Deploying web application directory [/home/infoetu/baptiste.lavogiez.etu/BUT2/Semestre1/Ressources/Webdev/Web/TP06/tomcat/webapps/vide]
03-Dec-2025 10:28:54.030 INFO [main] org.apache.jasper.servlet.TldScanner.scanJars At least one JAR was scanned for TLDs yet contained no TLDs. Enable debug logging for this logger for a complete list of JARs that were scanned but no TLDs were found in them. Skipping unneeded JARs during scanning can improve startup time and JSP compilation time.
03-Dec-2025 10:28:54.032 INFO [main] org.apache.catalina.startup.HostConfig.deployDirectory Deployment of web application directory [/home/infoetu/baptiste.lavogiez.etu/BUT2/Semestre1/Ressources/Webdev/Web/TP06/tomcat/webapps/vide] has finished in [55] ms
03-Dec-2025 10:28:54.032 INFO [main] org.apache.catalina.startup.HostConfig.deployDirectory Deploying web application directory [/home/infoetu/baptiste.lavogiez.etu/BUT2/Semestre1/Ressources/Webdev/Web/TP06/tomcat/webapps/examples]
03-Dec-2025 10:28:54.236 INFO [main] org.apache.jasper.servlet.TldScanner.scanJars At least one JAR was scanned for TLDs yet contained no TLDs. Enable debug logging for this logger for a complete list of JARs that were scanned but no TLDs were found in them. Skipping unneeded JARs during scanning can improve startup time and JSP compilation time.
03-Dec-2025 10:28:54.250 INFO [main] org.apache.catalina.startup.HostConfig.deployDirectory Deployment of web application directory [/home/infoetu/baptiste.lavogiez.etu/BUT2/Semestre1/Ressources/Webdev/Web/TP06/tomcat/webapps/examples] has finished in [218] ms
03-Dec-2025 10:28:54.252 INFO [main] org.apache.coyote.AbstractProtocol.start Starting ProtocolHandler ["http-nio-8080"]
03-Dec-2025 10:28:54.259 INFO [main] org.apache.catalina.startup.Catalina.start Server startup in [668] milliseconds
03-Dec-2025 10:30:04.299 INFO [Catalina-utility-2] org.apache.catalina.core.StandardContext.reload Reloading Context with name [/vide] has started
03-Dec-2025 10:30:04.368 INFO [Catalina-utility-2] org.apache.jasper.servlet.TldScanner.scanJars At least one JAR was scanned for TLDs yet contained no TLDs. Enable debug logging for this logger for a complete list of JARs that were scanned but no TLDs were found in them. Skipping unneeded JARs during scanning can improve startup time and JSP compilation time.
03-Dec-2025 10:30:04.369 INFO [Catalina-utility-2] org.apache.catalina.core.StandardContext.reload Reloading Context with name [/vide] is completed
03-Dec-2025 10:30:05.194 INFO [Thread-1] org.apache.coyote.AbstractProtocol.pause Pausing ProtocolHandler ["http-nio-8080"]
03-Dec-2025 10:30:05.195 INFO [Thread-1] org.apache.catalina.core.StandardService.stopInternal Stopping service [Catalina]
03-Dec-2025 10:30:05.211 INFO [Thread-1] org.apache.coyote.AbstractProtocol.stop Stopping ProtocolHandler ["http-nio-8080"]
03-Dec-2025 10:30:05.218 INFO [Thread-1] org.apache.coyote.AbstractProtocol.destroy Destroying ProtocolHandler ["http-nio-8080"]
03-Dec-2025 10:30:05.887 INFO [main] org.apache.catalina.startup.VersionLoggerListener.log Server version name:   Apache Tomcat/11.0.13
03-Dec-2025 10:30:05.889 INFO [main] org.apache.catalina.startup.VersionLoggerListener.log Server built:          Oct 10 2025 13:57:31 UTC
03-Dec-2025 10:30:05.889 INFO [main] org.apache.catalina.startup.VersionLoggerListener.log Server version number: 11.0.13.0
03-Dec-2025 10:30:05.889 INFO [main] org.apache.catalina.startup.VersionLoggerListener.log OS Name:               Linux
03-Dec-2025 10:30:05.889 INFO [main] org.apache.catalina.startup.VersionLoggerListener.log OS Version:            6.1.0-40-amd64
03-Dec-2025 10:30:05.889 INFO [main] org.apache.catalina.startup.VersionLoggerListener.log Architecture:          amd64
03-Dec-2025 10:30:05.889 INFO [main] org.apache.catalina.startup.VersionLoggerListener.log Java Home:             /usr/lib/jvm/java-17-openjdk-amd64
03-Dec-2025 10:30:05.889 INFO [main] org.apache.catalina.startup.VersionLoggerListener.log JVM Version:           17.0.17+10-Debian-1deb12u1
03-Dec-2025 10:30:05.889 INFO [main] org.apache.catalina.startup.VersionLoggerListener.log JVM Vendor:            Debian
03-Dec-2025 10:30:05.889 INFO [main] org.apache.catalina.startup.VersionLoggerListener.log CATALINA_BASE:         /home/infoetu/baptiste.lavogiez.etu/BUT2/Semestre1/Ressources/Webdev/Web/TP06/tomcat
03-Dec-2025 10:30:05.889 INFO [main] org.apache.catalina.startup.VersionLoggerListener.log CATALINA_HOME:         /home/infoetu/baptiste.lavogiez.etu/BUT2/Semestre1/Ressources/Webdev/Web/TP06/tomcat
03-Dec-2025 10:30:05.893 INFO [main] org.apache.catalina.startup.VersionLoggerListener.log Command line argument: -Djava.util.logging.config.file=/home/infoetu/baptiste.lavogiez.etu/BUT2/Semestre1/Ressources/Webdev/Web/TP06/tomcat/conf/logging.properties
03-Dec-2025 10:30:05.893 INFO [main] org.apache.catalina.startup.VersionLoggerListener.log Command line argument: -Djava.util.logging.manager=org.apache.juli.ClassLoaderLogManager
03-Dec-2025 10:30:05.893 INFO [main] org.apache.catalina.startup.VersionLoggerListener.log Command line argument: -Djdk.tls.ephemeralDHKeySize=2048
03-Dec-2025 10:30:05.893 INFO [main] org.apache.catalina.startup.VersionLoggerListener.log Command line argument: -Dorg.apache.catalina.security.SecurityListener.UMASK=0027
03-Dec-2025 10:30:05.893 INFO [main] org.apache.catalina.startup.VersionLoggerListener.log Command line argument: --add-opens=java.base/java.lang=ALL-UNNAMED
03-Dec-2025 10:30:05.893 INFO [main] org.apache.catalina.startup.VersionLoggerListener.log Command line argument: --add-opens=java.base/java.lang.reflect=ALL-UNNAMED
03-Dec-2025 10:30:05.893 INFO [main] org.apache.catalina.startup.VersionLoggerListener.log Command line argument: --add-opens=java.base/java.io=ALL-UNNAMED
03-Dec-2025 10:30:05.893 INFO [main] org.apache.catalina.startup.VersionLoggerListener.log Command line argument: --add-opens=java.base/java.util=ALL-UNNAMED
03-Dec-2025 10:30:05.893 INFO [main] org.apache.catalina.startup.VersionLoggerListener.log Command line argument: --add-opens=java.base/java.util.concurrent=ALL-UNNAMED
03-Dec-2025 10:30:05.893 INFO [main] org.apache.catalina.startup.VersionLoggerListener.log Command line argument: --add-opens=java.rmi/sun.rmi.transport=ALL-UNNAMED
03-Dec-2025 10:30:05.893 INFO [main] org.apache.catalina.startup.VersionLoggerListener.log Command line argument: --enable-native-access=ALL-UNNAMED
03-Dec-2025 10:30:05.894 INFO [main] org.apache.catalina.startup.VersionLoggerListener.log Command line argument: -Dcatalina.base=/home/infoetu/baptiste.lavogiez.etu/BUT2/Semestre1/Ressources/Webdev/Web/TP06/tomcat
03-Dec-2025 10:30:05.894 INFO [main] org.apache.catalina.startup.VersionLoggerListener.log Command line argument: -Dcatalina.home=/home/infoetu/baptiste.lavogiez.etu/BUT2/Semestre1/Ressources/Webdev/Web/TP06/tomcat
03-Dec-2025 10:30:05.894 INFO [main] org.apache.catalina.startup.VersionLoggerListener.log Command line argument: -Djava.io.tmpdir=/home/infoetu/baptiste.lavogiez.etu/BUT2/Semestre1/Ressources/Webdev/Web/TP06/tomcat/temp
03-Dec-2025 10:30:05.894 INFO [main] org.apache.catalina.core.AprLifecycleListener.lifecycleEvent The Apache Tomcat Native library which allows using OpenSSL was not found on the java.library.path: [/usr/java/packages/lib:/usr/lib/x86_64-linux-gnu/jni:/lib/x86_64-linux-gnu:/usr/lib/x86_64-linux-gnu:/usr/lib/jni:/lib:/usr/lib]
03-Dec-2025 10:30:05.996 INFO [main] org.apache.coyote.AbstractProtocol.init Initializing ProtocolHandler ["http-nio-8080"]
03-Dec-2025 10:30:06.009 INFO [main] org.apache.catalina.startup.Catalina.load Server initialization in [196] milliseconds
03-Dec-2025 10:30:06.027 INFO [main] org.apache.catalina.core.StandardService.startInternal Starting service [Catalina]
03-Dec-2025 10:30:06.027 INFO [main] org.apache.catalina.core.StandardEngine.startInternal Starting Servlet engine: [Apache Tomcat/11.0.13]
03-Dec-2025 10:30:06.032 INFO [main] org.apache.catalina.startup.HostConfig.deployDirectory Deploying web application directory [/home/infoetu/baptiste.lavogiez.etu/BUT2/Semestre1/Ressources/Webdev/Web/TP06/tomcat/webapps/ROOT]
03-Dec-2025 10:30:06.207 INFO [main] org.apache.jasper.servlet.TldScanner.scanJars At least one JAR was scanned for TLDs yet contained no TLDs. Enable debug logging for this logger for a complete list of JARs that were scanned but no TLDs were found in them. Skipping unneeded JARs during scanning can improve startup time and JSP compilation time.
03-Dec-2025 10:30:06.224 INFO [main] org.apache.catalina.startup.HostConfig.deployDirectory Deployment of web application directory [/home/infoetu/baptiste.lavogiez.etu/BUT2/Semestre1/Ressources/Webdev/Web/TP06/tomcat/webapps/ROOT] has finished in [192] ms
03-Dec-2025 10:30:06.224 INFO [main] org.apache.catalina.startup.HostConfig.deployDirectory Deploying web application directory [/home/infoetu/baptiste.lavogiez.etu/BUT2/Semestre1/Ressources/Webdev/Web/TP06/tomcat/webapps/docs]
03-Dec-2025 10:30:06.283 INFO [main] org.apache.jasper.servlet.TldScanner.scanJars At least one JAR was scanned for TLDs yet contained no TLDs. Enable debug logging for this logger for a complete list of JARs that were scanned but no TLDs were found in them. Skipping unneeded JARs during scanning can improve startup time and JSP compilation time.
03-Dec-2025 10:30:06.284 INFO [main] org.apache.catalina.startup.HostConfig.deployDirectory Deployment of web application directory [/home/infoetu/baptiste.lavogiez.etu/BUT2/Semestre1/Ressources/Webdev/Web/TP06/tomcat/webapps/docs] has finished in [60] ms
03-Dec-2025 10:30:06.284 INFO [main] org.apache.catalina.startup.HostConfig.deployDirectory Deploying web application directory [/home/infoetu/baptiste.lavogiez.etu/BUT2/Semestre1/Ressources/Webdev/Web/TP06/tomcat/webapps/manager]
03-Dec-2025 10:30:06.338 INFO [main] org.apache.jasper.servlet.TldScanner.scanJars At least one JAR was scanned for TLDs yet contained no TLDs. Enable debug logging for this logger for a complete list of JARs that were scanned but no TLDs were found in them. Skipping unneeded JARs during scanning can improve startup time and JSP compilation time.
03-Dec-2025 10:30:06.341 INFO [main] org.apache.catalina.startup.HostConfig.deployDirectory Deployment of web application directory [/home/infoetu/baptiste.lavogiez.etu/BUT2/Semestre1/Ressources/Webdev/Web/TP06/tomcat/webapps/manager] has finished in [57] ms
03-Dec-2025 10:30:06.341 INFO [main] org.apache.catalina.startup.HostConfig.deployDirectory Deploying web application directory [/home/infoetu/baptiste.lavogiez.etu/BUT2/Semestre1/Ressources/Webdev/Web/TP06/tomcat/webapps/host-manager]
03-Dec-2025 10:30:06.390 INFO [main] org.apache.jasper.servlet.TldScanner.scanJars At least one JAR was scanned for TLDs yet contained no TLDs. Enable debug logging for this logger for a complete list of JARs that were scanned but no TLDs were found in them. Skipping unneeded JARs during scanning can improve startup time and JSP compilation time.
03-Dec-2025 10:30:06.391 INFO [main] org.apache.catalina.startup.HostConfig.deployDirectory Deployment of web application directory [/home/infoetu/baptiste.lavogiez.etu/BUT2/Semestre1/Ressources/Webdev/Web/TP06/tomcat/webapps/host-manager] has finished in [50] ms
03-Dec-2025 10:30:06.391 INFO [main] org.apache.catalina.startup.HostConfig.deployDirectory Deploying web application directory [/home/infoetu/baptiste.lavogiez.etu/BUT2/Semestre1/Ressources/Webdev/Web/TP06/tomcat/webapps/vide]
03-Dec-2025 10:30:06.438 INFO [main] org.apache.jasper.servlet.TldScanner.scanJars At least one JAR was scanned for TLDs yet contained no TLDs. Enable debug logging for this logger for a complete list of JARs that were scanned but no TLDs were found in them. Skipping unneeded JARs during scanning can improve startup time and JSP compilation time.
03-Dec-2025 10:30:06.440 INFO [main] org.apache.catalina.startup.HostConfig.deployDirectory Deployment of web application directory [/home/infoetu/baptiste.lavogiez.etu/BUT2/Semestre1/Ressources/Webdev/Web/TP06/tomcat/webapps/vide] has finished in [49] ms
03-Dec-2025 10:30:06.440 INFO [main] org.apache.catalina.startup.HostConfig.deployDirectory Deploying web application directory [/home/infoetu/baptiste.lavogiez.etu/BUT2/Semestre1/Ressources/Webdev/Web/TP06/tomcat/webapps/examples]
03-Dec-2025 10:30:06.642 INFO [main] org.apache.jasper.servlet.TldScanner.scanJars At least one JAR was scanned for TLDs yet contained no TLDs. Enable debug logging for this logger for a complete list of JARs that were scanned but no TLDs were found in them. Skipping unneeded JARs during scanning can improve startup time and JSP compilation time.
03-Dec-2025 10:30:06.655 INFO [main] org.apache.catalina.startup.HostConfig.deployDirectory Deployment of web application directory [/home/infoetu/baptiste.lavogiez.etu/BUT2/Semestre1/Ressources/Webdev/Web/TP06/tomcat/webapps/examples] has finished in [215] ms
03-Dec-2025 10:30:06.657 INFO [main] org.apache.coyote.AbstractProtocol.start Starting ProtocolHandler ["http-nio-8080"]
03-Dec-2025 10:30:06.664 INFO [main] org.apache.catalina.startup.Catalina.start Server startup in [654] milliseconds
03-Dec-2025 10:30:56.692 INFO [Catalina-utility-2] org.apache.catalina.core.StandardContext.reload Reloading Context with name [/vide] has started
03-Dec-2025 10:30:56.753 INFO [Catalina-utility-2] org.apache.jasper.servlet.TldScanner.scanJars At least one JAR was scanned for TLDs yet contained no TLDs. Enable debug logging for this logger for a complete list of JARs that were scanned but no TLDs were found in them. Skipping unneeded JARs during scanning can improve startup time and JSP compilation time.
03-Dec-2025 10:30:56.754 INFO [Catalina-utility-2] org.apache.catalina.core.StandardContext.reload Reloading Context with name [/vide] is completed
03-Dec-2025 10:31:42.108 INFO [Thread-1] org.apache.coyote.AbstractProtocol.pause Pausing ProtocolHandler ["http-nio-8080"]
03-Dec-2025 10:31:42.110 INFO [Thread-1] org.apache.catalina.core.StandardService.stopInternal Stopping service [Catalina]
03-Dec-2025 10:31:42.130 INFO [Thread-1] org.apache.coyote.AbstractProtocol.stop Stopping ProtocolHandler ["http-nio-8080"]
03-Dec-2025 10:31:42.134 INFO [Thread-1] org.apache.coyote.AbstractProtocol.destroy Destroying ProtocolHandler ["http-nio-8080"]
03-Dec-2025 10:31:43.374 INFO [main] org.apache.catalina.startup.VersionLoggerListener.log Server version name:   Apache Tomcat/11.0.13
03-Dec-2025 10:31:43.376 INFO [main] org.apache.catalina.startup.VersionLoggerListener.log Server built:          Oct 10 2025 13:57:31 UTC
03-Dec-2025 10:31:43.376 INFO [main] org.apache.catalina.startup.VersionLoggerListener.log Server version number: 11.0.13.0
03-Dec-2025 10:31:43.376 INFO [main] org.apache.catalina.startup.VersionLoggerListener.log OS Name:               Linux
03-Dec-2025 10:31:43.376 INFO [main] org.apache.catalina.startup.VersionLoggerListener.log OS Version:            6.1.0-40-amd64
03-Dec-2025 10:31:43.376 INFO [main] org.apache.catalina.startup.VersionLoggerListener.log Architecture:          amd64
03-Dec-2025 10:31:43.376 INFO [main] org.apache.catalina.startup.VersionLoggerListener.log Java Home:             /usr/lib/jvm/java-17-openjdk-amd64
03-Dec-2025 10:31:43.376 INFO [main] org.apache.catalina.startup.VersionLoggerListener.log JVM Version:           17.0.17+10-Debian-1deb12u1
03-Dec-2025 10:31:43.376 INFO [main] org.apache.catalina.startup.VersionLoggerListener.log JVM Vendor:            Debian
03-Dec-2025 10:31:43.376 INFO [main] org.apache.catalina.startup.VersionLoggerListener.log CATALINA_BASE:         /home/infoetu/baptiste.lavogiez.etu/BUT2/Semestre1/Ressources/Webdev/Web/TP06/tomcat
03-Dec-2025 10:31:43.376 INFO [main] org.apache.catalina.startup.VersionLoggerListener.log CATALINA_HOME:         /home/infoetu/baptiste.lavogiez.etu/BUT2/Semestre1/Ressources/Webdev/Web/TP06/tomcat
03-Dec-2025 10:31:43.380 INFO [main] org.apache.catalina.startup.VersionLoggerListener.log Command line argument: -Djava.util.logging.config.file=/home/infoetu/baptiste.lavogiez.etu/BUT2/Semestre1/Ressources/Webdev/Web/TP06/tomcat/conf/logging.properties
03-Dec-2025 10:31:43.380 INFO [main] org.apache.catalina.startup.VersionLoggerListener.log Command line argument: -Djava.util.logging.manager=org.apache.juli.ClassLoaderLogManager
03-Dec-2025 10:31:43.380 INFO [main] org.apache.catalina.startup.VersionLoggerListener.log Command line argument: -Djdk.tls.ephemeralDHKeySize=2048
03-Dec-2025 10:31:43.380 INFO [main] org.apache.catalina.startup.VersionLoggerListener.log Command line argument: -Dorg.apache.catalina.security.SecurityListener.UMASK=0027
03-Dec-2025 10:31:43.380 INFO [main] org.apache.catalina.startup.VersionLoggerListener.log Command line argument: --add-opens=java.base/java.lang=ALL-UNNAMED
03-Dec-2025 10:31:43.380 INFO [main] org.apache.catalina.startup.VersionLoggerListener.log Command line argument: --add-opens=java.base/java.lang.reflect=ALL-UNNAMED
03-Dec-2025 10:31:43.380 INFO [main] org.apache.catalina.startup.VersionLoggerListener.log Command line argument: --add-opens=java.base/java.io=ALL-UNNAMED
03-Dec-2025 10:31:43.380 INFO [main] org.apache.catalina.startup.VersionLoggerListener.log Command line argument: --add-opens=java.base/java.util=ALL-UNNAMED
03-Dec-2025 10:31:43.380 INFO [main] org.apache.catalina.startup.VersionLoggerListener.log Command line argument: --add-opens=java.base/java.util.concurrent=ALL-UNNAMED
03-Dec-2025 10:31:43.380 INFO [main] org.apache.catalina.startup.VersionLoggerListener.log Command line argument: --add-opens=java.rmi/sun.rmi.transport=ALL-UNNAMED
03-Dec-2025 10:31:43.380 INFO [main] org.apache.catalina.startup.VersionLoggerListener.log Command line argument: --enable-native-access=ALL-UNNAMED
03-Dec-2025 10:31:43.381 INFO [main] org.apache.catalina.startup.VersionLoggerListener.log Command line argument: -Dcatalina.base=/home/infoetu/baptiste.lavogiez.etu/BUT2/Semestre1/Ressources/Webdev/Web/TP06/tomcat
03-Dec-2025 10:31:43.381 INFO [main] org.apache.catalina.startup.VersionLoggerListener.log Command line argument: -Dcatalina.home=/home/infoetu/baptiste.lavogiez.etu/BUT2/Semestre1/Ressources/Webdev/Web/TP06/tomcat
03-Dec-2025 10:31:43.381 INFO [main] org.apache.catalina.startup.VersionLoggerListener.log Command line argument: -Djava.io.tmpdir=/home/infoetu/baptiste.lavogiez.etu/BUT2/Semestre1/Ressources/Webdev/Web/TP06/tomcat/temp
03-Dec-2025 10:31:43.381 INFO [main] org.apache.catalina.core.AprLifecycleListener.lifecycleEvent The Apache Tomcat Native library which allows using OpenSSL was not found on the java.library.path: [/usr/java/packages/lib:/usr/lib/x86_64-linux-gnu/jni:/lib/x86_64-linux-gnu:/usr/lib/x86_64-linux-gnu:/usr/lib/jni:/lib:/usr/lib]
03-Dec-2025 10:31:43.491 INFO [main] org.apache.coyote.AbstractProtocol.init Initializing ProtocolHandler ["http-nio-8080"]
03-Dec-2025 10:31:43.500 INFO [main] org.apache.catalina.startup.Catalina.load Server initialization in [202] milliseconds
03-Dec-2025 10:31:43.518 INFO [main] org.apache.catalina.core.StandardService.startInternal Starting service [Catalina]
03-Dec-2025 10:31:43.518 INFO [main] org.apache.catalina.core.StandardEngine.startInternal Starting Servlet engine: [Apache Tomcat/11.0.13]
03-Dec-2025 10:31:43.522 INFO [main] org.apache.catalina.startup.HostConfig.deployDirectory Deploying web application directory [/home/infoetu/baptiste.lavogiez.etu/BUT2/Semestre1/Ressources/Webdev/Web/TP06/tomcat/webapps/ROOT]
03-Dec-2025 10:31:43.696 INFO [main] org.apache.jasper.servlet.TldScanner.scanJars At least one JAR was scanned for TLDs yet contained no TLDs. Enable debug logging for this logger for a complete list of JARs that were scanned but no TLDs were found in them. Skipping unneeded JARs during scanning can improve startup time and JSP compilation time.
03-Dec-2025 10:31:43.714 INFO [main] org.apache.catalina.startup.HostConfig.deployDirectory Deployment of web application directory [/home/infoetu/baptiste.lavogiez.etu/BUT2/Semestre1/Ressources/Webdev/Web/TP06/tomcat/webapps/ROOT] has finished in [191] ms
03-Dec-2025 10:31:43.714 INFO [main] org.apache.catalina.startup.HostConfig.deployDirectory Deploying web application directory [/home/infoetu/baptiste.lavogiez.etu/BUT2/Semestre1/Ressources/Webdev/Web/TP06/tomcat/webapps/docs]
03-Dec-2025 10:31:43.768 INFO [main] org.apache.jasper.servlet.TldScanner.scanJars At least one JAR was scanned for TLDs yet contained no TLDs. Enable debug logging for this logger for a complete list of JARs that were scanned but no TLDs were found in them. Skipping unneeded JARs during scanning can improve startup time and JSP compilation time.
03-Dec-2025 10:31:43.769 INFO [main] org.apache.catalina.startup.HostConfig.deployDirectory Deployment of web application directory [/home/infoetu/baptiste.lavogiez.etu/BUT2/Semestre1/Ressources/Webdev/Web/TP06/tomcat/webapps/docs] has finished in [55] ms
03-Dec-2025 10:31:43.769 INFO [main] org.apache.catalina.startup.HostConfig.deployDirectory Deploying web application directory [/home/infoetu/baptiste.lavogiez.etu/BUT2/Semestre1/Ressources/Webdev/Web/TP06/tomcat/webapps/manager]
03-Dec-2025 10:31:43.824 INFO [main] org.apache.jasper.servlet.TldScanner.scanJars At least one JAR was scanned for TLDs yet contained no TLDs. Enable debug logging for this logger for a complete list of JARs that were scanned but no TLDs were found in them. Skipping unneeded JARs during scanning can improve startup time and JSP compilation time.
03-Dec-2025 10:31:43.827 INFO [main] org.apache.catalina.startup.HostConfig.deployDirectory Deployment of web application directory [/home/infoetu/baptiste.lavogiez.etu/BUT2/Semestre1/Ressources/Webdev/Web/TP06/tomcat/webapps/manager] has finished in [58] ms
03-Dec-2025 10:31:43.827 INFO [main] org.apache.catalina.startup.HostConfig.deployDirectory Deploying web application directory [/home/infoetu/baptiste.lavogiez.etu/BUT2/Semestre1/Ressources/Webdev/Web/TP06/tomcat/webapps/host-manager]
03-Dec-2025 10:31:43.876 INFO [main] org.apache.jasper.servlet.TldScanner.scanJars At least one JAR was scanned for TLDs yet contained no TLDs. Enable debug logging for this logger for a complete list of JARs that were scanned but no TLDs were found in them. Skipping unneeded JARs during scanning can improve startup time and JSP compilation time.
03-Dec-2025 10:31:43.877 INFO [main] org.apache.catalina.startup.HostConfig.deployDirectory Deployment of web application directory [/home/infoetu/baptiste.lavogiez.etu/BUT2/Semestre1/Ressources/Webdev/Web/TP06/tomcat/webapps/host-manager] has finished in [50] ms
03-Dec-2025 10:31:43.877 INFO [main] org.apache.catalina.startup.HostConfig.deployDirectory Deploying web application directory [/home/infoetu/baptiste.lavogiez.etu/BUT2/Semestre1/Ressources/Webdev/Web/TP06/tomcat/webapps/vide]
03-Dec-2025 10:31:43.928 INFO [main] org.apache.jasper.servlet.TldScanner.scanJars At least one JAR was scanned for TLDs yet contained no TLDs. Enable debug logging for this logger for a complete list of JARs that were scanned but no TLDs were found in them. Skipping unneeded JARs during scanning can improve startup time and JSP compilation time.
03-Dec-2025 10:31:43.930 INFO [main] org.apache.catalina.startup.HostConfig.deployDirectory Deployment of web application directory [/home/infoetu/baptiste.lavogiez.etu/BUT2/Semestre1/Ressources/Webdev/Web/TP06/tomcat/webapps/vide] has finished in [53] ms
03-Dec-2025 10:31:43.930 INFO [main] org.apache.catalina.startup.HostConfig.deployDirectory Deploying web application directory [/home/infoetu/baptiste.lavogiez.etu/BUT2/Semestre1/Ressources/Webdev/Web/TP06/tomcat/webapps/examples]
03-Dec-2025 10:31:44.142 INFO [main] org.apache.jasper.servlet.TldScanner.scanJars At least one JAR was scanned for TLDs yet contained no TLDs. Enable debug logging for this logger for a complete list of JARs that were scanned but no TLDs were found in them. Skipping unneeded JARs during scanning can improve startup time and JSP compilation time.
03-Dec-2025 10:31:44.156 INFO [main] org.apache.catalina.startup.HostConfig.deployDirectory Deployment of web application directory [/home/infoetu/baptiste.lavogiez.etu/BUT2/Semestre1/Ressources/Webdev/Web/TP06/tomcat/webapps/examples] has finished in [226] ms
03-Dec-2025 10:31:44.158 INFO [main] org.apache.coyote.AbstractProtocol.start Starting ProtocolHandler ["http-nio-8080"]
03-Dec-2025 10:31:44.164 INFO [main] org.apache.catalina.startup.Catalina.start Server startup in [664] milliseconds
03-Dec-2025 10:33:30.944 INFO [Thread-1] org.apache.coyote.AbstractProtocol.pause Pausing ProtocolHandler ["http-nio-8080"]
03-Dec-2025 10:33:30.946 INFO [Thread-1] org.apache.catalina.core.StandardService.stopInternal Stopping service [Catalina]
03-Dec-2025 10:33:30.966 INFO [Thread-1] org.apache.coyote.AbstractProtocol.stop Stopping ProtocolHandler ["http-nio-8080"]
03-Dec-2025 10:33:30.969 INFO [Thread-1] org.apache.coyote.AbstractProtocol.destroy Destroying ProtocolHandler ["http-nio-8080"]
03-Dec-2025 10:33:31.744 INFO [main] org.apache.catalina.startup.VersionLoggerListener.log Server version name:   Apache Tomcat/11.0.13
03-Dec-2025 10:33:31.746 INFO [main] org.apache.catalina.startup.VersionLoggerListener.log Server built:          Oct 10 2025 13:57:31 UTC
03-Dec-2025 10:33:31.746 INFO [main] org.apache.catalina.startup.VersionLoggerListener.log Server version number: 11.0.13.0
03-Dec-2025 10:33:31.746 INFO [main] org.apache.catalina.startup.VersionLoggerListener.log OS Name:               Linux
03-Dec-2025 10:33:31.746 INFO [main] org.apache.catalina.startup.VersionLoggerListener.log OS Version:            6.1.0-40-amd64
03-Dec-2025 10:33:31.746 INFO [main] org.apache.catalina.startup.VersionLoggerListener.log Architecture:          amd64
03-Dec-2025 10:33:31.746 INFO [main] org.apache.catalina.startup.VersionLoggerListener.log Java Home:             /usr/lib/jvm/java-17-openjdk-amd64
03-Dec-2025 10:33:31.746 INFO [main] org.apache.catalina.startup.VersionLoggerListener.log JVM Version:           17.0.17+10-Debian-1deb12u1
03-Dec-2025 10:33:31.746 INFO [main] org.apache.catalina.startup.VersionLoggerListener.log JVM Vendor:            Debian
03-Dec-2025 10:33:31.746 INFO [main] org.apache.catalina.startup.VersionLoggerListener.log CATALINA_BASE:         /home/infoetu/baptiste.lavogiez.etu/BUT2/Semestre1/Ressources/Webdev/Web/TP06/tomcat
03-Dec-2025 10:33:31.746 INFO [main] org.apache.catalina.startup.VersionLoggerListener.log CATALINA_HOME:         /home/infoetu/baptiste.lavogiez.etu/BUT2/Semestre1/Ressources/Webdev/Web/TP06/tomcat
03-Dec-2025 10:33:31.750 INFO [main] org.apache.catalina.startup.VersionLoggerListener.log Command line argument: -Djava.util.logging.config.file=/home/infoetu/baptiste.lavogiez.etu/BUT2/Semestre1/Ressources/Webdev/Web/TP06/tomcat/conf/logging.properties
03-Dec-2025 10:33:31.750 INFO [main] org.apache.catalina.startup.VersionLoggerListener.log Command line argument: -Djava.util.logging.manager=org.apache.juli.ClassLoaderLogManager
03-Dec-2025 10:33:31.750 INFO [main] org.apache.catalina.startup.VersionLoggerListener.log Command line argument: -Djdk.tls.ephemeralDHKeySize=2048
03-Dec-2025 10:33:31.750 INFO [main] org.apache.catalina.startup.VersionLoggerListener.log Command line argument: -Dorg.apache.catalina.security.SecurityListener.UMASK=0027
03-Dec-2025 10:33:31.750 INFO [main] org.apache.catalina.startup.VersionLoggerListener.log Command line argument: --add-opens=java.base/java.lang=ALL-UNNAMED
03-Dec-2025 10:33:31.750 INFO [main] org.apache.catalina.startup.VersionLoggerListener.log Command line argument: --add-opens=java.base/java.lang.reflect=ALL-UNNAMED
03-Dec-2025 10:33:31.750 INFO [main] org.apache.catalina.startup.VersionLoggerListener.log Command line argument: --add-opens=java.base/java.io=ALL-UNNAMED
03-Dec-2025 10:33:31.750 INFO [main] org.apache.catalina.startup.VersionLoggerListener.log Command line argument: --add-opens=java.base/java.util=ALL-UNNAMED
03-Dec-2025 10:33:31.750 INFO [main] org.apache.catalina.startup.VersionLoggerListener.log Command line argument: --add-opens=java.base/java.util.concurrent=ALL-UNNAMED
03-Dec-2025 10:33:31.750 INFO [main] org.apache.catalina.startup.VersionLoggerListener.log Command line argument: --add-opens=java.rmi/sun.rmi.transport=ALL-UNNAMED
03-Dec-2025 10:33:31.750 INFO [main] org.apache.catalina.startup.VersionLoggerListener.log Command line argument: --enable-native-access=ALL-UNNAMED
03-Dec-2025 10:33:31.750 INFO [main] org.apache.catalina.startup.VersionLoggerListener.log Command line argument: -Dcatalina.base=/home/infoetu/baptiste.lavogiez.etu/BUT2/Semestre1/Ressources/Webdev/Web/TP06/tomcat
03-Dec-2025 10:33:31.750 INFO [main] org.apache.catalina.startup.VersionLoggerListener.log Command line argument: -Dcatalina.home=/home/infoetu/baptiste.lavogiez.etu/BUT2/Semestre1/Ressources/Webdev/Web/TP06/tomcat
03-Dec-2025 10:33:31.750 INFO [main] org.apache.catalina.startup.VersionLoggerListener.log Command line argument: -Djava.io.tmpdir=/home/infoetu/baptiste.lavogiez.etu/BUT2/Semestre1/Ressources/Webdev/Web/TP06/tomcat/temp
03-Dec-2025 10:33:31.751 INFO [main] org.apache.catalina.core.AprLifecycleListener.lifecycleEvent The Apache Tomcat Native library which allows using OpenSSL was not found on the java.library.path: [/usr/java/packages/lib:/usr/lib/x86_64-linux-gnu/jni:/lib/x86_64-linux-gnu:/usr/lib/x86_64-linux-gnu:/usr/lib/jni:/lib:/usr/lib]
03-Dec-2025 10:33:31.852 INFO [main] org.apache.coyote.AbstractProtocol.init Initializing ProtocolHandler ["http-nio-8080"]
03-Dec-2025 10:33:31.866 INFO [main] org.apache.catalina.startup.Catalina.load Server initialization in [197] milliseconds
03-Dec-2025 10:33:31.885 INFO [main] org.apache.catalina.core.StandardService.startInternal Starting service [Catalina]
03-Dec-2025 10:33:31.885 INFO [main] org.apache.catalina.core.StandardEngine.startInternal Starting Servlet engine: [Apache Tomcat/11.0.13]
03-Dec-2025 10:33:31.890 INFO [main] org.apache.catalina.startup.HostConfig.deployDirectory Deploying web application directory [/home/infoetu/baptiste.lavogiez.etu/BUT2/Semestre1/Ressources/Webdev/Web/TP06/tomcat/webapps/ROOT]
03-Dec-2025 10:33:32.066 INFO [main] org.apache.jasper.servlet.TldScanner.scanJars At least one JAR was scanned for TLDs yet contained no TLDs. Enable debug logging for this logger for a complete list of JARs that were scanned but no TLDs were found in them. Skipping unneeded JARs during scanning can improve startup time and JSP compilation time.
03-Dec-2025 10:33:32.083 INFO [main] org.apache.catalina.startup.HostConfig.deployDirectory Deployment of web application directory [/home/infoetu/baptiste.lavogiez.etu/BUT2/Semestre1/Ressources/Webdev/Web/TP06/tomcat/webapps/ROOT] has finished in [193] ms
03-Dec-2025 10:33:32.084 INFO [main] org.apache.catalina.startup.HostConfig.deployDirectory Deploying web application directory [/home/infoetu/baptiste.lavogiez.etu/BUT2/Semestre1/Ressources/Webdev/Web/TP06/tomcat/webapps/docs]
03-Dec-2025 10:33:32.140 INFO [main] org.apache.jasper.servlet.TldScanner.scanJars At least one JAR was scanned for TLDs yet contained no TLDs. Enable debug logging for this logger for a complete list of JARs that were scanned but no TLDs were found in them. Skipping unneeded JARs during scanning can improve startup time and JSP compilation time.
03-Dec-2025 10:33:32.141 INFO [main] org.apache.catalina.startup.HostConfig.deployDirectory Deployment of web application directory [/home/infoetu/baptiste.lavogiez.etu/BUT2/Semestre1/Ressources/Webdev/Web/TP06/tomcat/webapps/docs] has finished in [58] ms
03-Dec-2025 10:33:32.141 INFO [main] org.apache.catalina.startup.HostConfig.deployDirectory Deploying web application directory [/home/infoetu/baptiste.lavogiez.etu/BUT2/Semestre1/Ressources/Webdev/Web/TP06/tomcat/webapps/manager]
03-Dec-2025 10:33:32.196 INFO [main] org.apache.jasper.servlet.TldScanner.scanJars At least one JAR was scanned for TLDs yet contained no TLDs. Enable debug logging for this logger for a complete list of JARs that were scanned but no TLDs were found in them. Skipping unneeded JARs during scanning can improve startup time and JSP compilation time.
03-Dec-2025 10:33:32.199 INFO [main] org.apache.catalina.startup.HostConfig.deployDirectory Deployment of web application directory [/home/infoetu/baptiste.lavogiez.etu/BUT2/Semestre1/Ressources/Webdev/Web/TP06/tomcat/webapps/manager] has finished in [58] ms
03-Dec-2025 10:33:32.199 INFO [main] org.apache.catalina.startup.HostConfig.deployDirectory Deploying web application directory [/home/infoetu/baptiste.lavogiez.etu/BUT2/Semestre1/Ressources/Webdev/Web/TP06/tomcat/webapps/host-manager]
03-Dec-2025 10:33:32.249 INFO [main] org.apache.jasper.servlet.TldScanner.scanJars At least one JAR was scanned for TLDs yet contained no TLDs. Enable debug logging for this logger for a complete list of JARs that were scanned but no TLDs were found in them. Skipping unneeded JARs during scanning can improve startup time and JSP compilation time.
03-Dec-2025 10:33:32.250 INFO [main] org.apache.catalina.startup.HostConfig.deployDirectory Deployment of web application directory [/home/infoetu/baptiste.lavogiez.etu/BUT2/Semestre1/Ressources/Webdev/Web/TP06/tomcat/webapps/host-manager] has finished in [51] ms
03-Dec-2025 10:33:32.250 INFO [main] org.apache.catalina.startup.HostConfig.deployDirectory Deploying web application directory [/home/infoetu/baptiste.lavogiez.etu/BUT2/Semestre1/Ressources/Webdev/Web/TP06/tomcat/webapps/vide]
03-Dec-2025 10:33:32.300 INFO [main] org.apache.jasper.servlet.TldScanner.scanJars At least one JAR was scanned for TLDs yet contained no TLDs. Enable debug logging for this logger for a complete list of JARs that were scanned but no TLDs were found in them. Skipping unneeded JARs during scanning can improve startup time and JSP compilation time.
03-Dec-2025 10:33:32.302 INFO [main] org.apache.catalina.startup.HostConfig.deployDirectory Deployment of web application directory [/home/infoetu/baptiste.lavogiez.etu/BUT2/Semestre1/Ressources/Webdev/Web/TP06/tomcat/webapps/vide] has finished in [52] ms
03-Dec-2025 10:33:32.302 INFO [main] org.apache.catalina.startup.HostConfig.deployDirectory Deploying web application directory [/home/infoetu/baptiste.lavogiez.etu/BUT2/Semestre1/Ressources/Webdev/Web/TP06/tomcat/webapps/examples]
03-Dec-2025 10:33:32.521 INFO [main] org.apache.jasper.servlet.TldScanner.scanJars At least one JAR was scanned for TLDs yet contained no TLDs. Enable debug logging for this logger for a complete list of JARs that were scanned but no TLDs were found in them. Skipping unneeded JARs during scanning can improve startup time and JSP compilation time.
03-Dec-2025 10:33:32.540 INFO [main] org.apache.catalina.startup.HostConfig.deployDirectory Deployment of web application directory [/home/infoetu/baptiste.lavogiez.etu/BUT2/Semestre1/Ressources/Webdev/Web/TP06/tomcat/webapps/examples] has finished in [238] ms
03-Dec-2025 10:33:32.543 INFO [main] org.apache.coyote.AbstractProtocol.start Starting ProtocolHandler ["http-nio-8080"]
03-Dec-2025 10:33:32.551 INFO [main] org.apache.catalina.startup.Catalina.start Server startup in [684] milliseconds
03-Dec-2025 10:34:46.938 INFO [Thread-1] org.apache.coyote.AbstractProtocol.pause Pausing ProtocolHandler ["http-nio-8080"]
03-Dec-2025 10:34:46.940 INFO [Thread-1] org.apache.catalina.core.StandardService.stopInternal Stopping service [Catalina]
03-Dec-2025 10:34:46.963 INFO [Thread-1] org.apache.coyote.AbstractProtocol.stop Stopping ProtocolHandler ["http-nio-8080"]
03-Dec-2025 10:34:46.973 INFO [Thread-1] org.apache.coyote.AbstractProtocol.destroy Destroying ProtocolHandler ["http-nio-8080"]
03-Dec-2025 10:34:47.693 INFO [main] org.apache.catalina.startup.VersionLoggerListener.log Server version name:   Apache Tomcat/11.0.13
03-Dec-2025 10:34:47.695 INFO [main] org.apache.catalina.startup.VersionLoggerListener.log Server built:          Oct 10 2025 13:57:31 UTC
03-Dec-2025 10:34:47.695 INFO [main] org.apache.catalina.startup.VersionLoggerListener.log Server version number: 11.0.13.0
03-Dec-2025 10:34:47.695 INFO [main] org.apache.catalina.startup.VersionLoggerListener.log OS Name:               Linux
03-Dec-2025 10:34:47.695 INFO [main] org.apache.catalina.startup.VersionLoggerListener.log OS Version:            6.1.0-40-amd64
03-Dec-2025 10:34:47.695 INFO [main] org.apache.catalina.startup.VersionLoggerListener.log Architecture:          amd64
03-Dec-2025 10:34:47.695 INFO [main] org.apache.catalina.startup.VersionLoggerListener.log Java Home:             /usr/lib/jvm/java-17-openjdk-amd64
03-Dec-2025 10:34:47.696 INFO [main] org.apache.catalina.startup.VersionLoggerListener.log JVM Version:           17.0.17+10-Debian-1deb12u1
03-Dec-2025 10:34:47.696 INFO [main] org.apache.catalina.startup.VersionLoggerListener.log JVM Vendor:            Debian
03-Dec-2025 10:34:47.696 INFO [main] org.apache.catalina.startup.VersionLoggerListener.log CATALINA_BASE:         /home/infoetu/baptiste.lavogiez.etu/BUT2/Semestre1/Ressources/Webdev/Web/TP06/tomcat
03-Dec-2025 10:34:47.696 INFO [main] org.apache.catalina.startup.VersionLoggerListener.log CATALINA_HOME:         /home/infoetu/baptiste.lavogiez.etu/BUT2/Semestre1/Ressources/Webdev/Web/TP06/tomcat
03-Dec-2025 10:34:47.699 INFO [main] org.apache.catalina.startup.VersionLoggerListener.log Command line argument: -Djava.util.logging.config.file=/home/infoetu/baptiste.lavogiez.etu/BUT2/Semestre1/Ressources/Webdev/Web/TP06/tomcat/conf/logging.properties
03-Dec-2025 10:34:47.699 INFO [main] org.apache.catalina.startup.VersionLoggerListener.log Command line argument: -Djava.util.logging.manager=org.apache.juli.ClassLoaderLogManager
03-Dec-2025 10:34:47.699 INFO [main] org.apache.catalina.startup.VersionLoggerListener.log Command line argument: -Djdk.tls.ephemeralDHKeySize=2048
03-Dec-2025 10:34:47.699 INFO [main] org.apache.catalina.startup.VersionLoggerListener.log Command line argument: -Dorg.apache.catalina.security.SecurityListener.UMASK=0027
03-Dec-2025 10:34:47.699 INFO [main] org.apache.catalina.startup.VersionLoggerListener.log Command line argument: --add-opens=java.base/java.lang=ALL-UNNAMED
03-Dec-2025 10:34:47.699 INFO [main] org.apache.catalina.startup.VersionLoggerListener.log Command line argument: --add-opens=java.base/java.lang.reflect=ALL-UNNAMED
03-Dec-2025 10:34:47.699 INFO [main] org.apache.catalina.startup.VersionLoggerListener.log Command line argument: --add-opens=java.base/java.io=ALL-UNNAMED
03-Dec-2025 10:34:47.699 INFO [main] org.apache.catalina.startup.VersionLoggerListener.log Command line argument: --add-opens=java.base/java.util=ALL-UNNAMED
03-Dec-2025 10:34:47.700 INFO [main] org.apache.catalina.startup.VersionLoggerListener.log Command line argument: --add-opens=java.base/java.util.concurrent=ALL-UNNAMED
03-Dec-2025 10:34:47.700 INFO [main] org.apache.catalina.startup.VersionLoggerListener.log Command line argument: --add-opens=java.rmi/sun.rmi.transport=ALL-UNNAMED
03-Dec-2025 10:34:47.700 INFO [main] org.apache.catalina.startup.VersionLoggerListener.log Command line argument: --enable-native-access=ALL-UNNAMED
03-Dec-2025 10:34:47.700 INFO [main] org.apache.catalina.startup.VersionLoggerListener.log Command line argument: -Dcatalina.base=/home/infoetu/baptiste.lavogiez.etu/BUT2/Semestre1/Ressources/Webdev/Web/TP06/tomcat
03-Dec-2025 10:34:47.700 INFO [main] org.apache.catalina.startup.VersionLoggerListener.log Command line argument: -Dcatalina.home=/home/infoetu/baptiste.lavogiez.etu/BUT2/Semestre1/Ressources/Webdev/Web/TP06/tomcat
03-Dec-2025 10:34:47.700 INFO [main] org.apache.catalina.startup.VersionLoggerListener.log Command line argument: -Djava.io.tmpdir=/home/infoetu/baptiste.lavogiez.etu/BUT2/Semestre1/Ressources/Webdev/Web/TP06/tomcat/temp
03-Dec-2025 10:34:47.700 INFO [main] org.apache.catalina.core.AprLifecycleListener.lifecycleEvent The Apache Tomcat Native library which allows using OpenSSL was not found on the java.library.path: [/usr/java/packages/lib:/usr/lib/x86_64-linux-gnu/jni:/lib/x86_64-linux-gnu:/usr/lib/x86_64-linux-gnu:/usr/lib/jni:/lib:/usr/lib]
03-Dec-2025 10:34:47.805 INFO [main] org.apache.coyote.AbstractProtocol.init Initializing ProtocolHandler ["http-nio-8080"]
03-Dec-2025 10:34:47.818 INFO [main] org.apache.catalina.startup.Catalina.load Server initialization in [199] milliseconds
03-Dec-2025 10:34:47.836 INFO [main] org.apache.catalina.core.StandardService.startInternal Starting service [Catalina]
03-Dec-2025 10:34:47.837 INFO [main] org.apache.catalina.core.StandardEngine.startInternal Starting Servlet engine: [Apache Tomcat/11.0.13]
03-Dec-2025 10:34:47.841 INFO [main] org.apache.catalina.startup.HostConfig.deployDirectory Deploying web application directory [/home/infoetu/baptiste.lavogiez.etu/BUT2/Semestre1/Ressources/Webdev/Web/TP06/tomcat/webapps/ROOT]
03-Dec-2025 10:34:48.028 INFO [main] org.apache.jasper.servlet.TldScanner.scanJars At least one JAR was scanned for TLDs yet contained no TLDs. Enable debug logging for this logger for a complete list of JARs that were scanned but no TLDs were found in them. Skipping unneeded JARs during scanning can improve startup time and JSP compilation time.
03-Dec-2025 10:34:48.047 INFO [main] org.apache.catalina.startup.HostConfig.deployDirectory Deployment of web application directory [/home/infoetu/baptiste.lavogiez.etu/BUT2/Semestre1/Ressources/Webdev/Web/TP06/tomcat/webapps/ROOT] has finished in [205] ms
03-Dec-2025 10:34:48.047 INFO [main] org.apache.catalina.startup.HostConfig.deployDirectory Deploying web application directory [/home/infoetu/baptiste.lavogiez.etu/BUT2/Semestre1/Ressources/Webdev/Web/TP06/tomcat/webapps/docs]
03-Dec-2025 10:34:48.101 INFO [main] org.apache.jasper.servlet.TldScanner.scanJars At least one JAR was scanned for TLDs yet contained no TLDs. Enable debug logging for this logger for a complete list of JARs that were scanned but no TLDs were found in them. Skipping unneeded JARs during scanning can improve startup time and JSP compilation time.
03-Dec-2025 10:34:48.102 INFO [main] org.apache.catalina.startup.HostConfig.deployDirectory Deployment of web application directory [/home/infoetu/baptiste.lavogiez.etu/BUT2/Semestre1/Ressources/Webdev/Web/TP06/tomcat/webapps/docs] has finished in [54] ms
03-Dec-2025 10:34:48.102 INFO [main] org.apache.catalina.startup.HostConfig.deployDirectory Deploying web application directory [/home/infoetu/baptiste.lavogiez.etu/BUT2/Semestre1/Ressources/Webdev/Web/TP06/tomcat/webapps/manager]
03-Dec-2025 10:34:48.156 INFO [main] org.apache.jasper.servlet.TldScanner.scanJars At least one JAR was scanned for TLDs yet contained no TLDs. Enable debug logging for this logger for a complete list of JARs that were scanned but no TLDs were found in them. Skipping unneeded JARs during scanning can improve startup time and JSP compilation time.
03-Dec-2025 10:34:48.158 INFO [main] org.apache.catalina.startup.HostConfig.deployDirectory Deployment of web application directory [/home/infoetu/baptiste.lavogiez.etu/BUT2/Semestre1/Ressources/Webdev/Web/TP06/tomcat/webapps/manager] has finished in [56] ms
03-Dec-2025 10:34:48.158 INFO [main] org.apache.catalina.startup.HostConfig.deployDirectory Deploying web application directory [/home/infoetu/baptiste.lavogiez.etu/BUT2/Semestre1/Ressources/Webdev/Web/TP06/tomcat/webapps/host-manager]
03-Dec-2025 10:34:48.209 INFO [main] org.apache.jasper.servlet.TldScanner.scanJars At least one JAR was scanned for TLDs yet contained no TLDs. Enable debug logging for this logger for a complete list of JARs that were scanned but no TLDs were found in them. Skipping unneeded JARs during scanning can improve startup time and JSP compilation time.
03-Dec-2025 10:34:48.210 INFO [main] org.apache.catalina.startup.HostConfig.deployDirectory Deployment of web application directory [/home/infoetu/baptiste.lavogiez.etu/BUT2/Semestre1/Ressources/Webdev/Web/TP06/tomcat/webapps/host-manager] has finished in [51] ms
03-Dec-2025 10:34:48.210 INFO [main] org.apache.catalina.startup.HostConfig.deployDirectory Deploying web application directory [/home/infoetu/baptiste.lavogiez.etu/BUT2/Semestre1/Ressources/Webdev/Web/TP06/tomcat/webapps/vide]
03-Dec-2025 10:34:48.261 INFO [main] org.apache.jasper.servlet.TldScanner.scanJars At least one JAR was scanned for TLDs yet contained no TLDs. Enable debug logging for this logger for a complete list of JARs that were scanned but no TLDs were found in them. Skipping unneeded JARs during scanning can improve startup time and JSP compilation time.
03-Dec-2025 10:34:48.263 INFO [main] org.apache.catalina.startup.HostConfig.deployDirectory Deployment of web application directory [/home/infoetu/baptiste.lavogiez.etu/BUT2/Semestre1/Ressources/Webdev/Web/TP06/tomcat/webapps/vide] has finished in [53] ms
03-Dec-2025 10:34:48.263 INFO [main] org.apache.catalina.startup.HostConfig.deployDirectory Deploying web application directory [/home/infoetu/baptiste.lavogiez.etu/BUT2/Semestre1/Ressources/Webdev/Web/TP06/tomcat/webapps/examples]
03-Dec-2025 10:34:48.492 INFO [main] org.apache.jasper.servlet.TldScanner.scanJars At least one JAR was scanned for TLDs yet contained no TLDs. Enable debug logging for this logger for a complete list of JARs that were scanned but no TLDs were found in them. Skipping unneeded JARs during scanning can improve startup time and JSP compilation time.
03-Dec-2025 10:34:48.506 INFO [main] org.apache.catalina.startup.HostConfig.deployDirectory Deployment of web application directory [/home/infoetu/baptiste.lavogiez.etu/BUT2/Semestre1/Ressources/Webdev/Web/TP06/tomcat/webapps/examples] has finished in [243] ms
03-Dec-2025 10:34:48.508 INFO [main] org.apache.coyote.AbstractProtocol.start Starting ProtocolHandler ["http-nio-8080"]
03-Dec-2025 10:34:48.515 INFO [main] org.apache.catalina.startup.Catalina.start Server startup in [696] milliseconds
03-Dec-2025 10:35:27.884 INFO [Thread-1] org.apache.coyote.AbstractProtocol.pause Pausing ProtocolHandler ["http-nio-8080"]
03-Dec-2025 10:35:27.886 INFO [Thread-1] org.apache.catalina.core.StandardService.stopInternal Stopping service [Catalina]
03-Dec-2025 10:35:27.905 INFO [Thread-1] org.apache.coyote.AbstractProtocol.stop Stopping ProtocolHandler ["http-nio-8080"]
03-Dec-2025 10:35:27.909 INFO [Thread-1] org.apache.coyote.AbstractProtocol.destroy Destroying ProtocolHandler ["http-nio-8080"]
03-Dec-2025 10:35:28.692 INFO [main] org.apache.catalina.startup.VersionLoggerListener.log Server version name:   Apache Tomcat/11.0.13
03-Dec-2025 10:35:28.695 INFO [main] org.apache.catalina.startup.VersionLoggerListener.log Server built:          Oct 10 2025 13:57:31 UTC
03-Dec-2025 10:35:28.695 INFO [main] org.apache.catalina.startup.VersionLoggerListener.log Server version number: 11.0.13.0
03-Dec-2025 10:35:28.695 INFO [main] org.apache.catalina.startup.VersionLoggerListener.log OS Name:               Linux
03-Dec-2025 10:35:28.695 INFO [main] org.apache.catalina.startup.VersionLoggerListener.log OS Version:            6.1.0-40-amd64
03-Dec-2025 10:35:28.695 INFO [main] org.apache.catalina.startup.VersionLoggerListener.log Architecture:          amd64
03-Dec-2025 10:35:28.695 INFO [main] org.apache.catalina.startup.VersionLoggerListener.log Java Home:             /usr/lib/jvm/java-17-openjdk-amd64
03-Dec-2025 10:35:28.695 INFO [main] org.apache.catalina.startup.VersionLoggerListener.log JVM Version:           17.0.17+10-Debian-1deb12u1
03-Dec-2025 10:35:28.695 INFO [main] org.apache.catalina.startup.VersionLoggerListener.log JVM Vendor:            Debian
03-Dec-2025 10:35:28.695 INFO [main] org.apache.catalina.startup.VersionLoggerListener.log CATALINA_BASE:         /home/infoetu/baptiste.lavogiez.etu/BUT2/Semestre1/Ressources/Webdev/Web/TP06/tomcat
03-Dec-2025 10:35:28.695 INFO [main] org.apache.catalina.startup.VersionLoggerListener.log CATALINA_HOME:         /home/infoetu/baptiste.lavogiez.etu/BUT2/Semestre1/Ressources/Webdev/Web/TP06/tomcat
03-Dec-2025 10:35:28.698 INFO [main] org.apache.catalina.startup.VersionLoggerListener.log Command line argument: -Djava.util.logging.config.file=/home/infoetu/baptiste.lavogiez.etu/BUT2/Semestre1/Ressources/Webdev/Web/TP06/tomcat/conf/logging.properties
03-Dec-2025 10:35:28.699 INFO [main] org.apache.catalina.startup.VersionLoggerListener.log Command line argument: -Djava.util.logging.manager=org.apache.juli.ClassLoaderLogManager
03-Dec-2025 10:35:28.699 INFO [main] org.apache.catalina.startup.VersionLoggerListener.log Command line argument: -Djdk.tls.ephemeralDHKeySize=2048
03-Dec-2025 10:35:28.699 INFO [main] org.apache.catalina.startup.VersionLoggerListener.log Command line argument: -Dorg.apache.catalina.security.SecurityListener.UMASK=0027
03-Dec-2025 10:35:28.699 INFO [main] org.apache.catalina.startup.VersionLoggerListener.log Command line argument: --add-opens=java.base/java.lang=ALL-UNNAMED
03-Dec-2025 10:35:28.699 INFO [main] org.apache.catalina.startup.VersionLoggerListener.log Command line argument: --add-opens=java.base/java.lang.reflect=ALL-UNNAMED
03-Dec-2025 10:35:28.699 INFO [main] org.apache.catalina.startup.VersionLoggerListener.log Command line argument: --add-opens=java.base/java.io=ALL-UNNAMED
03-Dec-2025 10:35:28.699 INFO [main] org.apache.catalina.startup.VersionLoggerListener.log Command line argument: --add-opens=java.base/java.util=ALL-UNNAMED
03-Dec-2025 10:35:28.699 INFO [main] org.apache.catalina.startup.VersionLoggerListener.log Command line argument: --add-opens=java.base/java.util.concurrent=ALL-UNNAMED
03-Dec-2025 10:35:28.699 INFO [main] org.apache.catalina.startup.VersionLoggerListener.log Command line argument: --add-opens=java.rmi/sun.rmi.transport=ALL-UNNAMED
03-Dec-2025 10:35:28.699 INFO [main] org.apache.catalina.startup.VersionLoggerListener.log Command line argument: --enable-native-access=ALL-UNNAMED
03-Dec-2025 10:35:28.699 INFO [main] org.apache.catalina.startup.VersionLoggerListener.log Command line argument: -Dcatalina.base=/home/infoetu/baptiste.lavogiez.etu/BUT2/Semestre1/Ressources/Webdev/Web/TP06/tomcat
03-Dec-2025 10:35:28.699 INFO [main] org.apache.catalina.startup.VersionLoggerListener.log Command line argument: -Dcatalina.home=/home/infoetu/baptiste.lavogiez.etu/BUT2/Semestre1/Ressources/Webdev/Web/TP06/tomcat
03-Dec-2025 10:35:28.699 INFO [main] org.apache.catalina.startup.VersionLoggerListener.log Command line argument: -Djava.io.tmpdir=/home/infoetu/baptiste.lavogiez.etu/BUT2/Semestre1/Ressources/Webdev/Web/TP06/tomcat/temp
03-Dec-2025 10:35:28.700 INFO [main] org.apache.catalina.core.AprLifecycleListener.lifecycleEvent The Apache Tomcat Native library which allows using OpenSSL was not found on the java.library.path: [/usr/java/packages/lib:/usr/lib/x86_64-linux-gnu/jni:/lib/x86_64-linux-gnu:/usr/lib/x86_64-linux-gnu:/usr/lib/jni:/lib:/usr/lib]
03-Dec-2025 10:35:28.803 INFO [main] org.apache.coyote.AbstractProtocol.init Initializing ProtocolHandler ["http-nio-8080"]
03-Dec-2025 10:35:28.817 INFO [main] org.apache.catalina.startup.Catalina.load Server initialization in [199] milliseconds
03-Dec-2025 10:35:28.835 INFO [main] org.apache.catalina.core.StandardService.startInternal Starting service [Catalina]
03-Dec-2025 10:35:28.836 INFO [main] org.apache.catalina.core.StandardEngine.startInternal Starting Servlet engine: [Apache Tomcat/11.0.13]
03-Dec-2025 10:35:28.841 INFO [main] org.apache.catalina.startup.HostConfig.deployDirectory Deploying web application directory [/home/infoetu/baptiste.lavogiez.etu/BUT2/Semestre1/Ressources/Webdev/Web/TP06/tomcat/webapps/ROOT]
03-Dec-2025 10:35:29.016 INFO [main] org.apache.jasper.servlet.TldScanner.scanJars At least one JAR was scanned for TLDs yet contained no TLDs. Enable debug logging for this logger for a complete list of JARs that were scanned but no TLDs were found in them. Skipping unneeded JARs during scanning can improve startup time and JSP compilation time.
03-Dec-2025 10:35:29.034 INFO [main] org.apache.catalina.startup.HostConfig.deployDirectory Deployment of web application directory [/home/infoetu/baptiste.lavogiez.etu/BUT2/Semestre1/Ressources/Webdev/Web/TP06/tomcat/webapps/ROOT] has finished in [192] ms
03-Dec-2025 10:35:29.034 INFO [main] org.apache.catalina.startup.HostConfig.deployDirectory Deploying web application directory [/home/infoetu/baptiste.lavogiez.etu/BUT2/Semestre1/Ressources/Webdev/Web/TP06/tomcat/webapps/docs]
03-Dec-2025 10:35:29.093 INFO [main] org.apache.jasper.servlet.TldScanner.scanJars At least one JAR was scanned for TLDs yet contained no TLDs. Enable debug logging for this logger for a complete list of JARs that were scanned but no TLDs were found in them. Skipping unneeded JARs during scanning can improve startup time and JSP compilation time.
03-Dec-2025 10:35:29.094 INFO [main] org.apache.catalina.startup.HostConfig.deployDirectory Deployment of web application directory [/home/infoetu/baptiste.lavogiez.etu/BUT2/Semestre1/Ressources/Webdev/Web/TP06/tomcat/webapps/docs] has finished in [60] ms
03-Dec-2025 10:35:29.094 INFO [main] org.apache.catalina.startup.HostConfig.deployDirectory Deploying web application directory [/home/infoetu/baptiste.lavogiez.etu/BUT2/Semestre1/Ressources/Webdev/Web/TP06/tomcat/webapps/manager]
03-Dec-2025 10:35:29.147 INFO [main] org.apache.jasper.servlet.TldScanner.scanJars At least one JAR was scanned for TLDs yet contained no TLDs. Enable debug logging for this logger for a complete list of JARs that were scanned but no TLDs were found in them. Skipping unneeded JARs during scanning can improve startup time and JSP compilation time.
03-Dec-2025 10:35:29.151 INFO [main] org.apache.catalina.startup.HostConfig.deployDirectory Deployment of web application directory [/home/infoetu/baptiste.lavogiez.etu/BUT2/Semestre1/Ressources/Webdev/Web/TP06/tomcat/webapps/manager] has finished in [57] ms
03-Dec-2025 10:35:29.151 INFO [main] org.apache.catalina.startup.HostConfig.deployDirectory Deploying web application directory [/home/infoetu/baptiste.lavogiez.etu/BUT2/Semestre1/Ressources/Webdev/Web/TP06/tomcat/webapps/host-manager]
03-Dec-2025 10:35:29.201 INFO [main] org.apache.jasper.servlet.TldScanner.scanJars At least one JAR was scanned for TLDs yet contained no TLDs. Enable debug logging for this logger for a complete list of JARs that were scanned but no TLDs were found in them. Skipping unneeded JARs during scanning can improve startup time and JSP compilation time.
03-Dec-2025 10:35:29.202 INFO [main] org.apache.catalina.startup.HostConfig.deployDirectory Deployment of web application directory [/home/infoetu/baptiste.lavogiez.etu/BUT2/Semestre1/Ressources/Webdev/Web/TP06/tomcat/webapps/host-manager] has finished in [51] ms
03-Dec-2025 10:35:29.202 INFO [main] org.apache.catalina.startup.HostConfig.deployDirectory Deploying web application directory [/home/infoetu/baptiste.lavogiez.etu/BUT2/Semestre1/Ressources/Webdev/Web/TP06/tomcat/webapps/vide]
03-Dec-2025 10:35:29.250 INFO [main] org.apache.jasper.servlet.TldScanner.scanJars At least one JAR was scanned for TLDs yet contained no TLDs. Enable debug logging for this logger for a complete list of JARs that were scanned but no TLDs were found in them. Skipping unneeded JARs during scanning can improve startup time and JSP compilation time.
03-Dec-2025 10:35:29.252 INFO [main] org.apache.catalina.startup.HostConfig.deployDirectory Deployment of web application directory [/home/infoetu/baptiste.lavogiez.etu/BUT2/Semestre1/Ressources/Webdev/Web/TP06/tomcat/webapps/vide] has finished in [50] ms
03-Dec-2025 10:35:29.252 INFO [main] org.apache.catalina.startup.HostConfig.deployDirectory Deploying web application directory [/home/infoetu/baptiste.lavogiez.etu/BUT2/Semestre1/Ressources/Webdev/Web/TP06/tomcat/webapps/examples]
03-Dec-2025 10:35:29.401 INFO [main] org.apache.jasper.servlet.TldScanner.scanJars At least one JAR was scanned for TLDs yet contained no TLDs. Enable debug logging for this logger for a complete list of JARs that were scanned but no TLDs were found in them. Skipping unneeded JARs during scanning can improve startup time and JSP compilation time.
03-Dec-2025 10:35:29.417 INFO [main] org.apache.catalina.startup.HostConfig.deployDirectory Deployment of web application directory [/home/infoetu/baptiste.lavogiez.etu/BUT2/Semestre1/Ressources/Webdev/Web/TP06/tomcat/webapps/examples] has finished in [164] ms
03-Dec-2025 10:35:29.419 INFO [main] org.apache.coyote.AbstractProtocol.start Starting ProtocolHandler ["http-nio-8080"]
03-Dec-2025 10:35:29.425 INFO [main] org.apache.catalina.startup.Catalina.start Server startup in [608] milliseconds
03-Dec-2025 10:36:18.885 INFO [Thread-1] org.apache.coyote.AbstractProtocol.pause Pausing ProtocolHandler ["http-nio-8080"]
03-Dec-2025 10:36:18.886 INFO [Thread-1] org.apache.catalina.core.StandardService.stopInternal Stopping service [Catalina]
03-Dec-2025 10:36:18.903 INFO [Thread-1] org.apache.coyote.AbstractProtocol.stop Stopping ProtocolHandler ["http-nio-8080"]
03-Dec-2025 10:36:18.910 INFO [Thread-1] org.apache.coyote.AbstractProtocol.destroy Destroying ProtocolHandler ["http-nio-8080"]
03-Dec-2025 10:36:20.116 INFO [main] org.apache.catalina.startup.VersionLoggerListener.log Server version name:   Apache Tomcat/11.0.13
03-Dec-2025 10:36:20.118 INFO [main] org.apache.catalina.startup.VersionLoggerListener.log Server built:          Oct 10 2025 13:57:31 UTC
03-Dec-2025 10:36:20.118 INFO [main] org.apache.catalina.startup.VersionLoggerListener.log Server version number: 11.0.13.0
03-Dec-2025 10:36:20.118 INFO [main] org.apache.catalina.startup.VersionLoggerListener.log OS Name:               Linux
03-Dec-2025 10:36:20.118 INFO [main] org.apache.catalina.startup.VersionLoggerListener.log OS Version:            6.1.0-40-amd64
03-Dec-2025 10:36:20.118 INFO [main] org.apache.catalina.startup.VersionLoggerListener.log Architecture:          amd64
03-Dec-2025 10:36:20.118 INFO [main] org.apache.catalina.startup.VersionLoggerListener.log Java Home:             /usr/lib/jvm/java-17-openjdk-amd64
03-Dec-2025 10:36:20.118 INFO [main] org.apache.catalina.startup.VersionLoggerListener.log JVM Version:           17.0.17+10-Debian-1deb12u1
03-Dec-2025 10:36:20.118 INFO [main] org.apache.catalina.startup.VersionLoggerListener.log JVM Vendor:            Debian
03-Dec-2025 10:36:20.119 INFO [main] org.apache.catalina.startup.VersionLoggerListener.log CATALINA_BASE:         /home/infoetu/baptiste.lavogiez.etu/BUT2/Semestre1/Ressources/Webdev/Web/TP06/tomcat
03-Dec-2025 10:36:20.119 INFO [main] org.apache.catalina.startup.VersionLoggerListener.log CATALINA_HOME:         /home/infoetu/baptiste.lavogiez.etu/BUT2/Semestre1/Ressources/Webdev/Web/TP06/tomcat
03-Dec-2025 10:36:20.122 INFO [main] org.apache.catalina.startup.VersionLoggerListener.log Command line argument: -Djava.util.logging.config.file=/home/infoetu/baptiste.lavogiez.etu/BUT2/Semestre1/Ressources/Webdev/Web/TP06/tomcat/conf/logging.properties
03-Dec-2025 10:36:20.122 INFO [main] org.apache.catalina.startup.VersionLoggerListener.log Command line argument: -Djava.util.logging.manager=org.apache.juli.ClassLoaderLogManager
03-Dec-2025 10:36:20.122 INFO [main] org.apache.catalina.startup.VersionLoggerListener.log Command line argument: -Djdk.tls.ephemeralDHKeySize=2048
03-Dec-2025 10:36:20.122 INFO [main] org.apache.catalina.startup.VersionLoggerListener.log Command line argument: -Dorg.apache.catalina.security.SecurityListener.UMASK=0027
03-Dec-2025 10:36:20.122 INFO [main] org.apache.catalina.startup.VersionLoggerListener.log Command line argument: --add-opens=java.base/java.lang=ALL-UNNAMED
03-Dec-2025 10:36:20.122 INFO [main] org.apache.catalina.startup.VersionLoggerListener.log Command line argument: --add-opens=java.base/java.lang.reflect=ALL-UNNAMED
03-Dec-2025 10:36:20.122 INFO [main] org.apache.catalina.startup.VersionLoggerListener.log Command line argument: --add-opens=java.base/java.io=ALL-UNNAMED
03-Dec-2025 10:36:20.122 INFO [main] org.apache.catalina.startup.VersionLoggerListener.log Command line argument: --add-opens=java.base/java.util=ALL-UNNAMED
03-Dec-2025 10:36:20.122 INFO [main] org.apache.catalina.startup.VersionLoggerListener.log Command line argument: --add-opens=java.base/java.util.concurrent=ALL-UNNAMED
03-Dec-2025 10:36:20.123 INFO [main] org.apache.catalina.startup.VersionLoggerListener.log Command line argument: --add-opens=java.rmi/sun.rmi.transport=ALL-UNNAMED
03-Dec-2025 10:36:20.123 INFO [main] org.apache.catalina.startup.VersionLoggerListener.log Command line argument: --enable-native-access=ALL-UNNAMED
03-Dec-2025 10:36:20.123 INFO [main] org.apache.catalina.startup.VersionLoggerListener.log Command line argument: -Dcatalina.base=/home/infoetu/baptiste.lavogiez.etu/BUT2/Semestre1/Ressources/Webdev/Web/TP06/tomcat
03-Dec-2025 10:36:20.123 INFO [main] org.apache.catalina.startup.VersionLoggerListener.log Command line argument: -Dcatalina.home=/home/infoetu/baptiste.lavogiez.etu/BUT2/Semestre1/Ressources/Webdev/Web/TP06/tomcat
03-Dec-2025 10:36:20.123 INFO [main] org.apache.catalina.startup.VersionLoggerListener.log Command line argument: -Djava.io.tmpdir=/home/infoetu/baptiste.lavogiez.etu/BUT2/Semestre1/Ressources/Webdev/Web/TP06/tomcat/temp
03-Dec-2025 10:36:20.123 INFO [main] org.apache.catalina.core.AprLifecycleListener.lifecycleEvent The Apache Tomcat Native library which allows using OpenSSL was not found on the java.library.path: [/usr/java/packages/lib:/usr/lib/x86_64-linux-gnu/jni:/lib/x86_64-linux-gnu:/usr/lib/x86_64-linux-gnu:/usr/lib/jni:/lib:/usr/lib]
03-Dec-2025 10:36:20.225 INFO [main] org.apache.coyote.AbstractProtocol.init Initializing ProtocolHandler ["http-nio-8080"]
03-Dec-2025 10:36:20.238 INFO [main] org.apache.catalina.startup.Catalina.load Server initialization in [196] milliseconds
03-Dec-2025 10:36:20.256 INFO [main] org.apache.catalina.core.StandardService.startInternal Starting service [Catalina]
03-Dec-2025 10:36:20.257 INFO [main] org.apache.catalina.core.StandardEngine.startInternal Starting Servlet engine: [Apache Tomcat/11.0.13]
03-Dec-2025 10:36:20.261 INFO [main] org.apache.catalina.startup.HostConfig.deployDirectory Deploying web application directory [/home/infoetu/baptiste.lavogiez.etu/BUT2/Semestre1/Ressources/Webdev/Web/TP06/tomcat/webapps/ROOT]
03-Dec-2025 10:36:20.436 INFO [main] org.apache.jasper.servlet.TldScanner.scanJars At least one JAR was scanned for TLDs yet contained no TLDs. Enable debug logging for this logger for a complete list of JARs that were scanned but no TLDs were found in them. Skipping unneeded JARs during scanning can improve startup time and JSP compilation time.
03-Dec-2025 10:36:20.454 INFO [main] org.apache.catalina.startup.HostConfig.deployDirectory Deployment of web application directory [/home/infoetu/baptiste.lavogiez.etu/BUT2/Semestre1/Ressources/Webdev/Web/TP06/tomcat/webapps/ROOT] has finished in [192] ms
03-Dec-2025 10:36:20.454 INFO [main] org.apache.catalina.startup.HostConfig.deployDirectory Deploying web application directory [/home/infoetu/baptiste.lavogiez.etu/BUT2/Semestre1/Ressources/Webdev/Web/TP06/tomcat/webapps/docs]
03-Dec-2025 10:36:20.507 INFO [main] org.apache.jasper.servlet.TldScanner.scanJars At least one JAR was scanned for TLDs yet contained no TLDs. Enable debug logging for this logger for a complete list of JARs that were scanned but no TLDs were found in them. Skipping unneeded JARs during scanning can improve startup time and JSP compilation time.
03-Dec-2025 10:36:20.508 INFO [main] org.apache.catalina.startup.HostConfig.deployDirectory Deployment of web application directory [/home/infoetu/baptiste.lavogiez.etu/BUT2/Semestre1/Ressources/Webdev/Web/TP06/tomcat/webapps/docs] has finished in [54] ms
03-Dec-2025 10:36:20.508 INFO [main] org.apache.catalina.startup.HostConfig.deployDirectory Deploying web application directory [/home/infoetu/baptiste.lavogiez.etu/BUT2/Semestre1/Ressources/Webdev/Web/TP06/tomcat/webapps/manager]
03-Dec-2025 10:36:20.562 INFO [main] org.apache.jasper.servlet.TldScanner.scanJars At least one JAR was scanned for TLDs yet contained no TLDs. Enable debug logging for this logger for a complete list of JARs that were scanned but no TLDs were found in them. Skipping unneeded JARs during scanning can improve startup time and JSP compilation time.
03-Dec-2025 10:36:20.565 INFO [main] org.apache.catalina.startup.HostConfig.deployDirectory Deployment of web application directory [/home/infoetu/baptiste.lavogiez.etu/BUT2/Semestre1/Ressources/Webdev/Web/TP06/tomcat/webapps/manager] has finished in [57] ms
03-Dec-2025 10:36:20.565 INFO [main] org.apache.catalina.startup.HostConfig.deployDirectory Deploying web application directory [/home/infoetu/baptiste.lavogiez.etu/BUT2/Semestre1/Ressources/Webdev/Web/TP06/tomcat/webapps/host-manager]
03-Dec-2025 10:36:20.615 INFO [main] org.apache.jasper.servlet.TldScanner.scanJars At least one JAR was scanned for TLDs yet contained no TLDs. Enable debug logging for this logger for a complete list of JARs that were scanned but no TLDs were found in them. Skipping unneeded JARs during scanning can improve startup time and JSP compilation time.
03-Dec-2025 10:36:20.616 INFO [main] org.apache.catalina.startup.HostConfig.deployDirectory Deployment of web application directory [/home/infoetu/baptiste.lavogiez.etu/BUT2/Semestre1/Ressources/Webdev/Web/TP06/tomcat/webapps/host-manager] has finished in [51] ms
03-Dec-2025 10:36:20.616 INFO [main] org.apache.catalina.startup.HostConfig.deployDirectory Deploying web application directory [/home/infoetu/baptiste.lavogiez.etu/BUT2/Semestre1/Ressources/Webdev/Web/TP06/tomcat/webapps/vide]
03-Dec-2025 10:36:20.666 INFO [main] org.apache.jasper.servlet.TldScanner.scanJars At least one JAR was scanned for TLDs yet contained no TLDs. Enable debug logging for this logger for a complete list of JARs that were scanned but no TLDs were found in them. Skipping unneeded JARs during scanning can improve startup time and JSP compilation time.
03-Dec-2025 10:36:20.668 INFO [main] org.apache.catalina.startup.HostConfig.deployDirectory Deployment of web application directory [/home/infoetu/baptiste.lavogiez.etu/BUT2/Semestre1/Ressources/Webdev/Web/TP06/tomcat/webapps/vide] has finished in [52] ms
03-Dec-2025 10:36:20.668 INFO [main] org.apache.catalina.startup.HostConfig.deployDirectory Deploying web application directory [/home/infoetu/baptiste.lavogiez.etu/BUT2/Semestre1/Ressources/Webdev/Web/TP06/tomcat/webapps/examples]
03-Dec-2025 10:36:20.828 INFO [main] org.apache.jasper.servlet.TldScanner.scanJars At least one JAR was scanned for TLDs yet contained no TLDs. Enable debug logging for this logger for a complete list of JARs that were scanned but no TLDs were found in them. Skipping unneeded JARs during scanning can improve startup time and JSP compilation time.
03-Dec-2025 10:36:20.844 INFO [main] org.apache.catalina.startup.HostConfig.deployDirectory Deployment of web application directory [/home/infoetu/baptiste.lavogiez.etu/BUT2/Semestre1/Ressources/Webdev/Web/TP06/tomcat/webapps/examples] has finished in [176] ms
03-Dec-2025 10:36:20.846 INFO [main] org.apache.coyote.AbstractProtocol.start Starting ProtocolHandler ["http-nio-8080"]
03-Dec-2025 10:36:20.853 INFO [main] org.apache.catalina.startup.Catalina.start Server startup in [613] milliseconds
03-Dec-2025 10:36:38.302 INFO [Thread-1] org.apache.coyote.AbstractProtocol.pause Pausing ProtocolHandler ["http-nio-8080"]
03-Dec-2025 10:36:38.303 INFO [Thread-1] org.apache.catalina.core.StandardService.stopInternal Stopping service [Catalina]
03-Dec-2025 10:36:38.334 INFO [Thread-1] org.apache.coyote.AbstractProtocol.stop Stopping ProtocolHandler ["http-nio-8080"]
03-Dec-2025 10:36:38.339 INFO [Thread-1] org.apache.coyote.AbstractProtocol.destroy Destroying ProtocolHandler ["http-nio-8080"]
03-Dec-2025 10:36:39.278 INFO [main] org.apache.catalina.startup.VersionLoggerListener.log Server version name:   Apache Tomcat/11.0.13
03-Dec-2025 10:36:39.280 INFO [main] org.apache.catalina.startup.VersionLoggerListener.log Server built:          Oct 10 2025 13:57:31 UTC
03-Dec-2025 10:36:39.280 INFO [main] org.apache.catalina.startup.VersionLoggerListener.log Server version number: 11.0.13.0
03-Dec-2025 10:36:39.280 INFO [main] org.apache.catalina.startup.VersionLoggerListener.log OS Name:               Linux
03-Dec-2025 10:36:39.280 INFO [main] org.apache.catalina.startup.VersionLoggerListener.log OS Version:            6.1.0-40-amd64
03-Dec-2025 10:36:39.280 INFO [main] org.apache.catalina.startup.VersionLoggerListener.log Architecture:          amd64
03-Dec-2025 10:36:39.280 INFO [main] org.apache.catalina.startup.VersionLoggerListener.log Java Home:             /usr/lib/jvm/java-17-openjdk-amd64
03-Dec-2025 10:36:39.280 INFO [main] org.apache.catalina.startup.VersionLoggerListener.log JVM Version:           17.0.17+10-Debian-1deb12u1
03-Dec-2025 10:36:39.280 INFO [main] org.apache.catalina.startup.VersionLoggerListener.log JVM Vendor:            Debian
03-Dec-2025 10:36:39.280 INFO [main] org.apache.catalina.startup.VersionLoggerListener.log CATALINA_BASE:         /home/infoetu/baptiste.lavogiez.etu/BUT2/Semestre1/Ressources/Webdev/Web/TP06/tomcat
03-Dec-2025 10:36:39.280 INFO [main] org.apache.catalina.startup.VersionLoggerListener.log CATALINA_HOME:         /home/infoetu/baptiste.lavogiez.etu/BUT2/Semestre1/Ressources/Webdev/Web/TP06/tomcat
03-Dec-2025 10:36:39.284 INFO [main] org.apache.catalina.startup.VersionLoggerListener.log Command line argument: -Djava.util.logging.config.file=/home/infoetu/baptiste.lavogiez.etu/BUT2/Semestre1/Ressources/Webdev/Web/TP06/tomcat/conf/logging.properties
03-Dec-2025 10:36:39.284 INFO [main] org.apache.catalina.startup.VersionLoggerListener.log Command line argument: -Djava.util.logging.manager=org.apache.juli.ClassLoaderLogManager
03-Dec-2025 10:36:39.284 INFO [main] org.apache.catalina.startup.VersionLoggerListener.log Command line argument: -Djdk.tls.ephemeralDHKeySize=2048
03-Dec-2025 10:36:39.284 INFO [main] org.apache.catalina.startup.VersionLoggerListener.log Command line argument: -Dorg.apache.catalina.security.SecurityListener.UMASK=0027
03-Dec-2025 10:36:39.284 INFO [main] org.apache.catalina.startup.VersionLoggerListener.log Command line argument: --add-opens=java.base/java.lang=ALL-UNNAMED
03-Dec-2025 10:36:39.284 INFO [main] org.apache.catalina.startup.VersionLoggerListener.log Command line argument: --add-opens=java.base/java.lang.reflect=ALL-UNNAMED
03-Dec-2025 10:36:39.284 INFO [main] org.apache.catalina.startup.VersionLoggerListener.log Command line argument: --add-opens=java.base/java.io=ALL-UNNAMED
03-Dec-2025 10:36:39.285 INFO [main] org.apache.catalina.startup.VersionLoggerListener.log Command line argument: --add-opens=java.base/java.util=ALL-UNNAMED
03-Dec-2025 10:36:39.285 INFO [main] org.apache.catalina.startup.VersionLoggerListener.log Command line argument: --add-opens=java.base/java.util.concurrent=ALL-UNNAMED
03-Dec-2025 10:36:39.285 INFO [main] org.apache.catalina.startup.VersionLoggerListener.log Command line argument: --add-opens=java.rmi/sun.rmi.transport=ALL-UNNAMED
03-Dec-2025 10:36:39.285 INFO [main] org.apache.catalina.startup.VersionLoggerListener.log Command line argument: --enable-native-access=ALL-UNNAMED
03-Dec-2025 10:36:39.285 INFO [main] org.apache.catalina.startup.VersionLoggerListener.log Command line argument: -Dcatalina.base=/home/infoetu/baptiste.lavogiez.etu/BUT2/Semestre1/Ressources/Webdev/Web/TP06/tomcat
03-Dec-2025 10:36:39.285 INFO [main] org.apache.catalina.startup.VersionLoggerListener.log Command line argument: -Dcatalina.home=/home/infoetu/baptiste.lavogiez.etu/BUT2/Semestre1/Ressources/Webdev/Web/TP06/tomcat
03-Dec-2025 10:36:39.285 INFO [main] org.apache.catalina.startup.VersionLoggerListener.log Command line argument: -Djava.io.tmpdir=/home/infoetu/baptiste.lavogiez.etu/BUT2/Semestre1/Ressources/Webdev/Web/TP06/tomcat/temp
03-Dec-2025 10:36:39.285 INFO [main] org.apache.catalina.core.AprLifecycleListener.lifecycleEvent The Apache Tomcat Native library which allows using OpenSSL was not found on the java.library.path: [/usr/java/packages/lib:/usr/lib/x86_64-linux-gnu/jni:/lib/x86_64-linux-gnu:/usr/lib/x86_64-linux-gnu:/usr/lib/jni:/lib:/usr/lib]
03-Dec-2025 10:36:39.387 INFO [main] org.apache.coyote.AbstractProtocol.init Initializing ProtocolHandler ["http-nio-8080"]
03-Dec-2025 10:36:39.401 INFO [main] org.apache.catalina.startup.Catalina.load Server initialization in [198] milliseconds
03-Dec-2025 10:36:39.419 INFO [main] org.apache.catalina.core.StandardService.startInternal Starting service [Catalina]
03-Dec-2025 10:36:39.419 INFO [main] org.apache.catalina.core.StandardEngine.startInternal Starting Servlet engine: [Apache Tomcat/11.0.13]
03-Dec-2025 10:36:39.424 INFO [main] org.apache.catalina.startup.HostConfig.deployDirectory Deploying web application directory [/home/infoetu/baptiste.lavogiez.etu/BUT2/Semestre1/Ressources/Webdev/Web/TP06/tomcat/webapps/ROOT]
03-Dec-2025 10:36:39.594 INFO [main] org.apache.jasper.servlet.TldScanner.scanJars At least one JAR was scanned for TLDs yet contained no TLDs. Enable debug logging for this logger for a complete list of JARs that were scanned but no TLDs were found in them. Skipping unneeded JARs during scanning can improve startup time and JSP compilation time.
03-Dec-2025 10:36:39.613 INFO [main] org.apache.catalina.startup.HostConfig.deployDirectory Deployment of web application directory [/home/infoetu/baptiste.lavogiez.etu/BUT2/Semestre1/Ressources/Webdev/Web/TP06/tomcat/webapps/ROOT] has finished in [188] ms
03-Dec-2025 10:36:39.613 INFO [main] org.apache.catalina.startup.HostConfig.deployDirectory Deploying web application directory [/home/infoetu/baptiste.lavogiez.etu/BUT2/Semestre1/Ressources/Webdev/Web/TP06/tomcat/webapps/docs]
03-Dec-2025 10:36:39.672 INFO [main] org.apache.jasper.servlet.TldScanner.scanJars At least one JAR was scanned for TLDs yet contained no TLDs. Enable debug logging for this logger for a complete list of JARs that were scanned but no TLDs were found in them. Skipping unneeded JARs during scanning can improve startup time and JSP compilation time.
03-Dec-2025 10:36:39.673 INFO [main] org.apache.catalina.startup.HostConfig.deployDirectory Deployment of web application directory [/home/infoetu/baptiste.lavogiez.etu/BUT2/Semestre1/Ressources/Webdev/Web/TP06/tomcat/webapps/docs] has finished in [60] ms
03-Dec-2025 10:36:39.673 INFO [main] org.apache.catalina.startup.HostConfig.deployDirectory Deploying web application directory [/home/infoetu/baptiste.lavogiez.etu/BUT2/Semestre1/Ressources/Webdev/Web/TP06/tomcat/webapps/manager]
03-Dec-2025 10:36:39.729 INFO [main] org.apache.jasper.servlet.TldScanner.scanJars At least one JAR was scanned for TLDs yet contained no TLDs. Enable debug logging for this logger for a complete list of JARs that were scanned but no TLDs were found in them. Skipping unneeded JARs during scanning can improve startup time and JSP compilation time.
03-Dec-2025 10:36:39.732 INFO [main] org.apache.catalina.startup.HostConfig.deployDirectory Deployment of web application directory [/home/infoetu/baptiste.lavogiez.etu/BUT2/Semestre1/Ressources/Webdev/Web/TP06/tomcat/webapps/manager] has finished in [59] ms
03-Dec-2025 10:36:39.732 INFO [main] org.apache.catalina.startup.HostConfig.deployDirectory Deploying web application directory [/home/infoetu/baptiste.lavogiez.etu/BUT2/Semestre1/Ressources/Webdev/Web/TP06/tomcat/webapps/host-manager]
03-Dec-2025 10:36:39.780 INFO [main] org.apache.jasper.servlet.TldScanner.scanJars At least one JAR was scanned for TLDs yet contained no TLDs. Enable debug logging for this logger for a complete list of JARs that were scanned but no TLDs were found in them. Skipping unneeded JARs during scanning can improve startup time and JSP compilation time.
03-Dec-2025 10:36:39.781 INFO [main] org.apache.catalina.startup.HostConfig.deployDirectory Deployment of web application directory [/home/infoetu/baptiste.lavogiez.etu/BUT2/Semestre1/Ressources/Webdev/Web/TP06/tomcat/webapps/host-manager] has finished in [49] ms
03-Dec-2025 10:36:39.781 INFO [main] org.apache.catalina.startup.HostConfig.deployDirectory Deploying web application directory [/home/infoetu/baptiste.lavogiez.etu/BUT2/Semestre1/Ressources/Webdev/Web/TP06/tomcat/webapps/vide]
03-Dec-2025 10:36:39.830 INFO [main] org.apache.jasper.servlet.TldScanner.scanJars At least one JAR was scanned for TLDs yet contained no TLDs. Enable debug logging for this logger for a complete list of JARs that were scanned but no TLDs were found in them. Skipping unneeded JARs during scanning can improve startup time and JSP compilation time.
03-Dec-2025 10:36:39.832 INFO [main] org.apache.catalina.startup.HostConfig.deployDirectory Deployment of web application directory [/home/infoetu/baptiste.lavogiez.etu/BUT2/Semestre1/Ressources/Webdev/Web/TP06/tomcat/webapps/vide] has finished in [51] ms
03-Dec-2025 10:36:39.832 INFO [main] org.apache.catalina.startup.HostConfig.deployDirectory Deploying web application directory [/home/infoetu/baptiste.lavogiez.etu/BUT2/Semestre1/Ressources/Webdev/Web/TP06/tomcat/webapps/examples]
03-Dec-2025 10:36:39.976 INFO [main] org.apache.jasper.servlet.TldScanner.scanJars At least one JAR was scanned for TLDs yet contained no TLDs. Enable debug logging for this logger for a complete list of JARs that were scanned but no TLDs were found in them. Skipping unneeded JARs during scanning can improve startup time and JSP compilation time.
03-Dec-2025 10:36:39.994 INFO [main] org.apache.catalina.startup.HostConfig.deployDirectory Deployment of web application directory [/home/infoetu/baptiste.lavogiez.etu/BUT2/Semestre1/Ressources/Webdev/Web/TP06/tomcat/webapps/examples] has finished in [162] ms
03-Dec-2025 10:36:39.996 INFO [main] org.apache.coyote.AbstractProtocol.start Starting ProtocolHandler ["http-nio-8080"]
03-Dec-2025 10:36:40.003 INFO [main] org.apache.catalina.startup.Catalina.start Server startup in [601] milliseconds
03-Dec-2025 10:36:46.326 INFO [Thread-1] org.apache.coyote.AbstractProtocol.pause Pausing ProtocolHandler ["http-nio-8080"]
03-Dec-2025 10:36:46.329 INFO [Thread-1] org.apache.catalina.core.StandardService.stopInternal Stopping service [Catalina]
03-Dec-2025 10:36:46.354 INFO [Thread-1] org.apache.coyote.AbstractProtocol.stop Stopping ProtocolHandler ["http-nio-8080"]
03-Dec-2025 10:36:46.362 INFO [Thread-1] org.apache.coyote.AbstractProtocol.destroy Destroying ProtocolHandler ["http-nio-8080"]
03-Dec-2025 10:36:47.021 INFO [main] org.apache.catalina.startup.VersionLoggerListener.log Server version name:   Apache Tomcat/11.0.13
03-Dec-2025 10:36:47.024 INFO [main] org.apache.catalina.startup.VersionLoggerListener.log Server built:          Oct 10 2025 13:57:31 UTC
03-Dec-2025 10:36:47.024 INFO [main] org.apache.catalina.startup.VersionLoggerListener.log Server version number: 11.0.13.0
03-Dec-2025 10:36:47.024 INFO [main] org.apache.catalina.startup.VersionLoggerListener.log OS Name:               Linux
03-Dec-2025 10:36:47.024 INFO [main] org.apache.catalina.startup.VersionLoggerListener.log OS Version:            6.1.0-40-amd64
03-Dec-2025 10:36:47.024 INFO [main] org.apache.catalina.startup.VersionLoggerListener.log Architecture:          amd64
03-Dec-2025 10:36:47.024 INFO [main] org.apache.catalina.startup.VersionLoggerListener.log Java Home:             /usr/lib/jvm/java-17-openjdk-amd64
03-Dec-2025 10:36:47.024 INFO [main] org.apache.catalina.startup.VersionLoggerListener.log JVM Version:           17.0.17+10-Debian-1deb12u1
03-Dec-2025 10:36:47.024 INFO [main] org.apache.catalina.startup.VersionLoggerListener.log JVM Vendor:            Debian
03-Dec-2025 10:36:47.024 INFO [main] org.apache.catalina.startup.VersionLoggerListener.log CATALINA_BASE:         /home/infoetu/baptiste.lavogiez.etu/BUT2/Semestre1/Ressources/Webdev/Web/TP06/tomcat
03-Dec-2025 10:36:47.024 INFO [main] org.apache.catalina.startup.VersionLoggerListener.log CATALINA_HOME:         /home/infoetu/baptiste.lavogiez.etu/BUT2/Semestre1/Ressources/Webdev/Web/TP06/tomcat
03-Dec-2025 10:36:47.028 INFO [main] org.apache.catalina.startup.VersionLoggerListener.log Command line argument: -Djava.util.logging.config.file=/home/infoetu/baptiste.lavogiez.etu/BUT2/Semestre1/Ressources/Webdev/Web/TP06/tomcat/conf/logging.properties
03-Dec-2025 10:36:47.028 INFO [main] org.apache.catalina.startup.VersionLoggerListener.log Command line argument: -Djava.util.logging.manager=org.apache.juli.ClassLoaderLogManager
03-Dec-2025 10:36:47.028 INFO [main] org.apache.catalina.startup.VersionLoggerListener.log Command line argument: -Djdk.tls.ephemeralDHKeySize=2048
03-Dec-2025 10:36:47.028 INFO [main] org.apache.catalina.startup.VersionLoggerListener.log Command line argument: -Dorg.apache.catalina.security.SecurityListener.UMASK=0027
03-Dec-2025 10:36:47.028 INFO [main] org.apache.catalina.startup.VersionLoggerListener.log Command line argument: --add-opens=java.base/java.lang=ALL-UNNAMED
03-Dec-2025 10:36:47.028 INFO [main] org.apache.catalina.startup.VersionLoggerListener.log Command line argument: --add-opens=java.base/java.lang.reflect=ALL-UNNAMED
03-Dec-2025 10:36:47.028 INFO [main] org.apache.catalina.startup.VersionLoggerListener.log Command line argument: --add-opens=java.base/java.io=ALL-UNNAMED
03-Dec-2025 10:36:47.028 INFO [main] org.apache.catalina.startup.VersionLoggerListener.log Command line argument: --add-opens=java.base/java.util=ALL-UNNAMED
03-Dec-2025 10:36:47.028 INFO [main] org.apache.catalina.startup.VersionLoggerListener.log Command line argument: --add-opens=java.base/java.util.concurrent=ALL-UNNAMED
03-Dec-2025 10:36:47.028 INFO [main] org.apache.catalina.startup.VersionLoggerListener.log Command line argument: --add-opens=java.rmi/sun.rmi.transport=ALL-UNNAMED
03-Dec-2025 10:36:47.028 INFO [main] org.apache.catalina.startup.VersionLoggerListener.log Command line argument: --enable-native-access=ALL-UNNAMED
03-Dec-2025 10:36:47.028 INFO [main] org.apache.catalina.startup.VersionLoggerListener.log Command line argument: -Dcatalina.base=/home/infoetu/baptiste.lavogiez.etu/BUT2/Semestre1/Ressources/Webdev/Web/TP06/tomcat
03-Dec-2025 10:36:47.028 INFO [main] org.apache.catalina.startup.VersionLoggerListener.log Command line argument: -Dcatalina.home=/home/infoetu/baptiste.lavogiez.etu/BUT2/Semestre1/Ressources/Webdev/Web/TP06/tomcat
03-Dec-2025 10:36:47.028 INFO [main] org.apache.catalina.startup.VersionLoggerListener.log Command line argument: -Djava.io.tmpdir=/home/infoetu/baptiste.lavogiez.etu/BUT2/Semestre1/Ressources/Webdev/Web/TP06/tomcat/temp
03-Dec-2025 10:36:47.029 INFO [main] org.apache.catalina.core.AprLifecycleListener.lifecycleEvent The Apache Tomcat Native library which allows using OpenSSL was not found on the java.library.path: [/usr/java/packages/lib:/usr/lib/x86_64-linux-gnu/jni:/lib/x86_64-linux-gnu:/usr/lib/x86_64-linux-gnu:/usr/lib/jni:/lib:/usr/lib]
03-Dec-2025 10:36:47.134 INFO [main] org.apache.coyote.AbstractProtocol.init Initializing ProtocolHandler ["http-nio-8080"]
03-Dec-2025 10:36:47.148 INFO [main] org.apache.catalina.startup.Catalina.load Server initialization in [202] milliseconds
03-Dec-2025 10:36:47.167 INFO [main] org.apache.catalina.core.StandardService.startInternal Starting service [Catalina]
03-Dec-2025 10:36:47.167 INFO [main] org.apache.catalina.core.StandardEngine.startInternal Starting Servlet engine: [Apache Tomcat/11.0.13]
03-Dec-2025 10:36:47.172 INFO [main] org.apache.catalina.startup.HostConfig.deployDirectory Deploying web application directory [/home/infoetu/baptiste.lavogiez.etu/BUT2/Semestre1/Ressources/Webdev/Web/TP06/tomcat/webapps/ROOT]
03-Dec-2025 10:36:47.338 INFO [main] org.apache.jasper.servlet.TldScanner.scanJars At least one JAR was scanned for TLDs yet contained no TLDs. Enable debug logging for this logger for a complete list of JARs that were scanned but no TLDs were found in them. Skipping unneeded JARs during scanning can improve startup time and JSP compilation time.
03-Dec-2025 10:36:47.355 INFO [main] org.apache.catalina.startup.HostConfig.deployDirectory Deployment of web application directory [/home/infoetu/baptiste.lavogiez.etu/BUT2/Semestre1/Ressources/Webdev/Web/TP06/tomcat/webapps/ROOT] has finished in [183] ms
03-Dec-2025 10:36:47.355 INFO [main] org.apache.catalina.startup.HostConfig.deployDirectory Deploying web application directory [/home/infoetu/baptiste.lavogiez.etu/BUT2/Semestre1/Ressources/Webdev/Web/TP06/tomcat/webapps/docs]
03-Dec-2025 10:36:47.412 INFO [main] org.apache.jasper.servlet.TldScanner.scanJars At least one JAR was scanned for TLDs yet contained no TLDs. Enable debug logging for this logger for a complete list of JARs that were scanned but no TLDs were found in them. Skipping unneeded JARs during scanning can improve startup time and JSP compilation time.
03-Dec-2025 10:36:47.413 INFO [main] org.apache.catalina.startup.HostConfig.deployDirectory Deployment of web application directory [/home/infoetu/baptiste.lavogiez.etu/BUT2/Semestre1/Ressources/Webdev/Web/TP06/tomcat/webapps/docs] has finished in [58] ms
03-Dec-2025 10:36:47.413 INFO [main] org.apache.catalina.startup.HostConfig.deployDirectory Deploying web application directory [/home/infoetu/baptiste.lavogiez.etu/BUT2/Semestre1/Ressources/Webdev/Web/TP06/tomcat/webapps/manager]
03-Dec-2025 10:36:47.464 INFO [main] org.apache.jasper.servlet.TldScanner.scanJars At least one JAR was scanned for TLDs yet contained no TLDs. Enable debug logging for this logger for a complete list of JARs that were scanned but no TLDs were found in them. Skipping unneeded JARs during scanning can improve startup time and JSP compilation time.
03-Dec-2025 10:36:47.467 INFO [main] org.apache.catalina.startup.HostConfig.deployDirectory Deployment of web application directory [/home/infoetu/baptiste.lavogiez.etu/BUT2/Semestre1/Ressources/Webdev/Web/TP06/tomcat/webapps/manager] has finished in [54] ms
03-Dec-2025 10:36:47.467 INFO [main] org.apache.catalina.startup.HostConfig.deployDirectory Deploying web application directory [/home/infoetu/baptiste.lavogiez.etu/BUT2/Semestre1/Ressources/Webdev/Web/TP06/tomcat/webapps/host-manager]
03-Dec-2025 10:36:47.515 INFO [main] org.apache.jasper.servlet.TldScanner.scanJars At least one JAR was scanned for TLDs yet contained no TLDs. Enable debug logging for this logger for a complete list of JARs that were scanned but no TLDs were found in them. Skipping unneeded JARs during scanning can improve startup time and JSP compilation time.
03-Dec-2025 10:36:47.516 INFO [main] org.apache.catalina.startup.HostConfig.deployDirectory Deployment of web application directory [/home/infoetu/baptiste.lavogiez.etu/BUT2/Semestre1/Ressources/Webdev/Web/TP06/tomcat/webapps/host-manager] has finished in [48] ms
03-Dec-2025 10:36:47.516 INFO [main] org.apache.catalina.startup.HostConfig.deployDirectory Deploying web application directory [/home/infoetu/baptiste.lavogiez.etu/BUT2/Semestre1/Ressources/Webdev/Web/TP06/tomcat/webapps/vide]
03-Dec-2025 10:36:47.564 INFO [main] org.apache.jasper.servlet.TldScanner.scanJars At least one JAR was scanned for TLDs yet contained no TLDs. Enable debug logging for this logger for a complete list of JARs that were scanned but no TLDs were found in them. Skipping unneeded JARs during scanning can improve startup time and JSP compilation time.
03-Dec-2025 10:36:47.566 INFO [main] org.apache.catalina.startup.HostConfig.deployDirectory Deployment of web application directory [/home/infoetu/baptiste.lavogiez.etu/BUT2/Semestre1/Ressources/Webdev/Web/TP06/tomcat/webapps/vide] has finished in [50] ms
03-Dec-2025 10:36:47.566 INFO [main] org.apache.catalina.startup.HostConfig.deployDirectory Deploying web application directory [/home/infoetu/baptiste.lavogiez.etu/BUT2/Semestre1/Ressources/Webdev/Web/TP06/tomcat/webapps/examples]
03-Dec-2025 10:36:47.707 INFO [main] org.apache.jasper.servlet.TldScanner.scanJars At least one JAR was scanned for TLDs yet contained no TLDs. Enable debug logging for this logger for a complete list of JARs that were scanned but no TLDs were found in them. Skipping unneeded JARs during scanning can improve startup time and JSP compilation time.
03-Dec-2025 10:36:47.721 INFO [main] org.apache.catalina.startup.HostConfig.deployDirectory Deployment of web application directory [/home/infoetu/baptiste.lavogiez.etu/BUT2/Semestre1/Ressources/Webdev/Web/TP06/tomcat/webapps/examples] has finished in [155] ms
03-Dec-2025 10:36:47.723 INFO [main] org.apache.coyote.AbstractProtocol.start Starting ProtocolHandler ["http-nio-8080"]
03-Dec-2025 10:36:47.729 INFO [main] org.apache.catalina.startup.Catalina.start Server startup in [581] milliseconds
03-Dec-2025 10:37:22.831 INFO [Thread-1] org.apache.coyote.AbstractProtocol.pause Pausing ProtocolHandler ["http-nio-8080"]
03-Dec-2025 10:37:22.832 INFO [Thread-1] org.apache.catalina.core.StandardService.stopInternal Stopping service [Catalina]
03-Dec-2025 10:37:22.847 INFO [Thread-1] org.apache.coyote.AbstractProtocol.stop Stopping ProtocolHandler ["http-nio-8080"]
03-Dec-2025 10:37:22.856 INFO [Thread-1] org.apache.coyote.AbstractProtocol.destroy Destroying ProtocolHandler ["http-nio-8080"]
03-Dec-2025 10:37:23.545 INFO [main] org.apache.catalina.startup.VersionLoggerListener.log Server version name:   Apache Tomcat/11.0.13
03-Dec-2025 10:37:23.547 INFO [main] org.apache.catalina.startup.VersionLoggerListener.log Server built:          Oct 10 2025 13:57:31 UTC
03-Dec-2025 10:37:23.547 INFO [main] org.apache.catalina.startup.VersionLoggerListener.log Server version number: 11.0.13.0
03-Dec-2025 10:37:23.547 INFO [main] org.apache.catalina.startup.VersionLoggerListener.log OS Name:               Linux
03-Dec-2025 10:37:23.547 INFO [main] org.apache.catalina.startup.VersionLoggerListener.log OS Version:            6.1.0-40-amd64
03-Dec-2025 10:37:23.547 INFO [main] org.apache.catalina.startup.VersionLoggerListener.log Architecture:          amd64
03-Dec-2025 10:37:23.547 INFO [main] org.apache.catalina.startup.VersionLoggerListener.log Java Home:             /usr/lib/jvm/java-17-openjdk-amd64
03-Dec-2025 10:37:23.547 INFO [main] org.apache.catalina.startup.VersionLoggerListener.log JVM Version:           17.0.17+10-Debian-1deb12u1
03-Dec-2025 10:37:23.547 INFO [main] org.apache.catalina.startup.VersionLoggerListener.log JVM Vendor:            Debian
03-Dec-2025 10:37:23.547 INFO [main] org.apache.catalina.startup.VersionLoggerListener.log CATALINA_BASE:         /home/infoetu/baptiste.lavogiez.etu/BUT2/Semestre1/Ressources/Webdev/Web/TP06/tomcat
03-Dec-2025 10:37:23.547 INFO [main] org.apache.catalina.startup.VersionLoggerListener.log CATALINA_HOME:         /home/infoetu/baptiste.lavogiez.etu/BUT2/Semestre1/Ressources/Webdev/Web/TP06/tomcat
03-Dec-2025 10:37:23.550 INFO [main] org.apache.catalina.startup.VersionLoggerListener.log Command line argument: -Djava.util.logging.config.file=/home/infoetu/baptiste.lavogiez.etu/BUT2/Semestre1/Ressources/Webdev/Web/TP06/tomcat/conf/logging.properties
03-Dec-2025 10:37:23.551 INFO [main] org.apache.catalina.startup.VersionLoggerListener.log Command line argument: -Djava.util.logging.manager=org.apache.juli.ClassLoaderLogManager
03-Dec-2025 10:37:23.551 INFO [main] org.apache.catalina.startup.VersionLoggerListener.log Command line argument: -Djdk.tls.ephemeralDHKeySize=2048
03-Dec-2025 10:37:23.551 INFO [main] org.apache.catalina.startup.VersionLoggerListener.log Command line argument: -Dorg.apache.catalina.security.SecurityListener.UMASK=0027
03-Dec-2025 10:37:23.551 INFO [main] org.apache.catalina.startup.VersionLoggerListener.log Command line argument: --add-opens=java.base/java.lang=ALL-UNNAMED
03-Dec-2025 10:37:23.551 INFO [main] org.apache.catalina.startup.VersionLoggerListener.log Command line argument: --add-opens=java.base/java.lang.reflect=ALL-UNNAMED
03-Dec-2025 10:37:23.551 INFO [main] org.apache.catalina.startup.VersionLoggerListener.log Command line argument: --add-opens=java.base/java.io=ALL-UNNAMED
03-Dec-2025 10:37:23.551 INFO [main] org.apache.catalina.startup.VersionLoggerListener.log Command line argument: --add-opens=java.base/java.util=ALL-UNNAMED
03-Dec-2025 10:37:23.551 INFO [main] org.apache.catalina.startup.VersionLoggerListener.log Command line argument: --add-opens=java.base/java.util.concurrent=ALL-UNNAMED
03-Dec-2025 10:37:23.551 INFO [main] org.apache.catalina.startup.VersionLoggerListener.log Command line argument: --add-opens=java.rmi/sun.rmi.transport=ALL-UNNAMED
03-Dec-2025 10:37:23.551 INFO [main] org.apache.catalina.startup.VersionLoggerListener.log Command line argument: --enable-native-access=ALL-UNNAMED
03-Dec-2025 10:37:23.551 INFO [main] org.apache.catalina.startup.VersionLoggerListener.log Command line argument: -Dcatalina.base=/home/infoetu/baptiste.lavogiez.etu/BUT2/Semestre1/Ressources/Webdev/Web/TP06/tomcat
03-Dec-2025 10:37:23.551 INFO [main] org.apache.catalina.startup.VersionLoggerListener.log Command line argument: -Dcatalina.home=/home/infoetu/baptiste.lavogiez.etu/BUT2/Semestre1/Ressources/Webdev/Web/TP06/tomcat
03-Dec-2025 10:37:23.551 INFO [main] org.apache.catalina.startup.VersionLoggerListener.log Command line argument: -Djava.io.tmpdir=/home/infoetu/baptiste.lavogiez.etu/BUT2/Semestre1/Ressources/Webdev/Web/TP06/tomcat/temp
03-Dec-2025 10:37:23.552 INFO [main] org.apache.catalina.core.AprLifecycleListener.lifecycleEvent The Apache Tomcat Native library which allows using OpenSSL was not found on the java.library.path: [/usr/java/packages/lib:/usr/lib/x86_64-linux-gnu/jni:/lib/x86_64-linux-gnu:/usr/lib/x86_64-linux-gnu:/usr/lib/jni:/lib:/usr/lib]
03-Dec-2025 10:37:23.651 INFO [main] org.apache.coyote.AbstractProtocol.init Initializing ProtocolHandler ["http-nio-8080"]
03-Dec-2025 10:37:23.665 INFO [main] org.apache.catalina.startup.Catalina.load Server initialization in [194] milliseconds
03-Dec-2025 10:37:23.683 INFO [main] org.apache.catalina.core.StandardService.startInternal Starting service [Catalina]
03-Dec-2025 10:37:23.684 INFO [main] org.apache.catalina.core.StandardEngine.startInternal Starting Servlet engine: [Apache Tomcat/11.0.13]
03-Dec-2025 10:37:23.688 INFO [main] org.apache.catalina.startup.HostConfig.deployDirectory Deploying web application directory [/home/infoetu/baptiste.lavogiez.etu/BUT2/Semestre1/Ressources/Webdev/Web/TP06/tomcat/webapps/ROOT]
03-Dec-2025 10:37:23.860 INFO [main] org.apache.jasper.servlet.TldScanner.scanJars At least one JAR was scanned for TLDs yet contained no TLDs. Enable debug logging for this logger for a complete list of JARs that were scanned but no TLDs were found in them. Skipping unneeded JARs during scanning can improve startup time and JSP compilation time.
03-Dec-2025 10:37:23.877 INFO [main] org.apache.catalina.startup.HostConfig.deployDirectory Deployment of web application directory [/home/infoetu/baptiste.lavogiez.etu/BUT2/Semestre1/Ressources/Webdev/Web/TP06/tomcat/webapps/ROOT] has finished in [189] ms
03-Dec-2025 10:37:23.877 INFO [main] org.apache.catalina.startup.HostConfig.deployDirectory Deploying web application directory [/home/infoetu/baptiste.lavogiez.etu/BUT2/Semestre1/Ressources/Webdev/Web/TP06/tomcat/webapps/docs]
03-Dec-2025 10:37:23.931 INFO [main] org.apache.jasper.servlet.TldScanner.scanJars At least one JAR was scanned for TLDs yet contained no TLDs. Enable debug logging for this logger for a complete list of JARs that were scanned but no TLDs were found in them. Skipping unneeded JARs during scanning can improve startup time and JSP compilation time.
03-Dec-2025 10:37:23.932 INFO [main] org.apache.catalina.startup.HostConfig.deployDirectory Deployment of web application directory [/home/infoetu/baptiste.lavogiez.etu/BUT2/Semestre1/Ressources/Webdev/Web/TP06/tomcat/webapps/docs] has finished in [54] ms
03-Dec-2025 10:37:23.932 INFO [main] org.apache.catalina.startup.HostConfig.deployDirectory Deploying web application directory [/home/infoetu/baptiste.lavogiez.etu/BUT2/Semestre1/Ressources/Webdev/Web/TP06/tomcat/webapps/manager]
03-Dec-2025 10:37:23.988 INFO [main] org.apache.jasper.servlet.TldScanner.scanJars At least one JAR was scanned for TLDs yet contained no TLDs. Enable debug logging for this logger for a complete list of JARs that were scanned but no TLDs were found in them. Skipping unneeded JARs during scanning can improve startup time and JSP compilation time.
03-Dec-2025 10:37:23.991 INFO [main] org.apache.catalina.startup.HostConfig.deployDirectory Deployment of web application directory [/home/infoetu/baptiste.lavogiez.etu/BUT2/Semestre1/Ressources/Webdev/Web/TP06/tomcat/webapps/manager] has finished in [59] ms
03-Dec-2025 10:37:23.991 INFO [main] org.apache.catalina.startup.HostConfig.deployDirectory Deploying web application directory [/home/infoetu/baptiste.lavogiez.etu/BUT2/Semestre1/Ressources/Webdev/Web/TP06/tomcat/webapps/host-manager]
03-Dec-2025 10:37:24.045 INFO [main] org.apache.jasper.servlet.TldScanner.scanJars At least one JAR was scanned for TLDs yet contained no TLDs. Enable debug logging for this logger for a complete list of JARs that were scanned but no TLDs were found in them. Skipping unneeded JARs during scanning can improve startup time and JSP compilation time.
03-Dec-2025 10:37:24.046 INFO [main] org.apache.catalina.startup.HostConfig.deployDirectory Deployment of web application directory [/home/infoetu/baptiste.lavogiez.etu/BUT2/Semestre1/Ressources/Webdev/Web/TP06/tomcat/webapps/host-manager] has finished in [55] ms
03-Dec-2025 10:37:24.046 INFO [main] org.apache.catalina.startup.HostConfig.deployDirectory Deploying web application directory [/home/infoetu/baptiste.lavogiez.etu/BUT2/Semestre1/Ressources/Webdev/Web/TP06/tomcat/webapps/vide]
03-Dec-2025 10:37:24.097 INFO [main] org.apache.jasper.servlet.TldScanner.scanJars At least one JAR was scanned for TLDs yet contained no TLDs. Enable debug logging for this logger for a complete list of JARs that were scanned but no TLDs were found in them. Skipping unneeded JARs during scanning can improve startup time and JSP compilation time.
03-Dec-2025 10:37:24.099 INFO [main] org.apache.catalina.startup.HostConfig.deployDirectory Deployment of web application directory [/home/infoetu/baptiste.lavogiez.etu/BUT2/Semestre1/Ressources/Webdev/Web/TP06/tomcat/webapps/vide] has finished in [52] ms
03-Dec-2025 10:37:24.099 INFO [main] org.apache.catalina.startup.HostConfig.deployDirectory Deploying web application directory [/home/infoetu/baptiste.lavogiez.etu/BUT2/Semestre1/Ressources/Webdev/Web/TP06/tomcat/webapps/examples]
03-Dec-2025 10:37:24.259 INFO [main] org.apache.jasper.servlet.TldScanner.scanJars At least one JAR was scanned for TLDs yet contained no TLDs. Enable debug logging for this logger for a complete list of JARs that were scanned but no TLDs were found in them. Skipping unneeded JARs during scanning can improve startup time and JSP compilation time.
03-Dec-2025 10:37:24.274 INFO [main] org.apache.catalina.startup.HostConfig.deployDirectory Deployment of web application directory [/home/infoetu/baptiste.lavogiez.etu/BUT2/Semestre1/Ressources/Webdev/Web/TP06/tomcat/webapps/examples] has finished in [175] ms
03-Dec-2025 10:37:24.276 INFO [main] org.apache.coyote.AbstractProtocol.start Starting ProtocolHandler ["http-nio-8080"]
03-Dec-2025 10:37:24.284 INFO [main] org.apache.catalina.startup.Catalina.start Server startup in [618] milliseconds
03-Dec-2025 10:38:00.248 INFO [Thread-1] org.apache.coyote.AbstractProtocol.pause Pausing ProtocolHandler ["http-nio-8080"]
03-Dec-2025 10:38:00.250 INFO [Thread-1] org.apache.catalina.core.StandardService.stopInternal Stopping service [Catalina]
03-Dec-2025 10:38:00.270 INFO [Thread-1] org.apache.coyote.AbstractProtocol.stop Stopping ProtocolHandler ["http-nio-8080"]
03-Dec-2025 10:38:00.274 INFO [Thread-1] org.apache.coyote.AbstractProtocol.destroy Destroying ProtocolHandler ["http-nio-8080"]
03-Dec-2025 10:38:00.957 INFO [main] org.apache.catalina.startup.VersionLoggerListener.log Server version name:   Apache Tomcat/11.0.13
03-Dec-2025 10:38:00.959 INFO [main] org.apache.catalina.startup.VersionLoggerListener.log Server built:          Oct 10 2025 13:57:31 UTC
03-Dec-2025 10:38:00.959 INFO [main] org.apache.catalina.startup.VersionLoggerListener.log Server version number: 11.0.13.0
03-Dec-2025 10:38:00.959 INFO [main] org.apache.catalina.startup.VersionLoggerListener.log OS Name:               Linux
03-Dec-2025 10:38:00.959 INFO [main] org.apache.catalina.startup.VersionLoggerListener.log OS Version:            6.1.0-40-amd64
03-Dec-2025 10:38:00.959 INFO [main] org.apache.catalina.startup.VersionLoggerListener.log Architecture:          amd64
03-Dec-2025 10:38:00.959 INFO [main] org.apache.catalina.startup.VersionLoggerListener.log Java Home:             /usr/lib/jvm/java-17-openjdk-amd64
03-Dec-2025 10:38:00.959 INFO [main] org.apache.catalina.startup.VersionLoggerListener.log JVM Version:           17.0.17+10-Debian-1deb12u1
03-Dec-2025 10:38:00.959 INFO [main] org.apache.catalina.startup.VersionLoggerListener.log JVM Vendor:            Debian
03-Dec-2025 10:38:00.959 INFO [main] org.apache.catalina.startup.VersionLoggerListener.log CATALINA_BASE:         /home/infoetu/baptiste.lavogiez.etu/BUT2/Semestre1/Ressources/Webdev/Web/TP06/tomcat
03-Dec-2025 10:38:00.960 INFO [main] org.apache.catalina.startup.VersionLoggerListener.log CATALINA_HOME:         /home/infoetu/baptiste.lavogiez.etu/BUT2/Semestre1/Ressources/Webdev/Web/TP06/tomcat
03-Dec-2025 10:38:00.963 INFO [main] org.apache.catalina.startup.VersionLoggerListener.log Command line argument: -Djava.util.logging.config.file=/home/infoetu/baptiste.lavogiez.etu/BUT2/Semestre1/Ressources/Webdev/Web/TP06/tomcat/conf/logging.properties
03-Dec-2025 10:38:00.963 INFO [main] org.apache.catalina.startup.VersionLoggerListener.log Command line argument: -Djava.util.logging.manager=org.apache.juli.ClassLoaderLogManager
03-Dec-2025 10:38:00.963 INFO [main] org.apache.catalina.startup.VersionLoggerListener.log Command line argument: -Djdk.tls.ephemeralDHKeySize=2048
03-Dec-2025 10:38:00.963 INFO [main] org.apache.catalina.startup.VersionLoggerListener.log Command line argument: -Dorg.apache.catalina.security.SecurityListener.UMASK=0027
03-Dec-2025 10:38:00.963 INFO [main] org.apache.catalina.startup.VersionLoggerListener.log Command line argument: --add-opens=java.base/java.lang=ALL-UNNAMED
03-Dec-2025 10:38:00.963 INFO [main] org.apache.catalina.startup.VersionLoggerListener.log Command line argument: --add-opens=java.base/java.lang.reflect=ALL-UNNAMED
03-Dec-2025 10:38:00.963 INFO [main] org.apache.catalina.startup.VersionLoggerListener.log Command line argument: --add-opens=java.base/java.io=ALL-UNNAMED
03-Dec-2025 10:38:00.963 INFO [main] org.apache.catalina.startup.VersionLoggerListener.log Command line argument: --add-opens=java.base/java.util=ALL-UNNAMED
03-Dec-2025 10:38:00.963 INFO [main] org.apache.catalina.startup.VersionLoggerListener.log Command line argument: --add-opens=java.base/java.util.concurrent=ALL-UNNAMED
03-Dec-2025 10:38:00.963 INFO [main] org.apache.catalina.startup.VersionLoggerListener.log Command line argument: --add-opens=java.rmi/sun.rmi.transport=ALL-UNNAMED
03-Dec-2025 10:38:00.964 INFO [main] org.apache.catalina.startup.VersionLoggerListener.log Command line argument: --enable-native-access=ALL-UNNAMED
03-Dec-2025 10:38:00.964 INFO [main] org.apache.catalina.startup.VersionLoggerListener.log Command line argument: -Dcatalina.base=/home/infoetu/baptiste.lavogiez.etu/BUT2/Semestre1/Ressources/Webdev/Web/TP06/tomcat
03-Dec-2025 10:38:00.964 INFO [main] org.apache.catalina.startup.VersionLoggerListener.log Command line argument: -Dcatalina.home=/home/infoetu/baptiste.lavogiez.etu/BUT2/Semestre1/Ressources/Webdev/Web/TP06/tomcat
03-Dec-2025 10:38:00.964 INFO [main] org.apache.catalina.startup.VersionLoggerListener.log Command line argument: -Djava.io.tmpdir=/home/infoetu/baptiste.lavogiez.etu/BUT2/Semestre1/Ressources/Webdev/Web/TP06/tomcat/temp
03-Dec-2025 10:38:00.964 INFO [main] org.apache.catalina.core.AprLifecycleListener.lifecycleEvent The Apache Tomcat Native library which allows using OpenSSL was not found on the java.library.path: [/usr/java/packages/lib:/usr/lib/x86_64-linux-gnu/jni:/lib/x86_64-linux-gnu:/usr/lib/x86_64-linux-gnu:/usr/lib/jni:/lib:/usr/lib]
03-Dec-2025 10:38:01.065 INFO [main] org.apache.coyote.AbstractProtocol.init Initializing ProtocolHandler ["http-nio-8080"]
03-Dec-2025 10:38:01.083 INFO [main] org.apache.catalina.startup.Catalina.load Server initialization in [198] milliseconds
03-Dec-2025 10:38:01.101 INFO [main] org.apache.catalina.core.StandardService.startInternal Starting service [Catalina]
03-Dec-2025 10:38:01.101 INFO [main] org.apache.catalina.core.StandardEngine.startInternal Starting Servlet engine: [Apache Tomcat/11.0.13]
03-Dec-2025 10:38:01.106 INFO [main] org.apache.catalina.startup.HostConfig.deployDirectory Deploying web application directory [/home/infoetu/baptiste.lavogiez.etu/BUT2/Semestre1/Ressources/Webdev/Web/TP06/tomcat/webapps/ROOT]
03-Dec-2025 10:38:01.284 INFO [main] org.apache.jasper.servlet.TldScanner.scanJars At least one JAR was scanned for TLDs yet contained no TLDs. Enable debug logging for this logger for a complete list of JARs that were scanned but no TLDs were found in them. Skipping unneeded JARs during scanning can improve startup time and JSP compilation time.
03-Dec-2025 10:38:01.301 INFO [main] org.apache.catalina.startup.HostConfig.deployDirectory Deployment of web application directory [/home/infoetu/baptiste.lavogiez.etu/BUT2/Semestre1/Ressources/Webdev/Web/TP06/tomcat/webapps/ROOT] has finished in [195] ms
03-Dec-2025 10:38:01.301 INFO [main] org.apache.catalina.startup.HostConfig.deployDirectory Deploying web application directory [/home/infoetu/baptiste.lavogiez.etu/BUT2/Semestre1/Ressources/Webdev/Web/TP06/tomcat/webapps/docs]
03-Dec-2025 10:38:01.356 INFO [main] org.apache.jasper.servlet.TldScanner.scanJars At least one JAR was scanned for TLDs yet contained no TLDs. Enable debug logging for this logger for a complete list of JARs that were scanned but no TLDs were found in them. Skipping unneeded JARs during scanning can improve startup time and JSP compilation time.
03-Dec-2025 10:38:01.357 INFO [main] org.apache.catalina.startup.HostConfig.deployDirectory Deployment of web application directory [/home/infoetu/baptiste.lavogiez.etu/BUT2/Semestre1/Ressources/Webdev/Web/TP06/tomcat/webapps/docs] has finished in [56] ms
03-Dec-2025 10:38:01.357 INFO [main] org.apache.catalina.startup.HostConfig.deployDirectory Deploying web application directory [/home/infoetu/baptiste.lavogiez.etu/BUT2/Semestre1/Ressources/Webdev/Web/TP06/tomcat/webapps/manager]
03-Dec-2025 10:38:01.412 INFO [main] org.apache.jasper.servlet.TldScanner.scanJars At least one JAR was scanned for TLDs yet contained no TLDs. Enable debug logging for this logger for a complete list of JARs that were scanned but no TLDs were found in them. Skipping unneeded JARs during scanning can improve startup time and JSP compilation time.
03-Dec-2025 10:38:01.415 INFO [main] org.apache.catalina.startup.HostConfig.deployDirectory Deployment of web application directory [/home/infoetu/baptiste.lavogiez.etu/BUT2/Semestre1/Ressources/Webdev/Web/TP06/tomcat/webapps/manager] has finished in [58] ms
03-Dec-2025 10:38:01.415 INFO [main] org.apache.catalina.startup.HostConfig.deployDirectory Deploying web application directory [/home/infoetu/baptiste.lavogiez.etu/BUT2/Semestre1/Ressources/Webdev/Web/TP06/tomcat/webapps/host-manager]
03-Dec-2025 10:38:01.464 INFO [main] org.apache.jasper.servlet.TldScanner.scanJars At least one JAR was scanned for TLDs yet contained no TLDs. Enable debug logging for this logger for a complete list of JARs that were scanned but no TLDs were found in them. Skipping unneeded JARs during scanning can improve startup time and JSP compilation time.
03-Dec-2025 10:38:01.465 INFO [main] org.apache.catalina.startup.HostConfig.deployDirectory Deployment of web application directory [/home/infoetu/baptiste.lavogiez.etu/BUT2/Semestre1/Ressources/Webdev/Web/TP06/tomcat/webapps/host-manager] has finished in [50] ms
03-Dec-2025 10:38:01.465 INFO [main] org.apache.catalina.startup.HostConfig.deployDirectory Deploying web application directory [/home/infoetu/baptiste.lavogiez.etu/BUT2/Semestre1/Ressources/Webdev/Web/TP06/tomcat/webapps/vide]
03-Dec-2025 10:38:01.516 INFO [main] org.apache.jasper.servlet.TldScanner.scanJars At least one JAR was scanned for TLDs yet contained no TLDs. Enable debug logging for this logger for a complete list of JARs that were scanned but no TLDs were found in them. Skipping unneeded JARs during scanning can improve startup time and JSP compilation time.
03-Dec-2025 10:38:01.518 INFO [main] org.apache.catalina.startup.HostConfig.deployDirectory Deployment of web application directory [/home/infoetu/baptiste.lavogiez.etu/BUT2/Semestre1/Ressources/Webdev/Web/TP06/tomcat/webapps/vide] has finished in [53] ms
03-Dec-2025 10:38:01.518 INFO [main] org.apache.catalina.startup.HostConfig.deployDirectory Deploying web application directory [/home/infoetu/baptiste.lavogiez.etu/BUT2/Semestre1/Ressources/Webdev/Web/TP06/tomcat/webapps/examples]
03-Dec-2025 10:38:01.662 INFO [main] org.apache.jasper.servlet.TldScanner.scanJars At least one JAR was scanned for TLDs yet contained no TLDs. Enable debug logging for this logger for a complete list of JARs that were scanned but no TLDs were found in them. Skipping unneeded JARs during scanning can improve startup time and JSP compilation time.
03-Dec-2025 10:38:01.678 INFO [main] org.apache.catalina.startup.HostConfig.deployDirectory Deployment of web application directory [/home/infoetu/baptiste.lavogiez.etu/BUT2/Semestre1/Ressources/Webdev/Web/TP06/tomcat/webapps/examples] has finished in [160] ms
03-Dec-2025 10:38:01.680 INFO [main] org.apache.coyote.AbstractProtocol.start Starting ProtocolHandler ["http-nio-8080"]
03-Dec-2025 10:38:01.687 INFO [main] org.apache.catalina.startup.Catalina.start Server startup in [603] milliseconds
03-Dec-2025 10:39:01.718 INFO [Catalina-utility-1] org.apache.catalina.core.StandardContext.reload Reloading Context with name [/vide] has started
03-Dec-2025 10:39:01.798 INFO [Catalina-utility-1] org.apache.jasper.servlet.TldScanner.scanJars At least one JAR was scanned for TLDs yet contained no TLDs. Enable debug logging for this logger for a complete list of JARs that were scanned but no TLDs were found in them. Skipping unneeded JARs during scanning can improve startup time and JSP compilation time.
03-Dec-2025 10:39:01.798 INFO [Catalina-utility-1] org.apache.catalina.core.StandardContext.reload Reloading Context with name [/vide] is completed
03-Dec-2025 10:40:00.099 INFO [Thread-1] org.apache.coyote.AbstractProtocol.pause Pausing ProtocolHandler ["http-nio-8080"]
03-Dec-2025 10:40:00.100 INFO [Thread-1] org.apache.catalina.core.StandardService.stopInternal Stopping service [Catalina]
03-Dec-2025 10:40:00.117 INFO [Thread-1] org.apache.coyote.AbstractProtocol.stop Stopping ProtocolHandler ["http-nio-8080"]
03-Dec-2025 10:40:00.124 INFO [Thread-1] org.apache.coyote.AbstractProtocol.destroy Destroying ProtocolHandler ["http-nio-8080"]
03-Dec-2025 10:40:00.732 INFO [main] org.apache.catalina.startup.VersionLoggerListener.log Server version name:   Apache Tomcat/11.0.13
03-Dec-2025 10:40:00.734 INFO [main] org.apache.catalina.startup.VersionLoggerListener.log Server built:          Oct 10 2025 13:57:31 UTC
03-Dec-2025 10:40:00.734 INFO [main] org.apache.catalina.startup.VersionLoggerListener.log Server version number: 11.0.13.0
03-Dec-2025 10:40:00.734 INFO [main] org.apache.catalina.startup.VersionLoggerListener.log OS Name:               Linux
03-Dec-2025 10:40:00.734 INFO [main] org.apache.catalina.startup.VersionLoggerListener.log OS Version:            6.1.0-40-amd64
03-Dec-2025 10:40:00.734 INFO [main] org.apache.catalina.startup.VersionLoggerListener.log Architecture:          amd64
03-Dec-2025 10:40:00.734 INFO [main] org.apache.catalina.startup.VersionLoggerListener.log Java Home:             /usr/lib/jvm/java-17-openjdk-amd64
03-Dec-2025 10:40:00.734 INFO [main] org.apache.catalina.startup.VersionLoggerListener.log JVM Version:           17.0.17+10-Debian-1deb12u1
03-Dec-2025 10:40:00.734 INFO [main] org.apache.catalina.startup.VersionLoggerListener.log JVM Vendor:            Debian
03-Dec-2025 10:40:00.734 INFO [main] org.apache.catalina.startup.VersionLoggerListener.log CATALINA_BASE:         /home/infoetu/baptiste.lavogiez.etu/BUT2/Semestre1/Ressources/Webdev/Web/TP06/tomcat
03-Dec-2025 10:40:00.734 INFO [main] org.apache.catalina.startup.VersionLoggerListener.log CATALINA_HOME:         /home/infoetu/baptiste.lavogiez.etu/BUT2/Semestre1/Ressources/Webdev/Web/TP06/tomcat
03-Dec-2025 10:40:00.738 INFO [main] org.apache.catalina.startup.VersionLoggerListener.log Command line argument: -Djava.util.logging.config.file=/home/infoetu/baptiste.lavogiez.etu/BUT2/Semestre1/Ressources/Webdev/Web/TP06/tomcat/conf/logging.properties
03-Dec-2025 10:40:00.738 INFO [main] org.apache.catalina.startup.VersionLoggerListener.log Command line argument: -Djava.util.logging.manager=org.apache.juli.ClassLoaderLogManager
03-Dec-2025 10:40:00.738 INFO [main] org.apache.catalina.startup.VersionLoggerListener.log Command line argument: -Djdk.tls.ephemeralDHKeySize=2048
03-Dec-2025 10:40:00.738 INFO [main] org.apache.catalina.startup.VersionLoggerListener.log Command line argument: -Dorg.apache.catalina.security.SecurityListener.UMASK=0027
03-Dec-2025 10:40:00.738 INFO [main] org.apache.catalina.startup.VersionLoggerListener.log Command line argument: --add-opens=java.base/java.lang=ALL-UNNAMED
03-Dec-2025 10:40:00.738 INFO [main] org.apache.catalina.startup.VersionLoggerListener.log Command line argument: --add-opens=java.base/java.lang.reflect=ALL-UNNAMED
03-Dec-2025 10:40:00.738 INFO [main] org.apache.catalina.startup.VersionLoggerListener.log Command line argument: --add-opens=java.base/java.io=ALL-UNNAMED
03-Dec-2025 10:40:00.739 INFO [main] org.apache.catalina.startup.VersionLoggerListener.log Command line argument: --add-opens=java.base/java.util=ALL-UNNAMED
03-Dec-2025 10:40:00.739 INFO [main] org.apache.catalina.startup.VersionLoggerListener.log Command line argument: --add-opens=java.base/java.util.concurrent=ALL-UNNAMED
03-Dec-2025 10:40:00.739 INFO [main] org.apache.catalina.startup.VersionLoggerListener.log Command line argument: --add-opens=java.rmi/sun.rmi.transport=ALL-UNNAMED
03-Dec-2025 10:40:00.739 INFO [main] org.apache.catalina.startup.VersionLoggerListener.log Command line argument: --enable-native-access=ALL-UNNAMED
03-Dec-2025 10:40:00.739 INFO [main] org.apache.catalina.startup.VersionLoggerListener.log Command line argument: -Dcatalina.base=/home/infoetu/baptiste.lavogiez.etu/BUT2/Semestre1/Ressources/Webdev/Web/TP06/tomcat
03-Dec-2025 10:40:00.739 INFO [main] org.apache.catalina.startup.VersionLoggerListener.log Command line argument: -Dcatalina.home=/home/infoetu/baptiste.lavogiez.etu/BUT2/Semestre1/Ressources/Webdev/Web/TP06/tomcat
03-Dec-2025 10:40:00.739 INFO [main] org.apache.catalina.startup.VersionLoggerListener.log Command line argument: -Djava.io.tmpdir=/home/infoetu/baptiste.lavogiez.etu/BUT2/Semestre1/Ressources/Webdev/Web/TP06/tomcat/temp
03-Dec-2025 10:40:00.739 INFO [main] org.apache.catalina.core.AprLifecycleListener.lifecycleEvent The Apache Tomcat Native library which allows using OpenSSL was not found on the java.library.path: [/usr/java/packages/lib:/usr/lib/x86_64-linux-gnu/jni:/lib/x86_64-linux-gnu:/usr/lib/x86_64-linux-gnu:/usr/lib/jni:/lib:/usr/lib]
03-Dec-2025 10:40:00.840 INFO [main] org.apache.coyote.AbstractProtocol.init Initializing ProtocolHandler ["http-nio-8080"]
03-Dec-2025 10:40:00.853 INFO [main] org.apache.catalina.startup.Catalina.load Server initialization in [194] milliseconds
03-Dec-2025 10:40:00.871 INFO [main] org.apache.catalina.core.StandardService.startInternal Starting service [Catalina]
03-Dec-2025 10:40:00.871 INFO [main] org.apache.catalina.core.StandardEngine.startInternal Starting Servlet engine: [Apache Tomcat/11.0.13]
03-Dec-2025 10:40:00.876 INFO [main] org.apache.catalina.startup.HostConfig.deployDirectory Deploying web application directory [/home/infoetu/baptiste.lavogiez.etu/BUT2/Semestre1/Ressources/Webdev/Web/TP06/tomcat/webapps/ROOT]
03-Dec-2025 10:40:01.038 INFO [main] org.apache.jasper.servlet.TldScanner.scanJars At least one JAR was scanned for TLDs yet contained no TLDs. Enable debug logging for this logger for a complete list of JARs that were scanned but no TLDs were found in them. Skipping unneeded JARs during scanning can improve startup time and JSP compilation time.
03-Dec-2025 10:40:01.055 INFO [main] org.apache.catalina.startup.HostConfig.deployDirectory Deployment of web application directory [/home/infoetu/baptiste.lavogiez.etu/BUT2/Semestre1/Ressources/Webdev/Web/TP06/tomcat/webapps/ROOT] has finished in [178] ms
03-Dec-2025 10:40:01.055 INFO [main] org.apache.catalina.startup.HostConfig.deployDirectory Deploying web application directory [/home/infoetu/baptiste.lavogiez.etu/BUT2/Semestre1/Ressources/Webdev/Web/TP06/tomcat/webapps/docs]
03-Dec-2025 10:40:01.108 INFO [main] org.apache.jasper.servlet.TldScanner.scanJars At least one JAR was scanned for TLDs yet contained no TLDs. Enable debug logging for this logger for a complete list of JARs that were scanned but no TLDs were found in them. Skipping unneeded JARs during scanning can improve startup time and JSP compilation time.
03-Dec-2025 10:40:01.109 INFO [main] org.apache.catalina.startup.HostConfig.deployDirectory Deployment of web application directory [/home/infoetu/baptiste.lavogiez.etu/BUT2/Semestre1/Ressources/Webdev/Web/TP06/tomcat/webapps/docs] has finished in [53] ms
03-Dec-2025 10:40:01.109 INFO [main] org.apache.catalina.startup.HostConfig.deployDirectory Deploying web application directory [/home/infoetu/baptiste.lavogiez.etu/BUT2/Semestre1/Ressources/Webdev/Web/TP06/tomcat/webapps/manager]
03-Dec-2025 10:40:01.162 INFO [main] org.apache.jasper.servlet.TldScanner.scanJars At least one JAR was scanned for TLDs yet contained no TLDs. Enable debug logging for this logger for a complete list of JARs that were scanned but no TLDs were found in them. Skipping unneeded JARs during scanning can improve startup time and JSP compilation time.
03-Dec-2025 10:40:01.165 INFO [main] org.apache.catalina.startup.HostConfig.deployDirectory Deployment of web application directory [/home/infoetu/baptiste.lavogiez.etu/BUT2/Semestre1/Ressources/Webdev/Web/TP06/tomcat/webapps/manager] has finished in [56] ms
03-Dec-2025 10:40:01.165 INFO [main] org.apache.catalina.startup.HostConfig.deployDirectory Deploying web application directory [/home/infoetu/baptiste.lavogiez.etu/BUT2/Semestre1/Ressources/Webdev/Web/TP06/tomcat/webapps/host-manager]
03-Dec-2025 10:40:01.213 INFO [main] org.apache.jasper.servlet.TldScanner.scanJars At least one JAR was scanned for TLDs yet contained no TLDs. Enable debug logging for this logger for a complete list of JARs that were scanned but no TLDs were found in them. Skipping unneeded JARs during scanning can improve startup time and JSP compilation time.
03-Dec-2025 10:40:01.214 INFO [main] org.apache.catalina.startup.HostConfig.deployDirectory Deployment of web application directory [/home/infoetu/baptiste.lavogiez.etu/BUT2/Semestre1/Ressources/Webdev/Web/TP06/tomcat/webapps/host-manager] has finished in [49] ms
03-Dec-2025 10:40:01.215 INFO [main] org.apache.catalina.startup.HostConfig.deployDirectory Deploying web application directory [/home/infoetu/baptiste.lavogiez.etu/BUT2/Semestre1/Ressources/Webdev/Web/TP06/tomcat/webapps/vide]
03-Dec-2025 10:40:01.264 INFO [main] org.apache.jasper.servlet.TldScanner.scanJars At least one JAR was scanned for TLDs yet contained no TLDs. Enable debug logging for this logger for a complete list of JARs that were scanned but no TLDs were found in them. Skipping unneeded JARs during scanning can improve startup time and JSP compilation time.
03-Dec-2025 10:40:01.266 INFO [main] org.apache.catalina.startup.HostConfig.deployDirectory Deployment of web application directory [/home/infoetu/baptiste.lavogiez.etu/BUT2/Semestre1/Ressources/Webdev/Web/TP06/tomcat/webapps/vide] has finished in [50] ms
03-Dec-2025 10:40:01.266 INFO [main] org.apache.catalina.startup.HostConfig.deployDirectory Deploying web application directory [/home/infoetu/baptiste.lavogiez.etu/BUT2/Semestre1/Ressources/Webdev/Web/TP06/tomcat/webapps/examples]
03-Dec-2025 10:40:01.474 INFO [main] org.apache.jasper.servlet.TldScanner.scanJars At least one JAR was scanned for TLDs yet contained no TLDs. Enable debug logging for this logger for a complete list of JARs that were scanned but no TLDs were found in them. Skipping unneeded JARs during scanning can improve startup time and JSP compilation time.
03-Dec-2025 10:40:01.488 INFO [main] org.apache.catalina.startup.HostConfig.deployDirectory Deployment of web application directory [/home/infoetu/baptiste.lavogiez.etu/BUT2/Semestre1/Ressources/Webdev/Web/TP06/tomcat/webapps/examples] has finished in [221] ms
03-Dec-2025 10:40:01.489 INFO [main] org.apache.coyote.AbstractProtocol.start Starting ProtocolHandler ["http-nio-8080"]
03-Dec-2025 10:40:01.496 INFO [main] org.apache.catalina.startup.Catalina.start Server startup in [642] milliseconds
03-Dec-2025 10:41:41.550 INFO [Catalina-utility-2] org.apache.catalina.core.StandardContext.reload Reloading Context with name [/vide] has started
03-Dec-2025 10:41:41.625 INFO [Catalina-utility-2] org.apache.jasper.servlet.TldScanner.scanJars At least one JAR was scanned for TLDs yet contained no TLDs. Enable debug logging for this logger for a complete list of JARs that were scanned but no TLDs were found in them. Skipping unneeded JARs during scanning can improve startup time and JSP compilation time.
03-Dec-2025 10:41:41.626 INFO [Catalina-utility-2] org.apache.catalina.core.StandardContext.reload Reloading Context with name [/vide] is completed
03-Dec-2025 10:43:04.961 INFO [Thread-1] org.apache.coyote.AbstractProtocol.pause Pausing ProtocolHandler ["http-nio-8080"]
03-Dec-2025 10:43:04.962 INFO [Thread-1] org.apache.catalina.core.StandardService.stopInternal Stopping service [Catalina]
03-Dec-2025 10:43:04.980 INFO [Thread-1] org.apache.coyote.AbstractProtocol.stop Stopping ProtocolHandler ["http-nio-8080"]
03-Dec-2025 10:43:04.985 INFO [Thread-1] org.apache.coyote.AbstractProtocol.destroy Destroying ProtocolHandler ["http-nio-8080"]
03-Dec-2025 10:43:05.897 INFO [main] org.apache.catalina.startup.VersionLoggerListener.log Server version name:   Apache Tomcat/11.0.13
03-Dec-2025 10:43:05.899 INFO [main] org.apache.catalina.startup.VersionLoggerListener.log Server built:          Oct 10 2025 13:57:31 UTC
03-Dec-2025 10:43:05.899 INFO [main] org.apache.catalina.startup.VersionLoggerListener.log Server version number: 11.0.13.0
03-Dec-2025 10:43:05.899 INFO [main] org.apache.catalina.startup.VersionLoggerListener.log OS Name:               Linux
03-Dec-2025 10:43:05.899 INFO [main] org.apache.catalina.startup.VersionLoggerListener.log OS Version:            6.1.0-40-amd64
03-Dec-2025 10:43:05.899 INFO [main] org.apache.catalina.startup.VersionLoggerListener.log Architecture:          amd64
03-Dec-2025 10:43:05.899 INFO [main] org.apache.catalina.startup.VersionLoggerListener.log Java Home:             /usr/lib/jvm/java-17-openjdk-amd64
03-Dec-2025 10:43:05.899 INFO [main] org.apache.catalina.startup.VersionLoggerListener.log JVM Version:           17.0.17+10-Debian-1deb12u1
03-Dec-2025 10:43:05.900 INFO [main] org.apache.catalina.startup.VersionLoggerListener.log JVM Vendor:            Debian
03-Dec-2025 10:43:05.900 INFO [main] org.apache.catalina.startup.VersionLoggerListener.log CATALINA_BASE:         /home/infoetu/baptiste.lavogiez.etu/BUT2/Semestre1/Ressources/Webdev/Web/TP06/tomcat
03-Dec-2025 10:43:05.900 INFO [main] org.apache.catalina.startup.VersionLoggerListener.log CATALINA_HOME:         /home/infoetu/baptiste.lavogiez.etu/BUT2/Semestre1/Ressources/Webdev/Web/TP06/tomcat
03-Dec-2025 10:43:05.903 INFO [main] org.apache.catalina.startup.VersionLoggerListener.log Command line argument: -Djava.util.logging.config.file=/home/infoetu/baptiste.lavogiez.etu/BUT2/Semestre1/Ressources/Webdev/Web/TP06/tomcat/conf/logging.properties
03-Dec-2025 10:43:05.903 INFO [main] org.apache.catalina.startup.VersionLoggerListener.log Command line argument: -Djava.util.logging.manager=org.apache.juli.ClassLoaderLogManager
03-Dec-2025 10:43:05.903 INFO [main] org.apache.catalina.startup.VersionLoggerListener.log Command line argument: -Djdk.tls.ephemeralDHKeySize=2048
03-Dec-2025 10:43:05.903 INFO [main] org.apache.catalina.startup.VersionLoggerListener.log Command line argument: -Dorg.apache.catalina.security.SecurityListener.UMASK=0027
03-Dec-2025 10:43:05.903 INFO [main] org.apache.catalina.startup.VersionLoggerListener.log Command line argument: --add-opens=java.base/java.lang=ALL-UNNAMED
03-Dec-2025 10:43:05.904 INFO [main] org.apache.catalina.startup.VersionLoggerListener.log Command line argument: --add-opens=java.base/java.lang.reflect=ALL-UNNAMED
03-Dec-2025 10:43:05.904 INFO [main] org.apache.catalina.startup.VersionLoggerListener.log Command line argument: --add-opens=java.base/java.io=ALL-UNNAMED
03-Dec-2025 10:43:05.904 INFO [main] org.apache.catalina.startup.VersionLoggerListener.log Command line argument: --add-opens=java.base/java.util=ALL-UNNAMED
03-Dec-2025 10:43:05.904 INFO [main] org.apache.catalina.startup.VersionLoggerListener.log Command line argument: --add-opens=java.base/java.util.concurrent=ALL-UNNAMED
03-Dec-2025 10:43:05.904 INFO [main] org.apache.catalina.startup.VersionLoggerListener.log Command line argument: --add-opens=java.rmi/sun.rmi.transport=ALL-UNNAMED
03-Dec-2025 10:43:05.904 INFO [main] org.apache.catalina.startup.VersionLoggerListener.log Command line argument: --enable-native-access=ALL-UNNAMED
03-Dec-2025 10:43:05.904 INFO [main] org.apache.catalina.startup.VersionLoggerListener.log Command line argument: -Dcatalina.base=/home/infoetu/baptiste.lavogiez.etu/BUT2/Semestre1/Ressources/Webdev/Web/TP06/tomcat
03-Dec-2025 10:43:05.904 INFO [main] org.apache.catalina.startup.VersionLoggerListener.log Command line argument: -Dcatalina.home=/home/infoetu/baptiste.lavogiez.etu/BUT2/Semestre1/Ressources/Webdev/Web/TP06/tomcat
03-Dec-2025 10:43:05.904 INFO [main] org.apache.catalina.startup.VersionLoggerListener.log Command line argument: -Djava.io.tmpdir=/home/infoetu/baptiste.lavogiez.etu/BUT2/Semestre1/Ressources/Webdev/Web/TP06/tomcat/temp
03-Dec-2025 10:43:05.905 INFO [main] org.apache.catalina.core.AprLifecycleListener.lifecycleEvent The Apache Tomcat Native library which allows using OpenSSL was not found on the java.library.path: [/usr/java/packages/lib:/usr/lib/x86_64-linux-gnu/jni:/lib/x86_64-linux-gnu:/usr/lib/x86_64-linux-gnu:/usr/lib/jni:/lib:/usr/lib]
03-Dec-2025 10:43:06.006 INFO [main] org.apache.coyote.AbstractProtocol.init Initializing ProtocolHandler ["http-nio-8080"]
03-Dec-2025 10:43:06.021 INFO [main] org.apache.catalina.startup.Catalina.load Server initialization in [199] milliseconds
03-Dec-2025 10:43:06.040 INFO [main] org.apache.catalina.core.StandardService.startInternal Starting service [Catalina]
03-Dec-2025 10:43:06.040 INFO [main] org.apache.catalina.core.StandardEngine.startInternal Starting Servlet engine: [Apache Tomcat/11.0.13]
03-Dec-2025 10:43:06.045 INFO [main] org.apache.catalina.startup.HostConfig.deployDirectory Deploying web application directory [/home/infoetu/baptiste.lavogiez.etu/BUT2/Semestre1/Ressources/Webdev/Web/TP06/tomcat/webapps/ROOT]
03-Dec-2025 10:43:06.213 INFO [main] org.apache.jasper.servlet.TldScanner.scanJars At least one JAR was scanned for TLDs yet contained no TLDs. Enable debug logging for this logger for a complete list of JARs that were scanned but no TLDs were found in them. Skipping unneeded JARs during scanning can improve startup time and JSP compilation time.
03-Dec-2025 10:43:06.230 INFO [main] org.apache.catalina.startup.HostConfig.deployDirectory Deployment of web application directory [/home/infoetu/baptiste.lavogiez.etu/BUT2/Semestre1/Ressources/Webdev/Web/TP06/tomcat/webapps/ROOT] has finished in [185] ms
03-Dec-2025 10:43:06.230 INFO [main] org.apache.catalina.startup.HostConfig.deployDirectory Deploying web application directory [/home/infoetu/baptiste.lavogiez.etu/BUT2/Semestre1/Ressources/Webdev/Web/TP06/tomcat/webapps/docs]
03-Dec-2025 10:43:06.288 INFO [main] org.apache.jasper.servlet.TldScanner.scanJars At least one JAR was scanned for TLDs yet contained no TLDs. Enable debug logging for this logger for a complete list of JARs that were scanned but no TLDs were found in them. Skipping unneeded JARs during scanning can improve startup time and JSP compilation time.
03-Dec-2025 10:43:06.289 INFO [main] org.apache.catalina.startup.HostConfig.deployDirectory Deployment of web application directory [/home/infoetu/baptiste.lavogiez.etu/BUT2/Semestre1/Ressources/Webdev/Web/TP06/tomcat/webapps/docs] has finished in [59] ms
03-Dec-2025 10:43:06.289 INFO [main] org.apache.catalina.startup.HostConfig.deployDirectory Deploying web application directory [/home/infoetu/baptiste.lavogiez.etu/BUT2/Semestre1/Ressources/Webdev/Web/TP06/tomcat/webapps/manager]
03-Dec-2025 10:43:06.343 INFO [main] org.apache.jasper.servlet.TldScanner.scanJars At least one JAR was scanned for TLDs yet contained no TLDs. Enable debug logging for this logger for a complete list of JARs that were scanned but no TLDs were found in them. Skipping unneeded JARs during scanning can improve startup time and JSP compilation time.
03-Dec-2025 10:43:06.346 INFO [main] org.apache.catalina.startup.HostConfig.deployDirectory Deployment of web application directory [/home/infoetu/baptiste.lavogiez.etu/BUT2/Semestre1/Ressources/Webdev/Web/TP06/tomcat/webapps/manager] has finished in [56] ms
03-Dec-2025 10:43:06.346 INFO [main] org.apache.catalina.startup.HostConfig.deployDirectory Deploying web application directory [/home/infoetu/baptiste.lavogiez.etu/BUT2/Semestre1/Ressources/Webdev/Web/TP06/tomcat/webapps/host-manager]
03-Dec-2025 10:43:06.395 INFO [main] org.apache.jasper.servlet.TldScanner.scanJars At least one JAR was scanned for TLDs yet contained no TLDs. Enable debug logging for this logger for a complete list of JARs that were scanned but no TLDs were found in them. Skipping unneeded JARs during scanning can improve startup time and JSP compilation time.
03-Dec-2025 10:43:06.396 INFO [main] org.apache.catalina.startup.HostConfig.deployDirectory Deployment of web application directory [/home/infoetu/baptiste.lavogiez.etu/BUT2/Semestre1/Ressources/Webdev/Web/TP06/tomcat/webapps/host-manager] has finished in [50] ms
03-Dec-2025 10:43:06.397 INFO [main] org.apache.catalina.startup.HostConfig.deployDirectory Deploying web application directory [/home/infoetu/baptiste.lavogiez.etu/BUT2/Semestre1/Ressources/Webdev/Web/TP06/tomcat/webapps/vide]
03-Dec-2025 10:43:06.446 INFO [main] org.apache.jasper.servlet.TldScanner.scanJars At least one JAR was scanned for TLDs yet contained no TLDs. Enable debug logging for this logger for a complete list of JARs that were scanned but no TLDs were found in them. Skipping unneeded JARs during scanning can improve startup time and JSP compilation time.
03-Dec-2025 10:43:06.448 INFO [main] org.apache.catalina.startup.HostConfig.deployDirectory Deployment of web application directory [/home/infoetu/baptiste.lavogiez.etu/BUT2/Semestre1/Ressources/Webdev/Web/TP06/tomcat/webapps/vide] has finished in [51] ms
03-Dec-2025 10:43:06.448 INFO [main] org.apache.catalina.startup.HostConfig.deployDirectory Deploying web application directory [/home/infoetu/baptiste.lavogiez.etu/BUT2/Semestre1/Ressources/Webdev/Web/TP06/tomcat/webapps/examples]
03-Dec-2025 10:43:06.644 INFO [main] org.apache.jasper.servlet.TldScanner.scanJars At least one JAR was scanned for TLDs yet contained no TLDs. Enable debug logging for this logger for a complete list of JARs that were scanned but no TLDs were found in them. Skipping unneeded JARs during scanning can improve startup time and JSP compilation time.
03-Dec-2025 10:43:06.662 INFO [main] org.apache.catalina.startup.HostConfig.deployDirectory Deployment of web application directory [/home/infoetu/baptiste.lavogiez.etu/BUT2/Semestre1/Ressources/Webdev/Web/TP06/tomcat/webapps/examples] has finished in [214] ms
03-Dec-2025 10:43:06.665 INFO [main] org.apache.coyote.AbstractProtocol.start Starting ProtocolHandler ["http-nio-8080"]
03-Dec-2025 10:43:06.673 INFO [main] org.apache.catalina.startup.Catalina.start Server startup in [651] milliseconds
03-Dec-2025 10:48:56.875 INFO [Catalina-utility-2] org.apache.catalina.core.StandardContext.reload Reloading Context with name [/vide] has started
03-Dec-2025 10:48:56.971 INFO [Catalina-utility-2] org.apache.jasper.servlet.TldScanner.scanJars At least one JAR was scanned for TLDs yet contained no TLDs. Enable debug logging for this logger for a complete list of JARs that were scanned but no TLDs were found in them. Skipping unneeded JARs during scanning can improve startup time and JSP compilation time.
03-Dec-2025 10:48:56.972 INFO [Catalina-utility-2] org.apache.catalina.core.StandardContext.reload Reloading Context with name [/vide] is completed
03-Dec-2025 10:49:16.980 INFO [Catalina-utility-2] org.apache.catalina.core.StandardContext.reload Reloading Context with name [/vide] has started
03-Dec-2025 10:49:17.045 INFO [Catalina-utility-2] org.apache.jasper.servlet.TldScanner.scanJars At least one JAR was scanned for TLDs yet contained no TLDs. Enable debug logging for this logger for a complete list of JARs that were scanned but no TLDs were found in them. Skipping unneeded JARs during scanning can improve startup time and JSP compilation time.
03-Dec-2025 10:49:17.046 INFO [Catalina-utility-2] org.apache.catalina.core.StandardContext.reload Reloading Context with name [/vide] is completed
03-Dec-2025 10:49:47.064 INFO [Catalina-utility-1] org.apache.catalina.core.StandardContext.reload Reloading Context with name [/vide] has started
03-Dec-2025 10:49:47.120 INFO [Catalina-utility-1] org.apache.jasper.servlet.TldScanner.scanJars At least one JAR was scanned for TLDs yet contained no TLDs. Enable debug logging for this logger for a complete list of JARs that were scanned but no TLDs were found in them. Skipping unneeded JARs during scanning can improve startup time and JSP compilation time.
03-Dec-2025 10:49:47.121 INFO [Catalina-utility-1] org.apache.catalina.core.StandardContext.reload Reloading Context with name [/vide] is completed
03-Dec-2025 10:49:57.125 INFO [Catalina-utility-1] org.apache.catalina.core.StandardContext.reload Reloading Context with name [/vide] has started
03-Dec-2025 10:49:57.211 INFO [Catalina-utility-1] org.apache.jasper.servlet.TldScanner.scanJars At least one JAR was scanned for TLDs yet contained no TLDs. Enable debug logging for this logger for a complete list of JARs that were scanned but no TLDs were found in them. Skipping unneeded JARs during scanning can improve startup time and JSP compilation time.
03-Dec-2025 10:49:57.212 INFO [Catalina-utility-1] org.apache.catalina.core.StandardContext.reload Reloading Context with name [/vide] is completed
03-Dec-2025 10:50:11.115 INFO [Thread-1] org.apache.coyote.AbstractProtocol.pause Pausing ProtocolHandler ["http-nio-8080"]
03-Dec-2025 10:50:11.116 INFO [Thread-1] org.apache.catalina.core.StandardService.stopInternal Stopping service [Catalina]
03-Dec-2025 10:50:11.135 INFO [Thread-1] org.apache.coyote.AbstractProtocol.stop Stopping ProtocolHandler ["http-nio-8080"]
03-Dec-2025 10:50:11.139 INFO [Thread-1] org.apache.coyote.AbstractProtocol.destroy Destroying ProtocolHandler ["http-nio-8080"]
03-Dec-2025 10:50:11.889 INFO [main] org.apache.catalina.startup.VersionLoggerListener.log Server version name:   Apache Tomcat/11.0.13
03-Dec-2025 10:50:11.891 INFO [main] org.apache.catalina.startup.VersionLoggerListener.log Server built:          Oct 10 2025 13:57:31 UTC
03-Dec-2025 10:50:11.892 INFO [main] org.apache.catalina.startup.VersionLoggerListener.log Server version number: 11.0.13.0
03-Dec-2025 10:50:11.892 INFO [main] org.apache.catalina.startup.VersionLoggerListener.log OS Name:               Linux
03-Dec-2025 10:50:11.892 INFO [main] org.apache.catalina.startup.VersionLoggerListener.log OS Version:            6.1.0-40-amd64
03-Dec-2025 10:50:11.892 INFO [main] org.apache.catalina.startup.VersionLoggerListener.log Architecture:          amd64
03-Dec-2025 10:50:11.892 INFO [main] org.apache.catalina.startup.VersionLoggerListener.log Java Home:             /usr/lib/jvm/java-17-openjdk-amd64
03-Dec-2025 10:50:11.892 INFO [main] org.apache.catalina.startup.VersionLoggerListener.log JVM Version:           17.0.17+10-Debian-1deb12u1
03-Dec-2025 10:50:11.892 INFO [main] org.apache.catalina.startup.VersionLoggerListener.log JVM Vendor:            Debian
03-Dec-2025 10:50:11.892 INFO [main] org.apache.catalina.startup.VersionLoggerListener.log CATALINA_BASE:         /home/infoetu/baptiste.lavogiez.etu/BUT2/Semestre1/Ressources/Webdev/Web/TP06/tomcat
03-Dec-2025 10:50:11.892 INFO [main] org.apache.catalina.startup.VersionLoggerListener.log CATALINA_HOME:         /home/infoetu/baptiste.lavogiez.etu/BUT2/Semestre1/Ressources/Webdev/Web/TP06/tomcat
03-Dec-2025 10:50:11.895 INFO [main] org.apache.catalina.startup.VersionLoggerListener.log Command line argument: -Djava.util.logging.config.file=/home/infoetu/baptiste.lavogiez.etu/BUT2/Semestre1/Ressources/Webdev/Web/TP06/tomcat/conf/logging.properties
03-Dec-2025 10:50:11.895 INFO [main] org.apache.catalina.startup.VersionLoggerListener.log Command line argument: -Djava.util.logging.manager=org.apache.juli.ClassLoaderLogManager
03-Dec-2025 10:50:11.896 INFO [main] org.apache.catalina.startup.VersionLoggerListener.log Command line argument: -Djdk.tls.ephemeralDHKeySize=2048
03-Dec-2025 10:50:11.896 INFO [main] org.apache.catalina.startup.VersionLoggerListener.log Command line argument: -Dorg.apache.catalina.security.SecurityListener.UMASK=0027
03-Dec-2025 10:50:11.896 INFO [main] org.apache.catalina.startup.VersionLoggerListener.log Command line argument: --add-opens=java.base/java.lang=ALL-UNNAMED
03-Dec-2025 10:50:11.896 INFO [main] org.apache.catalina.startup.VersionLoggerListener.log Command line argument: --add-opens=java.base/java.lang.reflect=ALL-UNNAMED
03-Dec-2025 10:50:11.896 INFO [main] org.apache.catalina.startup.VersionLoggerListener.log Command line argument: --add-opens=java.base/java.io=ALL-UNNAMED
03-Dec-2025 10:50:11.896 INFO [main] org.apache.catalina.startup.VersionLoggerListener.log Command line argument: --add-opens=java.base/java.util=ALL-UNNAMED
03-Dec-2025 10:50:11.896 INFO [main] org.apache.catalina.startup.VersionLoggerListener.log Command line argument: --add-opens=java.base/java.util.concurrent=ALL-UNNAMED
03-Dec-2025 10:50:11.896 INFO [main] org.apache.catalina.startup.VersionLoggerListener.log Command line argument: --add-opens=java.rmi/sun.rmi.transport=ALL-UNNAMED
03-Dec-2025 10:50:11.896 INFO [main] org.apache.catalina.startup.VersionLoggerListener.log Command line argument: --enable-native-access=ALL-UNNAMED
03-Dec-2025 10:50:11.896 INFO [main] org.apache.catalina.startup.VersionLoggerListener.log Command line argument: -Dcatalina.base=/home/infoetu/baptiste.lavogiez.etu/BUT2/Semestre1/Ressources/Webdev/Web/TP06/tomcat
03-Dec-2025 10:50:11.896 INFO [main] org.apache.catalina.startup.VersionLoggerListener.log Command line argument: -Dcatalina.home=/home/infoetu/baptiste.lavogiez.etu/BUT2/Semestre1/Ressources/Webdev/Web/TP06/tomcat
03-Dec-2025 10:50:11.896 INFO [main] org.apache.catalina.startup.VersionLoggerListener.log Command line argument: -Djava.io.tmpdir=/home/infoetu/baptiste.lavogiez.etu/BUT2/Semestre1/Ressources/Webdev/Web/TP06/tomcat/temp
03-Dec-2025 10:50:11.897 INFO [main] org.apache.catalina.core.AprLifecycleListener.lifecycleEvent The Apache Tomcat Native library which allows using OpenSSL was not found on the java.library.path: [/usr/java/packages/lib:/usr/lib/x86_64-linux-gnu/jni:/lib/x86_64-linux-gnu:/usr/lib/x86_64-linux-gnu:/usr/lib/jni:/lib:/usr/lib]
03-Dec-2025 10:50:11.998 INFO [main] org.apache.coyote.AbstractProtocol.init Initializing ProtocolHandler ["http-nio-8080"]
03-Dec-2025 10:50:12.011 INFO [main] org.apache.catalina.startup.Catalina.load Server initialization in [195] milliseconds
03-Dec-2025 10:50:12.030 INFO [main] org.apache.catalina.core.StandardService.startInternal Starting service [Catalina]
03-Dec-2025 10:50:12.030 INFO [main] org.apache.catalina.core.StandardEngine.startInternal Starting Servlet engine: [Apache Tomcat/11.0.13]
03-Dec-2025 10:50:12.034 INFO [main] org.apache.catalina.startup.HostConfig.deployDirectory Deploying web application directory [/home/infoetu/baptiste.lavogiez.etu/BUT2/Semestre1/Ressources/Webdev/Web/TP06/tomcat/webapps/ROOT]
03-Dec-2025 10:50:12.214 INFO [main] org.apache.jasper.servlet.TldScanner.scanJars At least one JAR was scanned for TLDs yet contained no TLDs. Enable debug logging for this logger for a complete list of JARs that were scanned but no TLDs were found in them. Skipping unneeded JARs during scanning can improve startup time and JSP compilation time.
03-Dec-2025 10:50:12.232 INFO [main] org.apache.catalina.startup.HostConfig.deployDirectory Deployment of web application directory [/home/infoetu/baptiste.lavogiez.etu/BUT2/Semestre1/Ressources/Webdev/Web/TP06/tomcat/webapps/ROOT] has finished in [198] ms
03-Dec-2025 10:50:12.232 INFO [main] org.apache.catalina.startup.HostConfig.deployDirectory Deploying web application directory [/home/infoetu/baptiste.lavogiez.etu/BUT2/Semestre1/Ressources/Webdev/Web/TP06/tomcat/webapps/docs]
03-Dec-2025 10:50:12.287 INFO [main] org.apache.jasper.servlet.TldScanner.scanJars At least one JAR was scanned for TLDs yet contained no TLDs. Enable debug logging for this logger for a complete list of JARs that were scanned but no TLDs were found in them. Skipping unneeded JARs during scanning can improve startup time and JSP compilation time.
03-Dec-2025 10:50:12.288 INFO [main] org.apache.catalina.startup.HostConfig.deployDirectory Deployment of web application directory [/home/infoetu/baptiste.lavogiez.etu/BUT2/Semestre1/Ressources/Webdev/Web/TP06/tomcat/webapps/docs] has finished in [56] ms
03-Dec-2025 10:50:12.288 INFO [main] org.apache.catalina.startup.HostConfig.deployDirectory Deploying web application directory [/home/infoetu/baptiste.lavogiez.etu/BUT2/Semestre1/Ressources/Webdev/Web/TP06/tomcat/webapps/manager]
03-Dec-2025 10:50:12.344 INFO [main] org.apache.jasper.servlet.TldScanner.scanJars At least one JAR was scanned for TLDs yet contained no TLDs. Enable debug logging for this logger for a complete list of JARs that were scanned but no TLDs were found in them. Skipping unneeded JARs during scanning can improve startup time and JSP compilation time.
03-Dec-2025 10:50:12.347 INFO [main] org.apache.catalina.startup.HostConfig.deployDirectory Deployment of web application directory [/home/infoetu/baptiste.lavogiez.etu/BUT2/Semestre1/Ressources/Webdev/Web/TP06/tomcat/webapps/manager] has finished in [58] ms
03-Dec-2025 10:50:12.347 INFO [main] org.apache.catalina.startup.HostConfig.deployDirectory Deploying web application directory [/home/infoetu/baptiste.lavogiez.etu/BUT2/Semestre1/Ressources/Webdev/Web/TP06/tomcat/webapps/host-manager]
03-Dec-2025 10:50:12.398 INFO [main] org.apache.jasper.servlet.TldScanner.scanJars At least one JAR was scanned for TLDs yet contained no TLDs. Enable debug logging for this logger for a complete list of JARs that were scanned but no TLDs were found in them. Skipping unneeded JARs during scanning can improve startup time and JSP compilation time.
03-Dec-2025 10:50:12.399 INFO [main] org.apache.catalina.startup.HostConfig.deployDirectory Deployment of web application directory [/home/infoetu/baptiste.lavogiez.etu/BUT2/Semestre1/Ressources/Webdev/Web/TP06/tomcat/webapps/host-manager] has finished in [52] ms
03-Dec-2025 10:50:12.399 INFO [main] org.apache.catalina.startup.HostConfig.deployDirectory Deploying web application directory [/home/infoetu/baptiste.lavogiez.etu/BUT2/Semestre1/Ressources/Webdev/Web/TP06/tomcat/webapps/vide]
03-Dec-2025 10:50:12.451 INFO [main] org.apache.jasper.servlet.TldScanner.scanJars At least one JAR was scanned for TLDs yet contained no TLDs. Enable debug logging for this logger for a complete list of JARs that were scanned but no TLDs were found in them. Skipping unneeded JARs during scanning can improve startup time and JSP compilation time.
03-Dec-2025 10:50:12.453 INFO [main] org.apache.catalina.startup.HostConfig.deployDirectory Deployment of web application directory [/home/infoetu/baptiste.lavogiez.etu/BUT2/Semestre1/Ressources/Webdev/Web/TP06/tomcat/webapps/vide] has finished in [54] ms
03-Dec-2025 10:50:12.453 INFO [main] org.apache.catalina.startup.HostConfig.deployDirectory Deploying web application directory [/home/infoetu/baptiste.lavogiez.etu/BUT2/Semestre1/Ressources/Webdev/Web/TP06/tomcat/webapps/examples]
03-Dec-2025 10:50:12.663 INFO [main] org.apache.jasper.servlet.TldScanner.scanJars At least one JAR was scanned for TLDs yet contained no TLDs. Enable debug logging for this logger for a complete list of JARs that were scanned but no TLDs were found in them. Skipping unneeded JARs during scanning can improve startup time and JSP compilation time.
03-Dec-2025 10:50:12.677 INFO [main] org.apache.catalina.startup.HostConfig.deployDirectory Deployment of web application directory [/home/infoetu/baptiste.lavogiez.etu/BUT2/Semestre1/Ressources/Webdev/Web/TP06/tomcat/webapps/examples] has finished in [224] ms
03-Dec-2025 10:50:12.679 INFO [main] org.apache.coyote.AbstractProtocol.start Starting ProtocolHandler ["http-nio-8080"]
03-Dec-2025 10:50:12.685 INFO [main] org.apache.catalina.startup.Catalina.start Server startup in [673] milliseconds
03-Dec-2025 10:50:56.780 INFO [Thread-1] org.apache.coyote.AbstractProtocol.pause Pausing ProtocolHandler ["http-nio-8080"]
03-Dec-2025 10:50:56.781 INFO [Thread-1] org.apache.catalina.core.StandardService.stopInternal Stopping service [Catalina]
03-Dec-2025 10:50:56.803 INFO [Thread-1] org.apache.coyote.AbstractProtocol.stop Stopping ProtocolHandler ["http-nio-8080"]
03-Dec-2025 10:50:56.815 INFO [Thread-1] org.apache.coyote.AbstractProtocol.destroy Destroying ProtocolHandler ["http-nio-8080"]
03-Dec-2025 10:50:57.463 INFO [main] org.apache.catalina.startup.VersionLoggerListener.log Server version name:   Apache Tomcat/11.0.13
03-Dec-2025 10:50:57.465 INFO [main] org.apache.catalina.startup.VersionLoggerListener.log Server built:          Oct 10 2025 13:57:31 UTC
03-Dec-2025 10:50:57.465 INFO [main] org.apache.catalina.startup.VersionLoggerListener.log Server version number: 11.0.13.0
03-Dec-2025 10:50:57.465 INFO [main] org.apache.catalina.startup.VersionLoggerListener.log OS Name:               Linux
03-Dec-2025 10:50:57.465 INFO [main] org.apache.catalina.startup.VersionLoggerListener.log OS Version:            6.1.0-40-amd64
03-Dec-2025 10:50:57.465 INFO [main] org.apache.catalina.startup.VersionLoggerListener.log Architecture:          amd64
03-Dec-2025 10:50:57.465 INFO [main] org.apache.catalina.startup.VersionLoggerListener.log Java Home:             /usr/lib/jvm/java-17-openjdk-amd64
03-Dec-2025 10:50:57.465 INFO [main] org.apache.catalina.startup.VersionLoggerListener.log JVM Version:           17.0.17+10-Debian-1deb12u1
03-Dec-2025 10:50:57.465 INFO [main] org.apache.catalina.startup.VersionLoggerListener.log JVM Vendor:            Debian
03-Dec-2025 10:50:57.465 INFO [main] org.apache.catalina.startup.VersionLoggerListener.log CATALINA_BASE:         /home/infoetu/baptiste.lavogiez.etu/BUT2/Semestre1/Ressources/Webdev/Web/TP06/tomcat
03-Dec-2025 10:50:57.465 INFO [main] org.apache.catalina.startup.VersionLoggerListener.log CATALINA_HOME:         /home/infoetu/baptiste.lavogiez.etu/BUT2/Semestre1/Ressources/Webdev/Web/TP06/tomcat
03-Dec-2025 10:50:57.469 INFO [main] org.apache.catalina.startup.VersionLoggerListener.log Command line argument: -Djava.util.logging.config.file=/home/infoetu/baptiste.lavogiez.etu/BUT2/Semestre1/Ressources/Webdev/Web/TP06/tomcat/conf/logging.properties
03-Dec-2025 10:50:57.469 INFO [main] org.apache.catalina.startup.VersionLoggerListener.log Command line argument: -Djava.util.logging.manager=org.apache.juli.ClassLoaderLogManager
03-Dec-2025 10:50:57.469 INFO [main] org.apache.catalina.startup.VersionLoggerListener.log Command line argument: -Djdk.tls.ephemeralDHKeySize=2048
03-Dec-2025 10:50:57.469 INFO [main] org.apache.catalina.startup.VersionLoggerListener.log Command line argument: -Dorg.apache.catalina.security.SecurityListener.UMASK=0027
03-Dec-2025 10:50:57.469 INFO [main] org.apache.catalina.startup.VersionLoggerListener.log Command line argument: --add-opens=java.base/java.lang=ALL-UNNAMED
03-Dec-2025 10:50:57.469 INFO [main] org.apache.catalina.startup.VersionLoggerListener.log Command line argument: --add-opens=java.base/java.lang.reflect=ALL-UNNAMED
03-Dec-2025 10:50:57.469 INFO [main] org.apache.catalina.startup.VersionLoggerListener.log Command line argument: --add-opens=java.base/java.io=ALL-UNNAMED
03-Dec-2025 10:50:57.469 INFO [main] org.apache.catalina.startup.VersionLoggerListener.log Command line argument: --add-opens=java.base/java.util=ALL-UNNAMED
03-Dec-2025 10:50:57.469 INFO [main] org.apache.catalina.startup.VersionLoggerListener.log Command line argument: --add-opens=java.base/java.util.concurrent=ALL-UNNAMED
03-Dec-2025 10:50:57.469 INFO [main] org.apache.catalina.startup.VersionLoggerListener.log Command line argument: --add-opens=java.rmi/sun.rmi.transport=ALL-UNNAMED
03-Dec-2025 10:50:57.469 INFO [main] org.apache.catalina.startup.VersionLoggerListener.log Command line argument: --enable-native-access=ALL-UNNAMED
03-Dec-2025 10:50:57.469 INFO [main] org.apache.catalina.startup.VersionLoggerListener.log Command line argument: -Dcatalina.base=/home/infoetu/baptiste.lavogiez.etu/BUT2/Semestre1/Ressources/Webdev/Web/TP06/tomcat
03-Dec-2025 10:50:57.469 INFO [main] org.apache.catalina.startup.VersionLoggerListener.log Command line argument: -Dcatalina.home=/home/infoetu/baptiste.lavogiez.etu/BUT2/Semestre1/Ressources/Webdev/Web/TP06/tomcat
03-Dec-2025 10:50:57.469 INFO [main] org.apache.catalina.startup.VersionLoggerListener.log Command line argument: -Djava.io.tmpdir=/home/infoetu/baptiste.lavogiez.etu/BUT2/Semestre1/Ressources/Webdev/Web/TP06/tomcat/temp
03-Dec-2025 10:50:57.470 INFO [main] org.apache.catalina.core.AprLifecycleListener.lifecycleEvent The Apache Tomcat Native library which allows using OpenSSL was not found on the java.library.path: [/usr/java/packages/lib:/usr/lib/x86_64-linux-gnu/jni:/lib/x86_64-linux-gnu:/usr/lib/x86_64-linux-gnu:/usr/lib/jni:/lib:/usr/lib]
03-Dec-2025 10:50:57.571 INFO [main] org.apache.coyote.AbstractProtocol.init Initializing ProtocolHandler ["http-nio-8080"]
03-Dec-2025 10:50:57.584 INFO [main] org.apache.catalina.startup.Catalina.load Server initialization in [194] milliseconds
03-Dec-2025 10:50:57.601 INFO [main] org.apache.catalina.core.StandardService.startInternal Starting service [Catalina]
03-Dec-2025 10:50:57.601 INFO [main] org.apache.catalina.core.StandardEngine.startInternal Starting Servlet engine: [Apache Tomcat/11.0.13]
03-Dec-2025 10:50:57.606 INFO [main] org.apache.catalina.startup.HostConfig.deployDirectory Deploying web application directory [/home/infoetu/baptiste.lavogiez.etu/BUT2/Semestre1/Ressources/Webdev/Web/TP06/tomcat/webapps/ROOT]
03-Dec-2025 10:50:57.783 INFO [main] org.apache.jasper.servlet.TldScanner.scanJars At least one JAR was scanned for TLDs yet contained no TLDs. Enable debug logging for this logger for a complete list of JARs that were scanned but no TLDs were found in them. Skipping unneeded JARs during scanning can improve startup time and JSP compilation time.
03-Dec-2025 10:50:57.800 INFO [main] org.apache.catalina.startup.HostConfig.deployDirectory Deployment of web application directory [/home/infoetu/baptiste.lavogiez.etu/BUT2/Semestre1/Ressources/Webdev/Web/TP06/tomcat/webapps/ROOT] has finished in [194] ms
03-Dec-2025 10:50:57.800 INFO [main] org.apache.catalina.startup.HostConfig.deployDirectory Deploying web application directory [/home/infoetu/baptiste.lavogiez.etu/BUT2/Semestre1/Ressources/Webdev/Web/TP06/tomcat/webapps/docs]
03-Dec-2025 10:50:57.854 INFO [main] org.apache.jasper.servlet.TldScanner.scanJars At least one JAR was scanned for TLDs yet contained no TLDs. Enable debug logging for this logger for a complete list of JARs that were scanned but no TLDs were found in them. Skipping unneeded JARs during scanning can improve startup time and JSP compilation time.
03-Dec-2025 10:50:57.855 INFO [main] org.apache.catalina.startup.HostConfig.deployDirectory Deployment of web application directory [/home/infoetu/baptiste.lavogiez.etu/BUT2/Semestre1/Ressources/Webdev/Web/TP06/tomcat/webapps/docs] has finished in [55] ms
03-Dec-2025 10:50:57.855 INFO [main] org.apache.catalina.startup.HostConfig.deployDirectory Deploying web application directory [/home/infoetu/baptiste.lavogiez.etu/BUT2/Semestre1/Ressources/Webdev/Web/TP06/tomcat/webapps/manager]
03-Dec-2025 10:50:57.908 INFO [main] org.apache.jasper.servlet.TldScanner.scanJars At least one JAR was scanned for TLDs yet contained no TLDs. Enable debug logging for this logger for a complete list of JARs that were scanned but no TLDs were found in them. Skipping unneeded JARs during scanning can improve startup time and JSP compilation time.
03-Dec-2025 10:50:57.911 INFO [main] org.apache.catalina.startup.HostConfig.deployDirectory Deployment of web application directory [/home/infoetu/baptiste.lavogiez.etu/BUT2/Semestre1/Ressources/Webdev/Web/TP06/tomcat/webapps/manager] has finished in [56] ms
03-Dec-2025 10:50:57.911 INFO [main] org.apache.catalina.startup.HostConfig.deployDirectory Deploying web application directory [/home/infoetu/baptiste.lavogiez.etu/BUT2/Semestre1/Ressources/Webdev/Web/TP06/tomcat/webapps/host-manager]
03-Dec-2025 10:50:57.959 INFO [main] org.apache.jasper.servlet.TldScanner.scanJars At least one JAR was scanned for TLDs yet contained no TLDs. Enable debug logging for this logger for a complete list of JARs that were scanned but no TLDs were found in them. Skipping unneeded JARs during scanning can improve startup time and JSP compilation time.
03-Dec-2025 10:50:57.960 INFO [main] org.apache.catalina.startup.HostConfig.deployDirectory Deployment of web application directory [/home/infoetu/baptiste.lavogiez.etu/BUT2/Semestre1/Ressources/Webdev/Web/TP06/tomcat/webapps/host-manager] has finished in [49] ms
03-Dec-2025 10:50:57.960 INFO [main] org.apache.catalina.startup.HostConfig.deployDirectory Deploying web application directory [/home/infoetu/baptiste.lavogiez.etu/BUT2/Semestre1/Ressources/Webdev/Web/TP06/tomcat/webapps/vide]
03-Dec-2025 10:50:58.011 INFO [main] org.apache.jasper.servlet.TldScanner.scanJars At least one JAR was scanned for TLDs yet contained no TLDs. Enable debug logging for this logger for a complete list of JARs that were scanned but no TLDs were found in them. Skipping unneeded JARs during scanning can improve startup time and JSP compilation time.
03-Dec-2025 10:50:58.013 INFO [main] org.apache.catalina.startup.HostConfig.deployDirectory Deployment of web application directory [/home/infoetu/baptiste.lavogiez.etu/BUT2/Semestre1/Ressources/Webdev/Web/TP06/tomcat/webapps/vide] has finished in [53] ms
03-Dec-2025 10:50:58.013 INFO [main] org.apache.catalina.startup.HostConfig.deployDirectory Deploying web application directory [/home/infoetu/baptiste.lavogiez.etu/BUT2/Semestre1/Ressources/Webdev/Web/TP06/tomcat/webapps/examples]
03-Dec-2025 10:50:58.151 INFO [main] org.apache.jasper.servlet.TldScanner.scanJars At least one JAR was scanned for TLDs yet contained no TLDs. Enable debug logging for this logger for a complete list of JARs that were scanned but no TLDs were found in them. Skipping unneeded JARs during scanning can improve startup time and JSP compilation time.
03-Dec-2025 10:50:58.166 INFO [main] org.apache.catalina.startup.HostConfig.deployDirectory Deployment of web application directory [/home/infoetu/baptiste.lavogiez.etu/BUT2/Semestre1/Ressources/Webdev/Web/TP06/tomcat/webapps/examples] has finished in [153] ms
03-Dec-2025 10:50:58.168 INFO [main] org.apache.coyote.AbstractProtocol.start Starting ProtocolHandler ["http-nio-8080"]
03-Dec-2025 10:50:58.174 INFO [main] org.apache.catalina.startup.Catalina.start Server startup in [590] milliseconds
03-Dec-2025 10:51:55.726 INFO [Thread-1] org.apache.coyote.AbstractProtocol.pause Pausing ProtocolHandler ["http-nio-8080"]
03-Dec-2025 10:51:55.727 INFO [Thread-1] org.apache.catalina.core.StandardService.stopInternal Stopping service [Catalina]
03-Dec-2025 10:51:55.745 INFO [Thread-1] org.apache.coyote.AbstractProtocol.stop Stopping ProtocolHandler ["http-nio-8080"]
03-Dec-2025 10:51:55.752 INFO [Thread-1] org.apache.coyote.AbstractProtocol.destroy Destroying ProtocolHandler ["http-nio-8080"]
03-Dec-2025 10:51:56.400 INFO [main] org.apache.catalina.startup.VersionLoggerListener.log Server version name:   Apache Tomcat/11.0.13
03-Dec-2025 10:51:56.402 INFO [main] org.apache.catalina.startup.VersionLoggerListener.log Server built:          Oct 10 2025 13:57:31 UTC
03-Dec-2025 10:51:56.402 INFO [main] org.apache.catalina.startup.VersionLoggerListener.log Server version number: 11.0.13.0
03-Dec-2025 10:51:56.402 INFO [main] org.apache.catalina.startup.VersionLoggerListener.log OS Name:               Linux
03-Dec-2025 10:51:56.402 INFO [main] org.apache.catalina.startup.VersionLoggerListener.log OS Version:            6.1.0-40-amd64
03-Dec-2025 10:51:56.402 INFO [main] org.apache.catalina.startup.VersionLoggerListener.log Architecture:          amd64
03-Dec-2025 10:51:56.402 INFO [main] org.apache.catalina.startup.VersionLoggerListener.log Java Home:             /usr/lib/jvm/java-17-openjdk-amd64
03-Dec-2025 10:51:56.402 INFO [main] org.apache.catalina.startup.VersionLoggerListener.log JVM Version:           17.0.17+10-Debian-1deb12u1
03-Dec-2025 10:51:56.402 INFO [main] org.apache.catalina.startup.VersionLoggerListener.log JVM Vendor:            Debian
03-Dec-2025 10:51:56.402 INFO [main] org.apache.catalina.startup.VersionLoggerListener.log CATALINA_BASE:         /home/infoetu/baptiste.lavogiez.etu/BUT2/Semestre1/Ressources/Webdev/Web/TP06/tomcat
03-Dec-2025 10:51:56.403 INFO [main] org.apache.catalina.startup.VersionLoggerListener.log CATALINA_HOME:         /home/infoetu/baptiste.lavogiez.etu/BUT2/Semestre1/Ressources/Webdev/Web/TP06/tomcat
03-Dec-2025 10:51:56.406 INFO [main] org.apache.catalina.startup.VersionLoggerListener.log Command line argument: -Djava.util.logging.config.file=/home/infoetu/baptiste.lavogiez.etu/BUT2/Semestre1/Ressources/Webdev/Web/TP06/tomcat/conf/logging.properties
03-Dec-2025 10:51:56.406 INFO [main] org.apache.catalina.startup.VersionLoggerListener.log Command line argument: -Djava.util.logging.manager=org.apache.juli.ClassLoaderLogManager
03-Dec-2025 10:51:56.406 INFO [main] org.apache.catalina.startup.VersionLoggerListener.log Command line argument: -Djdk.tls.ephemeralDHKeySize=2048
03-Dec-2025 10:51:56.406 INFO [main] org.apache.catalina.startup.VersionLoggerListener.log Command line argument: -Dorg.apache.catalina.security.SecurityListener.UMASK=0027
03-Dec-2025 10:51:56.406 INFO [main] org.apache.catalina.startup.VersionLoggerListener.log Command line argument: --add-opens=java.base/java.lang=ALL-UNNAMED
03-Dec-2025 10:51:56.406 INFO [main] org.apache.catalina.startup.VersionLoggerListener.log Command line argument: --add-opens=java.base/java.lang.reflect=ALL-UNNAMED
03-Dec-2025 10:51:56.406 INFO [main] org.apache.catalina.startup.VersionLoggerListener.log Command line argument: --add-opens=java.base/java.io=ALL-UNNAMED
03-Dec-2025 10:51:56.406 INFO [main] org.apache.catalina.startup.VersionLoggerListener.log Command line argument: --add-opens=java.base/java.util=ALL-UNNAMED
03-Dec-2025 10:51:56.406 INFO [main] org.apache.catalina.startup.VersionLoggerListener.log Command line argument: --add-opens=java.base/java.util.concurrent=ALL-UNNAMED
03-Dec-2025 10:51:56.407 INFO [main] org.apache.catalina.startup.VersionLoggerListener.log Command line argument: --add-opens=java.rmi/sun.rmi.transport=ALL-UNNAMED
03-Dec-2025 10:51:56.407 INFO [main] org.apache.catalina.startup.VersionLoggerListener.log Command line argument: --enable-native-access=ALL-UNNAMED
03-Dec-2025 10:51:56.407 INFO [main] org.apache.catalina.startup.VersionLoggerListener.log Command line argument: -Dcatalina.base=/home/infoetu/baptiste.lavogiez.etu/BUT2/Semestre1/Ressources/Webdev/Web/TP06/tomcat
03-Dec-2025 10:51:56.407 INFO [main] org.apache.catalina.startup.VersionLoggerListener.log Command line argument: -Dcatalina.home=/home/infoetu/baptiste.lavogiez.etu/BUT2/Semestre1/Ressources/Webdev/Web/TP06/tomcat
03-Dec-2025 10:51:56.407 INFO [main] org.apache.catalina.startup.VersionLoggerListener.log Command line argument: -Djava.io.tmpdir=/home/infoetu/baptiste.lavogiez.etu/BUT2/Semestre1/Ressources/Webdev/Web/TP06/tomcat/temp
03-Dec-2025 10:51:56.407 INFO [main] org.apache.catalina.core.AprLifecycleListener.lifecycleEvent The Apache Tomcat Native library which allows using OpenSSL was not found on the java.library.path: [/usr/java/packages/lib:/usr/lib/x86_64-linux-gnu/jni:/lib/x86_64-linux-gnu:/usr/lib/x86_64-linux-gnu:/usr/lib/jni:/lib:/usr/lib]
03-Dec-2025 10:51:56.509 INFO [main] org.apache.coyote.AbstractProtocol.init Initializing ProtocolHandler ["http-nio-8080"]
03-Dec-2025 10:51:56.523 INFO [main] org.apache.catalina.startup.Catalina.load Server initialization in [198] milliseconds
03-Dec-2025 10:51:56.541 INFO [main] org.apache.catalina.core.StandardService.startInternal Starting service [Catalina]
03-Dec-2025 10:51:56.541 INFO [main] org.apache.catalina.core.StandardEngine.startInternal Starting Servlet engine: [Apache Tomcat/11.0.13]
03-Dec-2025 10:51:56.546 INFO [main] org.apache.catalina.startup.HostConfig.deployDirectory Deploying web application directory [/home/infoetu/baptiste.lavogiez.etu/BUT2/Semestre1/Ressources/Webdev/Web/TP06/tomcat/webapps/ROOT]
03-Dec-2025 10:51:56.723 INFO [main] org.apache.jasper.servlet.TldScanner.scanJars At least one JAR was scanned for TLDs yet contained no TLDs. Enable debug logging for this logger for a complete list of JARs that were scanned but no TLDs were found in them. Skipping unneeded JARs during scanning can improve startup time and JSP compilation time.
03-Dec-2025 10:51:56.741 INFO [main] org.apache.catalina.startup.HostConfig.deployDirectory Deployment of web application directory [/home/infoetu/baptiste.lavogiez.etu/BUT2/Semestre1/Ressources/Webdev/Web/TP06/tomcat/webapps/ROOT] has finished in [194] ms
03-Dec-2025 10:51:56.741 INFO [main] org.apache.catalina.startup.HostConfig.deployDirectory Deploying web application directory [/home/infoetu/baptiste.lavogiez.etu/BUT2/Semestre1/Ressources/Webdev/Web/TP06/tomcat/webapps/docs]
03-Dec-2025 10:51:56.795 INFO [main] org.apache.jasper.servlet.TldScanner.scanJars At least one JAR was scanned for TLDs yet contained no TLDs. Enable debug logging for this logger for a complete list of JARs that were scanned but no TLDs were found in them. Skipping unneeded JARs during scanning can improve startup time and JSP compilation time.
03-Dec-2025 10:51:56.796 INFO [main] org.apache.catalina.startup.HostConfig.deployDirectory Deployment of web application directory [/home/infoetu/baptiste.lavogiez.etu/BUT2/Semestre1/Ressources/Webdev/Web/TP06/tomcat/webapps/docs] has finished in [55] ms
03-Dec-2025 10:51:56.796 INFO [main] org.apache.catalina.startup.HostConfig.deployDirectory Deploying web application directory [/home/infoetu/baptiste.lavogiez.etu/BUT2/Semestre1/Ressources/Webdev/Web/TP06/tomcat/webapps/manager]
03-Dec-2025 10:51:56.851 INFO [main] org.apache.jasper.servlet.TldScanner.scanJars At least one JAR was scanned for TLDs yet contained no TLDs. Enable debug logging for this logger for a complete list of JARs that were scanned but no TLDs were found in them. Skipping unneeded JARs during scanning can improve startup time and JSP compilation time.
03-Dec-2025 10:51:56.853 INFO [main] org.apache.catalina.startup.HostConfig.deployDirectory Deployment of web application directory [/home/infoetu/baptiste.lavogiez.etu/BUT2/Semestre1/Ressources/Webdev/Web/TP06/tomcat/webapps/manager] has finished in [57] ms
03-Dec-2025 10:51:56.853 INFO [main] org.apache.catalina.startup.HostConfig.deployDirectory Deploying web application directory [/home/infoetu/baptiste.lavogiez.etu/BUT2/Semestre1/Ressources/Webdev/Web/TP06/tomcat/webapps/host-manager]
03-Dec-2025 10:51:56.903 INFO [main] org.apache.jasper.servlet.TldScanner.scanJars At least one JAR was scanned for TLDs yet contained no TLDs. Enable debug logging for this logger for a complete list of JARs that were scanned but no TLDs were found in them. Skipping unneeded JARs during scanning can improve startup time and JSP compilation time.
03-Dec-2025 10:51:56.904 INFO [main] org.apache.catalina.startup.HostConfig.deployDirectory Deployment of web application directory [/home/infoetu/baptiste.lavogiez.etu/BUT2/Semestre1/Ressources/Webdev/Web/TP06/tomcat/webapps/host-manager] has finished in [51] ms
03-Dec-2025 10:51:56.904 INFO [main] org.apache.catalina.startup.HostConfig.deployDirectory Deploying web application directory [/home/infoetu/baptiste.lavogiez.etu/BUT2/Semestre1/Ressources/Webdev/Web/TP06/tomcat/webapps/vide]
03-Dec-2025 10:51:56.957 INFO [main] org.apache.jasper.servlet.TldScanner.scanJars At least one JAR was scanned for TLDs yet contained no TLDs. Enable debug logging for this logger for a complete list of JARs that were scanned but no TLDs were found in them. Skipping unneeded JARs during scanning can improve startup time and JSP compilation time.
03-Dec-2025 10:51:56.958 INFO [main] org.apache.catalina.startup.HostConfig.deployDirectory Deployment of web application directory [/home/infoetu/baptiste.lavogiez.etu/BUT2/Semestre1/Ressources/Webdev/Web/TP06/tomcat/webapps/vide] has finished in [54] ms
03-Dec-2025 10:51:56.959 INFO [main] org.apache.catalina.startup.HostConfig.deployDirectory Deploying web application directory [/home/infoetu/baptiste.lavogiez.etu/BUT2/Semestre1/Ressources/Webdev/Web/TP06/tomcat/webapps/examples]
03-Dec-2025 10:51:57.121 INFO [main] org.apache.jasper.servlet.TldScanner.scanJars At least one JAR was scanned for TLDs yet contained no TLDs. Enable debug logging for this logger for a complete list of JARs that were scanned but no TLDs were found in them. Skipping unneeded JARs during scanning can improve startup time and JSP compilation time.
03-Dec-2025 10:51:57.135 INFO [main] org.apache.catalina.startup.HostConfig.deployDirectory Deployment of web application directory [/home/infoetu/baptiste.lavogiez.etu/BUT2/Semestre1/Ressources/Webdev/Web/TP06/tomcat/webapps/examples] has finished in [177] ms
03-Dec-2025 10:51:57.137 INFO [main] org.apache.coyote.AbstractProtocol.start Starting ProtocolHandler ["http-nio-8080"]
03-Dec-2025 10:51:57.144 INFO [main] org.apache.catalina.startup.Catalina.start Server startup in [621] milliseconds
03-Dec-2025 10:59:47.433 INFO [Catalina-utility-1] org.apache.catalina.core.StandardContext.reload Reloading Context with name [/vide] has started
03-Dec-2025 10:59:47.509 INFO [Catalina-utility-1] org.apache.jasper.servlet.TldScanner.scanJars At least one JAR was scanned for TLDs yet contained no TLDs. Enable debug logging for this logger for a complete list of JARs that were scanned but no TLDs were found in them. Skipping unneeded JARs during scanning can improve startup time and JSP compilation time.
03-Dec-2025 10:59:47.510 INFO [Catalina-utility-1] org.apache.catalina.core.StandardContext.reload Reloading Context with name [/vide] is completed
03-Dec-2025 10:59:53.241 INFO [Thread-1] org.apache.coyote.AbstractProtocol.pause Pausing ProtocolHandler ["http-nio-8080"]
03-Dec-2025 10:59:53.242 INFO [Thread-1] org.apache.catalina.core.StandardService.stopInternal Stopping service [Catalina]
03-Dec-2025 10:59:53.259 INFO [Thread-1] org.apache.coyote.AbstractProtocol.stop Stopping ProtocolHandler ["http-nio-8080"]
03-Dec-2025 10:59:53.265 INFO [Thread-1] org.apache.coyote.AbstractProtocol.destroy Destroying ProtocolHandler ["http-nio-8080"]
03-Dec-2025 10:59:54.134 INFO [main] org.apache.catalina.startup.VersionLoggerListener.log Server version name:   Apache Tomcat/11.0.13
03-Dec-2025 10:59:54.136 INFO [main] org.apache.catalina.startup.VersionLoggerListener.log Server built:          Oct 10 2025 13:57:31 UTC
03-Dec-2025 10:59:54.136 INFO [main] org.apache.catalina.startup.VersionLoggerListener.log Server version number: 11.0.13.0
03-Dec-2025 10:59:54.136 INFO [main] org.apache.catalina.startup.VersionLoggerListener.log OS Name:               Linux
03-Dec-2025 10:59:54.136 INFO [main] org.apache.catalina.startup.VersionLoggerListener.log OS Version:            6.1.0-40-amd64
03-Dec-2025 10:59:54.136 INFO [main] org.apache.catalina.startup.VersionLoggerListener.log Architecture:          amd64
03-Dec-2025 10:59:54.136 INFO [main] org.apache.catalina.startup.VersionLoggerListener.log Java Home:             /usr/lib/jvm/java-17-openjdk-amd64
03-Dec-2025 10:59:54.136 INFO [main] org.apache.catalina.startup.VersionLoggerListener.log JVM Version:           17.0.17+10-Debian-1deb12u1
03-Dec-2025 10:59:54.136 INFO [main] org.apache.catalina.startup.VersionLoggerListener.log JVM Vendor:            Debian
03-Dec-2025 10:59:54.136 INFO [main] org.apache.catalina.startup.VersionLoggerListener.log CATALINA_BASE:         /home/infoetu/baptiste.lavogiez.etu/BUT2/Semestre1/Ressources/Webdev/Web/TP06/tomcat
03-Dec-2025 10:59:54.136 INFO [main] org.apache.catalina.startup.VersionLoggerListener.log CATALINA_HOME:         /home/infoetu/baptiste.lavogiez.etu/BUT2/Semestre1/Ressources/Webdev/Web/TP06/tomcat
03-Dec-2025 10:59:54.140 INFO [main] org.apache.catalina.startup.VersionLoggerListener.log Command line argument: -Djava.util.logging.config.file=/home/infoetu/baptiste.lavogiez.etu/BUT2/Semestre1/Ressources/Webdev/Web/TP06/tomcat/conf/logging.properties
03-Dec-2025 10:59:54.140 INFO [main] org.apache.catalina.startup.VersionLoggerListener.log Command line argument: -Djava.util.logging.manager=org.apache.juli.ClassLoaderLogManager
03-Dec-2025 10:59:54.140 INFO [main] org.apache.catalina.startup.VersionLoggerListener.log Command line argument: -Djdk.tls.ephemeralDHKeySize=2048
03-Dec-2025 10:59:54.140 INFO [main] org.apache.catalina.startup.VersionLoggerListener.log Command line argument: -Dorg.apache.catalina.security.SecurityListener.UMASK=0027
03-Dec-2025 10:59:54.140 INFO [main] org.apache.catalina.startup.VersionLoggerListener.log Command line argument: --add-opens=java.base/java.lang=ALL-UNNAMED
03-Dec-2025 10:59:54.140 INFO [main] org.apache.catalina.startup.VersionLoggerListener.log Command line argument: --add-opens=java.base/java.lang.reflect=ALL-UNNAMED
03-Dec-2025 10:59:54.140 INFO [main] org.apache.catalina.startup.VersionLoggerListener.log Command line argument: --add-opens=java.base/java.io=ALL-UNNAMED
03-Dec-2025 10:59:54.140 INFO [main] org.apache.catalina.startup.VersionLoggerListener.log Command line argument: --add-opens=java.base/java.util=ALL-UNNAMED
03-Dec-2025 10:59:54.140 INFO [main] org.apache.catalina.startup.VersionLoggerListener.log Command line argument: --add-opens=java.base/java.util.concurrent=ALL-UNNAMED
03-Dec-2025 10:59:54.140 INFO [main] org.apache.catalina.startup.VersionLoggerListener.log Command line argument: --add-opens=java.rmi/sun.rmi.transport=ALL-UNNAMED
03-Dec-2025 10:59:54.140 INFO [main] org.apache.catalina.startup.VersionLoggerListener.log Command line argument: --enable-native-access=ALL-UNNAMED
03-Dec-2025 10:59:54.140 INFO [main] org.apache.catalina.startup.VersionLoggerListener.log Command line argument: -Dcatalina.base=/home/infoetu/baptiste.lavogiez.etu/BUT2/Semestre1/Ressources/Webdev/Web/TP06/tomcat
03-Dec-2025 10:59:54.141 INFO [main] org.apache.catalina.startup.VersionLoggerListener.log Command line argument: -Dcatalina.home=/home/infoetu/baptiste.lavogiez.etu/BUT2/Semestre1/Ressources/Webdev/Web/TP06/tomcat
03-Dec-2025 10:59:54.141 INFO [main] org.apache.catalina.startup.VersionLoggerListener.log Command line argument: -Djava.io.tmpdir=/home/infoetu/baptiste.lavogiez.etu/BUT2/Semestre1/Ressources/Webdev/Web/TP06/tomcat/temp
03-Dec-2025 10:59:54.141 INFO [main] org.apache.catalina.core.AprLifecycleListener.lifecycleEvent The Apache Tomcat Native library which allows using OpenSSL was not found on the java.library.path: [/usr/java/packages/lib:/usr/lib/x86_64-linux-gnu/jni:/lib/x86_64-linux-gnu:/usr/lib/x86_64-linux-gnu:/usr/lib/jni:/lib:/usr/lib]
03-Dec-2025 10:59:54.244 INFO [main] org.apache.coyote.AbstractProtocol.init Initializing ProtocolHandler ["http-nio-8080"]
03-Dec-2025 10:59:54.257 INFO [main] org.apache.catalina.startup.Catalina.load Server initialization in [198] milliseconds
03-Dec-2025 10:59:54.276 INFO [main] org.apache.catalina.core.StandardService.startInternal Starting service [Catalina]
03-Dec-2025 10:59:54.277 INFO [main] org.apache.catalina.core.StandardEngine.startInternal Starting Servlet engine: [Apache Tomcat/11.0.13]
03-Dec-2025 10:59:54.282 INFO [main] org.apache.catalina.startup.HostConfig.deployDirectory Deploying web application directory [/home/infoetu/baptiste.lavogiez.etu/BUT2/Semestre1/Ressources/Webdev/Web/TP06/tomcat/webapps/ROOT]
03-Dec-2025 10:59:54.462 INFO [main] org.apache.jasper.servlet.TldScanner.scanJars At least one JAR was scanned for TLDs yet contained no TLDs. Enable debug logging for this logger for a complete list of JARs that were scanned but no TLDs were found in them. Skipping unneeded JARs during scanning can improve startup time and JSP compilation time.
03-Dec-2025 10:59:54.479 INFO [main] org.apache.catalina.startup.HostConfig.deployDirectory Deployment of web application directory [/home/infoetu/baptiste.lavogiez.etu/BUT2/Semestre1/Ressources/Webdev/Web/TP06/tomcat/webapps/ROOT] has finished in [197] ms
03-Dec-2025 10:59:54.479 INFO [main] org.apache.catalina.startup.HostConfig.deployDirectory Deploying web application directory [/home/infoetu/baptiste.lavogiez.etu/BUT2/Semestre1/Ressources/Webdev/Web/TP06/tomcat/webapps/docs]
03-Dec-2025 10:59:54.534 INFO [main] org.apache.jasper.servlet.TldScanner.scanJars At least one JAR was scanned for TLDs yet contained no TLDs. Enable debug logging for this logger for a complete list of JARs that were scanned but no TLDs were found in them. Skipping unneeded JARs during scanning can improve startup time and JSP compilation time.
03-Dec-2025 10:59:54.535 INFO [main] org.apache.catalina.startup.HostConfig.deployDirectory Deployment of web application directory [/home/infoetu/baptiste.lavogiez.etu/BUT2/Semestre1/Ressources/Webdev/Web/TP06/tomcat/webapps/docs] has finished in [56] ms
03-Dec-2025 10:59:54.535 INFO [main] org.apache.catalina.startup.HostConfig.deployDirectory Deploying web application directory [/home/infoetu/baptiste.lavogiez.etu/BUT2/Semestre1/Ressources/Webdev/Web/TP06/tomcat/webapps/manager]
03-Dec-2025 10:59:54.590 INFO [main] org.apache.jasper.servlet.TldScanner.scanJars At least one JAR was scanned for TLDs yet contained no TLDs. Enable debug logging for this logger for a complete list of JARs that were scanned but no TLDs were found in them. Skipping unneeded JARs during scanning can improve startup time and JSP compilation time.
03-Dec-2025 10:59:54.593 INFO [main] org.apache.catalina.startup.HostConfig.deployDirectory Deployment of web application directory [/home/infoetu/baptiste.lavogiez.etu/BUT2/Semestre1/Ressources/Webdev/Web/TP06/tomcat/webapps/manager] has finished in [58] ms
03-Dec-2025 10:59:54.593 INFO [main] org.apache.catalina.startup.HostConfig.deployDirectory Deploying web application directory [/home/infoetu/baptiste.lavogiez.etu/BUT2/Semestre1/Ressources/Webdev/Web/TP06/tomcat/webapps/host-manager]
03-Dec-2025 10:59:54.643 INFO [main] org.apache.jasper.servlet.TldScanner.scanJars At least one JAR was scanned for TLDs yet contained no TLDs. Enable debug logging for this logger for a complete list of JARs that were scanned but no TLDs were found in them. Skipping unneeded JARs during scanning can improve startup time and JSP compilation time.
03-Dec-2025 10:59:54.644 INFO [main] org.apache.catalina.startup.HostConfig.deployDirectory Deployment of web application directory [/home/infoetu/baptiste.lavogiez.etu/BUT2/Semestre1/Ressources/Webdev/Web/TP06/tomcat/webapps/host-manager] has finished in [50] ms
03-Dec-2025 10:59:54.644 INFO [main] org.apache.catalina.startup.HostConfig.deployDirectory Deploying web application directory [/home/infoetu/baptiste.lavogiez.etu/BUT2/Semestre1/Ressources/Webdev/Web/TP06/tomcat/webapps/vide]
03-Dec-2025 10:59:54.698 INFO [main] org.apache.jasper.servlet.TldScanner.scanJars At least one JAR was scanned for TLDs yet contained no TLDs. Enable debug logging for this logger for a complete list of JARs that were scanned but no TLDs were found in them. Skipping unneeded JARs during scanning can improve startup time and JSP compilation time.
03-Dec-2025 10:59:54.700 INFO [main] org.apache.catalina.startup.HostConfig.deployDirectory Deployment of web application directory [/home/infoetu/baptiste.lavogiez.etu/BUT2/Semestre1/Ressources/Webdev/Web/TP06/tomcat/webapps/vide] has finished in [56] ms
03-Dec-2025 10:59:54.700 INFO [main] org.apache.catalina.startup.HostConfig.deployDirectory Deploying web application directory [/home/infoetu/baptiste.lavogiez.etu/BUT2/Semestre1/Ressources/Webdev/Web/TP06/tomcat/webapps/examples]
03-Dec-2025 10:59:54.916 INFO [main] org.apache.jasper.servlet.TldScanner.scanJars At least one JAR was scanned for TLDs yet contained no TLDs. Enable debug logging for this logger for a complete list of JARs that were scanned but no TLDs were found in them. Skipping unneeded JARs during scanning can improve startup time and JSP compilation time.
03-Dec-2025 10:59:54.931 INFO [main] org.apache.catalina.startup.HostConfig.deployDirectory Deployment of web application directory [/home/infoetu/baptiste.lavogiez.etu/BUT2/Semestre1/Ressources/Webdev/Web/TP06/tomcat/webapps/examples] has finished in [231] ms
03-Dec-2025 10:59:54.933 INFO [main] org.apache.coyote.AbstractProtocol.start Starting ProtocolHandler ["http-nio-8080"]
03-Dec-2025 10:59:54.939 INFO [main] org.apache.catalina.startup.Catalina.start Server startup in [681] milliseconds
03-Dec-2025 11:02:00.733 INFO [Thread-1] org.apache.coyote.AbstractProtocol.pause Pausing ProtocolHandler ["http-nio-8080"]
03-Dec-2025 11:02:00.735 INFO [Thread-1] org.apache.catalina.core.StandardService.stopInternal Stopping service [Catalina]
03-Dec-2025 11:02:00.757 INFO [Thread-1] org.apache.coyote.AbstractProtocol.stop Stopping ProtocolHandler ["http-nio-8080"]
03-Dec-2025 11:02:00.768 INFO [Thread-1] org.apache.coyote.AbstractProtocol.destroy Destroying ProtocolHandler ["http-nio-8080"]
03-Dec-2025 11:02:01.576 INFO [main] org.apache.catalina.startup.VersionLoggerListener.log Server version name:   Apache Tomcat/11.0.13
03-Dec-2025 11:02:01.578 INFO [main] org.apache.catalina.startup.VersionLoggerListener.log Server built:          Oct 10 2025 13:57:31 UTC
03-Dec-2025 11:02:01.578 INFO [main] org.apache.catalina.startup.VersionLoggerListener.log Server version number: 11.0.13.0
03-Dec-2025 11:02:01.578 INFO [main] org.apache.catalina.startup.VersionLoggerListener.log OS Name:               Linux
03-Dec-2025 11:02:01.578 INFO [main] org.apache.catalina.startup.VersionLoggerListener.log OS Version:            6.1.0-40-amd64
03-Dec-2025 11:02:01.578 INFO [main] org.apache.catalina.startup.VersionLoggerListener.log Architecture:          amd64
03-Dec-2025 11:02:01.578 INFO [main] org.apache.catalina.startup.VersionLoggerListener.log Java Home:             /usr/lib/jvm/java-17-openjdk-amd64
03-Dec-2025 11:02:01.578 INFO [main] org.apache.catalina.startup.VersionLoggerListener.log JVM Version:           17.0.17+10-Debian-1deb12u1
03-Dec-2025 11:02:01.578 INFO [main] org.apache.catalina.startup.VersionLoggerListener.log JVM Vendor:            Debian
03-Dec-2025 11:02:01.579 INFO [main] org.apache.catalina.startup.VersionLoggerListener.log CATALINA_BASE:         /home/infoetu/baptiste.lavogiez.etu/BUT2/Semestre1/Ressources/Webdev/Web/TP06/tomcat
03-Dec-2025 11:02:01.579 INFO [main] org.apache.catalina.startup.VersionLoggerListener.log CATALINA_HOME:         /home/infoetu/baptiste.lavogiez.etu/BUT2/Semestre1/Ressources/Webdev/Web/TP06/tomcat
03-Dec-2025 11:02:01.583 INFO [main] org.apache.catalina.startup.VersionLoggerListener.log Command line argument: -Djava.util.logging.config.file=/home/infoetu/baptiste.lavogiez.etu/BUT2/Semestre1/Ressources/Webdev/Web/TP06/tomcat/conf/logging.properties
03-Dec-2025 11:02:01.583 INFO [main] org.apache.catalina.startup.VersionLoggerListener.log Command line argument: -Djava.util.logging.manager=org.apache.juli.ClassLoaderLogManager
03-Dec-2025 11:02:01.583 INFO [main] org.apache.catalina.startup.VersionLoggerListener.log Command line argument: -Djdk.tls.ephemeralDHKeySize=2048
03-Dec-2025 11:02:01.583 INFO [main] org.apache.catalina.startup.VersionLoggerListener.log Command line argument: -Dorg.apache.catalina.security.SecurityListener.UMASK=0027
03-Dec-2025 11:02:01.583 INFO [main] org.apache.catalina.startup.VersionLoggerListener.log Command line argument: --add-opens=java.base/java.lang=ALL-UNNAMED
03-Dec-2025 11:02:01.583 INFO [main] org.apache.catalina.startup.VersionLoggerListener.log Command line argument: --add-opens=java.base/java.lang.reflect=ALL-UNNAMED
03-Dec-2025 11:02:01.583 INFO [main] org.apache.catalina.startup.VersionLoggerListener.log Command line argument: --add-opens=java.base/java.io=ALL-UNNAMED
03-Dec-2025 11:02:01.583 INFO [main] org.apache.catalina.startup.VersionLoggerListener.log Command line argument: --add-opens=java.base/java.util=ALL-UNNAMED
03-Dec-2025 11:02:01.583 INFO [main] org.apache.catalina.startup.VersionLoggerListener.log Command line argument: --add-opens=java.base/java.util.concurrent=ALL-UNNAMED
03-Dec-2025 11:02:01.583 INFO [main] org.apache.catalina.startup.VersionLoggerListener.log Command line argument: --add-opens=java.rmi/sun.rmi.transport=ALL-UNNAMED
03-Dec-2025 11:02:01.583 INFO [main] org.apache.catalina.startup.VersionLoggerListener.log Command line argument: --enable-native-access=ALL-UNNAMED
03-Dec-2025 11:02:01.583 INFO [main] org.apache.catalina.startup.VersionLoggerListener.log Command line argument: -Dcatalina.base=/home/infoetu/baptiste.lavogiez.etu/BUT2/Semestre1/Ressources/Webdev/Web/TP06/tomcat
03-Dec-2025 11:02:01.583 INFO [main] org.apache.catalina.startup.VersionLoggerListener.log Command line argument: -Dcatalina.home=/home/infoetu/baptiste.lavogiez.etu/BUT2/Semestre1/Ressources/Webdev/Web/TP06/tomcat
03-Dec-2025 11:02:01.583 INFO [main] org.apache.catalina.startup.VersionLoggerListener.log Command line argument: -Djava.io.tmpdir=/home/infoetu/baptiste.lavogiez.etu/BUT2/Semestre1/Ressources/Webdev/Web/TP06/tomcat/temp
03-Dec-2025 11:02:01.584 INFO [main] org.apache.catalina.core.AprLifecycleListener.lifecycleEvent The Apache Tomcat Native library which allows using OpenSSL was not found on the java.library.path: [/usr/java/packages/lib:/usr/lib/x86_64-linux-gnu/jni:/lib/x86_64-linux-gnu:/usr/lib/x86_64-linux-gnu:/usr/lib/jni:/lib:/usr/lib]
03-Dec-2025 11:02:01.691 INFO [main] org.apache.coyote.AbstractProtocol.init Initializing ProtocolHandler ["http-nio-8080"]
03-Dec-2025 11:02:01.701 INFO [main] org.apache.catalina.startup.Catalina.load Server initialization in [199] milliseconds
03-Dec-2025 11:02:01.719 INFO [main] org.apache.catalina.core.StandardService.startInternal Starting service [Catalina]
03-Dec-2025 11:02:01.719 INFO [main] org.apache.catalina.core.StandardEngine.startInternal Starting Servlet engine: [Apache Tomcat/11.0.13]
03-Dec-2025 11:02:01.723 INFO [main] org.apache.catalina.startup.HostConfig.deployDirectory Deploying web application directory [/home/infoetu/baptiste.lavogiez.etu/BUT2/Semestre1/Ressources/Webdev/Web/TP06/tomcat/webapps/ROOT]
03-Dec-2025 11:02:01.899 INFO [main] org.apache.jasper.servlet.TldScanner.scanJars At least one JAR was scanned for TLDs yet contained no TLDs. Enable debug logging for this logger for a complete list of JARs that were scanned but no TLDs were found in them. Skipping unneeded JARs during scanning can improve startup time and JSP compilation time.
03-Dec-2025 11:02:01.917 INFO [main] org.apache.catalina.startup.HostConfig.deployDirectory Deployment of web application directory [/home/infoetu/baptiste.lavogiez.etu/BUT2/Semestre1/Ressources/Webdev/Web/TP06/tomcat/webapps/ROOT] has finished in [193] ms
03-Dec-2025 11:02:01.917 INFO [main] org.apache.catalina.startup.HostConfig.deployDirectory Deploying web application directory [/home/infoetu/baptiste.lavogiez.etu/BUT2/Semestre1/Ressources/Webdev/Web/TP06/tomcat/webapps/docs]
03-Dec-2025 11:02:01.971 INFO [main] org.apache.jasper.servlet.TldScanner.scanJars At least one JAR was scanned for TLDs yet contained no TLDs. Enable debug logging for this logger for a complete list of JARs that were scanned but no TLDs were found in them. Skipping unneeded JARs during scanning can improve startup time and JSP compilation time.
03-Dec-2025 11:02:01.972 INFO [main] org.apache.catalina.startup.HostConfig.deployDirectory Deployment of web application directory [/home/infoetu/baptiste.lavogiez.etu/BUT2/Semestre1/Ressources/Webdev/Web/TP06/tomcat/webapps/docs] has finished in [54] ms
03-Dec-2025 11:02:01.972 INFO [main] org.apache.catalina.startup.HostConfig.deployDirectory Deploying web application directory [/home/infoetu/baptiste.lavogiez.etu/BUT2/Semestre1/Ressources/Webdev/Web/TP06/tomcat/webapps/manager]
03-Dec-2025 11:02:02.027 INFO [main] org.apache.jasper.servlet.TldScanner.scanJars At least one JAR was scanned for TLDs yet contained no TLDs. Enable debug logging for this logger for a complete list of JARs that were scanned but no TLDs were found in them. Skipping unneeded JARs during scanning can improve startup time and JSP compilation time.
03-Dec-2025 11:02:02.030 INFO [main] org.apache.catalina.startup.HostConfig.deployDirectory Deployment of web application directory [/home/infoetu/baptiste.lavogiez.etu/BUT2/Semestre1/Ressources/Webdev/Web/TP06/tomcat/webapps/manager] has finished in [58] ms
03-Dec-2025 11:02:02.030 INFO [main] org.apache.catalina.startup.HostConfig.deployDirectory Deploying web application directory [/home/infoetu/baptiste.lavogiez.etu/BUT2/Semestre1/Ressources/Webdev/Web/TP06/tomcat/webapps/host-manager]
03-Dec-2025 11:02:02.080 INFO [main] org.apache.jasper.servlet.TldScanner.scanJars At least one JAR was scanned for TLDs yet contained no TLDs. Enable debug logging for this logger for a complete list of JARs that were scanned but no TLDs were found in them. Skipping unneeded JARs during scanning can improve startup time and JSP compilation time.
03-Dec-2025 11:02:02.081 INFO [main] org.apache.catalina.startup.HostConfig.deployDirectory Deployment of web application directory [/home/infoetu/baptiste.lavogiez.etu/BUT2/Semestre1/Ressources/Webdev/Web/TP06/tomcat/webapps/host-manager] has finished in [51] ms
03-Dec-2025 11:02:02.081 INFO [main] org.apache.catalina.startup.HostConfig.deployDirectory Deploying web application directory [/home/infoetu/baptiste.lavogiez.etu/BUT2/Semestre1/Ressources/Webdev/Web/TP06/tomcat/webapps/vide]
03-Dec-2025 11:02:02.135 INFO [main] org.apache.jasper.servlet.TldScanner.scanJars At least one JAR was scanned for TLDs yet contained no TLDs. Enable debug logging for this logger for a complete list of JARs that were scanned but no TLDs were found in them. Skipping unneeded JARs during scanning can improve startup time and JSP compilation time.
03-Dec-2025 11:02:02.137 INFO [main] org.apache.catalina.startup.HostConfig.deployDirectory Deployment of web application directory [/home/infoetu/baptiste.lavogiez.etu/BUT2/Semestre1/Ressources/Webdev/Web/TP06/tomcat/webapps/vide] has finished in [55] ms
03-Dec-2025 11:02:02.137 INFO [main] org.apache.catalina.startup.HostConfig.deployDirectory Deploying web application directory [/home/infoetu/baptiste.lavogiez.etu/BUT2/Semestre1/Ressources/Webdev/Web/TP06/tomcat/webapps/examples]
03-Dec-2025 11:02:02.346 INFO [main] org.apache.jasper.servlet.TldScanner.scanJars At least one JAR was scanned for TLDs yet contained no TLDs. Enable debug logging for this logger for a complete list of JARs that were scanned but no TLDs were found in them. Skipping unneeded JARs during scanning can improve startup time and JSP compilation time.
03-Dec-2025 11:02:02.361 INFO [main] org.apache.catalina.startup.HostConfig.deployDirectory Deployment of web application directory [/home/infoetu/baptiste.lavogiez.etu/BUT2/Semestre1/Ressources/Webdev/Web/TP06/tomcat/webapps/examples] has finished in [224] ms
03-Dec-2025 11:02:02.363 INFO [main] org.apache.coyote.AbstractProtocol.start Starting ProtocolHandler ["http-nio-8080"]
03-Dec-2025 11:02:02.369 INFO [main] org.apache.catalina.startup.Catalina.start Server startup in [668] milliseconds
03-Dec-2025 11:03:02.401 INFO [Catalina-utility-2] org.apache.catalina.core.StandardContext.reload Reloading Context with name [/vide] has started
03-Dec-2025 11:03:02.475 INFO [Catalina-utility-2] org.apache.jasper.servlet.TldScanner.scanJars At least one JAR was scanned for TLDs yet contained no TLDs. Enable debug logging for this logger for a complete list of JARs that were scanned but no TLDs were found in them. Skipping unneeded JARs during scanning can improve startup time and JSP compilation time.
03-Dec-2025 11:03:02.476 INFO [Catalina-utility-2] org.apache.catalina.core.StandardContext.reload Reloading Context with name [/vide] is completed
03-Dec-2025 11:39:43.831 INFO [Catalina-utility-2] org.apache.catalina.core.StandardContext.reload Reloading Context with name [/vide] has started
03-Dec-2025 11:39:43.910 INFO [Catalina-utility-2] org.apache.jasper.servlet.TldScanner.scanJars At least one JAR was scanned for TLDs yet contained no TLDs. Enable debug logging for this logger for a complete list of JARs that were scanned but no TLDs were found in them. Skipping unneeded JARs during scanning can improve startup time and JSP compilation time.
03-Dec-2025 11:39:43.910 INFO [Catalina-utility-2] org.apache.catalina.core.StandardContext.reload Reloading Context with name [/vide] is completed
03-Dec-2025 11:39:48.508 INFO [Thread-1] org.apache.coyote.AbstractProtocol.pause Pausing ProtocolHandler ["http-nio-8080"]
03-Dec-2025 11:39:48.510 INFO [Thread-1] org.apache.catalina.core.StandardService.stopInternal Stopping service [Catalina]
03-Dec-2025 11:39:48.529 INFO [Thread-1] org.apache.coyote.AbstractProtocol.stop Stopping ProtocolHandler ["http-nio-8080"]
03-Dec-2025 11:39:48.533 INFO [Thread-1] org.apache.coyote.AbstractProtocol.destroy Destroying ProtocolHandler ["http-nio-8080"]
03-Dec-2025 11:39:49.218 INFO [main] org.apache.catalina.startup.VersionLoggerListener.log Server version name:   Apache Tomcat/11.0.13
03-Dec-2025 11:39:49.220 INFO [main] org.apache.catalina.startup.VersionLoggerListener.log Server built:          Oct 10 2025 13:57:31 UTC
03-Dec-2025 11:39:49.220 INFO [main] org.apache.catalina.startup.VersionLoggerListener.log Server version number: 11.0.13.0
03-Dec-2025 11:39:49.220 INFO [main] org.apache.catalina.startup.VersionLoggerListener.log OS Name:               Linux
03-Dec-2025 11:39:49.220 INFO [main] org.apache.catalina.startup.VersionLoggerListener.log OS Version:            6.1.0-40-amd64
03-Dec-2025 11:39:49.220 INFO [main] org.apache.catalina.startup.VersionLoggerListener.log Architecture:          amd64
03-Dec-2025 11:39:49.220 INFO [main] org.apache.catalina.startup.VersionLoggerListener.log Java Home:             /usr/lib/jvm/java-17-openjdk-amd64
03-Dec-2025 11:39:49.220 INFO [main] org.apache.catalina.startup.VersionLoggerListener.log JVM Version:           17.0.17+10-Debian-1deb12u1
03-Dec-2025 11:39:49.220 INFO [main] org.apache.catalina.startup.VersionLoggerListener.log JVM Vendor:            Debian
03-Dec-2025 11:39:49.220 INFO [main] org.apache.catalina.startup.VersionLoggerListener.log CATALINA_BASE:         /home/infoetu/baptiste.lavogiez.etu/BUT2/Semestre1/Ressources/Webdev/Web/TP06/tomcat
03-Dec-2025 11:39:49.220 INFO [main] org.apache.catalina.startup.VersionLoggerListener.log CATALINA_HOME:         /home/infoetu/baptiste.lavogiez.etu/BUT2/Semestre1/Ressources/Webdev/Web/TP06/tomcat
03-Dec-2025 11:39:49.224 INFO [main] org.apache.catalina.startup.VersionLoggerListener.log Command line argument: -Djava.util.logging.config.file=/home/infoetu/baptiste.lavogiez.etu/BUT2/Semestre1/Ressources/Webdev/Web/TP06/tomcat/conf/logging.properties
03-Dec-2025 11:39:49.224 INFO [main] org.apache.catalina.startup.VersionLoggerListener.log Command line argument: -Djava.util.logging.manager=org.apache.juli.ClassLoaderLogManager
03-Dec-2025 11:39:49.224 INFO [main] org.apache.catalina.startup.VersionLoggerListener.log Command line argument: -Djdk.tls.ephemeralDHKeySize=2048
03-Dec-2025 11:39:49.224 INFO [main] org.apache.catalina.startup.VersionLoggerListener.log Command line argument: -Dorg.apache.catalina.security.SecurityListener.UMASK=0027
03-Dec-2025 11:39:49.224 INFO [main] org.apache.catalina.startup.VersionLoggerListener.log Command line argument: --add-opens=java.base/java.lang=ALL-UNNAMED
03-Dec-2025 11:39:49.224 INFO [main] org.apache.catalina.startup.VersionLoggerListener.log Command line argument: --add-opens=java.base/java.lang.reflect=ALL-UNNAMED
03-Dec-2025 11:39:49.224 INFO [main] org.apache.catalina.startup.VersionLoggerListener.log Command line argument: --add-opens=java.base/java.io=ALL-UNNAMED
03-Dec-2025 11:39:49.225 INFO [main] org.apache.catalina.startup.VersionLoggerListener.log Command line argument: --add-opens=java.base/java.util=ALL-UNNAMED
03-Dec-2025 11:39:49.225 INFO [main] org.apache.catalina.startup.VersionLoggerListener.log Command line argument: --add-opens=java.base/java.util.concurrent=ALL-UNNAMED
03-Dec-2025 11:39:49.225 INFO [main] org.apache.catalina.startup.VersionLoggerListener.log Command line argument: --add-opens=java.rmi/sun.rmi.transport=ALL-UNNAMED
03-Dec-2025 11:39:49.225 INFO [main] org.apache.catalina.startup.VersionLoggerListener.log Command line argument: --enable-native-access=ALL-UNNAMED
03-Dec-2025 11:39:49.225 INFO [main] org.apache.catalina.startup.VersionLoggerListener.log Command line argument: -Dcatalina.base=/home/infoetu/baptiste.lavogiez.etu/BUT2/Semestre1/Ressources/Webdev/Web/TP06/tomcat
03-Dec-2025 11:39:49.225 INFO [main] org.apache.catalina.startup.VersionLoggerListener.log Command line argument: -Dcatalina.home=/home/infoetu/baptiste.lavogiez.etu/BUT2/Semestre1/Ressources/Webdev/Web/TP06/tomcat
03-Dec-2025 11:39:49.225 INFO [main] org.apache.catalina.startup.VersionLoggerListener.log Command line argument: -Djava.io.tmpdir=/home/infoetu/baptiste.lavogiez.etu/BUT2/Semestre1/Ressources/Webdev/Web/TP06/tomcat/temp
03-Dec-2025 11:39:49.225 INFO [main] org.apache.catalina.core.AprLifecycleListener.lifecycleEvent The Apache Tomcat Native library which allows using OpenSSL was not found on the java.library.path: [/usr/java/packages/lib:/usr/lib/x86_64-linux-gnu/jni:/lib/x86_64-linux-gnu:/usr/lib/x86_64-linux-gnu:/usr/lib/jni:/lib:/usr/lib]
03-Dec-2025 11:39:49.329 INFO [main] org.apache.coyote.AbstractProtocol.init Initializing ProtocolHandler ["http-nio-8080"]
03-Dec-2025 11:39:49.342 INFO [main] org.apache.catalina.startup.Catalina.load Server initialization in [198] milliseconds
03-Dec-2025 11:39:49.360 INFO [main] org.apache.catalina.core.StandardService.startInternal Starting service [Catalina]
03-Dec-2025 11:39:49.361 INFO [main] org.apache.catalina.core.StandardEngine.startInternal Starting Servlet engine: [Apache Tomcat/11.0.13]
03-Dec-2025 11:39:49.365 INFO [main] org.apache.catalina.startup.HostConfig.deployDirectory Deploying web application directory [/home/infoetu/baptiste.lavogiez.etu/BUT2/Semestre1/Ressources/Webdev/Web/TP06/tomcat/webapps/ROOT]
03-Dec-2025 11:39:49.541 INFO [main] org.apache.jasper.servlet.TldScanner.scanJars At least one JAR was scanned for TLDs yet contained no TLDs. Enable debug logging for this logger for a complete list of JARs that were scanned but no TLDs were found in them. Skipping unneeded JARs during scanning can improve startup time and JSP compilation time.
03-Dec-2025 11:39:49.558 INFO [main] org.apache.catalina.startup.HostConfig.deployDirectory Deployment of web application directory [/home/infoetu/baptiste.lavogiez.etu/BUT2/Semestre1/Ressources/Webdev/Web/TP06/tomcat/webapps/ROOT] has finished in [193] ms
03-Dec-2025 11:39:49.559 INFO [main] org.apache.catalina.startup.HostConfig.deployDirectory Deploying web application directory [/home/infoetu/baptiste.lavogiez.etu/BUT2/Semestre1/Ressources/Webdev/Web/TP06/tomcat/webapps/docs]
03-Dec-2025 11:39:49.612 INFO [main] org.apache.jasper.servlet.TldScanner.scanJars At least one JAR was scanned for TLDs yet contained no TLDs. Enable debug logging for this logger for a complete list of JARs that were scanned but no TLDs were found in them. Skipping unneeded JARs during scanning can improve startup time and JSP compilation time.
03-Dec-2025 11:39:49.613 INFO [main] org.apache.catalina.startup.HostConfig.deployDirectory Deployment of web application directory [/home/infoetu/baptiste.lavogiez.etu/BUT2/Semestre1/Ressources/Webdev/Web/TP06/tomcat/webapps/docs] has finished in [54] ms
03-Dec-2025 11:39:49.613 INFO [main] org.apache.catalina.startup.HostConfig.deployDirectory Deploying web application directory [/home/infoetu/baptiste.lavogiez.etu/BUT2/Semestre1/Ressources/Webdev/Web/TP06/tomcat/webapps/manager]
03-Dec-2025 11:39:49.668 INFO [main] org.apache.jasper.servlet.TldScanner.scanJars At least one JAR was scanned for TLDs yet contained no TLDs. Enable debug logging for this logger for a complete list of JARs that were scanned but no TLDs were found in them. Skipping unneeded JARs during scanning can improve startup time and JSP compilation time.
03-Dec-2025 11:39:49.671 INFO [main] org.apache.catalina.startup.HostConfig.deployDirectory Deployment of web application directory [/home/infoetu/baptiste.lavogiez.etu/BUT2/Semestre1/Ressources/Webdev/Web/TP06/tomcat/webapps/manager] has finished in [57] ms
03-Dec-2025 11:39:49.671 INFO [main] org.apache.catalina.startup.HostConfig.deployDirectory Deploying web application directory [/home/infoetu/baptiste.lavogiez.etu/BUT2/Semestre1/Ressources/Webdev/Web/TP06/tomcat/webapps/host-manager]
03-Dec-2025 11:39:49.721 INFO [main] org.apache.jasper.servlet.TldScanner.scanJars At least one JAR was scanned for TLDs yet contained no TLDs. Enable debug logging for this logger for a complete list of JARs that were scanned but no TLDs were found in them. Skipping unneeded JARs during scanning can improve startup time and JSP compilation time.
03-Dec-2025 11:39:49.722 INFO [main] org.apache.catalina.startup.HostConfig.deployDirectory Deployment of web application directory [/home/infoetu/baptiste.lavogiez.etu/BUT2/Semestre1/Ressources/Webdev/Web/TP06/tomcat/webapps/host-manager] has finished in [51] ms
03-Dec-2025 11:39:49.723 INFO [main] org.apache.catalina.startup.HostConfig.deployDirectory Deploying web application directory [/home/infoetu/baptiste.lavogiez.etu/BUT2/Semestre1/Ressources/Webdev/Web/TP06/tomcat/webapps/vide]
03-Dec-2025 11:39:49.776 INFO [main] org.apache.jasper.servlet.TldScanner.scanJars At least one JAR was scanned for TLDs yet contained no TLDs. Enable debug logging for this logger for a complete list of JARs that were scanned but no TLDs were found in them. Skipping unneeded JARs during scanning can improve startup time and JSP compilation time.
03-Dec-2025 11:39:49.778 INFO [main] org.apache.catalina.startup.HostConfig.deployDirectory Deployment of web application directory [/home/infoetu/baptiste.lavogiez.etu/BUT2/Semestre1/Ressources/Webdev/Web/TP06/tomcat/webapps/vide] has finished in [55] ms
03-Dec-2025 11:39:49.778 INFO [main] org.apache.catalina.startup.HostConfig.deployDirectory Deploying web application directory [/home/infoetu/baptiste.lavogiez.etu/BUT2/Semestre1/Ressources/Webdev/Web/TP06/tomcat/webapps/examples]
03-Dec-2025 11:39:49.983 INFO [main] org.apache.jasper.servlet.TldScanner.scanJars At least one JAR was scanned for TLDs yet contained no TLDs. Enable debug logging for this logger for a complete list of JARs that were scanned but no TLDs were found in them. Skipping unneeded JARs during scanning can improve startup time and JSP compilation time.
03-Dec-2025 11:39:49.997 INFO [main] org.apache.catalina.startup.HostConfig.deployDirectory Deployment of web application directory [/home/infoetu/baptiste.lavogiez.etu/BUT2/Semestre1/Ressources/Webdev/Web/TP06/tomcat/webapps/examples] has finished in [219] ms
03-Dec-2025 11:39:50.003 INFO [main] org.apache.coyote.AbstractProtocol.start Starting ProtocolHandler ["http-nio-8080"]
03-Dec-2025 11:39:50.009 INFO [main] org.apache.catalina.startup.Catalina.start Server startup in [667] milliseconds
03-Dec-2025 11:41:23.423 INFO [Thread-1] org.apache.coyote.AbstractProtocol.pause Pausing ProtocolHandler ["http-nio-8080"]
03-Dec-2025 11:41:23.424 INFO [Thread-1] org.apache.catalina.core.StandardService.stopInternal Stopping service [Catalina]
03-Dec-2025 11:41:23.445 INFO [Thread-1] org.apache.coyote.AbstractProtocol.stop Stopping ProtocolHandler ["http-nio-8080"]
03-Dec-2025 11:41:23.458 INFO [Thread-1] org.apache.coyote.AbstractProtocol.destroy Destroying ProtocolHandler ["http-nio-8080"]
03-Dec-2025 11:41:24.162 INFO [main] org.apache.catalina.startup.VersionLoggerListener.log Server version name:   Apache Tomcat/11.0.13
03-Dec-2025 11:41:24.165 INFO [main] org.apache.catalina.startup.VersionLoggerListener.log Server built:          Oct 10 2025 13:57:31 UTC
03-Dec-2025 11:41:24.165 INFO [main] org.apache.catalina.startup.VersionLoggerListener.log Server version number: 11.0.13.0
03-Dec-2025 11:41:24.165 INFO [main] org.apache.catalina.startup.VersionLoggerListener.log OS Name:               Linux
03-Dec-2025 11:41:24.165 INFO [main] org.apache.catalina.startup.VersionLoggerListener.log OS Version:            6.1.0-40-amd64
03-Dec-2025 11:41:24.165 INFO [main] org.apache.catalina.startup.VersionLoggerListener.log Architecture:          amd64
03-Dec-2025 11:41:24.165 INFO [main] org.apache.catalina.startup.VersionLoggerListener.log Java Home:             /usr/lib/jvm/java-17-openjdk-amd64
03-Dec-2025 11:41:24.165 INFO [main] org.apache.catalina.startup.VersionLoggerListener.log JVM Version:           17.0.17+10-Debian-1deb12u1
03-Dec-2025 11:41:24.165 INFO [main] org.apache.catalina.startup.VersionLoggerListener.log JVM Vendor:            Debian
03-Dec-2025 11:41:24.165 INFO [main] org.apache.catalina.startup.VersionLoggerListener.log CATALINA_BASE:         /home/infoetu/baptiste.lavogiez.etu/BUT2/Semestre1/Ressources/Webdev/Web/TP06/tomcat
03-Dec-2025 11:41:24.165 INFO [main] org.apache.catalina.startup.VersionLoggerListener.log CATALINA_HOME:         /home/infoetu/baptiste.lavogiez.etu/BUT2/Semestre1/Ressources/Webdev/Web/TP06/tomcat
03-Dec-2025 11:41:24.169 INFO [main] org.apache.catalina.startup.VersionLoggerListener.log Command line argument: -Djava.util.logging.config.file=/home/infoetu/baptiste.lavogiez.etu/BUT2/Semestre1/Ressources/Webdev/Web/TP06/tomcat/conf/logging.properties
03-Dec-2025 11:41:24.169 INFO [main] org.apache.catalina.startup.VersionLoggerListener.log Command line argument: -Djava.util.logging.manager=org.apache.juli.ClassLoaderLogManager
03-Dec-2025 11:41:24.169 INFO [main] org.apache.catalina.startup.VersionLoggerListener.log Command line argument: -Djdk.tls.ephemeralDHKeySize=2048
03-Dec-2025 11:41:24.169 INFO [main] org.apache.catalina.startup.VersionLoggerListener.log Command line argument: -Dorg.apache.catalina.security.SecurityListener.UMASK=0027
03-Dec-2025 11:41:24.169 INFO [main] org.apache.catalina.startup.VersionLoggerListener.log Command line argument: --add-opens=java.base/java.lang=ALL-UNNAMED
03-Dec-2025 11:41:24.169 INFO [main] org.apache.catalina.startup.VersionLoggerListener.log Command line argument: --add-opens=java.base/java.lang.reflect=ALL-UNNAMED
03-Dec-2025 11:41:24.169 INFO [main] org.apache.catalina.startup.VersionLoggerListener.log Command line argument: --add-opens=java.base/java.io=ALL-UNNAMED
03-Dec-2025 11:41:24.169 INFO [main] org.apache.catalina.startup.VersionLoggerListener.log Command line argument: --add-opens=java.base/java.util=ALL-UNNAMED
03-Dec-2025 11:41:24.169 INFO [main] org.apache.catalina.startup.VersionLoggerListener.log Command line argument: --add-opens=java.base/java.util.concurrent=ALL-UNNAMED
03-Dec-2025 11:41:24.169 INFO [main] org.apache.catalina.startup.VersionLoggerListener.log Command line argument: --add-opens=java.rmi/sun.rmi.transport=ALL-UNNAMED
03-Dec-2025 11:41:24.169 INFO [main] org.apache.catalina.startup.VersionLoggerListener.log Command line argument: --enable-native-access=ALL-UNNAMED
03-Dec-2025 11:41:24.170 INFO [main] org.apache.catalina.startup.VersionLoggerListener.log Command line argument: -Dcatalina.base=/home/infoetu/baptiste.lavogiez.etu/BUT2/Semestre1/Ressources/Webdev/Web/TP06/tomcat
03-Dec-2025 11:41:24.170 INFO [main] org.apache.catalina.startup.VersionLoggerListener.log Command line argument: -Dcatalina.home=/home/infoetu/baptiste.lavogiez.etu/BUT2/Semestre1/Ressources/Webdev/Web/TP06/tomcat
03-Dec-2025 11:41:24.170 INFO [main] org.apache.catalina.startup.VersionLoggerListener.log Command line argument: -Djava.io.tmpdir=/home/infoetu/baptiste.lavogiez.etu/BUT2/Semestre1/Ressources/Webdev/Web/TP06/tomcat/temp
03-Dec-2025 11:41:24.170 INFO [main] org.apache.catalina.core.AprLifecycleListener.lifecycleEvent The Apache Tomcat Native library which allows using OpenSSL was not found on the java.library.path: [/usr/java/packages/lib:/usr/lib/x86_64-linux-gnu/jni:/lib/x86_64-linux-gnu:/usr/lib/x86_64-linux-gnu:/usr/lib/jni:/lib:/usr/lib]
03-Dec-2025 11:41:24.274 INFO [main] org.apache.coyote.AbstractProtocol.init Initializing ProtocolHandler ["http-nio-8080"]
03-Dec-2025 11:41:24.287 INFO [main] org.apache.catalina.startup.Catalina.load Server initialization in [199] milliseconds
03-Dec-2025 11:41:24.306 INFO [main] org.apache.catalina.core.StandardService.startInternal Starting service [Catalina]
03-Dec-2025 11:41:24.306 INFO [main] org.apache.catalina.core.StandardEngine.startInternal Starting Servlet engine: [Apache Tomcat/11.0.13]
03-Dec-2025 11:41:24.310 INFO [main] org.apache.catalina.startup.HostConfig.deployDirectory Deploying web application directory [/home/infoetu/baptiste.lavogiez.etu/BUT2/Semestre1/Ressources/Webdev/Web/TP06/tomcat/webapps/ROOT]
03-Dec-2025 11:41:24.487 INFO [main] org.apache.jasper.servlet.TldScanner.scanJars At least one JAR was scanned for TLDs yet contained no TLDs. Enable debug logging for this logger for a complete list of JARs that were scanned but no TLDs were found in them. Skipping unneeded JARs during scanning can improve startup time and JSP compilation time.
03-Dec-2025 11:41:24.504 INFO [main] org.apache.catalina.startup.HostConfig.deployDirectory Deployment of web application directory [/home/infoetu/baptiste.lavogiez.etu/BUT2/Semestre1/Ressources/Webdev/Web/TP06/tomcat/webapps/ROOT] has finished in [194] ms
03-Dec-2025 11:41:24.504 INFO [main] org.apache.catalina.startup.HostConfig.deployDirectory Deploying web application directory [/home/infoetu/baptiste.lavogiez.etu/BUT2/Semestre1/Ressources/Webdev/Web/TP06/tomcat/webapps/docs]
03-Dec-2025 11:41:24.559 INFO [main] org.apache.jasper.servlet.TldScanner.scanJars At least one JAR was scanned for TLDs yet contained no TLDs. Enable debug logging for this logger for a complete list of JARs that were scanned but no TLDs were found in them. Skipping unneeded JARs during scanning can improve startup time and JSP compilation time.
03-Dec-2025 11:41:24.560 INFO [main] org.apache.catalina.startup.HostConfig.deployDirectory Deployment of web application directory [/home/infoetu/baptiste.lavogiez.etu/BUT2/Semestre1/Ressources/Webdev/Web/TP06/tomcat/webapps/docs] has finished in [56] ms
03-Dec-2025 11:41:24.560 INFO [main] org.apache.catalina.startup.HostConfig.deployDirectory Deploying web application directory [/home/infoetu/baptiste.lavogiez.etu/BUT2/Semestre1/Ressources/Webdev/Web/TP06/tomcat/webapps/manager]
03-Dec-2025 11:41:24.614 INFO [main] org.apache.jasper.servlet.TldScanner.scanJars At least one JAR was scanned for TLDs yet contained no TLDs. Enable debug logging for this logger for a complete list of JARs that were scanned but no TLDs were found in them. Skipping unneeded JARs during scanning can improve startup time and JSP compilation time.
03-Dec-2025 11:41:24.617 INFO [main] org.apache.catalina.startup.HostConfig.deployDirectory Deployment of web application directory [/home/infoetu/baptiste.lavogiez.etu/BUT2/Semestre1/Ressources/Webdev/Web/TP06/tomcat/webapps/manager] has finished in [56] ms
03-Dec-2025 11:41:24.617 INFO [main] org.apache.catalina.startup.HostConfig.deployDirectory Deploying web application directory [/home/infoetu/baptiste.lavogiez.etu/BUT2/Semestre1/Ressources/Webdev/Web/TP06/tomcat/webapps/host-manager]
03-Dec-2025 11:41:24.668 INFO [main] org.apache.jasper.servlet.TldScanner.scanJars At least one JAR was scanned for TLDs yet contained no TLDs. Enable debug logging for this logger for a complete list of JARs that were scanned but no TLDs were found in them. Skipping unneeded JARs during scanning can improve startup time and JSP compilation time.
03-Dec-2025 11:41:24.669 INFO [main] org.apache.catalina.startup.HostConfig.deployDirectory Deployment of web application directory [/home/infoetu/baptiste.lavogiez.etu/BUT2/Semestre1/Ressources/Webdev/Web/TP06/tomcat/webapps/host-manager] has finished in [52] ms
03-Dec-2025 11:41:24.669 INFO [main] org.apache.catalina.startup.HostConfig.deployDirectory Deploying web application directory [/home/infoetu/baptiste.lavogiez.etu/BUT2/Semestre1/Ressources/Webdev/Web/TP06/tomcat/webapps/vide]
03-Dec-2025 11:41:24.724 INFO [main] org.apache.jasper.servlet.TldScanner.scanJars At least one JAR was scanned for TLDs yet contained no TLDs. Enable debug logging for this logger for a complete list of JARs that were scanned but no TLDs were found in them. Skipping unneeded JARs during scanning can improve startup time and JSP compilation time.
03-Dec-2025 11:41:24.726 INFO [main] org.apache.catalina.startup.HostConfig.deployDirectory Deployment of web application directory [/home/infoetu/baptiste.lavogiez.etu/BUT2/Semestre1/Ressources/Webdev/Web/TP06/tomcat/webapps/vide] has finished in [57] ms
03-Dec-2025 11:41:24.726 INFO [main] org.apache.catalina.startup.HostConfig.deployDirectory Deploying web application directory [/home/infoetu/baptiste.lavogiez.etu/BUT2/Semestre1/Ressources/Webdev/Web/TP06/tomcat/webapps/examples]
03-Dec-2025 11:41:24.883 INFO [main] org.apache.jasper.servlet.TldScanner.scanJars At least one JAR was scanned for TLDs yet contained no TLDs. Enable debug logging for this logger for a complete list of JARs that were scanned but no TLDs were found in them. Skipping unneeded JARs during scanning can improve startup time and JSP compilation time.
03-Dec-2025 11:41:24.898 INFO [main] org.apache.catalina.startup.HostConfig.deployDirectory Deployment of web application directory [/home/infoetu/baptiste.lavogiez.etu/BUT2/Semestre1/Ressources/Webdev/Web/TP06/tomcat/webapps/examples] has finished in [172] ms
03-Dec-2025 11:41:24.900 INFO [main] org.apache.coyote.AbstractProtocol.start Starting ProtocolHandler ["http-nio-8080"]
03-Dec-2025 11:41:24.906 INFO [main] org.apache.catalina.startup.Catalina.start Server startup in [618] milliseconds
03-Dec-2025 11:41:29.903 INFO [Thread-1] org.apache.coyote.AbstractProtocol.pause Pausing ProtocolHandler ["http-nio-8080"]
03-Dec-2025 11:41:29.908 INFO [Thread-1] org.apache.catalina.core.StandardService.stopInternal Stopping service [Catalina]
03-Dec-2025 11:41:29.927 INFO [Thread-1] org.apache.coyote.AbstractProtocol.stop Stopping ProtocolHandler ["http-nio-8080"]
03-Dec-2025 11:41:29.930 INFO [Thread-1] org.apache.coyote.AbstractProtocol.destroy Destroying ProtocolHandler ["http-nio-8080"]
03-Dec-2025 11:41:30.590 INFO [main] org.apache.catalina.startup.VersionLoggerListener.log Server version name:   Apache Tomcat/11.0.13
03-Dec-2025 11:41:30.592 INFO [main] org.apache.catalina.startup.VersionLoggerListener.log Server built:          Oct 10 2025 13:57:31 UTC
03-Dec-2025 11:41:30.592 INFO [main] org.apache.catalina.startup.VersionLoggerListener.log Server version number: 11.0.13.0
03-Dec-2025 11:41:30.592 INFO [main] org.apache.catalina.startup.VersionLoggerListener.log OS Name:               Linux
03-Dec-2025 11:41:30.592 INFO [main] org.apache.catalina.startup.VersionLoggerListener.log OS Version:            6.1.0-40-amd64
03-Dec-2025 11:41:30.592 INFO [main] org.apache.catalina.startup.VersionLoggerListener.log Architecture:          amd64
03-Dec-2025 11:41:30.592 INFO [main] org.apache.catalina.startup.VersionLoggerListener.log Java Home:             /usr/lib/jvm/java-17-openjdk-amd64
03-Dec-2025 11:41:30.592 INFO [main] org.apache.catalina.startup.VersionLoggerListener.log JVM Version:           17.0.17+10-Debian-1deb12u1
03-Dec-2025 11:41:30.592 INFO [main] org.apache.catalina.startup.VersionLoggerListener.log JVM Vendor:            Debian
03-Dec-2025 11:41:30.592 INFO [main] org.apache.catalina.startup.VersionLoggerListener.log CATALINA_BASE:         /home/infoetu/baptiste.lavogiez.etu/BUT2/Semestre1/Ressources/Webdev/Web/TP06/tomcat
03-Dec-2025 11:41:30.593 INFO [main] org.apache.catalina.startup.VersionLoggerListener.log CATALINA_HOME:         /home/infoetu/baptiste.lavogiez.etu/BUT2/Semestre1/Ressources/Webdev/Web/TP06/tomcat
03-Dec-2025 11:41:30.597 INFO [main] org.apache.catalina.startup.VersionLoggerListener.log Command line argument: -Djava.util.logging.config.file=/home/infoetu/baptiste.lavogiez.etu/BUT2/Semestre1/Ressources/Webdev/Web/TP06/tomcat/conf/logging.properties
03-Dec-2025 11:41:30.597 INFO [main] org.apache.catalina.startup.VersionLoggerListener.log Command line argument: -Djava.util.logging.manager=org.apache.juli.ClassLoaderLogManager
03-Dec-2025 11:41:30.597 INFO [main] org.apache.catalina.startup.VersionLoggerListener.log Command line argument: -Djdk.tls.ephemeralDHKeySize=2048
03-Dec-2025 11:41:30.597 INFO [main] org.apache.catalina.startup.VersionLoggerListener.log Command line argument: -Dorg.apache.catalina.security.SecurityListener.UMASK=0027
03-Dec-2025 11:41:30.597 INFO [main] org.apache.catalina.startup.VersionLoggerListener.log Command line argument: --add-opens=java.base/java.lang=ALL-UNNAMED
03-Dec-2025 11:41:30.597 INFO [main] org.apache.catalina.startup.VersionLoggerListener.log Command line argument: --add-opens=java.base/java.lang.reflect=ALL-UNNAMED
03-Dec-2025 11:41:30.597 INFO [main] org.apache.catalina.startup.VersionLoggerListener.log Command line argument: --add-opens=java.base/java.io=ALL-UNNAMED
03-Dec-2025 11:41:30.597 INFO [main] org.apache.catalina.startup.VersionLoggerListener.log Command line argument: --add-opens=java.base/java.util=ALL-UNNAMED
03-Dec-2025 11:41:30.597 INFO [main] org.apache.catalina.startup.VersionLoggerListener.log Command line argument: --add-opens=java.base/java.util.concurrent=ALL-UNNAMED
03-Dec-2025 11:41:30.597 INFO [main] org.apache.catalina.startup.VersionLoggerListener.log Command line argument: --add-opens=java.rmi/sun.rmi.transport=ALL-UNNAMED
03-Dec-2025 11:41:30.597 INFO [main] org.apache.catalina.startup.VersionLoggerListener.log Command line argument: --enable-native-access=ALL-UNNAMED
03-Dec-2025 11:41:30.597 INFO [main] org.apache.catalina.startup.VersionLoggerListener.log Command line argument: -Dcatalina.base=/home/infoetu/baptiste.lavogiez.etu/BUT2/Semestre1/Ressources/Webdev/Web/TP06/tomcat
03-Dec-2025 11:41:30.597 INFO [main] org.apache.catalina.startup.VersionLoggerListener.log Command line argument: -Dcatalina.home=/home/infoetu/baptiste.lavogiez.etu/BUT2/Semestre1/Ressources/Webdev/Web/TP06/tomcat
03-Dec-2025 11:41:30.597 INFO [main] org.apache.catalina.startup.VersionLoggerListener.log Command line argument: -Djava.io.tmpdir=/home/infoetu/baptiste.lavogiez.etu/BUT2/Semestre1/Ressources/Webdev/Web/TP06/tomcat/temp
03-Dec-2025 11:41:30.598 INFO [main] org.apache.catalina.core.AprLifecycleListener.lifecycleEvent The Apache Tomcat Native library which allows using OpenSSL was not found on the java.library.path: [/usr/java/packages/lib:/usr/lib/x86_64-linux-gnu/jni:/lib/x86_64-linux-gnu:/usr/lib/x86_64-linux-gnu:/usr/lib/jni:/lib:/usr/lib]
03-Dec-2025 11:41:30.705 INFO [main] org.apache.coyote.AbstractProtocol.init Initializing ProtocolHandler ["http-nio-8080"]
03-Dec-2025 11:41:30.715 INFO [main] org.apache.catalina.startup.Catalina.load Server initialization in [198] milliseconds
03-Dec-2025 11:41:30.733 INFO [main] org.apache.catalina.core.StandardService.startInternal Starting service [Catalina]
03-Dec-2025 11:41:30.733 INFO [main] org.apache.catalina.core.StandardEngine.startInternal Starting Servlet engine: [Apache Tomcat/11.0.13]
03-Dec-2025 11:41:30.738 INFO [main] org.apache.catalina.startup.HostConfig.deployDirectory Deploying web application directory [/home/infoetu/baptiste.lavogiez.etu/BUT2/Semestre1/Ressources/Webdev/Web/TP06/tomcat/webapps/ROOT]
03-Dec-2025 11:41:30.916 INFO [main] org.apache.jasper.servlet.TldScanner.scanJars At least one JAR was scanned for TLDs yet contained no TLDs. Enable debug logging for this logger for a complete list of JARs that were scanned but no TLDs were found in them. Skipping unneeded JARs during scanning can improve startup time and JSP compilation time.
03-Dec-2025 11:41:30.934 INFO [main] org.apache.catalina.startup.HostConfig.deployDirectory Deployment of web application directory [/home/infoetu/baptiste.lavogiez.etu/BUT2/Semestre1/Ressources/Webdev/Web/TP06/tomcat/webapps/ROOT] has finished in [195] ms
03-Dec-2025 11:41:30.934 INFO [main] org.apache.catalina.startup.HostConfig.deployDirectory Deploying web application directory [/home/infoetu/baptiste.lavogiez.etu/BUT2/Semestre1/Ressources/Webdev/Web/TP06/tomcat/webapps/docs]
03-Dec-2025 11:41:30.991 INFO [main] org.apache.jasper.servlet.TldScanner.scanJars At least one JAR was scanned for TLDs yet contained no TLDs. Enable debug logging for this logger for a complete list of JARs that were scanned but no TLDs were found in them. Skipping unneeded JARs during scanning can improve startup time and JSP compilation time.
03-Dec-2025 11:41:30.992 INFO [main] org.apache.catalina.startup.HostConfig.deployDirectory Deployment of web application directory [/home/infoetu/baptiste.lavogiez.etu/BUT2/Semestre1/Ressources/Webdev/Web/TP06/tomcat/webapps/docs] has finished in [58] ms
03-Dec-2025 11:41:30.992 INFO [main] org.apache.catalina.startup.HostConfig.deployDirectory Deploying web application directory [/home/infoetu/baptiste.lavogiez.etu/BUT2/Semestre1/Ressources/Webdev/Web/TP06/tomcat/webapps/manager]
03-Dec-2025 11:41:31.046 INFO [main] org.apache.jasper.servlet.TldScanner.scanJars At least one JAR was scanned for TLDs yet contained no TLDs. Enable debug logging for this logger for a complete list of JARs that were scanned but no TLDs were found in them. Skipping unneeded JARs during scanning can improve startup time and JSP compilation time.
03-Dec-2025 11:41:31.049 INFO [main] org.apache.catalina.startup.HostConfig.deployDirectory Deployment of web application directory [/home/infoetu/baptiste.lavogiez.etu/BUT2/Semestre1/Ressources/Webdev/Web/TP06/tomcat/webapps/manager] has finished in [57] ms
03-Dec-2025 11:41:31.050 INFO [main] org.apache.catalina.startup.HostConfig.deployDirectory Deploying web application directory [/home/infoetu/baptiste.lavogiez.etu/BUT2/Semestre1/Ressources/Webdev/Web/TP06/tomcat/webapps/host-manager]
03-Dec-2025 11:41:31.099 INFO [main] org.apache.jasper.servlet.TldScanner.scanJars At least one JAR was scanned for TLDs yet contained no TLDs. Enable debug logging for this logger for a complete list of JARs that were scanned but no TLDs were found in them. Skipping unneeded JARs during scanning can improve startup time and JSP compilation time.
03-Dec-2025 11:41:31.100 INFO [main] org.apache.catalina.startup.HostConfig.deployDirectory Deployment of web application directory [/home/infoetu/baptiste.lavogiez.etu/BUT2/Semestre1/Ressources/Webdev/Web/TP06/tomcat/webapps/host-manager] has finished in [50] ms
03-Dec-2025 11:41:31.100 INFO [main] org.apache.catalina.startup.HostConfig.deployDirectory Deploying web application directory [/home/infoetu/baptiste.lavogiez.etu/BUT2/Semestre1/Ressources/Webdev/Web/TP06/tomcat/webapps/vide]
03-Dec-2025 11:41:31.155 INFO [main] org.apache.jasper.servlet.TldScanner.scanJars At least one JAR was scanned for TLDs yet contained no TLDs. Enable debug logging for this logger for a complete list of JARs that were scanned but no TLDs were found in them. Skipping unneeded JARs during scanning can improve startup time and JSP compilation time.
03-Dec-2025 11:41:31.157 INFO [main] org.apache.catalina.startup.HostConfig.deployDirectory Deployment of web application directory [/home/infoetu/baptiste.lavogiez.etu/BUT2/Semestre1/Ressources/Webdev/Web/TP06/tomcat/webapps/vide] has finished in [57] ms
03-Dec-2025 11:41:31.157 INFO [main] org.apache.catalina.startup.HostConfig.deployDirectory Deploying web application directory [/home/infoetu/baptiste.lavogiez.etu/BUT2/Semestre1/Ressources/Webdev/Web/TP06/tomcat/webapps/examples]
03-Dec-2025 11:41:31.298 INFO [main] org.apache.jasper.servlet.TldScanner.scanJars At least one JAR was scanned for TLDs yet contained no TLDs. Enable debug logging for this logger for a complete list of JARs that were scanned but no TLDs were found in them. Skipping unneeded JARs during scanning can improve startup time and JSP compilation time.
03-Dec-2025 11:41:31.312 INFO [main] org.apache.catalina.startup.HostConfig.deployDirectory Deployment of web application directory [/home/infoetu/baptiste.lavogiez.etu/BUT2/Semestre1/Ressources/Webdev/Web/TP06/tomcat/webapps/examples] has finished in [155] ms
03-Dec-2025 11:41:31.314 INFO [main] org.apache.coyote.AbstractProtocol.start Starting ProtocolHandler ["http-nio-8080"]
03-Dec-2025 11:41:31.321 INFO [main] org.apache.catalina.startup.Catalina.start Server startup in [605] milliseconds
03-Dec-2025 11:42:02.824 INFO [Thread-1] org.apache.coyote.AbstractProtocol.pause Pausing ProtocolHandler ["http-nio-8080"]
03-Dec-2025 11:42:02.825 INFO [Thread-1] org.apache.catalina.core.StandardService.stopInternal Stopping service [Catalina]
03-Dec-2025 11:42:02.847 INFO [Thread-1] org.apache.coyote.AbstractProtocol.stop Stopping ProtocolHandler ["http-nio-8080"]
03-Dec-2025 11:42:02.859 INFO [Thread-1] org.apache.coyote.AbstractProtocol.destroy Destroying ProtocolHandler ["http-nio-8080"]
03-Dec-2025 11:42:04.299 INFO [main] org.apache.catalina.startup.VersionLoggerListener.log Server version name:   Apache Tomcat/11.0.13
03-Dec-2025 11:42:04.302 INFO [main] org.apache.catalina.startup.VersionLoggerListener.log Server built:          Oct 10 2025 13:57:31 UTC
03-Dec-2025 11:42:04.302 INFO [main] org.apache.catalina.startup.VersionLoggerListener.log Server version number: 11.0.13.0
03-Dec-2025 11:42:04.302 INFO [main] org.apache.catalina.startup.VersionLoggerListener.log OS Name:               Linux
03-Dec-2025 11:42:04.302 INFO [main] org.apache.catalina.startup.VersionLoggerListener.log OS Version:            6.1.0-40-amd64
03-Dec-2025 11:42:04.302 INFO [main] org.apache.catalina.startup.VersionLoggerListener.log Architecture:          amd64
03-Dec-2025 11:42:04.302 INFO [main] org.apache.catalina.startup.VersionLoggerListener.log Java Home:             /usr/lib/jvm/java-17-openjdk-amd64
03-Dec-2025 11:42:04.302 INFO [main] org.apache.catalina.startup.VersionLoggerListener.log JVM Version:           17.0.17+10-Debian-1deb12u1
03-Dec-2025 11:42:04.302 INFO [main] org.apache.catalina.startup.VersionLoggerListener.log JVM Vendor:            Debian
03-Dec-2025 11:42:04.302 INFO [main] org.apache.catalina.startup.VersionLoggerListener.log CATALINA_BASE:         /home/infoetu/baptiste.lavogiez.etu/BUT2/Semestre1/Ressources/Webdev/Web/TP06/tomcat
03-Dec-2025 11:42:04.302 INFO [main] org.apache.catalina.startup.VersionLoggerListener.log CATALINA_HOME:         /home/infoetu/baptiste.lavogiez.etu/BUT2/Semestre1/Ressources/Webdev/Web/TP06/tomcat
03-Dec-2025 11:42:04.305 INFO [main] org.apache.catalina.startup.VersionLoggerListener.log Command line argument: -Djava.util.logging.config.file=/home/infoetu/baptiste.lavogiez.etu/BUT2/Semestre1/Ressources/Webdev/Web/TP06/tomcat/conf/logging.properties
03-Dec-2025 11:42:04.305 INFO [main] org.apache.catalina.startup.VersionLoggerListener.log Command line argument: -Djava.util.logging.manager=org.apache.juli.ClassLoaderLogManager
03-Dec-2025 11:42:04.306 INFO [main] org.apache.catalina.startup.VersionLoggerListener.log Command line argument: -Djdk.tls.ephemeralDHKeySize=2048
03-Dec-2025 11:42:04.306 INFO [main] org.apache.catalina.startup.VersionLoggerListener.log Command line argument: -Dorg.apache.catalina.security.SecurityListener.UMASK=0027
03-Dec-2025 11:42:04.306 INFO [main] org.apache.catalina.startup.VersionLoggerListener.log Command line argument: --add-opens=java.base/java.lang=ALL-UNNAMED
03-Dec-2025 11:42:04.306 INFO [main] org.apache.catalina.startup.VersionLoggerListener.log Command line argument: --add-opens=java.base/java.lang.reflect=ALL-UNNAMED
03-Dec-2025 11:42:04.306 INFO [main] org.apache.catalina.startup.VersionLoggerListener.log Command line argument: --add-opens=java.base/java.io=ALL-UNNAMED
03-Dec-2025 11:42:04.306 INFO [main] org.apache.catalina.startup.VersionLoggerListener.log Command line argument: --add-opens=java.base/java.util=ALL-UNNAMED
03-Dec-2025 11:42:04.306 INFO [main] org.apache.catalina.startup.VersionLoggerListener.log Command line argument: --add-opens=java.base/java.util.concurrent=ALL-UNNAMED
03-Dec-2025 11:42:04.306 INFO [main] org.apache.catalina.startup.VersionLoggerListener.log Command line argument: --add-opens=java.rmi/sun.rmi.transport=ALL-UNNAMED
03-Dec-2025 11:42:04.306 INFO [main] org.apache.catalina.startup.VersionLoggerListener.log Command line argument: --enable-native-access=ALL-UNNAMED
03-Dec-2025 11:42:04.306 INFO [main] org.apache.catalina.startup.VersionLoggerListener.log Command line argument: -Dcatalina.base=/home/infoetu/baptiste.lavogiez.etu/BUT2/Semestre1/Ressources/Webdev/Web/TP06/tomcat
03-Dec-2025 11:42:04.306 INFO [main] org.apache.catalina.startup.VersionLoggerListener.log Command line argument: -Dcatalina.home=/home/infoetu/baptiste.lavogiez.etu/BUT2/Semestre1/Ressources/Webdev/Web/TP06/tomcat
03-Dec-2025 11:42:04.306 INFO [main] org.apache.catalina.startup.VersionLoggerListener.log Command line argument: -Djava.io.tmpdir=/home/infoetu/baptiste.lavogiez.etu/BUT2/Semestre1/Ressources/Webdev/Web/TP06/tomcat/temp
03-Dec-2025 11:42:04.307 INFO [main] org.apache.catalina.core.AprLifecycleListener.lifecycleEvent The Apache Tomcat Native library which allows using OpenSSL was not found on the java.library.path: [/usr/java/packages/lib:/usr/lib/x86_64-linux-gnu/jni:/lib/x86_64-linux-gnu:/usr/lib/x86_64-linux-gnu:/usr/lib/jni:/lib:/usr/lib]
03-Dec-2025 11:42:04.411 INFO [main] org.apache.coyote.AbstractProtocol.init Initializing ProtocolHandler ["http-nio-8080"]
03-Dec-2025 11:42:04.426 INFO [main] org.apache.catalina.startup.Catalina.load Server initialization in [201] milliseconds
03-Dec-2025 11:42:04.446 INFO [main] org.apache.catalina.core.StandardService.startInternal Starting service [Catalina]
03-Dec-2025 11:42:04.446 INFO [main] org.apache.catalina.core.StandardEngine.startInternal Starting Servlet engine: [Apache Tomcat/11.0.13]
03-Dec-2025 11:42:04.451 INFO [main] org.apache.catalina.startup.HostConfig.deployDirectory Deploying web application directory [/home/infoetu/baptiste.lavogiez.etu/BUT2/Semestre1/Ressources/Webdev/Web/TP06/tomcat/webapps/ROOT]
03-Dec-2025 11:42:04.636 INFO [main] org.apache.jasper.servlet.TldScanner.scanJars At least one JAR was scanned for TLDs yet contained no TLDs. Enable debug logging for this logger for a complete list of JARs that were scanned but no TLDs were found in them. Skipping unneeded JARs during scanning can improve startup time and JSP compilation time.
03-Dec-2025 11:42:04.654 INFO [main] org.apache.catalina.startup.HostConfig.deployDirectory Deployment of web application directory [/home/infoetu/baptiste.lavogiez.etu/BUT2/Semestre1/Ressources/Webdev/Web/TP06/tomcat/webapps/ROOT] has finished in [202] ms
03-Dec-2025 11:42:04.654 INFO [main] org.apache.catalina.startup.HostConfig.deployDirectory Deploying web application directory [/home/infoetu/baptiste.lavogiez.etu/BUT2/Semestre1/Ressources/Webdev/Web/TP06/tomcat/webapps/docs]
03-Dec-2025 11:42:04.707 INFO [main] org.apache.jasper.servlet.TldScanner.scanJars At least one JAR was scanned for TLDs yet contained no TLDs. Enable debug logging for this logger for a complete list of JARs that were scanned but no TLDs were found in them. Skipping unneeded JARs during scanning can improve startup time and JSP compilation time.
03-Dec-2025 11:42:04.708 INFO [main] org.apache.catalina.startup.HostConfig.deployDirectory Deployment of web application directory [/home/infoetu/baptiste.lavogiez.etu/BUT2/Semestre1/Ressources/Webdev/Web/TP06/tomcat/webapps/docs] has finished in [54] ms
03-Dec-2025 11:42:04.709 INFO [main] org.apache.catalina.startup.HostConfig.deployDirectory Deploying web application directory [/home/infoetu/baptiste.lavogiez.etu/BUT2/Semestre1/Ressources/Webdev/Web/TP06/tomcat/webapps/manager]
03-Dec-2025 11:42:04.763 INFO [main] org.apache.jasper.servlet.TldScanner.scanJars At least one JAR was scanned for TLDs yet contained no TLDs. Enable debug logging for this logger for a complete list of JARs that were scanned but no TLDs were found in them. Skipping unneeded JARs during scanning can improve startup time and JSP compilation time.
03-Dec-2025 11:42:04.766 INFO [main] org.apache.catalina.startup.HostConfig.deployDirectory Deployment of web application directory [/home/infoetu/baptiste.lavogiez.etu/BUT2/Semestre1/Ressources/Webdev/Web/TP06/tomcat/webapps/manager] has finished in [57] ms
03-Dec-2025 11:42:04.767 INFO [main] org.apache.catalina.startup.HostConfig.deployDirectory Deploying web application directory [/home/infoetu/baptiste.lavogiez.etu/BUT2/Semestre1/Ressources/Webdev/Web/TP06/tomcat/webapps/host-manager]
03-Dec-2025 11:42:04.815 INFO [main] org.apache.jasper.servlet.TldScanner.scanJars At least one JAR was scanned for TLDs yet contained no TLDs. Enable debug logging for this logger for a complete list of JARs that were scanned but no TLDs were found in them. Skipping unneeded JARs during scanning can improve startup time and JSP compilation time.
03-Dec-2025 11:42:04.816 INFO [main] org.apache.catalina.startup.HostConfig.deployDirectory Deployment of web application directory [/home/infoetu/baptiste.lavogiez.etu/BUT2/Semestre1/Ressources/Webdev/Web/TP06/tomcat/webapps/host-manager] has finished in [49] ms
03-Dec-2025 11:42:04.816 INFO [main] org.apache.catalina.startup.HostConfig.deployDirectory Deploying web application directory [/home/infoetu/baptiste.lavogiez.etu/BUT2/Semestre1/Ressources/Webdev/Web/TP06/tomcat/webapps/vide]
03-Dec-2025 11:42:04.867 INFO [main] org.apache.jasper.servlet.TldScanner.scanJars At least one JAR was scanned for TLDs yet contained no TLDs. Enable debug logging for this logger for a complete list of JARs that were scanned but no TLDs were found in them. Skipping unneeded JARs during scanning can improve startup time and JSP compilation time.
03-Dec-2025 11:42:04.869 INFO [main] org.apache.catalina.startup.HostConfig.deployDirectory Deployment of web application directory [/home/infoetu/baptiste.lavogiez.etu/BUT2/Semestre1/Ressources/Webdev/Web/TP06/tomcat/webapps/vide] has finished in [53] ms
03-Dec-2025 11:42:04.869 INFO [main] org.apache.catalina.startup.HostConfig.deployDirectory Deploying web application directory [/home/infoetu/baptiste.lavogiez.etu/BUT2/Semestre1/Ressources/Webdev/Web/TP06/tomcat/webapps/examples]
03-Dec-2025 11:42:05.009 INFO [main] org.apache.jasper.servlet.TldScanner.scanJars At least one JAR was scanned for TLDs yet contained no TLDs. Enable debug logging for this logger for a complete list of JARs that were scanned but no TLDs were found in them. Skipping unneeded JARs during scanning can improve startup time and JSP compilation time.
03-Dec-2025 11:42:05.023 INFO [main] org.apache.catalina.startup.HostConfig.deployDirectory Deployment of web application directory [/home/infoetu/baptiste.lavogiez.etu/BUT2/Semestre1/Ressources/Webdev/Web/TP06/tomcat/webapps/examples] has finished in [154] ms
03-Dec-2025 11:42:05.025 INFO [main] org.apache.coyote.AbstractProtocol.start Starting ProtocolHandler ["http-nio-8080"]
03-Dec-2025 11:42:05.031 INFO [main] org.apache.catalina.startup.Catalina.start Server startup in [604] milliseconds
03-Dec-2025 11:42:09.416 INFO [Thread-1] org.apache.coyote.AbstractProtocol.pause Pausing ProtocolHandler ["http-nio-8080"]
03-Dec-2025 11:42:09.421 INFO [Thread-1] org.apache.catalina.core.StandardService.stopInternal Stopping service [Catalina]
03-Dec-2025 11:42:09.439 INFO [Thread-1] org.apache.coyote.AbstractProtocol.stop Stopping ProtocolHandler ["http-nio-8080"]
03-Dec-2025 11:42:09.443 INFO [Thread-1] org.apache.coyote.AbstractProtocol.destroy Destroying ProtocolHandler ["http-nio-8080"]
03-Dec-2025 11:42:10.046 INFO [main] org.apache.catalina.startup.VersionLoggerListener.log Server version name:   Apache Tomcat/11.0.13
03-Dec-2025 11:42:10.048 INFO [main] org.apache.catalina.startup.VersionLoggerListener.log Server built:          Oct 10 2025 13:57:31 UTC
03-Dec-2025 11:42:10.048 INFO [main] org.apache.catalina.startup.VersionLoggerListener.log Server version number: 11.0.13.0
03-Dec-2025 11:42:10.048 INFO [main] org.apache.catalina.startup.VersionLoggerListener.log OS Name:               Linux
03-Dec-2025 11:42:10.048 INFO [main] org.apache.catalina.startup.VersionLoggerListener.log OS Version:            6.1.0-40-amd64
03-Dec-2025 11:42:10.048 INFO [main] org.apache.catalina.startup.VersionLoggerListener.log Architecture:          amd64
03-Dec-2025 11:42:10.048 INFO [main] org.apache.catalina.startup.VersionLoggerListener.log Java Home:             /usr/lib/jvm/java-17-openjdk-amd64
03-Dec-2025 11:42:10.048 INFO [main] org.apache.catalina.startup.VersionLoggerListener.log JVM Version:           17.0.17+10-Debian-1deb12u1
03-Dec-2025 11:42:10.048 INFO [main] org.apache.catalina.startup.VersionLoggerListener.log JVM Vendor:            Debian
03-Dec-2025 11:42:10.048 INFO [main] org.apache.catalina.startup.VersionLoggerListener.log CATALINA_BASE:         /home/infoetu/baptiste.lavogiez.etu/BUT2/Semestre1/Ressources/Webdev/Web/TP06/tomcat
03-Dec-2025 11:42:10.048 INFO [main] org.apache.catalina.startup.VersionLoggerListener.log CATALINA_HOME:         /home/infoetu/baptiste.lavogiez.etu/BUT2/Semestre1/Ressources/Webdev/Web/TP06/tomcat
03-Dec-2025 11:42:10.052 INFO [main] org.apache.catalina.startup.VersionLoggerListener.log Command line argument: -Djava.util.logging.config.file=/home/infoetu/baptiste.lavogiez.etu/BUT2/Semestre1/Ressources/Webdev/Web/TP06/tomcat/conf/logging.properties
03-Dec-2025 11:42:10.052 INFO [main] org.apache.catalina.startup.VersionLoggerListener.log Command line argument: -Djava.util.logging.manager=org.apache.juli.ClassLoaderLogManager
03-Dec-2025 11:42:10.052 INFO [main] org.apache.catalina.startup.VersionLoggerListener.log Command line argument: -Djdk.tls.ephemeralDHKeySize=2048
03-Dec-2025 11:42:10.052 INFO [main] org.apache.catalina.startup.VersionLoggerListener.log Command line argument: -Dorg.apache.catalina.security.SecurityListener.UMASK=0027
03-Dec-2025 11:42:10.052 INFO [main] org.apache.catalina.startup.VersionLoggerListener.log Command line argument: --add-opens=java.base/java.lang=ALL-UNNAMED
03-Dec-2025 11:42:10.052 INFO [main] org.apache.catalina.startup.VersionLoggerListener.log Command line argument: --add-opens=java.base/java.lang.reflect=ALL-UNNAMED
03-Dec-2025 11:42:10.052 INFO [main] org.apache.catalina.startup.VersionLoggerListener.log Command line argument: --add-opens=java.base/java.io=ALL-UNNAMED
03-Dec-2025 11:42:10.052 INFO [main] org.apache.catalina.startup.VersionLoggerListener.log Command line argument: --add-opens=java.base/java.util=ALL-UNNAMED
03-Dec-2025 11:42:10.053 INFO [main] org.apache.catalina.startup.VersionLoggerListener.log Command line argument: --add-opens=java.base/java.util.concurrent=ALL-UNNAMED
03-Dec-2025 11:42:10.053 INFO [main] org.apache.catalina.startup.VersionLoggerListener.log Command line argument: --add-opens=java.rmi/sun.rmi.transport=ALL-UNNAMED
03-Dec-2025 11:42:10.053 INFO [main] org.apache.catalina.startup.VersionLoggerListener.log Command line argument: --enable-native-access=ALL-UNNAMED
03-Dec-2025 11:42:10.053 INFO [main] org.apache.catalina.startup.VersionLoggerListener.log Command line argument: -Dcatalina.base=/home/infoetu/baptiste.lavogiez.etu/BUT2/Semestre1/Ressources/Webdev/Web/TP06/tomcat
03-Dec-2025 11:42:10.053 INFO [main] org.apache.catalina.startup.VersionLoggerListener.log Command line argument: -Dcatalina.home=/home/infoetu/baptiste.lavogiez.etu/BUT2/Semestre1/Ressources/Webdev/Web/TP06/tomcat
03-Dec-2025 11:42:10.053 INFO [main] org.apache.catalina.startup.VersionLoggerListener.log Command line argument: -Djava.io.tmpdir=/home/infoetu/baptiste.lavogiez.etu/BUT2/Semestre1/Ressources/Webdev/Web/TP06/tomcat/temp
03-Dec-2025 11:42:10.053 INFO [main] org.apache.catalina.core.AprLifecycleListener.lifecycleEvent The Apache Tomcat Native library which allows using OpenSSL was not found on the java.library.path: [/usr/java/packages/lib:/usr/lib/x86_64-linux-gnu/jni:/lib/x86_64-linux-gnu:/usr/lib/x86_64-linux-gnu:/usr/lib/jni:/lib:/usr/lib]
03-Dec-2025 11:42:10.155 INFO [main] org.apache.coyote.AbstractProtocol.init Initializing ProtocolHandler ["http-nio-8080"]
03-Dec-2025 11:42:10.169 INFO [main] org.apache.catalina.startup.Catalina.load Server initialization in [198] milliseconds
03-Dec-2025 11:42:10.189 INFO [main] org.apache.catalina.core.StandardService.startInternal Starting service [Catalina]
03-Dec-2025 11:42:10.189 INFO [main] org.apache.catalina.core.StandardEngine.startInternal Starting Servlet engine: [Apache Tomcat/11.0.13]
03-Dec-2025 11:42:10.194 INFO [main] org.apache.catalina.startup.HostConfig.deployDirectory Deploying web application directory [/home/infoetu/baptiste.lavogiez.etu/BUT2/Semestre1/Ressources/Webdev/Web/TP06/tomcat/webapps/ROOT]
03-Dec-2025 11:42:10.372 INFO [main] org.apache.jasper.servlet.TldScanner.scanJars At least one JAR was scanned for TLDs yet contained no TLDs. Enable debug logging for this logger for a complete list of JARs that were scanned but no TLDs were found in them. Skipping unneeded JARs during scanning can improve startup time and JSP compilation time.
03-Dec-2025 11:42:10.389 INFO [main] org.apache.catalina.startup.HostConfig.deployDirectory Deployment of web application directory [/home/infoetu/baptiste.lavogiez.etu/BUT2/Semestre1/Ressources/Webdev/Web/TP06/tomcat/webapps/ROOT] has finished in [195] ms
03-Dec-2025 11:42:10.390 INFO [main] org.apache.catalina.startup.HostConfig.deployDirectory Deploying web application directory [/home/infoetu/baptiste.lavogiez.etu/BUT2/Semestre1/Ressources/Webdev/Web/TP06/tomcat/webapps/docs]
03-Dec-2025 11:42:10.443 INFO [main] org.apache.jasper.servlet.TldScanner.scanJars At least one JAR was scanned for TLDs yet contained no TLDs. Enable debug logging for this logger for a complete list of JARs that were scanned but no TLDs were found in them. Skipping unneeded JARs during scanning can improve startup time and JSP compilation time.
03-Dec-2025 11:42:10.444 INFO [main] org.apache.catalina.startup.HostConfig.deployDirectory Deployment of web application directory [/home/infoetu/baptiste.lavogiez.etu/BUT2/Semestre1/Ressources/Webdev/Web/TP06/tomcat/webapps/docs] has finished in [54] ms
03-Dec-2025 11:42:10.445 INFO [main] org.apache.catalina.startup.HostConfig.deployDirectory Deploying web application directory [/home/infoetu/baptiste.lavogiez.etu/BUT2/Semestre1/Ressources/Webdev/Web/TP06/tomcat/webapps/manager]
03-Dec-2025 11:42:10.497 INFO [main] org.apache.jasper.servlet.TldScanner.scanJars At least one JAR was scanned for TLDs yet contained no TLDs. Enable debug logging for this logger for a complete list of JARs that were scanned but no TLDs were found in them. Skipping unneeded JARs during scanning can improve startup time and JSP compilation time.
03-Dec-2025 11:42:10.500 INFO [main] org.apache.catalina.startup.HostConfig.deployDirectory Deployment of web application directory [/home/infoetu/baptiste.lavogiez.etu/BUT2/Semestre1/Ressources/Webdev/Web/TP06/tomcat/webapps/manager] has finished in [55] ms
03-Dec-2025 11:42:10.500 INFO [main] org.apache.catalina.startup.HostConfig.deployDirectory Deploying web application directory [/home/infoetu/baptiste.lavogiez.etu/BUT2/Semestre1/Ressources/Webdev/Web/TP06/tomcat/webapps/host-manager]
03-Dec-2025 11:42:10.549 INFO [main] org.apache.jasper.servlet.TldScanner.scanJars At least one JAR was scanned for TLDs yet contained no TLDs. Enable debug logging for this logger for a complete list of JARs that were scanned but no TLDs were found in them. Skipping unneeded JARs during scanning can improve startup time and JSP compilation time.
03-Dec-2025 11:42:10.550 INFO [main] org.apache.catalina.startup.HostConfig.deployDirectory Deployment of web application directory [/home/infoetu/baptiste.lavogiez.etu/BUT2/Semestre1/Ressources/Webdev/Web/TP06/tomcat/webapps/host-manager] has finished in [49] ms
03-Dec-2025 11:42:10.550 INFO [main] org.apache.catalina.startup.HostConfig.deployDirectory Deploying web application directory [/home/infoetu/baptiste.lavogiez.etu/BUT2/Semestre1/Ressources/Webdev/Web/TP06/tomcat/webapps/vide]
03-Dec-2025 11:42:10.604 INFO [main] org.apache.jasper.servlet.TldScanner.scanJars At least one JAR was scanned for TLDs yet contained no TLDs. Enable debug logging for this logger for a complete list of JARs that were scanned but no TLDs were found in them. Skipping unneeded JARs during scanning can improve startup time and JSP compilation time.
03-Dec-2025 11:42:10.606 INFO [main] org.apache.catalina.startup.HostConfig.deployDirectory Deployment of web application directory [/home/infoetu/baptiste.lavogiez.etu/BUT2/Semestre1/Ressources/Webdev/Web/TP06/tomcat/webapps/vide] has finished in [56] ms
03-Dec-2025 11:42:10.606 INFO [main] org.apache.catalina.startup.HostConfig.deployDirectory Deploying web application directory [/home/infoetu/baptiste.lavogiez.etu/BUT2/Semestre1/Ressources/Webdev/Web/TP06/tomcat/webapps/examples]
03-Dec-2025 11:42:10.757 INFO [main] org.apache.jasper.servlet.TldScanner.scanJars At least one JAR was scanned for TLDs yet contained no TLDs. Enable debug logging for this logger for a complete list of JARs that were scanned but no TLDs were found in them. Skipping unneeded JARs during scanning can improve startup time and JSP compilation time.
03-Dec-2025 11:42:10.780 INFO [main] org.apache.catalina.startup.HostConfig.deployDirectory Deployment of web application directory [/home/infoetu/baptiste.lavogiez.etu/BUT2/Semestre1/Ressources/Webdev/Web/TP06/tomcat/webapps/examples] has finished in [174] ms
03-Dec-2025 11:42:10.782 INFO [main] org.apache.coyote.AbstractProtocol.start Starting ProtocolHandler ["http-nio-8080"]
03-Dec-2025 11:42:10.789 INFO [main] org.apache.catalina.startup.Catalina.start Server startup in [619] milliseconds
03-Dec-2025 11:42:30.797 INFO [Catalina-utility-1] org.apache.catalina.core.StandardContext.reload Reloading Context with name [/vide] has started
03-Dec-2025 11:42:30.863 INFO [Catalina-utility-1] org.apache.jasper.servlet.TldScanner.scanJars At least one JAR was scanned for TLDs yet contained no TLDs. Enable debug logging for this logger for a complete list of JARs that were scanned but no TLDs were found in them. Skipping unneeded JARs during scanning can improve startup time and JSP compilation time.
03-Dec-2025 11:42:30.864 INFO [Catalina-utility-1] org.apache.catalina.core.StandardContext.reload Reloading Context with name [/vide] is completed
03-Dec-2025 11:42:31.784 INFO [Thread-1] org.apache.coyote.AbstractProtocol.pause Pausing ProtocolHandler ["http-nio-8080"]
03-Dec-2025 11:42:31.788 INFO [Thread-1] org.apache.catalina.core.StandardService.stopInternal Stopping service [Catalina]
03-Dec-2025 11:42:31.805 INFO [Thread-1] org.apache.coyote.AbstractProtocol.stop Stopping ProtocolHandler ["http-nio-8080"]
03-Dec-2025 11:42:31.811 INFO [Thread-1] org.apache.coyote.AbstractProtocol.destroy Destroying ProtocolHandler ["http-nio-8080"]
03-Dec-2025 11:42:32.496 INFO [main] org.apache.catalina.startup.VersionLoggerListener.log Server version name:   Apache Tomcat/11.0.13
03-Dec-2025 11:42:32.498 INFO [main] org.apache.catalina.startup.VersionLoggerListener.log Server built:          Oct 10 2025 13:57:31 UTC
03-Dec-2025 11:42:32.498 INFO [main] org.apache.catalina.startup.VersionLoggerListener.log Server version number: 11.0.13.0
03-Dec-2025 11:42:32.498 INFO [main] org.apache.catalina.startup.VersionLoggerListener.log OS Name:               Linux
03-Dec-2025 11:42:32.498 INFO [main] org.apache.catalina.startup.VersionLoggerListener.log OS Version:            6.1.0-40-amd64
03-Dec-2025 11:42:32.498 INFO [main] org.apache.catalina.startup.VersionLoggerListener.log Architecture:          amd64
03-Dec-2025 11:42:32.498 INFO [main] org.apache.catalina.startup.VersionLoggerListener.log Java Home:             /usr/lib/jvm/java-17-openjdk-amd64
03-Dec-2025 11:42:32.498 INFO [main] org.apache.catalina.startup.VersionLoggerListener.log JVM Version:           17.0.17+10-Debian-1deb12u1
03-Dec-2025 11:42:32.498 INFO [main] org.apache.catalina.startup.VersionLoggerListener.log JVM Vendor:            Debian
03-Dec-2025 11:42:32.498 INFO [main] org.apache.catalina.startup.VersionLoggerListener.log CATALINA_BASE:         /home/infoetu/baptiste.lavogiez.etu/BUT2/Semestre1/Ressources/Webdev/Web/TP06/tomcat
03-Dec-2025 11:42:32.498 INFO [main] org.apache.catalina.startup.VersionLoggerListener.log CATALINA_HOME:         /home/infoetu/baptiste.lavogiez.etu/BUT2/Semestre1/Ressources/Webdev/Web/TP06/tomcat
03-Dec-2025 11:42:32.502 INFO [main] org.apache.catalina.startup.VersionLoggerListener.log Command line argument: -Djava.util.logging.config.file=/home/infoetu/baptiste.lavogiez.etu/BUT2/Semestre1/Ressources/Webdev/Web/TP06/tomcat/conf/logging.properties
03-Dec-2025 11:42:32.502 INFO [main] org.apache.catalina.startup.VersionLoggerListener.log Command line argument: -Djava.util.logging.manager=org.apache.juli.ClassLoaderLogManager
03-Dec-2025 11:42:32.502 INFO [main] org.apache.catalina.startup.VersionLoggerListener.log Command line argument: -Djdk.tls.ephemeralDHKeySize=2048
03-Dec-2025 11:42:32.502 INFO [main] org.apache.catalina.startup.VersionLoggerListener.log Command line argument: -Dorg.apache.catalina.security.SecurityListener.UMASK=0027
03-Dec-2025 11:42:32.502 INFO [main] org.apache.catalina.startup.VersionLoggerListener.log Command line argument: --add-opens=java.base/java.lang=ALL-UNNAMED
03-Dec-2025 11:42:32.502 INFO [main] org.apache.catalina.startup.VersionLoggerListener.log Command line argument: --add-opens=java.base/java.lang.reflect=ALL-UNNAMED
03-Dec-2025 11:42:32.502 INFO [main] org.apache.catalina.startup.VersionLoggerListener.log Command line argument: --add-opens=java.base/java.io=ALL-UNNAMED
03-Dec-2025 11:42:32.502 INFO [main] org.apache.catalina.startup.VersionLoggerListener.log Command line argument: --add-opens=java.base/java.util=ALL-UNNAMED
03-Dec-2025 11:42:32.502 INFO [main] org.apache.catalina.startup.VersionLoggerListener.log Command line argument: --add-opens=java.base/java.util.concurrent=ALL-UNNAMED
03-Dec-2025 11:42:32.502 INFO [main] org.apache.catalina.startup.VersionLoggerListener.log Command line argument: --add-opens=java.rmi/sun.rmi.transport=ALL-UNNAMED
03-Dec-2025 11:42:32.502 INFO [main] org.apache.catalina.startup.VersionLoggerListener.log Command line argument: --enable-native-access=ALL-UNNAMED
03-Dec-2025 11:42:32.503 INFO [main] org.apache.catalina.startup.VersionLoggerListener.log Command line argument: -Dcatalina.base=/home/infoetu/baptiste.lavogiez.etu/BUT2/Semestre1/Ressources/Webdev/Web/TP06/tomcat
03-Dec-2025 11:42:32.503 INFO [main] org.apache.catalina.startup.VersionLoggerListener.log Command line argument: -Dcatalina.home=/home/infoetu/baptiste.lavogiez.etu/BUT2/Semestre1/Ressources/Webdev/Web/TP06/tomcat
03-Dec-2025 11:42:32.503 INFO [main] org.apache.catalina.startup.VersionLoggerListener.log Command line argument: -Djava.io.tmpdir=/home/infoetu/baptiste.lavogiez.etu/BUT2/Semestre1/Ressources/Webdev/Web/TP06/tomcat/temp
03-Dec-2025 11:42:32.503 INFO [main] org.apache.catalina.core.AprLifecycleListener.lifecycleEvent The Apache Tomcat Native library which allows using OpenSSL was not found on the java.library.path: [/usr/java/packages/lib:/usr/lib/x86_64-linux-gnu/jni:/lib/x86_64-linux-gnu:/usr/lib/x86_64-linux-gnu:/usr/lib/jni:/lib:/usr/lib]
03-Dec-2025 11:42:32.606 INFO [main] org.apache.coyote.AbstractProtocol.init Initializing ProtocolHandler ["http-nio-8080"]
03-Dec-2025 11:42:32.619 INFO [main] org.apache.catalina.startup.Catalina.load Server initialization in [198] milliseconds
03-Dec-2025 11:42:32.638 INFO [main] org.apache.catalina.core.StandardService.startInternal Starting service [Catalina]
03-Dec-2025 11:42:32.638 INFO [main] org.apache.catalina.core.StandardEngine.startInternal Starting Servlet engine: [Apache Tomcat/11.0.13]
03-Dec-2025 11:42:32.643 INFO [main] org.apache.catalina.startup.HostConfig.deployDirectory Deploying web application directory [/home/infoetu/baptiste.lavogiez.etu/BUT2/Semestre1/Ressources/Webdev/Web/TP06/tomcat/webapps/ROOT]
03-Dec-2025 11:42:32.829 INFO [main] org.apache.jasper.servlet.TldScanner.scanJars At least one JAR was scanned for TLDs yet contained no TLDs. Enable debug logging for this logger for a complete list of JARs that were scanned but no TLDs were found in them. Skipping unneeded JARs during scanning can improve startup time and JSP compilation time.
03-Dec-2025 11:42:32.846 INFO [main] org.apache.catalina.startup.HostConfig.deployDirectory Deployment of web application directory [/home/infoetu/baptiste.lavogiez.etu/BUT2/Semestre1/Ressources/Webdev/Web/TP06/tomcat/webapps/ROOT] has finished in [202] ms
03-Dec-2025 11:42:32.846 INFO [main] org.apache.catalina.startup.HostConfig.deployDirectory Deploying web application directory [/home/infoetu/baptiste.lavogiez.etu/BUT2/Semestre1/Ressources/Webdev/Web/TP06/tomcat/webapps/docs]
03-Dec-2025 11:42:32.905 INFO [main] org.apache.jasper.servlet.TldScanner.scanJars At least one JAR was scanned for TLDs yet contained no TLDs. Enable debug logging for this logger for a complete list of JARs that were scanned but no TLDs were found in them. Skipping unneeded JARs during scanning can improve startup time and JSP compilation time.
03-Dec-2025 11:42:32.906 INFO [main] org.apache.catalina.startup.HostConfig.deployDirectory Deployment of web application directory [/home/infoetu/baptiste.lavogiez.etu/BUT2/Semestre1/Ressources/Webdev/Web/TP06/tomcat/webapps/docs] has finished in [60] ms
03-Dec-2025 11:42:32.906 INFO [main] org.apache.catalina.startup.HostConfig.deployDirectory Deploying web application directory [/home/infoetu/baptiste.lavogiez.etu/BUT2/Semestre1/Ressources/Webdev/Web/TP06/tomcat/webapps/manager]
03-Dec-2025 11:42:32.981 INFO [main] org.apache.jasper.servlet.TldScanner.scanJars At least one JAR was scanned for TLDs yet contained no TLDs. Enable debug logging for this logger for a complete list of JARs that were scanned but no TLDs were found in them. Skipping unneeded JARs during scanning can improve startup time and JSP compilation time.
03-Dec-2025 11:42:32.987 INFO [main] org.apache.catalina.startup.HostConfig.deployDirectory Deployment of web application directory [/home/infoetu/baptiste.lavogiez.etu/BUT2/Semestre1/Ressources/Webdev/Web/TP06/tomcat/webapps/manager] has finished in [80] ms
03-Dec-2025 11:42:32.987 INFO [main] org.apache.catalina.startup.HostConfig.deployDirectory Deploying web application directory [/home/infoetu/baptiste.lavogiez.etu/BUT2/Semestre1/Ressources/Webdev/Web/TP06/tomcat/webapps/host-manager]
03-Dec-2025 11:42:33.075 INFO [main] org.apache.jasper.servlet.TldScanner.scanJars At least one JAR was scanned for TLDs yet contained no TLDs. Enable debug logging for this logger for a complete list of JARs that were scanned but no TLDs were found in them. Skipping unneeded JARs during scanning can improve startup time and JSP compilation time.
03-Dec-2025 11:42:33.076 INFO [main] org.apache.catalina.startup.HostConfig.deployDirectory Deployment of web application directory [/home/infoetu/baptiste.lavogiez.etu/BUT2/Semestre1/Ressources/Webdev/Web/TP06/tomcat/webapps/host-manager] has finished in [89] ms
03-Dec-2025 11:42:33.076 INFO [main] org.apache.catalina.startup.HostConfig.deployDirectory Deploying web application directory [/home/infoetu/baptiste.lavogiez.etu/BUT2/Semestre1/Ressources/Webdev/Web/TP06/tomcat/webapps/vide]
03-Dec-2025 11:42:33.130 INFO [main] org.apache.jasper.servlet.TldScanner.scanJars At least one JAR was scanned for TLDs yet contained no TLDs. Enable debug logging for this logger for a complete list of JARs that were scanned but no TLDs were found in them. Skipping unneeded JARs during scanning can improve startup time and JSP compilation time.
03-Dec-2025 11:42:33.132 INFO [main] org.apache.catalina.startup.HostConfig.deployDirectory Deployment of web application directory [/home/infoetu/baptiste.lavogiez.etu/BUT2/Semestre1/Ressources/Webdev/Web/TP06/tomcat/webapps/vide] has finished in [55] ms
03-Dec-2025 11:42:33.132 INFO [main] org.apache.catalina.startup.HostConfig.deployDirectory Deploying web application directory [/home/infoetu/baptiste.lavogiez.etu/BUT2/Semestre1/Ressources/Webdev/Web/TP06/tomcat/webapps/examples]
03-Dec-2025 11:42:33.302 INFO [main] org.apache.jasper.servlet.TldScanner.scanJars At least one JAR was scanned for TLDs yet contained no TLDs. Enable debug logging for this logger for a complete list of JARs that were scanned but no TLDs were found in them. Skipping unneeded JARs during scanning can improve startup time and JSP compilation time.
03-Dec-2025 11:42:33.316 INFO [main] org.apache.catalina.startup.HostConfig.deployDirectory Deployment of web application directory [/home/infoetu/baptiste.lavogiez.etu/BUT2/Semestre1/Ressources/Webdev/Web/TP06/tomcat/webapps/examples] has finished in [184] ms
03-Dec-2025 11:42:33.318 INFO [main] org.apache.coyote.AbstractProtocol.start Starting ProtocolHandler ["http-nio-8080"]
03-Dec-2025 11:42:33.325 INFO [main] org.apache.catalina.startup.Catalina.start Server startup in [705] milliseconds
03-Dec-2025 11:42:43.323 INFO [Catalina-utility-1] org.apache.catalina.core.StandardContext.reload Reloading Context with name [/vide] has started
03-Dec-2025 11:42:43.386 INFO [Catalina-utility-1] org.apache.jasper.servlet.TldScanner.scanJars At least one JAR was scanned for TLDs yet contained no TLDs. Enable debug logging for this logger for a complete list of JARs that were scanned but no TLDs were found in them. Skipping unneeded JARs during scanning can improve startup time and JSP compilation time.
03-Dec-2025 11:42:43.387 INFO [Catalina-utility-1] org.apache.catalina.core.StandardContext.reload Reloading Context with name [/vide] is completed
03-Dec-2025 11:53:47.238 INFO [Thread-1] org.apache.coyote.AbstractProtocol.pause Pausing ProtocolHandler ["http-nio-8080"]
03-Dec-2025 11:53:47.239 INFO [Thread-1] org.apache.catalina.core.StandardService.stopInternal Stopping service [Catalina]
03-Dec-2025 11:53:47.252 INFO [Thread-1] org.apache.coyote.AbstractProtocol.stop Stopping ProtocolHandler ["http-nio-8080"]
03-Dec-2025 11:53:47.266 INFO [Thread-1] org.apache.coyote.AbstractProtocol.destroy Destroying ProtocolHandler ["http-nio-8080"]
