10-Feb-2026 10:08:24.418 INFO [main] org.apache.catalina.startup.VersionLoggerListener.log Server version name:   Apache Tomcat/11.0.13
10-Feb-2026 10:08:24.421 INFO [main] org.apache.catalina.startup.VersionLoggerListener.log Server built:          Oct 10 2025 13:57:31 UTC
10-Feb-2026 10:08:24.421 INFO [main] org.apache.catalina.startup.VersionLoggerListener.log Server version number: 11.0.13.0
10-Feb-2026 10:08:24.421 INFO [main] org.apache.catalina.startup.VersionLoggerListener.log OS Name:               Linux
10-Feb-2026 10:08:24.421 INFO [main] org.apache.catalina.startup.VersionLoggerListener.log OS Version:            6.1.0-40-amd64
10-Feb-2026 10:08:24.421 INFO [main] org.apache.catalina.startup.VersionLoggerListener.log Architecture:          amd64
10-Feb-2026 10:08:24.421 INFO [main] org.apache.catalina.startup.VersionLoggerListener.log Java Home:             /usr/lib/jvm/java-17-openjdk-amd64
10-Feb-2026 10:08:24.421 INFO [main] org.apache.catalina.startup.VersionLoggerListener.log JVM Version:           17.0.18+8-Debian-1deb12u1
10-Feb-2026 10:08:24.421 INFO [main] org.apache.catalina.startup.VersionLoggerListener.log JVM Vendor:            Debian
10-Feb-2026 10:08:24.421 INFO [main] org.apache.catalina.startup.VersionLoggerListener.log CATALINA_BASE:         /home/infoetu/baptiste.lavogiez.etu/BUT2/Semestre2/Webdev/tomcat
10-Feb-2026 10:08:24.421 INFO [main] org.apache.catalina.startup.VersionLoggerListener.log CATALINA_HOME:         /home/infoetu/baptiste.lavogiez.etu/BUT2/Semestre2/Webdev/tomcat
10-Feb-2026 10:08:24.427 INFO [main] org.apache.catalina.startup.VersionLoggerListener.log Command line argument: -Djava.util.logging.config.file=/home/infoetu/baptiste.lavogiez.etu/BUT2/Semestre2/Webdev/tomcat/conf/logging.properties
10-Feb-2026 10:08:24.427 INFO [main] org.apache.catalina.startup.VersionLoggerListener.log Command line argument: -Djava.util.logging.manager=org.apache.juli.ClassLoaderLogManager
10-Feb-2026 10:08:24.427 INFO [main] org.apache.catalina.startup.VersionLoggerListener.log Command line argument: -Djdk.tls.ephemeralDHKeySize=2048
10-Feb-2026 10:08:24.427 INFO [main] org.apache.catalina.startup.VersionLoggerListener.log Command line argument: -Dorg.apache.catalina.security.SecurityListener.UMASK=0027
10-Feb-2026 10:08:24.428 INFO [main] org.apache.catalina.startup.VersionLoggerListener.log Command line argument: --add-opens=java.base/java.lang=ALL-UNNAMED
10-Feb-2026 10:08:24.428 INFO [main] org.apache.catalina.startup.VersionLoggerListener.log Command line argument: --add-opens=java.base/java.lang.reflect=ALL-UNNAMED
10-Feb-2026 10:08:24.428 INFO [main] org.apache.catalina.startup.VersionLoggerListener.log Command line argument: --add-opens=java.base/java.io=ALL-UNNAMED
10-Feb-2026 10:08:24.428 INFO [main] org.apache.catalina.startup.VersionLoggerListener.log Command line argument: --add-opens=java.base/java.util=ALL-UNNAMED
10-Feb-2026 10:08:24.428 INFO [main] org.apache.catalina.startup.VersionLoggerListener.log Command line argument: --add-opens=java.base/java.util.concurrent=ALL-UNNAMED
10-Feb-2026 10:08:24.428 INFO [main] org.apache.catalina.startup.VersionLoggerListener.log Command line argument: --add-opens=java.rmi/sun.rmi.transport=ALL-UNNAMED
10-Feb-2026 10:08:24.428 INFO [main] org.apache.catalina.startup.VersionLoggerListener.log Command line argument: --enable-native-access=ALL-UNNAMED
10-Feb-2026 10:08:24.428 INFO [main] org.apache.catalina.startup.VersionLoggerListener.log Command line argument: -Dcatalina.base=/home/infoetu/baptiste.lavogiez.etu/BUT2/Semestre2/Webdev/tomcat
10-Feb-2026 10:08:24.428 INFO [main] org.apache.catalina.startup.VersionLoggerListener.log Command line argument: -Dcatalina.home=/home/infoetu/baptiste.lavogiez.etu/BUT2/Semestre2/Webdev/tomcat
10-Feb-2026 10:08:24.428 INFO [main] org.apache.catalina.startup.VersionLoggerListener.log Command line argument: -Djava.io.tmpdir=/home/infoetu/baptiste.lavogiez.etu/BUT2/Semestre2/Webdev/tomcat/temp
10-Feb-2026 10:08:24.430 INFO [main] org.apache.catalina.core.AprLifecycleListener.lifecycleEvent The Apache Tomcat Native library which allows using OpenSSL was not found on the java.library.path: [/usr/java/packages/lib:/usr/lib/x86_64-linux-gnu/jni:/lib/x86_64-linux-gnu:/usr/lib/x86_64-linux-gnu:/usr/lib/jni:/lib:/usr/lib]
10-Feb-2026 10:08:24.548 INFO [main] org.apache.coyote.AbstractProtocol.init Initializing ProtocolHandler ["http-nio-8080"]
10-Feb-2026 10:08:24.562 INFO [main] org.apache.catalina.startup.Catalina.load Server initialization in [284] milliseconds
10-Feb-2026 10:08:24.586 INFO [main] org.apache.catalina.core.StandardService.startInternal Starting service [Catalina]
10-Feb-2026 10:08:24.586 INFO [main] org.apache.catalina.core.StandardEngine.startInternal Starting Servlet engine: [Apache Tomcat/11.0.13]
10-Feb-2026 10:08:24.591 INFO [main] org.apache.catalina.startup.HostConfig.deployDirectory Deploying web application directory [/home/infoetu/baptiste.lavogiez.etu/BUT2/Semestre2/Webdev/tomcat/webapps/ctp-sample]
10-Feb-2026 10:08:24.993 INFO [main] org.apache.jasper.servlet.TldScanner.scanJars At least one JAR was scanned for TLDs yet contained no TLDs. Enable debug logging for this logger for a complete list of JARs that were scanned but no TLDs were found in them. Skipping unneeded JARs during scanning can improve startup time and JSP compilation time.
10-Feb-2026 10:08:25.013 INFO [main] org.apache.catalina.startup.HostConfig.deployDirectory Deployment of web application directory [/home/infoetu/baptiste.lavogiez.etu/BUT2/Semestre2/Webdev/tomcat/webapps/ctp-sample] has finished in [421] ms
10-Feb-2026 10:08:25.013 INFO [main] org.apache.catalina.startup.HostConfig.deployDirectory Deploying web application directory [/home/infoetu/baptiste.lavogiez.etu/BUT2/Semestre2/Webdev/tomcat/webapps/__MACOSX]
10-Feb-2026 10:08:25.164 INFO [main] org.apache.jasper.servlet.TldScanner.scanJars At least one JAR was scanned for TLDs yet contained no TLDs. Enable debug logging for this logger for a complete list of JARs that were scanned but no TLDs were found in them. Skipping unneeded JARs during scanning can improve startup time and JSP compilation time.
10-Feb-2026 10:08:25.165 INFO [main] org.apache.catalina.startup.HostConfig.deployDirectory Deployment of web application directory [/home/infoetu/baptiste.lavogiez.etu/BUT2/Semestre2/Webdev/tomcat/webapps/__MACOSX] has finished in [152] ms
10-Feb-2026 10:08:25.166 INFO [main] org.apache.catalina.startup.HostConfig.deployDirectory Deploying web application directory [/home/infoetu/baptiste.lavogiez.etu/BUT2/Semestre2/Webdev/tomcat/webapps/ROOT]
10-Feb-2026 10:08:25.319 INFO [main] org.apache.jasper.servlet.TldScanner.scanJars At least one JAR was scanned for TLDs yet contained no TLDs. Enable debug logging for this logger for a complete list of JARs that were scanned but no TLDs were found in them. Skipping unneeded JARs during scanning can improve startup time and JSP compilation time.
10-Feb-2026 10:08:25.320 INFO [main] org.apache.catalina.startup.HostConfig.deployDirectory Deployment of web application directory [/home/infoetu/baptiste.lavogiez.etu/BUT2/Semestre2/Webdev/tomcat/webapps/ROOT] has finished in [154] ms
10-Feb-2026 10:08:25.320 INFO [main] org.apache.catalina.startup.HostConfig.deployDirectory Deploying web application directory [/home/infoetu/baptiste.lavogiez.etu/BUT2/Semestre2/Webdev/tomcat/webapps/TP04]
10-Feb-2026 10:08:25.505 INFO [main] org.apache.jasper.servlet.TldScanner.scanJars At least one JAR was scanned for TLDs yet contained no TLDs. Enable debug logging for this logger for a complete list of JARs that were scanned but no TLDs were found in them. Skipping unneeded JARs during scanning can improve startup time and JSP compilation time.
10-Feb-2026 10:08:25.506 INFO [main] org.apache.catalina.startup.HostConfig.deployDirectory Deployment of web application directory [/home/infoetu/baptiste.lavogiez.etu/BUT2/Semestre2/Webdev/tomcat/webapps/TP04] has finished in [185] ms
10-Feb-2026 10:08:25.506 INFO [main] org.apache.catalina.startup.HostConfig.deployDirectory Deploying web application directory [/home/infoetu/baptiste.lavogiez.etu/BUT2/Semestre2/Webdev/tomcat/webapps/docs]
10-Feb-2026 10:08:25.669 INFO [main] org.apache.jasper.servlet.TldScanner.scanJars At least one JAR was scanned for TLDs yet contained no TLDs. Enable debug logging for this logger for a complete list of JARs that were scanned but no TLDs were found in them. Skipping unneeded JARs during scanning can improve startup time and JSP compilation time.
10-Feb-2026 10:08:25.669 INFO [main] org.apache.catalina.startup.HostConfig.deployDirectory Deployment of web application directory [/home/infoetu/baptiste.lavogiez.etu/BUT2/Semestre2/Webdev/tomcat/webapps/docs] has finished in [163] ms
10-Feb-2026 10:08:25.670 INFO [main] org.apache.catalina.startup.HostConfig.deployDirectory Deploying web application directory [/home/infoetu/baptiste.lavogiez.etu/BUT2/Semestre2/Webdev/tomcat/webapps/TP03-Partie2]
10-Feb-2026 10:08:25.838 INFO [main] org.apache.jasper.servlet.TldScanner.scanJars At least one JAR was scanned for TLDs yet contained no TLDs. Enable debug logging for this logger for a complete list of JARs that were scanned but no TLDs were found in them. Skipping unneeded JARs during scanning can improve startup time and JSP compilation time.
10-Feb-2026 10:08:25.839 INFO [main] org.apache.catalina.startup.HostConfig.deployDirectory Deployment of web application directory [/home/infoetu/baptiste.lavogiez.etu/BUT2/Semestre2/Webdev/tomcat/webapps/TP03-Partie2] has finished in [170] ms
10-Feb-2026 10:08:25.839 INFO [main] org.apache.catalina.startup.HostConfig.deployDirectory Deploying web application directory [/home/infoetu/baptiste.lavogiez.etu/BUT2/Semestre2/Webdev/tomcat/webapps/manager]
10-Feb-2026 10:08:25.988 INFO [main] org.apache.jasper.servlet.TldScanner.scanJars At least one JAR was scanned for TLDs yet contained no TLDs. Enable debug logging for this logger for a complete list of JARs that were scanned but no TLDs were found in them. Skipping unneeded JARs during scanning can improve startup time and JSP compilation time.
10-Feb-2026 10:08:25.990 INFO [main] org.apache.catalina.startup.HostConfig.deployDirectory Deployment of web application directory [/home/infoetu/baptiste.lavogiez.etu/BUT2/Semestre2/Webdev/tomcat/webapps/manager] has finished in [151] ms
10-Feb-2026 10:08:25.990 INFO [main] org.apache.catalina.startup.HostConfig.deployDirectory Deploying web application directory [/home/infoetu/baptiste.lavogiez.etu/BUT2/Semestre2/Webdev/tomcat/webapps/TP02]
10-Feb-2026 10:08:26.154 INFO [main] org.apache.jasper.servlet.TldScanner.scanJars At least one JAR was scanned for TLDs yet contained no TLDs. Enable debug logging for this logger for a complete list of JARs that were scanned but no TLDs were found in them. Skipping unneeded JARs during scanning can improve startup time and JSP compilation time.
10-Feb-2026 10:08:26.155 INFO [main] org.apache.catalina.startup.HostConfig.deployDirectory Deployment of web application directory [/home/infoetu/baptiste.lavogiez.etu/BUT2/Semestre2/Webdev/tomcat/webapps/TP02] has finished in [165] ms
10-Feb-2026 10:08:26.155 INFO [main] org.apache.catalina.startup.HostConfig.deployDirectory Deploying web application directory [/home/infoetu/baptiste.lavogiez.etu/BUT2/Semestre2/Webdev/tomcat/webapps/ctp1]
10-Feb-2026 10:08:26.307 INFO [main] org.apache.jasper.servlet.TldScanner.scanJars At least one JAR was scanned for TLDs yet contained no TLDs. Enable debug logging for this logger for a complete list of JARs that were scanned but no TLDs were found in them. Skipping unneeded JARs during scanning can improve startup time and JSP compilation time.
10-Feb-2026 10:08:26.308 INFO [main] org.apache.catalina.startup.HostConfig.deployDirectory Deployment of web application directory [/home/infoetu/baptiste.lavogiez.etu/BUT2/Semestre2/Webdev/tomcat/webapps/ctp1] has finished in [153] ms
10-Feb-2026 10:08:26.308 INFO [main] org.apache.catalina.startup.HostConfig.deployDirectory Deploying web application directory [/home/infoetu/baptiste.lavogiez.etu/BUT2/Semestre2/Webdev/tomcat/webapps/TP03]
10-Feb-2026 10:08:26.465 INFO [main] org.apache.jasper.servlet.TldScanner.scanJars At least one JAR was scanned for TLDs yet contained no TLDs. Enable debug logging for this logger for a complete list of JARs that were scanned but no TLDs were found in them. Skipping unneeded JARs during scanning can improve startup time and JSP compilation time.
10-Feb-2026 10:08:26.466 INFO [main] org.apache.catalina.startup.HostConfig.deployDirectory Deployment of web application directory [/home/infoetu/baptiste.lavogiez.etu/BUT2/Semestre2/Webdev/tomcat/webapps/TP03] has finished in [158] ms
10-Feb-2026 10:08:26.466 INFO [main] org.apache.catalina.startup.HostConfig.deployDirectory Deploying web application directory [/home/infoetu/baptiste.lavogiez.etu/BUT2/Semestre2/Webdev/tomcat/webapps/TP01]
10-Feb-2026 10:08:26.613 INFO [main] org.apache.jasper.servlet.TldScanner.scanJars At least one JAR was scanned for TLDs yet contained no TLDs. Enable debug logging for this logger for a complete list of JARs that were scanned but no TLDs were found in them. Skipping unneeded JARs during scanning can improve startup time and JSP compilation time.
10-Feb-2026 10:08:26.614 INFO [main] org.apache.catalina.startup.HostConfig.deployDirectory Deployment of web application directory [/home/infoetu/baptiste.lavogiez.etu/BUT2/Semestre2/Webdev/tomcat/webapps/TP01] has finished in [148] ms
10-Feb-2026 10:08:26.614 INFO [main] org.apache.catalina.startup.HostConfig.deployDirectory Deploying web application directory [/home/infoetu/baptiste.lavogiez.etu/BUT2/Semestre2/Webdev/tomcat/webapps/host-manager]
10-Feb-2026 10:08:26.759 INFO [main] org.apache.jasper.servlet.TldScanner.scanJars At least one JAR was scanned for TLDs yet contained no TLDs. Enable debug logging for this logger for a complete list of JARs that were scanned but no TLDs were found in them. Skipping unneeded JARs during scanning can improve startup time and JSP compilation time.
10-Feb-2026 10:08:26.760 INFO [main] org.apache.catalina.startup.HostConfig.deployDirectory Deployment of web application directory [/home/infoetu/baptiste.lavogiez.etu/BUT2/Semestre2/Webdev/tomcat/webapps/host-manager] has finished in [146] ms
10-Feb-2026 10:08:26.760 INFO [main] org.apache.catalina.startup.HostConfig.deployDirectory Deploying web application directory [/home/infoetu/baptiste.lavogiez.etu/BUT2/Semestre2/Webdev/tomcat/webapps/tp_chess]
10-Feb-2026 10:08:26.919 INFO [main] org.apache.jasper.servlet.TldScanner.scanJars At least one JAR was scanned for TLDs yet contained no TLDs. Enable debug logging for this logger for a complete list of JARs that were scanned but no TLDs were found in them. Skipping unneeded JARs during scanning can improve startup time and JSP compilation time.
10-Feb-2026 10:08:26.920 INFO [main] org.apache.catalina.startup.HostConfig.deployDirectory Deployment of web application directory [/home/infoetu/baptiste.lavogiez.etu/BUT2/Semestre2/Webdev/tomcat/webapps/tp_chess] has finished in [160] ms
10-Feb-2026 10:08:26.920 INFO [main] org.apache.catalina.startup.HostConfig.deployDirectory Deploying web application directory [/home/infoetu/baptiste.lavogiez.etu/BUT2/Semestre2/Webdev/tomcat/webapps/template]
10-Feb-2026 10:08:27.089 INFO [main] org.apache.jasper.servlet.TldScanner.scanJars At least one JAR was scanned for TLDs yet contained no TLDs. Enable debug logging for this logger for a complete list of JARs that were scanned but no TLDs were found in them. Skipping unneeded JARs during scanning can improve startup time and JSP compilation time.
10-Feb-2026 10:08:27.090 INFO [main] org.apache.catalina.startup.HostConfig.deployDirectory Deployment of web application directory [/home/infoetu/baptiste.lavogiez.etu/BUT2/Semestre2/Webdev/tomcat/webapps/template] has finished in [170] ms
10-Feb-2026 10:08:27.090 INFO [main] org.apache.catalina.startup.HostConfig.deployDirectory Deploying web application directory [/home/infoetu/baptiste.lavogiez.etu/BUT2/Semestre2/Webdev/tomcat/webapps/examples]
10-Feb-2026 10:08:27.493 INFO [main] org.apache.jasper.servlet.TldScanner.scanJars At least one JAR was scanned for TLDs yet contained no TLDs. Enable debug logging for this logger for a complete list of JARs that were scanned but no TLDs were found in them. Skipping unneeded JARs during scanning can improve startup time and JSP compilation time.
10-Feb-2026 10:08:27.506 INFO [main] org.apache.catalina.startup.HostConfig.deployDirectory Deployment of web application directory [/home/infoetu/baptiste.lavogiez.etu/BUT2/Semestre2/Webdev/tomcat/webapps/examples] has finished in [416] ms
10-Feb-2026 10:08:27.508 INFO [main] org.apache.coyote.AbstractProtocol.start Starting ProtocolHandler ["http-nio-8080"]
10-Feb-2026 10:08:27.513 INFO [main] org.apache.catalina.startup.Catalina.start Server startup in [2950] milliseconds
10-Feb-2026 10:09:07.652 INFO [Thread-1] org.apache.coyote.AbstractProtocol.pause Pausing ProtocolHandler ["http-nio-8080"]
10-Feb-2026 10:09:07.656 INFO [Thread-1] org.apache.catalina.core.StandardService.stopInternal Stopping service [Catalina]
10-Feb-2026 10:09:07.695 INFO [Thread-1] org.apache.coyote.AbstractProtocol.stop Stopping ProtocolHandler ["http-nio-8080"]
10-Feb-2026 10:09:07.698 INFO [Thread-1] org.apache.coyote.AbstractProtocol.destroy Destroying ProtocolHandler ["http-nio-8080"]
10-Feb-2026 10:09:08.677 INFO [main] org.apache.catalina.startup.VersionLoggerListener.log Server version name:   Apache Tomcat/11.0.13
10-Feb-2026 10:09:08.679 INFO [main] org.apache.catalina.startup.VersionLoggerListener.log Server built:          Oct 10 2025 13:57:31 UTC
10-Feb-2026 10:09:08.679 INFO [main] org.apache.catalina.startup.VersionLoggerListener.log Server version number: 11.0.13.0
10-Feb-2026 10:09:08.679 INFO [main] org.apache.catalina.startup.VersionLoggerListener.log OS Name:               Linux
10-Feb-2026 10:09:08.679 INFO [main] org.apache.catalina.startup.VersionLoggerListener.log OS Version:            6.1.0-40-amd64
10-Feb-2026 10:09:08.679 INFO [main] org.apache.catalina.startup.VersionLoggerListener.log Architecture:          amd64
10-Feb-2026 10:09:08.679 INFO [main] org.apache.catalina.startup.VersionLoggerListener.log Java Home:             /usr/lib/jvm/java-17-openjdk-amd64
10-Feb-2026 10:09:08.679 INFO [main] org.apache.catalina.startup.VersionLoggerListener.log JVM Version:           17.0.18+8-Debian-1deb12u1
10-Feb-2026 10:09:08.679 INFO [main] org.apache.catalina.startup.VersionLoggerListener.log JVM Vendor:            Debian
10-Feb-2026 10:09:08.679 INFO [main] org.apache.catalina.startup.VersionLoggerListener.log CATALINA_BASE:         /home/infoetu/baptiste.lavogiez.etu/BUT2/Semestre2/Webdev/tomcat
10-Feb-2026 10:09:08.679 INFO [main] org.apache.catalina.startup.VersionLoggerListener.log CATALINA_HOME:         /home/infoetu/baptiste.lavogiez.etu/BUT2/Semestre2/Webdev/tomcat
10-Feb-2026 10:09:08.685 INFO [main] org.apache.catalina.startup.VersionLoggerListener.log Command line argument: -Djava.util.logging.config.file=/home/infoetu/baptiste.lavogiez.etu/BUT2/Semestre2/Webdev/tomcat/conf/logging.properties
10-Feb-2026 10:09:08.685 INFO [main] org.apache.catalina.startup.VersionLoggerListener.log Command line argument: -Djava.util.logging.manager=org.apache.juli.ClassLoaderLogManager
10-Feb-2026 10:09:08.685 INFO [main] org.apache.catalina.startup.VersionLoggerListener.log Command line argument: -Djdk.tls.ephemeralDHKeySize=2048
10-Feb-2026 10:09:08.685 INFO [main] org.apache.catalina.startup.VersionLoggerListener.log Command line argument: -Dorg.apache.catalina.security.SecurityListener.UMASK=0027
10-Feb-2026 10:09:08.685 INFO [main] org.apache.catalina.startup.VersionLoggerListener.log Command line argument: --add-opens=java.base/java.lang=ALL-UNNAMED
10-Feb-2026 10:09:08.685 INFO [main] org.apache.catalina.startup.VersionLoggerListener.log Command line argument: --add-opens=java.base/java.lang.reflect=ALL-UNNAMED
10-Feb-2026 10:09:08.685 INFO [main] org.apache.catalina.startup.VersionLoggerListener.log Command line argument: --add-opens=java.base/java.io=ALL-UNNAMED
10-Feb-2026 10:09:08.685 INFO [main] org.apache.catalina.startup.VersionLoggerListener.log Command line argument: --add-opens=java.base/java.util=ALL-UNNAMED
10-Feb-2026 10:09:08.685 INFO [main] org.apache.catalina.startup.VersionLoggerListener.log Command line argument: --add-opens=java.base/java.util.concurrent=ALL-UNNAMED
10-Feb-2026 10:09:08.685 INFO [main] org.apache.catalina.startup.VersionLoggerListener.log Command line argument: --add-opens=java.rmi/sun.rmi.transport=ALL-UNNAMED
10-Feb-2026 10:09:08.686 INFO [main] org.apache.catalina.startup.VersionLoggerListener.log Command line argument: --enable-native-access=ALL-UNNAMED
10-Feb-2026 10:09:08.686 INFO [main] org.apache.catalina.startup.VersionLoggerListener.log Command line argument: -Dcatalina.base=/home/infoetu/baptiste.lavogiez.etu/BUT2/Semestre2/Webdev/tomcat
10-Feb-2026 10:09:08.686 INFO [main] org.apache.catalina.startup.VersionLoggerListener.log Command line argument: -Dcatalina.home=/home/infoetu/baptiste.lavogiez.etu/BUT2/Semestre2/Webdev/tomcat
10-Feb-2026 10:09:08.686 INFO [main] org.apache.catalina.startup.VersionLoggerListener.log Command line argument: -Djava.io.tmpdir=/home/infoetu/baptiste.lavogiez.etu/BUT2/Semestre2/Webdev/tomcat/temp
10-Feb-2026 10:09:08.687 INFO [main] org.apache.catalina.core.AprLifecycleListener.lifecycleEvent The Apache Tomcat Native library which allows using OpenSSL was not found on the java.library.path: [/usr/java/packages/lib:/usr/lib/x86_64-linux-gnu/jni:/lib/x86_64-linux-gnu:/usr/lib/x86_64-linux-gnu:/usr/lib/jni:/lib:/usr/lib]
10-Feb-2026 10:09:08.790 INFO [main] org.apache.coyote.AbstractProtocol.init Initializing ProtocolHandler ["http-nio-8080"]
10-Feb-2026 10:09:08.800 INFO [main] org.apache.catalina.startup.Catalina.load Server initialization in [196] milliseconds
10-Feb-2026 10:09:08.816 INFO [main] org.apache.catalina.core.StandardService.startInternal Starting service [Catalina]
10-Feb-2026 10:09:08.816 INFO [main] org.apache.catalina.core.StandardEngine.startInternal Starting Servlet engine: [Apache Tomcat/11.0.13]
10-Feb-2026 10:09:08.821 INFO [main] org.apache.catalina.startup.HostConfig.deployDirectory Deploying web application directory [/home/infoetu/baptiste.lavogiez.etu/BUT2/Semestre2/Webdev/tomcat/webapps/ctp-sample]
10-Feb-2026 10:09:09.132 INFO [main] org.apache.jasper.servlet.TldScanner.scanJars At least one JAR was scanned for TLDs yet contained no TLDs. Enable debug logging for this logger for a complete list of JARs that were scanned but no TLDs were found in them. Skipping unneeded JARs during scanning can improve startup time and JSP compilation time.
10-Feb-2026 10:09:09.146 INFO [main] org.apache.catalina.startup.HostConfig.deployDirectory Deployment of web application directory [/home/infoetu/baptiste.lavogiez.etu/BUT2/Semestre2/Webdev/tomcat/webapps/ctp-sample] has finished in [324] ms
10-Feb-2026 10:09:09.146 INFO [main] org.apache.catalina.startup.HostConfig.deployDirectory Deploying web application directory [/home/infoetu/baptiste.lavogiez.etu/BUT2/Semestre2/Webdev/tomcat/webapps/__MACOSX]
10-Feb-2026 10:09:09.299 INFO [main] org.apache.jasper.servlet.TldScanner.scanJars At least one JAR was scanned for TLDs yet contained no TLDs. Enable debug logging for this logger for a complete list of JARs that were scanned but no TLDs were found in them. Skipping unneeded JARs during scanning can improve startup time and JSP compilation time.
10-Feb-2026 10:09:09.300 INFO [main] org.apache.catalina.startup.HostConfig.deployDirectory Deployment of web application directory [/home/infoetu/baptiste.lavogiez.etu/BUT2/Semestre2/Webdev/tomcat/webapps/__MACOSX] has finished in [154] ms
10-Feb-2026 10:09:09.300 INFO [main] org.apache.catalina.startup.HostConfig.deployDirectory Deploying web application directory [/home/infoetu/baptiste.lavogiez.etu/BUT2/Semestre2/Webdev/tomcat/webapps/ROOT]
10-Feb-2026 10:09:09.452 INFO [main] org.apache.jasper.servlet.TldScanner.scanJars At least one JAR was scanned for TLDs yet contained no TLDs. Enable debug logging for this logger for a complete list of JARs that were scanned but no TLDs were found in them. Skipping unneeded JARs during scanning can improve startup time and JSP compilation time.
10-Feb-2026 10:09:09.453 INFO [main] org.apache.catalina.startup.HostConfig.deployDirectory Deployment of web application directory [/home/infoetu/baptiste.lavogiez.etu/BUT2/Semestre2/Webdev/tomcat/webapps/ROOT] has finished in [153] ms
10-Feb-2026 10:09:09.453 INFO [main] org.apache.catalina.startup.HostConfig.deployDirectory Deploying web application directory [/home/infoetu/baptiste.lavogiez.etu/BUT2/Semestre2/Webdev/tomcat/webapps/TP04]
10-Feb-2026 10:09:09.627 INFO [main] org.apache.jasper.servlet.TldScanner.scanJars At least one JAR was scanned for TLDs yet contained no TLDs. Enable debug logging for this logger for a complete list of JARs that were scanned but no TLDs were found in them. Skipping unneeded JARs during scanning can improve startup time and JSP compilation time.
10-Feb-2026 10:09:09.628 INFO [main] org.apache.catalina.startup.HostConfig.deployDirectory Deployment of web application directory [/home/infoetu/baptiste.lavogiez.etu/BUT2/Semestre2/Webdev/tomcat/webapps/TP04] has finished in [174] ms
10-Feb-2026 10:09:09.628 INFO [main] org.apache.catalina.startup.HostConfig.deployDirectory Deploying web application directory [/home/infoetu/baptiste.lavogiez.etu/BUT2/Semestre2/Webdev/tomcat/webapps/docs]
10-Feb-2026 10:09:09.775 INFO [main] org.apache.jasper.servlet.TldScanner.scanJars At least one JAR was scanned for TLDs yet contained no TLDs. Enable debug logging for this logger for a complete list of JARs that were scanned but no TLDs were found in them. Skipping unneeded JARs during scanning can improve startup time and JSP compilation time.
10-Feb-2026 10:09:09.776 INFO [main] org.apache.catalina.startup.HostConfig.deployDirectory Deployment of web application directory [/home/infoetu/baptiste.lavogiez.etu/BUT2/Semestre2/Webdev/tomcat/webapps/docs] has finished in [148] ms
10-Feb-2026 10:09:09.776 INFO [main] org.apache.catalina.startup.HostConfig.deployDirectory Deploying web application directory [/home/infoetu/baptiste.lavogiez.etu/BUT2/Semestre2/Webdev/tomcat/webapps/TP03-Partie2]
10-Feb-2026 10:09:09.933 INFO [main] org.apache.jasper.servlet.TldScanner.scanJars At least one JAR was scanned for TLDs yet contained no TLDs. Enable debug logging for this logger for a complete list of JARs that were scanned but no TLDs were found in them. Skipping unneeded JARs during scanning can improve startup time and JSP compilation time.
10-Feb-2026 10:09:09.934 INFO [main] org.apache.catalina.startup.HostConfig.deployDirectory Deployment of web application directory [/home/infoetu/baptiste.lavogiez.etu/BUT2/Semestre2/Webdev/tomcat/webapps/TP03-Partie2] has finished in [158] ms
10-Feb-2026 10:09:09.934 INFO [main] org.apache.catalina.startup.HostConfig.deployDirectory Deploying web application directory [/home/infoetu/baptiste.lavogiez.etu/BUT2/Semestre2/Webdev/tomcat/webapps/manager]
10-Feb-2026 10:09:10.079 INFO [main] org.apache.jasper.servlet.TldScanner.scanJars At least one JAR was scanned for TLDs yet contained no TLDs. Enable debug logging for this logger for a complete list of JARs that were scanned but no TLDs were found in them. Skipping unneeded JARs during scanning can improve startup time and JSP compilation time.
10-Feb-2026 10:09:10.081 INFO [main] org.apache.catalina.startup.HostConfig.deployDirectory Deployment of web application directory [/home/infoetu/baptiste.lavogiez.etu/BUT2/Semestre2/Webdev/tomcat/webapps/manager] has finished in [147] ms
10-Feb-2026 10:09:10.081 INFO [main] org.apache.catalina.startup.HostConfig.deployDirectory Deploying web application directory [/home/infoetu/baptiste.lavogiez.etu/BUT2/Semestre2/Webdev/tomcat/webapps/TP02]
10-Feb-2026 10:09:10.234 INFO [main] org.apache.jasper.servlet.TldScanner.scanJars At least one JAR was scanned for TLDs yet contained no TLDs. Enable debug logging for this logger for a complete list of JARs that were scanned but no TLDs were found in them. Skipping unneeded JARs during scanning can improve startup time and JSP compilation time.
10-Feb-2026 10:09:10.234 INFO [main] org.apache.catalina.startup.HostConfig.deployDirectory Deployment of web application directory [/home/infoetu/baptiste.lavogiez.etu/BUT2/Semestre2/Webdev/tomcat/webapps/TP02] has finished in [153] ms
10-Feb-2026 10:09:10.235 INFO [main] org.apache.catalina.startup.HostConfig.deployDirectory Deploying web application directory [/home/infoetu/baptiste.lavogiez.etu/BUT2/Semestre2/Webdev/tomcat/webapps/ctp1]
10-Feb-2026 10:09:10.400 INFO [main] org.apache.jasper.servlet.TldScanner.scanJars At least one JAR was scanned for TLDs yet contained no TLDs. Enable debug logging for this logger for a complete list of JARs that were scanned but no TLDs were found in them. Skipping unneeded JARs during scanning can improve startup time and JSP compilation time.
10-Feb-2026 10:09:10.401 INFO [main] org.apache.catalina.startup.HostConfig.deployDirectory Deployment of web application directory [/home/infoetu/baptiste.lavogiez.etu/BUT2/Semestre2/Webdev/tomcat/webapps/ctp1] has finished in [167] ms
10-Feb-2026 10:09:10.402 INFO [main] org.apache.catalina.startup.HostConfig.deployDirectory Deploying web application directory [/home/infoetu/baptiste.lavogiez.etu/BUT2/Semestre2/Webdev/tomcat/webapps/TP03]
10-Feb-2026 10:09:10.550 INFO [main] org.apache.jasper.servlet.TldScanner.scanJars At least one JAR was scanned for TLDs yet contained no TLDs. Enable debug logging for this logger for a complete list of JARs that were scanned but no TLDs were found in them. Skipping unneeded JARs during scanning can improve startup time and JSP compilation time.
10-Feb-2026 10:09:10.551 INFO [main] org.apache.catalina.startup.HostConfig.deployDirectory Deployment of web application directory [/home/infoetu/baptiste.lavogiez.etu/BUT2/Semestre2/Webdev/tomcat/webapps/TP03] has finished in [150] ms
10-Feb-2026 10:09:10.551 INFO [main] org.apache.catalina.startup.HostConfig.deployDirectory Deploying web application directory [/home/infoetu/baptiste.lavogiez.etu/BUT2/Semestre2/Webdev/tomcat/webapps/TP01]
10-Feb-2026 10:09:10.692 INFO [main] org.apache.jasper.servlet.TldScanner.scanJars At least one JAR was scanned for TLDs yet contained no TLDs. Enable debug logging for this logger for a complete list of JARs that were scanned but no TLDs were found in them. Skipping unneeded JARs during scanning can improve startup time and JSP compilation time.
10-Feb-2026 10:09:10.693 INFO [main] org.apache.catalina.startup.HostConfig.deployDirectory Deployment of web application directory [/home/infoetu/baptiste.lavogiez.etu/BUT2/Semestre2/Webdev/tomcat/webapps/TP01] has finished in [142] ms
10-Feb-2026 10:09:10.693 INFO [main] org.apache.catalina.startup.HostConfig.deployDirectory Deploying web application directory [/home/infoetu/baptiste.lavogiez.etu/BUT2/Semestre2/Webdev/tomcat/webapps/host-manager]
10-Feb-2026 10:09:10.845 INFO [main] org.apache.jasper.servlet.TldScanner.scanJars At least one JAR was scanned for TLDs yet contained no TLDs. Enable debug logging for this logger for a complete list of JARs that were scanned but no TLDs were found in them. Skipping unneeded JARs during scanning can improve startup time and JSP compilation time.
10-Feb-2026 10:09:10.846 INFO [main] org.apache.catalina.startup.HostConfig.deployDirectory Deployment of web application directory [/home/infoetu/baptiste.lavogiez.etu/BUT2/Semestre2/Webdev/tomcat/webapps/host-manager] has finished in [153] ms
10-Feb-2026 10:09:10.846 INFO [main] org.apache.catalina.startup.HostConfig.deployDirectory Deploying web application directory [/home/infoetu/baptiste.lavogiez.etu/BUT2/Semestre2/Webdev/tomcat/webapps/tp_chess]
10-Feb-2026 10:09:10.995 INFO [main] org.apache.jasper.servlet.TldScanner.scanJars At least one JAR was scanned for TLDs yet contained no TLDs. Enable debug logging for this logger for a complete list of JARs that were scanned but no TLDs were found in them. Skipping unneeded JARs during scanning can improve startup time and JSP compilation time.
10-Feb-2026 10:09:10.995 INFO [main] org.apache.catalina.startup.HostConfig.deployDirectory Deployment of web application directory [/home/infoetu/baptiste.lavogiez.etu/BUT2/Semestre2/Webdev/tomcat/webapps/tp_chess] has finished in [149] ms
10-Feb-2026 10:09:10.995 INFO [main] org.apache.catalina.startup.HostConfig.deployDirectory Deploying web application directory [/home/infoetu/baptiste.lavogiez.etu/BUT2/Semestre2/Webdev/tomcat/webapps/template]
10-Feb-2026 10:09:11.145 INFO [main] org.apache.jasper.servlet.TldScanner.scanJars At least one JAR was scanned for TLDs yet contained no TLDs. Enable debug logging for this logger for a complete list of JARs that were scanned but no TLDs were found in them. Skipping unneeded JARs during scanning can improve startup time and JSP compilation time.
10-Feb-2026 10:09:11.146 INFO [main] org.apache.catalina.startup.HostConfig.deployDirectory Deployment of web application directory [/home/infoetu/baptiste.lavogiez.etu/BUT2/Semestre2/Webdev/tomcat/webapps/template] has finished in [151] ms
10-Feb-2026 10:09:11.146 INFO [main] org.apache.catalina.startup.HostConfig.deployDirectory Deploying web application directory [/home/infoetu/baptiste.lavogiez.etu/BUT2/Semestre2/Webdev/tomcat/webapps/examples]
10-Feb-2026 10:09:11.438 INFO [main] org.apache.jasper.servlet.TldScanner.scanJars At least one JAR was scanned for TLDs yet contained no TLDs. Enable debug logging for this logger for a complete list of JARs that were scanned but no TLDs were found in them. Skipping unneeded JARs during scanning can improve startup time and JSP compilation time.
10-Feb-2026 10:09:11.449 INFO [main] org.apache.catalina.startup.HostConfig.deployDirectory Deployment of web application directory [/home/infoetu/baptiste.lavogiez.etu/BUT2/Semestre2/Webdev/tomcat/webapps/examples] has finished in [303] ms
10-Feb-2026 10:09:11.451 INFO [main] org.apache.coyote.AbstractProtocol.start Starting ProtocolHandler ["http-nio-8080"]
10-Feb-2026 10:09:11.456 INFO [main] org.apache.catalina.startup.Catalina.start Server startup in [2655] milliseconds
10-Feb-2026 10:13:51.727 INFO [Catalina-utility-1] org.apache.catalina.startup.HostConfig.deployDirectory Deploying web application directory [/home/infoetu/baptiste.lavogiez.etu/BUT2/Semestre2/Webdev/tomcat/webapps/ctp]
10-Feb-2026 10:13:51.913 INFO [Catalina-utility-1] org.apache.jasper.servlet.TldScanner.scanJars At least one JAR was scanned for TLDs yet contained no TLDs. Enable debug logging for this logger for a complete list of JARs that were scanned but no TLDs were found in them. Skipping unneeded JARs during scanning can improve startup time and JSP compilation time.
10-Feb-2026 10:13:51.914 INFO [Catalina-utility-1] org.apache.catalina.startup.HostConfig.deployDirectory Deployment of web application directory [/home/infoetu/baptiste.lavogiez.etu/BUT2/Semestre2/Webdev/tomcat/webapps/ctp] has finished in [187] ms
10-Feb-2026 10:14:02.418 INFO [Catalina-utility-2] org.apache.catalina.startup.HostConfig.undeploy Undeploying context [/ctp]
10-Feb-2026 10:22:02.895 INFO [Catalina-utility-2] org.apache.catalina.startup.HostConfig.deployDirectory Deploying web application directory [/home/infoetu/baptiste.lavogiez.etu/BUT2/Semestre2/Webdev/tomcat/webapps/ctp]
10-Feb-2026 10:22:03.125 INFO [Catalina-utility-2] org.apache.jasper.servlet.TldScanner.scanJars At least one JAR was scanned for TLDs yet contained no TLDs. Enable debug logging for this logger for a complete list of JARs that were scanned but no TLDs were found in them. Skipping unneeded JARs during scanning can improve startup time and JSP compilation time.
10-Feb-2026 10:22:03.126 INFO [Catalina-utility-2] org.apache.catalina.startup.HostConfig.deployDirectory Deployment of web application directory [/home/infoetu/baptiste.lavogiez.etu/BUT2/Semestre2/Webdev/tomcat/webapps/ctp] has finished in [231] ms
10-Feb-2026 10:33:59.066 INFO [main] org.apache.catalina.startup.VersionLoggerListener.log Server version name:   Apache Tomcat/11.0.13
10-Feb-2026 10:33:59.068 INFO [main] org.apache.catalina.startup.VersionLoggerListener.log Server built:          Oct 10 2025 13:57:31 UTC
10-Feb-2026 10:33:59.068 INFO [main] org.apache.catalina.startup.VersionLoggerListener.log Server version number: 11.0.13.0
10-Feb-2026 10:33:59.069 INFO [main] org.apache.catalina.startup.VersionLoggerListener.log OS Name:               Linux
10-Feb-2026 10:33:59.069 INFO [main] org.apache.catalina.startup.VersionLoggerListener.log OS Version:            6.1.0-40-amd64
10-Feb-2026 10:33:59.069 INFO [main] org.apache.catalina.startup.VersionLoggerListener.log Architecture:          amd64
10-Feb-2026 10:33:59.069 INFO [main] org.apache.catalina.startup.VersionLoggerListener.log Java Home:             /usr/lib/jvm/java-17-openjdk-amd64
10-Feb-2026 10:33:59.069 INFO [main] org.apache.catalina.startup.VersionLoggerListener.log JVM Version:           17.0.18+8-Debian-1deb12u1
10-Feb-2026 10:33:59.069 INFO [main] org.apache.catalina.startup.VersionLoggerListener.log JVM Vendor:            Debian
10-Feb-2026 10:33:59.069 INFO [main] org.apache.catalina.startup.VersionLoggerListener.log CATALINA_BASE:         /home/infoetu/baptiste.lavogiez.etu/BUT2/Semestre2/Webdev/tomcat
10-Feb-2026 10:33:59.069 INFO [main] org.apache.catalina.startup.VersionLoggerListener.log CATALINA_HOME:         /home/infoetu/baptiste.lavogiez.etu/BUT2/Semestre2/Webdev/tomcat
10-Feb-2026 10:33:59.075 INFO [main] org.apache.catalina.startup.VersionLoggerListener.log Command line argument: -Djava.util.logging.config.file=/home/infoetu/baptiste.lavogiez.etu/BUT2/Semestre2/Webdev/tomcat/conf/logging.properties
10-Feb-2026 10:33:59.075 INFO [main] org.apache.catalina.startup.VersionLoggerListener.log Command line argument: -Djava.util.logging.manager=org.apache.juli.ClassLoaderLogManager
10-Feb-2026 10:33:59.075 INFO [main] org.apache.catalina.startup.VersionLoggerListener.log Command line argument: -Djdk.tls.ephemeralDHKeySize=2048
10-Feb-2026 10:33:59.075 INFO [main] org.apache.catalina.startup.VersionLoggerListener.log Command line argument: -Dorg.apache.catalina.security.SecurityListener.UMASK=0027
10-Feb-2026 10:33:59.075 INFO [main] org.apache.catalina.startup.VersionLoggerListener.log Command line argument: --add-opens=java.base/java.lang=ALL-UNNAMED
10-Feb-2026 10:33:59.075 INFO [main] org.apache.catalina.startup.VersionLoggerListener.log Command line argument: --add-opens=java.base/java.lang.reflect=ALL-UNNAMED
10-Feb-2026 10:33:59.076 INFO [main] org.apache.catalina.startup.VersionLoggerListener.log Command line argument: --add-opens=java.base/java.io=ALL-UNNAMED
10-Feb-2026 10:33:59.076 INFO [main] org.apache.catalina.startup.VersionLoggerListener.log Command line argument: --add-opens=java.base/java.util=ALL-UNNAMED
10-Feb-2026 10:33:59.076 INFO [main] org.apache.catalina.startup.VersionLoggerListener.log Command line argument: --add-opens=java.base/java.util.concurrent=ALL-UNNAMED
10-Feb-2026 10:33:59.076 INFO [main] org.apache.catalina.startup.VersionLoggerListener.log Command line argument: --add-opens=java.rmi/sun.rmi.transport=ALL-UNNAMED
10-Feb-2026 10:33:59.076 INFO [main] org.apache.catalina.startup.VersionLoggerListener.log Command line argument: --enable-native-access=ALL-UNNAMED
10-Feb-2026 10:33:59.076 INFO [main] org.apache.catalina.startup.VersionLoggerListener.log Command line argument: -Dcatalina.base=/home/infoetu/baptiste.lavogiez.etu/BUT2/Semestre2/Webdev/tomcat
10-Feb-2026 10:33:59.076 INFO [main] org.apache.catalina.startup.VersionLoggerListener.log Command line argument: -Dcatalina.home=/home/infoetu/baptiste.lavogiez.etu/BUT2/Semestre2/Webdev/tomcat
10-Feb-2026 10:33:59.076 INFO [main] org.apache.catalina.startup.VersionLoggerListener.log Command line argument: -Djava.io.tmpdir=/home/infoetu/baptiste.lavogiez.etu/BUT2/Semestre2/Webdev/tomcat/temp
10-Feb-2026 10:33:59.078 INFO [main] org.apache.catalina.core.AprLifecycleListener.lifecycleEvent The Apache Tomcat Native library which allows using OpenSSL was not found on the java.library.path: [/usr/java/packages/lib:/usr/lib/x86_64-linux-gnu/jni:/lib/x86_64-linux-gnu:/usr/lib/x86_64-linux-gnu:/usr/lib/jni:/lib:/usr/lib]
10-Feb-2026 10:33:59.208 INFO [main] org.apache.coyote.AbstractProtocol.init Initializing ProtocolHandler ["http-nio-8080"]
10-Feb-2026 10:33:59.219 INFO [main] org.apache.catalina.startup.Catalina.load Server initialization in [293] milliseconds
10-Feb-2026 10:33:59.243 INFO [main] org.apache.catalina.core.StandardService.startInternal Starting service [Catalina]
10-Feb-2026 10:33:59.243 INFO [main] org.apache.catalina.core.StandardEngine.startInternal Starting Servlet engine: [Apache Tomcat/11.0.13]
10-Feb-2026 10:33:59.249 INFO [main] org.apache.catalina.startup.HostConfig.deployDirectory Deploying web application directory [/home/infoetu/baptiste.lavogiez.etu/BUT2/Semestre2/Webdev/tomcat/webapps/ctp-sample]
10-Feb-2026 10:33:59.671 INFO [main] org.apache.jasper.servlet.TldScanner.scanJars At least one JAR was scanned for TLDs yet contained no TLDs. Enable debug logging for this logger for a complete list of JARs that were scanned but no TLDs were found in them. Skipping unneeded JARs during scanning can improve startup time and JSP compilation time.
10-Feb-2026 10:33:59.690 INFO [main] org.apache.catalina.startup.HostConfig.deployDirectory Deployment of web application directory [/home/infoetu/baptiste.lavogiez.etu/BUT2/Semestre2/Webdev/tomcat/webapps/ctp-sample] has finished in [441] ms
10-Feb-2026 10:33:59.690 INFO [main] org.apache.catalina.startup.HostConfig.deployDirectory Deploying web application directory [/home/infoetu/baptiste.lavogiez.etu/BUT2/Semestre2/Webdev/tomcat/webapps/__MACOSX]
10-Feb-2026 10:33:59.845 INFO [main] org.apache.jasper.servlet.TldScanner.scanJars At least one JAR was scanned for TLDs yet contained no TLDs. Enable debug logging for this logger for a complete list of JARs that were scanned but no TLDs were found in them. Skipping unneeded JARs during scanning can improve startup time and JSP compilation time.
10-Feb-2026 10:33:59.846 INFO [main] org.apache.catalina.startup.HostConfig.deployDirectory Deployment of web application directory [/home/infoetu/baptiste.lavogiez.etu/BUT2/Semestre2/Webdev/tomcat/webapps/__MACOSX] has finished in [156] ms
10-Feb-2026 10:33:59.846 INFO [main] org.apache.catalina.startup.HostConfig.deployDirectory Deploying web application directory [/home/infoetu/baptiste.lavogiez.etu/BUT2/Semestre2/Webdev/tomcat/webapps/ROOT]
10-Feb-2026 10:34:00.027 INFO [main] org.apache.jasper.servlet.TldScanner.scanJars At least one JAR was scanned for TLDs yet contained no TLDs. Enable debug logging for this logger for a complete list of JARs that were scanned but no TLDs were found in them. Skipping unneeded JARs during scanning can improve startup time and JSP compilation time.
10-Feb-2026 10:34:00.028 INFO [main] org.apache.catalina.startup.HostConfig.deployDirectory Deployment of web application directory [/home/infoetu/baptiste.lavogiez.etu/BUT2/Semestre2/Webdev/tomcat/webapps/ROOT] has finished in [182] ms
10-Feb-2026 10:34:00.028 INFO [main] org.apache.catalina.startup.HostConfig.deployDirectory Deploying web application directory [/home/infoetu/baptiste.lavogiez.etu/BUT2/Semestre2/Webdev/tomcat/webapps/TP04]
10-Feb-2026 10:34:00.245 INFO [main] org.apache.jasper.servlet.TldScanner.scanJars At least one JAR was scanned for TLDs yet contained no TLDs. Enable debug logging for this logger for a complete list of JARs that were scanned but no TLDs were found in them. Skipping unneeded JARs during scanning can improve startup time and JSP compilation time.
10-Feb-2026 10:34:00.246 INFO [main] org.apache.catalina.startup.HostConfig.deployDirectory Deployment of web application directory [/home/infoetu/baptiste.lavogiez.etu/BUT2/Semestre2/Webdev/tomcat/webapps/TP04] has finished in [218] ms
10-Feb-2026 10:34:00.246 INFO [main] org.apache.catalina.startup.HostConfig.deployDirectory Deploying web application directory [/home/infoetu/baptiste.lavogiez.etu/BUT2/Semestre2/Webdev/tomcat/webapps/docs]
10-Feb-2026 10:34:00.424 INFO [main] org.apache.jasper.servlet.TldScanner.scanJars At least one JAR was scanned for TLDs yet contained no TLDs. Enable debug logging for this logger for a complete list of JARs that were scanned but no TLDs were found in them. Skipping unneeded JARs during scanning can improve startup time and JSP compilation time.
10-Feb-2026 10:34:00.425 INFO [main] org.apache.catalina.startup.HostConfig.deployDirectory Deployment of web application directory [/home/infoetu/baptiste.lavogiez.etu/BUT2/Semestre2/Webdev/tomcat/webapps/docs] has finished in [179] ms
10-Feb-2026 10:34:00.425 INFO [main] org.apache.catalina.startup.HostConfig.deployDirectory Deploying web application directory [/home/infoetu/baptiste.lavogiez.etu/BUT2/Semestre2/Webdev/tomcat/webapps/TP03-Partie2]
10-Feb-2026 10:34:00.619 INFO [main] org.apache.jasper.servlet.TldScanner.scanJars At least one JAR was scanned for TLDs yet contained no TLDs. Enable debug logging for this logger for a complete list of JARs that were scanned but no TLDs were found in them. Skipping unneeded JARs during scanning can improve startup time and JSP compilation time.
10-Feb-2026 10:34:00.620 INFO [main] org.apache.catalina.startup.HostConfig.deployDirectory Deployment of web application directory [/home/infoetu/baptiste.lavogiez.etu/BUT2/Semestre2/Webdev/tomcat/webapps/TP03-Partie2] has finished in [195] ms
10-Feb-2026 10:34:00.621 INFO [main] org.apache.catalina.startup.HostConfig.deployDirectory Deploying web application directory [/home/infoetu/baptiste.lavogiez.etu/BUT2/Semestre2/Webdev/tomcat/webapps/manager]
10-Feb-2026 10:34:00.796 INFO [main] org.apache.jasper.servlet.TldScanner.scanJars At least one JAR was scanned for TLDs yet contained no TLDs. Enable debug logging for this logger for a complete list of JARs that were scanned but no TLDs were found in them. Skipping unneeded JARs during scanning can improve startup time and JSP compilation time.
10-Feb-2026 10:34:00.799 INFO [main] org.apache.catalina.startup.HostConfig.deployDirectory Deployment of web application directory [/home/infoetu/baptiste.lavogiez.etu/BUT2/Semestre2/Webdev/tomcat/webapps/manager] has finished in [178] ms
10-Feb-2026 10:34:00.799 INFO [main] org.apache.catalina.startup.HostConfig.deployDirectory Deploying web application directory [/home/infoetu/baptiste.lavogiez.etu/BUT2/Semestre2/Webdev/tomcat/webapps/TP02]
10-Feb-2026 10:34:00.989 INFO [main] org.apache.jasper.servlet.TldScanner.scanJars At least one JAR was scanned for TLDs yet contained no TLDs. Enable debug logging for this logger for a complete list of JARs that were scanned but no TLDs were found in them. Skipping unneeded JARs during scanning can improve startup time and JSP compilation time.
10-Feb-2026 10:34:00.990 INFO [main] org.apache.catalina.startup.HostConfig.deployDirectory Deployment of web application directory [/home/infoetu/baptiste.lavogiez.etu/BUT2/Semestre2/Webdev/tomcat/webapps/TP02] has finished in [191] ms
10-Feb-2026 10:34:00.990 INFO [main] org.apache.catalina.startup.HostConfig.deployDirectory Deploying web application directory [/home/infoetu/baptiste.lavogiez.etu/BUT2/Semestre2/Webdev/tomcat/webapps/ctp1]
10-Feb-2026 10:34:01.169 INFO [main] org.apache.jasper.servlet.TldScanner.scanJars At least one JAR was scanned for TLDs yet contained no TLDs. Enable debug logging for this logger for a complete list of JARs that were scanned but no TLDs were found in them. Skipping unneeded JARs during scanning can improve startup time and JSP compilation time.
10-Feb-2026 10:34:01.170 INFO [main] org.apache.catalina.startup.HostConfig.deployDirectory Deployment of web application directory [/home/infoetu/baptiste.lavogiez.etu/BUT2/Semestre2/Webdev/tomcat/webapps/ctp1] has finished in [180] ms
10-Feb-2026 10:34:01.170 INFO [main] org.apache.catalina.startup.HostConfig.deployDirectory Deploying web application directory [/home/infoetu/baptiste.lavogiez.etu/BUT2/Semestre2/Webdev/tomcat/webapps/TP03]
10-Feb-2026 10:34:01.328 INFO [main] org.apache.jasper.servlet.TldScanner.scanJars At least one JAR was scanned for TLDs yet contained no TLDs. Enable debug logging for this logger for a complete list of JARs that were scanned but no TLDs were found in them. Skipping unneeded JARs during scanning can improve startup time and JSP compilation time.
10-Feb-2026 10:34:01.328 INFO [main] org.apache.catalina.startup.HostConfig.deployDirectory Deployment of web application directory [/home/infoetu/baptiste.lavogiez.etu/BUT2/Semestre2/Webdev/tomcat/webapps/TP03] has finished in [158] ms
10-Feb-2026 10:34:01.328 INFO [main] org.apache.catalina.startup.HostConfig.deployDirectory Deploying web application directory [/home/infoetu/baptiste.lavogiez.etu/BUT2/Semestre2/Webdev/tomcat/webapps/TP01]
10-Feb-2026 10:34:01.474 INFO [main] org.apache.jasper.servlet.TldScanner.scanJars At least one JAR was scanned for TLDs yet contained no TLDs. Enable debug logging for this logger for a complete list of JARs that were scanned but no TLDs were found in them. Skipping unneeded JARs during scanning can improve startup time and JSP compilation time.
10-Feb-2026 10:34:01.475 INFO [main] org.apache.catalina.startup.HostConfig.deployDirectory Deployment of web application directory [/home/infoetu/baptiste.lavogiez.etu/BUT2/Semestre2/Webdev/tomcat/webapps/TP01] has finished in [147] ms
10-Feb-2026 10:34:01.475 INFO [main] org.apache.catalina.startup.HostConfig.deployDirectory Deploying web application directory [/home/infoetu/baptiste.lavogiez.etu/BUT2/Semestre2/Webdev/tomcat/webapps/host-manager]
10-Feb-2026 10:34:01.621 INFO [main] org.apache.jasper.servlet.TldScanner.scanJars At least one JAR was scanned for TLDs yet contained no TLDs. Enable debug logging for this logger for a complete list of JARs that were scanned but no TLDs were found in them. Skipping unneeded JARs during scanning can improve startup time and JSP compilation time.
10-Feb-2026 10:34:01.621 INFO [main] org.apache.catalina.startup.HostConfig.deployDirectory Deployment of web application directory [/home/infoetu/baptiste.lavogiez.etu/BUT2/Semestre2/Webdev/tomcat/webapps/host-manager] has finished in [146] ms
10-Feb-2026 10:34:01.622 INFO [main] org.apache.catalina.startup.HostConfig.deployDirectory Deploying web application directory [/home/infoetu/baptiste.lavogiez.etu/BUT2/Semestre2/Webdev/tomcat/webapps/tp_chess]
10-Feb-2026 10:34:01.782 INFO [main] org.apache.jasper.servlet.TldScanner.scanJars At least one JAR was scanned for TLDs yet contained no TLDs. Enable debug logging for this logger for a complete list of JARs that were scanned but no TLDs were found in them. Skipping unneeded JARs during scanning can improve startup time and JSP compilation time.
10-Feb-2026 10:34:01.783 INFO [main] org.apache.catalina.startup.HostConfig.deployDirectory Deployment of web application directory [/home/infoetu/baptiste.lavogiez.etu/BUT2/Semestre2/Webdev/tomcat/webapps/tp_chess] has finished in [160] ms
10-Feb-2026 10:34:01.783 INFO [main] org.apache.catalina.startup.HostConfig.deployDirectory Deploying web application directory [/home/infoetu/baptiste.lavogiez.etu/BUT2/Semestre2/Webdev/tomcat/webapps/template]
10-Feb-2026 10:34:01.944 INFO [main] org.apache.jasper.servlet.TldScanner.scanJars At least one JAR was scanned for TLDs yet contained no TLDs. Enable debug logging for this logger for a complete list of JARs that were scanned but no TLDs were found in them. Skipping unneeded JARs during scanning can improve startup time and JSP compilation time.
10-Feb-2026 10:34:01.945 INFO [main] org.apache.catalina.startup.HostConfig.deployDirectory Deployment of web application directory [/home/infoetu/baptiste.lavogiez.etu/BUT2/Semestre2/Webdev/tomcat/webapps/template] has finished in [162] ms
10-Feb-2026 10:34:01.945 INFO [main] org.apache.catalina.startup.HostConfig.deployDirectory Deploying web application directory [/home/infoetu/baptiste.lavogiez.etu/BUT2/Semestre2/Webdev/tomcat/webapps/examples]
10-Feb-2026 10:34:02.342 INFO [main] org.apache.jasper.servlet.TldScanner.scanJars At least one JAR was scanned for TLDs yet contained no TLDs. Enable debug logging for this logger for a complete list of JARs that were scanned but no TLDs were found in them. Skipping unneeded JARs during scanning can improve startup time and JSP compilation time.
10-Feb-2026 10:34:02.356 INFO [main] org.apache.catalina.startup.HostConfig.deployDirectory Deployment of web application directory [/home/infoetu/baptiste.lavogiez.etu/BUT2/Semestre2/Webdev/tomcat/webapps/examples] has finished in [411] ms
10-Feb-2026 10:34:02.356 INFO [main] org.apache.catalina.startup.HostConfig.deployDirectory Deploying web application directory [/home/infoetu/baptiste.lavogiez.etu/BUT2/Semestre2/Webdev/tomcat/webapps/ctp]
10-Feb-2026 10:34:02.527 INFO [main] org.apache.jasper.servlet.TldScanner.scanJars At least one JAR was scanned for TLDs yet contained no TLDs. Enable debug logging for this logger for a complete list of JARs that were scanned but no TLDs were found in them. Skipping unneeded JARs during scanning can improve startup time and JSP compilation time.
10-Feb-2026 10:34:02.528 INFO [main] org.apache.catalina.startup.HostConfig.deployDirectory Deployment of web application directory [/home/infoetu/baptiste.lavogiez.etu/BUT2/Semestre2/Webdev/tomcat/webapps/ctp] has finished in [172] ms
10-Feb-2026 10:34:02.530 INFO [main] org.apache.coyote.AbstractProtocol.start Starting ProtocolHandler ["http-nio-8080"]
10-Feb-2026 10:34:02.545 INFO [main] org.apache.catalina.startup.Catalina.start Server startup in [3325] milliseconds
10-Feb-2026 10:34:51.149 INFO [Thread-1] org.apache.coyote.AbstractProtocol.pause Pausing ProtocolHandler ["http-nio-8080"]
10-Feb-2026 10:34:51.163 INFO [Thread-1] org.apache.catalina.core.StandardService.stopInternal Stopping service [Catalina]
10-Feb-2026 10:34:51.210 INFO [Thread-1] org.apache.coyote.AbstractProtocol.stop Stopping ProtocolHandler ["http-nio-8080"]
10-Feb-2026 10:34:51.216 INFO [Thread-1] org.apache.coyote.AbstractProtocol.destroy Destroying ProtocolHandler ["http-nio-8080"]
10-Feb-2026 10:34:52.255 INFO [main] org.apache.catalina.startup.VersionLoggerListener.log Server version name:   Apache Tomcat/11.0.13
10-Feb-2026 10:34:52.257 INFO [main] org.apache.catalina.startup.VersionLoggerListener.log Server built:          Oct 10 2025 13:57:31 UTC
10-Feb-2026 10:34:52.257 INFO [main] org.apache.catalina.startup.VersionLoggerListener.log Server version number: 11.0.13.0
10-Feb-2026 10:34:52.257 INFO [main] org.apache.catalina.startup.VersionLoggerListener.log OS Name:               Linux
10-Feb-2026 10:34:52.257 INFO [main] org.apache.catalina.startup.VersionLoggerListener.log OS Version:            6.1.0-40-amd64
10-Feb-2026 10:34:52.258 INFO [main] org.apache.catalina.startup.VersionLoggerListener.log Architecture:          amd64
10-Feb-2026 10:34:52.258 INFO [main] org.apache.catalina.startup.VersionLoggerListener.log Java Home:             /usr/lib/jvm/java-17-openjdk-amd64
10-Feb-2026 10:34:52.258 INFO [main] org.apache.catalina.startup.VersionLoggerListener.log JVM Version:           17.0.18+8-Debian-1deb12u1
10-Feb-2026 10:34:52.258 INFO [main] org.apache.catalina.startup.VersionLoggerListener.log JVM Vendor:            Debian
10-Feb-2026 10:34:52.258 INFO [main] org.apache.catalina.startup.VersionLoggerListener.log CATALINA_BASE:         /home/infoetu/baptiste.lavogiez.etu/BUT2/Semestre2/Webdev/tomcat
10-Feb-2026 10:34:52.258 INFO [main] org.apache.catalina.startup.VersionLoggerListener.log CATALINA_HOME:         /home/infoetu/baptiste.lavogiez.etu/BUT2/Semestre2/Webdev/tomcat
10-Feb-2026 10:34:52.261 INFO [main] org.apache.catalina.startup.VersionLoggerListener.log Command line argument: -Djava.util.logging.config.file=/home/infoetu/baptiste.lavogiez.etu/BUT2/Semestre2/Webdev/tomcat/conf/logging.properties
10-Feb-2026 10:34:52.262 INFO [main] org.apache.catalina.startup.VersionLoggerListener.log Command line argument: -Djava.util.logging.manager=org.apache.juli.ClassLoaderLogManager
10-Feb-2026 10:34:52.262 INFO [main] org.apache.catalina.startup.VersionLoggerListener.log Command line argument: -Djdk.tls.ephemeralDHKeySize=2048
10-Feb-2026 10:34:52.262 INFO [main] org.apache.catalina.startup.VersionLoggerListener.log Command line argument: -Dorg.apache.catalina.security.SecurityListener.UMASK=0027
10-Feb-2026 10:34:52.262 INFO [main] org.apache.catalina.startup.VersionLoggerListener.log Command line argument: --add-opens=java.base/java.lang=ALL-UNNAMED
10-Feb-2026 10:34:52.262 INFO [main] org.apache.catalina.startup.VersionLoggerListener.log Command line argument: --add-opens=java.base/java.lang.reflect=ALL-UNNAMED
10-Feb-2026 10:34:52.262 INFO [main] org.apache.catalina.startup.VersionLoggerListener.log Command line argument: --add-opens=java.base/java.io=ALL-UNNAMED
10-Feb-2026 10:34:52.262 INFO [main] org.apache.catalina.startup.VersionLoggerListener.log Command line argument: --add-opens=java.base/java.util=ALL-UNNAMED
10-Feb-2026 10:34:52.262 INFO [main] org.apache.catalina.startup.VersionLoggerListener.log Command line argument: --add-opens=java.base/java.util.concurrent=ALL-UNNAMED
10-Feb-2026 10:34:52.262 INFO [main] org.apache.catalina.startup.VersionLoggerListener.log Command line argument: --add-opens=java.rmi/sun.rmi.transport=ALL-UNNAMED
10-Feb-2026 10:34:52.262 INFO [main] org.apache.catalina.startup.VersionLoggerListener.log Command line argument: --enable-native-access=ALL-UNNAMED
10-Feb-2026 10:34:52.262 INFO [main] org.apache.catalina.startup.VersionLoggerListener.log Command line argument: -Dcatalina.base=/home/infoetu/baptiste.lavogiez.etu/BUT2/Semestre2/Webdev/tomcat
10-Feb-2026 10:34:52.262 INFO [main] org.apache.catalina.startup.VersionLoggerListener.log Command line argument: -Dcatalina.home=/home/infoetu/baptiste.lavogiez.etu/BUT2/Semestre2/Webdev/tomcat
10-Feb-2026 10:34:52.262 INFO [main] org.apache.catalina.startup.VersionLoggerListener.log Command line argument: -Djava.io.tmpdir=/home/infoetu/baptiste.lavogiez.etu/BUT2/Semestre2/Webdev/tomcat/temp
10-Feb-2026 10:34:52.263 INFO [main] org.apache.catalina.core.AprLifecycleListener.lifecycleEvent The Apache Tomcat Native library which allows using OpenSSL was not found on the java.library.path: [/usr/java/packages/lib:/usr/lib/x86_64-linux-gnu/jni:/lib/x86_64-linux-gnu:/usr/lib/x86_64-linux-gnu:/usr/lib/jni:/lib:/usr/lib]
10-Feb-2026 10:34:52.362 INFO [main] org.apache.coyote.AbstractProtocol.init Initializing ProtocolHandler ["http-nio-8080"]
10-Feb-2026 10:34:52.370 INFO [main] org.apache.catalina.startup.Catalina.load Server initialization in [184] milliseconds
10-Feb-2026 10:34:52.387 INFO [main] org.apache.catalina.core.StandardService.startInternal Starting service [Catalina]
10-Feb-2026 10:34:52.387 INFO [main] org.apache.catalina.core.StandardEngine.startInternal Starting Servlet engine: [Apache Tomcat/11.0.13]
10-Feb-2026 10:34:52.391 INFO [main] org.apache.catalina.startup.HostConfig.deployDirectory Deploying web application directory [/home/infoetu/baptiste.lavogiez.etu/BUT2/Semestre2/Webdev/tomcat/webapps/ctp-sample]
10-Feb-2026 10:34:52.696 INFO [main] org.apache.jasper.servlet.TldScanner.scanJars At least one JAR was scanned for TLDs yet contained no TLDs. Enable debug logging for this logger for a complete list of JARs that were scanned but no TLDs were found in them. Skipping unneeded JARs during scanning can improve startup time and JSP compilation time.
10-Feb-2026 10:34:52.709 INFO [main] org.apache.catalina.startup.HostConfig.deployDirectory Deployment of web application directory [/home/infoetu/baptiste.lavogiez.etu/BUT2/Semestre2/Webdev/tomcat/webapps/ctp-sample] has finished in [318] ms
10-Feb-2026 10:34:52.710 INFO [main] org.apache.catalina.startup.HostConfig.deployDirectory Deploying web application directory [/home/infoetu/baptiste.lavogiez.etu/BUT2/Semestre2/Webdev/tomcat/webapps/__MACOSX]
10-Feb-2026 10:34:52.857 INFO [main] org.apache.jasper.servlet.TldScanner.scanJars At least one JAR was scanned for TLDs yet contained no TLDs. Enable debug logging for this logger for a complete list of JARs that were scanned but no TLDs were found in them. Skipping unneeded JARs during scanning can improve startup time and JSP compilation time.
10-Feb-2026 10:34:52.858 INFO [main] org.apache.catalina.startup.HostConfig.deployDirectory Deployment of web application directory [/home/infoetu/baptiste.lavogiez.etu/BUT2/Semestre2/Webdev/tomcat/webapps/__MACOSX] has finished in [148] ms
10-Feb-2026 10:34:52.858 INFO [main] org.apache.catalina.startup.HostConfig.deployDirectory Deploying web application directory [/home/infoetu/baptiste.lavogiez.etu/BUT2/Semestre2/Webdev/tomcat/webapps/ROOT]
10-Feb-2026 10:34:53.006 INFO [main] org.apache.jasper.servlet.TldScanner.scanJars At least one JAR was scanned for TLDs yet contained no TLDs. Enable debug logging for this logger for a complete list of JARs that were scanned but no TLDs were found in them. Skipping unneeded JARs during scanning can improve startup time and JSP compilation time.
10-Feb-2026 10:34:53.007 INFO [main] org.apache.catalina.startup.HostConfig.deployDirectory Deployment of web application directory [/home/infoetu/baptiste.lavogiez.etu/BUT2/Semestre2/Webdev/tomcat/webapps/ROOT] has finished in [149] ms
10-Feb-2026 10:34:53.007 INFO [main] org.apache.catalina.startup.HostConfig.deployDirectory Deploying web application directory [/home/infoetu/baptiste.lavogiez.etu/BUT2/Semestre2/Webdev/tomcat/webapps/TP04]
10-Feb-2026 10:34:53.178 INFO [main] org.apache.jasper.servlet.TldScanner.scanJars At least one JAR was scanned for TLDs yet contained no TLDs. Enable debug logging for this logger for a complete list of JARs that were scanned but no TLDs were found in them. Skipping unneeded JARs during scanning can improve startup time and JSP compilation time.
10-Feb-2026 10:34:53.179 INFO [main] org.apache.catalina.startup.HostConfig.deployDirectory Deployment of web application directory [/home/infoetu/baptiste.lavogiez.etu/BUT2/Semestre2/Webdev/tomcat/webapps/TP04] has finished in [172] ms
10-Feb-2026 10:34:53.179 INFO [main] org.apache.catalina.startup.HostConfig.deployDirectory Deploying web application directory [/home/infoetu/baptiste.lavogiez.etu/BUT2/Semestre2/Webdev/tomcat/webapps/docs]
10-Feb-2026 10:34:53.325 INFO [main] org.apache.jasper.servlet.TldScanner.scanJars At least one JAR was scanned for TLDs yet contained no TLDs. Enable debug logging for this logger for a complete list of JARs that were scanned but no TLDs were found in them. Skipping unneeded JARs during scanning can improve startup time and JSP compilation time.
10-Feb-2026 10:34:53.326 INFO [main] org.apache.catalina.startup.HostConfig.deployDirectory Deployment of web application directory [/home/infoetu/baptiste.lavogiez.etu/BUT2/Semestre2/Webdev/tomcat/webapps/docs] has finished in [147] ms
10-Feb-2026 10:34:53.326 INFO [main] org.apache.catalina.startup.HostConfig.deployDirectory Deploying web application directory [/home/infoetu/baptiste.lavogiez.etu/BUT2/Semestre2/Webdev/tomcat/webapps/TP03-Partie2]
10-Feb-2026 10:34:53.478 INFO [main] org.apache.jasper.servlet.TldScanner.scanJars At least one JAR was scanned for TLDs yet contained no TLDs. Enable debug logging for this logger for a complete list of JARs that were scanned but no TLDs were found in them. Skipping unneeded JARs during scanning can improve startup time and JSP compilation time.
10-Feb-2026 10:34:53.479 INFO [main] org.apache.catalina.startup.HostConfig.deployDirectory Deployment of web application directory [/home/infoetu/baptiste.lavogiez.etu/BUT2/Semestre2/Webdev/tomcat/webapps/TP03-Partie2] has finished in [153] ms
10-Feb-2026 10:34:53.479 INFO [main] org.apache.catalina.startup.HostConfig.deployDirectory Deploying web application directory [/home/infoetu/baptiste.lavogiez.etu/BUT2/Semestre2/Webdev/tomcat/webapps/manager]
10-Feb-2026 10:34:53.626 INFO [main] org.apache.jasper.servlet.TldScanner.scanJars At least one JAR was scanned for TLDs yet contained no TLDs. Enable debug logging for this logger for a complete list of JARs that were scanned but no TLDs were found in them. Skipping unneeded JARs during scanning can improve startup time and JSP compilation time.
10-Feb-2026 10:34:53.629 INFO [main] org.apache.catalina.startup.HostConfig.deployDirectory Deployment of web application directory [/home/infoetu/baptiste.lavogiez.etu/BUT2/Semestre2/Webdev/tomcat/webapps/manager] has finished in [150] ms
10-Feb-2026 10:34:53.629 INFO [main] org.apache.catalina.startup.HostConfig.deployDirectory Deploying web application directory [/home/infoetu/baptiste.lavogiez.etu/BUT2/Semestre2/Webdev/tomcat/webapps/TP02]
10-Feb-2026 10:34:53.779 INFO [main] org.apache.jasper.servlet.TldScanner.scanJars At least one JAR was scanned for TLDs yet contained no TLDs. Enable debug logging for this logger for a complete list of JARs that were scanned but no TLDs were found in them. Skipping unneeded JARs during scanning can improve startup time and JSP compilation time.
10-Feb-2026 10:34:53.780 INFO [main] org.apache.catalina.startup.HostConfig.deployDirectory Deployment of web application directory [/home/infoetu/baptiste.lavogiez.etu/BUT2/Semestre2/Webdev/tomcat/webapps/TP02] has finished in [150] ms
10-Feb-2026 10:34:53.780 INFO [main] org.apache.catalina.startup.HostConfig.deployDirectory Deploying web application directory [/home/infoetu/baptiste.lavogiez.etu/BUT2/Semestre2/Webdev/tomcat/webapps/ctp1]
10-Feb-2026 10:34:53.938 INFO [main] org.apache.jasper.servlet.TldScanner.scanJars At least one JAR was scanned for TLDs yet contained no TLDs. Enable debug logging for this logger for a complete list of JARs that were scanned but no TLDs were found in them. Skipping unneeded JARs during scanning can improve startup time and JSP compilation time.
10-Feb-2026 10:34:53.939 INFO [main] org.apache.catalina.startup.HostConfig.deployDirectory Deployment of web application directory [/home/infoetu/baptiste.lavogiez.etu/BUT2/Semestre2/Webdev/tomcat/webapps/ctp1] has finished in [159] ms
10-Feb-2026 10:34:53.939 INFO [main] org.apache.catalina.startup.HostConfig.deployDirectory Deploying web application directory [/home/infoetu/baptiste.lavogiez.etu/BUT2/Semestre2/Webdev/tomcat/webapps/TP03]
10-Feb-2026 10:34:54.085 INFO [main] org.apache.jasper.servlet.TldScanner.scanJars At least one JAR was scanned for TLDs yet contained no TLDs. Enable debug logging for this logger for a complete list of JARs that were scanned but no TLDs were found in them. Skipping unneeded JARs during scanning can improve startup time and JSP compilation time.
10-Feb-2026 10:34:54.086 INFO [main] org.apache.catalina.startup.HostConfig.deployDirectory Deployment of web application directory [/home/infoetu/baptiste.lavogiez.etu/BUT2/Semestre2/Webdev/tomcat/webapps/TP03] has finished in [147] ms
10-Feb-2026 10:34:54.086 INFO [main] org.apache.catalina.startup.HostConfig.deployDirectory Deploying web application directory [/home/infoetu/baptiste.lavogiez.etu/BUT2/Semestre2/Webdev/tomcat/webapps/TP01]
10-Feb-2026 10:34:54.226 INFO [main] org.apache.jasper.servlet.TldScanner.scanJars At least one JAR was scanned for TLDs yet contained no TLDs. Enable debug logging for this logger for a complete list of JARs that were scanned but no TLDs were found in them. Skipping unneeded JARs during scanning can improve startup time and JSP compilation time.
10-Feb-2026 10:34:54.227 INFO [main] org.apache.catalina.startup.HostConfig.deployDirectory Deployment of web application directory [/home/infoetu/baptiste.lavogiez.etu/BUT2/Semestre2/Webdev/tomcat/webapps/TP01] has finished in [141] ms
10-Feb-2026 10:34:54.227 INFO [main] org.apache.catalina.startup.HostConfig.deployDirectory Deploying web application directory [/home/infoetu/baptiste.lavogiez.etu/BUT2/Semestre2/Webdev/tomcat/webapps/host-manager]
10-Feb-2026 10:34:54.369 INFO [main] org.apache.jasper.servlet.TldScanner.scanJars At least one JAR was scanned for TLDs yet contained no TLDs. Enable debug logging for this logger for a complete list of JARs that were scanned but no TLDs were found in them. Skipping unneeded JARs during scanning can improve startup time and JSP compilation time.
10-Feb-2026 10:34:54.370 INFO [main] org.apache.catalina.startup.HostConfig.deployDirectory Deployment of web application directory [/home/infoetu/baptiste.lavogiez.etu/BUT2/Semestre2/Webdev/tomcat/webapps/host-manager] has finished in [143] ms
10-Feb-2026 10:34:54.370 INFO [main] org.apache.catalina.startup.HostConfig.deployDirectory Deploying web application directory [/home/infoetu/baptiste.lavogiez.etu/BUT2/Semestre2/Webdev/tomcat/webapps/tp_chess]
10-Feb-2026 10:34:54.518 INFO [main] org.apache.jasper.servlet.TldScanner.scanJars At least one JAR was scanned for TLDs yet contained no TLDs. Enable debug logging for this logger for a complete list of JARs that were scanned but no TLDs were found in them. Skipping unneeded JARs during scanning can improve startup time and JSP compilation time.
10-Feb-2026 10:34:54.519 INFO [main] org.apache.catalina.startup.HostConfig.deployDirectory Deployment of web application directory [/home/infoetu/baptiste.lavogiez.etu/BUT2/Semestre2/Webdev/tomcat/webapps/tp_chess] has finished in [148] ms
10-Feb-2026 10:34:54.519 INFO [main] org.apache.catalina.startup.HostConfig.deployDirectory Deploying web application directory [/home/infoetu/baptiste.lavogiez.etu/BUT2/Semestre2/Webdev/tomcat/webapps/template]
10-Feb-2026 10:34:54.667 INFO [main] org.apache.jasper.servlet.TldScanner.scanJars At least one JAR was scanned for TLDs yet contained no TLDs. Enable debug logging for this logger for a complete list of JARs that were scanned but no TLDs were found in them. Skipping unneeded JARs during scanning can improve startup time and JSP compilation time.
10-Feb-2026 10:34:54.668 INFO [main] org.apache.catalina.startup.HostConfig.deployDirectory Deployment of web application directory [/home/infoetu/baptiste.lavogiez.etu/BUT2/Semestre2/Webdev/tomcat/webapps/template] has finished in [149] ms
10-Feb-2026 10:34:54.668 INFO [main] org.apache.catalina.startup.HostConfig.deployDirectory Deploying web application directory [/home/infoetu/baptiste.lavogiez.etu/BUT2/Semestre2/Webdev/tomcat/webapps/examples]
10-Feb-2026 10:34:54.964 INFO [main] org.apache.jasper.servlet.TldScanner.scanJars At least one JAR was scanned for TLDs yet contained no TLDs. Enable debug logging for this logger for a complete list of JARs that were scanned but no TLDs were found in them. Skipping unneeded JARs during scanning can improve startup time and JSP compilation time.
10-Feb-2026 10:34:54.976 INFO [main] org.apache.catalina.startup.HostConfig.deployDirectory Deployment of web application directory [/home/infoetu/baptiste.lavogiez.etu/BUT2/Semestre2/Webdev/tomcat/webapps/examples] has finished in [307] ms
10-Feb-2026 10:34:54.976 INFO [main] org.apache.catalina.startup.HostConfig.deployDirectory Deploying web application directory [/home/infoetu/baptiste.lavogiez.etu/BUT2/Semestre2/Webdev/tomcat/webapps/ctp]
10-Feb-2026 10:34:55.127 INFO [main] org.apache.jasper.servlet.TldScanner.scanJars At least one JAR was scanned for TLDs yet contained no TLDs. Enable debug logging for this logger for a complete list of JARs that were scanned but no TLDs were found in them. Skipping unneeded JARs during scanning can improve startup time and JSP compilation time.
10-Feb-2026 10:34:55.128 INFO [main] org.apache.catalina.startup.HostConfig.deployDirectory Deployment of web application directory [/home/infoetu/baptiste.lavogiez.etu/BUT2/Semestre2/Webdev/tomcat/webapps/ctp] has finished in [152] ms
10-Feb-2026 10:34:55.130 INFO [main] org.apache.coyote.AbstractProtocol.start Starting ProtocolHandler ["http-nio-8080"]
10-Feb-2026 10:34:55.135 INFO [main] org.apache.catalina.startup.Catalina.start Server startup in [2764] milliseconds
10-Feb-2026 12:25:32.192 INFO [main] org.apache.catalina.startup.VersionLoggerListener.log Server version name:   Apache Tomcat/11.0.13
10-Feb-2026 12:25:32.194 INFO [main] org.apache.catalina.startup.VersionLoggerListener.log Server built:          Oct 10 2025 13:57:31 UTC
10-Feb-2026 12:25:32.194 INFO [main] org.apache.catalina.startup.VersionLoggerListener.log Server version number: 11.0.13.0
10-Feb-2026 12:25:32.194 INFO [main] org.apache.catalina.startup.VersionLoggerListener.log OS Name:               Linux
10-Feb-2026 12:25:32.194 INFO [main] org.apache.catalina.startup.VersionLoggerListener.log OS Version:            6.1.0-40-amd64
10-Feb-2026 12:25:32.194 INFO [main] org.apache.catalina.startup.VersionLoggerListener.log Architecture:          amd64
10-Feb-2026 12:25:32.194 INFO [main] org.apache.catalina.startup.VersionLoggerListener.log Java Home:             /usr/lib/jvm/java-17-openjdk-amd64
10-Feb-2026 12:25:32.194 INFO [main] org.apache.catalina.startup.VersionLoggerListener.log JVM Version:           17.0.18+8-Debian-1deb12u1
10-Feb-2026 12:25:32.194 INFO [main] org.apache.catalina.startup.VersionLoggerListener.log JVM Vendor:            Debian
10-Feb-2026 12:25:32.194 INFO [main] org.apache.catalina.startup.VersionLoggerListener.log CATALINA_BASE:         /home/infoetu/baptiste.lavogiez.etu/BUT2/Semestre2/Webdev/tomcat
10-Feb-2026 12:25:32.195 INFO [main] org.apache.catalina.startup.VersionLoggerListener.log CATALINA_HOME:         /home/infoetu/baptiste.lavogiez.etu/BUT2/Semestre2/Webdev/tomcat
10-Feb-2026 12:25:32.201 INFO [main] org.apache.catalina.startup.VersionLoggerListener.log Command line argument: -Djava.util.logging.config.file=/home/infoetu/baptiste.lavogiez.etu/BUT2/Semestre2/Webdev/tomcat/conf/logging.properties
10-Feb-2026 12:25:32.201 INFO [main] org.apache.catalina.startup.VersionLoggerListener.log Command line argument: -Djava.util.logging.manager=org.apache.juli.ClassLoaderLogManager
10-Feb-2026 12:25:32.201 INFO [main] org.apache.catalina.startup.VersionLoggerListener.log Command line argument: -Djdk.tls.ephemeralDHKeySize=2048
10-Feb-2026 12:25:32.201 INFO [main] org.apache.catalina.startup.VersionLoggerListener.log Command line argument: -Dorg.apache.catalina.security.SecurityListener.UMASK=0027
10-Feb-2026 12:25:32.201 INFO [main] org.apache.catalina.startup.VersionLoggerListener.log Command line argument: --add-opens=java.base/java.lang=ALL-UNNAMED
10-Feb-2026 12:25:32.201 INFO [main] org.apache.catalina.startup.VersionLoggerListener.log Command line argument: --add-opens=java.base/java.lang.reflect=ALL-UNNAMED
10-Feb-2026 12:25:32.201 INFO [main] org.apache.catalina.startup.VersionLoggerListener.log Command line argument: --add-opens=java.base/java.io=ALL-UNNAMED
10-Feb-2026 12:25:32.201 INFO [main] org.apache.catalina.startup.VersionLoggerListener.log Command line argument: --add-opens=java.base/java.util=ALL-UNNAMED
10-Feb-2026 12:25:32.201 INFO [main] org.apache.catalina.startup.VersionLoggerListener.log Command line argument: --add-opens=java.base/java.util.concurrent=ALL-UNNAMED
10-Feb-2026 12:25:32.201 INFO [main] org.apache.catalina.startup.VersionLoggerListener.log Command line argument: --add-opens=java.rmi/sun.rmi.transport=ALL-UNNAMED
10-Feb-2026 12:25:32.201 INFO [main] org.apache.catalina.startup.VersionLoggerListener.log Command line argument: --enable-native-access=ALL-UNNAMED
10-Feb-2026 12:25:32.201 INFO [main] org.apache.catalina.startup.VersionLoggerListener.log Command line argument: -Dcatalina.base=/home/infoetu/baptiste.lavogiez.etu/BUT2/Semestre2/Webdev/tomcat
10-Feb-2026 12:25:32.201 INFO [main] org.apache.catalina.startup.VersionLoggerListener.log Command line argument: -Dcatalina.home=/home/infoetu/baptiste.lavogiez.etu/BUT2/Semestre2/Webdev/tomcat
10-Feb-2026 12:25:32.201 INFO [main] org.apache.catalina.startup.VersionLoggerListener.log Command line argument: -Djava.io.tmpdir=/home/infoetu/baptiste.lavogiez.etu/BUT2/Semestre2/Webdev/tomcat/temp
10-Feb-2026 12:25:32.203 INFO [main] org.apache.catalina.core.AprLifecycleListener.lifecycleEvent The Apache Tomcat Native library which allows using OpenSSL was not found on the java.library.path: [/usr/java/packages/lib:/usr/lib/x86_64-linux-gnu/jni:/lib/x86_64-linux-gnu:/usr/lib/x86_64-linux-gnu:/usr/lib/jni:/lib:/usr/lib]
10-Feb-2026 12:25:32.326 INFO [main] org.apache.coyote.AbstractProtocol.init Initializing ProtocolHandler ["http-nio-8080"]
10-Feb-2026 12:25:32.338 INFO [main] org.apache.catalina.startup.Catalina.load Server initialization in [284] milliseconds
10-Feb-2026 12:25:32.361 INFO [main] org.apache.catalina.core.StandardService.startInternal Starting service [Catalina]
10-Feb-2026 12:25:32.361 INFO [main] org.apache.catalina.core.StandardEngine.startInternal Starting Servlet engine: [Apache Tomcat/11.0.13]
10-Feb-2026 12:25:32.368 INFO [main] org.apache.catalina.startup.HostConfig.deployDirectory Deploying web application directory [/home/infoetu/baptiste.lavogiez.etu/BUT2/Semestre2/Webdev/tomcat/webapps/ctp-sample]
10-Feb-2026 12:25:32.754 INFO [main] org.apache.jasper.servlet.TldScanner.scanJars At least one JAR was scanned for TLDs yet contained no TLDs. Enable debug logging for this logger for a complete list of JARs that were scanned but no TLDs were found in them. Skipping unneeded JARs during scanning can improve startup time and JSP compilation time.
10-Feb-2026 12:25:32.774 INFO [main] org.apache.catalina.startup.HostConfig.deployDirectory Deployment of web application directory [/home/infoetu/baptiste.lavogiez.etu/BUT2/Semestre2/Webdev/tomcat/webapps/ctp-sample] has finished in [406] ms
10-Feb-2026 12:25:32.774 INFO [main] org.apache.catalina.startup.HostConfig.deployDirectory Deploying web application directory [/home/infoetu/baptiste.lavogiez.etu/BUT2/Semestre2/Webdev/tomcat/webapps/__MACOSX]
10-Feb-2026 12:25:32.924 INFO [main] org.apache.jasper.servlet.TldScanner.scanJars At least one JAR was scanned for TLDs yet contained no TLDs. Enable debug logging for this logger for a complete list of JARs that were scanned but no TLDs were found in them. Skipping unneeded JARs during scanning can improve startup time and JSP compilation time.
10-Feb-2026 12:25:32.926 INFO [main] org.apache.catalina.startup.HostConfig.deployDirectory Deployment of web application directory [/home/infoetu/baptiste.lavogiez.etu/BUT2/Semestre2/Webdev/tomcat/webapps/__MACOSX] has finished in [152] ms
10-Feb-2026 12:25:32.926 INFO [main] org.apache.catalina.startup.HostConfig.deployDirectory Deploying web application directory [/home/infoetu/baptiste.lavogiez.etu/BUT2/Semestre2/Webdev/tomcat/webapps/ROOT]
10-Feb-2026 12:25:33.083 INFO [main] org.apache.jasper.servlet.TldScanner.scanJars At least one JAR was scanned for TLDs yet contained no TLDs. Enable debug logging for this logger for a complete list of JARs that were scanned but no TLDs were found in them. Skipping unneeded JARs during scanning can improve startup time and JSP compilation time.
10-Feb-2026 12:25:33.084 INFO [main] org.apache.catalina.startup.HostConfig.deployDirectory Deployment of web application directory [/home/infoetu/baptiste.lavogiez.etu/BUT2/Semestre2/Webdev/tomcat/webapps/ROOT] has finished in [158] ms
10-Feb-2026 12:25:33.085 INFO [main] org.apache.catalina.startup.HostConfig.deployDirectory Deploying web application directory [/home/infoetu/baptiste.lavogiez.etu/BUT2/Semestre2/Webdev/tomcat/webapps/TP04]
10-Feb-2026 12:25:33.272 INFO [main] org.apache.jasper.servlet.TldScanner.scanJars At least one JAR was scanned for TLDs yet contained no TLDs. Enable debug logging for this logger for a complete list of JARs that were scanned but no TLDs were found in them. Skipping unneeded JARs during scanning can improve startup time and JSP compilation time.
10-Feb-2026 12:25:33.273 INFO [main] org.apache.catalina.startup.HostConfig.deployDirectory Deployment of web application directory [/home/infoetu/baptiste.lavogiez.etu/BUT2/Semestre2/Webdev/tomcat/webapps/TP04] has finished in [188] ms
10-Feb-2026 12:25:33.274 INFO [main] org.apache.catalina.startup.HostConfig.deployDirectory Deploying web application directory [/home/infoetu/baptiste.lavogiez.etu/BUT2/Semestre2/Webdev/tomcat/webapps/docs]
10-Feb-2026 12:25:33.428 INFO [main] org.apache.jasper.servlet.TldScanner.scanJars At least one JAR was scanned for TLDs yet contained no TLDs. Enable debug logging for this logger for a complete list of JARs that were scanned but no TLDs were found in them. Skipping unneeded JARs during scanning can improve startup time and JSP compilation time.
10-Feb-2026 12:25:33.429 INFO [main] org.apache.catalina.startup.HostConfig.deployDirectory Deployment of web application directory [/home/infoetu/baptiste.lavogiez.etu/BUT2/Semestre2/Webdev/tomcat/webapps/docs] has finished in [155] ms
10-Feb-2026 12:25:33.429 INFO [main] org.apache.catalina.startup.HostConfig.deployDirectory Deploying web application directory [/home/infoetu/baptiste.lavogiez.etu/BUT2/Semestre2/Webdev/tomcat/webapps/TP03-Partie2]
10-Feb-2026 12:25:33.602 INFO [main] org.apache.jasper.servlet.TldScanner.scanJars At least one JAR was scanned for TLDs yet contained no TLDs. Enable debug logging for this logger for a complete list of JARs that were scanned but no TLDs were found in them. Skipping unneeded JARs during scanning can improve startup time and JSP compilation time.
10-Feb-2026 12:25:33.603 INFO [main] org.apache.catalina.startup.HostConfig.deployDirectory Deployment of web application directory [/home/infoetu/baptiste.lavogiez.etu/BUT2/Semestre2/Webdev/tomcat/webapps/TP03-Partie2] has finished in [174] ms
10-Feb-2026 12:25:33.603 INFO [main] org.apache.catalina.startup.HostConfig.deployDirectory Deploying web application directory [/home/infoetu/baptiste.lavogiez.etu/BUT2/Semestre2/Webdev/tomcat/webapps/manager]
10-Feb-2026 12:25:33.770 INFO [main] org.apache.jasper.servlet.TldScanner.scanJars At least one JAR was scanned for TLDs yet contained no TLDs. Enable debug logging for this logger for a complete list of JARs that were scanned but no TLDs were found in them. Skipping unneeded JARs during scanning can improve startup time and JSP compilation time.
10-Feb-2026 12:25:33.773 INFO [main] org.apache.catalina.startup.HostConfig.deployDirectory Deployment of web application directory [/home/infoetu/baptiste.lavogiez.etu/BUT2/Semestre2/Webdev/tomcat/webapps/manager] has finished in [169] ms
10-Feb-2026 12:25:33.773 INFO [main] org.apache.catalina.startup.HostConfig.deployDirectory Deploying web application directory [/home/infoetu/baptiste.lavogiez.etu/BUT2/Semestre2/Webdev/tomcat/webapps/TP02]
10-Feb-2026 12:25:33.950 INFO [main] org.apache.jasper.servlet.TldScanner.scanJars At least one JAR was scanned for TLDs yet contained no TLDs. Enable debug logging for this logger for a complete list of JARs that were scanned but no TLDs were found in them. Skipping unneeded JARs during scanning can improve startup time and JSP compilation time.
10-Feb-2026 12:25:33.951 INFO [main] org.apache.catalina.startup.HostConfig.deployDirectory Deployment of web application directory [/home/infoetu/baptiste.lavogiez.etu/BUT2/Semestre2/Webdev/tomcat/webapps/TP02] has finished in [178] ms
10-Feb-2026 12:25:33.952 INFO [main] org.apache.catalina.startup.HostConfig.deployDirectory Deploying web application directory [/home/infoetu/baptiste.lavogiez.etu/BUT2/Semestre2/Webdev/tomcat/webapps/ctp1]
10-Feb-2026 12:25:34.140 INFO [main] org.apache.jasper.servlet.TldScanner.scanJars At least one JAR was scanned for TLDs yet contained no TLDs. Enable debug logging for this logger for a complete list of JARs that were scanned but no TLDs were found in them. Skipping unneeded JARs during scanning can improve startup time and JSP compilation time.
10-Feb-2026 12:25:34.142 INFO [main] org.apache.catalina.startup.HostConfig.deployDirectory Deployment of web application directory [/home/infoetu/baptiste.lavogiez.etu/BUT2/Semestre2/Webdev/tomcat/webapps/ctp1] has finished in [189] ms
10-Feb-2026 12:25:34.142 INFO [main] org.apache.catalina.startup.HostConfig.deployDirectory Deploying web application directory [/home/infoetu/baptiste.lavogiez.etu/BUT2/Semestre2/Webdev/tomcat/webapps/TP03]
10-Feb-2026 12:25:34.306 INFO [main] org.apache.jasper.servlet.TldScanner.scanJars At least one JAR was scanned for TLDs yet contained no TLDs. Enable debug logging for this logger for a complete list of JARs that were scanned but no TLDs were found in them. Skipping unneeded JARs during scanning can improve startup time and JSP compilation time.
10-Feb-2026 12:25:34.308 INFO [main] org.apache.catalina.startup.HostConfig.deployDirectory Deployment of web application directory [/home/infoetu/baptiste.lavogiez.etu/BUT2/Semestre2/Webdev/tomcat/webapps/TP03] has finished in [165] ms
10-Feb-2026 12:25:34.308 INFO [main] org.apache.catalina.startup.HostConfig.deployDirectory Deploying web application directory [/home/infoetu/baptiste.lavogiez.etu/BUT2/Semestre2/Webdev/tomcat/webapps/TP01]
10-Feb-2026 12:25:34.457 INFO [main] org.apache.jasper.servlet.TldScanner.scanJars At least one JAR was scanned for TLDs yet contained no TLDs. Enable debug logging for this logger for a complete list of JARs that were scanned but no TLDs were found in them. Skipping unneeded JARs during scanning can improve startup time and JSP compilation time.
10-Feb-2026 12:25:34.458 INFO [main] org.apache.catalina.startup.HostConfig.deployDirectory Deployment of web application directory [/home/infoetu/baptiste.lavogiez.etu/BUT2/Semestre2/Webdev/tomcat/webapps/TP01] has finished in [150] ms
10-Feb-2026 12:25:34.458 INFO [main] org.apache.catalina.startup.HostConfig.deployDirectory Deploying web application directory [/home/infoetu/baptiste.lavogiez.etu/BUT2/Semestre2/Webdev/tomcat/webapps/host-manager]
10-Feb-2026 12:25:34.606 INFO [main] org.apache.jasper.servlet.TldScanner.scanJars At least one JAR was scanned for TLDs yet contained no TLDs. Enable debug logging for this logger for a complete list of JARs that were scanned but no TLDs were found in them. Skipping unneeded JARs during scanning can improve startup time and JSP compilation time.
10-Feb-2026 12:25:34.607 INFO [main] org.apache.catalina.startup.HostConfig.deployDirectory Deployment of web application directory [/home/infoetu/baptiste.lavogiez.etu/BUT2/Semestre2/Webdev/tomcat/webapps/host-manager] has finished in [149] ms
10-Feb-2026 12:25:34.607 INFO [main] org.apache.catalina.startup.HostConfig.deployDirectory Deploying web application directory [/home/infoetu/baptiste.lavogiez.etu/BUT2/Semestre2/Webdev/tomcat/webapps/tp_chess]
10-Feb-2026 12:25:34.768 INFO [main] org.apache.jasper.servlet.TldScanner.scanJars At least one JAR was scanned for TLDs yet contained no TLDs. Enable debug logging for this logger for a complete list of JARs that were scanned but no TLDs were found in them. Skipping unneeded JARs during scanning can improve startup time and JSP compilation time.
10-Feb-2026 12:25:34.769 INFO [main] org.apache.catalina.startup.HostConfig.deployDirectory Deployment of web application directory [/home/infoetu/baptiste.lavogiez.etu/BUT2/Semestre2/Webdev/tomcat/webapps/tp_chess] has finished in [162] ms
10-Feb-2026 12:25:34.770 INFO [main] org.apache.catalina.startup.HostConfig.deployDirectory Deploying web application directory [/home/infoetu/baptiste.lavogiez.etu/BUT2/Semestre2/Webdev/tomcat/webapps/template]
10-Feb-2026 12:25:34.932 INFO [main] org.apache.jasper.servlet.TldScanner.scanJars At least one JAR was scanned for TLDs yet contained no TLDs. Enable debug logging for this logger for a complete list of JARs that were scanned but no TLDs were found in them. Skipping unneeded JARs during scanning can improve startup time and JSP compilation time.
10-Feb-2026 12:25:34.933 INFO [main] org.apache.catalina.startup.HostConfig.deployDirectory Deployment of web application directory [/home/infoetu/baptiste.lavogiez.etu/BUT2/Semestre2/Webdev/tomcat/webapps/template] has finished in [163] ms
10-Feb-2026 12:25:34.933 INFO [main] org.apache.catalina.startup.HostConfig.deployDirectory Deploying web application directory [/home/infoetu/baptiste.lavogiez.etu/BUT2/Semestre2/Webdev/tomcat/webapps/examples]
10-Feb-2026 12:25:35.293 INFO [main] org.apache.jasper.servlet.TldScanner.scanJars At least one JAR was scanned for TLDs yet contained no TLDs. Enable debug logging for this logger for a complete list of JARs that were scanned but no TLDs were found in them. Skipping unneeded JARs during scanning can improve startup time and JSP compilation time.
10-Feb-2026 12:25:35.307 INFO [main] org.apache.catalina.startup.HostConfig.deployDirectory Deployment of web application directory [/home/infoetu/baptiste.lavogiez.etu/BUT2/Semestre2/Webdev/tomcat/webapps/examples] has finished in [373] ms
10-Feb-2026 12:25:35.307 INFO [main] org.apache.catalina.startup.HostConfig.deployDirectory Deploying web application directory [/home/infoetu/baptiste.lavogiez.etu/BUT2/Semestre2/Webdev/tomcat/webapps/ctp]
10-Feb-2026 12:25:35.472 INFO [main] org.apache.jasper.servlet.TldScanner.scanJars At least one JAR was scanned for TLDs yet contained no TLDs. Enable debug logging for this logger for a complete list of JARs that were scanned but no TLDs were found in them. Skipping unneeded JARs during scanning can improve startup time and JSP compilation time.
10-Feb-2026 12:25:35.473 INFO [main] org.apache.catalina.startup.HostConfig.deployDirectory Deployment of web application directory [/home/infoetu/baptiste.lavogiez.etu/BUT2/Semestre2/Webdev/tomcat/webapps/ctp] has finished in [166] ms
10-Feb-2026 12:25:35.475 INFO [main] org.apache.coyote.AbstractProtocol.start Starting ProtocolHandler ["http-nio-8080"]
10-Feb-2026 12:25:35.491 INFO [main] org.apache.catalina.startup.Catalina.start Server startup in [3153] milliseconds
10-Feb-2026 12:27:55.325 INFO [Thread-1] org.apache.coyote.AbstractProtocol.pause Pausing ProtocolHandler ["http-nio-8080"]
10-Feb-2026 12:27:55.338 INFO [Thread-1] org.apache.catalina.core.StandardService.stopInternal Stopping service [Catalina]
10-Feb-2026 12:27:55.385 INFO [Thread-1] org.apache.coyote.AbstractProtocol.stop Stopping ProtocolHandler ["http-nio-8080"]
10-Feb-2026 12:27:55.391 INFO [Thread-1] org.apache.coyote.AbstractProtocol.destroy Destroying ProtocolHandler ["http-nio-8080"]
10-Feb-2026 12:28:00.679 INFO [main] org.apache.catalina.startup.VersionLoggerListener.log Server version name:   Apache Tomcat/11.0.13
10-Feb-2026 12:28:00.681 INFO [main] org.apache.catalina.startup.VersionLoggerListener.log Server built:          Oct 10 2025 13:57:31 UTC
10-Feb-2026 12:28:00.681 INFO [main] org.apache.catalina.startup.VersionLoggerListener.log Server version number: 11.0.13.0
10-Feb-2026 12:28:00.681 INFO [main] org.apache.catalina.startup.VersionLoggerListener.log OS Name:               Linux
10-Feb-2026 12:28:00.681 INFO [main] org.apache.catalina.startup.VersionLoggerListener.log OS Version:            6.1.0-40-amd64
10-Feb-2026 12:28:00.681 INFO [main] org.apache.catalina.startup.VersionLoggerListener.log Architecture:          amd64
10-Feb-2026 12:28:00.681 INFO [main] org.apache.catalina.startup.VersionLoggerListener.log Java Home:             /usr/lib/jvm/java-17-openjdk-amd64
10-Feb-2026 12:28:00.681 INFO [main] org.apache.catalina.startup.VersionLoggerListener.log JVM Version:           17.0.18+8-Debian-1deb12u1
10-Feb-2026 12:28:00.681 INFO [main] org.apache.catalina.startup.VersionLoggerListener.log JVM Vendor:            Debian
10-Feb-2026 12:28:00.681 INFO [main] org.apache.catalina.startup.VersionLoggerListener.log CATALINA_BASE:         /home/infoetu/baptiste.lavogiez.etu/BUT2/Semestre2/Webdev/tomcat
10-Feb-2026 12:28:00.681 INFO [main] org.apache.catalina.startup.VersionLoggerListener.log CATALINA_HOME:         /home/infoetu/baptiste.lavogiez.etu/BUT2/Semestre2/Webdev/tomcat
10-Feb-2026 12:28:00.685 INFO [main] org.apache.catalina.startup.VersionLoggerListener.log Command line argument: -Djava.util.logging.config.file=/home/infoetu/baptiste.lavogiez.etu/BUT2/Semestre2/Webdev/tomcat/conf/logging.properties
10-Feb-2026 12:28:00.685 INFO [main] org.apache.catalina.startup.VersionLoggerListener.log Command line argument: -Djava.util.logging.manager=org.apache.juli.ClassLoaderLogManager
10-Feb-2026 12:28:00.685 INFO [main] org.apache.catalina.startup.VersionLoggerListener.log Command line argument: -Djdk.tls.ephemeralDHKeySize=2048
10-Feb-2026 12:28:00.685 INFO [main] org.apache.catalina.startup.VersionLoggerListener.log Command line argument: -Dorg.apache.catalina.security.SecurityListener.UMASK=0027
10-Feb-2026 12:28:00.686 INFO [main] org.apache.catalina.startup.VersionLoggerListener.log Command line argument: --add-opens=java.base/java.lang=ALL-UNNAMED
10-Feb-2026 12:28:00.686 INFO [main] org.apache.catalina.startup.VersionLoggerListener.log Command line argument: --add-opens=java.base/java.lang.reflect=ALL-UNNAMED
10-Feb-2026 12:28:00.686 INFO [main] org.apache.catalina.startup.VersionLoggerListener.log Command line argument: --add-opens=java.base/java.io=ALL-UNNAMED
10-Feb-2026 12:28:00.686 INFO [main] org.apache.catalina.startup.VersionLoggerListener.log Command line argument: --add-opens=java.base/java.util=ALL-UNNAMED
10-Feb-2026 12:28:00.686 INFO [main] org.apache.catalina.startup.VersionLoggerListener.log Command line argument: --add-opens=java.base/java.util.concurrent=ALL-UNNAMED
10-Feb-2026 12:28:00.686 INFO [main] org.apache.catalina.startup.VersionLoggerListener.log Command line argument: --add-opens=java.rmi/sun.rmi.transport=ALL-UNNAMED
10-Feb-2026 12:28:00.686 INFO [main] org.apache.catalina.startup.VersionLoggerListener.log Command line argument: --enable-native-access=ALL-UNNAMED
10-Feb-2026 12:28:00.686 INFO [main] org.apache.catalina.startup.VersionLoggerListener.log Command line argument: -Dcatalina.base=/home/infoetu/baptiste.lavogiez.etu/BUT2/Semestre2/Webdev/tomcat
10-Feb-2026 12:28:00.686 INFO [main] org.apache.catalina.startup.VersionLoggerListener.log Command line argument: -Dcatalina.home=/home/infoetu/baptiste.lavogiez.etu/BUT2/Semestre2/Webdev/tomcat
10-Feb-2026 12:28:00.686 INFO [main] org.apache.catalina.startup.VersionLoggerListener.log Command line argument: -Djava.io.tmpdir=/home/infoetu/baptiste.lavogiez.etu/BUT2/Semestre2/Webdev/tomcat/temp
10-Feb-2026 12:28:00.687 INFO [main] org.apache.catalina.core.AprLifecycleListener.lifecycleEvent The Apache Tomcat Native library which allows using OpenSSL was not found on the java.library.path: [/usr/java/packages/lib:/usr/lib/x86_64-linux-gnu/jni:/lib/x86_64-linux-gnu:/usr/lib/x86_64-linux-gnu:/usr/lib/jni:/lib:/usr/lib]
10-Feb-2026 12:28:00.784 INFO [main] org.apache.coyote.AbstractProtocol.init Initializing ProtocolHandler ["http-nio-8080"]
10-Feb-2026 12:28:00.792 INFO [main] org.apache.catalina.startup.Catalina.load Server initialization in [183] milliseconds
10-Feb-2026 12:28:00.809 INFO [main] org.apache.catalina.core.StandardService.startInternal Starting service [Catalina]
10-Feb-2026 12:28:00.809 INFO [main] org.apache.catalina.core.StandardEngine.startInternal Starting Servlet engine: [Apache Tomcat/11.0.13]
10-Feb-2026 12:28:00.814 INFO [main] org.apache.catalina.startup.HostConfig.deployDirectory Deploying web application directory [/home/infoetu/baptiste.lavogiez.etu/BUT2/Semestre2/Webdev/tomcat/webapps/ctp-sample]
10-Feb-2026 12:28:01.132 INFO [main] org.apache.jasper.servlet.TldScanner.scanJars At least one JAR was scanned for TLDs yet contained no TLDs. Enable debug logging for this logger for a complete list of JARs that were scanned but no TLDs were found in them. Skipping unneeded JARs during scanning can improve startup time and JSP compilation time.
10-Feb-2026 12:28:01.146 INFO [main] org.apache.catalina.startup.HostConfig.deployDirectory Deployment of web application directory [/home/infoetu/baptiste.lavogiez.etu/BUT2/Semestre2/Webdev/tomcat/webapps/ctp-sample] has finished in [332] ms
10-Feb-2026 12:28:01.146 INFO [main] org.apache.catalina.startup.HostConfig.deployDirectory Deploying web application directory [/home/infoetu/baptiste.lavogiez.etu/BUT2/Semestre2/Webdev/tomcat/webapps/__MACOSX]
10-Feb-2026 12:28:01.298 INFO [main] org.apache.jasper.servlet.TldScanner.scanJars At least one JAR was scanned for TLDs yet contained no TLDs. Enable debug logging for this logger for a complete list of JARs that were scanned but no TLDs were found in them. Skipping unneeded JARs during scanning can improve startup time and JSP compilation time.
10-Feb-2026 12:28:01.299 INFO [main] org.apache.catalina.startup.HostConfig.deployDirectory Deployment of web application directory [/home/infoetu/baptiste.lavogiez.etu/BUT2/Semestre2/Webdev/tomcat/webapps/__MACOSX] has finished in [153] ms
10-Feb-2026 12:28:01.299 INFO [main] org.apache.catalina.startup.HostConfig.deployDirectory Deploying web application directory [/home/infoetu/baptiste.lavogiez.etu/BUT2/Semestre2/Webdev/tomcat/webapps/ROOT]
10-Feb-2026 12:28:01.453 INFO [main] org.apache.jasper.servlet.TldScanner.scanJars At least one JAR was scanned for TLDs yet contained no TLDs. Enable debug logging for this logger for a complete list of JARs that were scanned but no TLDs were found in them. Skipping unneeded JARs during scanning can improve startup time and JSP compilation time.
10-Feb-2026 12:28:01.454 INFO [main] org.apache.catalina.startup.HostConfig.deployDirectory Deployment of web application directory [/home/infoetu/baptiste.lavogiez.etu/BUT2/Semestre2/Webdev/tomcat/webapps/ROOT] has finished in [155] ms
10-Feb-2026 12:28:01.454 INFO [main] org.apache.catalina.startup.HostConfig.deployDirectory Deploying web application directory [/home/infoetu/baptiste.lavogiez.etu/BUT2/Semestre2/Webdev/tomcat/webapps/TP04]
10-Feb-2026 12:28:01.630 INFO [main] org.apache.jasper.servlet.TldScanner.scanJars At least one JAR was scanned for TLDs yet contained no TLDs. Enable debug logging for this logger for a complete list of JARs that were scanned but no TLDs were found in them. Skipping unneeded JARs during scanning can improve startup time and JSP compilation time.
10-Feb-2026 12:28:01.631 INFO [main] org.apache.catalina.startup.HostConfig.deployDirectory Deployment of web application directory [/home/infoetu/baptiste.lavogiez.etu/BUT2/Semestre2/Webdev/tomcat/webapps/TP04] has finished in [177] ms
10-Feb-2026 12:28:01.631 INFO [main] org.apache.catalina.startup.HostConfig.deployDirectory Deploying web application directory [/home/infoetu/baptiste.lavogiez.etu/BUT2/Semestre2/Webdev/tomcat/webapps/docs]
10-Feb-2026 12:28:01.783 INFO [main] org.apache.jasper.servlet.TldScanner.scanJars At least one JAR was scanned for TLDs yet contained no TLDs. Enable debug logging for this logger for a complete list of JARs that were scanned but no TLDs were found in them. Skipping unneeded JARs during scanning can improve startup time and JSP compilation time.
10-Feb-2026 12:28:01.783 INFO [main] org.apache.catalina.startup.HostConfig.deployDirectory Deployment of web application directory [/home/infoetu/baptiste.lavogiez.etu/BUT2/Semestre2/Webdev/tomcat/webapps/docs] has finished in [152] ms
10-Feb-2026 12:28:01.783 INFO [main] org.apache.catalina.startup.HostConfig.deployDirectory Deploying web application directory [/home/infoetu/baptiste.lavogiez.etu/BUT2/Semestre2/Webdev/tomcat/webapps/TP03-Partie2]
10-Feb-2026 12:28:01.936 INFO [main] org.apache.jasper.servlet.TldScanner.scanJars At least one JAR was scanned for TLDs yet contained no TLDs. Enable debug logging for this logger for a complete list of JARs that were scanned but no TLDs were found in them. Skipping unneeded JARs during scanning can improve startup time and JSP compilation time.
10-Feb-2026 12:28:01.937 INFO [main] org.apache.catalina.startup.HostConfig.deployDirectory Deployment of web application directory [/home/infoetu/baptiste.lavogiez.etu/BUT2/Semestre2/Webdev/tomcat/webapps/TP03-Partie2] has finished in [154] ms
10-Feb-2026 12:28:01.938 INFO [main] org.apache.catalina.startup.HostConfig.deployDirectory Deploying web application directory [/home/infoetu/baptiste.lavogiez.etu/BUT2/Semestre2/Webdev/tomcat/webapps/manager]
10-Feb-2026 12:28:02.083 INFO [main] org.apache.jasper.servlet.TldScanner.scanJars At least one JAR was scanned for TLDs yet contained no TLDs. Enable debug logging for this logger for a complete list of JARs that were scanned but no TLDs were found in them. Skipping unneeded JARs during scanning can improve startup time and JSP compilation time.
10-Feb-2026 12:28:02.086 INFO [main] org.apache.catalina.startup.HostConfig.deployDirectory Deployment of web application directory [/home/infoetu/baptiste.lavogiez.etu/BUT2/Semestre2/Webdev/tomcat/webapps/manager] has finished in [147] ms
10-Feb-2026 12:28:02.086 INFO [main] org.apache.catalina.startup.HostConfig.deployDirectory Deploying web application directory [/home/infoetu/baptiste.lavogiez.etu/BUT2/Semestre2/Webdev/tomcat/webapps/TP02]
10-Feb-2026 12:28:02.237 INFO [main] org.apache.jasper.servlet.TldScanner.scanJars At least one JAR was scanned for TLDs yet contained no TLDs. Enable debug logging for this logger for a complete list of JARs that were scanned but no TLDs were found in them. Skipping unneeded JARs during scanning can improve startup time and JSP compilation time.
10-Feb-2026 12:28:02.238 INFO [main] org.apache.catalina.startup.HostConfig.deployDirectory Deployment of web application directory [/home/infoetu/baptiste.lavogiez.etu/BUT2/Semestre2/Webdev/tomcat/webapps/TP02] has finished in [152] ms
10-Feb-2026 12:28:02.238 INFO [main] org.apache.catalina.startup.HostConfig.deployDirectory Deploying web application directory [/home/infoetu/baptiste.lavogiez.etu/BUT2/Semestre2/Webdev/tomcat/webapps/ctp1]
10-Feb-2026 12:28:02.398 INFO [main] org.apache.jasper.servlet.TldScanner.scanJars At least one JAR was scanned for TLDs yet contained no TLDs. Enable debug logging for this logger for a complete list of JARs that were scanned but no TLDs were found in them. Skipping unneeded JARs during scanning can improve startup time and JSP compilation time.
10-Feb-2026 12:28:02.399 INFO [main] org.apache.catalina.startup.HostConfig.deployDirectory Deployment of web application directory [/home/infoetu/baptiste.lavogiez.etu/BUT2/Semestre2/Webdev/tomcat/webapps/ctp1] has finished in [161] ms
10-Feb-2026 12:28:02.399 INFO [main] org.apache.catalina.startup.HostConfig.deployDirectory Deploying web application directory [/home/infoetu/baptiste.lavogiez.etu/BUT2/Semestre2/Webdev/tomcat/webapps/TP03]
10-Feb-2026 12:28:02.548 INFO [main] org.apache.jasper.servlet.TldScanner.scanJars At least one JAR was scanned for TLDs yet contained no TLDs. Enable debug logging for this logger for a complete list of JARs that were scanned but no TLDs were found in them. Skipping unneeded JARs during scanning can improve startup time and JSP compilation time.
10-Feb-2026 12:28:02.549 INFO [main] org.apache.catalina.startup.HostConfig.deployDirectory Deployment of web application directory [/home/infoetu/baptiste.lavogiez.etu/BUT2/Semestre2/Webdev/tomcat/webapps/TP03] has finished in [149] ms
10-Feb-2026 12:28:02.549 INFO [main] org.apache.catalina.startup.HostConfig.deployDirectory Deploying web application directory [/home/infoetu/baptiste.lavogiez.etu/BUT2/Semestre2/Webdev/tomcat/webapps/TP01]
10-Feb-2026 12:28:02.690 INFO [main] org.apache.jasper.servlet.TldScanner.scanJars At least one JAR was scanned for TLDs yet contained no TLDs. Enable debug logging for this logger for a complete list of JARs that were scanned but no TLDs were found in them. Skipping unneeded JARs during scanning can improve startup time and JSP compilation time.
10-Feb-2026 12:28:02.691 INFO [main] org.apache.catalina.startup.HostConfig.deployDirectory Deployment of web application directory [/home/infoetu/baptiste.lavogiez.etu/BUT2/Semestre2/Webdev/tomcat/webapps/TP01] has finished in [142] ms
10-Feb-2026 12:28:02.691 INFO [main] org.apache.catalina.startup.HostConfig.deployDirectory Deploying web application directory [/home/infoetu/baptiste.lavogiez.etu/BUT2/Semestre2/Webdev/tomcat/webapps/host-manager]
10-Feb-2026 12:28:02.833 INFO [main] org.apache.jasper.servlet.TldScanner.scanJars At least one JAR was scanned for TLDs yet contained no TLDs. Enable debug logging for this logger for a complete list of JARs that were scanned but no TLDs were found in them. Skipping unneeded JARs during scanning can improve startup time and JSP compilation time.
10-Feb-2026 12:28:02.833 INFO [main] org.apache.catalina.startup.HostConfig.deployDirectory Deployment of web application directory [/home/infoetu/baptiste.lavogiez.etu/BUT2/Semestre2/Webdev/tomcat/webapps/host-manager] has finished in [142] ms
10-Feb-2026 12:28:02.833 INFO [main] org.apache.catalina.startup.HostConfig.deployDirectory Deploying web application directory [/home/infoetu/baptiste.lavogiez.etu/BUT2/Semestre2/Webdev/tomcat/webapps/tp_chess]
10-Feb-2026 12:28:02.984 INFO [main] org.apache.jasper.servlet.TldScanner.scanJars At least one JAR was scanned for TLDs yet contained no TLDs. Enable debug logging for this logger for a complete list of JARs that were scanned but no TLDs were found in them. Skipping unneeded JARs during scanning can improve startup time and JSP compilation time.
10-Feb-2026 12:28:02.984 INFO [main] org.apache.catalina.startup.HostConfig.deployDirectory Deployment of web application directory [/home/infoetu/baptiste.lavogiez.etu/BUT2/Semestre2/Webdev/tomcat/webapps/tp_chess] has finished in [151] ms
10-Feb-2026 12:28:02.985 INFO [main] org.apache.catalina.startup.HostConfig.deployDirectory Deploying web application directory [/home/infoetu/baptiste.lavogiez.etu/BUT2/Semestre2/Webdev/tomcat/webapps/template]
10-Feb-2026 12:28:03.137 INFO [main] org.apache.jasper.servlet.TldScanner.scanJars At least one JAR was scanned for TLDs yet contained no TLDs. Enable debug logging for this logger for a complete list of JARs that were scanned but no TLDs were found in them. Skipping unneeded JARs during scanning can improve startup time and JSP compilation time.
10-Feb-2026 12:28:03.138 INFO [main] org.apache.catalina.startup.HostConfig.deployDirectory Deployment of web application directory [/home/infoetu/baptiste.lavogiez.etu/BUT2/Semestre2/Webdev/tomcat/webapps/template] has finished in [154] ms
10-Feb-2026 12:28:03.138 INFO [main] org.apache.catalina.startup.HostConfig.deployDirectory Deploying web application directory [/home/infoetu/baptiste.lavogiez.etu/BUT2/Semestre2/Webdev/tomcat/webapps/examples]
10-Feb-2026 12:28:03.456 INFO [main] org.apache.jasper.servlet.TldScanner.scanJars At least one JAR was scanned for TLDs yet contained no TLDs. Enable debug logging for this logger for a complete list of JARs that were scanned but no TLDs were found in them. Skipping unneeded JARs during scanning can improve startup time and JSP compilation time.
10-Feb-2026 12:28:03.468 INFO [main] org.apache.catalina.startup.HostConfig.deployDirectory Deployment of web application directory [/home/infoetu/baptiste.lavogiez.etu/BUT2/Semestre2/Webdev/tomcat/webapps/examples] has finished in [329] ms
10-Feb-2026 12:28:03.468 INFO [main] org.apache.catalina.startup.HostConfig.deployDirectory Deploying web application directory [/home/infoetu/baptiste.lavogiez.etu/BUT2/Semestre2/Webdev/tomcat/webapps/ctp]
10-Feb-2026 12:28:03.619 INFO [main] org.apache.jasper.servlet.TldScanner.scanJars At least one JAR was scanned for TLDs yet contained no TLDs. Enable debug logging for this logger for a complete list of JARs that were scanned but no TLDs were found in them. Skipping unneeded JARs during scanning can improve startup time and JSP compilation time.
10-Feb-2026 12:28:03.620 INFO [main] org.apache.catalina.startup.HostConfig.deployDirectory Deployment of web application directory [/home/infoetu/baptiste.lavogiez.etu/BUT2/Semestre2/Webdev/tomcat/webapps/ctp] has finished in [152] ms
10-Feb-2026 12:28:03.622 INFO [main] org.apache.coyote.AbstractProtocol.start Starting ProtocolHandler ["http-nio-8080"]
10-Feb-2026 12:28:03.627 INFO [main] org.apache.catalina.startup.Catalina.start Server startup in [2834] milliseconds
10-Feb-2026 12:29:30.525 INFO [Thread-1] org.apache.coyote.AbstractProtocol.pause Pausing ProtocolHandler ["http-nio-8080"]
10-Feb-2026 12:29:30.528 INFO [Thread-1] org.apache.catalina.core.StandardService.stopInternal Stopping service [Catalina]
10-Feb-2026 12:29:30.569 INFO [Thread-1] org.apache.coyote.AbstractProtocol.stop Stopping ProtocolHandler ["http-nio-8080"]
10-Feb-2026 12:29:30.582 INFO [Thread-1] org.apache.coyote.AbstractProtocol.destroy Destroying ProtocolHandler ["http-nio-8080"]
10-Feb-2026 12:29:31.835 INFO [main] org.apache.catalina.startup.VersionLoggerListener.log Server version name:   Apache Tomcat/11.0.13
10-Feb-2026 12:29:31.836 INFO [main] org.apache.catalina.startup.VersionLoggerListener.log Server built:          Oct 10 2025 13:57:31 UTC
10-Feb-2026 12:29:31.837 INFO [main] org.apache.catalina.startup.VersionLoggerListener.log Server version number: 11.0.13.0
10-Feb-2026 12:29:31.837 INFO [main] org.apache.catalina.startup.VersionLoggerListener.log OS Name:               Linux
10-Feb-2026 12:29:31.837 INFO [main] org.apache.catalina.startup.VersionLoggerListener.log OS Version:            6.1.0-40-amd64
10-Feb-2026 12:29:31.837 INFO [main] org.apache.catalina.startup.VersionLoggerListener.log Architecture:          amd64
10-Feb-2026 12:29:31.837 INFO [main] org.apache.catalina.startup.VersionLoggerListener.log Java Home:             /usr/lib/jvm/java-17-openjdk-amd64
10-Feb-2026 12:29:31.837 INFO [main] org.apache.catalina.startup.VersionLoggerListener.log JVM Version:           17.0.18+8-Debian-1deb12u1
10-Feb-2026 12:29:31.837 INFO [main] org.apache.catalina.startup.VersionLoggerListener.log JVM Vendor:            Debian
10-Feb-2026 12:29:31.837 INFO [main] org.apache.catalina.startup.VersionLoggerListener.log CATALINA_BASE:         /home/infoetu/baptiste.lavogiez.etu/BUT2/Semestre2/Webdev/tomcat
10-Feb-2026 12:29:31.837 INFO [main] org.apache.catalina.startup.VersionLoggerListener.log CATALINA_HOME:         /home/infoetu/baptiste.lavogiez.etu/BUT2/Semestre2/Webdev/tomcat
10-Feb-2026 12:29:31.841 INFO [main] org.apache.catalina.startup.VersionLoggerListener.log Command line argument: -Djava.util.logging.config.file=/home/infoetu/baptiste.lavogiez.etu/BUT2/Semestre2/Webdev/tomcat/conf/logging.properties
10-Feb-2026 12:29:31.841 INFO [main] org.apache.catalina.startup.VersionLoggerListener.log Command line argument: -Djava.util.logging.manager=org.apache.juli.ClassLoaderLogManager
10-Feb-2026 12:29:31.841 INFO [main] org.apache.catalina.startup.VersionLoggerListener.log Command line argument: -Djdk.tls.ephemeralDHKeySize=2048
10-Feb-2026 12:29:31.841 INFO [main] org.apache.catalina.startup.VersionLoggerListener.log Command line argument: -Dorg.apache.catalina.security.SecurityListener.UMASK=0027
10-Feb-2026 12:29:31.841 INFO [main] org.apache.catalina.startup.VersionLoggerListener.log Command line argument: --add-opens=java.base/java.lang=ALL-UNNAMED
10-Feb-2026 12:29:31.841 INFO [main] org.apache.catalina.startup.VersionLoggerListener.log Command line argument: --add-opens=java.base/java.lang.reflect=ALL-UNNAMED
10-Feb-2026 12:29:31.841 INFO [main] org.apache.catalina.startup.VersionLoggerListener.log Command line argument: --add-opens=java.base/java.io=ALL-UNNAMED
10-Feb-2026 12:29:31.841 INFO [main] org.apache.catalina.startup.VersionLoggerListener.log Command line argument: --add-opens=java.base/java.util=ALL-UNNAMED
10-Feb-2026 12:29:31.841 INFO [main] org.apache.catalina.startup.VersionLoggerListener.log Command line argument: --add-opens=java.base/java.util.concurrent=ALL-UNNAMED
10-Feb-2026 12:29:31.841 INFO [main] org.apache.catalina.startup.VersionLoggerListener.log Command line argument: --add-opens=java.rmi/sun.rmi.transport=ALL-UNNAMED
10-Feb-2026 12:29:31.841 INFO [main] org.apache.catalina.startup.VersionLoggerListener.log Command line argument: --enable-native-access=ALL-UNNAMED
10-Feb-2026 12:29:31.841 INFO [main] org.apache.catalina.startup.VersionLoggerListener.log Command line argument: -Dcatalina.base=/home/infoetu/baptiste.lavogiez.etu/BUT2/Semestre2/Webdev/tomcat
10-Feb-2026 12:29:31.842 INFO [main] org.apache.catalina.startup.VersionLoggerListener.log Command line argument: -Dcatalina.home=/home/infoetu/baptiste.lavogiez.etu/BUT2/Semestre2/Webdev/tomcat
10-Feb-2026 12:29:31.842 INFO [main] org.apache.catalina.startup.VersionLoggerListener.log Command line argument: -Djava.io.tmpdir=/home/infoetu/baptiste.lavogiez.etu/BUT2/Semestre2/Webdev/tomcat/temp
10-Feb-2026 12:29:31.842 INFO [main] org.apache.catalina.core.AprLifecycleListener.lifecycleEvent The Apache Tomcat Native library which allows using OpenSSL was not found on the java.library.path: [/usr/java/packages/lib:/usr/lib/x86_64-linux-gnu/jni:/lib/x86_64-linux-gnu:/usr/lib/x86_64-linux-gnu:/usr/lib/jni:/lib:/usr/lib]
10-Feb-2026 12:29:31.941 INFO [main] org.apache.coyote.AbstractProtocol.init Initializing ProtocolHandler ["http-nio-8080"]
10-Feb-2026 12:29:31.949 INFO [main] org.apache.catalina.startup.Catalina.load Server initialization in [185] milliseconds
10-Feb-2026 12:29:31.966 INFO [main] org.apache.catalina.core.StandardService.startInternal Starting service [Catalina]
10-Feb-2026 12:29:31.966 INFO [main] org.apache.catalina.core.StandardEngine.startInternal Starting Servlet engine: [Apache Tomcat/11.0.13]
10-Feb-2026 12:29:31.971 INFO [main] org.apache.catalina.startup.HostConfig.deployDirectory Deploying web application directory [/home/infoetu/baptiste.lavogiez.etu/BUT2/Semestre2/Webdev/tomcat/webapps/ctp-sample]
10-Feb-2026 12:29:32.312 INFO [main] org.apache.jasper.servlet.TldScanner.scanJars At least one JAR was scanned for TLDs yet contained no TLDs. Enable debug logging for this logger for a complete list of JARs that were scanned but no TLDs were found in them. Skipping unneeded JARs during scanning can improve startup time and JSP compilation time.
10-Feb-2026 12:29:32.327 INFO [main] org.apache.catalina.startup.HostConfig.deployDirectory Deployment of web application directory [/home/infoetu/baptiste.lavogiez.etu/BUT2/Semestre2/Webdev/tomcat/webapps/ctp-sample] has finished in [356] ms
10-Feb-2026 12:29:32.327 INFO [main] org.apache.catalina.startup.HostConfig.deployDirectory Deploying web application directory [/home/infoetu/baptiste.lavogiez.etu/BUT2/Semestre2/Webdev/tomcat/webapps/__MACOSX]
10-Feb-2026 12:29:32.477 INFO [main] org.apache.jasper.servlet.TldScanner.scanJars At least one JAR was scanned for TLDs yet contained no TLDs. Enable debug logging for this logger for a complete list of JARs that were scanned but no TLDs were found in them. Skipping unneeded JARs during scanning can improve startup time and JSP compilation time.
10-Feb-2026 12:29:32.478 INFO [main] org.apache.catalina.startup.HostConfig.deployDirectory Deployment of web application directory [/home/infoetu/baptiste.lavogiez.etu/BUT2/Semestre2/Webdev/tomcat/webapps/__MACOSX] has finished in [151] ms
10-Feb-2026 12:29:32.478 INFO [main] org.apache.catalina.startup.HostConfig.deployDirectory Deploying web application directory [/home/infoetu/baptiste.lavogiez.etu/BUT2/Semestre2/Webdev/tomcat/webapps/ROOT]
10-Feb-2026 12:29:32.629 INFO [main] org.apache.jasper.servlet.TldScanner.scanJars At least one JAR was scanned for TLDs yet contained no TLDs. Enable debug logging for this logger for a complete list of JARs that were scanned but no TLDs were found in them. Skipping unneeded JARs during scanning can improve startup time and JSP compilation time.
10-Feb-2026 12:29:32.630 INFO [main] org.apache.catalina.startup.HostConfig.deployDirectory Deployment of web application directory [/home/infoetu/baptiste.lavogiez.etu/BUT2/Semestre2/Webdev/tomcat/webapps/ROOT] has finished in [152] ms
10-Feb-2026 12:29:32.630 INFO [main] org.apache.catalina.startup.HostConfig.deployDirectory Deploying web application directory [/home/infoetu/baptiste.lavogiez.etu/BUT2/Semestre2/Webdev/tomcat/webapps/TP04]
10-Feb-2026 12:29:32.813 INFO [main] org.apache.jasper.servlet.TldScanner.scanJars At least one JAR was scanned for TLDs yet contained no TLDs. Enable debug logging for this logger for a complete list of JARs that were scanned but no TLDs were found in them. Skipping unneeded JARs during scanning can improve startup time and JSP compilation time.
10-Feb-2026 12:29:32.814 INFO [main] org.apache.catalina.startup.HostConfig.deployDirectory Deployment of web application directory [/home/infoetu/baptiste.lavogiez.etu/BUT2/Semestre2/Webdev/tomcat/webapps/TP04] has finished in [184] ms
10-Feb-2026 12:29:32.814 INFO [main] org.apache.catalina.startup.HostConfig.deployDirectory Deploying web application directory [/home/infoetu/baptiste.lavogiez.etu/BUT2/Semestre2/Webdev/tomcat/webapps/docs]
10-Feb-2026 12:29:32.965 INFO [main] org.apache.jasper.servlet.TldScanner.scanJars At least one JAR was scanned for TLDs yet contained no TLDs. Enable debug logging for this logger for a complete list of JARs that were scanned but no TLDs were found in them. Skipping unneeded JARs during scanning can improve startup time and JSP compilation time.
10-Feb-2026 12:29:32.966 INFO [main] org.apache.catalina.startup.HostConfig.deployDirectory Deployment of web application directory [/home/infoetu/baptiste.lavogiez.etu/BUT2/Semestre2/Webdev/tomcat/webapps/docs] has finished in [152] ms
10-Feb-2026 12:29:32.966 INFO [main] org.apache.catalina.startup.HostConfig.deployDirectory Deploying web application directory [/home/infoetu/baptiste.lavogiez.etu/BUT2/Semestre2/Webdev/tomcat/webapps/TP03-Partie2]
10-Feb-2026 12:29:33.121 INFO [main] org.apache.jasper.servlet.TldScanner.scanJars At least one JAR was scanned for TLDs yet contained no TLDs. Enable debug logging for this logger for a complete list of JARs that were scanned but no TLDs were found in them. Skipping unneeded JARs during scanning can improve startup time and JSP compilation time.
10-Feb-2026 12:29:33.122 INFO [main] org.apache.catalina.startup.HostConfig.deployDirectory Deployment of web application directory [/home/infoetu/baptiste.lavogiez.etu/BUT2/Semestre2/Webdev/tomcat/webapps/TP03-Partie2] has finished in [156] ms
10-Feb-2026 12:29:33.122 INFO [main] org.apache.catalina.startup.HostConfig.deployDirectory Deploying web application directory [/home/infoetu/baptiste.lavogiez.etu/BUT2/Semestre2/Webdev/tomcat/webapps/manager]
10-Feb-2026 12:29:33.268 INFO [main] org.apache.jasper.servlet.TldScanner.scanJars At least one JAR was scanned for TLDs yet contained no TLDs. Enable debug logging for this logger for a complete list of JARs that were scanned but no TLDs were found in them. Skipping unneeded JARs during scanning can improve startup time and JSP compilation time.
10-Feb-2026 12:29:33.271 INFO [main] org.apache.catalina.startup.HostConfig.deployDirectory Deployment of web application directory [/home/infoetu/baptiste.lavogiez.etu/BUT2/Semestre2/Webdev/tomcat/webapps/manager] has finished in [148] ms
10-Feb-2026 12:29:33.271 INFO [main] org.apache.catalina.startup.HostConfig.deployDirectory Deploying web application directory [/home/infoetu/baptiste.lavogiez.etu/BUT2/Semestre2/Webdev/tomcat/webapps/TP02]
10-Feb-2026 12:29:33.422 INFO [main] org.apache.jasper.servlet.TldScanner.scanJars At least one JAR was scanned for TLDs yet contained no TLDs. Enable debug logging for this logger for a complete list of JARs that were scanned but no TLDs were found in them. Skipping unneeded JARs during scanning can improve startup time and JSP compilation time.
10-Feb-2026 12:29:33.422 INFO [main] org.apache.catalina.startup.HostConfig.deployDirectory Deployment of web application directory [/home/infoetu/baptiste.lavogiez.etu/BUT2/Semestre2/Webdev/tomcat/webapps/TP02] has finished in [151] ms
10-Feb-2026 12:29:33.422 INFO [main] org.apache.catalina.startup.HostConfig.deployDirectory Deploying web application directory [/home/infoetu/baptiste.lavogiez.etu/BUT2/Semestre2/Webdev/tomcat/webapps/ctp1]
10-Feb-2026 12:29:33.581 INFO [main] org.apache.jasper.servlet.TldScanner.scanJars At least one JAR was scanned for TLDs yet contained no TLDs. Enable debug logging for this logger for a complete list of JARs that were scanned but no TLDs were found in them. Skipping unneeded JARs during scanning can improve startup time and JSP compilation time.
10-Feb-2026 12:29:33.582 INFO [main] org.apache.catalina.startup.HostConfig.deployDirectory Deployment of web application directory [/home/infoetu/baptiste.lavogiez.etu/BUT2/Semestre2/Webdev/tomcat/webapps/ctp1] has finished in [160] ms
10-Feb-2026 12:29:33.582 INFO [main] org.apache.catalina.startup.HostConfig.deployDirectory Deploying web application directory [/home/infoetu/baptiste.lavogiez.etu/BUT2/Semestre2/Webdev/tomcat/webapps/TP03]
10-Feb-2026 12:29:33.728 INFO [main] org.apache.jasper.servlet.TldScanner.scanJars At least one JAR was scanned for TLDs yet contained no TLDs. Enable debug logging for this logger for a complete list of JARs that were scanned but no TLDs were found in them. Skipping unneeded JARs during scanning can improve startup time and JSP compilation time.
10-Feb-2026 12:29:33.729 INFO [main] org.apache.catalina.startup.HostConfig.deployDirectory Deployment of web application directory [/home/infoetu/baptiste.lavogiez.etu/BUT2/Semestre2/Webdev/tomcat/webapps/TP03] has finished in [147] ms
10-Feb-2026 12:29:33.730 INFO [main] org.apache.catalina.startup.HostConfig.deployDirectory Deploying web application directory [/home/infoetu/baptiste.lavogiez.etu/BUT2/Semestre2/Webdev/tomcat/webapps/TP01]
10-Feb-2026 12:29:33.872 INFO [main] org.apache.jasper.servlet.TldScanner.scanJars At least one JAR was scanned for TLDs yet contained no TLDs. Enable debug logging for this logger for a complete list of JARs that were scanned but no TLDs were found in them. Skipping unneeded JARs during scanning can improve startup time and JSP compilation time.
10-Feb-2026 12:29:33.873 INFO [main] org.apache.catalina.startup.HostConfig.deployDirectory Deployment of web application directory [/home/infoetu/baptiste.lavogiez.etu/BUT2/Semestre2/Webdev/tomcat/webapps/TP01] has finished in [143] ms
10-Feb-2026 12:29:33.873 INFO [main] org.apache.catalina.startup.HostConfig.deployDirectory Deploying web application directory [/home/infoetu/baptiste.lavogiez.etu/BUT2/Semestre2/Webdev/tomcat/webapps/host-manager]
10-Feb-2026 12:29:34.016 INFO [main] org.apache.jasper.servlet.TldScanner.scanJars At least one JAR was scanned for TLDs yet contained no TLDs. Enable debug logging for this logger for a complete list of JARs that were scanned but no TLDs were found in them. Skipping unneeded JARs during scanning can improve startup time and JSP compilation time.
10-Feb-2026 12:29:34.017 INFO [main] org.apache.catalina.startup.HostConfig.deployDirectory Deployment of web application directory [/home/infoetu/baptiste.lavogiez.etu/BUT2/Semestre2/Webdev/tomcat/webapps/host-manager] has finished in [143] ms
10-Feb-2026 12:29:34.017 INFO [main] org.apache.catalina.startup.HostConfig.deployDirectory Deploying web application directory [/home/infoetu/baptiste.lavogiez.etu/BUT2/Semestre2/Webdev/tomcat/webapps/tp_chess]
10-Feb-2026 12:29:34.166 INFO [main] org.apache.jasper.servlet.TldScanner.scanJars At least one JAR was scanned for TLDs yet contained no TLDs. Enable debug logging for this logger for a complete list of JARs that were scanned but no TLDs were found in them. Skipping unneeded JARs during scanning can improve startup time and JSP compilation time.
10-Feb-2026 12:29:34.167 INFO [main] org.apache.catalina.startup.HostConfig.deployDirectory Deployment of web application directory [/home/infoetu/baptiste.lavogiez.etu/BUT2/Semestre2/Webdev/tomcat/webapps/tp_chess] has finished in [150] ms
10-Feb-2026 12:29:34.167 INFO [main] org.apache.catalina.startup.HostConfig.deployDirectory Deploying web application directory [/home/infoetu/baptiste.lavogiez.etu/BUT2/Semestre2/Webdev/tomcat/webapps/template]
10-Feb-2026 12:29:34.318 INFO [main] org.apache.jasper.servlet.TldScanner.scanJars At least one JAR was scanned for TLDs yet contained no TLDs. Enable debug logging for this logger for a complete list of JARs that were scanned but no TLDs were found in them. Skipping unneeded JARs during scanning can improve startup time and JSP compilation time.
10-Feb-2026 12:29:34.319 INFO [main] org.apache.catalina.startup.HostConfig.deployDirectory Deployment of web application directory [/home/infoetu/baptiste.lavogiez.etu/BUT2/Semestre2/Webdev/tomcat/webapps/template] has finished in [151] ms
10-Feb-2026 12:29:34.319 INFO [main] org.apache.catalina.startup.HostConfig.deployDirectory Deploying web application directory [/home/infoetu/baptiste.lavogiez.etu/BUT2/Semestre2/Webdev/tomcat/webapps/examples]
10-Feb-2026 12:29:34.629 INFO [main] org.apache.jasper.servlet.TldScanner.scanJars At least one JAR was scanned for TLDs yet contained no TLDs. Enable debug logging for this logger for a complete list of JARs that were scanned but no TLDs were found in them. Skipping unneeded JARs during scanning can improve startup time and JSP compilation time.
10-Feb-2026 12:29:34.641 INFO [main] org.apache.catalina.startup.HostConfig.deployDirectory Deployment of web application directory [/home/infoetu/baptiste.lavogiez.etu/BUT2/Semestre2/Webdev/tomcat/webapps/examples] has finished in [321] ms
10-Feb-2026 12:29:34.641 INFO [main] org.apache.catalina.startup.HostConfig.deployDirectory Deploying web application directory [/home/infoetu/baptiste.lavogiez.etu/BUT2/Semestre2/Webdev/tomcat/webapps/ctp]
10-Feb-2026 12:29:34.795 INFO [main] org.apache.jasper.servlet.TldScanner.scanJars At least one JAR was scanned for TLDs yet contained no TLDs. Enable debug logging for this logger for a complete list of JARs that were scanned but no TLDs were found in them. Skipping unneeded JARs during scanning can improve startup time and JSP compilation time.
10-Feb-2026 12:29:34.796 INFO [main] org.apache.catalina.startup.HostConfig.deployDirectory Deployment of web application directory [/home/infoetu/baptiste.lavogiez.etu/BUT2/Semestre2/Webdev/tomcat/webapps/ctp] has finished in [155] ms
10-Feb-2026 12:29:34.798 INFO [main] org.apache.coyote.AbstractProtocol.start Starting ProtocolHandler ["http-nio-8080"]
10-Feb-2026 12:29:34.803 INFO [main] org.apache.catalina.startup.Catalina.start Server startup in [2853] milliseconds
10-Feb-2026 12:30:25.172 INFO [Thread-1] org.apache.coyote.AbstractProtocol.pause Pausing ProtocolHandler ["http-nio-8080"]
10-Feb-2026 12:30:25.175 INFO [Thread-1] org.apache.catalina.core.StandardService.stopInternal Stopping service [Catalina]
10-Feb-2026 12:30:25.213 INFO [Thread-1] org.apache.coyote.AbstractProtocol.stop Stopping ProtocolHandler ["http-nio-8080"]
10-Feb-2026 12:30:25.218 INFO [Thread-1] org.apache.coyote.AbstractProtocol.destroy Destroying ProtocolHandler ["http-nio-8080"]
10-Feb-2026 12:30:26.041 INFO [main] org.apache.catalina.startup.VersionLoggerListener.log Server version name:   Apache Tomcat/11.0.13
10-Feb-2026 12:30:26.043 INFO [main] org.apache.catalina.startup.VersionLoggerListener.log Server built:          Oct 10 2025 13:57:31 UTC
10-Feb-2026 12:30:26.043 INFO [main] org.apache.catalina.startup.VersionLoggerListener.log Server version number: 11.0.13.0
10-Feb-2026 12:30:26.043 INFO [main] org.apache.catalina.startup.VersionLoggerListener.log OS Name:               Linux
10-Feb-2026 12:30:26.043 INFO [main] org.apache.catalina.startup.VersionLoggerListener.log OS Version:            6.1.0-40-amd64
10-Feb-2026 12:30:26.043 INFO [main] org.apache.catalina.startup.VersionLoggerListener.log Architecture:          amd64
10-Feb-2026 12:30:26.043 INFO [main] org.apache.catalina.startup.VersionLoggerListener.log Java Home:             /usr/lib/jvm/java-17-openjdk-amd64
10-Feb-2026 12:30:26.043 INFO [main] org.apache.catalina.startup.VersionLoggerListener.log JVM Version:           17.0.18+8-Debian-1deb12u1
10-Feb-2026 12:30:26.043 INFO [main] org.apache.catalina.startup.VersionLoggerListener.log JVM Vendor:            Debian
10-Feb-2026 12:30:26.043 INFO [main] org.apache.catalina.startup.VersionLoggerListener.log CATALINA_BASE:         /home/infoetu/baptiste.lavogiez.etu/BUT2/Semestre2/Webdev/tomcat
10-Feb-2026 12:30:26.043 INFO [main] org.apache.catalina.startup.VersionLoggerListener.log CATALINA_HOME:         /home/infoetu/baptiste.lavogiez.etu/BUT2/Semestre2/Webdev/tomcat
10-Feb-2026 12:30:26.048 INFO [main] org.apache.catalina.startup.VersionLoggerListener.log Command line argument: -Djava.util.logging.config.file=/home/infoetu/baptiste.lavogiez.etu/BUT2/Semestre2/Webdev/tomcat/conf/logging.properties
10-Feb-2026 12:30:26.048 INFO [main] org.apache.catalina.startup.VersionLoggerListener.log Command line argument: -Djava.util.logging.manager=org.apache.juli.ClassLoaderLogManager
10-Feb-2026 12:30:26.048 INFO [main] org.apache.catalina.startup.VersionLoggerListener.log Command line argument: -Djdk.tls.ephemeralDHKeySize=2048
10-Feb-2026 12:30:26.048 INFO [main] org.apache.catalina.startup.VersionLoggerListener.log Command line argument: -Dorg.apache.catalina.security.SecurityListener.UMASK=0027
10-Feb-2026 12:30:26.048 INFO [main] org.apache.catalina.startup.VersionLoggerListener.log Command line argument: --add-opens=java.base/java.lang=ALL-UNNAMED
10-Feb-2026 12:30:26.048 INFO [main] org.apache.catalina.startup.VersionLoggerListener.log Command line argument: --add-opens=java.base/java.lang.reflect=ALL-UNNAMED
10-Feb-2026 12:30:26.048 INFO [main] org.apache.catalina.startup.VersionLoggerListener.log Command line argument: --add-opens=java.base/java.io=ALL-UNNAMED
10-Feb-2026 12:30:26.048 INFO [main] org.apache.catalina.startup.VersionLoggerListener.log Command line argument: --add-opens=java.base/java.util=ALL-UNNAMED
10-Feb-2026 12:30:26.048 INFO [main] org.apache.catalina.startup.VersionLoggerListener.log Command line argument: --add-opens=java.base/java.util.concurrent=ALL-UNNAMED
10-Feb-2026 12:30:26.048 INFO [main] org.apache.catalina.startup.VersionLoggerListener.log Command line argument: --add-opens=java.rmi/sun.rmi.transport=ALL-UNNAMED
10-Feb-2026 12:30:26.048 INFO [main] org.apache.catalina.startup.VersionLoggerListener.log Command line argument: --enable-native-access=ALL-UNNAMED
10-Feb-2026 12:30:26.048 INFO [main] org.apache.catalina.startup.VersionLoggerListener.log Command line argument: -Dcatalina.base=/home/infoetu/baptiste.lavogiez.etu/BUT2/Semestre2/Webdev/tomcat
10-Feb-2026 12:30:26.048 INFO [main] org.apache.catalina.startup.VersionLoggerListener.log Command line argument: -Dcatalina.home=/home/infoetu/baptiste.lavogiez.etu/BUT2/Semestre2/Webdev/tomcat
10-Feb-2026 12:30:26.048 INFO [main] org.apache.catalina.startup.VersionLoggerListener.log Command line argument: -Djava.io.tmpdir=/home/infoetu/baptiste.lavogiez.etu/BUT2/Semestre2/Webdev/tomcat/temp
10-Feb-2026 12:30:26.049 INFO [main] org.apache.catalina.core.AprLifecycleListener.lifecycleEvent The Apache Tomcat Native library which allows using OpenSSL was not found on the java.library.path: [/usr/java/packages/lib:/usr/lib/x86_64-linux-gnu/jni:/lib/x86_64-linux-gnu:/usr/lib/x86_64-linux-gnu:/usr/lib/jni:/lib:/usr/lib]
10-Feb-2026 12:30:26.148 INFO [main] org.apache.coyote.AbstractProtocol.init Initializing ProtocolHandler ["http-nio-8080"]
10-Feb-2026 12:30:26.156 INFO [main] org.apache.catalina.startup.Catalina.load Server initialization in [184] milliseconds
10-Feb-2026 12:30:26.173 INFO [main] org.apache.catalina.core.StandardService.startInternal Starting service [Catalina]
10-Feb-2026 12:30:26.173 INFO [main] org.apache.catalina.core.StandardEngine.startInternal Starting Servlet engine: [Apache Tomcat/11.0.13]
10-Feb-2026 12:30:26.177 INFO [main] org.apache.catalina.startup.HostConfig.deployDirectory Deploying web application directory [/home/infoetu/baptiste.lavogiez.etu/BUT2/Semestre2/Webdev/tomcat/webapps/ctp-sample]
10-Feb-2026 12:30:26.485 INFO [main] org.apache.jasper.servlet.TldScanner.scanJars At least one JAR was scanned for TLDs yet contained no TLDs. Enable debug logging for this logger for a complete list of JARs that were scanned but no TLDs were found in them. Skipping unneeded JARs during scanning can improve startup time and JSP compilation time.
10-Feb-2026 12:30:26.502 INFO [main] org.apache.catalina.startup.HostConfig.deployDirectory Deployment of web application directory [/home/infoetu/baptiste.lavogiez.etu/BUT2/Semestre2/Webdev/tomcat/webapps/ctp-sample] has finished in [324] ms
10-Feb-2026 12:30:26.502 INFO [main] org.apache.catalina.startup.HostConfig.deployDirectory Deploying web application directory [/home/infoetu/baptiste.lavogiez.etu/BUT2/Semestre2/Webdev/tomcat/webapps/__MACOSX]
10-Feb-2026 12:30:26.650 INFO [main] org.apache.jasper.servlet.TldScanner.scanJars At least one JAR was scanned for TLDs yet contained no TLDs. Enable debug logging for this logger for a complete list of JARs that were scanned but no TLDs were found in them. Skipping unneeded JARs during scanning can improve startup time and JSP compilation time.
10-Feb-2026 12:30:26.651 INFO [main] org.apache.catalina.startup.HostConfig.deployDirectory Deployment of web application directory [/home/infoetu/baptiste.lavogiez.etu/BUT2/Semestre2/Webdev/tomcat/webapps/__MACOSX] has finished in [149] ms
10-Feb-2026 12:30:26.652 INFO [main] org.apache.catalina.startup.HostConfig.deployDirectory Deploying web application directory [/home/infoetu/baptiste.lavogiez.etu/BUT2/Semestre2/Webdev/tomcat/webapps/ROOT]
10-Feb-2026 12:30:26.801 INFO [main] org.apache.jasper.servlet.TldScanner.scanJars At least one JAR was scanned for TLDs yet contained no TLDs. Enable debug logging for this logger for a complete list of JARs that were scanned but no TLDs were found in them. Skipping unneeded JARs during scanning can improve startup time and JSP compilation time.
10-Feb-2026 12:30:26.802 INFO [main] org.apache.catalina.startup.HostConfig.deployDirectory Deployment of web application directory [/home/infoetu/baptiste.lavogiez.etu/BUT2/Semestre2/Webdev/tomcat/webapps/ROOT] has finished in [151] ms
10-Feb-2026 12:30:26.802 INFO [main] org.apache.catalina.startup.HostConfig.deployDirectory Deploying web application directory [/home/infoetu/baptiste.lavogiez.etu/BUT2/Semestre2/Webdev/tomcat/webapps/TP04]
10-Feb-2026 12:30:26.972 INFO [main] org.apache.jasper.servlet.TldScanner.scanJars At least one JAR was scanned for TLDs yet contained no TLDs. Enable debug logging for this logger for a complete list of JARs that were scanned but no TLDs were found in them. Skipping unneeded JARs during scanning can improve startup time and JSP compilation time.
10-Feb-2026 12:30:26.973 INFO [main] org.apache.catalina.startup.HostConfig.deployDirectory Deployment of web application directory [/home/infoetu/baptiste.lavogiez.etu/BUT2/Semestre2/Webdev/tomcat/webapps/TP04] has finished in [171] ms
10-Feb-2026 12:30:26.973 INFO [main] org.apache.catalina.startup.HostConfig.deployDirectory Deploying web application directory [/home/infoetu/baptiste.lavogiez.etu/BUT2/Semestre2/Webdev/tomcat/webapps/docs]
10-Feb-2026 12:30:27.121 INFO [main] org.apache.jasper.servlet.TldScanner.scanJars At least one JAR was scanned for TLDs yet contained no TLDs. Enable debug logging for this logger for a complete list of JARs that were scanned but no TLDs were found in them. Skipping unneeded JARs during scanning can improve startup time and JSP compilation time.
10-Feb-2026 12:30:27.122 INFO [main] org.apache.catalina.startup.HostConfig.deployDirectory Deployment of web application directory [/home/infoetu/baptiste.lavogiez.etu/BUT2/Semestre2/Webdev/tomcat/webapps/docs] has finished in [149] ms
10-Feb-2026 12:30:27.122 INFO [main] org.apache.catalina.startup.HostConfig.deployDirectory Deploying web application directory [/home/infoetu/baptiste.lavogiez.etu/BUT2/Semestre2/Webdev/tomcat/webapps/TP03-Partie2]
10-Feb-2026 12:30:27.275 INFO [main] org.apache.jasper.servlet.TldScanner.scanJars At least one JAR was scanned for TLDs yet contained no TLDs. Enable debug logging for this logger for a complete list of JARs that were scanned but no TLDs were found in them. Skipping unneeded JARs during scanning can improve startup time and JSP compilation time.
10-Feb-2026 12:30:27.276 INFO [main] org.apache.catalina.startup.HostConfig.deployDirectory Deployment of web application directory [/home/infoetu/baptiste.lavogiez.etu/BUT2/Semestre2/Webdev/tomcat/webapps/TP03-Partie2] has finished in [154] ms
10-Feb-2026 12:30:27.276 INFO [main] org.apache.catalina.startup.HostConfig.deployDirectory Deploying web application directory [/home/infoetu/baptiste.lavogiez.etu/BUT2/Semestre2/Webdev/tomcat/webapps/manager]
10-Feb-2026 12:30:27.421 INFO [main] org.apache.jasper.servlet.TldScanner.scanJars At least one JAR was scanned for TLDs yet contained no TLDs. Enable debug logging for this logger for a complete list of JARs that were scanned but no TLDs were found in them. Skipping unneeded JARs during scanning can improve startup time and JSP compilation time.
10-Feb-2026 12:30:27.423 INFO [main] org.apache.catalina.startup.HostConfig.deployDirectory Deployment of web application directory [/home/infoetu/baptiste.lavogiez.etu/BUT2/Semestre2/Webdev/tomcat/webapps/manager] has finished in [147] ms
10-Feb-2026 12:30:27.423 INFO [main] org.apache.catalina.startup.HostConfig.deployDirectory Deploying web application directory [/home/infoetu/baptiste.lavogiez.etu/BUT2/Semestre2/Webdev/tomcat/webapps/TP02]
10-Feb-2026 12:30:27.573 INFO [main] org.apache.jasper.servlet.TldScanner.scanJars At least one JAR was scanned for TLDs yet contained no TLDs. Enable debug logging for this logger for a complete list of JARs that were scanned but no TLDs were found in them. Skipping unneeded JARs during scanning can improve startup time and JSP compilation time.
10-Feb-2026 12:30:27.574 INFO [main] org.apache.catalina.startup.HostConfig.deployDirectory Deployment of web application directory [/home/infoetu/baptiste.lavogiez.etu/BUT2/Semestre2/Webdev/tomcat/webapps/TP02] has finished in [151] ms
10-Feb-2026 12:30:27.574 INFO [main] org.apache.catalina.startup.HostConfig.deployDirectory Deploying web application directory [/home/infoetu/baptiste.lavogiez.etu/BUT2/Semestre2/Webdev/tomcat/webapps/ctp1]
10-Feb-2026 12:30:27.732 INFO [main] org.apache.jasper.servlet.TldScanner.scanJars At least one JAR was scanned for TLDs yet contained no TLDs. Enable debug logging for this logger for a complete list of JARs that were scanned but no TLDs were found in them. Skipping unneeded JARs during scanning can improve startup time and JSP compilation time.
10-Feb-2026 12:30:27.733 INFO [main] org.apache.catalina.startup.HostConfig.deployDirectory Deployment of web application directory [/home/infoetu/baptiste.lavogiez.etu/BUT2/Semestre2/Webdev/tomcat/webapps/ctp1] has finished in [159] ms
10-Feb-2026 12:30:27.733 INFO [main] org.apache.catalina.startup.HostConfig.deployDirectory Deploying web application directory [/home/infoetu/baptiste.lavogiez.etu/BUT2/Semestre2/Webdev/tomcat/webapps/TP03]
10-Feb-2026 12:30:27.880 INFO [main] org.apache.jasper.servlet.TldScanner.scanJars At least one JAR was scanned for TLDs yet contained no TLDs. Enable debug logging for this logger for a complete list of JARs that were scanned but no TLDs were found in them. Skipping unneeded JARs during scanning can improve startup time and JSP compilation time.
10-Feb-2026 12:30:27.881 INFO [main] org.apache.catalina.startup.HostConfig.deployDirectory Deployment of web application directory [/home/infoetu/baptiste.lavogiez.etu/BUT2/Semestre2/Webdev/tomcat/webapps/TP03] has finished in [148] ms
10-Feb-2026 12:30:27.881 INFO [main] org.apache.catalina.startup.HostConfig.deployDirectory Deploying web application directory [/home/infoetu/baptiste.lavogiez.etu/BUT2/Semestre2/Webdev/tomcat/webapps/TP01]
10-Feb-2026 12:30:28.021 INFO [main] org.apache.jasper.servlet.TldScanner.scanJars At least one JAR was scanned for TLDs yet contained no TLDs. Enable debug logging for this logger for a complete list of JARs that were scanned but no TLDs were found in them. Skipping unneeded JARs during scanning can improve startup time and JSP compilation time.
10-Feb-2026 12:30:28.022 INFO [main] org.apache.catalina.startup.HostConfig.deployDirectory Deployment of web application directory [/home/infoetu/baptiste.lavogiez.etu/BUT2/Semestre2/Webdev/tomcat/webapps/TP01] has finished in [141] ms
10-Feb-2026 12:30:28.022 INFO [main] org.apache.catalina.startup.HostConfig.deployDirectory Deploying web application directory [/home/infoetu/baptiste.lavogiez.etu/BUT2/Semestre2/Webdev/tomcat/webapps/host-manager]
10-Feb-2026 12:30:28.164 INFO [main] org.apache.jasper.servlet.TldScanner.scanJars At least one JAR was scanned for TLDs yet contained no TLDs. Enable debug logging for this logger for a complete list of JARs that were scanned but no TLDs were found in them. Skipping unneeded JARs during scanning can improve startup time and JSP compilation time.
10-Feb-2026 12:30:28.165 INFO [main] org.apache.catalina.startup.HostConfig.deployDirectory Deployment of web application directory [/home/infoetu/baptiste.lavogiez.etu/BUT2/Semestre2/Webdev/tomcat/webapps/host-manager] has finished in [143] ms
10-Feb-2026 12:30:28.165 INFO [main] org.apache.catalina.startup.HostConfig.deployDirectory Deploying web application directory [/home/infoetu/baptiste.lavogiez.etu/BUT2/Semestre2/Webdev/tomcat/webapps/tp_chess]
10-Feb-2026 12:30:28.314 INFO [main] org.apache.jasper.servlet.TldScanner.scanJars At least one JAR was scanned for TLDs yet contained no TLDs. Enable debug logging for this logger for a complete list of JARs that were scanned but no TLDs were found in them. Skipping unneeded JARs during scanning can improve startup time and JSP compilation time.
10-Feb-2026 12:30:28.314 INFO [main] org.apache.catalina.startup.HostConfig.deployDirectory Deployment of web application directory [/home/infoetu/baptiste.lavogiez.etu/BUT2/Semestre2/Webdev/tomcat/webapps/tp_chess] has finished in [149] ms
10-Feb-2026 12:30:28.314 INFO [main] org.apache.catalina.startup.HostConfig.deployDirectory Deploying web application directory [/home/infoetu/baptiste.lavogiez.etu/BUT2/Semestre2/Webdev/tomcat/webapps/template]
10-Feb-2026 12:30:28.463 INFO [main] org.apache.jasper.servlet.TldScanner.scanJars At least one JAR was scanned for TLDs yet contained no TLDs. Enable debug logging for this logger for a complete list of JARs that were scanned but no TLDs were found in them. Skipping unneeded JARs during scanning can improve startup time and JSP compilation time.
10-Feb-2026 12:30:28.464 INFO [main] org.apache.catalina.startup.HostConfig.deployDirectory Deployment of web application directory [/home/infoetu/baptiste.lavogiez.etu/BUT2/Semestre2/Webdev/tomcat/webapps/template] has finished in [150] ms
10-Feb-2026 12:30:28.464 INFO [main] org.apache.catalina.startup.HostConfig.deployDirectory Deploying web application directory [/home/infoetu/baptiste.lavogiez.etu/BUT2/Semestre2/Webdev/tomcat/webapps/examples]
10-Feb-2026 12:30:28.758 INFO [main] org.apache.jasper.servlet.TldScanner.scanJars At least one JAR was scanned for TLDs yet contained no TLDs. Enable debug logging for this logger for a complete list of JARs that were scanned but no TLDs were found in them. Skipping unneeded JARs during scanning can improve startup time and JSP compilation time.
10-Feb-2026 12:30:28.769 INFO [main] org.apache.catalina.startup.HostConfig.deployDirectory Deployment of web application directory [/home/infoetu/baptiste.lavogiez.etu/BUT2/Semestre2/Webdev/tomcat/webapps/examples] has finished in [305] ms
10-Feb-2026 12:30:28.770 INFO [main] org.apache.catalina.startup.HostConfig.deployDirectory Deploying web application directory [/home/infoetu/baptiste.lavogiez.etu/BUT2/Semestre2/Webdev/tomcat/webapps/ctp]
10-Feb-2026 12:30:28.918 INFO [main] org.apache.jasper.servlet.TldScanner.scanJars At least one JAR was scanned for TLDs yet contained no TLDs. Enable debug logging for this logger for a complete list of JARs that were scanned but no TLDs were found in them. Skipping unneeded JARs during scanning can improve startup time and JSP compilation time.
10-Feb-2026 12:30:28.920 INFO [main] org.apache.catalina.startup.HostConfig.deployDirectory Deployment of web application directory [/home/infoetu/baptiste.lavogiez.etu/BUT2/Semestre2/Webdev/tomcat/webapps/ctp] has finished in [150] ms
10-Feb-2026 12:30:28.921 INFO [main] org.apache.coyote.AbstractProtocol.start Starting ProtocolHandler ["http-nio-8080"]
10-Feb-2026 12:30:28.926 INFO [main] org.apache.catalina.startup.Catalina.start Server startup in [2770] milliseconds
10-Feb-2026 12:32:27.846 INFO [Thread-1] org.apache.coyote.AbstractProtocol.pause Pausing ProtocolHandler ["http-nio-8080"]
10-Feb-2026 12:32:27.849 INFO [Thread-1] org.apache.catalina.core.StandardService.stopInternal Stopping service [Catalina]
10-Feb-2026 12:32:27.897 INFO [Thread-1] org.apache.coyote.AbstractProtocol.stop Stopping ProtocolHandler ["http-nio-8080"]
10-Feb-2026 12:32:27.902 INFO [Thread-1] org.apache.coyote.AbstractProtocol.destroy Destroying ProtocolHandler ["http-nio-8080"]
10-Feb-2026 12:32:28.947 INFO [main] org.apache.catalina.startup.VersionLoggerListener.log Server version name:   Apache Tomcat/11.0.13
10-Feb-2026 12:32:28.949 INFO [main] org.apache.catalina.startup.VersionLoggerListener.log Server built:          Oct 10 2025 13:57:31 UTC
10-Feb-2026 12:32:28.949 INFO [main] org.apache.catalina.startup.VersionLoggerListener.log Server version number: 11.0.13.0
10-Feb-2026 12:32:28.949 INFO [main] org.apache.catalina.startup.VersionLoggerListener.log OS Name:               Linux
10-Feb-2026 12:32:28.949 INFO [main] org.apache.catalina.startup.VersionLoggerListener.log OS Version:            6.1.0-40-amd64
10-Feb-2026 12:32:28.949 INFO [main] org.apache.catalina.startup.VersionLoggerListener.log Architecture:          amd64
10-Feb-2026 12:32:28.949 INFO [main] org.apache.catalina.startup.VersionLoggerListener.log Java Home:             /usr/lib/jvm/java-17-openjdk-amd64
10-Feb-2026 12:32:28.950 INFO [main] org.apache.catalina.startup.VersionLoggerListener.log JVM Version:           17.0.18+8-Debian-1deb12u1
10-Feb-2026 12:32:28.950 INFO [main] org.apache.catalina.startup.VersionLoggerListener.log JVM Vendor:            Debian
10-Feb-2026 12:32:28.950 INFO [main] org.apache.catalina.startup.VersionLoggerListener.log CATALINA_BASE:         /home/infoetu/baptiste.lavogiez.etu/BUT2/Semestre2/Webdev/tomcat
10-Feb-2026 12:32:28.950 INFO [main] org.apache.catalina.startup.VersionLoggerListener.log CATALINA_HOME:         /home/infoetu/baptiste.lavogiez.etu/BUT2/Semestre2/Webdev/tomcat
10-Feb-2026 12:32:28.953 INFO [main] org.apache.catalina.startup.VersionLoggerListener.log Command line argument: -Djava.util.logging.config.file=/home/infoetu/baptiste.lavogiez.etu/BUT2/Semestre2/Webdev/tomcat/conf/logging.properties
10-Feb-2026 12:32:28.954 INFO [main] org.apache.catalina.startup.VersionLoggerListener.log Command line argument: -Djava.util.logging.manager=org.apache.juli.ClassLoaderLogManager
10-Feb-2026 12:32:28.954 INFO [main] org.apache.catalina.startup.VersionLoggerListener.log Command line argument: -Djdk.tls.ephemeralDHKeySize=2048
10-Feb-2026 12:32:28.954 INFO [main] org.apache.catalina.startup.VersionLoggerListener.log Command line argument: -Dorg.apache.catalina.security.SecurityListener.UMASK=0027
10-Feb-2026 12:32:28.954 INFO [main] org.apache.catalina.startup.VersionLoggerListener.log Command line argument: --add-opens=java.base/java.lang=ALL-UNNAMED
10-Feb-2026 12:32:28.954 INFO [main] org.apache.catalina.startup.VersionLoggerListener.log Command line argument: --add-opens=java.base/java.lang.reflect=ALL-UNNAMED
10-Feb-2026 12:32:28.954 INFO [main] org.apache.catalina.startup.VersionLoggerListener.log Command line argument: --add-opens=java.base/java.io=ALL-UNNAMED
10-Feb-2026 12:32:28.954 INFO [main] org.apache.catalina.startup.VersionLoggerListener.log Command line argument: --add-opens=java.base/java.util=ALL-UNNAMED
10-Feb-2026 12:32:28.954 INFO [main] org.apache.catalina.startup.VersionLoggerListener.log Command line argument: --add-opens=java.base/java.util.concurrent=ALL-UNNAMED
10-Feb-2026 12:32:28.954 INFO [main] org.apache.catalina.startup.VersionLoggerListener.log Command line argument: --add-opens=java.rmi/sun.rmi.transport=ALL-UNNAMED
10-Feb-2026 12:32:28.954 INFO [main] org.apache.catalina.startup.VersionLoggerListener.log Command line argument: --enable-native-access=ALL-UNNAMED
10-Feb-2026 12:32:28.954 INFO [main] org.apache.catalina.startup.VersionLoggerListener.log Command line argument: -Dcatalina.base=/home/infoetu/baptiste.lavogiez.etu/BUT2/Semestre2/Webdev/tomcat
10-Feb-2026 12:32:28.954 INFO [main] org.apache.catalina.startup.VersionLoggerListener.log Command line argument: -Dcatalina.home=/home/infoetu/baptiste.lavogiez.etu/BUT2/Semestre2/Webdev/tomcat
10-Feb-2026 12:32:28.954 INFO [main] org.apache.catalina.startup.VersionLoggerListener.log Command line argument: -Djava.io.tmpdir=/home/infoetu/baptiste.lavogiez.etu/BUT2/Semestre2/Webdev/tomcat/temp
10-Feb-2026 12:32:28.955 INFO [main] org.apache.catalina.core.AprLifecycleListener.lifecycleEvent The Apache Tomcat Native library which allows using OpenSSL was not found on the java.library.path: [/usr/java/packages/lib:/usr/lib/x86_64-linux-gnu/jni:/lib/x86_64-linux-gnu:/usr/lib/x86_64-linux-gnu:/usr/lib/jni:/lib:/usr/lib]
10-Feb-2026 12:32:29.052 INFO [main] org.apache.coyote.AbstractProtocol.init Initializing ProtocolHandler ["http-nio-8080"]
10-Feb-2026 12:32:29.061 INFO [main] org.apache.catalina.startup.Catalina.load Server initialization in [182] milliseconds
10-Feb-2026 12:32:29.077 INFO [main] org.apache.catalina.core.StandardService.startInternal Starting service [Catalina]
10-Feb-2026 12:32:29.077 INFO [main] org.apache.catalina.core.StandardEngine.startInternal Starting Servlet engine: [Apache Tomcat/11.0.13]
10-Feb-2026 12:32:29.082 INFO [main] org.apache.catalina.startup.HostConfig.deployDirectory Deploying web application directory [/home/infoetu/baptiste.lavogiez.etu/BUT2/Semestre2/Webdev/tomcat/webapps/ctp-sample]
10-Feb-2026 12:32:29.396 INFO [main] org.apache.jasper.servlet.TldScanner.scanJars At least one JAR was scanned for TLDs yet contained no TLDs. Enable debug logging for this logger for a complete list of JARs that were scanned but no TLDs were found in them. Skipping unneeded JARs during scanning can improve startup time and JSP compilation time.
10-Feb-2026 12:32:29.410 INFO [main] org.apache.catalina.startup.HostConfig.deployDirectory Deployment of web application directory [/home/infoetu/baptiste.lavogiez.etu/BUT2/Semestre2/Webdev/tomcat/webapps/ctp-sample] has finished in [327] ms
10-Feb-2026 12:32:29.410 INFO [main] org.apache.catalina.startup.HostConfig.deployDirectory Deploying web application directory [/home/infoetu/baptiste.lavogiez.etu/BUT2/Semestre2/Webdev/tomcat/webapps/__MACOSX]
10-Feb-2026 12:32:29.559 INFO [main] org.apache.jasper.servlet.TldScanner.scanJars At least one JAR was scanned for TLDs yet contained no TLDs. Enable debug logging for this logger for a complete list of JARs that were scanned but no TLDs were found in them. Skipping unneeded JARs during scanning can improve startup time and JSP compilation time.
10-Feb-2026 12:32:29.560 INFO [main] org.apache.catalina.startup.HostConfig.deployDirectory Deployment of web application directory [/home/infoetu/baptiste.lavogiez.etu/BUT2/Semestre2/Webdev/tomcat/webapps/__MACOSX] has finished in [150] ms
10-Feb-2026 12:32:29.560 INFO [main] org.apache.catalina.startup.HostConfig.deployDirectory Deploying web application directory [/home/infoetu/baptiste.lavogiez.etu/BUT2/Semestre2/Webdev/tomcat/webapps/ROOT]
10-Feb-2026 12:32:29.713 INFO [main] org.apache.jasper.servlet.TldScanner.scanJars At least one JAR was scanned for TLDs yet contained no TLDs. Enable debug logging for this logger for a complete list of JARs that were scanned but no TLDs were found in them. Skipping unneeded JARs during scanning can improve startup time and JSP compilation time.
10-Feb-2026 12:32:29.715 INFO [main] org.apache.catalina.startup.HostConfig.deployDirectory Deployment of web application directory [/home/infoetu/baptiste.lavogiez.etu/BUT2/Semestre2/Webdev/tomcat/webapps/ROOT] has finished in [154] ms
10-Feb-2026 12:32:29.715 INFO [main] org.apache.catalina.startup.HostConfig.deployDirectory Deploying web application directory [/home/infoetu/baptiste.lavogiez.etu/BUT2/Semestre2/Webdev/tomcat/webapps/TP04]
10-Feb-2026 12:32:29.891 INFO [main] org.apache.jasper.servlet.TldScanner.scanJars At least one JAR was scanned for TLDs yet contained no TLDs. Enable debug logging for this logger for a complete list of JARs that were scanned but no TLDs were found in them. Skipping unneeded JARs during scanning can improve startup time and JSP compilation time.
10-Feb-2026 12:32:29.892 INFO [main] org.apache.catalina.startup.HostConfig.deployDirectory Deployment of web application directory [/home/infoetu/baptiste.lavogiez.etu/BUT2/Semestre2/Webdev/tomcat/webapps/TP04] has finished in [177] ms
10-Feb-2026 12:32:29.892 INFO [main] org.apache.catalina.startup.HostConfig.deployDirectory Deploying web application directory [/home/infoetu/baptiste.lavogiez.etu/BUT2/Semestre2/Webdev/tomcat/webapps/docs]
10-Feb-2026 12:32:30.040 INFO [main] org.apache.jasper.servlet.TldScanner.scanJars At least one JAR was scanned for TLDs yet contained no TLDs. Enable debug logging for this logger for a complete list of JARs that were scanned but no TLDs were found in them. Skipping unneeded JARs during scanning can improve startup time and JSP compilation time.
10-Feb-2026 12:32:30.041 INFO [main] org.apache.catalina.startup.HostConfig.deployDirectory Deployment of web application directory [/home/infoetu/baptiste.lavogiez.etu/BUT2/Semestre2/Webdev/tomcat/webapps/docs] has finished in [149] ms
10-Feb-2026 12:32:30.041 INFO [main] org.apache.catalina.startup.HostConfig.deployDirectory Deploying web application directory [/home/infoetu/baptiste.lavogiez.etu/BUT2/Semestre2/Webdev/tomcat/webapps/TP03-Partie2]
10-Feb-2026 12:32:30.195 INFO [main] org.apache.jasper.servlet.TldScanner.scanJars At least one JAR was scanned for TLDs yet contained no TLDs. Enable debug logging for this logger for a complete list of JARs that were scanned but no TLDs were found in them. Skipping unneeded JARs during scanning can improve startup time and JSP compilation time.
10-Feb-2026 12:32:30.196 INFO [main] org.apache.catalina.startup.HostConfig.deployDirectory Deployment of web application directory [/home/infoetu/baptiste.lavogiez.etu/BUT2/Semestre2/Webdev/tomcat/webapps/TP03-Partie2] has finished in [155] ms
10-Feb-2026 12:32:30.196 INFO [main] org.apache.catalina.startup.HostConfig.deployDirectory Deploying web application directory [/home/infoetu/baptiste.lavogiez.etu/BUT2/Semestre2/Webdev/tomcat/webapps/manager]
10-Feb-2026 12:32:30.343 INFO [main] org.apache.jasper.servlet.TldScanner.scanJars At least one JAR was scanned for TLDs yet contained no TLDs. Enable debug logging for this logger for a complete list of JARs that were scanned but no TLDs were found in them. Skipping unneeded JARs during scanning can improve startup time and JSP compilation time.
10-Feb-2026 12:32:30.345 INFO [main] org.apache.catalina.startup.HostConfig.deployDirectory Deployment of web application directory [/home/infoetu/baptiste.lavogiez.etu/BUT2/Semestre2/Webdev/tomcat/webapps/manager] has finished in [149] ms
10-Feb-2026 12:32:30.345 INFO [main] org.apache.catalina.startup.HostConfig.deployDirectory Deploying web application directory [/home/infoetu/baptiste.lavogiez.etu/BUT2/Semestre2/Webdev/tomcat/webapps/TP02]
10-Feb-2026 12:32:30.499 INFO [main] org.apache.jasper.servlet.TldScanner.scanJars At least one JAR was scanned for TLDs yet contained no TLDs. Enable debug logging for this logger for a complete list of JARs that were scanned but no TLDs were found in them. Skipping unneeded JARs during scanning can improve startup time and JSP compilation time.
10-Feb-2026 12:32:30.500 INFO [main] org.apache.catalina.startup.HostConfig.deployDirectory Deployment of web application directory [/home/infoetu/baptiste.lavogiez.etu/BUT2/Semestre2/Webdev/tomcat/webapps/TP02] has finished in [155] ms
10-Feb-2026 12:32:30.500 INFO [main] org.apache.catalina.startup.HostConfig.deployDirectory Deploying web application directory [/home/infoetu/baptiste.lavogiez.etu/BUT2/Semestre2/Webdev/tomcat/webapps/ctp1]
10-Feb-2026 12:32:30.663 INFO [main] org.apache.jasper.servlet.TldScanner.scanJars At least one JAR was scanned for TLDs yet contained no TLDs. Enable debug logging for this logger for a complete list of JARs that were scanned but no TLDs were found in them. Skipping unneeded JARs during scanning can improve startup time and JSP compilation time.
10-Feb-2026 12:32:30.664 INFO [main] org.apache.catalina.startup.HostConfig.deployDirectory Deployment of web application directory [/home/infoetu/baptiste.lavogiez.etu/BUT2/Semestre2/Webdev/tomcat/webapps/ctp1] has finished in [164] ms
10-Feb-2026 12:32:30.664 INFO [main] org.apache.catalina.startup.HostConfig.deployDirectory Deploying web application directory [/home/infoetu/baptiste.lavogiez.etu/BUT2/Semestre2/Webdev/tomcat/webapps/TP03]
10-Feb-2026 12:32:30.819 INFO [main] org.apache.jasper.servlet.TldScanner.scanJars At least one JAR was scanned for TLDs yet contained no TLDs. Enable debug logging for this logger for a complete list of JARs that were scanned but no TLDs were found in them. Skipping unneeded JARs during scanning can improve startup time and JSP compilation time.
10-Feb-2026 12:32:30.820 INFO [main] org.apache.catalina.startup.HostConfig.deployDirectory Deployment of web application directory [/home/infoetu/baptiste.lavogiez.etu/BUT2/Semestre2/Webdev/tomcat/webapps/TP03] has finished in [156] ms
10-Feb-2026 12:32:30.820 INFO [main] org.apache.catalina.startup.HostConfig.deployDirectory Deploying web application directory [/home/infoetu/baptiste.lavogiez.etu/BUT2/Semestre2/Webdev/tomcat/webapps/TP01]
10-Feb-2026 12:32:30.961 INFO [main] org.apache.jasper.servlet.TldScanner.scanJars At least one JAR was scanned for TLDs yet contained no TLDs. Enable debug logging for this logger for a complete list of JARs that were scanned but no TLDs were found in them. Skipping unneeded JARs during scanning can improve startup time and JSP compilation time.
10-Feb-2026 12:32:30.962 INFO [main] org.apache.catalina.startup.HostConfig.deployDirectory Deployment of web application directory [/home/infoetu/baptiste.lavogiez.etu/BUT2/Semestre2/Webdev/tomcat/webapps/TP01] has finished in [142] ms
10-Feb-2026 12:32:30.962 INFO [main] org.apache.catalina.startup.HostConfig.deployDirectory Deploying web application directory [/home/infoetu/baptiste.lavogiez.etu/BUT2/Semestre2/Webdev/tomcat/webapps/host-manager]
10-Feb-2026 12:32:31.108 INFO [main] org.apache.jasper.servlet.TldScanner.scanJars At least one JAR was scanned for TLDs yet contained no TLDs. Enable debug logging for this logger for a complete list of JARs that were scanned but no TLDs were found in them. Skipping unneeded JARs during scanning can improve startup time and JSP compilation time.
10-Feb-2026 12:32:31.109 INFO [main] org.apache.catalina.startup.HostConfig.deployDirectory Deployment of web application directory [/home/infoetu/baptiste.lavogiez.etu/BUT2/Semestre2/Webdev/tomcat/webapps/host-manager] has finished in [147] ms
10-Feb-2026 12:32:31.109 INFO [main] org.apache.catalina.startup.HostConfig.deployDirectory Deploying web application directory [/home/infoetu/baptiste.lavogiez.etu/BUT2/Semestre2/Webdev/tomcat/webapps/tp_chess]
10-Feb-2026 12:32:31.261 INFO [main] org.apache.jasper.servlet.TldScanner.scanJars At least one JAR was scanned for TLDs yet contained no TLDs. Enable debug logging for this logger for a complete list of JARs that were scanned but no TLDs were found in them. Skipping unneeded JARs during scanning can improve startup time and JSP compilation time.
10-Feb-2026 12:32:31.261 INFO [main] org.apache.catalina.startup.HostConfig.deployDirectory Deployment of web application directory [/home/infoetu/baptiste.lavogiez.etu/BUT2/Semestre2/Webdev/tomcat/webapps/tp_chess] has finished in [152] ms
10-Feb-2026 12:32:31.261 INFO [main] org.apache.catalina.startup.HostConfig.deployDirectory Deploying web application directory [/home/infoetu/baptiste.lavogiez.etu/BUT2/Semestre2/Webdev/tomcat/webapps/template]
10-Feb-2026 12:32:31.417 INFO [main] org.apache.jasper.servlet.TldScanner.scanJars At least one JAR was scanned for TLDs yet contained no TLDs. Enable debug logging for this logger for a complete list of JARs that were scanned but no TLDs were found in them. Skipping unneeded JARs during scanning can improve startup time and JSP compilation time.
10-Feb-2026 12:32:31.418 INFO [main] org.apache.catalina.startup.HostConfig.deployDirectory Deployment of web application directory [/home/infoetu/baptiste.lavogiez.etu/BUT2/Semestre2/Webdev/tomcat/webapps/template] has finished in [157] ms
10-Feb-2026 12:32:31.419 INFO [main] org.apache.catalina.startup.HostConfig.deployDirectory Deploying web application directory [/home/infoetu/baptiste.lavogiez.etu/BUT2/Semestre2/Webdev/tomcat/webapps/examples]
10-Feb-2026 12:32:31.728 INFO [main] org.apache.jasper.servlet.TldScanner.scanJars At least one JAR was scanned for TLDs yet contained no TLDs. Enable debug logging for this logger for a complete list of JARs that were scanned but no TLDs were found in them. Skipping unneeded JARs during scanning can improve startup time and JSP compilation time.
10-Feb-2026 12:32:31.739 INFO [main] org.apache.catalina.startup.HostConfig.deployDirectory Deployment of web application directory [/home/infoetu/baptiste.lavogiez.etu/BUT2/Semestre2/Webdev/tomcat/webapps/examples] has finished in [320] ms
10-Feb-2026 12:32:31.739 INFO [main] org.apache.catalina.startup.HostConfig.deployDirectory Deploying web application directory [/home/infoetu/baptiste.lavogiez.etu/BUT2/Semestre2/Webdev/tomcat/webapps/ctp]
10-Feb-2026 12:32:31.889 INFO [main] org.apache.jasper.servlet.TldScanner.scanJars At least one JAR was scanned for TLDs yet contained no TLDs. Enable debug logging for this logger for a complete list of JARs that were scanned but no TLDs were found in them. Skipping unneeded JARs during scanning can improve startup time and JSP compilation time.
10-Feb-2026 12:32:31.891 INFO [main] org.apache.catalina.startup.HostConfig.deployDirectory Deployment of web application directory [/home/infoetu/baptiste.lavogiez.etu/BUT2/Semestre2/Webdev/tomcat/webapps/ctp] has finished in [151] ms
10-Feb-2026 12:32:31.893 INFO [main] org.apache.coyote.AbstractProtocol.start Starting ProtocolHandler ["http-nio-8080"]
10-Feb-2026 12:32:31.897 INFO [main] org.apache.catalina.startup.Catalina.start Server startup in [2836] milliseconds
10-Feb-2026 12:33:30.455 INFO [Thread-1] org.apache.coyote.AbstractProtocol.pause Pausing ProtocolHandler ["http-nio-8080"]
10-Feb-2026 12:33:30.458 INFO [Thread-1] org.apache.catalina.core.StandardService.stopInternal Stopping service [Catalina]
10-Feb-2026 12:33:30.491 INFO [Thread-1] org.apache.coyote.AbstractProtocol.stop Stopping ProtocolHandler ["http-nio-8080"]
10-Feb-2026 12:33:30.502 INFO [Thread-1] org.apache.coyote.AbstractProtocol.destroy Destroying ProtocolHandler ["http-nio-8080"]
10-Feb-2026 12:33:31.407 INFO [main] org.apache.catalina.startup.VersionLoggerListener.log Server version name:   Apache Tomcat/11.0.13
10-Feb-2026 12:33:31.409 INFO [main] org.apache.catalina.startup.VersionLoggerListener.log Server built:          Oct 10 2025 13:57:31 UTC
10-Feb-2026 12:33:31.409 INFO [main] org.apache.catalina.startup.VersionLoggerListener.log Server version number: 11.0.13.0
10-Feb-2026 12:33:31.409 INFO [main] org.apache.catalina.startup.VersionLoggerListener.log OS Name:               Linux
10-Feb-2026 12:33:31.409 INFO [main] org.apache.catalina.startup.VersionLoggerListener.log OS Version:            6.1.0-40-amd64
10-Feb-2026 12:33:31.409 INFO [main] org.apache.catalina.startup.VersionLoggerListener.log Architecture:          amd64
10-Feb-2026 12:33:31.409 INFO [main] org.apache.catalina.startup.VersionLoggerListener.log Java Home:             /usr/lib/jvm/java-17-openjdk-amd64
10-Feb-2026 12:33:31.409 INFO [main] org.apache.catalina.startup.VersionLoggerListener.log JVM Version:           17.0.18+8-Debian-1deb12u1
10-Feb-2026 12:33:31.410 INFO [main] org.apache.catalina.startup.VersionLoggerListener.log JVM Vendor:            Debian
10-Feb-2026 12:33:31.410 INFO [main] org.apache.catalina.startup.VersionLoggerListener.log CATALINA_BASE:         /home/infoetu/baptiste.lavogiez.etu/BUT2/Semestre2/Webdev/tomcat
10-Feb-2026 12:33:31.410 INFO [main] org.apache.catalina.startup.VersionLoggerListener.log CATALINA_HOME:         /home/infoetu/baptiste.lavogiez.etu/BUT2/Semestre2/Webdev/tomcat
10-Feb-2026 12:33:31.414 INFO [main] org.apache.catalina.startup.VersionLoggerListener.log Command line argument: -Djava.util.logging.config.file=/home/infoetu/baptiste.lavogiez.etu/BUT2/Semestre2/Webdev/tomcat/conf/logging.properties
10-Feb-2026 12:33:31.414 INFO [main] org.apache.catalina.startup.VersionLoggerListener.log Command line argument: -Djava.util.logging.manager=org.apache.juli.ClassLoaderLogManager
10-Feb-2026 12:33:31.414 INFO [main] org.apache.catalina.startup.VersionLoggerListener.log Command line argument: -Djdk.tls.ephemeralDHKeySize=2048
10-Feb-2026 12:33:31.414 INFO [main] org.apache.catalina.startup.VersionLoggerListener.log Command line argument: -Dorg.apache.catalina.security.SecurityListener.UMASK=0027
10-Feb-2026 12:33:31.414 INFO [main] org.apache.catalina.startup.VersionLoggerListener.log Command line argument: --add-opens=java.base/java.lang=ALL-UNNAMED
10-Feb-2026 12:33:31.414 INFO [main] org.apache.catalina.startup.VersionLoggerListener.log Command line argument: --add-opens=java.base/java.lang.reflect=ALL-UNNAMED
10-Feb-2026 12:33:31.414 INFO [main] org.apache.catalina.startup.VersionLoggerListener.log Command line argument: --add-opens=java.base/java.io=ALL-UNNAMED
10-Feb-2026 12:33:31.414 INFO [main] org.apache.catalina.startup.VersionLoggerListener.log Command line argument: --add-opens=java.base/java.util=ALL-UNNAMED
10-Feb-2026 12:33:31.414 INFO [main] org.apache.catalina.startup.VersionLoggerListener.log Command line argument: --add-opens=java.base/java.util.concurrent=ALL-UNNAMED
10-Feb-2026 12:33:31.414 INFO [main] org.apache.catalina.startup.VersionLoggerListener.log Command line argument: --add-opens=java.rmi/sun.rmi.transport=ALL-UNNAMED
10-Feb-2026 12:33:31.414 INFO [main] org.apache.catalina.startup.VersionLoggerListener.log Command line argument: --enable-native-access=ALL-UNNAMED
10-Feb-2026 12:33:31.414 INFO [main] org.apache.catalina.startup.VersionLoggerListener.log Command line argument: -Dcatalina.base=/home/infoetu/baptiste.lavogiez.etu/BUT2/Semestre2/Webdev/tomcat
10-Feb-2026 12:33:31.414 INFO [main] org.apache.catalina.startup.VersionLoggerListener.log Command line argument: -Dcatalina.home=/home/infoetu/baptiste.lavogiez.etu/BUT2/Semestre2/Webdev/tomcat
10-Feb-2026 12:33:31.414 INFO [main] org.apache.catalina.startup.VersionLoggerListener.log Command line argument: -Djava.io.tmpdir=/home/infoetu/baptiste.lavogiez.etu/BUT2/Semestre2/Webdev/tomcat/temp
10-Feb-2026 12:33:31.415 INFO [main] org.apache.catalina.core.AprLifecycleListener.lifecycleEvent The Apache Tomcat Native library which allows using OpenSSL was not found on the java.library.path: [/usr/java/packages/lib:/usr/lib/x86_64-linux-gnu/jni:/lib/x86_64-linux-gnu:/usr/lib/x86_64-linux-gnu:/usr/lib/jni:/lib:/usr/lib]
10-Feb-2026 12:33:31.521 INFO [main] org.apache.coyote.AbstractProtocol.init Initializing ProtocolHandler ["http-nio-8080"]
10-Feb-2026 12:33:31.529 INFO [main] org.apache.catalina.startup.Catalina.load Server initialization in [196] milliseconds
10-Feb-2026 12:33:31.547 INFO [main] org.apache.catalina.core.StandardService.startInternal Starting service [Catalina]
10-Feb-2026 12:33:31.547 INFO [main] org.apache.catalina.core.StandardEngine.startInternal Starting Servlet engine: [Apache Tomcat/11.0.13]
10-Feb-2026 12:33:31.552 INFO [main] org.apache.catalina.startup.HostConfig.deployDirectory Deploying web application directory [/home/infoetu/baptiste.lavogiez.etu/BUT2/Semestre2/Webdev/tomcat/webapps/ctp-sample]
10-Feb-2026 12:33:31.884 INFO [main] org.apache.jasper.servlet.TldScanner.scanJars At least one JAR was scanned for TLDs yet contained no TLDs. Enable debug logging for this logger for a complete list of JARs that were scanned but no TLDs were found in them. Skipping unneeded JARs during scanning can improve startup time and JSP compilation time.
10-Feb-2026 12:33:31.899 INFO [main] org.apache.catalina.startup.HostConfig.deployDirectory Deployment of web application directory [/home/infoetu/baptiste.lavogiez.etu/BUT2/Semestre2/Webdev/tomcat/webapps/ctp-sample] has finished in [347] ms
10-Feb-2026 12:33:31.899 INFO [main] org.apache.catalina.startup.HostConfig.deployDirectory Deploying web application directory [/home/infoetu/baptiste.lavogiez.etu/BUT2/Semestre2/Webdev/tomcat/webapps/__MACOSX]
10-Feb-2026 12:33:32.050 INFO [main] org.apache.jasper.servlet.TldScanner.scanJars At least one JAR was scanned for TLDs yet contained no TLDs. Enable debug logging for this logger for a complete list of JARs that were scanned but no TLDs were found in them. Skipping unneeded JARs during scanning can improve startup time and JSP compilation time.
10-Feb-2026 12:33:32.051 INFO [main] org.apache.catalina.startup.HostConfig.deployDirectory Deployment of web application directory [/home/infoetu/baptiste.lavogiez.etu/BUT2/Semestre2/Webdev/tomcat/webapps/__MACOSX] has finished in [152] ms
10-Feb-2026 12:33:32.051 INFO [main] org.apache.catalina.startup.HostConfig.deployDirectory Deploying web application directory [/home/infoetu/baptiste.lavogiez.etu/BUT2/Semestre2/Webdev/tomcat/webapps/ROOT]
10-Feb-2026 12:33:32.204 INFO [main] org.apache.jasper.servlet.TldScanner.scanJars At least one JAR was scanned for TLDs yet contained no TLDs. Enable debug logging for this logger for a complete list of JARs that were scanned but no TLDs were found in them. Skipping unneeded JARs during scanning can improve startup time and JSP compilation time.
10-Feb-2026 12:33:32.205 INFO [main] org.apache.catalina.startup.HostConfig.deployDirectory Deployment of web application directory [/home/infoetu/baptiste.lavogiez.etu/BUT2/Semestre2/Webdev/tomcat/webapps/ROOT] has finished in [154] ms
10-Feb-2026 12:33:32.205 INFO [main] org.apache.catalina.startup.HostConfig.deployDirectory Deploying web application directory [/home/infoetu/baptiste.lavogiez.etu/BUT2/Semestre2/Webdev/tomcat/webapps/TP04]
10-Feb-2026 12:33:32.379 INFO [main] org.apache.jasper.servlet.TldScanner.scanJars At least one JAR was scanned for TLDs yet contained no TLDs. Enable debug logging for this logger for a complete list of JARs that were scanned but no TLDs were found in them. Skipping unneeded JARs during scanning can improve startup time and JSP compilation time.
10-Feb-2026 12:33:32.381 INFO [main] org.apache.catalina.startup.HostConfig.deployDirectory Deployment of web application directory [/home/infoetu/baptiste.lavogiez.etu/BUT2/Semestre2/Webdev/tomcat/webapps/TP04] has finished in [175] ms
10-Feb-2026 12:33:32.381 INFO [main] org.apache.catalina.startup.HostConfig.deployDirectory Deploying web application directory [/home/infoetu/baptiste.lavogiez.etu/BUT2/Semestre2/Webdev/tomcat/webapps/docs]
10-Feb-2026 12:33:32.531 INFO [main] org.apache.jasper.servlet.TldScanner.scanJars At least one JAR was scanned for TLDs yet contained no TLDs. Enable debug logging for this logger for a complete list of JARs that were scanned but no TLDs were found in them. Skipping unneeded JARs during scanning can improve startup time and JSP compilation time.
10-Feb-2026 12:33:32.531 INFO [main] org.apache.catalina.startup.HostConfig.deployDirectory Deployment of web application directory [/home/infoetu/baptiste.lavogiez.etu/BUT2/Semestre2/Webdev/tomcat/webapps/docs] has finished in [150] ms
10-Feb-2026 12:33:32.532 INFO [main] org.apache.catalina.startup.HostConfig.deployDirectory Deploying web application directory [/home/infoetu/baptiste.lavogiez.etu/BUT2/Semestre2/Webdev/tomcat/webapps/TP03-Partie2]
10-Feb-2026 12:33:32.689 INFO [main] org.apache.jasper.servlet.TldScanner.scanJars At least one JAR was scanned for TLDs yet contained no TLDs. Enable debug logging for this logger for a complete list of JARs that were scanned but no TLDs were found in them. Skipping unneeded JARs during scanning can improve startup time and JSP compilation time.
10-Feb-2026 12:33:32.690 INFO [main] org.apache.catalina.startup.HostConfig.deployDirectory Deployment of web application directory [/home/infoetu/baptiste.lavogiez.etu/BUT2/Semestre2/Webdev/tomcat/webapps/TP03-Partie2] has finished in [158] ms
10-Feb-2026 12:33:32.691 INFO [main] org.apache.catalina.startup.HostConfig.deployDirectory Deploying web application directory [/home/infoetu/baptiste.lavogiez.etu/BUT2/Semestre2/Webdev/tomcat/webapps/manager]
10-Feb-2026 12:33:32.836 INFO [main] org.apache.jasper.servlet.TldScanner.scanJars At least one JAR was scanned for TLDs yet contained no TLDs. Enable debug logging for this logger for a complete list of JARs that were scanned but no TLDs were found in them. Skipping unneeded JARs during scanning can improve startup time and JSP compilation time.
10-Feb-2026 12:33:32.838 INFO [main] org.apache.catalina.startup.HostConfig.deployDirectory Deployment of web application directory [/home/infoetu/baptiste.lavogiez.etu/BUT2/Semestre2/Webdev/tomcat/webapps/manager] has finished in [147] ms
10-Feb-2026 12:33:32.838 INFO [main] org.apache.catalina.startup.HostConfig.deployDirectory Deploying web application directory [/home/infoetu/baptiste.lavogiez.etu/BUT2/Semestre2/Webdev/tomcat/webapps/TP02]
10-Feb-2026 12:33:32.989 INFO [main] org.apache.jasper.servlet.TldScanner.scanJars At least one JAR was scanned for TLDs yet contained no TLDs. Enable debug logging for this logger for a complete list of JARs that were scanned but no TLDs were found in them. Skipping unneeded JARs during scanning can improve startup time and JSP compilation time.
10-Feb-2026 12:33:32.990 INFO [main] org.apache.catalina.startup.HostConfig.deployDirectory Deployment of web application directory [/home/infoetu/baptiste.lavogiez.etu/BUT2/Semestre2/Webdev/tomcat/webapps/TP02] has finished in [152] ms
10-Feb-2026 12:33:32.990 INFO [main] org.apache.catalina.startup.HostConfig.deployDirectory Deploying web application directory [/home/infoetu/baptiste.lavogiez.etu/BUT2/Semestre2/Webdev/tomcat/webapps/ctp1]
10-Feb-2026 12:33:33.155 INFO [main] org.apache.jasper.servlet.TldScanner.scanJars At least one JAR was scanned for TLDs yet contained no TLDs. Enable debug logging for this logger for a complete list of JARs that were scanned but no TLDs were found in them. Skipping unneeded JARs during scanning can improve startup time and JSP compilation time.
10-Feb-2026 12:33:33.156 INFO [main] org.apache.catalina.startup.HostConfig.deployDirectory Deployment of web application directory [/home/infoetu/baptiste.lavogiez.etu/BUT2/Semestre2/Webdev/tomcat/webapps/ctp1] has finished in [166] ms
10-Feb-2026 12:33:33.156 INFO [main] org.apache.catalina.startup.HostConfig.deployDirectory Deploying web application directory [/home/infoetu/baptiste.lavogiez.etu/BUT2/Semestre2/Webdev/tomcat/webapps/TP03]
10-Feb-2026 12:33:33.313 INFO [main] org.apache.jasper.servlet.TldScanner.scanJars At least one JAR was scanned for TLDs yet contained no TLDs. Enable debug logging for this logger for a complete list of JARs that were scanned but no TLDs were found in them. Skipping unneeded JARs during scanning can improve startup time and JSP compilation time.
10-Feb-2026 12:33:33.313 INFO [main] org.apache.catalina.startup.HostConfig.deployDirectory Deployment of web application directory [/home/infoetu/baptiste.lavogiez.etu/BUT2/Semestre2/Webdev/tomcat/webapps/TP03] has finished in [157] ms
10-Feb-2026 12:33:33.314 INFO [main] org.apache.catalina.startup.HostConfig.deployDirectory Deploying web application directory [/home/infoetu/baptiste.lavogiez.etu/BUT2/Semestre2/Webdev/tomcat/webapps/TP01]
10-Feb-2026 12:33:33.458 INFO [main] org.apache.jasper.servlet.TldScanner.scanJars At least one JAR was scanned for TLDs yet contained no TLDs. Enable debug logging for this logger for a complete list of JARs that were scanned but no TLDs were found in them. Skipping unneeded JARs during scanning can improve startup time and JSP compilation time.
10-Feb-2026 12:33:33.458 INFO [main] org.apache.catalina.startup.HostConfig.deployDirectory Deployment of web application directory [/home/infoetu/baptiste.lavogiez.etu/BUT2/Semestre2/Webdev/tomcat/webapps/TP01] has finished in [144] ms
10-Feb-2026 12:33:33.459 INFO [main] org.apache.catalina.startup.HostConfig.deployDirectory Deploying web application directory [/home/infoetu/baptiste.lavogiez.etu/BUT2/Semestre2/Webdev/tomcat/webapps/host-manager]
10-Feb-2026 12:33:33.603 INFO [main] org.apache.jasper.servlet.TldScanner.scanJars At least one JAR was scanned for TLDs yet contained no TLDs. Enable debug logging for this logger for a complete list of JARs that were scanned but no TLDs were found in them. Skipping unneeded JARs during scanning can improve startup time and JSP compilation time.
10-Feb-2026 12:33:33.604 INFO [main] org.apache.catalina.startup.HostConfig.deployDirectory Deployment of web application directory [/home/infoetu/baptiste.lavogiez.etu/BUT2/Semestre2/Webdev/tomcat/webapps/host-manager] has finished in [146] ms
10-Feb-2026 12:33:33.604 INFO [main] org.apache.catalina.startup.HostConfig.deployDirectory Deploying web application directory [/home/infoetu/baptiste.lavogiez.etu/BUT2/Semestre2/Webdev/tomcat/webapps/tp_chess]
10-Feb-2026 12:33:33.757 INFO [main] org.apache.jasper.servlet.TldScanner.scanJars At least one JAR was scanned for TLDs yet contained no TLDs. Enable debug logging for this logger for a complete list of JARs that were scanned but no TLDs were found in them. Skipping unneeded JARs during scanning can improve startup time and JSP compilation time.
10-Feb-2026 12:33:33.757 INFO [main] org.apache.catalina.startup.HostConfig.deployDirectory Deployment of web application directory [/home/infoetu/baptiste.lavogiez.etu/BUT2/Semestre2/Webdev/tomcat/webapps/tp_chess] has finished in [153] ms
10-Feb-2026 12:33:33.757 INFO [main] org.apache.catalina.startup.HostConfig.deployDirectory Deploying web application directory [/home/infoetu/baptiste.lavogiez.etu/BUT2/Semestre2/Webdev/tomcat/webapps/template]
10-Feb-2026 12:33:33.909 INFO [main] org.apache.jasper.servlet.TldScanner.scanJars At least one JAR was scanned for TLDs yet contained no TLDs. Enable debug logging for this logger for a complete list of JARs that were scanned but no TLDs were found in them. Skipping unneeded JARs during scanning can improve startup time and JSP compilation time.
10-Feb-2026 12:33:33.910 INFO [main] org.apache.catalina.startup.HostConfig.deployDirectory Deployment of web application directory [/home/infoetu/baptiste.lavogiez.etu/BUT2/Semestre2/Webdev/tomcat/webapps/template] has finished in [152] ms
10-Feb-2026 12:33:33.910 INFO [main] org.apache.catalina.startup.HostConfig.deployDirectory Deploying web application directory [/home/infoetu/baptiste.lavogiez.etu/BUT2/Semestre2/Webdev/tomcat/webapps/examples]
10-Feb-2026 12:33:34.220 INFO [main] org.apache.jasper.servlet.TldScanner.scanJars At least one JAR was scanned for TLDs yet contained no TLDs. Enable debug logging for this logger for a complete list of JARs that were scanned but no TLDs were found in them. Skipping unneeded JARs during scanning can improve startup time and JSP compilation time.
10-Feb-2026 12:33:34.233 INFO [main] org.apache.catalina.startup.HostConfig.deployDirectory Deployment of web application directory [/home/infoetu/baptiste.lavogiez.etu/BUT2/Semestre2/Webdev/tomcat/webapps/examples] has finished in [322] ms
10-Feb-2026 12:33:34.233 INFO [main] org.apache.catalina.startup.HostConfig.deployDirectory Deploying web application directory [/home/infoetu/baptiste.lavogiez.etu/BUT2/Semestre2/Webdev/tomcat/webapps/ctp]
10-Feb-2026 12:33:34.386 INFO [main] org.apache.jasper.servlet.TldScanner.scanJars At least one JAR was scanned for TLDs yet contained no TLDs. Enable debug logging for this logger for a complete list of JARs that were scanned but no TLDs were found in them. Skipping unneeded JARs during scanning can improve startup time and JSP compilation time.
10-Feb-2026 12:33:34.388 INFO [main] org.apache.catalina.startup.HostConfig.deployDirectory Deployment of web application directory [/home/infoetu/baptiste.lavogiez.etu/BUT2/Semestre2/Webdev/tomcat/webapps/ctp] has finished in [154] ms
10-Feb-2026 12:33:34.389 INFO [main] org.apache.coyote.AbstractProtocol.start Starting ProtocolHandler ["http-nio-8080"]
10-Feb-2026 12:33:34.395 INFO [main] org.apache.catalina.startup.Catalina.start Server startup in [2865] milliseconds
10-Feb-2026 12:34:20.240 INFO [Thread-1] org.apache.coyote.AbstractProtocol.pause Pausing ProtocolHandler ["http-nio-8080"]
10-Feb-2026 12:34:20.244 INFO [Thread-1] org.apache.catalina.core.StandardService.stopInternal Stopping service [Catalina]
10-Feb-2026 12:34:20.273 INFO [Thread-1] org.apache.coyote.AbstractProtocol.stop Stopping ProtocolHandler ["http-nio-8080"]
10-Feb-2026 12:34:20.278 INFO [Thread-1] org.apache.coyote.AbstractProtocol.destroy Destroying ProtocolHandler ["http-nio-8080"]
10-Feb-2026 12:34:21.071 INFO [main] org.apache.catalina.startup.VersionLoggerListener.log Server version name:   Apache Tomcat/11.0.13
10-Feb-2026 12:34:21.073 INFO [main] org.apache.catalina.startup.VersionLoggerListener.log Server built:          Oct 10 2025 13:57:31 UTC
10-Feb-2026 12:34:21.073 INFO [main] org.apache.catalina.startup.VersionLoggerListener.log Server version number: 11.0.13.0
10-Feb-2026 12:34:21.073 INFO [main] org.apache.catalina.startup.VersionLoggerListener.log OS Name:               Linux
10-Feb-2026 12:34:21.073 INFO [main] org.apache.catalina.startup.VersionLoggerListener.log OS Version:            6.1.0-40-amd64
10-Feb-2026 12:34:21.073 INFO [main] org.apache.catalina.startup.VersionLoggerListener.log Architecture:          amd64
10-Feb-2026 12:34:21.073 INFO [main] org.apache.catalina.startup.VersionLoggerListener.log Java Home:             /usr/lib/jvm/java-17-openjdk-amd64
10-Feb-2026 12:34:21.073 INFO [main] org.apache.catalina.startup.VersionLoggerListener.log JVM Version:           17.0.18+8-Debian-1deb12u1
10-Feb-2026 12:34:21.073 INFO [main] org.apache.catalina.startup.VersionLoggerListener.log JVM Vendor:            Debian
10-Feb-2026 12:34:21.073 INFO [main] org.apache.catalina.startup.VersionLoggerListener.log CATALINA_BASE:         /home/infoetu/baptiste.lavogiez.etu/BUT2/Semestre2/Webdev/tomcat
10-Feb-2026 12:34:21.073 INFO [main] org.apache.catalina.startup.VersionLoggerListener.log CATALINA_HOME:         /home/infoetu/baptiste.lavogiez.etu/BUT2/Semestre2/Webdev/tomcat
10-Feb-2026 12:34:21.077 INFO [main] org.apache.catalina.startup.VersionLoggerListener.log Command line argument: -Djava.util.logging.config.file=/home/infoetu/baptiste.lavogiez.etu/BUT2/Semestre2/Webdev/tomcat/conf/logging.properties
10-Feb-2026 12:34:21.077 INFO [main] org.apache.catalina.startup.VersionLoggerListener.log Command line argument: -Djava.util.logging.manager=org.apache.juli.ClassLoaderLogManager
10-Feb-2026 12:34:21.077 INFO [main] org.apache.catalina.startup.VersionLoggerListener.log Command line argument: -Djdk.tls.ephemeralDHKeySize=2048
10-Feb-2026 12:34:21.077 INFO [main] org.apache.catalina.startup.VersionLoggerListener.log Command line argument: -Dorg.apache.catalina.security.SecurityListener.UMASK=0027
10-Feb-2026 12:34:21.077 INFO [main] org.apache.catalina.startup.VersionLoggerListener.log Command line argument: --add-opens=java.base/java.lang=ALL-UNNAMED
10-Feb-2026 12:34:21.077 INFO [main] org.apache.catalina.startup.VersionLoggerListener.log Command line argument: --add-opens=java.base/java.lang.reflect=ALL-UNNAMED
10-Feb-2026 12:34:21.077 INFO [main] org.apache.catalina.startup.VersionLoggerListener.log Command line argument: --add-opens=java.base/java.io=ALL-UNNAMED
10-Feb-2026 12:34:21.077 INFO [main] org.apache.catalina.startup.VersionLoggerListener.log Command line argument: --add-opens=java.base/java.util=ALL-UNNAMED
10-Feb-2026 12:34:21.077 INFO [main] org.apache.catalina.startup.VersionLoggerListener.log Command line argument: --add-opens=java.base/java.util.concurrent=ALL-UNNAMED
10-Feb-2026 12:34:21.077 INFO [main] org.apache.catalina.startup.VersionLoggerListener.log Command line argument: --add-opens=java.rmi/sun.rmi.transport=ALL-UNNAMED
10-Feb-2026 12:34:21.078 INFO [main] org.apache.catalina.startup.VersionLoggerListener.log Command line argument: --enable-native-access=ALL-UNNAMED
10-Feb-2026 12:34:21.078 INFO [main] org.apache.catalina.startup.VersionLoggerListener.log Command line argument: -Dcatalina.base=/home/infoetu/baptiste.lavogiez.etu/BUT2/Semestre2/Webdev/tomcat
10-Feb-2026 12:34:21.078 INFO [main] org.apache.catalina.startup.VersionLoggerListener.log Command line argument: -Dcatalina.home=/home/infoetu/baptiste.lavogiez.etu/BUT2/Semestre2/Webdev/tomcat
10-Feb-2026 12:34:21.078 INFO [main] org.apache.catalina.startup.VersionLoggerListener.log Command line argument: -Djava.io.tmpdir=/home/infoetu/baptiste.lavogiez.etu/BUT2/Semestre2/Webdev/tomcat/temp
10-Feb-2026 12:34:21.078 INFO [main] org.apache.catalina.core.AprLifecycleListener.lifecycleEvent The Apache Tomcat Native library which allows using OpenSSL was not found on the java.library.path: [/usr/java/packages/lib:/usr/lib/x86_64-linux-gnu/jni:/lib/x86_64-linux-gnu:/usr/lib/x86_64-linux-gnu:/usr/lib/jni:/lib:/usr/lib]
10-Feb-2026 12:34:21.184 INFO [main] org.apache.coyote.AbstractProtocol.init Initializing ProtocolHandler ["http-nio-8080"]
10-Feb-2026 12:34:21.193 INFO [main] org.apache.catalina.startup.Catalina.load Server initialization in [197] milliseconds
10-Feb-2026 12:34:21.210 INFO [main] org.apache.catalina.core.StandardService.startInternal Starting service [Catalina]
10-Feb-2026 12:34:21.210 INFO [main] org.apache.catalina.core.StandardEngine.startInternal Starting Servlet engine: [Apache Tomcat/11.0.13]
10-Feb-2026 12:34:21.215 INFO [main] org.apache.catalina.startup.HostConfig.deployDirectory Deploying web application directory [/home/infoetu/baptiste.lavogiez.etu/BUT2/Semestre2/Webdev/tomcat/webapps/ctp-sample]
10-Feb-2026 12:34:21.529 INFO [main] org.apache.jasper.servlet.TldScanner.scanJars At least one JAR was scanned for TLDs yet contained no TLDs. Enable debug logging for this logger for a complete list of JARs that were scanned but no TLDs were found in them. Skipping unneeded JARs during scanning can improve startup time and JSP compilation time.
10-Feb-2026 12:34:21.543 INFO [main] org.apache.catalina.startup.HostConfig.deployDirectory Deployment of web application directory [/home/infoetu/baptiste.lavogiez.etu/BUT2/Semestre2/Webdev/tomcat/webapps/ctp-sample] has finished in [328] ms
10-Feb-2026 12:34:21.543 INFO [main] org.apache.catalina.startup.HostConfig.deployDirectory Deploying web application directory [/home/infoetu/baptiste.lavogiez.etu/BUT2/Semestre2/Webdev/tomcat/webapps/__MACOSX]
10-Feb-2026 12:34:21.693 INFO [main] org.apache.jasper.servlet.TldScanner.scanJars At least one JAR was scanned for TLDs yet contained no TLDs. Enable debug logging for this logger for a complete list of JARs that were scanned but no TLDs were found in them. Skipping unneeded JARs during scanning can improve startup time and JSP compilation time.
10-Feb-2026 12:34:21.694 INFO [main] org.apache.catalina.startup.HostConfig.deployDirectory Deployment of web application directory [/home/infoetu/baptiste.lavogiez.etu/BUT2/Semestre2/Webdev/tomcat/webapps/__MACOSX] has finished in [151] ms
10-Feb-2026 12:34:21.694 INFO [main] org.apache.catalina.startup.HostConfig.deployDirectory Deploying web application directory [/home/infoetu/baptiste.lavogiez.etu/BUT2/Semestre2/Webdev/tomcat/webapps/ROOT]
10-Feb-2026 12:34:21.846 INFO [main] org.apache.jasper.servlet.TldScanner.scanJars At least one JAR was scanned for TLDs yet contained no TLDs. Enable debug logging for this logger for a complete list of JARs that were scanned but no TLDs were found in them. Skipping unneeded JARs during scanning can improve startup time and JSP compilation time.
10-Feb-2026 12:34:21.847 INFO [main] org.apache.catalina.startup.HostConfig.deployDirectory Deployment of web application directory [/home/infoetu/baptiste.lavogiez.etu/BUT2/Semestre2/Webdev/tomcat/webapps/ROOT] has finished in [153] ms
10-Feb-2026 12:34:21.847 INFO [main] org.apache.catalina.startup.HostConfig.deployDirectory Deploying web application directory [/home/infoetu/baptiste.lavogiez.etu/BUT2/Semestre2/Webdev/tomcat/webapps/TP04]
10-Feb-2026 12:34:22.016 INFO [main] org.apache.jasper.servlet.TldScanner.scanJars At least one JAR was scanned for TLDs yet contained no TLDs. Enable debug logging for this logger for a complete list of JARs that were scanned but no TLDs were found in them. Skipping unneeded JARs during scanning can improve startup time and JSP compilation time.
10-Feb-2026 12:34:22.018 INFO [main] org.apache.catalina.startup.HostConfig.deployDirectory Deployment of web application directory [/home/infoetu/baptiste.lavogiez.etu/BUT2/Semestre2/Webdev/tomcat/webapps/TP04] has finished in [171] ms
10-Feb-2026 12:34:22.018 INFO [main] org.apache.catalina.startup.HostConfig.deployDirectory Deploying web application directory [/home/infoetu/baptiste.lavogiez.etu/BUT2/Semestre2/Webdev/tomcat/webapps/docs]
10-Feb-2026 12:34:22.165 INFO [main] org.apache.jasper.servlet.TldScanner.scanJars At least one JAR was scanned for TLDs yet contained no TLDs. Enable debug logging for this logger for a complete list of JARs that were scanned but no TLDs were found in them. Skipping unneeded JARs during scanning can improve startup time and JSP compilation time.
10-Feb-2026 12:34:22.165 INFO [main] org.apache.catalina.startup.HostConfig.deployDirectory Deployment of web application directory [/home/infoetu/baptiste.lavogiez.etu/BUT2/Semestre2/Webdev/tomcat/webapps/docs] has finished in [147] ms
10-Feb-2026 12:34:22.165 INFO [main] org.apache.catalina.startup.HostConfig.deployDirectory Deploying web application directory [/home/infoetu/baptiste.lavogiez.etu/BUT2/Semestre2/Webdev/tomcat/webapps/TP03-Partie2]
10-Feb-2026 12:34:22.310 INFO [main] org.apache.jasper.servlet.TldScanner.scanJars At least one JAR was scanned for TLDs yet contained no TLDs. Enable debug logging for this logger for a complete list of JARs that were scanned but no TLDs were found in them. Skipping unneeded JARs during scanning can improve startup time and JSP compilation time.
10-Feb-2026 12:34:22.310 INFO [main] org.apache.catalina.startup.HostConfig.deployDirectory Deployment of web application directory [/home/infoetu/baptiste.lavogiez.etu/BUT2/Semestre2/Webdev/tomcat/webapps/TP03-Partie2] has finished in [145] ms
10-Feb-2026 12:34:22.311 INFO [main] org.apache.catalina.startup.HostConfig.deployDirectory Deploying web application directory [/home/infoetu/baptiste.lavogiez.etu/BUT2/Semestre2/Webdev/tomcat/webapps/manager]
10-Feb-2026 12:34:22.452 INFO [main] org.apache.jasper.servlet.TldScanner.scanJars At least one JAR was scanned for TLDs yet contained no TLDs. Enable debug logging for this logger for a complete list of JARs that were scanned but no TLDs were found in them. Skipping unneeded JARs during scanning can improve startup time and JSP compilation time.
10-Feb-2026 12:34:22.455 INFO [main] org.apache.catalina.startup.HostConfig.deployDirectory Deployment of web application directory [/home/infoetu/baptiste.lavogiez.etu/BUT2/Semestre2/Webdev/tomcat/webapps/manager] has finished in [144] ms
10-Feb-2026 12:34:22.455 INFO [main] org.apache.catalina.startup.HostConfig.deployDirectory Deploying web application directory [/home/infoetu/baptiste.lavogiez.etu/BUT2/Semestre2/Webdev/tomcat/webapps/TP02]
10-Feb-2026 12:34:22.602 INFO [main] org.apache.jasper.servlet.TldScanner.scanJars At least one JAR was scanned for TLDs yet contained no TLDs. Enable debug logging for this logger for a complete list of JARs that were scanned but no TLDs were found in them. Skipping unneeded JARs during scanning can improve startup time and JSP compilation time.
10-Feb-2026 12:34:22.603 INFO [main] org.apache.catalina.startup.HostConfig.deployDirectory Deployment of web application directory [/home/infoetu/baptiste.lavogiez.etu/BUT2/Semestre2/Webdev/tomcat/webapps/TP02] has finished in [148] ms
10-Feb-2026 12:34:22.603 INFO [main] org.apache.catalina.startup.HostConfig.deployDirectory Deploying web application directory [/home/infoetu/baptiste.lavogiez.etu/BUT2/Semestre2/Webdev/tomcat/webapps/ctp1]
10-Feb-2026 12:34:22.755 INFO [main] org.apache.jasper.servlet.TldScanner.scanJars At least one JAR was scanned for TLDs yet contained no TLDs. Enable debug logging for this logger for a complete list of JARs that were scanned but no TLDs were found in them. Skipping unneeded JARs during scanning can improve startup time and JSP compilation time.
10-Feb-2026 12:34:22.756 INFO [main] org.apache.catalina.startup.HostConfig.deployDirectory Deployment of web application directory [/home/infoetu/baptiste.lavogiez.etu/BUT2/Semestre2/Webdev/tomcat/webapps/ctp1] has finished in [153] ms
10-Feb-2026 12:34:22.756 INFO [main] org.apache.catalina.startup.HostConfig.deployDirectory Deploying web application directory [/home/infoetu/baptiste.lavogiez.etu/BUT2/Semestre2/Webdev/tomcat/webapps/TP03]
10-Feb-2026 12:34:22.899 INFO [main] org.apache.jasper.servlet.TldScanner.scanJars At least one JAR was scanned for TLDs yet contained no TLDs. Enable debug logging for this logger for a complete list of JARs that were scanned but no TLDs were found in them. Skipping unneeded JARs during scanning can improve startup time and JSP compilation time.
10-Feb-2026 12:34:22.900 INFO [main] org.apache.catalina.startup.HostConfig.deployDirectory Deployment of web application directory [/home/infoetu/baptiste.lavogiez.etu/BUT2/Semestre2/Webdev/tomcat/webapps/TP03] has finished in [144] ms
10-Feb-2026 12:34:22.900 INFO [main] org.apache.catalina.startup.HostConfig.deployDirectory Deploying web application directory [/home/infoetu/baptiste.lavogiez.etu/BUT2/Semestre2/Webdev/tomcat/webapps/TP01]
10-Feb-2026 12:34:23.037 INFO [main] org.apache.jasper.servlet.TldScanner.scanJars At least one JAR was scanned for TLDs yet contained no TLDs. Enable debug logging for this logger for a complete list of JARs that were scanned but no TLDs were found in them. Skipping unneeded JARs during scanning can improve startup time and JSP compilation time.
10-Feb-2026 12:34:23.038 INFO [main] org.apache.catalina.startup.HostConfig.deployDirectory Deployment of web application directory [/home/infoetu/baptiste.lavogiez.etu/BUT2/Semestre2/Webdev/tomcat/webapps/TP01] has finished in [138] ms
10-Feb-2026 12:34:23.038 INFO [main] org.apache.catalina.startup.HostConfig.deployDirectory Deploying web application directory [/home/infoetu/baptiste.lavogiez.etu/BUT2/Semestre2/Webdev/tomcat/webapps/host-manager]
10-Feb-2026 12:34:23.181 INFO [main] org.apache.jasper.servlet.TldScanner.scanJars At least one JAR was scanned for TLDs yet contained no TLDs. Enable debug logging for this logger for a complete list of JARs that were scanned but no TLDs were found in them. Skipping unneeded JARs during scanning can improve startup time and JSP compilation time.
10-Feb-2026 12:34:23.182 INFO [main] org.apache.catalina.startup.HostConfig.deployDirectory Deployment of web application directory [/home/infoetu/baptiste.lavogiez.etu/BUT2/Semestre2/Webdev/tomcat/webapps/host-manager] has finished in [143] ms
10-Feb-2026 12:34:23.182 INFO [main] org.apache.catalina.startup.HostConfig.deployDirectory Deploying web application directory [/home/infoetu/baptiste.lavogiez.etu/BUT2/Semestre2/Webdev/tomcat/webapps/tp_chess]
10-Feb-2026 12:34:23.327 INFO [main] org.apache.jasper.servlet.TldScanner.scanJars At least one JAR was scanned for TLDs yet contained no TLDs. Enable debug logging for this logger for a complete list of JARs that were scanned but no TLDs were found in them. Skipping unneeded JARs during scanning can improve startup time and JSP compilation time.
10-Feb-2026 12:34:23.328 INFO [main] org.apache.catalina.startup.HostConfig.deployDirectory Deployment of web application directory [/home/infoetu/baptiste.lavogiez.etu/BUT2/Semestre2/Webdev/tomcat/webapps/tp_chess] has finished in [145] ms
10-Feb-2026 12:34:23.328 INFO [main] org.apache.catalina.startup.HostConfig.deployDirectory Deploying web application directory [/home/infoetu/baptiste.lavogiez.etu/BUT2/Semestre2/Webdev/tomcat/webapps/template]
10-Feb-2026 12:34:23.470 INFO [main] org.apache.jasper.servlet.TldScanner.scanJars At least one JAR was scanned for TLDs yet contained no TLDs. Enable debug logging for this logger for a complete list of JARs that were scanned but no TLDs were found in them. Skipping unneeded JARs during scanning can improve startup time and JSP compilation time.
10-Feb-2026 12:34:23.471 INFO [main] org.apache.catalina.startup.HostConfig.deployDirectory Deployment of web application directory [/home/infoetu/baptiste.lavogiez.etu/BUT2/Semestre2/Webdev/tomcat/webapps/template] has finished in [143] ms
10-Feb-2026 12:34:23.471 INFO [main] org.apache.catalina.startup.HostConfig.deployDirectory Deploying web application directory [/home/infoetu/baptiste.lavogiez.etu/BUT2/Semestre2/Webdev/tomcat/webapps/examples]
10-Feb-2026 12:34:23.708 INFO [main] org.apache.jasper.servlet.TldScanner.scanJars At least one JAR was scanned for TLDs yet contained no TLDs. Enable debug logging for this logger for a complete list of JARs that were scanned but no TLDs were found in them. Skipping unneeded JARs during scanning can improve startup time and JSP compilation time.
10-Feb-2026 12:34:23.720 INFO [main] org.apache.catalina.startup.HostConfig.deployDirectory Deployment of web application directory [/home/infoetu/baptiste.lavogiez.etu/BUT2/Semestre2/Webdev/tomcat/webapps/examples] has finished in [249] ms
10-Feb-2026 12:34:23.720 INFO [main] org.apache.catalina.startup.HostConfig.deployDirectory Deploying web application directory [/home/infoetu/baptiste.lavogiez.etu/BUT2/Semestre2/Webdev/tomcat/webapps/ctp]
10-Feb-2026 12:34:23.865 INFO [main] org.apache.jasper.servlet.TldScanner.scanJars At least one JAR was scanned for TLDs yet contained no TLDs. Enable debug logging for this logger for a complete list of JARs that were scanned but no TLDs were found in them. Skipping unneeded JARs during scanning can improve startup time and JSP compilation time.
10-Feb-2026 12:34:23.867 INFO [main] org.apache.catalina.startup.HostConfig.deployDirectory Deployment of web application directory [/home/infoetu/baptiste.lavogiez.etu/BUT2/Semestre2/Webdev/tomcat/webapps/ctp] has finished in [147] ms
10-Feb-2026 12:34:23.868 INFO [main] org.apache.coyote.AbstractProtocol.start Starting ProtocolHandler ["http-nio-8080"]
10-Feb-2026 12:34:23.873 INFO [main] org.apache.catalina.startup.Catalina.start Server startup in [2680] milliseconds
10-Feb-2026 12:37:38.432 INFO [main] org.apache.catalina.core.StandardServer.await A valid shutdown command was received via the shutdown port. Stopping the Server instance.
10-Feb-2026 12:37:38.433 INFO [main] org.apache.coyote.AbstractProtocol.pause Pausing ProtocolHandler ["http-nio-8080"]
10-Feb-2026 12:37:38.434 INFO [main] org.apache.catalina.core.StandardService.stopInternal Stopping service [Catalina]
10-Feb-2026 12:37:38.464 INFO [main] org.apache.coyote.AbstractProtocol.stop Stopping ProtocolHandler ["http-nio-8080"]
10-Feb-2026 12:37:38.467 INFO [main] org.apache.coyote.AbstractProtocol.destroy Destroying ProtocolHandler ["http-nio-8080"]
10-Feb-2026 12:50:56.615 INFO [Thread-1] org.apache.coyote.AbstractProtocol.pause Pausing ProtocolHandler ["http-nio-8080"]
10-Feb-2026 12:50:56.618 INFO [Thread-1] org.apache.catalina.core.StandardService.stopInternal Stopping service [Catalina]
10-Feb-2026 12:50:56.662 INFO [Thread-1] org.apache.coyote.AbstractProtocol.stop Stopping ProtocolHandler ["http-nio-8080"]
10-Feb-2026 12:50:56.672 INFO [Thread-1] org.apache.coyote.AbstractProtocol.destroy Destroying ProtocolHandler ["http-nio-8080"]
10-Feb-2026 12:50:57.570 INFO [main] org.apache.catalina.startup.VersionLoggerListener.log Server version name:   Apache Tomcat/11.0.13
10-Feb-2026 12:50:57.572 INFO [main] org.apache.catalina.startup.VersionLoggerListener.log Server built:          Oct 10 2025 13:57:31 UTC
10-Feb-2026 12:50:57.572 INFO [main] org.apache.catalina.startup.VersionLoggerListener.log Server version number: 11.0.13.0
10-Feb-2026 12:50:57.572 INFO [main] org.apache.catalina.startup.VersionLoggerListener.log OS Name:               Linux
10-Feb-2026 12:50:57.572 INFO [main] org.apache.catalina.startup.VersionLoggerListener.log OS Version:            6.1.0-40-amd64
10-Feb-2026 12:50:57.572 INFO [main] org.apache.catalina.startup.VersionLoggerListener.log Architecture:          amd64
10-Feb-2026 12:50:57.572 INFO [main] org.apache.catalina.startup.VersionLoggerListener.log Java Home:             /usr/lib/jvm/java-17-openjdk-amd64
10-Feb-2026 12:50:57.572 INFO [main] org.apache.catalina.startup.VersionLoggerListener.log JVM Version:           17.0.18+8-Debian-1deb12u1
10-Feb-2026 12:50:57.572 INFO [main] org.apache.catalina.startup.VersionLoggerListener.log JVM Vendor:            Debian
10-Feb-2026 12:50:57.572 INFO [main] org.apache.catalina.startup.VersionLoggerListener.log CATALINA_BASE:         /home/infoetu/baptiste.lavogiez.etu/BUT2/Semestre2/Webdev/tomcat
10-Feb-2026 12:50:57.572 INFO [main] org.apache.catalina.startup.VersionLoggerListener.log CATALINA_HOME:         /home/infoetu/baptiste.lavogiez.etu/BUT2/Semestre2/Webdev/tomcat
10-Feb-2026 12:50:57.576 INFO [main] org.apache.catalina.startup.VersionLoggerListener.log Command line argument: -Djava.util.logging.config.file=/home/infoetu/baptiste.lavogiez.etu/BUT2/Semestre2/Webdev/tomcat/conf/logging.properties
10-Feb-2026 12:50:57.576 INFO [main] org.apache.catalina.startup.VersionLoggerListener.log Command line argument: -Djava.util.logging.manager=org.apache.juli.ClassLoaderLogManager
10-Feb-2026 12:50:57.576 INFO [main] org.apache.catalina.startup.VersionLoggerListener.log Command line argument: -Djdk.tls.ephemeralDHKeySize=2048
10-Feb-2026 12:50:57.576 INFO [main] org.apache.catalina.startup.VersionLoggerListener.log Command line argument: -Dorg.apache.catalina.security.SecurityListener.UMASK=0027
10-Feb-2026 12:50:57.576 INFO [main] org.apache.catalina.startup.VersionLoggerListener.log Command line argument: --add-opens=java.base/java.lang=ALL-UNNAMED
10-Feb-2026 12:50:57.576 INFO [main] org.apache.catalina.startup.VersionLoggerListener.log Command line argument: --add-opens=java.base/java.lang.reflect=ALL-UNNAMED
10-Feb-2026 12:50:57.576 INFO [main] org.apache.catalina.startup.VersionLoggerListener.log Command line argument: --add-opens=java.base/java.io=ALL-UNNAMED
10-Feb-2026 12:50:57.577 INFO [main] org.apache.catalina.startup.VersionLoggerListener.log Command line argument: --add-opens=java.base/java.util=ALL-UNNAMED
10-Feb-2026 12:50:57.577 INFO [main] org.apache.catalina.startup.VersionLoggerListener.log Command line argument: --add-opens=java.base/java.util.concurrent=ALL-UNNAMED
10-Feb-2026 12:50:57.577 INFO [main] org.apache.catalina.startup.VersionLoggerListener.log Command line argument: --add-opens=java.rmi/sun.rmi.transport=ALL-UNNAMED
10-Feb-2026 12:50:57.577 INFO [main] org.apache.catalina.startup.VersionLoggerListener.log Command line argument: --enable-native-access=ALL-UNNAMED
10-Feb-2026 12:50:57.577 INFO [main] org.apache.catalina.startup.VersionLoggerListener.log Command line argument: -Dcatalina.base=/home/infoetu/baptiste.lavogiez.etu/BUT2/Semestre2/Webdev/tomcat
10-Feb-2026 12:50:57.577 INFO [main] org.apache.catalina.startup.VersionLoggerListener.log Command line argument: -Dcatalina.home=/home/infoetu/baptiste.lavogiez.etu/BUT2/Semestre2/Webdev/tomcat
10-Feb-2026 12:50:57.577 INFO [main] org.apache.catalina.startup.VersionLoggerListener.log Command line argument: -Djava.io.tmpdir=/home/infoetu/baptiste.lavogiez.etu/BUT2/Semestre2/Webdev/tomcat/temp
10-Feb-2026 12:50:57.577 INFO [main] org.apache.catalina.core.AprLifecycleListener.lifecycleEvent The Apache Tomcat Native library which allows using OpenSSL was not found on the java.library.path: [/usr/java/packages/lib:/usr/lib/x86_64-linux-gnu/jni:/lib/x86_64-linux-gnu:/usr/lib/x86_64-linux-gnu:/usr/lib/jni:/lib:/usr/lib]
10-Feb-2026 12:50:57.681 INFO [main] org.apache.coyote.AbstractProtocol.init Initializing ProtocolHandler ["http-nio-8080"]
10-Feb-2026 12:50:57.690 INFO [main] org.apache.catalina.startup.Catalina.load Server initialization in [191] milliseconds
10-Feb-2026 12:50:57.706 INFO [main] org.apache.catalina.core.StandardService.startInternal Starting service [Catalina]
10-Feb-2026 12:50:57.707 INFO [main] org.apache.catalina.core.StandardEngine.startInternal Starting Servlet engine: [Apache Tomcat/11.0.13]
10-Feb-2026 12:50:57.712 INFO [main] org.apache.catalina.startup.HostConfig.deployDirectory Deploying web application directory [/home/infoetu/baptiste.lavogiez.etu/BUT2/Semestre2/Webdev/tomcat/webapps/ctp-sample]
10-Feb-2026 12:50:58.032 INFO [main] org.apache.jasper.servlet.TldScanner.scanJars At least one JAR was scanned for TLDs yet contained no TLDs. Enable debug logging for this logger for a complete list of JARs that were scanned but no TLDs were found in them. Skipping unneeded JARs during scanning can improve startup time and JSP compilation time.
10-Feb-2026 12:50:58.046 INFO [main] org.apache.catalina.startup.HostConfig.deployDirectory Deployment of web application directory [/home/infoetu/baptiste.lavogiez.etu/BUT2/Semestre2/Webdev/tomcat/webapps/ctp-sample] has finished in [334] ms
10-Feb-2026 12:50:58.046 INFO [main] org.apache.catalina.startup.HostConfig.deployDirectory Deploying web application directory [/home/infoetu/baptiste.lavogiez.etu/BUT2/Semestre2/Webdev/tomcat/webapps/__MACOSX]
10-Feb-2026 12:50:58.195 INFO [main] org.apache.jasper.servlet.TldScanner.scanJars At least one JAR was scanned for TLDs yet contained no TLDs. Enable debug logging for this logger for a complete list of JARs that were scanned but no TLDs were found in them. Skipping unneeded JARs during scanning can improve startup time and JSP compilation time.
10-Feb-2026 12:50:58.196 INFO [main] org.apache.catalina.startup.HostConfig.deployDirectory Deployment of web application directory [/home/infoetu/baptiste.lavogiez.etu/BUT2/Semestre2/Webdev/tomcat/webapps/__MACOSX] has finished in [150] ms
10-Feb-2026 12:50:58.196 INFO [main] org.apache.catalina.startup.HostConfig.deployDirectory Deploying web application directory [/home/infoetu/baptiste.lavogiez.etu/BUT2/Semestre2/Webdev/tomcat/webapps/ROOT]
10-Feb-2026 12:50:58.350 INFO [main] org.apache.jasper.servlet.TldScanner.scanJars At least one JAR was scanned for TLDs yet contained no TLDs. Enable debug logging for this logger for a complete list of JARs that were scanned but no TLDs were found in them. Skipping unneeded JARs during scanning can improve startup time and JSP compilation time.
10-Feb-2026 12:50:58.351 INFO [main] org.apache.catalina.startup.HostConfig.deployDirectory Deployment of web application directory [/home/infoetu/baptiste.lavogiez.etu/BUT2/Semestre2/Webdev/tomcat/webapps/ROOT] has finished in [155] ms
10-Feb-2026 12:50:58.351 INFO [main] org.apache.catalina.startup.HostConfig.deployDirectory Deploying web application directory [/home/infoetu/baptiste.lavogiez.etu/BUT2/Semestre2/Webdev/tomcat/webapps/TP04]
10-Feb-2026 12:50:58.527 INFO [main] org.apache.jasper.servlet.TldScanner.scanJars At least one JAR was scanned for TLDs yet contained no TLDs. Enable debug logging for this logger for a complete list of JARs that were scanned but no TLDs were found in them. Skipping unneeded JARs during scanning can improve startup time and JSP compilation time.
10-Feb-2026 12:50:58.528 INFO [main] org.apache.catalina.startup.HostConfig.deployDirectory Deployment of web application directory [/home/infoetu/baptiste.lavogiez.etu/BUT2/Semestre2/Webdev/tomcat/webapps/TP04] has finished in [177] ms
10-Feb-2026 12:50:58.528 INFO [main] org.apache.catalina.startup.HostConfig.deployDirectory Deploying web application directory [/home/infoetu/baptiste.lavogiez.etu/BUT2/Semestre2/Webdev/tomcat/webapps/docs]
10-Feb-2026 12:50:58.678 INFO [main] org.apache.jasper.servlet.TldScanner.scanJars At least one JAR was scanned for TLDs yet contained no TLDs. Enable debug logging for this logger for a complete list of JARs that were scanned but no TLDs were found in them. Skipping unneeded JARs during scanning can improve startup time and JSP compilation time.
10-Feb-2026 12:50:58.679 INFO [main] org.apache.catalina.startup.HostConfig.deployDirectory Deployment of web application directory [/home/infoetu/baptiste.lavogiez.etu/BUT2/Semestre2/Webdev/tomcat/webapps/docs] has finished in [150] ms
10-Feb-2026 12:50:58.679 INFO [main] org.apache.catalina.startup.HostConfig.deployDirectory Deploying web application directory [/home/infoetu/baptiste.lavogiez.etu/BUT2/Semestre2/Webdev/tomcat/webapps/TP03-Partie2]
10-Feb-2026 12:50:58.833 INFO [main] org.apache.jasper.servlet.TldScanner.scanJars At least one JAR was scanned for TLDs yet contained no TLDs. Enable debug logging for this logger for a complete list of JARs that were scanned but no TLDs were found in them. Skipping unneeded JARs during scanning can improve startup time and JSP compilation time.
10-Feb-2026 12:50:58.834 INFO [main] org.apache.catalina.startup.HostConfig.deployDirectory Deployment of web application directory [/home/infoetu/baptiste.lavogiez.etu/BUT2/Semestre2/Webdev/tomcat/webapps/TP03-Partie2] has finished in [155] ms
10-Feb-2026 12:50:58.834 INFO [main] org.apache.catalina.startup.HostConfig.deployDirectory Deploying web application directory [/home/infoetu/baptiste.lavogiez.etu/BUT2/Semestre2/Webdev/tomcat/webapps/manager]
10-Feb-2026 12:50:58.979 INFO [main] org.apache.jasper.servlet.TldScanner.scanJars At least one JAR was scanned for TLDs yet contained no TLDs. Enable debug logging for this logger for a complete list of JARs that were scanned but no TLDs were found in them. Skipping unneeded JARs during scanning can improve startup time and JSP compilation time.
10-Feb-2026 12:50:58.981 INFO [main] org.apache.catalina.startup.HostConfig.deployDirectory Deployment of web application directory [/home/infoetu/baptiste.lavogiez.etu/BUT2/Semestre2/Webdev/tomcat/webapps/manager] has finished in [147] ms
10-Feb-2026 12:50:58.981 INFO [main] org.apache.catalina.startup.HostConfig.deployDirectory Deploying web application directory [/home/infoetu/baptiste.lavogiez.etu/BUT2/Semestre2/Webdev/tomcat/webapps/TP02]
10-Feb-2026 12:50:59.169 INFO [main] org.apache.jasper.servlet.TldScanner.scanJars At least one JAR was scanned for TLDs yet contained no TLDs. Enable debug logging for this logger for a complete list of JARs that were scanned but no TLDs were found in them. Skipping unneeded JARs during scanning can improve startup time and JSP compilation time.
10-Feb-2026 12:50:59.170 INFO [main] org.apache.catalina.startup.HostConfig.deployDirectory Deployment of web application directory [/home/infoetu/baptiste.lavogiez.etu/BUT2/Semestre2/Webdev/tomcat/webapps/TP02] has finished in [189] ms
10-Feb-2026 12:50:59.170 INFO [main] org.apache.catalina.startup.HostConfig.deployDirectory Deploying web application directory [/home/infoetu/baptiste.lavogiez.etu/BUT2/Semestre2/Webdev/tomcat/webapps/ctp1]
10-Feb-2026 12:50:59.359 INFO [main] org.apache.jasper.servlet.TldScanner.scanJars At least one JAR was scanned for TLDs yet contained no TLDs. Enable debug logging for this logger for a complete list of JARs that were scanned but no TLDs were found in them. Skipping unneeded JARs during scanning can improve startup time and JSP compilation time.
10-Feb-2026 12:50:59.360 INFO [main] org.apache.catalina.startup.HostConfig.deployDirectory Deployment of web application directory [/home/infoetu/baptiste.lavogiez.etu/BUT2/Semestre2/Webdev/tomcat/webapps/ctp1] has finished in [190] ms
10-Feb-2026 12:50:59.360 INFO [main] org.apache.catalina.startup.HostConfig.deployDirectory Deploying web application directory [/home/infoetu/baptiste.lavogiez.etu/BUT2/Semestre2/Webdev/tomcat/webapps/TP03]
10-Feb-2026 12:50:59.517 INFO [main] org.apache.jasper.servlet.TldScanner.scanJars At least one JAR was scanned for TLDs yet contained no TLDs. Enable debug logging for this logger for a complete list of JARs that were scanned but no TLDs were found in them. Skipping unneeded JARs during scanning can improve startup time and JSP compilation time.
10-Feb-2026 12:50:59.518 INFO [main] org.apache.catalina.startup.HostConfig.deployDirectory Deployment of web application directory [/home/infoetu/baptiste.lavogiez.etu/BUT2/Semestre2/Webdev/tomcat/webapps/TP03] has finished in [158] ms
10-Feb-2026 12:50:59.518 INFO [main] org.apache.catalina.startup.HostConfig.deployDirectory Deploying web application directory [/home/infoetu/baptiste.lavogiez.etu/BUT2/Semestre2/Webdev/tomcat/webapps/TP01]
10-Feb-2026 12:50:59.660 INFO [main] org.apache.jasper.servlet.TldScanner.scanJars At least one JAR was scanned for TLDs yet contained no TLDs. Enable debug logging for this logger for a complete list of JARs that were scanned but no TLDs were found in them. Skipping unneeded JARs during scanning can improve startup time and JSP compilation time.
10-Feb-2026 12:50:59.661 INFO [main] org.apache.catalina.startup.HostConfig.deployDirectory Deployment of web application directory [/home/infoetu/baptiste.lavogiez.etu/BUT2/Semestre2/Webdev/tomcat/webapps/TP01] has finished in [143] ms
10-Feb-2026 12:50:59.661 INFO [main] org.apache.catalina.startup.HostConfig.deployDirectory Deploying web application directory [/home/infoetu/baptiste.lavogiez.etu/BUT2/Semestre2/Webdev/tomcat/webapps/host-manager]
10-Feb-2026 12:50:59.803 INFO [main] org.apache.jasper.servlet.TldScanner.scanJars At least one JAR was scanned for TLDs yet contained no TLDs. Enable debug logging for this logger for a complete list of JARs that were scanned but no TLDs were found in them. Skipping unneeded JARs during scanning can improve startup time and JSP compilation time.
10-Feb-2026 12:50:59.804 INFO [main] org.apache.catalina.startup.HostConfig.deployDirectory Deployment of web application directory [/home/infoetu/baptiste.lavogiez.etu/BUT2/Semestre2/Webdev/tomcat/webapps/host-manager] has finished in [143] ms
10-Feb-2026 12:50:59.804 INFO [main] org.apache.catalina.startup.HostConfig.deployDirectory Deploying web application directory [/home/infoetu/baptiste.lavogiez.etu/BUT2/Semestre2/Webdev/tomcat/webapps/tp_chess]
10-Feb-2026 12:50:59.955 INFO [main] org.apache.jasper.servlet.TldScanner.scanJars At least one JAR was scanned for TLDs yet contained no TLDs. Enable debug logging for this logger for a complete list of JARs that were scanned but no TLDs were found in them. Skipping unneeded JARs during scanning can improve startup time and JSP compilation time.
10-Feb-2026 12:50:59.955 INFO [main] org.apache.catalina.startup.HostConfig.deployDirectory Deployment of web application directory [/home/infoetu/baptiste.lavogiez.etu/BUT2/Semestre2/Webdev/tomcat/webapps/tp_chess] has finished in [151] ms
10-Feb-2026 12:50:59.956 INFO [main] org.apache.catalina.startup.HostConfig.deployDirectory Deploying web application directory [/home/infoetu/baptiste.lavogiez.etu/BUT2/Semestre2/Webdev/tomcat/webapps/template]
10-Feb-2026 12:51:00.107 INFO [main] org.apache.jasper.servlet.TldScanner.scanJars At least one JAR was scanned for TLDs yet contained no TLDs. Enable debug logging for this logger for a complete list of JARs that were scanned but no TLDs were found in them. Skipping unneeded JARs during scanning can improve startup time and JSP compilation time.
10-Feb-2026 12:51:00.108 INFO [main] org.apache.catalina.startup.HostConfig.deployDirectory Deployment of web application directory [/home/infoetu/baptiste.lavogiez.etu/BUT2/Semestre2/Webdev/tomcat/webapps/template] has finished in [152] ms
10-Feb-2026 12:51:00.108 INFO [main] org.apache.catalina.startup.HostConfig.deployDirectory Deploying web application directory [/home/infoetu/baptiste.lavogiez.etu/BUT2/Semestre2/Webdev/tomcat/webapps/examples]
10-Feb-2026 12:51:00.458 INFO [main] org.apache.jasper.servlet.TldScanner.scanJars At least one JAR was scanned for TLDs yet contained no TLDs. Enable debug logging for this logger for a complete list of JARs that were scanned but no TLDs were found in them. Skipping unneeded JARs during scanning can improve startup time and JSP compilation time.
10-Feb-2026 12:51:00.471 INFO [main] org.apache.catalina.startup.HostConfig.deployDirectory Deployment of web application directory [/home/infoetu/baptiste.lavogiez.etu/BUT2/Semestre2/Webdev/tomcat/webapps/examples] has finished in [363] ms
10-Feb-2026 12:51:00.471 INFO [main] org.apache.catalina.startup.HostConfig.deployDirectory Deploying web application directory [/home/infoetu/baptiste.lavogiez.etu/BUT2/Semestre2/Webdev/tomcat/webapps/ctp]
10-Feb-2026 12:51:00.623 INFO [main] org.apache.jasper.servlet.TldScanner.scanJars At least one JAR was scanned for TLDs yet contained no TLDs. Enable debug logging for this logger for a complete list of JARs that were scanned but no TLDs were found in them. Skipping unneeded JARs during scanning can improve startup time and JSP compilation time.
10-Feb-2026 12:51:00.624 INFO [main] org.apache.catalina.startup.HostConfig.deployDirectory Deployment of web application directory [/home/infoetu/baptiste.lavogiez.etu/BUT2/Semestre2/Webdev/tomcat/webapps/ctp] has finished in [153] ms
10-Feb-2026 12:51:00.626 INFO [main] org.apache.coyote.AbstractProtocol.start Starting ProtocolHandler ["http-nio-8080"]
10-Feb-2026 12:51:00.631 INFO [main] org.apache.catalina.startup.Catalina.start Server startup in [2941] milliseconds
10-Feb-2026 12:52:51.985 INFO [Thread-1] org.apache.coyote.AbstractProtocol.pause Pausing ProtocolHandler ["http-nio-8080"]
10-Feb-2026 12:52:51.987 INFO [Thread-1] org.apache.catalina.core.StandardService.stopInternal Stopping service [Catalina]
10-Feb-2026 12:52:52.009 WARNING [Thread-1] org.apache.catalina.loader.WebappClassLoaderBase.clearReferencesJdbc The web application [ctp] registered the JDBC driver [org.h2.Driver] but failed to unregister it when the web application was stopped. To prevent a memory leak, the JDBC Driver has been forcibly unregistered.
10-Feb-2026 12:52:52.027 INFO [Thread-1] org.apache.coyote.AbstractProtocol.stop Stopping ProtocolHandler ["http-nio-8080"]
10-Feb-2026 12:52:52.030 INFO [Thread-1] org.apache.coyote.AbstractProtocol.destroy Destroying ProtocolHandler ["http-nio-8080"]
10-Feb-2026 12:52:55.066 INFO [main] org.apache.catalina.startup.VersionLoggerListener.log Server version name:   Apache Tomcat/11.0.13
10-Feb-2026 12:52:55.068 INFO [main] org.apache.catalina.startup.VersionLoggerListener.log Server built:          Oct 10 2025 13:57:31 UTC
10-Feb-2026 12:52:55.068 INFO [main] org.apache.catalina.startup.VersionLoggerListener.log Server version number: 11.0.13.0
10-Feb-2026 12:52:55.068 INFO [main] org.apache.catalina.startup.VersionLoggerListener.log OS Name:               Linux
10-Feb-2026 12:52:55.068 INFO [main] org.apache.catalina.startup.VersionLoggerListener.log OS Version:            6.1.0-40-amd64
10-Feb-2026 12:52:55.068 INFO [main] org.apache.catalina.startup.VersionLoggerListener.log Architecture:          amd64
10-Feb-2026 12:52:55.068 INFO [main] org.apache.catalina.startup.VersionLoggerListener.log Java Home:             /usr/lib/jvm/java-17-openjdk-amd64
10-Feb-2026 12:52:55.068 INFO [main] org.apache.catalina.startup.VersionLoggerListener.log JVM Version:           17.0.18+8-Debian-1deb12u1
10-Feb-2026 12:52:55.068 INFO [main] org.apache.catalina.startup.VersionLoggerListener.log JVM Vendor:            Debian
10-Feb-2026 12:52:55.068 INFO [main] org.apache.catalina.startup.VersionLoggerListener.log CATALINA_BASE:         /home/infoetu/baptiste.lavogiez.etu/BUT2/Semestre2/Webdev/tomcat
10-Feb-2026 12:52:55.068 INFO [main] org.apache.catalina.startup.VersionLoggerListener.log CATALINA_HOME:         /home/infoetu/baptiste.lavogiez.etu/BUT2/Semestre2/Webdev/tomcat
10-Feb-2026 12:52:55.072 INFO [main] org.apache.catalina.startup.VersionLoggerListener.log Command line argument: -Djava.util.logging.config.file=/home/infoetu/baptiste.lavogiez.etu/BUT2/Semestre2/Webdev/tomcat/conf/logging.properties
10-Feb-2026 12:52:55.072 INFO [main] org.apache.catalina.startup.VersionLoggerListener.log Command line argument: -Djava.util.logging.manager=org.apache.juli.ClassLoaderLogManager
10-Feb-2026 12:52:55.073 INFO [main] org.apache.catalina.startup.VersionLoggerListener.log Command line argument: -Djdk.tls.ephemeralDHKeySize=2048
10-Feb-2026 12:52:55.073 INFO [main] org.apache.catalina.startup.VersionLoggerListener.log Command line argument: -Dorg.apache.catalina.security.SecurityListener.UMASK=0027
10-Feb-2026 12:52:55.073 INFO [main] org.apache.catalina.startup.VersionLoggerListener.log Command line argument: --add-opens=java.base/java.lang=ALL-UNNAMED
10-Feb-2026 12:52:55.073 INFO [main] org.apache.catalina.startup.VersionLoggerListener.log Command line argument: --add-opens=java.base/java.lang.reflect=ALL-UNNAMED
10-Feb-2026 12:52:55.073 INFO [main] org.apache.catalina.startup.VersionLoggerListener.log Command line argument: --add-opens=java.base/java.io=ALL-UNNAMED
10-Feb-2026 12:52:55.073 INFO [main] org.apache.catalina.startup.VersionLoggerListener.log Command line argument: --add-opens=java.base/java.util=ALL-UNNAMED
10-Feb-2026 12:52:55.073 INFO [main] org.apache.catalina.startup.VersionLoggerListener.log Command line argument: --add-opens=java.base/java.util.concurrent=ALL-UNNAMED
10-Feb-2026 12:52:55.073 INFO [main] org.apache.catalina.startup.VersionLoggerListener.log Command line argument: --add-opens=java.rmi/sun.rmi.transport=ALL-UNNAMED
10-Feb-2026 12:52:55.073 INFO [main] org.apache.catalina.startup.VersionLoggerListener.log Command line argument: --enable-native-access=ALL-UNNAMED
10-Feb-2026 12:52:55.073 INFO [main] org.apache.catalina.startup.VersionLoggerListener.log Command line argument: -Dcatalina.base=/home/infoetu/baptiste.lavogiez.etu/BUT2/Semestre2/Webdev/tomcat
10-Feb-2026 12:52:55.073 INFO [main] org.apache.catalina.startup.VersionLoggerListener.log Command line argument: -Dcatalina.home=/home/infoetu/baptiste.lavogiez.etu/BUT2/Semestre2/Webdev/tomcat
10-Feb-2026 12:52:55.073 INFO [main] org.apache.catalina.startup.VersionLoggerListener.log Command line argument: -Djava.io.tmpdir=/home/infoetu/baptiste.lavogiez.etu/BUT2/Semestre2/Webdev/tomcat/temp
10-Feb-2026 12:52:55.074 INFO [main] org.apache.catalina.core.AprLifecycleListener.lifecycleEvent The Apache Tomcat Native library which allows using OpenSSL was not found on the java.library.path: [/usr/java/packages/lib:/usr/lib/x86_64-linux-gnu/jni:/lib/x86_64-linux-gnu:/usr/lib/x86_64-linux-gnu:/usr/lib/jni:/lib:/usr/lib]
10-Feb-2026 12:52:55.191 INFO [main] org.apache.coyote.AbstractProtocol.init Initializing ProtocolHandler ["http-nio-8080"]
10-Feb-2026 12:52:55.201 INFO [main] org.apache.catalina.startup.Catalina.load Server initialization in [204] milliseconds
10-Feb-2026 12:52:55.220 INFO [main] org.apache.catalina.core.StandardService.startInternal Starting service [Catalina]
10-Feb-2026 12:52:55.220 INFO [main] org.apache.catalina.core.StandardEngine.startInternal Starting Servlet engine: [Apache Tomcat/11.0.13]
10-Feb-2026 12:52:55.225 INFO [main] org.apache.catalina.startup.HostConfig.deployDirectory Deploying web application directory [/home/infoetu/baptiste.lavogiez.etu/BUT2/Semestre2/Webdev/tomcat/webapps/ctp-sample]
10-Feb-2026 12:52:55.553 INFO [main] org.apache.jasper.servlet.TldScanner.scanJars At least one JAR was scanned for TLDs yet contained no TLDs. Enable debug logging for this logger for a complete list of JARs that were scanned but no TLDs were found in them. Skipping unneeded JARs during scanning can improve startup time and JSP compilation time.
10-Feb-2026 12:52:55.568 INFO [main] org.apache.catalina.startup.HostConfig.deployDirectory Deployment of web application directory [/home/infoetu/baptiste.lavogiez.etu/BUT2/Semestre2/Webdev/tomcat/webapps/ctp-sample] has finished in [343] ms
10-Feb-2026 12:52:55.570 INFO [main] org.apache.catalina.startup.HostConfig.deployDirectory Deploying web application directory [/home/infoetu/baptiste.lavogiez.etu/BUT2/Semestre2/Webdev/tomcat/webapps/__MACOSX]
10-Feb-2026 12:52:55.721 INFO [main] org.apache.jasper.servlet.TldScanner.scanJars At least one JAR was scanned for TLDs yet contained no TLDs. Enable debug logging for this logger for a complete list of JARs that were scanned but no TLDs were found in them. Skipping unneeded JARs during scanning can improve startup time and JSP compilation time.
10-Feb-2026 12:52:55.722 INFO [main] org.apache.catalina.startup.HostConfig.deployDirectory Deployment of web application directory [/home/infoetu/baptiste.lavogiez.etu/BUT2/Semestre2/Webdev/tomcat/webapps/__MACOSX] has finished in [152] ms
10-Feb-2026 12:52:55.722 INFO [main] org.apache.catalina.startup.HostConfig.deployDirectory Deploying web application directory [/home/infoetu/baptiste.lavogiez.etu/BUT2/Semestre2/Webdev/tomcat/webapps/ROOT]
10-Feb-2026 12:52:55.903 INFO [main] org.apache.jasper.servlet.TldScanner.scanJars At least one JAR was scanned for TLDs yet contained no TLDs. Enable debug logging for this logger for a complete list of JARs that were scanned but no TLDs were found in them. Skipping unneeded JARs during scanning can improve startup time and JSP compilation time.
10-Feb-2026 12:52:55.905 INFO [main] org.apache.catalina.startup.HostConfig.deployDirectory Deployment of web application directory [/home/infoetu/baptiste.lavogiez.etu/BUT2/Semestre2/Webdev/tomcat/webapps/ROOT] has finished in [183] ms
10-Feb-2026 12:52:55.905 INFO [main] org.apache.catalina.startup.HostConfig.deployDirectory Deploying web application directory [/home/infoetu/baptiste.lavogiez.etu/BUT2/Semestre2/Webdev/tomcat/webapps/TP04]
10-Feb-2026 12:52:56.096 INFO [main] org.apache.jasper.servlet.TldScanner.scanJars At least one JAR was scanned for TLDs yet contained no TLDs. Enable debug logging for this logger for a complete list of JARs that were scanned but no TLDs were found in them. Skipping unneeded JARs during scanning can improve startup time and JSP compilation time.
10-Feb-2026 12:52:56.098 INFO [main] org.apache.catalina.startup.HostConfig.deployDirectory Deployment of web application directory [/home/infoetu/baptiste.lavogiez.etu/BUT2/Semestre2/Webdev/tomcat/webapps/TP04] has finished in [193] ms
10-Feb-2026 12:52:56.098 INFO [main] org.apache.catalina.startup.HostConfig.deployDirectory Deploying web application directory [/home/infoetu/baptiste.lavogiez.etu/BUT2/Semestre2/Webdev/tomcat/webapps/docs]
10-Feb-2026 12:52:56.246 INFO [main] org.apache.jasper.servlet.TldScanner.scanJars At least one JAR was scanned for TLDs yet contained no TLDs. Enable debug logging for this logger for a complete list of JARs that were scanned but no TLDs were found in them. Skipping unneeded JARs during scanning can improve startup time and JSP compilation time.
10-Feb-2026 12:52:56.246 INFO [main] org.apache.catalina.startup.HostConfig.deployDirectory Deployment of web application directory [/home/infoetu/baptiste.lavogiez.etu/BUT2/Semestre2/Webdev/tomcat/webapps/docs] has finished in [148] ms
10-Feb-2026 12:52:56.246 INFO [main] org.apache.catalina.startup.HostConfig.deployDirectory Deploying web application directory [/home/infoetu/baptiste.lavogiez.etu/BUT2/Semestre2/Webdev/tomcat/webapps/TP03-Partie2]
10-Feb-2026 12:52:56.400 INFO [main] org.apache.jasper.servlet.TldScanner.scanJars At least one JAR was scanned for TLDs yet contained no TLDs. Enable debug logging for this logger for a complete list of JARs that were scanned but no TLDs were found in them. Skipping unneeded JARs during scanning can improve startup time and JSP compilation time.
10-Feb-2026 12:52:56.401 INFO [main] org.apache.catalina.startup.HostConfig.deployDirectory Deployment of web application directory [/home/infoetu/baptiste.lavogiez.etu/BUT2/Semestre2/Webdev/tomcat/webapps/TP03-Partie2] has finished in [155] ms
10-Feb-2026 12:52:56.401 INFO [main] org.apache.catalina.startup.HostConfig.deployDirectory Deploying web application directory [/home/infoetu/baptiste.lavogiez.etu/BUT2/Semestre2/Webdev/tomcat/webapps/manager]
10-Feb-2026 12:52:56.546 INFO [main] org.apache.jasper.servlet.TldScanner.scanJars At least one JAR was scanned for TLDs yet contained no TLDs. Enable debug logging for this logger for a complete list of JARs that were scanned but no TLDs were found in them. Skipping unneeded JARs during scanning can improve startup time and JSP compilation time.
10-Feb-2026 12:52:56.548 INFO [main] org.apache.catalina.startup.HostConfig.deployDirectory Deployment of web application directory [/home/infoetu/baptiste.lavogiez.etu/BUT2/Semestre2/Webdev/tomcat/webapps/manager] has finished in [147] ms
10-Feb-2026 12:52:56.548 INFO [main] org.apache.catalina.startup.HostConfig.deployDirectory Deploying web application directory [/home/infoetu/baptiste.lavogiez.etu/BUT2/Semestre2/Webdev/tomcat/webapps/TP02]
10-Feb-2026 12:52:56.700 INFO [main] org.apache.jasper.servlet.TldScanner.scanJars At least one JAR was scanned for TLDs yet contained no TLDs. Enable debug logging for this logger for a complete list of JARs that were scanned but no TLDs were found in them. Skipping unneeded JARs during scanning can improve startup time and JSP compilation time.
10-Feb-2026 12:52:56.701 INFO [main] org.apache.catalina.startup.HostConfig.deployDirectory Deployment of web application directory [/home/infoetu/baptiste.lavogiez.etu/BUT2/Semestre2/Webdev/tomcat/webapps/TP02] has finished in [153] ms
10-Feb-2026 12:52:56.701 INFO [main] org.apache.catalina.startup.HostConfig.deployDirectory Deploying web application directory [/home/infoetu/baptiste.lavogiez.etu/BUT2/Semestre2/Webdev/tomcat/webapps/ctp1]
10-Feb-2026 12:52:56.860 INFO [main] org.apache.jasper.servlet.TldScanner.scanJars At least one JAR was scanned for TLDs yet contained no TLDs. Enable debug logging for this logger for a complete list of JARs that were scanned but no TLDs were found in them. Skipping unneeded JARs during scanning can improve startup time and JSP compilation time.
10-Feb-2026 12:52:56.861 INFO [main] org.apache.catalina.startup.HostConfig.deployDirectory Deployment of web application directory [/home/infoetu/baptiste.lavogiez.etu/BUT2/Semestre2/Webdev/tomcat/webapps/ctp1] has finished in [159] ms
10-Feb-2026 12:52:56.861 INFO [main] org.apache.catalina.startup.HostConfig.deployDirectory Deploying web application directory [/home/infoetu/baptiste.lavogiez.etu/BUT2/Semestre2/Webdev/tomcat/webapps/TP03]
10-Feb-2026 12:52:57.008 INFO [main] org.apache.jasper.servlet.TldScanner.scanJars At least one JAR was scanned for TLDs yet contained no TLDs. Enable debug logging for this logger for a complete list of JARs that were scanned but no TLDs were found in them. Skipping unneeded JARs during scanning can improve startup time and JSP compilation time.
10-Feb-2026 12:52:57.009 INFO [main] org.apache.catalina.startup.HostConfig.deployDirectory Deployment of web application directory [/home/infoetu/baptiste.lavogiez.etu/BUT2/Semestre2/Webdev/tomcat/webapps/TP03] has finished in [148] ms
10-Feb-2026 12:52:57.009 INFO [main] org.apache.catalina.startup.HostConfig.deployDirectory Deploying web application directory [/home/infoetu/baptiste.lavogiez.etu/BUT2/Semestre2/Webdev/tomcat/webapps/TP01]
10-Feb-2026 12:52:57.150 INFO [main] org.apache.jasper.servlet.TldScanner.scanJars At least one JAR was scanned for TLDs yet contained no TLDs. Enable debug logging for this logger for a complete list of JARs that were scanned but no TLDs were found in them. Skipping unneeded JARs during scanning can improve startup time and JSP compilation time.
10-Feb-2026 12:52:57.151 INFO [main] org.apache.catalina.startup.HostConfig.deployDirectory Deployment of web application directory [/home/infoetu/baptiste.lavogiez.etu/BUT2/Semestre2/Webdev/tomcat/webapps/TP01] has finished in [142] ms
10-Feb-2026 12:52:57.151 INFO [main] org.apache.catalina.startup.HostConfig.deployDirectory Deploying web application directory [/home/infoetu/baptiste.lavogiez.etu/BUT2/Semestre2/Webdev/tomcat/webapps/host-manager]
10-Feb-2026 12:52:57.292 INFO [main] org.apache.jasper.servlet.TldScanner.scanJars At least one JAR was scanned for TLDs yet contained no TLDs. Enable debug logging for this logger for a complete list of JARs that were scanned but no TLDs were found in them. Skipping unneeded JARs during scanning can improve startup time and JSP compilation time.
10-Feb-2026 12:52:57.293 INFO [main] org.apache.catalina.startup.HostConfig.deployDirectory Deployment of web application directory [/home/infoetu/baptiste.lavogiez.etu/BUT2/Semestre2/Webdev/tomcat/webapps/host-manager] has finished in [142] ms
10-Feb-2026 12:52:57.293 INFO [main] org.apache.catalina.startup.HostConfig.deployDirectory Deploying web application directory [/home/infoetu/baptiste.lavogiez.etu/BUT2/Semestre2/Webdev/tomcat/webapps/tp_chess]
10-Feb-2026 12:52:57.442 INFO [main] org.apache.jasper.servlet.TldScanner.scanJars At least one JAR was scanned for TLDs yet contained no TLDs. Enable debug logging for this logger for a complete list of JARs that were scanned but no TLDs were found in them. Skipping unneeded JARs during scanning can improve startup time and JSP compilation time.
10-Feb-2026 12:52:57.443 INFO [main] org.apache.catalina.startup.HostConfig.deployDirectory Deployment of web application directory [/home/infoetu/baptiste.lavogiez.etu/BUT2/Semestre2/Webdev/tomcat/webapps/tp_chess] has finished in [150] ms
10-Feb-2026 12:52:57.443 INFO [main] org.apache.catalina.startup.HostConfig.deployDirectory Deploying web application directory [/home/infoetu/baptiste.lavogiez.etu/BUT2/Semestre2/Webdev/tomcat/webapps/template]
10-Feb-2026 12:52:57.593 INFO [main] org.apache.jasper.servlet.TldScanner.scanJars At least one JAR was scanned for TLDs yet contained no TLDs. Enable debug logging for this logger for a complete list of JARs that were scanned but no TLDs were found in them. Skipping unneeded JARs during scanning can improve startup time and JSP compilation time.
10-Feb-2026 12:52:57.594 INFO [main] org.apache.catalina.startup.HostConfig.deployDirectory Deployment of web application directory [/home/infoetu/baptiste.lavogiez.etu/BUT2/Semestre2/Webdev/tomcat/webapps/template] has finished in [151] ms
10-Feb-2026 12:52:57.594 INFO [main] org.apache.catalina.startup.HostConfig.deployDirectory Deploying web application directory [/home/infoetu/baptiste.lavogiez.etu/BUT2/Semestre2/Webdev/tomcat/webapps/examples]
10-Feb-2026 12:52:57.902 INFO [main] org.apache.jasper.servlet.TldScanner.scanJars At least one JAR was scanned for TLDs yet contained no TLDs. Enable debug logging for this logger for a complete list of JARs that were scanned but no TLDs were found in them. Skipping unneeded JARs during scanning can improve startup time and JSP compilation time.
10-Feb-2026 12:52:57.913 INFO [main] org.apache.catalina.startup.HostConfig.deployDirectory Deployment of web application directory [/home/infoetu/baptiste.lavogiez.etu/BUT2/Semestre2/Webdev/tomcat/webapps/examples] has finished in [319] ms
10-Feb-2026 12:52:57.914 INFO [main] org.apache.catalina.startup.HostConfig.deployDirectory Deploying web application directory [/home/infoetu/baptiste.lavogiez.etu/BUT2/Semestre2/Webdev/tomcat/webapps/ctp]
10-Feb-2026 12:52:58.067 INFO [main] org.apache.jasper.servlet.TldScanner.scanJars At least one JAR was scanned for TLDs yet contained no TLDs. Enable debug logging for this logger for a complete list of JARs that were scanned but no TLDs were found in them. Skipping unneeded JARs during scanning can improve startup time and JSP compilation time.
10-Feb-2026 12:52:58.068 INFO [main] org.apache.catalina.startup.HostConfig.deployDirectory Deployment of web application directory [/home/infoetu/baptiste.lavogiez.etu/BUT2/Semestre2/Webdev/tomcat/webapps/ctp] has finished in [155] ms
10-Feb-2026 12:52:58.070 INFO [main] org.apache.coyote.AbstractProtocol.start Starting ProtocolHandler ["http-nio-8080"]
10-Feb-2026 12:52:58.075 INFO [main] org.apache.catalina.startup.Catalina.start Server startup in [2873] milliseconds
10-Feb-2026 13:01:19.853 INFO [Thread-1] org.apache.coyote.AbstractProtocol.pause Pausing ProtocolHandler ["http-nio-8080"]
10-Feb-2026 13:01:19.855 INFO [Thread-1] org.apache.catalina.core.StandardService.stopInternal Stopping service [Catalina]
10-Feb-2026 13:01:19.882 WARNING [Thread-1] org.apache.catalina.loader.WebappClassLoaderBase.clearReferencesJdbc The web application [ctp] registered the JDBC driver [org.h2.Driver] but failed to unregister it when the web application was stopped. To prevent a memory leak, the JDBC Driver has been forcibly unregistered.
10-Feb-2026 13:01:19.900 INFO [Thread-1] org.apache.coyote.AbstractProtocol.stop Stopping ProtocolHandler ["http-nio-8080"]
10-Feb-2026 13:01:19.908 INFO [Thread-1] org.apache.coyote.AbstractProtocol.destroy Destroying ProtocolHandler ["http-nio-8080"]
10-Feb-2026 13:01:20.942 INFO [main] org.apache.catalina.startup.VersionLoggerListener.log Server version name:   Apache Tomcat/11.0.13
10-Feb-2026 13:01:20.944 INFO [main] org.apache.catalina.startup.VersionLoggerListener.log Server built:          Oct 10 2025 13:57:31 UTC
10-Feb-2026 13:01:20.944 INFO [main] org.apache.catalina.startup.VersionLoggerListener.log Server version number: 11.0.13.0
10-Feb-2026 13:01:20.944 INFO [main] org.apache.catalina.startup.VersionLoggerListener.log OS Name:               Linux
10-Feb-2026 13:01:20.944 INFO [main] org.apache.catalina.startup.VersionLoggerListener.log OS Version:            6.1.0-40-amd64
10-Feb-2026 13:01:20.944 INFO [main] org.apache.catalina.startup.VersionLoggerListener.log Architecture:          amd64
10-Feb-2026 13:01:20.944 INFO [main] org.apache.catalina.startup.VersionLoggerListener.log Java Home:             /usr/lib/jvm/java-17-openjdk-amd64
10-Feb-2026 13:01:20.944 INFO [main] org.apache.catalina.startup.VersionLoggerListener.log JVM Version:           17.0.18+8-Debian-1deb12u1
10-Feb-2026 13:01:20.944 INFO [main] org.apache.catalina.startup.VersionLoggerListener.log JVM Vendor:            Debian
10-Feb-2026 13:01:20.944 INFO [main] org.apache.catalina.startup.VersionLoggerListener.log CATALINA_BASE:         /home/infoetu/baptiste.lavogiez.etu/BUT2/Semestre2/Webdev/tomcat
10-Feb-2026 13:01:20.945 INFO [main] org.apache.catalina.startup.VersionLoggerListener.log CATALINA_HOME:         /home/infoetu/baptiste.lavogiez.etu/BUT2/Semestre2/Webdev/tomcat
10-Feb-2026 13:01:20.950 INFO [main] org.apache.catalina.startup.VersionLoggerListener.log Command line argument: -Djava.util.logging.config.file=/home/infoetu/baptiste.lavogiez.etu/BUT2/Semestre2/Webdev/tomcat/conf/logging.properties
10-Feb-2026 13:01:20.950 INFO [main] org.apache.catalina.startup.VersionLoggerListener.log Command line argument: -Djava.util.logging.manager=org.apache.juli.ClassLoaderLogManager
10-Feb-2026 13:01:20.951 INFO [main] org.apache.catalina.startup.VersionLoggerListener.log Command line argument: -Djdk.tls.ephemeralDHKeySize=2048
10-Feb-2026 13:01:20.951 INFO [main] org.apache.catalina.startup.VersionLoggerListener.log Command line argument: -Dorg.apache.catalina.security.SecurityListener.UMASK=0027
10-Feb-2026 13:01:20.951 INFO [main] org.apache.catalina.startup.VersionLoggerListener.log Command line argument: --add-opens=java.base/java.lang=ALL-UNNAMED
10-Feb-2026 13:01:20.951 INFO [main] org.apache.catalina.startup.VersionLoggerListener.log Command line argument: --add-opens=java.base/java.lang.reflect=ALL-UNNAMED
10-Feb-2026 13:01:20.951 INFO [main] org.apache.catalina.startup.VersionLoggerListener.log Command line argument: --add-opens=java.base/java.io=ALL-UNNAMED
10-Feb-2026 13:01:20.951 INFO [main] org.apache.catalina.startup.VersionLoggerListener.log Command line argument: --add-opens=java.base/java.util=ALL-UNNAMED
10-Feb-2026 13:01:20.951 INFO [main] org.apache.catalina.startup.VersionLoggerListener.log Command line argument: --add-opens=java.base/java.util.concurrent=ALL-UNNAMED
10-Feb-2026 13:01:20.951 INFO [main] org.apache.catalina.startup.VersionLoggerListener.log Command line argument: --add-opens=java.rmi/sun.rmi.transport=ALL-UNNAMED
10-Feb-2026 13:01:20.951 INFO [main] org.apache.catalina.startup.VersionLoggerListener.log Command line argument: --enable-native-access=ALL-UNNAMED
10-Feb-2026 13:01:20.951 INFO [main] org.apache.catalina.startup.VersionLoggerListener.log Command line argument: -Dcatalina.base=/home/infoetu/baptiste.lavogiez.etu/BUT2/Semestre2/Webdev/tomcat
10-Feb-2026 13:01:20.951 INFO [main] org.apache.catalina.startup.VersionLoggerListener.log Command line argument: -Dcatalina.home=/home/infoetu/baptiste.lavogiez.etu/BUT2/Semestre2/Webdev/tomcat
10-Feb-2026 13:01:20.951 INFO [main] org.apache.catalina.startup.VersionLoggerListener.log Command line argument: -Djava.io.tmpdir=/home/infoetu/baptiste.lavogiez.etu/BUT2/Semestre2/Webdev/tomcat/temp
10-Feb-2026 13:01:20.952 INFO [main] org.apache.catalina.core.AprLifecycleListener.lifecycleEvent The Apache Tomcat Native library which allows using OpenSSL was not found on the java.library.path: [/usr/java/packages/lib:/usr/lib/x86_64-linux-gnu/jni:/lib/x86_64-linux-gnu:/usr/lib/x86_64-linux-gnu:/usr/lib/jni:/lib:/usr/lib]
10-Feb-2026 13:01:21.051 INFO [main] org.apache.coyote.AbstractProtocol.init Initializing ProtocolHandler ["http-nio-8080"]
10-Feb-2026 13:01:21.060 INFO [main] org.apache.catalina.startup.Catalina.load Server initialization in [187] milliseconds
10-Feb-2026 13:01:21.076 INFO [main] org.apache.catalina.core.StandardService.startInternal Starting service [Catalina]
10-Feb-2026 13:01:21.076 INFO [main] org.apache.catalina.core.StandardEngine.startInternal Starting Servlet engine: [Apache Tomcat/11.0.13]
10-Feb-2026 13:01:21.081 INFO [main] org.apache.catalina.startup.HostConfig.deployDirectory Deploying web application directory [/home/infoetu/baptiste.lavogiez.etu/BUT2/Semestre2/Webdev/tomcat/webapps/ctp-sample]
10-Feb-2026 13:01:21.399 INFO [main] org.apache.jasper.servlet.TldScanner.scanJars At least one JAR was scanned for TLDs yet contained no TLDs. Enable debug logging for this logger for a complete list of JARs that were scanned but no TLDs were found in them. Skipping unneeded JARs during scanning can improve startup time and JSP compilation time.
10-Feb-2026 13:01:21.412 INFO [main] org.apache.catalina.startup.HostConfig.deployDirectory Deployment of web application directory [/home/infoetu/baptiste.lavogiez.etu/BUT2/Semestre2/Webdev/tomcat/webapps/ctp-sample] has finished in [331] ms
10-Feb-2026 13:01:21.413 INFO [main] org.apache.catalina.startup.HostConfig.deployDirectory Deploying web application directory [/home/infoetu/baptiste.lavogiez.etu/BUT2/Semestre2/Webdev/tomcat/webapps/__MACOSX]
10-Feb-2026 13:01:21.566 INFO [main] org.apache.jasper.servlet.TldScanner.scanJars At least one JAR was scanned for TLDs yet contained no TLDs. Enable debug logging for this logger for a complete list of JARs that were scanned but no TLDs were found in them. Skipping unneeded JARs during scanning can improve startup time and JSP compilation time.
10-Feb-2026 13:01:21.567 INFO [main] org.apache.catalina.startup.HostConfig.deployDirectory Deployment of web application directory [/home/infoetu/baptiste.lavogiez.etu/BUT2/Semestre2/Webdev/tomcat/webapps/__MACOSX] has finished in [154] ms
10-Feb-2026 13:01:21.567 INFO [main] org.apache.catalina.startup.HostConfig.deployDirectory Deploying web application directory [/home/infoetu/baptiste.lavogiez.etu/BUT2/Semestre2/Webdev/tomcat/webapps/ROOT]
10-Feb-2026 13:01:21.722 INFO [main] org.apache.jasper.servlet.TldScanner.scanJars At least one JAR was scanned for TLDs yet contained no TLDs. Enable debug logging for this logger for a complete list of JARs that were scanned but no TLDs were found in them. Skipping unneeded JARs during scanning can improve startup time and JSP compilation time.
10-Feb-2026 13:01:21.724 INFO [main] org.apache.catalina.startup.HostConfig.deployDirectory Deployment of web application directory [/home/infoetu/baptiste.lavogiez.etu/BUT2/Semestre2/Webdev/tomcat/webapps/ROOT] has finished in [157] ms
10-Feb-2026 13:01:21.724 INFO [main] org.apache.catalina.startup.HostConfig.deployDirectory Deploying web application directory [/home/infoetu/baptiste.lavogiez.etu/BUT2/Semestre2/Webdev/tomcat/webapps/TP04]
10-Feb-2026 13:01:21.902 INFO [main] org.apache.jasper.servlet.TldScanner.scanJars At least one JAR was scanned for TLDs yet contained no TLDs. Enable debug logging for this logger for a complete list of JARs that were scanned but no TLDs were found in them. Skipping unneeded JARs during scanning can improve startup time and JSP compilation time.
10-Feb-2026 13:01:21.904 INFO [main] org.apache.catalina.startup.HostConfig.deployDirectory Deployment of web application directory [/home/infoetu/baptiste.lavogiez.etu/BUT2/Semestre2/Webdev/tomcat/webapps/TP04] has finished in [179] ms
10-Feb-2026 13:01:21.904 INFO [main] org.apache.catalina.startup.HostConfig.deployDirectory Deploying web application directory [/home/infoetu/baptiste.lavogiez.etu/BUT2/Semestre2/Webdev/tomcat/webapps/docs]
10-Feb-2026 13:01:22.058 INFO [main] org.apache.jasper.servlet.TldScanner.scanJars At least one JAR was scanned for TLDs yet contained no TLDs. Enable debug logging for this logger for a complete list of JARs that were scanned but no TLDs were found in them. Skipping unneeded JARs during scanning can improve startup time and JSP compilation time.
10-Feb-2026 13:01:22.059 INFO [main] org.apache.catalina.startup.HostConfig.deployDirectory Deployment of web application directory [/home/infoetu/baptiste.lavogiez.etu/BUT2/Semestre2/Webdev/tomcat/webapps/docs] has finished in [155] ms
10-Feb-2026 13:01:22.059 INFO [main] org.apache.catalina.startup.HostConfig.deployDirectory Deploying web application directory [/home/infoetu/baptiste.lavogiez.etu/BUT2/Semestre2/Webdev/tomcat/webapps/TP03-Partie2]
10-Feb-2026 13:01:22.215 INFO [main] org.apache.jasper.servlet.TldScanner.scanJars At least one JAR was scanned for TLDs yet contained no TLDs. Enable debug logging for this logger for a complete list of JARs that were scanned but no TLDs were found in them. Skipping unneeded JARs during scanning can improve startup time and JSP compilation time.
10-Feb-2026 13:01:22.216 INFO [main] org.apache.catalina.startup.HostConfig.deployDirectory Deployment of web application directory [/home/infoetu/baptiste.lavogiez.etu/BUT2/Semestre2/Webdev/tomcat/webapps/TP03-Partie2] has finished in [157] ms
10-Feb-2026 13:01:22.216 INFO [main] org.apache.catalina.startup.HostConfig.deployDirectory Deploying web application directory [/home/infoetu/baptiste.lavogiez.etu/BUT2/Semestre2/Webdev/tomcat/webapps/manager]
10-Feb-2026 13:01:22.360 INFO [main] org.apache.jasper.servlet.TldScanner.scanJars At least one JAR was scanned for TLDs yet contained no TLDs. Enable debug logging for this logger for a complete list of JARs that were scanned but no TLDs were found in them. Skipping unneeded JARs during scanning can improve startup time and JSP compilation time.
10-Feb-2026 13:01:22.363 INFO [main] org.apache.catalina.startup.HostConfig.deployDirectory Deployment of web application directory [/home/infoetu/baptiste.lavogiez.etu/BUT2/Semestre2/Webdev/tomcat/webapps/manager] has finished in [146] ms
10-Feb-2026 13:01:22.363 INFO [main] org.apache.catalina.startup.HostConfig.deployDirectory Deploying web application directory [/home/infoetu/baptiste.lavogiez.etu/BUT2/Semestre2/Webdev/tomcat/webapps/TP02]
10-Feb-2026 13:01:22.518 INFO [main] org.apache.jasper.servlet.TldScanner.scanJars At least one JAR was scanned for TLDs yet contained no TLDs. Enable debug logging for this logger for a complete list of JARs that were scanned but no TLDs were found in them. Skipping unneeded JARs during scanning can improve startup time and JSP compilation time.
10-Feb-2026 13:01:22.519 INFO [main] org.apache.catalina.startup.HostConfig.deployDirectory Deployment of web application directory [/home/infoetu/baptiste.lavogiez.etu/BUT2/Semestre2/Webdev/tomcat/webapps/TP02] has finished in [155] ms
10-Feb-2026 13:01:22.519 INFO [main] org.apache.catalina.startup.HostConfig.deployDirectory Deploying web application directory [/home/infoetu/baptiste.lavogiez.etu/BUT2/Semestre2/Webdev/tomcat/webapps/ctp1]
10-Feb-2026 13:01:22.681 INFO [main] org.apache.jasper.servlet.TldScanner.scanJars At least one JAR was scanned for TLDs yet contained no TLDs. Enable debug logging for this logger for a complete list of JARs that were scanned but no TLDs were found in them. Skipping unneeded JARs during scanning can improve startup time and JSP compilation time.
10-Feb-2026 13:01:22.682 INFO [main] org.apache.catalina.startup.HostConfig.deployDirectory Deployment of web application directory [/home/infoetu/baptiste.lavogiez.etu/BUT2/Semestre2/Webdev/tomcat/webapps/ctp1] has finished in [163] ms
10-Feb-2026 13:01:22.683 INFO [main] org.apache.catalina.startup.HostConfig.deployDirectory Deploying web application directory [/home/infoetu/baptiste.lavogiez.etu/BUT2/Semestre2/Webdev/tomcat/webapps/TP03]
10-Feb-2026 13:01:22.833 INFO [main] org.apache.jasper.servlet.TldScanner.scanJars At least one JAR was scanned for TLDs yet contained no TLDs. Enable debug logging for this logger for a complete list of JARs that were scanned but no TLDs were found in them. Skipping unneeded JARs during scanning can improve startup time and JSP compilation time.
10-Feb-2026 13:01:22.834 INFO [main] org.apache.catalina.startup.HostConfig.deployDirectory Deployment of web application directory [/home/infoetu/baptiste.lavogiez.etu/BUT2/Semestre2/Webdev/tomcat/webapps/TP03] has finished in [151] ms
10-Feb-2026 13:01:22.834 INFO [main] org.apache.catalina.startup.HostConfig.deployDirectory Deploying web application directory [/home/infoetu/baptiste.lavogiez.etu/BUT2/Semestre2/Webdev/tomcat/webapps/TP01]
10-Feb-2026 13:01:22.977 INFO [main] org.apache.jasper.servlet.TldScanner.scanJars At least one JAR was scanned for TLDs yet contained no TLDs. Enable debug logging for this logger for a complete list of JARs that were scanned but no TLDs were found in them. Skipping unneeded JARs during scanning can improve startup time and JSP compilation time.
10-Feb-2026 13:01:22.978 INFO [main] org.apache.catalina.startup.HostConfig.deployDirectory Deployment of web application directory [/home/infoetu/baptiste.lavogiez.etu/BUT2/Semestre2/Webdev/tomcat/webapps/TP01] has finished in [144] ms
10-Feb-2026 13:01:22.978 INFO [main] org.apache.catalina.startup.HostConfig.deployDirectory Deploying web application directory [/home/infoetu/baptiste.lavogiez.etu/BUT2/Semestre2/Webdev/tomcat/webapps/host-manager]
10-Feb-2026 13:01:23.123 INFO [main] org.apache.jasper.servlet.TldScanner.scanJars At least one JAR was scanned for TLDs yet contained no TLDs. Enable debug logging for this logger for a complete list of JARs that were scanned but no TLDs were found in them. Skipping unneeded JARs during scanning can improve startup time and JSP compilation time.
10-Feb-2026 13:01:23.124 INFO [main] org.apache.catalina.startup.HostConfig.deployDirectory Deployment of web application directory [/home/infoetu/baptiste.lavogiez.etu/BUT2/Semestre2/Webdev/tomcat/webapps/host-manager] has finished in [146] ms
10-Feb-2026 13:01:23.124 INFO [main] org.apache.catalina.startup.HostConfig.deployDirectory Deploying web application directory [/home/infoetu/baptiste.lavogiez.etu/BUT2/Semestre2/Webdev/tomcat/webapps/tp_chess]
10-Feb-2026 13:01:23.274 INFO [main] org.apache.jasper.servlet.TldScanner.scanJars At least one JAR was scanned for TLDs yet contained no TLDs. Enable debug logging for this logger for a complete list of JARs that were scanned but no TLDs were found in them. Skipping unneeded JARs during scanning can improve startup time and JSP compilation time.
10-Feb-2026 13:01:23.275 INFO [main] org.apache.catalina.startup.HostConfig.deployDirectory Deployment of web application directory [/home/infoetu/baptiste.lavogiez.etu/BUT2/Semestre2/Webdev/tomcat/webapps/tp_chess] has finished in [151] ms
10-Feb-2026 13:01:23.275 INFO [main] org.apache.catalina.startup.HostConfig.deployDirectory Deploying web application directory [/home/infoetu/baptiste.lavogiez.etu/BUT2/Semestre2/Webdev/tomcat/webapps/template]
10-Feb-2026 13:01:23.427 INFO [main] org.apache.jasper.servlet.TldScanner.scanJars At least one JAR was scanned for TLDs yet contained no TLDs. Enable debug logging for this logger for a complete list of JARs that were scanned but no TLDs were found in them. Skipping unneeded JARs during scanning can improve startup time and JSP compilation time.
10-Feb-2026 13:01:23.428 INFO [main] org.apache.catalina.startup.HostConfig.deployDirectory Deployment of web application directory [/home/infoetu/baptiste.lavogiez.etu/BUT2/Semestre2/Webdev/tomcat/webapps/template] has finished in [153] ms
10-Feb-2026 13:01:23.428 INFO [main] org.apache.catalina.startup.HostConfig.deployDirectory Deploying web application directory [/home/infoetu/baptiste.lavogiez.etu/BUT2/Semestre2/Webdev/tomcat/webapps/examples]
10-Feb-2026 13:01:23.741 INFO [main] org.apache.jasper.servlet.TldScanner.scanJars At least one JAR was scanned for TLDs yet contained no TLDs. Enable debug logging for this logger for a complete list of JARs that were scanned but no TLDs were found in them. Skipping unneeded JARs during scanning can improve startup time and JSP compilation time.
10-Feb-2026 13:01:23.754 INFO [main] org.apache.catalina.startup.HostConfig.deployDirectory Deployment of web application directory [/home/infoetu/baptiste.lavogiez.etu/BUT2/Semestre2/Webdev/tomcat/webapps/examples] has finished in [326] ms
10-Feb-2026 13:01:23.754 INFO [main] org.apache.catalina.startup.HostConfig.deployDirectory Deploying web application directory [/home/infoetu/baptiste.lavogiez.etu/BUT2/Semestre2/Webdev/tomcat/webapps/ctp]
10-Feb-2026 13:01:23.912 INFO [main] org.apache.jasper.servlet.TldScanner.scanJars At least one JAR was scanned for TLDs yet contained no TLDs. Enable debug logging for this logger for a complete list of JARs that were scanned but no TLDs were found in them. Skipping unneeded JARs during scanning can improve startup time and JSP compilation time.
10-Feb-2026 13:01:23.914 INFO [main] org.apache.catalina.startup.HostConfig.deployDirectory Deployment of web application directory [/home/infoetu/baptiste.lavogiez.etu/BUT2/Semestre2/Webdev/tomcat/webapps/ctp] has finished in [160] ms
10-Feb-2026 13:01:23.916 INFO [main] org.apache.coyote.AbstractProtocol.start Starting ProtocolHandler ["http-nio-8080"]
10-Feb-2026 13:01:23.921 INFO [main] org.apache.catalina.startup.Catalina.start Server startup in [2860] milliseconds
10-Feb-2026 13:05:18.351 INFO [Thread-1] org.apache.coyote.AbstractProtocol.pause Pausing ProtocolHandler ["http-nio-8080"]
10-Feb-2026 13:05:18.353 INFO [Thread-1] org.apache.catalina.core.StandardService.stopInternal Stopping service [Catalina]
10-Feb-2026 13:05:18.375 WARNING [Thread-1] org.apache.catalina.loader.WebappClassLoaderBase.clearReferencesJdbc The web application [ctp] registered the JDBC driver [org.h2.Driver] but failed to unregister it when the web application was stopped. To prevent a memory leak, the JDBC Driver has been forcibly unregistered.
10-Feb-2026 13:05:18.394 INFO [Thread-1] org.apache.coyote.AbstractProtocol.stop Stopping ProtocolHandler ["http-nio-8080"]
10-Feb-2026 13:05:18.406 INFO [Thread-1] org.apache.coyote.AbstractProtocol.destroy Destroying ProtocolHandler ["http-nio-8080"]
10-Feb-2026 13:05:19.193 INFO [main] org.apache.catalina.startup.VersionLoggerListener.log Server version name:   Apache Tomcat/11.0.13
10-Feb-2026 13:05:19.195 INFO [main] org.apache.catalina.startup.VersionLoggerListener.log Server built:          Oct 10 2025 13:57:31 UTC
10-Feb-2026 13:05:19.195 INFO [main] org.apache.catalina.startup.VersionLoggerListener.log Server version number: 11.0.13.0
10-Feb-2026 13:05:19.195 INFO [main] org.apache.catalina.startup.VersionLoggerListener.log OS Name:               Linux
10-Feb-2026 13:05:19.195 INFO [main] org.apache.catalina.startup.VersionLoggerListener.log OS Version:            6.1.0-40-amd64
10-Feb-2026 13:05:19.195 INFO [main] org.apache.catalina.startup.VersionLoggerListener.log Architecture:          amd64
10-Feb-2026 13:05:19.195 INFO [main] org.apache.catalina.startup.VersionLoggerListener.log Java Home:             /usr/lib/jvm/java-17-openjdk-amd64
10-Feb-2026 13:05:19.195 INFO [main] org.apache.catalina.startup.VersionLoggerListener.log JVM Version:           17.0.18+8-Debian-1deb12u1
10-Feb-2026 13:05:19.195 INFO [main] org.apache.catalina.startup.VersionLoggerListener.log JVM Vendor:            Debian
10-Feb-2026 13:05:19.195 INFO [main] org.apache.catalina.startup.VersionLoggerListener.log CATALINA_BASE:         /home/infoetu/baptiste.lavogiez.etu/BUT2/Semestre2/Webdev/tomcat
10-Feb-2026 13:05:19.195 INFO [main] org.apache.catalina.startup.VersionLoggerListener.log CATALINA_HOME:         /home/infoetu/baptiste.lavogiez.etu/BUT2/Semestre2/Webdev/tomcat
10-Feb-2026 13:05:19.199 INFO [main] org.apache.catalina.startup.VersionLoggerListener.log Command line argument: -Djava.util.logging.config.file=/home/infoetu/baptiste.lavogiez.etu/BUT2/Semestre2/Webdev/tomcat/conf/logging.properties
10-Feb-2026 13:05:19.199 INFO [main] org.apache.catalina.startup.VersionLoggerListener.log Command line argument: -Djava.util.logging.manager=org.apache.juli.ClassLoaderLogManager
10-Feb-2026 13:05:19.199 INFO [main] org.apache.catalina.startup.VersionLoggerListener.log Command line argument: -Djdk.tls.ephemeralDHKeySize=2048
10-Feb-2026 13:05:19.199 INFO [main] org.apache.catalina.startup.VersionLoggerListener.log Command line argument: -Dorg.apache.catalina.security.SecurityListener.UMASK=0027
10-Feb-2026 13:05:19.199 INFO [main] org.apache.catalina.startup.VersionLoggerListener.log Command line argument: --add-opens=java.base/java.lang=ALL-UNNAMED
10-Feb-2026 13:05:19.200 INFO [main] org.apache.catalina.startup.VersionLoggerListener.log Command line argument: --add-opens=java.base/java.lang.reflect=ALL-UNNAMED
10-Feb-2026 13:05:19.200 INFO [main] org.apache.catalina.startup.VersionLoggerListener.log Command line argument: --add-opens=java.base/java.io=ALL-UNNAMED
10-Feb-2026 13:05:19.200 INFO [main] org.apache.catalina.startup.VersionLoggerListener.log Command line argument: --add-opens=java.base/java.util=ALL-UNNAMED
10-Feb-2026 13:05:19.200 INFO [main] org.apache.catalina.startup.VersionLoggerListener.log Command line argument: --add-opens=java.base/java.util.concurrent=ALL-UNNAMED
10-Feb-2026 13:05:19.200 INFO [main] org.apache.catalina.startup.VersionLoggerListener.log Command line argument: --add-opens=java.rmi/sun.rmi.transport=ALL-UNNAMED
10-Feb-2026 13:05:19.200 INFO [main] org.apache.catalina.startup.VersionLoggerListener.log Command line argument: --enable-native-access=ALL-UNNAMED
10-Feb-2026 13:05:19.200 INFO [main] org.apache.catalina.startup.VersionLoggerListener.log Command line argument: -Dcatalina.base=/home/infoetu/baptiste.lavogiez.etu/BUT2/Semestre2/Webdev/tomcat
10-Feb-2026 13:05:19.200 INFO [main] org.apache.catalina.startup.VersionLoggerListener.log Command line argument: -Dcatalina.home=/home/infoetu/baptiste.lavogiez.etu/BUT2/Semestre2/Webdev/tomcat
10-Feb-2026 13:05:19.200 INFO [main] org.apache.catalina.startup.VersionLoggerListener.log Command line argument: -Djava.io.tmpdir=/home/infoetu/baptiste.lavogiez.etu/BUT2/Semestre2/Webdev/tomcat/temp
10-Feb-2026 13:05:19.201 INFO [main] org.apache.catalina.core.AprLifecycleListener.lifecycleEvent The Apache Tomcat Native library which allows using OpenSSL was not found on the java.library.path: [/usr/java/packages/lib:/usr/lib/x86_64-linux-gnu/jni:/lib/x86_64-linux-gnu:/usr/lib/x86_64-linux-gnu:/usr/lib/jni:/lib:/usr/lib]
10-Feb-2026 13:05:19.299 INFO [main] org.apache.coyote.AbstractProtocol.init Initializing ProtocolHandler ["http-nio-8080"]
10-Feb-2026 13:05:19.308 INFO [main] org.apache.catalina.startup.Catalina.load Server initialization in [183] milliseconds
10-Feb-2026 13:05:19.325 INFO [main] org.apache.catalina.core.StandardService.startInternal Starting service [Catalina]
10-Feb-2026 13:05:19.325 INFO [main] org.apache.catalina.core.StandardEngine.startInternal Starting Servlet engine: [Apache Tomcat/11.0.13]
10-Feb-2026 13:05:19.330 INFO [main] org.apache.catalina.startup.HostConfig.deployDirectory Deploying web application directory [/home/infoetu/baptiste.lavogiez.etu/BUT2/Semestre2/Webdev/tomcat/webapps/ctp-sample]
10-Feb-2026 13:05:19.653 INFO [main] org.apache.jasper.servlet.TldScanner.scanJars At least one JAR was scanned for TLDs yet contained no TLDs. Enable debug logging for this logger for a complete list of JARs that were scanned but no TLDs were found in them. Skipping unneeded JARs during scanning can improve startup time and JSP compilation time.
10-Feb-2026 13:05:19.668 INFO [main] org.apache.catalina.startup.HostConfig.deployDirectory Deployment of web application directory [/home/infoetu/baptiste.lavogiez.etu/BUT2/Semestre2/Webdev/tomcat/webapps/ctp-sample] has finished in [337] ms
10-Feb-2026 13:05:19.668 INFO [main] org.apache.catalina.startup.HostConfig.deployDirectory Deploying web application directory [/home/infoetu/baptiste.lavogiez.etu/BUT2/Semestre2/Webdev/tomcat/webapps/__MACOSX]
10-Feb-2026 13:05:19.819 INFO [main] org.apache.jasper.servlet.TldScanner.scanJars At least one JAR was scanned for TLDs yet contained no TLDs. Enable debug logging for this logger for a complete list of JARs that were scanned but no TLDs were found in them. Skipping unneeded JARs during scanning can improve startup time and JSP compilation time.
10-Feb-2026 13:05:19.821 INFO [main] org.apache.catalina.startup.HostConfig.deployDirectory Deployment of web application directory [/home/infoetu/baptiste.lavogiez.etu/BUT2/Semestre2/Webdev/tomcat/webapps/__MACOSX] has finished in [153] ms
10-Feb-2026 13:05:19.821 INFO [main] org.apache.catalina.startup.HostConfig.deployDirectory Deploying web application directory [/home/infoetu/baptiste.lavogiez.etu/BUT2/Semestre2/Webdev/tomcat/webapps/ROOT]
10-Feb-2026 13:05:19.970 INFO [main] org.apache.jasper.servlet.TldScanner.scanJars At least one JAR was scanned for TLDs yet contained no TLDs. Enable debug logging for this logger for a complete list of JARs that were scanned but no TLDs were found in them. Skipping unneeded JARs during scanning can improve startup time and JSP compilation time.
10-Feb-2026 13:05:19.971 INFO [main] org.apache.catalina.startup.HostConfig.deployDirectory Deployment of web application directory [/home/infoetu/baptiste.lavogiez.etu/BUT2/Semestre2/Webdev/tomcat/webapps/ROOT] has finished in [150] ms
10-Feb-2026 13:05:19.971 INFO [main] org.apache.catalina.startup.HostConfig.deployDirectory Deploying web application directory [/home/infoetu/baptiste.lavogiez.etu/BUT2/Semestre2/Webdev/tomcat/webapps/TP04]
10-Feb-2026 13:05:20.147 INFO [main] org.apache.jasper.servlet.TldScanner.scanJars At least one JAR was scanned for TLDs yet contained no TLDs. Enable debug logging for this logger for a complete list of JARs that were scanned but no TLDs were found in them. Skipping unneeded JARs during scanning can improve startup time and JSP compilation time.
10-Feb-2026 13:05:20.148 INFO [main] org.apache.catalina.startup.HostConfig.deployDirectory Deployment of web application directory [/home/infoetu/baptiste.lavogiez.etu/BUT2/Semestre2/Webdev/tomcat/webapps/TP04] has finished in [177] ms
10-Feb-2026 13:05:20.148 INFO [main] org.apache.catalina.startup.HostConfig.deployDirectory Deploying web application directory [/home/infoetu/baptiste.lavogiez.etu/BUT2/Semestre2/Webdev/tomcat/webapps/docs]
10-Feb-2026 13:05:20.294 INFO [main] org.apache.jasper.servlet.TldScanner.scanJars At least one JAR was scanned for TLDs yet contained no TLDs. Enable debug logging for this logger for a complete list of JARs that were scanned but no TLDs were found in them. Skipping unneeded JARs during scanning can improve startup time and JSP compilation time.
10-Feb-2026 13:05:20.294 INFO [main] org.apache.catalina.startup.HostConfig.deployDirectory Deployment of web application directory [/home/infoetu/baptiste.lavogiez.etu/BUT2/Semestre2/Webdev/tomcat/webapps/docs] has finished in [146] ms
10-Feb-2026 13:05:20.295 INFO [main] org.apache.catalina.startup.HostConfig.deployDirectory Deploying web application directory [/home/infoetu/baptiste.lavogiez.etu/BUT2/Semestre2/Webdev/tomcat/webapps/TP03-Partie2]
10-Feb-2026 13:05:20.447 INFO [main] org.apache.jasper.servlet.TldScanner.scanJars At least one JAR was scanned for TLDs yet contained no TLDs. Enable debug logging for this logger for a complete list of JARs that were scanned but no TLDs were found in them. Skipping unneeded JARs during scanning can improve startup time and JSP compilation time.
10-Feb-2026 13:05:20.448 INFO [main] org.apache.catalina.startup.HostConfig.deployDirectory Deployment of web application directory [/home/infoetu/baptiste.lavogiez.etu/BUT2/Semestre2/Webdev/tomcat/webapps/TP03-Partie2] has finished in [153] ms
10-Feb-2026 13:05:20.448 INFO [main] org.apache.catalina.startup.HostConfig.deployDirectory Deploying web application directory [/home/infoetu/baptiste.lavogiez.etu/BUT2/Semestre2/Webdev/tomcat/webapps/manager]
10-Feb-2026 13:05:20.593 INFO [main] org.apache.jasper.servlet.TldScanner.scanJars At least one JAR was scanned for TLDs yet contained no TLDs. Enable debug logging for this logger for a complete list of JARs that were scanned but no TLDs were found in them. Skipping unneeded JARs during scanning can improve startup time and JSP compilation time.
10-Feb-2026 13:05:20.595 INFO [main] org.apache.catalina.startup.HostConfig.deployDirectory Deployment of web application directory [/home/infoetu/baptiste.lavogiez.etu/BUT2/Semestre2/Webdev/tomcat/webapps/manager] has finished in [147] ms
10-Feb-2026 13:05:20.595 INFO [main] org.apache.catalina.startup.HostConfig.deployDirectory Deploying web application directory [/home/infoetu/baptiste.lavogiez.etu/BUT2/Semestre2/Webdev/tomcat/webapps/TP02]
10-Feb-2026 13:05:20.747 INFO [main] org.apache.jasper.servlet.TldScanner.scanJars At least one JAR was scanned for TLDs yet contained no TLDs. Enable debug logging for this logger for a complete list of JARs that were scanned but no TLDs were found in them. Skipping unneeded JARs during scanning can improve startup time and JSP compilation time.
10-Feb-2026 13:05:20.748 INFO [main] org.apache.catalina.startup.HostConfig.deployDirectory Deployment of web application directory [/home/infoetu/baptiste.lavogiez.etu/BUT2/Semestre2/Webdev/tomcat/webapps/TP02] has finished in [153] ms
10-Feb-2026 13:05:20.748 INFO [main] org.apache.catalina.startup.HostConfig.deployDirectory Deploying web application directory [/home/infoetu/baptiste.lavogiez.etu/BUT2/Semestre2/Webdev/tomcat/webapps/ctp1]
10-Feb-2026 13:05:20.909 INFO [main] org.apache.jasper.servlet.TldScanner.scanJars At least one JAR was scanned for TLDs yet contained no TLDs. Enable debug logging for this logger for a complete list of JARs that were scanned but no TLDs were found in them. Skipping unneeded JARs during scanning can improve startup time and JSP compilation time.
10-Feb-2026 13:05:20.910 INFO [main] org.apache.catalina.startup.HostConfig.deployDirectory Deployment of web application directory [/home/infoetu/baptiste.lavogiez.etu/BUT2/Semestre2/Webdev/tomcat/webapps/ctp1] has finished in [161] ms
10-Feb-2026 13:05:20.910 INFO [main] org.apache.catalina.startup.HostConfig.deployDirectory Deploying web application directory [/home/infoetu/baptiste.lavogiez.etu/BUT2/Semestre2/Webdev/tomcat/webapps/TP03]
10-Feb-2026 13:05:21.058 INFO [main] org.apache.jasper.servlet.TldScanner.scanJars At least one JAR was scanned for TLDs yet contained no TLDs. Enable debug logging for this logger for a complete list of JARs that were scanned but no TLDs were found in them. Skipping unneeded JARs during scanning can improve startup time and JSP compilation time.
10-Feb-2026 13:05:21.059 INFO [main] org.apache.catalina.startup.HostConfig.deployDirectory Deployment of web application directory [/home/infoetu/baptiste.lavogiez.etu/BUT2/Semestre2/Webdev/tomcat/webapps/TP03] has finished in [149] ms
10-Feb-2026 13:05:21.059 INFO [main] org.apache.catalina.startup.HostConfig.deployDirectory Deploying web application directory [/home/infoetu/baptiste.lavogiez.etu/BUT2/Semestre2/Webdev/tomcat/webapps/TP01]
10-Feb-2026 13:05:21.200 INFO [main] org.apache.jasper.servlet.TldScanner.scanJars At least one JAR was scanned for TLDs yet contained no TLDs. Enable debug logging for this logger for a complete list of JARs that were scanned but no TLDs were found in them. Skipping unneeded JARs during scanning can improve startup time and JSP compilation time.
10-Feb-2026 13:05:21.201 INFO [main] org.apache.catalina.startup.HostConfig.deployDirectory Deployment of web application directory [/home/infoetu/baptiste.lavogiez.etu/BUT2/Semestre2/Webdev/tomcat/webapps/TP01] has finished in [142] ms
10-Feb-2026 13:05:21.202 INFO [main] org.apache.catalina.startup.HostConfig.deployDirectory Deploying web application directory [/home/infoetu/baptiste.lavogiez.etu/BUT2/Semestre2/Webdev/tomcat/webapps/host-manager]
10-Feb-2026 13:05:21.344 INFO [main] org.apache.jasper.servlet.TldScanner.scanJars At least one JAR was scanned for TLDs yet contained no TLDs. Enable debug logging for this logger for a complete list of JARs that were scanned but no TLDs were found in them. Skipping unneeded JARs during scanning can improve startup time and JSP compilation time.
10-Feb-2026 13:05:21.345 INFO [main] org.apache.catalina.startup.HostConfig.deployDirectory Deployment of web application directory [/home/infoetu/baptiste.lavogiez.etu/BUT2/Semestre2/Webdev/tomcat/webapps/host-manager] has finished in [144] ms
10-Feb-2026 13:05:21.345 INFO [main] org.apache.catalina.startup.HostConfig.deployDirectory Deploying web application directory [/home/infoetu/baptiste.lavogiez.etu/BUT2/Semestre2/Webdev/tomcat/webapps/tp_chess]
10-Feb-2026 13:05:21.497 INFO [main] org.apache.jasper.servlet.TldScanner.scanJars At least one JAR was scanned for TLDs yet contained no TLDs. Enable debug logging for this logger for a complete list of JARs that were scanned but no TLDs were found in them. Skipping unneeded JARs during scanning can improve startup time and JSP compilation time.
10-Feb-2026 13:05:21.498 INFO [main] org.apache.catalina.startup.HostConfig.deployDirectory Deployment of web application directory [/home/infoetu/baptiste.lavogiez.etu/BUT2/Semestre2/Webdev/tomcat/webapps/tp_chess] has finished in [153] ms
10-Feb-2026 13:05:21.498 INFO [main] org.apache.catalina.startup.HostConfig.deployDirectory Deploying web application directory [/home/infoetu/baptiste.lavogiez.etu/BUT2/Semestre2/Webdev/tomcat/webapps/template]
10-Feb-2026 13:05:21.648 INFO [main] org.apache.jasper.servlet.TldScanner.scanJars At least one JAR was scanned for TLDs yet contained no TLDs. Enable debug logging for this logger for a complete list of JARs that were scanned but no TLDs were found in them. Skipping unneeded JARs during scanning can improve startup time and JSP compilation time.
10-Feb-2026 13:05:21.649 INFO [main] org.apache.catalina.startup.HostConfig.deployDirectory Deployment of web application directory [/home/infoetu/baptiste.lavogiez.etu/BUT2/Semestre2/Webdev/tomcat/webapps/template] has finished in [151] ms
10-Feb-2026 13:05:21.649 INFO [main] org.apache.catalina.startup.HostConfig.deployDirectory Deploying web application directory [/home/infoetu/baptiste.lavogiez.etu/BUT2/Semestre2/Webdev/tomcat/webapps/examples]
10-Feb-2026 13:05:21.961 INFO [main] org.apache.jasper.servlet.TldScanner.scanJars At least one JAR was scanned for TLDs yet contained no TLDs. Enable debug logging for this logger for a complete list of JARs that were scanned but no TLDs were found in them. Skipping unneeded JARs during scanning can improve startup time and JSP compilation time.
10-Feb-2026 13:05:21.974 INFO [main] org.apache.catalina.startup.HostConfig.deployDirectory Deployment of web application directory [/home/infoetu/baptiste.lavogiez.etu/BUT2/Semestre2/Webdev/tomcat/webapps/examples] has finished in [325] ms
10-Feb-2026 13:05:21.975 INFO [main] org.apache.catalina.startup.HostConfig.deployDirectory Deploying web application directory [/home/infoetu/baptiste.lavogiez.etu/BUT2/Semestre2/Webdev/tomcat/webapps/ctp]
10-Feb-2026 13:05:22.127 INFO [main] org.apache.jasper.servlet.TldScanner.scanJars At least one JAR was scanned for TLDs yet contained no TLDs. Enable debug logging for this logger for a complete list of JARs that were scanned but no TLDs were found in them. Skipping unneeded JARs during scanning can improve startup time and JSP compilation time.
10-Feb-2026 13:05:22.128 INFO [main] org.apache.catalina.startup.HostConfig.deployDirectory Deployment of web application directory [/home/infoetu/baptiste.lavogiez.etu/BUT2/Semestre2/Webdev/tomcat/webapps/ctp] has finished in [154] ms
10-Feb-2026 13:05:22.130 INFO [main] org.apache.coyote.AbstractProtocol.start Starting ProtocolHandler ["http-nio-8080"]
10-Feb-2026 13:05:22.135 INFO [main] org.apache.catalina.startup.Catalina.start Server startup in [2827] milliseconds
10-Feb-2026 13:14:10.355 INFO [Thread-1] org.apache.coyote.AbstractProtocol.pause Pausing ProtocolHandler ["http-nio-8080"]
10-Feb-2026 13:14:10.357 INFO [Thread-1] org.apache.catalina.core.StandardService.stopInternal Stopping service [Catalina]
10-Feb-2026 13:14:10.378 WARNING [Thread-1] org.apache.catalina.loader.WebappClassLoaderBase.clearReferencesJdbc The web application [ctp] registered the JDBC driver [org.h2.Driver] but failed to unregister it when the web application was stopped. To prevent a memory leak, the JDBC Driver has been forcibly unregistered.
10-Feb-2026 13:14:10.397 INFO [Thread-1] org.apache.coyote.AbstractProtocol.stop Stopping ProtocolHandler ["http-nio-8080"]
10-Feb-2026 13:14:10.400 INFO [Thread-1] org.apache.coyote.AbstractProtocol.destroy Destroying ProtocolHandler ["http-nio-8080"]
10-Feb-2026 13:14:11.190 INFO [main] org.apache.catalina.startup.VersionLoggerListener.log Server version name:   Apache Tomcat/11.0.13
10-Feb-2026 13:14:11.192 INFO [main] org.apache.catalina.startup.VersionLoggerListener.log Server built:          Oct 10 2025 13:57:31 UTC
10-Feb-2026 13:14:11.193 INFO [main] org.apache.catalina.startup.VersionLoggerListener.log Server version number: 11.0.13.0
10-Feb-2026 13:14:11.193 INFO [main] org.apache.catalina.startup.VersionLoggerListener.log OS Name:               Linux
10-Feb-2026 13:14:11.193 INFO [main] org.apache.catalina.startup.VersionLoggerListener.log OS Version:            6.1.0-40-amd64
10-Feb-2026 13:14:11.193 INFO [main] org.apache.catalina.startup.VersionLoggerListener.log Architecture:          amd64
10-Feb-2026 13:14:11.193 INFO [main] org.apache.catalina.startup.VersionLoggerListener.log Java Home:             /usr/lib/jvm/java-17-openjdk-amd64
10-Feb-2026 13:14:11.193 INFO [main] org.apache.catalina.startup.VersionLoggerListener.log JVM Version:           17.0.18+8-Debian-1deb12u1
10-Feb-2026 13:14:11.193 INFO [main] org.apache.catalina.startup.VersionLoggerListener.log JVM Vendor:            Debian
10-Feb-2026 13:14:11.193 INFO [main] org.apache.catalina.startup.VersionLoggerListener.log CATALINA_BASE:         /home/infoetu/baptiste.lavogiez.etu/BUT2/Semestre2/Webdev/tomcat
10-Feb-2026 13:14:11.193 INFO [main] org.apache.catalina.startup.VersionLoggerListener.log CATALINA_HOME:         /home/infoetu/baptiste.lavogiez.etu/BUT2/Semestre2/Webdev/tomcat
10-Feb-2026 13:14:11.196 INFO [main] org.apache.catalina.startup.VersionLoggerListener.log Command line argument: -Djava.util.logging.config.file=/home/infoetu/baptiste.lavogiez.etu/BUT2/Semestre2/Webdev/tomcat/conf/logging.properties
10-Feb-2026 13:14:11.196 INFO [main] org.apache.catalina.startup.VersionLoggerListener.log Command line argument: -Djava.util.logging.manager=org.apache.juli.ClassLoaderLogManager
10-Feb-2026 13:14:11.197 INFO [main] org.apache.catalina.startup.VersionLoggerListener.log Command line argument: -Djdk.tls.ephemeralDHKeySize=2048
10-Feb-2026 13:14:11.197 INFO [main] org.apache.catalina.startup.VersionLoggerListener.log Command line argument: -Dorg.apache.catalina.security.SecurityListener.UMASK=0027
10-Feb-2026 13:14:11.197 INFO [main] org.apache.catalina.startup.VersionLoggerListener.log Command line argument: --add-opens=java.base/java.lang=ALL-UNNAMED
10-Feb-2026 13:14:11.197 INFO [main] org.apache.catalina.startup.VersionLoggerListener.log Command line argument: --add-opens=java.base/java.lang.reflect=ALL-UNNAMED
10-Feb-2026 13:14:11.197 INFO [main] org.apache.catalina.startup.VersionLoggerListener.log Command line argument: --add-opens=java.base/java.io=ALL-UNNAMED
10-Feb-2026 13:14:11.197 INFO [main] org.apache.catalina.startup.VersionLoggerListener.log Command line argument: --add-opens=java.base/java.util=ALL-UNNAMED
10-Feb-2026 13:14:11.197 INFO [main] org.apache.catalina.startup.VersionLoggerListener.log Command line argument: --add-opens=java.base/java.util.concurrent=ALL-UNNAMED
10-Feb-2026 13:14:11.197 INFO [main] org.apache.catalina.startup.VersionLoggerListener.log Command line argument: --add-opens=java.rmi/sun.rmi.transport=ALL-UNNAMED
10-Feb-2026 13:14:11.197 INFO [main] org.apache.catalina.startup.VersionLoggerListener.log Command line argument: --enable-native-access=ALL-UNNAMED
10-Feb-2026 13:14:11.197 INFO [main] org.apache.catalina.startup.VersionLoggerListener.log Command line argument: -Dcatalina.base=/home/infoetu/baptiste.lavogiez.etu/BUT2/Semestre2/Webdev/tomcat
10-Feb-2026 13:14:11.197 INFO [main] org.apache.catalina.startup.VersionLoggerListener.log Command line argument: -Dcatalina.home=/home/infoetu/baptiste.lavogiez.etu/BUT2/Semestre2/Webdev/tomcat
10-Feb-2026 13:14:11.197 INFO [main] org.apache.catalina.startup.VersionLoggerListener.log Command line argument: -Djava.io.tmpdir=/home/infoetu/baptiste.lavogiez.etu/BUT2/Semestre2/Webdev/tomcat/temp
10-Feb-2026 13:14:11.198 INFO [main] org.apache.catalina.core.AprLifecycleListener.lifecycleEvent The Apache Tomcat Native library which allows using OpenSSL was not found on the java.library.path: [/usr/java/packages/lib:/usr/lib/x86_64-linux-gnu/jni:/lib/x86_64-linux-gnu:/usr/lib/x86_64-linux-gnu:/usr/lib/jni:/lib:/usr/lib]
10-Feb-2026 13:14:11.300 INFO [main] org.apache.coyote.AbstractProtocol.init Initializing ProtocolHandler ["http-nio-8080"]
10-Feb-2026 13:14:11.309 INFO [main] org.apache.catalina.startup.Catalina.load Server initialization in [189] milliseconds
10-Feb-2026 13:14:11.326 INFO [main] org.apache.catalina.core.StandardService.startInternal Starting service [Catalina]
10-Feb-2026 13:14:11.326 INFO [main] org.apache.catalina.core.StandardEngine.startInternal Starting Servlet engine: [Apache Tomcat/11.0.13]
10-Feb-2026 13:14:11.330 INFO [main] org.apache.catalina.startup.HostConfig.deployDirectory Deploying web application directory [/home/infoetu/baptiste.lavogiez.etu/BUT2/Semestre2/Webdev/tomcat/webapps/ctp-sample]
10-Feb-2026 13:14:11.682 INFO [main] org.apache.jasper.servlet.TldScanner.scanJars At least one JAR was scanned for TLDs yet contained no TLDs. Enable debug logging for this logger for a complete list of JARs that were scanned but no TLDs were found in them. Skipping unneeded JARs during scanning can improve startup time and JSP compilation time.
10-Feb-2026 13:14:11.699 INFO [main] org.apache.catalina.startup.HostConfig.deployDirectory Deployment of web application directory [/home/infoetu/baptiste.lavogiez.etu/BUT2/Semestre2/Webdev/tomcat/webapps/ctp-sample] has finished in [368] ms
10-Feb-2026 13:14:11.699 INFO [main] org.apache.catalina.startup.HostConfig.deployDirectory Deploying web application directory [/home/infoetu/baptiste.lavogiez.etu/BUT2/Semestre2/Webdev/tomcat/webapps/__MACOSX]
10-Feb-2026 13:14:11.865 INFO [main] org.apache.jasper.servlet.TldScanner.scanJars At least one JAR was scanned for TLDs yet contained no TLDs. Enable debug logging for this logger for a complete list of JARs that were scanned but no TLDs were found in them. Skipping unneeded JARs during scanning can improve startup time and JSP compilation time.
10-Feb-2026 13:14:11.866 INFO [main] org.apache.catalina.startup.HostConfig.deployDirectory Deployment of web application directory [/home/infoetu/baptiste.lavogiez.etu/BUT2/Semestre2/Webdev/tomcat/webapps/__MACOSX] has finished in [167] ms
10-Feb-2026 13:14:11.866 INFO [main] org.apache.catalina.startup.HostConfig.deployDirectory Deploying web application directory [/home/infoetu/baptiste.lavogiez.etu/BUT2/Semestre2/Webdev/tomcat/webapps/ROOT]
10-Feb-2026 13:14:12.030 INFO [main] org.apache.jasper.servlet.TldScanner.scanJars At least one JAR was scanned for TLDs yet contained no TLDs. Enable debug logging for this logger for a complete list of JARs that were scanned but no TLDs were found in them. Skipping unneeded JARs during scanning can improve startup time and JSP compilation time.
10-Feb-2026 13:14:12.031 INFO [main] org.apache.catalina.startup.HostConfig.deployDirectory Deployment of web application directory [/home/infoetu/baptiste.lavogiez.etu/BUT2/Semestre2/Webdev/tomcat/webapps/ROOT] has finished in [165] ms
10-Feb-2026 13:14:12.032 INFO [main] org.apache.catalina.startup.HostConfig.deployDirectory Deploying web application directory [/home/infoetu/baptiste.lavogiez.etu/BUT2/Semestre2/Webdev/tomcat/webapps/TP04]
10-Feb-2026 13:14:12.212 INFO [main] org.apache.jasper.servlet.TldScanner.scanJars At least one JAR was scanned for TLDs yet contained no TLDs. Enable debug logging for this logger for a complete list of JARs that were scanned but no TLDs were found in them. Skipping unneeded JARs during scanning can improve startup time and JSP compilation time.
10-Feb-2026 13:14:12.213 INFO [main] org.apache.catalina.startup.HostConfig.deployDirectory Deployment of web application directory [/home/infoetu/baptiste.lavogiez.etu/BUT2/Semestre2/Webdev/tomcat/webapps/TP04] has finished in [181] ms
10-Feb-2026 13:14:12.213 INFO [main] org.apache.catalina.startup.HostConfig.deployDirectory Deploying web application directory [/home/infoetu/baptiste.lavogiez.etu/BUT2/Semestre2/Webdev/tomcat/webapps/docs]
10-Feb-2026 13:14:12.363 INFO [main] org.apache.jasper.servlet.TldScanner.scanJars At least one JAR was scanned for TLDs yet contained no TLDs. Enable debug logging for this logger for a complete list of JARs that were scanned but no TLDs were found in them. Skipping unneeded JARs during scanning can improve startup time and JSP compilation time.
10-Feb-2026 13:14:12.363 INFO [main] org.apache.catalina.startup.HostConfig.deployDirectory Deployment of web application directory [/home/infoetu/baptiste.lavogiez.etu/BUT2/Semestre2/Webdev/tomcat/webapps/docs] has finished in [150] ms
10-Feb-2026 13:14:12.363 INFO [main] org.apache.catalina.startup.HostConfig.deployDirectory Deploying web application directory [/home/infoetu/baptiste.lavogiez.etu/BUT2/Semestre2/Webdev/tomcat/webapps/TP03-Partie2]
10-Feb-2026 13:14:12.517 INFO [main] org.apache.jasper.servlet.TldScanner.scanJars At least one JAR was scanned for TLDs yet contained no TLDs. Enable debug logging for this logger for a complete list of JARs that were scanned but no TLDs were found in them. Skipping unneeded JARs during scanning can improve startup time and JSP compilation time.
10-Feb-2026 13:14:12.518 INFO [main] org.apache.catalina.startup.HostConfig.deployDirectory Deployment of web application directory [/home/infoetu/baptiste.lavogiez.etu/BUT2/Semestre2/Webdev/tomcat/webapps/TP03-Partie2] has finished in [155] ms
10-Feb-2026 13:14:12.519 INFO [main] org.apache.catalina.startup.HostConfig.deployDirectory Deploying web application directory [/home/infoetu/baptiste.lavogiez.etu/BUT2/Semestre2/Webdev/tomcat/webapps/manager]
10-Feb-2026 13:14:12.663 INFO [main] org.apache.jasper.servlet.TldScanner.scanJars At least one JAR was scanned for TLDs yet contained no TLDs. Enable debug logging for this logger for a complete list of JARs that were scanned but no TLDs were found in them. Skipping unneeded JARs during scanning can improve startup time and JSP compilation time.
10-Feb-2026 13:14:12.665 INFO [main] org.apache.catalina.startup.HostConfig.deployDirectory Deployment of web application directory [/home/infoetu/baptiste.lavogiez.etu/BUT2/Semestre2/Webdev/tomcat/webapps/manager] has finished in [147] ms
10-Feb-2026 13:14:12.665 INFO [main] org.apache.catalina.startup.HostConfig.deployDirectory Deploying web application directory [/home/infoetu/baptiste.lavogiez.etu/BUT2/Semestre2/Webdev/tomcat/webapps/TP02]
10-Feb-2026 13:14:12.817 INFO [main] org.apache.jasper.servlet.TldScanner.scanJars At least one JAR was scanned for TLDs yet contained no TLDs. Enable debug logging for this logger for a complete list of JARs that were scanned but no TLDs were found in them. Skipping unneeded JARs during scanning can improve startup time and JSP compilation time.
10-Feb-2026 13:14:12.818 INFO [main] org.apache.catalina.startup.HostConfig.deployDirectory Deployment of web application directory [/home/infoetu/baptiste.lavogiez.etu/BUT2/Semestre2/Webdev/tomcat/webapps/TP02] has finished in [153] ms
10-Feb-2026 13:14:12.818 INFO [main] org.apache.catalina.startup.HostConfig.deployDirectory Deploying web application directory [/home/infoetu/baptiste.lavogiez.etu/BUT2/Semestre2/Webdev/tomcat/webapps/ctp1]
10-Feb-2026 13:14:12.977 INFO [main] org.apache.jasper.servlet.TldScanner.scanJars At least one JAR was scanned for TLDs yet contained no TLDs. Enable debug logging for this logger for a complete list of JARs that were scanned but no TLDs were found in them. Skipping unneeded JARs during scanning can improve startup time and JSP compilation time.
10-Feb-2026 13:14:12.978 INFO [main] org.apache.catalina.startup.HostConfig.deployDirectory Deployment of web application directory [/home/infoetu/baptiste.lavogiez.etu/BUT2/Semestre2/Webdev/tomcat/webapps/ctp1] has finished in [160] ms
10-Feb-2026 13:14:12.978 INFO [main] org.apache.catalina.startup.HostConfig.deployDirectory Deploying web application directory [/home/infoetu/baptiste.lavogiez.etu/BUT2/Semestre2/Webdev/tomcat/webapps/TP03]
10-Feb-2026 13:14:13.126 INFO [main] org.apache.jasper.servlet.TldScanner.scanJars At least one JAR was scanned for TLDs yet contained no TLDs. Enable debug logging for this logger for a complete list of JARs that were scanned but no TLDs were found in them. Skipping unneeded JARs during scanning can improve startup time and JSP compilation time.
10-Feb-2026 13:14:13.127 INFO [main] org.apache.catalina.startup.HostConfig.deployDirectory Deployment of web application directory [/home/infoetu/baptiste.lavogiez.etu/BUT2/Semestre2/Webdev/tomcat/webapps/TP03] has finished in [149] ms
10-Feb-2026 13:14:13.127 INFO [main] org.apache.catalina.startup.HostConfig.deployDirectory Deploying web application directory [/home/infoetu/baptiste.lavogiez.etu/BUT2/Semestre2/Webdev/tomcat/webapps/TP01]
10-Feb-2026 13:14:13.268 INFO [main] org.apache.jasper.servlet.TldScanner.scanJars At least one JAR was scanned for TLDs yet contained no TLDs. Enable debug logging for this logger for a complete list of JARs that were scanned but no TLDs were found in them. Skipping unneeded JARs during scanning can improve startup time and JSP compilation time.
10-Feb-2026 13:14:13.269 INFO [main] org.apache.catalina.startup.HostConfig.deployDirectory Deployment of web application directory [/home/infoetu/baptiste.lavogiez.etu/BUT2/Semestre2/Webdev/tomcat/webapps/TP01] has finished in [142] ms
10-Feb-2026 13:14:13.269 INFO [main] org.apache.catalina.startup.HostConfig.deployDirectory Deploying web application directory [/home/infoetu/baptiste.lavogiez.etu/BUT2/Semestre2/Webdev/tomcat/webapps/host-manager]
10-Feb-2026 13:14:13.412 INFO [main] org.apache.jasper.servlet.TldScanner.scanJars At least one JAR was scanned for TLDs yet contained no TLDs. Enable debug logging for this logger for a complete list of JARs that were scanned but no TLDs were found in them. Skipping unneeded JARs during scanning can improve startup time and JSP compilation time.
10-Feb-2026 13:14:13.413 INFO [main] org.apache.catalina.startup.HostConfig.deployDirectory Deployment of web application directory [/home/infoetu/baptiste.lavogiez.etu/BUT2/Semestre2/Webdev/tomcat/webapps/host-manager] has finished in [144] ms
10-Feb-2026 13:14:13.413 INFO [main] org.apache.catalina.startup.HostConfig.deployDirectory Deploying web application directory [/home/infoetu/baptiste.lavogiez.etu/BUT2/Semestre2/Webdev/tomcat/webapps/tp_chess]
10-Feb-2026 13:14:13.563 INFO [main] org.apache.jasper.servlet.TldScanner.scanJars At least one JAR was scanned for TLDs yet contained no TLDs. Enable debug logging for this logger for a complete list of JARs that were scanned but no TLDs were found in them. Skipping unneeded JARs during scanning can improve startup time and JSP compilation time.
10-Feb-2026 13:14:13.564 INFO [main] org.apache.catalina.startup.HostConfig.deployDirectory Deployment of web application directory [/home/infoetu/baptiste.lavogiez.etu/BUT2/Semestre2/Webdev/tomcat/webapps/tp_chess] has finished in [151] ms
10-Feb-2026 13:14:13.564 INFO [main] org.apache.catalina.startup.HostConfig.deployDirectory Deploying web application directory [/home/infoetu/baptiste.lavogiez.etu/BUT2/Semestre2/Webdev/tomcat/webapps/template]
10-Feb-2026 13:14:13.719 INFO [main] org.apache.jasper.servlet.TldScanner.scanJars At least one JAR was scanned for TLDs yet contained no TLDs. Enable debug logging for this logger for a complete list of JARs that were scanned but no TLDs were found in them. Skipping unneeded JARs during scanning can improve startup time and JSP compilation time.
10-Feb-2026 13:14:13.720 INFO [main] org.apache.catalina.startup.HostConfig.deployDirectory Deployment of web application directory [/home/infoetu/baptiste.lavogiez.etu/BUT2/Semestre2/Webdev/tomcat/webapps/template] has finished in [156] ms
10-Feb-2026 13:14:13.720 INFO [main] org.apache.catalina.startup.HostConfig.deployDirectory Deploying web application directory [/home/infoetu/baptiste.lavogiez.etu/BUT2/Semestre2/Webdev/tomcat/webapps/examples]
10-Feb-2026 13:14:14.020 INFO [main] org.apache.jasper.servlet.TldScanner.scanJars At least one JAR was scanned for TLDs yet contained no TLDs. Enable debug logging for this logger for a complete list of JARs that were scanned but no TLDs were found in them. Skipping unneeded JARs during scanning can improve startup time and JSP compilation time.
10-Feb-2026 13:14:14.033 INFO [main] org.apache.catalina.startup.HostConfig.deployDirectory Deployment of web application directory [/home/infoetu/baptiste.lavogiez.etu/BUT2/Semestre2/Webdev/tomcat/webapps/examples] has finished in [313] ms
10-Feb-2026 13:14:14.033 INFO [main] org.apache.catalina.startup.HostConfig.deployDirectory Deploying web application directory [/home/infoetu/baptiste.lavogiez.etu/BUT2/Semestre2/Webdev/tomcat/webapps/ctp]
10-Feb-2026 13:14:14.187 INFO [main] org.apache.jasper.servlet.TldScanner.scanJars At least one JAR was scanned for TLDs yet contained no TLDs. Enable debug logging for this logger for a complete list of JARs that were scanned but no TLDs were found in them. Skipping unneeded JARs during scanning can improve startup time and JSP compilation time.
10-Feb-2026 13:14:14.188 INFO [main] org.apache.catalina.startup.HostConfig.deployDirectory Deployment of web application directory [/home/infoetu/baptiste.lavogiez.etu/BUT2/Semestre2/Webdev/tomcat/webapps/ctp] has finished in [155] ms
10-Feb-2026 13:14:14.190 INFO [main] org.apache.coyote.AbstractProtocol.start Starting ProtocolHandler ["http-nio-8080"]
10-Feb-2026 13:14:14.195 INFO [main] org.apache.catalina.startup.Catalina.start Server startup in [2886] milliseconds
10-Feb-2026 13:19:59.943 INFO [Thread-1] org.apache.coyote.AbstractProtocol.pause Pausing ProtocolHandler ["http-nio-8080"]
10-Feb-2026 13:19:59.945 INFO [Thread-1] org.apache.catalina.core.StandardService.stopInternal Stopping service [Catalina]
10-Feb-2026 13:19:59.973 WARNING [Thread-1] org.apache.catalina.loader.WebappClassLoaderBase.clearReferencesJdbc The web application [ctp] registered the JDBC driver [org.h2.Driver] but failed to unregister it when the web application was stopped. To prevent a memory leak, the JDBC Driver has been forcibly unregistered.
10-Feb-2026 13:19:59.992 INFO [Thread-1] org.apache.coyote.AbstractProtocol.stop Stopping ProtocolHandler ["http-nio-8080"]
10-Feb-2026 13:19:59.999 INFO [Thread-1] org.apache.coyote.AbstractProtocol.destroy Destroying ProtocolHandler ["http-nio-8080"]
10-Feb-2026 13:20:00.788 INFO [main] org.apache.catalina.startup.VersionLoggerListener.log Server version name:   Apache Tomcat/11.0.13
10-Feb-2026 13:20:00.790 INFO [main] org.apache.catalina.startup.VersionLoggerListener.log Server built:          Oct 10 2025 13:57:31 UTC
10-Feb-2026 13:20:00.790 INFO [main] org.apache.catalina.startup.VersionLoggerListener.log Server version number: 11.0.13.0
10-Feb-2026 13:20:00.790 INFO [main] org.apache.catalina.startup.VersionLoggerListener.log OS Name:               Linux
10-Feb-2026 13:20:00.790 INFO [main] org.apache.catalina.startup.VersionLoggerListener.log OS Version:            6.1.0-40-amd64
10-Feb-2026 13:20:00.790 INFO [main] org.apache.catalina.startup.VersionLoggerListener.log Architecture:          amd64
10-Feb-2026 13:20:00.790 INFO [main] org.apache.catalina.startup.VersionLoggerListener.log Java Home:             /usr/lib/jvm/java-17-openjdk-amd64
10-Feb-2026 13:20:00.790 INFO [main] org.apache.catalina.startup.VersionLoggerListener.log JVM Version:           17.0.18+8-Debian-1deb12u1
10-Feb-2026 13:20:00.790 INFO [main] org.apache.catalina.startup.VersionLoggerListener.log JVM Vendor:            Debian
10-Feb-2026 13:20:00.790 INFO [main] org.apache.catalina.startup.VersionLoggerListener.log CATALINA_BASE:         /home/infoetu/baptiste.lavogiez.etu/BUT2/Semestre2/Webdev/tomcat
10-Feb-2026 13:20:00.790 INFO [main] org.apache.catalina.startup.VersionLoggerListener.log CATALINA_HOME:         /home/infoetu/baptiste.lavogiez.etu/BUT2/Semestre2/Webdev/tomcat
10-Feb-2026 13:20:00.794 INFO [main] org.apache.catalina.startup.VersionLoggerListener.log Command line argument: -Djava.util.logging.config.file=/home/infoetu/baptiste.lavogiez.etu/BUT2/Semestre2/Webdev/tomcat/conf/logging.properties
10-Feb-2026 13:20:00.794 INFO [main] org.apache.catalina.startup.VersionLoggerListener.log Command line argument: -Djava.util.logging.manager=org.apache.juli.ClassLoaderLogManager
10-Feb-2026 13:20:00.794 INFO [main] org.apache.catalina.startup.VersionLoggerListener.log Command line argument: -Djdk.tls.ephemeralDHKeySize=2048
10-Feb-2026 13:20:00.794 INFO [main] org.apache.catalina.startup.VersionLoggerListener.log Command line argument: -Dorg.apache.catalina.security.SecurityListener.UMASK=0027
10-Feb-2026 13:20:00.794 INFO [main] org.apache.catalina.startup.VersionLoggerListener.log Command line argument: --add-opens=java.base/java.lang=ALL-UNNAMED
10-Feb-2026 13:20:00.794 INFO [main] org.apache.catalina.startup.VersionLoggerListener.log Command line argument: --add-opens=java.base/java.lang.reflect=ALL-UNNAMED
10-Feb-2026 13:20:00.795 INFO [main] org.apache.catalina.startup.VersionLoggerListener.log Command line argument: --add-opens=java.base/java.io=ALL-UNNAMED
10-Feb-2026 13:20:00.795 INFO [main] org.apache.catalina.startup.VersionLoggerListener.log Command line argument: --add-opens=java.base/java.util=ALL-UNNAMED
10-Feb-2026 13:20:00.795 INFO [main] org.apache.catalina.startup.VersionLoggerListener.log Command line argument: --add-opens=java.base/java.util.concurrent=ALL-UNNAMED
10-Feb-2026 13:20:00.795 INFO [main] org.apache.catalina.startup.VersionLoggerListener.log Command line argument: --add-opens=java.rmi/sun.rmi.transport=ALL-UNNAMED
10-Feb-2026 13:20:00.795 INFO [main] org.apache.catalina.startup.VersionLoggerListener.log Command line argument: --enable-native-access=ALL-UNNAMED
10-Feb-2026 13:20:00.795 INFO [main] org.apache.catalina.startup.VersionLoggerListener.log Command line argument: -Dcatalina.base=/home/infoetu/baptiste.lavogiez.etu/BUT2/Semestre2/Webdev/tomcat
10-Feb-2026 13:20:00.795 INFO [main] org.apache.catalina.startup.VersionLoggerListener.log Command line argument: -Dcatalina.home=/home/infoetu/baptiste.lavogiez.etu/BUT2/Semestre2/Webdev/tomcat
10-Feb-2026 13:20:00.795 INFO [main] org.apache.catalina.startup.VersionLoggerListener.log Command line argument: -Djava.io.tmpdir=/home/infoetu/baptiste.lavogiez.etu/BUT2/Semestre2/Webdev/tomcat/temp
10-Feb-2026 13:20:00.796 INFO [main] org.apache.catalina.core.AprLifecycleListener.lifecycleEvent The Apache Tomcat Native library which allows using OpenSSL was not found on the java.library.path: [/usr/java/packages/lib:/usr/lib/x86_64-linux-gnu/jni:/lib/x86_64-linux-gnu:/usr/lib/x86_64-linux-gnu:/usr/lib/jni:/lib:/usr/lib]
10-Feb-2026 13:20:00.904 INFO [main] org.apache.coyote.AbstractProtocol.init Initializing ProtocolHandler ["http-nio-8080"]
10-Feb-2026 13:20:00.913 INFO [main] org.apache.catalina.startup.Catalina.load Server initialization in [196] milliseconds
10-Feb-2026 13:20:00.930 INFO [main] org.apache.catalina.core.StandardService.startInternal Starting service [Catalina]
10-Feb-2026 13:20:00.931 INFO [main] org.apache.catalina.core.StandardEngine.startInternal Starting Servlet engine: [Apache Tomcat/11.0.13]
10-Feb-2026 13:20:00.936 INFO [main] org.apache.catalina.startup.HostConfig.deployDirectory Deploying web application directory [/home/infoetu/baptiste.lavogiez.etu/BUT2/Semestre2/Webdev/tomcat/webapps/ctp-sample]
10-Feb-2026 13:20:01.249 INFO [main] org.apache.jasper.servlet.TldScanner.scanJars At least one JAR was scanned for TLDs yet contained no TLDs. Enable debug logging for this logger for a complete list of JARs that were scanned but no TLDs were found in them. Skipping unneeded JARs during scanning can improve startup time and JSP compilation time.
10-Feb-2026 13:20:01.263 INFO [main] org.apache.catalina.startup.HostConfig.deployDirectory Deployment of web application directory [/home/infoetu/baptiste.lavogiez.etu/BUT2/Semestre2/Webdev/tomcat/webapps/ctp-sample] has finished in [327] ms
10-Feb-2026 13:20:01.263 INFO [main] org.apache.catalina.startup.HostConfig.deployDirectory Deploying web application directory [/home/infoetu/baptiste.lavogiez.etu/BUT2/Semestre2/Webdev/tomcat/webapps/__MACOSX]
10-Feb-2026 13:20:01.413 INFO [main] org.apache.jasper.servlet.TldScanner.scanJars At least one JAR was scanned for TLDs yet contained no TLDs. Enable debug logging for this logger for a complete list of JARs that were scanned but no TLDs were found in them. Skipping unneeded JARs during scanning can improve startup time and JSP compilation time.
10-Feb-2026 13:20:01.414 INFO [main] org.apache.catalina.startup.HostConfig.deployDirectory Deployment of web application directory [/home/infoetu/baptiste.lavogiez.etu/BUT2/Semestre2/Webdev/tomcat/webapps/__MACOSX] has finished in [150] ms
10-Feb-2026 13:20:01.414 INFO [main] org.apache.catalina.startup.HostConfig.deployDirectory Deploying web application directory [/home/infoetu/baptiste.lavogiez.etu/BUT2/Semestre2/Webdev/tomcat/webapps/ROOT]
10-Feb-2026 13:20:01.564 INFO [main] org.apache.jasper.servlet.TldScanner.scanJars At least one JAR was scanned for TLDs yet contained no TLDs. Enable debug logging for this logger for a complete list of JARs that were scanned but no TLDs were found in them. Skipping unneeded JARs during scanning can improve startup time and JSP compilation time.
10-Feb-2026 13:20:01.565 INFO [main] org.apache.catalina.startup.HostConfig.deployDirectory Deployment of web application directory [/home/infoetu/baptiste.lavogiez.etu/BUT2/Semestre2/Webdev/tomcat/webapps/ROOT] has finished in [151] ms
10-Feb-2026 13:20:01.565 INFO [main] org.apache.catalina.startup.HostConfig.deployDirectory Deploying web application directory [/home/infoetu/baptiste.lavogiez.etu/BUT2/Semestre2/Webdev/tomcat/webapps/TP04]
10-Feb-2026 13:20:01.742 INFO [main] org.apache.jasper.servlet.TldScanner.scanJars At least one JAR was scanned for TLDs yet contained no TLDs. Enable debug logging for this logger for a complete list of JARs that were scanned but no TLDs were found in them. Skipping unneeded JARs during scanning can improve startup time and JSP compilation time.
10-Feb-2026 13:20:01.743 INFO [main] org.apache.catalina.startup.HostConfig.deployDirectory Deployment of web application directory [/home/infoetu/baptiste.lavogiez.etu/BUT2/Semestre2/Webdev/tomcat/webapps/TP04] has finished in [178] ms
10-Feb-2026 13:20:01.743 INFO [main] org.apache.catalina.startup.HostConfig.deployDirectory Deploying web application directory [/home/infoetu/baptiste.lavogiez.etu/BUT2/Semestre2/Webdev/tomcat/webapps/docs]
10-Feb-2026 13:20:01.892 INFO [main] org.apache.jasper.servlet.TldScanner.scanJars At least one JAR was scanned for TLDs yet contained no TLDs. Enable debug logging for this logger for a complete list of JARs that were scanned but no TLDs were found in them. Skipping unneeded JARs during scanning can improve startup time and JSP compilation time.
10-Feb-2026 13:20:01.893 INFO [main] org.apache.catalina.startup.HostConfig.deployDirectory Deployment of web application directory [/home/infoetu/baptiste.lavogiez.etu/BUT2/Semestre2/Webdev/tomcat/webapps/docs] has finished in [150] ms
10-Feb-2026 13:20:01.893 INFO [main] org.apache.catalina.startup.HostConfig.deployDirectory Deploying web application directory [/home/infoetu/baptiste.lavogiez.etu/BUT2/Semestre2/Webdev/tomcat/webapps/TP03-Partie2]
10-Feb-2026 13:20:02.048 INFO [main] org.apache.jasper.servlet.TldScanner.scanJars At least one JAR was scanned for TLDs yet contained no TLDs. Enable debug logging for this logger for a complete list of JARs that were scanned but no TLDs were found in them. Skipping unneeded JARs during scanning can improve startup time and JSP compilation time.
10-Feb-2026 13:20:02.049 INFO [main] org.apache.catalina.startup.HostConfig.deployDirectory Deployment of web application directory [/home/infoetu/baptiste.lavogiez.etu/BUT2/Semestre2/Webdev/tomcat/webapps/TP03-Partie2] has finished in [155] ms
10-Feb-2026 13:20:02.049 INFO [main] org.apache.catalina.startup.HostConfig.deployDirectory Deploying web application directory [/home/infoetu/baptiste.lavogiez.etu/BUT2/Semestre2/Webdev/tomcat/webapps/manager]
10-Feb-2026 13:20:02.196 INFO [main] org.apache.jasper.servlet.TldScanner.scanJars At least one JAR was scanned for TLDs yet contained no TLDs. Enable debug logging for this logger for a complete list of JARs that were scanned but no TLDs were found in them. Skipping unneeded JARs during scanning can improve startup time and JSP compilation time.
10-Feb-2026 13:20:02.199 INFO [main] org.apache.catalina.startup.HostConfig.deployDirectory Deployment of web application directory [/home/infoetu/baptiste.lavogiez.etu/BUT2/Semestre2/Webdev/tomcat/webapps/manager] has finished in [150] ms
10-Feb-2026 13:20:02.199 INFO [main] org.apache.catalina.startup.HostConfig.deployDirectory Deploying web application directory [/home/infoetu/baptiste.lavogiez.etu/BUT2/Semestre2/Webdev/tomcat/webapps/TP02]
10-Feb-2026 13:20:02.352 INFO [main] org.apache.jasper.servlet.TldScanner.scanJars At least one JAR was scanned for TLDs yet contained no TLDs. Enable debug logging for this logger for a complete list of JARs that were scanned but no TLDs were found in them. Skipping unneeded JARs during scanning can improve startup time and JSP compilation time.
10-Feb-2026 13:20:02.353 INFO [main] org.apache.catalina.startup.HostConfig.deployDirectory Deployment of web application directory [/home/infoetu/baptiste.lavogiez.etu/BUT2/Semestre2/Webdev/tomcat/webapps/TP02] has finished in [154] ms
10-Feb-2026 13:20:02.353 INFO [main] org.apache.catalina.startup.HostConfig.deployDirectory Deploying web application directory [/home/infoetu/baptiste.lavogiez.etu/BUT2/Semestre2/Webdev/tomcat/webapps/ctp1]
10-Feb-2026 13:20:02.514 INFO [main] org.apache.jasper.servlet.TldScanner.scanJars At least one JAR was scanned for TLDs yet contained no TLDs. Enable debug logging for this logger for a complete list of JARs that were scanned but no TLDs were found in them. Skipping unneeded JARs during scanning can improve startup time and JSP compilation time.
10-Feb-2026 13:20:02.515 INFO [main] org.apache.catalina.startup.HostConfig.deployDirectory Deployment of web application directory [/home/infoetu/baptiste.lavogiez.etu/BUT2/Semestre2/Webdev/tomcat/webapps/ctp1] has finished in [162] ms
10-Feb-2026 13:20:02.515 INFO [main] org.apache.catalina.startup.HostConfig.deployDirectory Deploying web application directory [/home/infoetu/baptiste.lavogiez.etu/BUT2/Semestre2/Webdev/tomcat/webapps/TP03]
10-Feb-2026 13:20:02.663 INFO [main] org.apache.jasper.servlet.TldScanner.scanJars At least one JAR was scanned for TLDs yet contained no TLDs. Enable debug logging for this logger for a complete list of JARs that were scanned but no TLDs were found in them. Skipping unneeded JARs during scanning can improve startup time and JSP compilation time.
10-Feb-2026 13:20:02.664 INFO [main] org.apache.catalina.startup.HostConfig.deployDirectory Deployment of web application directory [/home/infoetu/baptiste.lavogiez.etu/BUT2/Semestre2/Webdev/tomcat/webapps/TP03] has finished in [149] ms
10-Feb-2026 13:20:02.664 INFO [main] org.apache.catalina.startup.HostConfig.deployDirectory Deploying web application directory [/home/infoetu/baptiste.lavogiez.etu/BUT2/Semestre2/Webdev/tomcat/webapps/TP01]
10-Feb-2026 13:20:02.806 INFO [main] org.apache.jasper.servlet.TldScanner.scanJars At least one JAR was scanned for TLDs yet contained no TLDs. Enable debug logging for this logger for a complete list of JARs that were scanned but no TLDs were found in them. Skipping unneeded JARs during scanning can improve startup time and JSP compilation time.
10-Feb-2026 13:20:02.807 INFO [main] org.apache.catalina.startup.HostConfig.deployDirectory Deployment of web application directory [/home/infoetu/baptiste.lavogiez.etu/BUT2/Semestre2/Webdev/tomcat/webapps/TP01] has finished in [143] ms
10-Feb-2026 13:20:02.807 INFO [main] org.apache.catalina.startup.HostConfig.deployDirectory Deploying web application directory [/home/infoetu/baptiste.lavogiez.etu/BUT2/Semestre2/Webdev/tomcat/webapps/host-manager]
10-Feb-2026 13:20:02.950 INFO [main] org.apache.jasper.servlet.TldScanner.scanJars At least one JAR was scanned for TLDs yet contained no TLDs. Enable debug logging for this logger for a complete list of JARs that were scanned but no TLDs were found in them. Skipping unneeded JARs during scanning can improve startup time and JSP compilation time.
10-Feb-2026 13:20:02.951 INFO [main] org.apache.catalina.startup.HostConfig.deployDirectory Deployment of web application directory [/home/infoetu/baptiste.lavogiez.etu/BUT2/Semestre2/Webdev/tomcat/webapps/host-manager] has finished in [144] ms
10-Feb-2026 13:20:02.951 INFO [main] org.apache.catalina.startup.HostConfig.deployDirectory Deploying web application directory [/home/infoetu/baptiste.lavogiez.etu/BUT2/Semestre2/Webdev/tomcat/webapps/tp_chess]
10-Feb-2026 13:20:03.102 INFO [main] org.apache.jasper.servlet.TldScanner.scanJars At least one JAR was scanned for TLDs yet contained no TLDs. Enable debug logging for this logger for a complete list of JARs that were scanned but no TLDs were found in them. Skipping unneeded JARs during scanning can improve startup time and JSP compilation time.
10-Feb-2026 13:20:03.103 INFO [main] org.apache.catalina.startup.HostConfig.deployDirectory Deployment of web application directory [/home/infoetu/baptiste.lavogiez.etu/BUT2/Semestre2/Webdev/tomcat/webapps/tp_chess] has finished in [152] ms
10-Feb-2026 13:20:03.103 INFO [main] org.apache.catalina.startup.HostConfig.deployDirectory Deploying web application directory [/home/infoetu/baptiste.lavogiez.etu/BUT2/Semestre2/Webdev/tomcat/webapps/template]
10-Feb-2026 13:20:03.256 INFO [main] org.apache.jasper.servlet.TldScanner.scanJars At least one JAR was scanned for TLDs yet contained no TLDs. Enable debug logging for this logger for a complete list of JARs that were scanned but no TLDs were found in them. Skipping unneeded JARs during scanning can improve startup time and JSP compilation time.
10-Feb-2026 13:20:03.257 INFO [main] org.apache.catalina.startup.HostConfig.deployDirectory Deployment of web application directory [/home/infoetu/baptiste.lavogiez.etu/BUT2/Semestre2/Webdev/tomcat/webapps/template] has finished in [154] ms
10-Feb-2026 13:20:03.257 INFO [main] org.apache.catalina.startup.HostConfig.deployDirectory Deploying web application directory [/home/infoetu/baptiste.lavogiez.etu/BUT2/Semestre2/Webdev/tomcat/webapps/examples]
10-Feb-2026 13:20:03.556 INFO [main] org.apache.jasper.servlet.TldScanner.scanJars At least one JAR was scanned for TLDs yet contained no TLDs. Enable debug logging for this logger for a complete list of JARs that were scanned but no TLDs were found in them. Skipping unneeded JARs during scanning can improve startup time and JSP compilation time.
10-Feb-2026 13:20:03.568 INFO [main] org.apache.catalina.startup.HostConfig.deployDirectory Deployment of web application directory [/home/infoetu/baptiste.lavogiez.etu/BUT2/Semestre2/Webdev/tomcat/webapps/examples] has finished in [311] ms
10-Feb-2026 13:20:03.568 INFO [main] org.apache.catalina.startup.HostConfig.deployDirectory Deploying web application directory [/home/infoetu/baptiste.lavogiez.etu/BUT2/Semestre2/Webdev/tomcat/webapps/ctp]
10-Feb-2026 13:20:03.722 INFO [main] org.apache.jasper.servlet.TldScanner.scanJars At least one JAR was scanned for TLDs yet contained no TLDs. Enable debug logging for this logger for a complete list of JARs that were scanned but no TLDs were found in them. Skipping unneeded JARs during scanning can improve startup time and JSP compilation time.
10-Feb-2026 13:20:03.723 INFO [main] org.apache.catalina.startup.HostConfig.deployDirectory Deployment of web application directory [/home/infoetu/baptiste.lavogiez.etu/BUT2/Semestre2/Webdev/tomcat/webapps/ctp] has finished in [155] ms
10-Feb-2026 13:20:03.725 INFO [main] org.apache.coyote.AbstractProtocol.start Starting ProtocolHandler ["http-nio-8080"]
10-Feb-2026 13:20:03.729 INFO [main] org.apache.catalina.startup.Catalina.start Server startup in [2815] milliseconds
10-Feb-2026 13:21:22.447 INFO [Thread-1] org.apache.coyote.AbstractProtocol.pause Pausing ProtocolHandler ["http-nio-8080"]
10-Feb-2026 13:21:22.448 INFO [Thread-1] org.apache.catalina.core.StandardService.stopInternal Stopping service [Catalina]
10-Feb-2026 13:21:22.462 WARNING [Thread-1] org.apache.catalina.loader.WebappClassLoaderBase.clearReferencesJdbc The web application [ctp] registered the JDBC driver [org.h2.Driver] but failed to unregister it when the web application was stopped. To prevent a memory leak, the JDBC Driver has been forcibly unregistered.
10-Feb-2026 13:21:22.479 INFO [Thread-1] org.apache.coyote.AbstractProtocol.stop Stopping ProtocolHandler ["http-nio-8080"]
10-Feb-2026 13:21:22.482 INFO [Thread-1] org.apache.coyote.AbstractProtocol.destroy Destroying ProtocolHandler ["http-nio-8080"]
10-Feb-2026 13:21:23.382 INFO [main] org.apache.catalina.startup.VersionLoggerListener.log Server version name:   Apache Tomcat/11.0.13
10-Feb-2026 13:21:23.384 INFO [main] org.apache.catalina.startup.VersionLoggerListener.log Server built:          Oct 10 2025 13:57:31 UTC
10-Feb-2026 13:21:23.384 INFO [main] org.apache.catalina.startup.VersionLoggerListener.log Server version number: 11.0.13.0
10-Feb-2026 13:21:23.384 INFO [main] org.apache.catalina.startup.VersionLoggerListener.log OS Name:               Linux
10-Feb-2026 13:21:23.384 INFO [main] org.apache.catalina.startup.VersionLoggerListener.log OS Version:            6.1.0-40-amd64
10-Feb-2026 13:21:23.384 INFO [main] org.apache.catalina.startup.VersionLoggerListener.log Architecture:          amd64
10-Feb-2026 13:21:23.384 INFO [main] org.apache.catalina.startup.VersionLoggerListener.log Java Home:             /usr/lib/jvm/java-17-openjdk-amd64
10-Feb-2026 13:21:23.385 INFO [main] org.apache.catalina.startup.VersionLoggerListener.log JVM Version:           17.0.18+8-Debian-1deb12u1
10-Feb-2026 13:21:23.385 INFO [main] org.apache.catalina.startup.VersionLoggerListener.log JVM Vendor:            Debian
10-Feb-2026 13:21:23.385 INFO [main] org.apache.catalina.startup.VersionLoggerListener.log CATALINA_BASE:         /home/infoetu/baptiste.lavogiez.etu/BUT2/Semestre2/Webdev/tomcat
10-Feb-2026 13:21:23.385 INFO [main] org.apache.catalina.startup.VersionLoggerListener.log CATALINA_HOME:         /home/infoetu/baptiste.lavogiez.etu/BUT2/Semestre2/Webdev/tomcat
10-Feb-2026 13:21:23.389 INFO [main] org.apache.catalina.startup.VersionLoggerListener.log Command line argument: -Djava.util.logging.config.file=/home/infoetu/baptiste.lavogiez.etu/BUT2/Semestre2/Webdev/tomcat/conf/logging.properties
10-Feb-2026 13:21:23.389 INFO [main] org.apache.catalina.startup.VersionLoggerListener.log Command line argument: -Djava.util.logging.manager=org.apache.juli.ClassLoaderLogManager
10-Feb-2026 13:21:23.389 INFO [main] org.apache.catalina.startup.VersionLoggerListener.log Command line argument: -Djdk.tls.ephemeralDHKeySize=2048
10-Feb-2026 13:21:23.389 INFO [main] org.apache.catalina.startup.VersionLoggerListener.log Command line argument: -Dorg.apache.catalina.security.SecurityListener.UMASK=0027
10-Feb-2026 13:21:23.389 INFO [main] org.apache.catalina.startup.VersionLoggerListener.log Command line argument: --add-opens=java.base/java.lang=ALL-UNNAMED
10-Feb-2026 13:21:23.389 INFO [main] org.apache.catalina.startup.VersionLoggerListener.log Command line argument: --add-opens=java.base/java.lang.reflect=ALL-UNNAMED
10-Feb-2026 13:21:23.389 INFO [main] org.apache.catalina.startup.VersionLoggerListener.log Command line argument: --add-opens=java.base/java.io=ALL-UNNAMED
10-Feb-2026 13:21:23.389 INFO [main] org.apache.catalina.startup.VersionLoggerListener.log Command line argument: --add-opens=java.base/java.util=ALL-UNNAMED
10-Feb-2026 13:21:23.389 INFO [main] org.apache.catalina.startup.VersionLoggerListener.log Command line argument: --add-opens=java.base/java.util.concurrent=ALL-UNNAMED
10-Feb-2026 13:21:23.389 INFO [main] org.apache.catalina.startup.VersionLoggerListener.log Command line argument: --add-opens=java.rmi/sun.rmi.transport=ALL-UNNAMED
10-Feb-2026 13:21:23.389 INFO [main] org.apache.catalina.startup.VersionLoggerListener.log Command line argument: --enable-native-access=ALL-UNNAMED
10-Feb-2026 13:21:23.389 INFO [main] org.apache.catalina.startup.VersionLoggerListener.log Command line argument: -Dcatalina.base=/home/infoetu/baptiste.lavogiez.etu/BUT2/Semestre2/Webdev/tomcat
10-Feb-2026 13:21:23.389 INFO [main] org.apache.catalina.startup.VersionLoggerListener.log Command line argument: -Dcatalina.home=/home/infoetu/baptiste.lavogiez.etu/BUT2/Semestre2/Webdev/tomcat
10-Feb-2026 13:21:23.389 INFO [main] org.apache.catalina.startup.VersionLoggerListener.log Command line argument: -Djava.io.tmpdir=/home/infoetu/baptiste.lavogiez.etu/BUT2/Semestre2/Webdev/tomcat/temp
10-Feb-2026 13:21:23.390 INFO [main] org.apache.catalina.core.AprLifecycleListener.lifecycleEvent The Apache Tomcat Native library which allows using OpenSSL was not found on the java.library.path: [/usr/java/packages/lib:/usr/lib/x86_64-linux-gnu/jni:/lib/x86_64-linux-gnu:/usr/lib/x86_64-linux-gnu:/usr/lib/jni:/lib:/usr/lib]
10-Feb-2026 13:21:23.498 INFO [main] org.apache.coyote.AbstractProtocol.init Initializing ProtocolHandler ["http-nio-8080"]
10-Feb-2026 13:21:23.507 INFO [main] org.apache.catalina.startup.Catalina.load Server initialization in [197] milliseconds
10-Feb-2026 13:21:23.534 INFO [main] org.apache.catalina.core.StandardService.startInternal Starting service [Catalina]
10-Feb-2026 13:21:23.534 INFO [main] org.apache.catalina.core.StandardEngine.startInternal Starting Servlet engine: [Apache Tomcat/11.0.13]
10-Feb-2026 13:21:23.538 INFO [main] org.apache.catalina.startup.HostConfig.deployDirectory Deploying web application directory [/home/infoetu/baptiste.lavogiez.etu/BUT2/Semestre2/Webdev/tomcat/webapps/ctp-sample]
10-Feb-2026 13:21:23.860 INFO [main] org.apache.jasper.servlet.TldScanner.scanJars At least one JAR was scanned for TLDs yet contained no TLDs. Enable debug logging for this logger for a complete list of JARs that were scanned but no TLDs were found in them. Skipping unneeded JARs during scanning can improve startup time and JSP compilation time.
10-Feb-2026 13:21:23.874 INFO [main] org.apache.catalina.startup.HostConfig.deployDirectory Deployment of web application directory [/home/infoetu/baptiste.lavogiez.etu/BUT2/Semestre2/Webdev/tomcat/webapps/ctp-sample] has finished in [336] ms
10-Feb-2026 13:21:23.875 INFO [main] org.apache.catalina.startup.HostConfig.deployDirectory Deploying web application directory [/home/infoetu/baptiste.lavogiez.etu/BUT2/Semestre2/Webdev/tomcat/webapps/__MACOSX]
10-Feb-2026 13:21:24.027 INFO [main] org.apache.jasper.servlet.TldScanner.scanJars At least one JAR was scanned for TLDs yet contained no TLDs. Enable debug logging for this logger for a complete list of JARs that were scanned but no TLDs were found in them. Skipping unneeded JARs during scanning can improve startup time and JSP compilation time.
10-Feb-2026 13:21:24.028 INFO [main] org.apache.catalina.startup.HostConfig.deployDirectory Deployment of web application directory [/home/infoetu/baptiste.lavogiez.etu/BUT2/Semestre2/Webdev/tomcat/webapps/__MACOSX] has finished in [153] ms
10-Feb-2026 13:21:24.028 INFO [main] org.apache.catalina.startup.HostConfig.deployDirectory Deploying web application directory [/home/infoetu/baptiste.lavogiez.etu/BUT2/Semestre2/Webdev/tomcat/webapps/ROOT]
10-Feb-2026 13:21:24.182 INFO [main] org.apache.jasper.servlet.TldScanner.scanJars At least one JAR was scanned for TLDs yet contained no TLDs. Enable debug logging for this logger for a complete list of JARs that were scanned but no TLDs were found in them. Skipping unneeded JARs during scanning can improve startup time and JSP compilation time.
10-Feb-2026 13:21:24.183 INFO [main] org.apache.catalina.startup.HostConfig.deployDirectory Deployment of web application directory [/home/infoetu/baptiste.lavogiez.etu/BUT2/Semestre2/Webdev/tomcat/webapps/ROOT] has finished in [155] ms
10-Feb-2026 13:21:24.183 INFO [main] org.apache.catalina.startup.HostConfig.deployDirectory Deploying web application directory [/home/infoetu/baptiste.lavogiez.etu/BUT2/Semestre2/Webdev/tomcat/webapps/TP04]
10-Feb-2026 13:21:24.359 INFO [main] org.apache.jasper.servlet.TldScanner.scanJars At least one JAR was scanned for TLDs yet contained no TLDs. Enable debug logging for this logger for a complete list of JARs that were scanned but no TLDs were found in them. Skipping unneeded JARs during scanning can improve startup time and JSP compilation time.
10-Feb-2026 13:21:24.361 INFO [main] org.apache.catalina.startup.HostConfig.deployDirectory Deployment of web application directory [/home/infoetu/baptiste.lavogiez.etu/BUT2/Semestre2/Webdev/tomcat/webapps/TP04] has finished in [178] ms
10-Feb-2026 13:21:24.361 INFO [main] org.apache.catalina.startup.HostConfig.deployDirectory Deploying web application directory [/home/infoetu/baptiste.lavogiez.etu/BUT2/Semestre2/Webdev/tomcat/webapps/docs]
10-Feb-2026 13:21:24.511 INFO [main] org.apache.jasper.servlet.TldScanner.scanJars At least one JAR was scanned for TLDs yet contained no TLDs. Enable debug logging for this logger for a complete list of JARs that were scanned but no TLDs were found in them. Skipping unneeded JARs during scanning can improve startup time and JSP compilation time.
10-Feb-2026 13:21:24.512 INFO [main] org.apache.catalina.startup.HostConfig.deployDirectory Deployment of web application directory [/home/infoetu/baptiste.lavogiez.etu/BUT2/Semestre2/Webdev/tomcat/webapps/docs] has finished in [151] ms
10-Feb-2026 13:21:24.512 INFO [main] org.apache.catalina.startup.HostConfig.deployDirectory Deploying web application directory [/home/infoetu/baptiste.lavogiez.etu/BUT2/Semestre2/Webdev/tomcat/webapps/TP03-Partie2]
10-Feb-2026 13:21:24.668 INFO [main] org.apache.jasper.servlet.TldScanner.scanJars At least one JAR was scanned for TLDs yet contained no TLDs. Enable debug logging for this logger for a complete list of JARs that were scanned but no TLDs were found in them. Skipping unneeded JARs during scanning can improve startup time and JSP compilation time.
10-Feb-2026 13:21:24.669 INFO [main] org.apache.catalina.startup.HostConfig.deployDirectory Deployment of web application directory [/home/infoetu/baptiste.lavogiez.etu/BUT2/Semestre2/Webdev/tomcat/webapps/TP03-Partie2] has finished in [156] ms
10-Feb-2026 13:21:24.669 INFO [main] org.apache.catalina.startup.HostConfig.deployDirectory Deploying web application directory [/home/infoetu/baptiste.lavogiez.etu/BUT2/Semestre2/Webdev/tomcat/webapps/manager]
10-Feb-2026 13:21:24.814 INFO [main] org.apache.jasper.servlet.TldScanner.scanJars At least one JAR was scanned for TLDs yet contained no TLDs. Enable debug logging for this logger for a complete list of JARs that were scanned but no TLDs were found in them. Skipping unneeded JARs during scanning can improve startup time and JSP compilation time.
10-Feb-2026 13:21:24.817 INFO [main] org.apache.catalina.startup.HostConfig.deployDirectory Deployment of web application directory [/home/infoetu/baptiste.lavogiez.etu/BUT2/Semestre2/Webdev/tomcat/webapps/manager] has finished in [148] ms
10-Feb-2026 13:21:24.817 INFO [main] org.apache.catalina.startup.HostConfig.deployDirectory Deploying web application directory [/home/infoetu/baptiste.lavogiez.etu/BUT2/Semestre2/Webdev/tomcat/webapps/TP02]
10-Feb-2026 13:21:24.971 INFO [main] org.apache.jasper.servlet.TldScanner.scanJars At least one JAR was scanned for TLDs yet contained no TLDs. Enable debug logging for this logger for a complete list of JARs that were scanned but no TLDs were found in them. Skipping unneeded JARs during scanning can improve startup time and JSP compilation time.
10-Feb-2026 13:21:24.972 INFO [main] org.apache.catalina.startup.HostConfig.deployDirectory Deployment of web application directory [/home/infoetu/baptiste.lavogiez.etu/BUT2/Semestre2/Webdev/tomcat/webapps/TP02] has finished in [155] ms
10-Feb-2026 13:21:24.972 INFO [main] org.apache.catalina.startup.HostConfig.deployDirectory Deploying web application directory [/home/infoetu/baptiste.lavogiez.etu/BUT2/Semestre2/Webdev/tomcat/webapps/ctp1]
10-Feb-2026 13:21:25.134 INFO [main] org.apache.jasper.servlet.TldScanner.scanJars At least one JAR was scanned for TLDs yet contained no TLDs. Enable debug logging for this logger for a complete list of JARs that were scanned but no TLDs were found in them. Skipping unneeded JARs during scanning can improve startup time and JSP compilation time.
10-Feb-2026 13:21:25.135 INFO [main] org.apache.catalina.startup.HostConfig.deployDirectory Deployment of web application directory [/home/infoetu/baptiste.lavogiez.etu/BUT2/Semestre2/Webdev/tomcat/webapps/ctp1] has finished in [163] ms
10-Feb-2026 13:21:25.135 INFO [main] org.apache.catalina.startup.HostConfig.deployDirectory Deploying web application directory [/home/infoetu/baptiste.lavogiez.etu/BUT2/Semestre2/Webdev/tomcat/webapps/TP03]
10-Feb-2026 13:21:25.287 INFO [main] org.apache.jasper.servlet.TldScanner.scanJars At least one JAR was scanned for TLDs yet contained no TLDs. Enable debug logging for this logger for a complete list of JARs that were scanned but no TLDs were found in them. Skipping unneeded JARs during scanning can improve startup time and JSP compilation time.
10-Feb-2026 13:21:25.288 INFO [main] org.apache.catalina.startup.HostConfig.deployDirectory Deployment of web application directory [/home/infoetu/baptiste.lavogiez.etu/BUT2/Semestre2/Webdev/tomcat/webapps/TP03] has finished in [153] ms
10-Feb-2026 13:21:25.288 INFO [main] org.apache.catalina.startup.HostConfig.deployDirectory Deploying web application directory [/home/infoetu/baptiste.lavogiez.etu/BUT2/Semestre2/Webdev/tomcat/webapps/TP01]
10-Feb-2026 13:21:25.430 INFO [main] org.apache.jasper.servlet.TldScanner.scanJars At least one JAR was scanned for TLDs yet contained no TLDs. Enable debug logging for this logger for a complete list of JARs that were scanned but no TLDs were found in them. Skipping unneeded JARs during scanning can improve startup time and JSP compilation time.
10-Feb-2026 13:21:25.431 INFO [main] org.apache.catalina.startup.HostConfig.deployDirectory Deployment of web application directory [/home/infoetu/baptiste.lavogiez.etu/BUT2/Semestre2/Webdev/tomcat/webapps/TP01] has finished in [143] ms
10-Feb-2026 13:21:25.432 INFO [main] org.apache.catalina.startup.HostConfig.deployDirectory Deploying web application directory [/home/infoetu/baptiste.lavogiez.etu/BUT2/Semestre2/Webdev/tomcat/webapps/host-manager]
10-Feb-2026 13:21:25.575 INFO [main] org.apache.jasper.servlet.TldScanner.scanJars At least one JAR was scanned for TLDs yet contained no TLDs. Enable debug logging for this logger for a complete list of JARs that were scanned but no TLDs were found in them. Skipping unneeded JARs during scanning can improve startup time and JSP compilation time.
10-Feb-2026 13:21:25.576 INFO [main] org.apache.catalina.startup.HostConfig.deployDirectory Deployment of web application directory [/home/infoetu/baptiste.lavogiez.etu/BUT2/Semestre2/Webdev/tomcat/webapps/host-manager] has finished in [144] ms
10-Feb-2026 13:21:25.576 INFO [main] org.apache.catalina.startup.HostConfig.deployDirectory Deploying web application directory [/home/infoetu/baptiste.lavogiez.etu/BUT2/Semestre2/Webdev/tomcat/webapps/tp_chess]
10-Feb-2026 13:21:25.727 INFO [main] org.apache.jasper.servlet.TldScanner.scanJars At least one JAR was scanned for TLDs yet contained no TLDs. Enable debug logging for this logger for a complete list of JARs that were scanned but no TLDs were found in them. Skipping unneeded JARs during scanning can improve startup time and JSP compilation time.
10-Feb-2026 13:21:25.728 INFO [main] org.apache.catalina.startup.HostConfig.deployDirectory Deployment of web application directory [/home/infoetu/baptiste.lavogiez.etu/BUT2/Semestre2/Webdev/tomcat/webapps/tp_chess] has finished in [152] ms
10-Feb-2026 13:21:25.728 INFO [main] org.apache.catalina.startup.HostConfig.deployDirectory Deploying web application directory [/home/infoetu/baptiste.lavogiez.etu/BUT2/Semestre2/Webdev/tomcat/webapps/template]
10-Feb-2026 13:21:25.880 INFO [main] org.apache.jasper.servlet.TldScanner.scanJars At least one JAR was scanned for TLDs yet contained no TLDs. Enable debug logging for this logger for a complete list of JARs that were scanned but no TLDs were found in them. Skipping unneeded JARs during scanning can improve startup time and JSP compilation time.
10-Feb-2026 13:21:25.881 INFO [main] org.apache.catalina.startup.HostConfig.deployDirectory Deployment of web application directory [/home/infoetu/baptiste.lavogiez.etu/BUT2/Semestre2/Webdev/tomcat/webapps/template] has finished in [153] ms
10-Feb-2026 13:21:25.881 INFO [main] org.apache.catalina.startup.HostConfig.deployDirectory Deploying web application directory [/home/infoetu/baptiste.lavogiez.etu/BUT2/Semestre2/Webdev/tomcat/webapps/examples]
10-Feb-2026 13:21:26.204 INFO [main] org.apache.jasper.servlet.TldScanner.scanJars At least one JAR was scanned for TLDs yet contained no TLDs. Enable debug logging for this logger for a complete list of JARs that were scanned but no TLDs were found in them. Skipping unneeded JARs during scanning can improve startup time and JSP compilation time.
10-Feb-2026 13:21:26.217 INFO [main] org.apache.catalina.startup.HostConfig.deployDirectory Deployment of web application directory [/home/infoetu/baptiste.lavogiez.etu/BUT2/Semestre2/Webdev/tomcat/webapps/examples] has finished in [336] ms
10-Feb-2026 13:21:26.217 INFO [main] org.apache.catalina.startup.HostConfig.deployDirectory Deploying web application directory [/home/infoetu/baptiste.lavogiez.etu/BUT2/Semestre2/Webdev/tomcat/webapps/ctp]
10-Feb-2026 13:21:26.375 INFO [main] org.apache.jasper.servlet.TldScanner.scanJars At least one JAR was scanned for TLDs yet contained no TLDs. Enable debug logging for this logger for a complete list of JARs that were scanned but no TLDs were found in them. Skipping unneeded JARs during scanning can improve startup time and JSP compilation time.
10-Feb-2026 13:21:26.376 INFO [main] org.apache.catalina.startup.HostConfig.deployDirectory Deployment of web application directory [/home/infoetu/baptiste.lavogiez.etu/BUT2/Semestre2/Webdev/tomcat/webapps/ctp] has finished in [159] ms
10-Feb-2026 13:21:26.378 INFO [main] org.apache.coyote.AbstractProtocol.start Starting ProtocolHandler ["http-nio-8080"]
10-Feb-2026 13:21:26.384 INFO [main] org.apache.catalina.startup.Catalina.start Server startup in [2876] milliseconds
10-Feb-2026 13:23:41.090 INFO [Thread-1] org.apache.coyote.AbstractProtocol.pause Pausing ProtocolHandler ["http-nio-8080"]
10-Feb-2026 13:23:41.091 INFO [Thread-1] org.apache.catalina.core.StandardService.stopInternal Stopping service [Catalina]
10-Feb-2026 13:23:41.119 WARNING [Thread-1] org.apache.catalina.loader.WebappClassLoaderBase.clearReferencesJdbc The web application [ctp] registered the JDBC driver [org.h2.Driver] but failed to unregister it when the web application was stopped. To prevent a memory leak, the JDBC Driver has been forcibly unregistered.
10-Feb-2026 13:23:41.136 INFO [Thread-1] org.apache.coyote.AbstractProtocol.stop Stopping ProtocolHandler ["http-nio-8080"]
10-Feb-2026 13:23:41.144 INFO [Thread-1] org.apache.coyote.AbstractProtocol.destroy Destroying ProtocolHandler ["http-nio-8080"]
10-Feb-2026 13:23:43.919 INFO [main] org.apache.catalina.startup.VersionLoggerListener.log Server version name:   Apache Tomcat/11.0.13
10-Feb-2026 13:23:43.921 INFO [main] org.apache.catalina.startup.VersionLoggerListener.log Server built:          Oct 10 2025 13:57:31 UTC
10-Feb-2026 13:23:43.921 INFO [main] org.apache.catalina.startup.VersionLoggerListener.log Server version number: 11.0.13.0
10-Feb-2026 13:23:43.921 INFO [main] org.apache.catalina.startup.VersionLoggerListener.log OS Name:               Linux
10-Feb-2026 13:23:43.921 INFO [main] org.apache.catalina.startup.VersionLoggerListener.log OS Version:            6.1.0-40-amd64
10-Feb-2026 13:23:43.921 INFO [main] org.apache.catalina.startup.VersionLoggerListener.log Architecture:          amd64
10-Feb-2026 13:23:43.921 INFO [main] org.apache.catalina.startup.VersionLoggerListener.log Java Home:             /usr/lib/jvm/java-17-openjdk-amd64
10-Feb-2026 13:23:43.921 INFO [main] org.apache.catalina.startup.VersionLoggerListener.log JVM Version:           17.0.18+8-Debian-1deb12u1
10-Feb-2026 13:23:43.921 INFO [main] org.apache.catalina.startup.VersionLoggerListener.log JVM Vendor:            Debian
10-Feb-2026 13:23:43.921 INFO [main] org.apache.catalina.startup.VersionLoggerListener.log CATALINA_BASE:         /home/infoetu/baptiste.lavogiez.etu/BUT2/Semestre2/Webdev/tomcat
10-Feb-2026 13:23:43.922 INFO [main] org.apache.catalina.startup.VersionLoggerListener.log CATALINA_HOME:         /home/infoetu/baptiste.lavogiez.etu/BUT2/Semestre2/Webdev/tomcat
10-Feb-2026 13:23:43.925 INFO [main] org.apache.catalina.startup.VersionLoggerListener.log Command line argument: -Djava.util.logging.config.file=/home/infoetu/baptiste.lavogiez.etu/BUT2/Semestre2/Webdev/tomcat/conf/logging.properties
10-Feb-2026 13:23:43.925 INFO [main] org.apache.catalina.startup.VersionLoggerListener.log Command line argument: -Djava.util.logging.manager=org.apache.juli.ClassLoaderLogManager
10-Feb-2026 13:23:43.926 INFO [main] org.apache.catalina.startup.VersionLoggerListener.log Command line argument: -Djdk.tls.ephemeralDHKeySize=2048
10-Feb-2026 13:23:43.926 INFO [main] org.apache.catalina.startup.VersionLoggerListener.log Command line argument: -Dorg.apache.catalina.security.SecurityListener.UMASK=0027
10-Feb-2026 13:23:43.926 INFO [main] org.apache.catalina.startup.VersionLoggerListener.log Command line argument: --add-opens=java.base/java.lang=ALL-UNNAMED
10-Feb-2026 13:23:43.926 INFO [main] org.apache.catalina.startup.VersionLoggerListener.log Command line argument: --add-opens=java.base/java.lang.reflect=ALL-UNNAMED
10-Feb-2026 13:23:43.926 INFO [main] org.apache.catalina.startup.VersionLoggerListener.log Command line argument: --add-opens=java.base/java.io=ALL-UNNAMED
10-Feb-2026 13:23:43.926 INFO [main] org.apache.catalina.startup.VersionLoggerListener.log Command line argument: --add-opens=java.base/java.util=ALL-UNNAMED
10-Feb-2026 13:23:43.926 INFO [main] org.apache.catalina.startup.VersionLoggerListener.log Command line argument: --add-opens=java.base/java.util.concurrent=ALL-UNNAMED
10-Feb-2026 13:23:43.926 INFO [main] org.apache.catalina.startup.VersionLoggerListener.log Command line argument: --add-opens=java.rmi/sun.rmi.transport=ALL-UNNAMED
10-Feb-2026 13:23:43.926 INFO [main] org.apache.catalina.startup.VersionLoggerListener.log Command line argument: --enable-native-access=ALL-UNNAMED
10-Feb-2026 13:23:43.926 INFO [main] org.apache.catalina.startup.VersionLoggerListener.log Command line argument: -Dcatalina.base=/home/infoetu/baptiste.lavogiez.etu/BUT2/Semestre2/Webdev/tomcat
10-Feb-2026 13:23:43.926 INFO [main] org.apache.catalina.startup.VersionLoggerListener.log Command line argument: -Dcatalina.home=/home/infoetu/baptiste.lavogiez.etu/BUT2/Semestre2/Webdev/tomcat
10-Feb-2026 13:23:43.926 INFO [main] org.apache.catalina.startup.VersionLoggerListener.log Command line argument: -Djava.io.tmpdir=/home/infoetu/baptiste.lavogiez.etu/BUT2/Semestre2/Webdev/tomcat/temp
10-Feb-2026 13:23:43.927 INFO [main] org.apache.catalina.core.AprLifecycleListener.lifecycleEvent The Apache Tomcat Native library which allows using OpenSSL was not found on the java.library.path: [/usr/java/packages/lib:/usr/lib/x86_64-linux-gnu/jni:/lib/x86_64-linux-gnu:/usr/lib/x86_64-linux-gnu:/usr/lib/jni:/lib:/usr/lib]
10-Feb-2026 13:23:44.031 INFO [main] org.apache.coyote.AbstractProtocol.init Initializing ProtocolHandler ["http-nio-8080"]
10-Feb-2026 13:23:44.040 INFO [main] org.apache.catalina.startup.Catalina.load Server initialization in [192] milliseconds
10-Feb-2026 13:23:44.058 INFO [main] org.apache.catalina.core.StandardService.startInternal Starting service [Catalina]
10-Feb-2026 13:23:44.058 INFO [main] org.apache.catalina.core.StandardEngine.startInternal Starting Servlet engine: [Apache Tomcat/11.0.13]
10-Feb-2026 13:23:44.063 INFO [main] org.apache.catalina.startup.HostConfig.deployDirectory Deploying web application directory [/home/infoetu/baptiste.lavogiez.etu/BUT2/Semestre2/Webdev/tomcat/webapps/ctp-sample]
10-Feb-2026 13:23:44.393 INFO [main] org.apache.jasper.servlet.TldScanner.scanJars At least one JAR was scanned for TLDs yet contained no TLDs. Enable debug logging for this logger for a complete list of JARs that were scanned but no TLDs were found in them. Skipping unneeded JARs during scanning can improve startup time and JSP compilation time.
10-Feb-2026 13:23:44.408 INFO [main] org.apache.catalina.startup.HostConfig.deployDirectory Deployment of web application directory [/home/infoetu/baptiste.lavogiez.etu/BUT2/Semestre2/Webdev/tomcat/webapps/ctp-sample] has finished in [344] ms
10-Feb-2026 13:23:44.408 INFO [main] org.apache.catalina.startup.HostConfig.deployDirectory Deploying web application directory [/home/infoetu/baptiste.lavogiez.etu/BUT2/Semestre2/Webdev/tomcat/webapps/__MACOSX]
10-Feb-2026 13:23:44.560 INFO [main] org.apache.jasper.servlet.TldScanner.scanJars At least one JAR was scanned for TLDs yet contained no TLDs. Enable debug logging for this logger for a complete list of JARs that were scanned but no TLDs were found in them. Skipping unneeded JARs during scanning can improve startup time and JSP compilation time.
10-Feb-2026 13:23:44.561 INFO [main] org.apache.catalina.startup.HostConfig.deployDirectory Deployment of web application directory [/home/infoetu/baptiste.lavogiez.etu/BUT2/Semestre2/Webdev/tomcat/webapps/__MACOSX] has finished in [153] ms
10-Feb-2026 13:23:44.561 INFO [main] org.apache.catalina.startup.HostConfig.deployDirectory Deploying web application directory [/home/infoetu/baptiste.lavogiez.etu/BUT2/Semestre2/Webdev/tomcat/webapps/ROOT]
10-Feb-2026 13:23:44.711 INFO [main] org.apache.jasper.servlet.TldScanner.scanJars At least one JAR was scanned for TLDs yet contained no TLDs. Enable debug logging for this logger for a complete list of JARs that were scanned but no TLDs were found in them. Skipping unneeded JARs during scanning can improve startup time and JSP compilation time.
10-Feb-2026 13:23:44.712 INFO [main] org.apache.catalina.startup.HostConfig.deployDirectory Deployment of web application directory [/home/infoetu/baptiste.lavogiez.etu/BUT2/Semestre2/Webdev/tomcat/webapps/ROOT] has finished in [151] ms
10-Feb-2026 13:23:44.713 INFO [main] org.apache.catalina.startup.HostConfig.deployDirectory Deploying web application directory [/home/infoetu/baptiste.lavogiez.etu/BUT2/Semestre2/Webdev/tomcat/webapps/TP04]
10-Feb-2026 13:23:44.886 INFO [main] org.apache.jasper.servlet.TldScanner.scanJars At least one JAR was scanned for TLDs yet contained no TLDs. Enable debug logging for this logger for a complete list of JARs that were scanned but no TLDs were found in them. Skipping unneeded JARs during scanning can improve startup time and JSP compilation time.
10-Feb-2026 13:23:44.887 INFO [main] org.apache.catalina.startup.HostConfig.deployDirectory Deployment of web application directory [/home/infoetu/baptiste.lavogiez.etu/BUT2/Semestre2/Webdev/tomcat/webapps/TP04] has finished in [173] ms
10-Feb-2026 13:23:44.887 INFO [main] org.apache.catalina.startup.HostConfig.deployDirectory Deploying web application directory [/home/infoetu/baptiste.lavogiez.etu/BUT2/Semestre2/Webdev/tomcat/webapps/docs]
10-Feb-2026 13:23:45.034 INFO [main] org.apache.jasper.servlet.TldScanner.scanJars At least one JAR was scanned for TLDs yet contained no TLDs. Enable debug logging for this logger for a complete list of JARs that were scanned but no TLDs were found in them. Skipping unneeded JARs during scanning can improve startup time and JSP compilation time.
10-Feb-2026 13:23:45.035 INFO [main] org.apache.catalina.startup.HostConfig.deployDirectory Deployment of web application directory [/home/infoetu/baptiste.lavogiez.etu/BUT2/Semestre2/Webdev/tomcat/webapps/docs] has finished in [148] ms
10-Feb-2026 13:23:45.035 INFO [main] org.apache.catalina.startup.HostConfig.deployDirectory Deploying web application directory [/home/infoetu/baptiste.lavogiez.etu/BUT2/Semestre2/Webdev/tomcat/webapps/TP03-Partie2]
10-Feb-2026 13:23:45.190 INFO [main] org.apache.jasper.servlet.TldScanner.scanJars At least one JAR was scanned for TLDs yet contained no TLDs. Enable debug logging for this logger for a complete list of JARs that were scanned but no TLDs were found in them. Skipping unneeded JARs during scanning can improve startup time and JSP compilation time.
10-Feb-2026 13:23:45.191 INFO [main] org.apache.catalina.startup.HostConfig.deployDirectory Deployment of web application directory [/home/infoetu/baptiste.lavogiez.etu/BUT2/Semestre2/Webdev/tomcat/webapps/TP03-Partie2] has finished in [156] ms
10-Feb-2026 13:23:45.191 INFO [main] org.apache.catalina.startup.HostConfig.deployDirectory Deploying web application directory [/home/infoetu/baptiste.lavogiez.etu/BUT2/Semestre2/Webdev/tomcat/webapps/manager]
10-Feb-2026 13:23:45.340 INFO [main] org.apache.jasper.servlet.TldScanner.scanJars At least one JAR was scanned for TLDs yet contained no TLDs. Enable debug logging for this logger for a complete list of JARs that were scanned but no TLDs were found in them. Skipping unneeded JARs during scanning can improve startup time and JSP compilation time.
10-Feb-2026 13:23:45.342 INFO [main] org.apache.catalina.startup.HostConfig.deployDirectory Deployment of web application directory [/home/infoetu/baptiste.lavogiez.etu/BUT2/Semestre2/Webdev/tomcat/webapps/manager] has finished in [151] ms
10-Feb-2026 13:23:45.342 INFO [main] org.apache.catalina.startup.HostConfig.deployDirectory Deploying web application directory [/home/infoetu/baptiste.lavogiez.etu/BUT2/Semestre2/Webdev/tomcat/webapps/TP02]
10-Feb-2026 13:23:45.496 INFO [main] org.apache.jasper.servlet.TldScanner.scanJars At least one JAR was scanned for TLDs yet contained no TLDs. Enable debug logging for this logger for a complete list of JARs that were scanned but no TLDs were found in them. Skipping unneeded JARs during scanning can improve startup time and JSP compilation time.
10-Feb-2026 13:23:45.497 INFO [main] org.apache.catalina.startup.HostConfig.deployDirectory Deployment of web application directory [/home/infoetu/baptiste.lavogiez.etu/BUT2/Semestre2/Webdev/tomcat/webapps/TP02] has finished in [155] ms
10-Feb-2026 13:23:45.497 INFO [main] org.apache.catalina.startup.HostConfig.deployDirectory Deploying web application directory [/home/infoetu/baptiste.lavogiez.etu/BUT2/Semestre2/Webdev/tomcat/webapps/ctp1]
10-Feb-2026 13:23:45.659 INFO [main] org.apache.jasper.servlet.TldScanner.scanJars At least one JAR was scanned for TLDs yet contained no TLDs. Enable debug logging for this logger for a complete list of JARs that were scanned but no TLDs were found in them. Skipping unneeded JARs during scanning can improve startup time and JSP compilation time.
10-Feb-2026 13:23:45.659 INFO [main] org.apache.catalina.startup.HostConfig.deployDirectory Deployment of web application directory [/home/infoetu/baptiste.lavogiez.etu/BUT2/Semestre2/Webdev/tomcat/webapps/ctp1] has finished in [162] ms
10-Feb-2026 13:23:45.660 INFO [main] org.apache.catalina.startup.HostConfig.deployDirectory Deploying web application directory [/home/infoetu/baptiste.lavogiez.etu/BUT2/Semestre2/Webdev/tomcat/webapps/TP03]
10-Feb-2026 13:23:45.810 INFO [main] org.apache.jasper.servlet.TldScanner.scanJars At least one JAR was scanned for TLDs yet contained no TLDs. Enable debug logging for this logger for a complete list of JARs that were scanned but no TLDs were found in them. Skipping unneeded JARs during scanning can improve startup time and JSP compilation time.
10-Feb-2026 13:23:45.811 INFO [main] org.apache.catalina.startup.HostConfig.deployDirectory Deployment of web application directory [/home/infoetu/baptiste.lavogiez.etu/BUT2/Semestre2/Webdev/tomcat/webapps/TP03] has finished in [151] ms
10-Feb-2026 13:23:45.811 INFO [main] org.apache.catalina.startup.HostConfig.deployDirectory Deploying web application directory [/home/infoetu/baptiste.lavogiez.etu/BUT2/Semestre2/Webdev/tomcat/webapps/TP01]
10-Feb-2026 13:23:45.954 INFO [main] org.apache.jasper.servlet.TldScanner.scanJars At least one JAR was scanned for TLDs yet contained no TLDs. Enable debug logging for this logger for a complete list of JARs that were scanned but no TLDs were found in them. Skipping unneeded JARs during scanning can improve startup time and JSP compilation time.
10-Feb-2026 13:23:45.955 INFO [main] org.apache.catalina.startup.HostConfig.deployDirectory Deployment of web application directory [/home/infoetu/baptiste.lavogiez.etu/BUT2/Semestre2/Webdev/tomcat/webapps/TP01] has finished in [144] ms
10-Feb-2026 13:23:45.955 INFO [main] org.apache.catalina.startup.HostConfig.deployDirectory Deploying web application directory [/home/infoetu/baptiste.lavogiez.etu/BUT2/Semestre2/Webdev/tomcat/webapps/host-manager]
10-Feb-2026 13:23:46.099 INFO [main] org.apache.jasper.servlet.TldScanner.scanJars At least one JAR was scanned for TLDs yet contained no TLDs. Enable debug logging for this logger for a complete list of JARs that were scanned but no TLDs were found in them. Skipping unneeded JARs during scanning can improve startup time and JSP compilation time.
10-Feb-2026 13:23:46.100 INFO [main] org.apache.catalina.startup.HostConfig.deployDirectory Deployment of web application directory [/home/infoetu/baptiste.lavogiez.etu/BUT2/Semestre2/Webdev/tomcat/webapps/host-manager] has finished in [145] ms
10-Feb-2026 13:23:46.100 INFO [main] org.apache.catalina.startup.HostConfig.deployDirectory Deploying web application directory [/home/infoetu/baptiste.lavogiez.etu/BUT2/Semestre2/Webdev/tomcat/webapps/tp_chess]
10-Feb-2026 13:23:46.250 INFO [main] org.apache.jasper.servlet.TldScanner.scanJars At least one JAR was scanned for TLDs yet contained no TLDs. Enable debug logging for this logger for a complete list of JARs that were scanned but no TLDs were found in them. Skipping unneeded JARs during scanning can improve startup time and JSP compilation time.
10-Feb-2026 13:23:46.251 INFO [main] org.apache.catalina.startup.HostConfig.deployDirectory Deployment of web application directory [/home/infoetu/baptiste.lavogiez.etu/BUT2/Semestre2/Webdev/tomcat/webapps/tp_chess] has finished in [151] ms
10-Feb-2026 13:23:46.251 INFO [main] org.apache.catalina.startup.HostConfig.deployDirectory Deploying web application directory [/home/infoetu/baptiste.lavogiez.etu/BUT2/Semestre2/Webdev/tomcat/webapps/template]
10-Feb-2026 13:23:46.402 INFO [main] org.apache.jasper.servlet.TldScanner.scanJars At least one JAR was scanned for TLDs yet contained no TLDs. Enable debug logging for this logger for a complete list of JARs that were scanned but no TLDs were found in them. Skipping unneeded JARs during scanning can improve startup time and JSP compilation time.
10-Feb-2026 13:23:46.403 INFO [main] org.apache.catalina.startup.HostConfig.deployDirectory Deployment of web application directory [/home/infoetu/baptiste.lavogiez.etu/BUT2/Semestre2/Webdev/tomcat/webapps/template] has finished in [152] ms
10-Feb-2026 13:23:46.403 INFO [main] org.apache.catalina.startup.HostConfig.deployDirectory Deploying web application directory [/home/infoetu/baptiste.lavogiez.etu/BUT2/Semestre2/Webdev/tomcat/webapps/examples]
10-Feb-2026 13:23:46.711 INFO [main] org.apache.jasper.servlet.TldScanner.scanJars At least one JAR was scanned for TLDs yet contained no TLDs. Enable debug logging for this logger for a complete list of JARs that were scanned but no TLDs were found in them. Skipping unneeded JARs during scanning can improve startup time and JSP compilation time.
10-Feb-2026 13:23:46.723 INFO [main] org.apache.catalina.startup.HostConfig.deployDirectory Deployment of web application directory [/home/infoetu/baptiste.lavogiez.etu/BUT2/Semestre2/Webdev/tomcat/webapps/examples] has finished in [320] ms
10-Feb-2026 13:23:46.723 INFO [main] org.apache.catalina.startup.HostConfig.deployDirectory Deploying web application directory [/home/infoetu/baptiste.lavogiez.etu/BUT2/Semestre2/Webdev/tomcat/webapps/ctp]
10-Feb-2026 13:23:46.881 INFO [main] org.apache.jasper.servlet.TldScanner.scanJars At least one JAR was scanned for TLDs yet contained no TLDs. Enable debug logging for this logger for a complete list of JARs that were scanned but no TLDs were found in them. Skipping unneeded JARs during scanning can improve startup time and JSP compilation time.
10-Feb-2026 13:23:46.883 INFO [main] org.apache.catalina.startup.HostConfig.deployDirectory Deployment of web application directory [/home/infoetu/baptiste.lavogiez.etu/BUT2/Semestre2/Webdev/tomcat/webapps/ctp] has finished in [160] ms
10-Feb-2026 13:23:46.885 INFO [main] org.apache.coyote.AbstractProtocol.start Starting ProtocolHandler ["http-nio-8080"]
10-Feb-2026 13:23:46.890 INFO [main] org.apache.catalina.startup.Catalina.start Server startup in [2849] milliseconds
10-Feb-2026 13:27:37.405 INFO [Thread-1] org.apache.coyote.AbstractProtocol.pause Pausing ProtocolHandler ["http-nio-8080"]
10-Feb-2026 13:27:37.407 INFO [Thread-1] org.apache.catalina.core.StandardService.stopInternal Stopping service [Catalina]
10-Feb-2026 13:27:37.430 WARNING [Thread-1] org.apache.catalina.loader.WebappClassLoaderBase.clearReferencesJdbc The web application [ctp] registered the JDBC driver [org.h2.Driver] but failed to unregister it when the web application was stopped. To prevent a memory leak, the JDBC Driver has been forcibly unregistered.
10-Feb-2026 13:27:37.454 INFO [Thread-1] org.apache.coyote.AbstractProtocol.stop Stopping ProtocolHandler ["http-nio-8080"]
10-Feb-2026 13:27:37.461 INFO [Thread-1] org.apache.coyote.AbstractProtocol.destroy Destroying ProtocolHandler ["http-nio-8080"]
10-Feb-2026 14:58:50.539 INFO [main] org.apache.catalina.startup.VersionLoggerListener.log Server version name:   Apache Tomcat/11.0.13
10-Feb-2026 14:58:50.541 INFO [main] org.apache.catalina.startup.VersionLoggerListener.log Server built:          Oct 10 2025 13:57:31 UTC
10-Feb-2026 14:58:50.541 INFO [main] org.apache.catalina.startup.VersionLoggerListener.log Server version number: 11.0.13.0
10-Feb-2026 14:58:50.541 INFO [main] org.apache.catalina.startup.VersionLoggerListener.log OS Name:               Linux
10-Feb-2026 14:58:50.541 INFO [main] org.apache.catalina.startup.VersionLoggerListener.log OS Version:            6.1.0-40-amd64
10-Feb-2026 14:58:50.541 INFO [main] org.apache.catalina.startup.VersionLoggerListener.log Architecture:          amd64
10-Feb-2026 14:58:50.541 INFO [main] org.apache.catalina.startup.VersionLoggerListener.log Java Home:             /usr/lib/jvm/java-17-openjdk-amd64
10-Feb-2026 14:58:50.541 INFO [main] org.apache.catalina.startup.VersionLoggerListener.log JVM Version:           17.0.18+8-Debian-1deb12u1
10-Feb-2026 14:58:50.541 INFO [main] org.apache.catalina.startup.VersionLoggerListener.log JVM Vendor:            Debian
10-Feb-2026 14:58:50.541 INFO [main] org.apache.catalina.startup.VersionLoggerListener.log CATALINA_BASE:         /home/infoetu/baptiste.lavogiez.etu/BUT2/Semestre2/Webdev/tomcat
10-Feb-2026 14:58:50.541 INFO [main] org.apache.catalina.startup.VersionLoggerListener.log CATALINA_HOME:         /home/infoetu/baptiste.lavogiez.etu/BUT2/Semestre2/Webdev/tomcat
10-Feb-2026 14:58:50.547 INFO [main] org.apache.catalina.startup.VersionLoggerListener.log Command line argument: -Djava.util.logging.config.file=/home/infoetu/baptiste.lavogiez.etu/BUT2/Semestre2/Webdev/tomcat/conf/logging.properties
10-Feb-2026 14:58:50.547 INFO [main] org.apache.catalina.startup.VersionLoggerListener.log Command line argument: -Djava.util.logging.manager=org.apache.juli.ClassLoaderLogManager
10-Feb-2026 14:58:50.547 INFO [main] org.apache.catalina.startup.VersionLoggerListener.log Command line argument: -Djdk.tls.ephemeralDHKeySize=2048
10-Feb-2026 14:58:50.547 INFO [main] org.apache.catalina.startup.VersionLoggerListener.log Command line argument: -Dorg.apache.catalina.security.SecurityListener.UMASK=0027
10-Feb-2026 14:58:50.547 INFO [main] org.apache.catalina.startup.VersionLoggerListener.log Command line argument: --add-opens=java.base/java.lang=ALL-UNNAMED
10-Feb-2026 14:58:50.547 INFO [main] org.apache.catalina.startup.VersionLoggerListener.log Command line argument: --add-opens=java.base/java.lang.reflect=ALL-UNNAMED
10-Feb-2026 14:58:50.547 INFO [main] org.apache.catalina.startup.VersionLoggerListener.log Command line argument: --add-opens=java.base/java.io=ALL-UNNAMED
10-Feb-2026 14:58:50.547 INFO [main] org.apache.catalina.startup.VersionLoggerListener.log Command line argument: --add-opens=java.base/java.util=ALL-UNNAMED
10-Feb-2026 14:58:50.547 INFO [main] org.apache.catalina.startup.VersionLoggerListener.log Command line argument: --add-opens=java.base/java.util.concurrent=ALL-UNNAMED
10-Feb-2026 14:58:50.547 INFO [main] org.apache.catalina.startup.VersionLoggerListener.log Command line argument: --add-opens=java.rmi/sun.rmi.transport=ALL-UNNAMED
10-Feb-2026 14:58:50.547 INFO [main] org.apache.catalina.startup.VersionLoggerListener.log Command line argument: --enable-native-access=ALL-UNNAMED
10-Feb-2026 14:58:50.547 INFO [main] org.apache.catalina.startup.VersionLoggerListener.log Command line argument: -Dcatalina.base=/home/infoetu/baptiste.lavogiez.etu/BUT2/Semestre2/Webdev/tomcat
10-Feb-2026 14:58:50.547 INFO [main] org.apache.catalina.startup.VersionLoggerListener.log Command line argument: -Dcatalina.home=/home/infoetu/baptiste.lavogiez.etu/BUT2/Semestre2/Webdev/tomcat
10-Feb-2026 14:58:50.547 INFO [main] org.apache.catalina.startup.VersionLoggerListener.log Command line argument: -Djava.io.tmpdir=/home/infoetu/baptiste.lavogiez.etu/BUT2/Semestre2/Webdev/tomcat/temp
10-Feb-2026 14:58:50.549 INFO [main] org.apache.catalina.core.AprLifecycleListener.lifecycleEvent The Apache Tomcat Native library which allows using OpenSSL was not found on the java.library.path: [/usr/java/packages/lib:/usr/lib/x86_64-linux-gnu/jni:/lib/x86_64-linux-gnu:/usr/lib/x86_64-linux-gnu:/usr/lib/jni:/lib:/usr/lib]
10-Feb-2026 14:58:50.663 INFO [main] org.apache.coyote.AbstractProtocol.init Initializing ProtocolHandler ["http-nio-8080"]
10-Feb-2026 14:58:50.675 INFO [main] org.apache.catalina.startup.Catalina.load Server initialization in [267] milliseconds
10-Feb-2026 14:58:50.700 INFO [main] org.apache.catalina.core.StandardService.startInternal Starting service [Catalina]
10-Feb-2026 14:58:50.700 INFO [main] org.apache.catalina.core.StandardEngine.startInternal Starting Servlet engine: [Apache Tomcat/11.0.13]
10-Feb-2026 14:58:50.707 INFO [main] org.apache.catalina.startup.HostConfig.deployDirectory Deploying web application directory [/home/infoetu/baptiste.lavogiez.etu/BUT2/Semestre2/Webdev/tomcat/webapps/ctp-sample]
10-Feb-2026 14:58:51.092 INFO [main] org.apache.jasper.servlet.TldScanner.scanJars At least one JAR was scanned for TLDs yet contained no TLDs. Enable debug logging for this logger for a complete list of JARs that were scanned but no TLDs were found in them. Skipping unneeded JARs during scanning can improve startup time and JSP compilation time.
10-Feb-2026 14:58:51.112 INFO [main] org.apache.catalina.startup.HostConfig.deployDirectory Deployment of web application directory [/home/infoetu/baptiste.lavogiez.etu/BUT2/Semestre2/Webdev/tomcat/webapps/ctp-sample] has finished in [405] ms
10-Feb-2026 14:58:51.112 INFO [main] org.apache.catalina.startup.HostConfig.deployDirectory Deploying web application directory [/home/infoetu/baptiste.lavogiez.etu/BUT2/Semestre2/Webdev/tomcat/webapps/__MACOSX]
10-Feb-2026 14:58:51.240 INFO [main] org.apache.jasper.servlet.TldScanner.scanJars At least one JAR was scanned for TLDs yet contained no TLDs. Enable debug logging for this logger for a complete list of JARs that were scanned but no TLDs were found in them. Skipping unneeded JARs during scanning can improve startup time and JSP compilation time.
10-Feb-2026 14:58:51.241 INFO [main] org.apache.catalina.startup.HostConfig.deployDirectory Deployment of web application directory [/home/infoetu/baptiste.lavogiez.etu/BUT2/Semestre2/Webdev/tomcat/webapps/__MACOSX] has finished in [129] ms
10-Feb-2026 14:58:51.242 INFO [main] org.apache.catalina.startup.HostConfig.deployDirectory Deploying web application directory [/home/infoetu/baptiste.lavogiez.etu/BUT2/Semestre2/Webdev/tomcat/webapps/ROOT]
10-Feb-2026 14:58:51.371 INFO [main] org.apache.jasper.servlet.TldScanner.scanJars At least one JAR was scanned for TLDs yet contained no TLDs. Enable debug logging for this logger for a complete list of JARs that were scanned but no TLDs were found in them. Skipping unneeded JARs during scanning can improve startup time and JSP compilation time.
10-Feb-2026 14:58:51.373 INFO [main] org.apache.catalina.startup.HostConfig.deployDirectory Deployment of web application directory [/home/infoetu/baptiste.lavogiez.etu/BUT2/Semestre2/Webdev/tomcat/webapps/ROOT] has finished in [131] ms
10-Feb-2026 14:58:51.373 INFO [main] org.apache.catalina.startup.HostConfig.deployDirectory Deploying web application directory [/home/infoetu/baptiste.lavogiez.etu/BUT2/Semestre2/Webdev/tomcat/webapps/TP04]
10-Feb-2026 14:58:51.543 INFO [main] org.apache.jasper.servlet.TldScanner.scanJars At least one JAR was scanned for TLDs yet contained no TLDs. Enable debug logging for this logger for a complete list of JARs that were scanned but no TLDs were found in them. Skipping unneeded JARs during scanning can improve startup time and JSP compilation time.
10-Feb-2026 14:58:51.544 INFO [main] org.apache.catalina.startup.HostConfig.deployDirectory Deployment of web application directory [/home/infoetu/baptiste.lavogiez.etu/BUT2/Semestre2/Webdev/tomcat/webapps/TP04] has finished in [171] ms
10-Feb-2026 14:58:51.544 INFO [main] org.apache.catalina.startup.HostConfig.deployDirectory Deploying web application directory [/home/infoetu/baptiste.lavogiez.etu/BUT2/Semestre2/Webdev/tomcat/webapps/docs]
10-Feb-2026 14:58:51.679 INFO [main] org.apache.jasper.servlet.TldScanner.scanJars At least one JAR was scanned for TLDs yet contained no TLDs. Enable debug logging for this logger for a complete list of JARs that were scanned but no TLDs were found in them. Skipping unneeded JARs during scanning can improve startup time and JSP compilation time.
10-Feb-2026 14:58:51.680 INFO [main] org.apache.catalina.startup.HostConfig.deployDirectory Deployment of web application directory [/home/infoetu/baptiste.lavogiez.etu/BUT2/Semestre2/Webdev/tomcat/webapps/docs] has finished in [136] ms
10-Feb-2026 14:58:51.680 INFO [main] org.apache.catalina.startup.HostConfig.deployDirectory Deploying web application directory [/home/infoetu/baptiste.lavogiez.etu/BUT2/Semestre2/Webdev/tomcat/webapps/TP03-Partie2]
10-Feb-2026 14:58:51.819 INFO [main] org.apache.jasper.servlet.TldScanner.scanJars At least one JAR was scanned for TLDs yet contained no TLDs. Enable debug logging for this logger for a complete list of JARs that were scanned but no TLDs were found in them. Skipping unneeded JARs during scanning can improve startup time and JSP compilation time.
10-Feb-2026 14:58:51.820 INFO [main] org.apache.catalina.startup.HostConfig.deployDirectory Deployment of web application directory [/home/infoetu/baptiste.lavogiez.etu/BUT2/Semestre2/Webdev/tomcat/webapps/TP03-Partie2] has finished in [139] ms
10-Feb-2026 14:58:51.820 INFO [main] org.apache.catalina.startup.HostConfig.deployDirectory Deploying web application directory [/home/infoetu/baptiste.lavogiez.etu/BUT2/Semestre2/Webdev/tomcat/webapps/manager]
10-Feb-2026 14:58:51.940 INFO [main] org.apache.jasper.servlet.TldScanner.scanJars At least one JAR was scanned for TLDs yet contained no TLDs. Enable debug logging for this logger for a complete list of JARs that were scanned but no TLDs were found in them. Skipping unneeded JARs during scanning can improve startup time and JSP compilation time.
10-Feb-2026 14:58:51.943 INFO [main] org.apache.catalina.startup.HostConfig.deployDirectory Deployment of web application directory [/home/infoetu/baptiste.lavogiez.etu/BUT2/Semestre2/Webdev/tomcat/webapps/manager] has finished in [123] ms
10-Feb-2026 14:58:51.943 INFO [main] org.apache.catalina.startup.HostConfig.deployDirectory Deploying web application directory [/home/infoetu/baptiste.lavogiez.etu/BUT2/Semestre2/Webdev/tomcat/webapps/TP02]
10-Feb-2026 14:58:52.080 INFO [main] org.apache.jasper.servlet.TldScanner.scanJars At least one JAR was scanned for TLDs yet contained no TLDs. Enable debug logging for this logger for a complete list of JARs that were scanned but no TLDs were found in them. Skipping unneeded JARs during scanning can improve startup time and JSP compilation time.
10-Feb-2026 14:58:52.081 INFO [main] org.apache.catalina.startup.HostConfig.deployDirectory Deployment of web application directory [/home/infoetu/baptiste.lavogiez.etu/BUT2/Semestre2/Webdev/tomcat/webapps/TP02] has finished in [137] ms
10-Feb-2026 14:58:52.081 INFO [main] org.apache.catalina.startup.HostConfig.deployDirectory Deploying web application directory [/home/infoetu/baptiste.lavogiez.etu/BUT2/Semestre2/Webdev/tomcat/webapps/ctp1]
10-Feb-2026 14:58:52.231 INFO [main] org.apache.jasper.servlet.TldScanner.scanJars At least one JAR was scanned for TLDs yet contained no TLDs. Enable debug logging for this logger for a complete list of JARs that were scanned but no TLDs were found in them. Skipping unneeded JARs during scanning can improve startup time and JSP compilation time.
10-Feb-2026 14:58:52.232 INFO [main] org.apache.catalina.startup.HostConfig.deployDirectory Deployment of web application directory [/home/infoetu/baptiste.lavogiez.etu/BUT2/Semestre2/Webdev/tomcat/webapps/ctp1] has finished in [151] ms
10-Feb-2026 14:58:52.233 INFO [main] org.apache.catalina.startup.HostConfig.deployDirectory Deploying web application directory [/home/infoetu/baptiste.lavogiez.etu/BUT2/Semestre2/Webdev/tomcat/webapps/TP03]
10-Feb-2026 14:58:52.373 INFO [main] org.apache.jasper.servlet.TldScanner.scanJars At least one JAR was scanned for TLDs yet contained no TLDs. Enable debug logging for this logger for a complete list of JARs that were scanned but no TLDs were found in them. Skipping unneeded JARs during scanning can improve startup time and JSP compilation time.
10-Feb-2026 14:58:52.374 INFO [main] org.apache.catalina.startup.HostConfig.deployDirectory Deployment of web application directory [/home/infoetu/baptiste.lavogiez.etu/BUT2/Semestre2/Webdev/tomcat/webapps/TP03] has finished in [141] ms
10-Feb-2026 14:58:52.374 INFO [main] org.apache.catalina.startup.HostConfig.deployDirectory Deploying web application directory [/home/infoetu/baptiste.lavogiez.etu/BUT2/Semestre2/Webdev/tomcat/webapps/TP01]
10-Feb-2026 14:58:52.498 INFO [main] org.apache.jasper.servlet.TldScanner.scanJars At least one JAR was scanned for TLDs yet contained no TLDs. Enable debug logging for this logger for a complete list of JARs that were scanned but no TLDs were found in them. Skipping unneeded JARs during scanning can improve startup time and JSP compilation time.
10-Feb-2026 14:58:52.499 INFO [main] org.apache.catalina.startup.HostConfig.deployDirectory Deployment of web application directory [/home/infoetu/baptiste.lavogiez.etu/BUT2/Semestre2/Webdev/tomcat/webapps/TP01] has finished in [125] ms
10-Feb-2026 14:58:52.499 INFO [main] org.apache.catalina.startup.HostConfig.deployDirectory Deploying web application directory [/home/infoetu/baptiste.lavogiez.etu/BUT2/Semestre2/Webdev/tomcat/webapps/host-manager]
10-Feb-2026 14:58:52.617 INFO [main] org.apache.jasper.servlet.TldScanner.scanJars At least one JAR was scanned for TLDs yet contained no TLDs. Enable debug logging for this logger for a complete list of JARs that were scanned but no TLDs were found in them. Skipping unneeded JARs during scanning can improve startup time and JSP compilation time.
10-Feb-2026 14:58:52.617 INFO [main] org.apache.catalina.startup.HostConfig.deployDirectory Deployment of web application directory [/home/infoetu/baptiste.lavogiez.etu/BUT2/Semestre2/Webdev/tomcat/webapps/host-manager] has finished in [118] ms
10-Feb-2026 14:58:52.618 INFO [main] org.apache.catalina.startup.HostConfig.deployDirectory Deploying web application directory [/home/infoetu/baptiste.lavogiez.etu/BUT2/Semestre2/Webdev/tomcat/webapps/tp_chess]
10-Feb-2026 14:58:52.750 INFO [main] org.apache.jasper.servlet.TldScanner.scanJars At least one JAR was scanned for TLDs yet contained no TLDs. Enable debug logging for this logger for a complete list of JARs that were scanned but no TLDs were found in them. Skipping unneeded JARs during scanning can improve startup time and JSP compilation time.
10-Feb-2026 14:58:52.751 INFO [main] org.apache.catalina.startup.HostConfig.deployDirectory Deployment of web application directory [/home/infoetu/baptiste.lavogiez.etu/BUT2/Semestre2/Webdev/tomcat/webapps/tp_chess] has finished in [133] ms
10-Feb-2026 14:58:52.752 INFO [main] org.apache.catalina.startup.HostConfig.deployDirectory Deploying web application directory [/home/infoetu/baptiste.lavogiez.etu/BUT2/Semestre2/Webdev/tomcat/webapps/template]
10-Feb-2026 14:58:52.886 INFO [main] org.apache.jasper.servlet.TldScanner.scanJars At least one JAR was scanned for TLDs yet contained no TLDs. Enable debug logging for this logger for a complete list of JARs that were scanned but no TLDs were found in them. Skipping unneeded JARs during scanning can improve startup time and JSP compilation time.
10-Feb-2026 14:58:52.887 INFO [main] org.apache.catalina.startup.HostConfig.deployDirectory Deployment of web application directory [/home/infoetu/baptiste.lavogiez.etu/BUT2/Semestre2/Webdev/tomcat/webapps/template] has finished in [135] ms
10-Feb-2026 14:58:52.887 INFO [main] org.apache.catalina.startup.HostConfig.deployDirectory Deploying web application directory [/home/infoetu/baptiste.lavogiez.etu/BUT2/Semestre2/Webdev/tomcat/webapps/examples]
10-Feb-2026 14:58:53.265 INFO [main] org.apache.jasper.servlet.TldScanner.scanJars At least one JAR was scanned for TLDs yet contained no TLDs. Enable debug logging for this logger for a complete list of JARs that were scanned but no TLDs were found in them. Skipping unneeded JARs during scanning can improve startup time and JSP compilation time.
10-Feb-2026 14:58:53.279 INFO [main] org.apache.catalina.startup.HostConfig.deployDirectory Deployment of web application directory [/home/infoetu/baptiste.lavogiez.etu/BUT2/Semestre2/Webdev/tomcat/webapps/examples] has finished in [391] ms
10-Feb-2026 14:58:53.279 INFO [main] org.apache.catalina.startup.HostConfig.deployDirectory Deploying web application directory [/home/infoetu/baptiste.lavogiez.etu/BUT2/Semestre2/Webdev/tomcat/webapps/ctp]
10-Feb-2026 14:58:53.421 INFO [main] org.apache.jasper.servlet.TldScanner.scanJars At least one JAR was scanned for TLDs yet contained no TLDs. Enable debug logging for this logger for a complete list of JARs that were scanned but no TLDs were found in them. Skipping unneeded JARs during scanning can improve startup time and JSP compilation time.
10-Feb-2026 14:58:53.422 INFO [main] org.apache.catalina.startup.HostConfig.deployDirectory Deployment of web application directory [/home/infoetu/baptiste.lavogiez.etu/BUT2/Semestre2/Webdev/tomcat/webapps/ctp] has finished in [143] ms
10-Feb-2026 14:58:53.424 INFO [main] org.apache.coyote.AbstractProtocol.start Starting ProtocolHandler ["http-nio-8080"]
10-Feb-2026 14:58:53.438 INFO [main] org.apache.catalina.startup.Catalina.start Server startup in [2762] milliseconds
10-Feb-2026 15:01:44.936 INFO [Thread-1] org.apache.coyote.AbstractProtocol.pause Pausing ProtocolHandler ["http-nio-8080"]
10-Feb-2026 15:01:44.938 INFO [Thread-1] org.apache.catalina.core.StandardService.stopInternal Stopping service [Catalina]
10-Feb-2026 15:01:44.992 WARNING [Thread-1] org.apache.catalina.loader.WebappClassLoaderBase.clearReferencesJdbc The web application [ctp] registered the JDBC driver [org.h2.Driver] but failed to unregister it when the web application was stopped. To prevent a memory leak, the JDBC Driver has been forcibly unregistered.
10-Feb-2026 15:01:45.015 INFO [Thread-1] org.apache.coyote.AbstractProtocol.stop Stopping ProtocolHandler ["http-nio-8080"]
10-Feb-2026 15:01:45.022 INFO [Thread-1] org.apache.coyote.AbstractProtocol.destroy Destroying ProtocolHandler ["http-nio-8080"]
10-Feb-2026 15:01:46.012 INFO [main] org.apache.catalina.startup.VersionLoggerListener.log Server version name:   Apache Tomcat/11.0.13
10-Feb-2026 15:01:46.014 INFO [main] org.apache.catalina.startup.VersionLoggerListener.log Server built:          Oct 10 2025 13:57:31 UTC
10-Feb-2026 15:01:46.014 INFO [main] org.apache.catalina.startup.VersionLoggerListener.log Server version number: 11.0.13.0
10-Feb-2026 15:01:46.014 INFO [main] org.apache.catalina.startup.VersionLoggerListener.log OS Name:               Linux
10-Feb-2026 15:01:46.014 INFO [main] org.apache.catalina.startup.VersionLoggerListener.log OS Version:            6.1.0-40-amd64
10-Feb-2026 15:01:46.014 INFO [main] org.apache.catalina.startup.VersionLoggerListener.log Architecture:          amd64
10-Feb-2026 15:01:46.014 INFO [main] org.apache.catalina.startup.VersionLoggerListener.log Java Home:             /usr/lib/jvm/java-17-openjdk-amd64
10-Feb-2026 15:01:46.014 INFO [main] org.apache.catalina.startup.VersionLoggerListener.log JVM Version:           17.0.18+8-Debian-1deb12u1
10-Feb-2026 15:01:46.014 INFO [main] org.apache.catalina.startup.VersionLoggerListener.log JVM Vendor:            Debian
10-Feb-2026 15:01:46.014 INFO [main] org.apache.catalina.startup.VersionLoggerListener.log CATALINA_BASE:         /home/infoetu/baptiste.lavogiez.etu/BUT2/Semestre2/Webdev/tomcat
10-Feb-2026 15:01:46.014 INFO [main] org.apache.catalina.startup.VersionLoggerListener.log CATALINA_HOME:         /home/infoetu/baptiste.lavogiez.etu/BUT2/Semestre2/Webdev/tomcat
10-Feb-2026 15:01:46.017 INFO [main] org.apache.catalina.startup.VersionLoggerListener.log Command line argument: -Djava.util.logging.config.file=/home/infoetu/baptiste.lavogiez.etu/BUT2/Semestre2/Webdev/tomcat/conf/logging.properties
10-Feb-2026 15:01:46.017 INFO [main] org.apache.catalina.startup.VersionLoggerListener.log Command line argument: -Djava.util.logging.manager=org.apache.juli.ClassLoaderLogManager
10-Feb-2026 15:01:46.017 INFO [main] org.apache.catalina.startup.VersionLoggerListener.log Command line argument: -Djdk.tls.ephemeralDHKeySize=2048
10-Feb-2026 15:01:46.017 INFO [main] org.apache.catalina.startup.VersionLoggerListener.log Command line argument: -Dorg.apache.catalina.security.SecurityListener.UMASK=0027
10-Feb-2026 15:01:46.017 INFO [main] org.apache.catalina.startup.VersionLoggerListener.log Command line argument: --add-opens=java.base/java.lang=ALL-UNNAMED
10-Feb-2026 15:01:46.017 INFO [main] org.apache.catalina.startup.VersionLoggerListener.log Command line argument: --add-opens=java.base/java.lang.reflect=ALL-UNNAMED
10-Feb-2026 15:01:46.018 INFO [main] org.apache.catalina.startup.VersionLoggerListener.log Command line argument: --add-opens=java.base/java.io=ALL-UNNAMED
10-Feb-2026 15:01:46.018 INFO [main] org.apache.catalina.startup.VersionLoggerListener.log Command line argument: --add-opens=java.base/java.util=ALL-UNNAMED
10-Feb-2026 15:01:46.018 INFO [main] org.apache.catalina.startup.VersionLoggerListener.log Command line argument: --add-opens=java.base/java.util.concurrent=ALL-UNNAMED
10-Feb-2026 15:01:46.018 INFO [main] org.apache.catalina.startup.VersionLoggerListener.log Command line argument: --add-opens=java.rmi/sun.rmi.transport=ALL-UNNAMED
10-Feb-2026 15:01:46.018 INFO [main] org.apache.catalina.startup.VersionLoggerListener.log Command line argument: --enable-native-access=ALL-UNNAMED
10-Feb-2026 15:01:46.018 INFO [main] org.apache.catalina.startup.VersionLoggerListener.log Command line argument: -Dcatalina.base=/home/infoetu/baptiste.lavogiez.etu/BUT2/Semestre2/Webdev/tomcat
10-Feb-2026 15:01:46.018 INFO [main] org.apache.catalina.startup.VersionLoggerListener.log Command line argument: -Dcatalina.home=/home/infoetu/baptiste.lavogiez.etu/BUT2/Semestre2/Webdev/tomcat
10-Feb-2026 15:01:46.018 INFO [main] org.apache.catalina.startup.VersionLoggerListener.log Command line argument: -Djava.io.tmpdir=/home/infoetu/baptiste.lavogiez.etu/BUT2/Semestre2/Webdev/tomcat/temp
10-Feb-2026 15:01:46.018 INFO [main] org.apache.catalina.core.AprLifecycleListener.lifecycleEvent The Apache Tomcat Native library which allows using OpenSSL was not found on the java.library.path: [/usr/java/packages/lib:/usr/lib/x86_64-linux-gnu/jni:/lib/x86_64-linux-gnu:/usr/lib/x86_64-linux-gnu:/usr/lib/jni:/lib:/usr/lib]
10-Feb-2026 15:01:46.115 INFO [main] org.apache.coyote.AbstractProtocol.init Initializing ProtocolHandler ["http-nio-8080"]
10-Feb-2026 15:01:46.123 INFO [main] org.apache.catalina.startup.Catalina.load Server initialization in [180] milliseconds
10-Feb-2026 15:01:46.139 INFO [main] org.apache.catalina.core.StandardService.startInternal Starting service [Catalina]
10-Feb-2026 15:01:46.139 INFO [main] org.apache.catalina.core.StandardEngine.startInternal Starting Servlet engine: [Apache Tomcat/11.0.13]
10-Feb-2026 15:01:46.144 INFO [main] org.apache.catalina.startup.HostConfig.deployDirectory Deploying web application directory [/home/infoetu/baptiste.lavogiez.etu/BUT2/Semestre2/Webdev/tomcat/webapps/ctp-sample]
10-Feb-2026 15:01:46.436 INFO [main] org.apache.jasper.servlet.TldScanner.scanJars At least one JAR was scanned for TLDs yet contained no TLDs. Enable debug logging for this logger for a complete list of JARs that were scanned but no TLDs were found in them. Skipping unneeded JARs during scanning can improve startup time and JSP compilation time.
10-Feb-2026 15:01:46.450 INFO [main] org.apache.catalina.startup.HostConfig.deployDirectory Deployment of web application directory [/home/infoetu/baptiste.lavogiez.etu/BUT2/Semestre2/Webdev/tomcat/webapps/ctp-sample] has finished in [305] ms
10-Feb-2026 15:01:46.450 INFO [main] org.apache.catalina.startup.HostConfig.deployDirectory Deploying web application directory [/home/infoetu/baptiste.lavogiez.etu/BUT2/Semestre2/Webdev/tomcat/webapps/__MACOSX]
10-Feb-2026 15:01:46.578 INFO [main] org.apache.jasper.servlet.TldScanner.scanJars At least one JAR was scanned for TLDs yet contained no TLDs. Enable debug logging for this logger for a complete list of JARs that were scanned but no TLDs were found in them. Skipping unneeded JARs during scanning can improve startup time and JSP compilation time.
10-Feb-2026 15:01:46.579 INFO [main] org.apache.catalina.startup.HostConfig.deployDirectory Deployment of web application directory [/home/infoetu/baptiste.lavogiez.etu/BUT2/Semestre2/Webdev/tomcat/webapps/__MACOSX] has finished in [129] ms
10-Feb-2026 15:01:46.579 INFO [main] org.apache.catalina.startup.HostConfig.deployDirectory Deploying web application directory [/home/infoetu/baptiste.lavogiez.etu/BUT2/Semestre2/Webdev/tomcat/webapps/ROOT]
10-Feb-2026 15:01:46.710 INFO [main] org.apache.jasper.servlet.TldScanner.scanJars At least one JAR was scanned for TLDs yet contained no TLDs. Enable debug logging for this logger for a complete list of JARs that were scanned but no TLDs were found in them. Skipping unneeded JARs during scanning can improve startup time and JSP compilation time.
10-Feb-2026 15:01:46.712 INFO [main] org.apache.catalina.startup.HostConfig.deployDirectory Deployment of web application directory [/home/infoetu/baptiste.lavogiez.etu/BUT2/Semestre2/Webdev/tomcat/webapps/ROOT] has finished in [132] ms
10-Feb-2026 15:01:46.712 INFO [main] org.apache.catalina.startup.HostConfig.deployDirectory Deploying web application directory [/home/infoetu/baptiste.lavogiez.etu/BUT2/Semestre2/Webdev/tomcat/webapps/TP04]
10-Feb-2026 15:01:46.868 INFO [main] org.apache.jasper.servlet.TldScanner.scanJars At least one JAR was scanned for TLDs yet contained no TLDs. Enable debug logging for this logger for a complete list of JARs that were scanned but no TLDs were found in them. Skipping unneeded JARs during scanning can improve startup time and JSP compilation time.
10-Feb-2026 15:01:46.869 INFO [main] org.apache.catalina.startup.HostConfig.deployDirectory Deployment of web application directory [/home/infoetu/baptiste.lavogiez.etu/BUT2/Semestre2/Webdev/tomcat/webapps/TP04] has finished in [157] ms
10-Feb-2026 15:01:46.869 INFO [main] org.apache.catalina.startup.HostConfig.deployDirectory Deploying web application directory [/home/infoetu/baptiste.lavogiez.etu/BUT2/Semestre2/Webdev/tomcat/webapps/docs]
10-Feb-2026 15:01:46.991 INFO [main] org.apache.jasper.servlet.TldScanner.scanJars At least one JAR was scanned for TLDs yet contained no TLDs. Enable debug logging for this logger for a complete list of JARs that were scanned but no TLDs were found in them. Skipping unneeded JARs during scanning can improve startup time and JSP compilation time.
10-Feb-2026 15:01:46.992 INFO [main] org.apache.catalina.startup.HostConfig.deployDirectory Deployment of web application directory [/home/infoetu/baptiste.lavogiez.etu/BUT2/Semestre2/Webdev/tomcat/webapps/docs] has finished in [123] ms
10-Feb-2026 15:01:46.992 INFO [main] org.apache.catalina.startup.HostConfig.deployDirectory Deploying web application directory [/home/infoetu/baptiste.lavogiez.etu/BUT2/Semestre2/Webdev/tomcat/webapps/TP03-Partie2]
10-Feb-2026 15:01:47.120 INFO [main] org.apache.jasper.servlet.TldScanner.scanJars At least one JAR was scanned for TLDs yet contained no TLDs. Enable debug logging for this logger for a complete list of JARs that were scanned but no TLDs were found in them. Skipping unneeded JARs during scanning can improve startup time and JSP compilation time.
10-Feb-2026 15:01:47.121 INFO [main] org.apache.catalina.startup.HostConfig.deployDirectory Deployment of web application directory [/home/infoetu/baptiste.lavogiez.etu/BUT2/Semestre2/Webdev/tomcat/webapps/TP03-Partie2] has finished in [129] ms
10-Feb-2026 15:01:47.121 INFO [main] org.apache.catalina.startup.HostConfig.deployDirectory Deploying web application directory [/home/infoetu/baptiste.lavogiez.etu/BUT2/Semestre2/Webdev/tomcat/webapps/manager]
10-Feb-2026 15:01:47.240 INFO [main] org.apache.jasper.servlet.TldScanner.scanJars At least one JAR was scanned for TLDs yet contained no TLDs. Enable debug logging for this logger for a complete list of JARs that were scanned but no TLDs were found in them. Skipping unneeded JARs during scanning can improve startup time and JSP compilation time.
10-Feb-2026 15:01:47.242 INFO [main] org.apache.catalina.startup.HostConfig.deployDirectory Deployment of web application directory [/home/infoetu/baptiste.lavogiez.etu/BUT2/Semestre2/Webdev/tomcat/webapps/manager] has finished in [121] ms
10-Feb-2026 15:01:47.242 INFO [main] org.apache.catalina.startup.HostConfig.deployDirectory Deploying web application directory [/home/infoetu/baptiste.lavogiez.etu/BUT2/Semestre2/Webdev/tomcat/webapps/TP02]
10-Feb-2026 15:01:47.377 INFO [main] org.apache.jasper.servlet.TldScanner.scanJars At least one JAR was scanned for TLDs yet contained no TLDs. Enable debug logging for this logger for a complete list of JARs that were scanned but no TLDs were found in them. Skipping unneeded JARs during scanning can improve startup time and JSP compilation time.
10-Feb-2026 15:01:47.378 INFO [main] org.apache.catalina.startup.HostConfig.deployDirectory Deployment of web application directory [/home/infoetu/baptiste.lavogiez.etu/BUT2/Semestre2/Webdev/tomcat/webapps/TP02] has finished in [136] ms
10-Feb-2026 15:01:47.378 INFO [main] org.apache.catalina.startup.HostConfig.deployDirectory Deploying web application directory [/home/infoetu/baptiste.lavogiez.etu/BUT2/Semestre2/Webdev/tomcat/webapps/ctp1]
10-Feb-2026 15:01:47.525 INFO [main] org.apache.jasper.servlet.TldScanner.scanJars At least one JAR was scanned for TLDs yet contained no TLDs. Enable debug logging for this logger for a complete list of JARs that were scanned but no TLDs were found in them. Skipping unneeded JARs during scanning can improve startup time and JSP compilation time.
10-Feb-2026 15:01:47.526 INFO [main] org.apache.catalina.startup.HostConfig.deployDirectory Deployment of web application directory [/home/infoetu/baptiste.lavogiez.etu/BUT2/Semestre2/Webdev/tomcat/webapps/ctp1] has finished in [148] ms
10-Feb-2026 15:01:47.526 INFO [main] org.apache.catalina.startup.HostConfig.deployDirectory Deploying web application directory [/home/infoetu/baptiste.lavogiez.etu/BUT2/Semestre2/Webdev/tomcat/webapps/TP03]
10-Feb-2026 15:01:47.646 INFO [main] org.apache.jasper.servlet.TldScanner.scanJars At least one JAR was scanned for TLDs yet contained no TLDs. Enable debug logging for this logger for a complete list of JARs that were scanned but no TLDs were found in them. Skipping unneeded JARs during scanning can improve startup time and JSP compilation time.
10-Feb-2026 15:01:47.647 INFO [main] org.apache.catalina.startup.HostConfig.deployDirectory Deployment of web application directory [/home/infoetu/baptiste.lavogiez.etu/BUT2/Semestre2/Webdev/tomcat/webapps/TP03] has finished in [121] ms
10-Feb-2026 15:01:47.647 INFO [main] org.apache.catalina.startup.HostConfig.deployDirectory Deploying web application directory [/home/infoetu/baptiste.lavogiez.etu/BUT2/Semestre2/Webdev/tomcat/webapps/TP01]
10-Feb-2026 15:01:47.764 INFO [main] org.apache.jasper.servlet.TldScanner.scanJars At least one JAR was scanned for TLDs yet contained no TLDs. Enable debug logging for this logger for a complete list of JARs that were scanned but no TLDs were found in them. Skipping unneeded JARs during scanning can improve startup time and JSP compilation time.
10-Feb-2026 15:01:47.765 INFO [main] org.apache.catalina.startup.HostConfig.deployDirectory Deployment of web application directory [/home/infoetu/baptiste.lavogiez.etu/BUT2/Semestre2/Webdev/tomcat/webapps/TP01] has finished in [118] ms
10-Feb-2026 15:01:47.765 INFO [main] org.apache.catalina.startup.HostConfig.deployDirectory Deploying web application directory [/home/infoetu/baptiste.lavogiez.etu/BUT2/Semestre2/Webdev/tomcat/webapps/host-manager]
10-Feb-2026 15:01:47.883 INFO [main] org.apache.jasper.servlet.TldScanner.scanJars At least one JAR was scanned for TLDs yet contained no TLDs. Enable debug logging for this logger for a complete list of JARs that were scanned but no TLDs were found in them. Skipping unneeded JARs during scanning can improve startup time and JSP compilation time.
10-Feb-2026 15:01:47.884 INFO [main] org.apache.catalina.startup.HostConfig.deployDirectory Deployment of web application directory [/home/infoetu/baptiste.lavogiez.etu/BUT2/Semestre2/Webdev/tomcat/webapps/host-manager] has finished in [119] ms
10-Feb-2026 15:01:47.884 INFO [main] org.apache.catalina.startup.HostConfig.deployDirectory Deploying web application directory [/home/infoetu/baptiste.lavogiez.etu/BUT2/Semestre2/Webdev/tomcat/webapps/tp_chess]
10-Feb-2026 15:01:48.011 INFO [main] org.apache.jasper.servlet.TldScanner.scanJars At least one JAR was scanned for TLDs yet contained no TLDs. Enable debug logging for this logger for a complete list of JARs that were scanned but no TLDs were found in them. Skipping unneeded JARs during scanning can improve startup time and JSP compilation time.
10-Feb-2026 15:01:48.012 INFO [main] org.apache.catalina.startup.HostConfig.deployDirectory Deployment of web application directory [/home/infoetu/baptiste.lavogiez.etu/BUT2/Semestre2/Webdev/tomcat/webapps/tp_chess] has finished in [128] ms
10-Feb-2026 15:01:48.012 INFO [main] org.apache.catalina.startup.HostConfig.deployDirectory Deploying web application directory [/home/infoetu/baptiste.lavogiez.etu/BUT2/Semestre2/Webdev/tomcat/webapps/template]
10-Feb-2026 15:01:48.142 INFO [main] org.apache.jasper.servlet.TldScanner.scanJars At least one JAR was scanned for TLDs yet contained no TLDs. Enable debug logging for this logger for a complete list of JARs that were scanned but no TLDs were found in them. Skipping unneeded JARs during scanning can improve startup time and JSP compilation time.
10-Feb-2026 15:01:48.143 INFO [main] org.apache.catalina.startup.HostConfig.deployDirectory Deployment of web application directory [/home/infoetu/baptiste.lavogiez.etu/BUT2/Semestre2/Webdev/tomcat/webapps/template] has finished in [131] ms
10-Feb-2026 15:01:48.143 INFO [main] org.apache.catalina.startup.HostConfig.deployDirectory Deploying web application directory [/home/infoetu/baptiste.lavogiez.etu/BUT2/Semestre2/Webdev/tomcat/webapps/examples]
10-Feb-2026 15:01:48.425 INFO [main] org.apache.jasper.servlet.TldScanner.scanJars At least one JAR was scanned for TLDs yet contained no TLDs. Enable debug logging for this logger for a complete list of JARs that were scanned but no TLDs were found in them. Skipping unneeded JARs during scanning can improve startup time and JSP compilation time.
10-Feb-2026 15:01:48.438 INFO [main] org.apache.catalina.startup.HostConfig.deployDirectory Deployment of web application directory [/home/infoetu/baptiste.lavogiez.etu/BUT2/Semestre2/Webdev/tomcat/webapps/examples] has finished in [294] ms
10-Feb-2026 15:01:48.438 INFO [main] org.apache.catalina.startup.HostConfig.deployDirectory Deploying web application directory [/home/infoetu/baptiste.lavogiez.etu/BUT2/Semestre2/Webdev/tomcat/webapps/ctp]
10-Feb-2026 15:01:48.571 INFO [main] org.apache.jasper.servlet.TldScanner.scanJars At least one JAR was scanned for TLDs yet contained no TLDs. Enable debug logging for this logger for a complete list of JARs that were scanned but no TLDs were found in them. Skipping unneeded JARs during scanning can improve startup time and JSP compilation time.
10-Feb-2026 15:01:48.572 INFO [main] org.apache.catalina.startup.HostConfig.deployDirectory Deployment of web application directory [/home/infoetu/baptiste.lavogiez.etu/BUT2/Semestre2/Webdev/tomcat/webapps/ctp] has finished in [134] ms
10-Feb-2026 15:01:48.574 INFO [main] org.apache.coyote.AbstractProtocol.start Starting ProtocolHandler ["http-nio-8080"]
10-Feb-2026 15:01:48.578 INFO [main] org.apache.catalina.startup.Catalina.start Server startup in [2455] milliseconds
10-Feb-2026 15:01:48.927 INFO [Thread-1] org.apache.coyote.AbstractProtocol.pause Pausing ProtocolHandler ["http-nio-8080"]
10-Feb-2026 15:01:48.934 INFO [Thread-1] org.apache.catalina.core.StandardService.stopInternal Stopping service [Catalina]
10-Feb-2026 15:01:48.967 INFO [Thread-1] org.apache.coyote.AbstractProtocol.stop Stopping ProtocolHandler ["http-nio-8080"]
10-Feb-2026 15:01:48.976 INFO [Thread-1] org.apache.coyote.AbstractProtocol.destroy Destroying ProtocolHandler ["http-nio-8080"]
10-Feb-2026 15:01:49.946 INFO [main] org.apache.catalina.startup.VersionLoggerListener.log Server version name:   Apache Tomcat/11.0.13
10-Feb-2026 15:01:49.948 INFO [main] org.apache.catalina.startup.VersionLoggerListener.log Server built:          Oct 10 2025 13:57:31 UTC
10-Feb-2026 15:01:49.948 INFO [main] org.apache.catalina.startup.VersionLoggerListener.log Server version number: 11.0.13.0
10-Feb-2026 15:01:49.948 INFO [main] org.apache.catalina.startup.VersionLoggerListener.log OS Name:               Linux
10-Feb-2026 15:01:49.948 INFO [main] org.apache.catalina.startup.VersionLoggerListener.log OS Version:            6.1.0-40-amd64
10-Feb-2026 15:01:49.948 INFO [main] org.apache.catalina.startup.VersionLoggerListener.log Architecture:          amd64
10-Feb-2026 15:01:49.948 INFO [main] org.apache.catalina.startup.VersionLoggerListener.log Java Home:             /usr/lib/jvm/java-17-openjdk-amd64
10-Feb-2026 15:01:49.948 INFO [main] org.apache.catalina.startup.VersionLoggerListener.log JVM Version:           17.0.18+8-Debian-1deb12u1
10-Feb-2026 15:01:49.948 INFO [main] org.apache.catalina.startup.VersionLoggerListener.log JVM Vendor:            Debian
10-Feb-2026 15:01:49.948 INFO [main] org.apache.catalina.startup.VersionLoggerListener.log CATALINA_BASE:         /home/infoetu/baptiste.lavogiez.etu/BUT2/Semestre2/Webdev/tomcat
10-Feb-2026 15:01:49.948 INFO [main] org.apache.catalina.startup.VersionLoggerListener.log CATALINA_HOME:         /home/infoetu/baptiste.lavogiez.etu/BUT2/Semestre2/Webdev/tomcat
10-Feb-2026 15:01:49.952 INFO [main] org.apache.catalina.startup.VersionLoggerListener.log Command line argument: -Djava.util.logging.config.file=/home/infoetu/baptiste.lavogiez.etu/BUT2/Semestre2/Webdev/tomcat/conf/logging.properties
10-Feb-2026 15:01:49.952 INFO [main] org.apache.catalina.startup.VersionLoggerListener.log Command line argument: -Djava.util.logging.manager=org.apache.juli.ClassLoaderLogManager
10-Feb-2026 15:01:49.952 INFO [main] org.apache.catalina.startup.VersionLoggerListener.log Command line argument: -Djdk.tls.ephemeralDHKeySize=2048
10-Feb-2026 15:01:49.952 INFO [main] org.apache.catalina.startup.VersionLoggerListener.log Command line argument: -Dorg.apache.catalina.security.SecurityListener.UMASK=0027
10-Feb-2026 15:01:49.952 INFO [main] org.apache.catalina.startup.VersionLoggerListener.log Command line argument: --add-opens=java.base/java.lang=ALL-UNNAMED
10-Feb-2026 15:01:49.952 INFO [main] org.apache.catalina.startup.VersionLoggerListener.log Command line argument: --add-opens=java.base/java.lang.reflect=ALL-UNNAMED
10-Feb-2026 15:01:49.952 INFO [main] org.apache.catalina.startup.VersionLoggerListener.log Command line argument: --add-opens=java.base/java.io=ALL-UNNAMED
10-Feb-2026 15:01:49.952 INFO [main] org.apache.catalina.startup.VersionLoggerListener.log Command line argument: --add-opens=java.base/java.util=ALL-UNNAMED
10-Feb-2026 15:01:49.952 INFO [main] org.apache.catalina.startup.VersionLoggerListener.log Command line argument: --add-opens=java.base/java.util.concurrent=ALL-UNNAMED
10-Feb-2026 15:01:49.952 INFO [main] org.apache.catalina.startup.VersionLoggerListener.log Command line argument: --add-opens=java.rmi/sun.rmi.transport=ALL-UNNAMED
10-Feb-2026 15:01:49.952 INFO [main] org.apache.catalina.startup.VersionLoggerListener.log Command line argument: --enable-native-access=ALL-UNNAMED
10-Feb-2026 15:01:49.952 INFO [main] org.apache.catalina.startup.VersionLoggerListener.log Command line argument: -Dcatalina.base=/home/infoetu/baptiste.lavogiez.etu/BUT2/Semestre2/Webdev/tomcat
10-Feb-2026 15:01:49.952 INFO [main] org.apache.catalina.startup.VersionLoggerListener.log Command line argument: -Dcatalina.home=/home/infoetu/baptiste.lavogiez.etu/BUT2/Semestre2/Webdev/tomcat
10-Feb-2026 15:01:49.952 INFO [main] org.apache.catalina.startup.VersionLoggerListener.log Command line argument: -Djava.io.tmpdir=/home/infoetu/baptiste.lavogiez.etu/BUT2/Semestre2/Webdev/tomcat/temp
10-Feb-2026 15:01:49.953 INFO [main] org.apache.catalina.core.AprLifecycleListener.lifecycleEvent The Apache Tomcat Native library which allows using OpenSSL was not found on the java.library.path: [/usr/java/packages/lib:/usr/lib/x86_64-linux-gnu/jni:/lib/x86_64-linux-gnu:/usr/lib/x86_64-linux-gnu:/usr/lib/jni:/lib:/usr/lib]
10-Feb-2026 15:01:50.047 INFO [main] org.apache.coyote.AbstractProtocol.init Initializing ProtocolHandler ["http-nio-8080"]
10-Feb-2026 15:01:50.055 INFO [main] org.apache.catalina.startup.Catalina.load Server initialization in [175] milliseconds
10-Feb-2026 15:01:50.074 INFO [main] org.apache.catalina.core.StandardService.startInternal Starting service [Catalina]
10-Feb-2026 15:01:50.074 INFO [main] org.apache.catalina.core.StandardEngine.startInternal Starting Servlet engine: [Apache Tomcat/11.0.13]
10-Feb-2026 15:01:50.079 INFO [main] org.apache.catalina.startup.HostConfig.deployDirectory Deploying web application directory [/home/infoetu/baptiste.lavogiez.etu/BUT2/Semestre2/Webdev/tomcat/webapps/ctp-sample]
10-Feb-2026 15:01:50.358 INFO [main] org.apache.jasper.servlet.TldScanner.scanJars At least one JAR was scanned for TLDs yet contained no TLDs. Enable debug logging for this logger for a complete list of JARs that were scanned but no TLDs were found in them. Skipping unneeded JARs during scanning can improve startup time and JSP compilation time.
10-Feb-2026 15:01:50.373 INFO [main] org.apache.catalina.startup.HostConfig.deployDirectory Deployment of web application directory [/home/infoetu/baptiste.lavogiez.etu/BUT2/Semestre2/Webdev/tomcat/webapps/ctp-sample] has finished in [295] ms
10-Feb-2026 15:01:50.373 INFO [main] org.apache.catalina.startup.HostConfig.deployDirectory Deploying web application directory [/home/infoetu/baptiste.lavogiez.etu/BUT2/Semestre2/Webdev/tomcat/webapps/__MACOSX]
10-Feb-2026 15:01:50.500 INFO [main] org.apache.jasper.servlet.TldScanner.scanJars At least one JAR was scanned for TLDs yet contained no TLDs. Enable debug logging for this logger for a complete list of JARs that were scanned but no TLDs were found in them. Skipping unneeded JARs during scanning can improve startup time and JSP compilation time.
10-Feb-2026 15:01:50.501 INFO [main] org.apache.catalina.startup.HostConfig.deployDirectory Deployment of web application directory [/home/infoetu/baptiste.lavogiez.etu/BUT2/Semestre2/Webdev/tomcat/webapps/__MACOSX] has finished in [128] ms
10-Feb-2026 15:01:50.501 INFO [main] org.apache.catalina.startup.HostConfig.deployDirectory Deploying web application directory [/home/infoetu/baptiste.lavogiez.etu/BUT2/Semestre2/Webdev/tomcat/webapps/ROOT]
10-Feb-2026 15:01:50.630 INFO [main] org.apache.jasper.servlet.TldScanner.scanJars At least one JAR was scanned for TLDs yet contained no TLDs. Enable debug logging for this logger for a complete list of JARs that were scanned but no TLDs were found in them. Skipping unneeded JARs during scanning can improve startup time and JSP compilation time.
10-Feb-2026 15:01:50.631 INFO [main] org.apache.catalina.startup.HostConfig.deployDirectory Deployment of web application directory [/home/infoetu/baptiste.lavogiez.etu/BUT2/Semestre2/Webdev/tomcat/webapps/ROOT] has finished in [130] ms
10-Feb-2026 15:01:50.631 INFO [main] org.apache.catalina.startup.HostConfig.deployDirectory Deploying web application directory [/home/infoetu/baptiste.lavogiez.etu/BUT2/Semestre2/Webdev/tomcat/webapps/TP04]
10-Feb-2026 15:01:50.778 INFO [main] org.apache.jasper.servlet.TldScanner.scanJars At least one JAR was scanned for TLDs yet contained no TLDs. Enable debug logging for this logger for a complete list of JARs that were scanned but no TLDs were found in them. Skipping unneeded JARs during scanning can improve startup time and JSP compilation time.
10-Feb-2026 15:01:50.779 INFO [main] org.apache.catalina.startup.HostConfig.deployDirectory Deployment of web application directory [/home/infoetu/baptiste.lavogiez.etu/BUT2/Semestre2/Webdev/tomcat/webapps/TP04] has finished in [148] ms
10-Feb-2026 15:01:50.779 INFO [main] org.apache.catalina.startup.HostConfig.deployDirectory Deploying web application directory [/home/infoetu/baptiste.lavogiez.etu/BUT2/Semestre2/Webdev/tomcat/webapps/docs]
10-Feb-2026 15:01:50.901 INFO [main] org.apache.jasper.servlet.TldScanner.scanJars At least one JAR was scanned for TLDs yet contained no TLDs. Enable debug logging for this logger for a complete list of JARs that were scanned but no TLDs were found in them. Skipping unneeded JARs during scanning can improve startup time and JSP compilation time.
10-Feb-2026 15:01:50.902 INFO [main] org.apache.catalina.startup.HostConfig.deployDirectory Deployment of web application directory [/home/infoetu/baptiste.lavogiez.etu/BUT2/Semestre2/Webdev/tomcat/webapps/docs] has finished in [122] ms
10-Feb-2026 15:01:50.902 INFO [main] org.apache.catalina.startup.HostConfig.deployDirectory Deploying web application directory [/home/infoetu/baptiste.lavogiez.etu/BUT2/Semestre2/Webdev/tomcat/webapps/TP03-Partie2]
10-Feb-2026 15:01:51.026 INFO [main] org.apache.jasper.servlet.TldScanner.scanJars At least one JAR was scanned for TLDs yet contained no TLDs. Enable debug logging for this logger for a complete list of JARs that were scanned but no TLDs were found in them. Skipping unneeded JARs during scanning can improve startup time and JSP compilation time.
10-Feb-2026 15:01:51.027 INFO [main] org.apache.catalina.startup.HostConfig.deployDirectory Deployment of web application directory [/home/infoetu/baptiste.lavogiez.etu/BUT2/Semestre2/Webdev/tomcat/webapps/TP03-Partie2] has finished in [125] ms
10-Feb-2026 15:01:51.028 INFO [main] org.apache.catalina.startup.HostConfig.deployDirectory Deploying web application directory [/home/infoetu/baptiste.lavogiez.etu/BUT2/Semestre2/Webdev/tomcat/webapps/manager]
10-Feb-2026 15:01:51.145 INFO [main] org.apache.jasper.servlet.TldScanner.scanJars At least one JAR was scanned for TLDs yet contained no TLDs. Enable debug logging for this logger for a complete list of JARs that were scanned but no TLDs were found in them. Skipping unneeded JARs during scanning can improve startup time and JSP compilation time.
10-Feb-2026 15:01:51.148 INFO [main] org.apache.catalina.startup.HostConfig.deployDirectory Deployment of web application directory [/home/infoetu/baptiste.lavogiez.etu/BUT2/Semestre2/Webdev/tomcat/webapps/manager] has finished in [119] ms
10-Feb-2026 15:01:51.148 INFO [main] org.apache.catalina.startup.HostConfig.deployDirectory Deploying web application directory [/home/infoetu/baptiste.lavogiez.etu/BUT2/Semestre2/Webdev/tomcat/webapps/TP02]
10-Feb-2026 15:01:51.268 INFO [main] org.apache.jasper.servlet.TldScanner.scanJars At least one JAR was scanned for TLDs yet contained no TLDs. Enable debug logging for this logger for a complete list of JARs that were scanned but no TLDs were found in them. Skipping unneeded JARs during scanning can improve startup time and JSP compilation time.
10-Feb-2026 15:01:51.269 INFO [main] org.apache.catalina.startup.HostConfig.deployDirectory Deployment of web application directory [/home/infoetu/baptiste.lavogiez.etu/BUT2/Semestre2/Webdev/tomcat/webapps/TP02] has finished in [121] ms
10-Feb-2026 15:01:51.269 INFO [main] org.apache.catalina.startup.HostConfig.deployDirectory Deploying web application directory [/home/infoetu/baptiste.lavogiez.etu/BUT2/Semestre2/Webdev/tomcat/webapps/ctp1]
10-Feb-2026 15:01:51.392 INFO [main] org.apache.jasper.servlet.TldScanner.scanJars At least one JAR was scanned for TLDs yet contained no TLDs. Enable debug logging for this logger for a complete list of JARs that were scanned but no TLDs were found in them. Skipping unneeded JARs during scanning can improve startup time and JSP compilation time.
10-Feb-2026 15:01:51.393 INFO [main] org.apache.catalina.startup.HostConfig.deployDirectory Deployment of web application directory [/home/infoetu/baptiste.lavogiez.etu/BUT2/Semestre2/Webdev/tomcat/webapps/ctp1] has finished in [124] ms
10-Feb-2026 15:01:51.393 INFO [main] org.apache.catalina.startup.HostConfig.deployDirectory Deploying web application directory [/home/infoetu/baptiste.lavogiez.etu/BUT2/Semestre2/Webdev/tomcat/webapps/TP03]
10-Feb-2026 15:01:51.508 INFO [main] org.apache.jasper.servlet.TldScanner.scanJars At least one JAR was scanned for TLDs yet contained no TLDs. Enable debug logging for this logger for a complete list of JARs that were scanned but no TLDs were found in them. Skipping unneeded JARs during scanning can improve startup time and JSP compilation time.
10-Feb-2026 15:01:51.509 INFO [main] org.apache.catalina.startup.HostConfig.deployDirectory Deployment of web application directory [/home/infoetu/baptiste.lavogiez.etu/BUT2/Semestre2/Webdev/tomcat/webapps/TP03] has finished in [116] ms
10-Feb-2026 15:01:51.509 INFO [main] org.apache.catalina.startup.HostConfig.deployDirectory Deploying web application directory [/home/infoetu/baptiste.lavogiez.etu/BUT2/Semestre2/Webdev/tomcat/webapps/TP01]
10-Feb-2026 15:01:51.622 INFO [main] org.apache.jasper.servlet.TldScanner.scanJars At least one JAR was scanned for TLDs yet contained no TLDs. Enable debug logging for this logger for a complete list of JARs that were scanned but no TLDs were found in them. Skipping unneeded JARs during scanning can improve startup time and JSP compilation time.
10-Feb-2026 15:01:51.623 INFO [main] org.apache.catalina.startup.HostConfig.deployDirectory Deployment of web application directory [/home/infoetu/baptiste.lavogiez.etu/BUT2/Semestre2/Webdev/tomcat/webapps/TP01] has finished in [114] ms
10-Feb-2026 15:01:51.623 INFO [main] org.apache.catalina.startup.HostConfig.deployDirectory Deploying web application directory [/home/infoetu/baptiste.lavogiez.etu/BUT2/Semestre2/Webdev/tomcat/webapps/host-manager]
10-Feb-2026 15:01:51.736 INFO [main] org.apache.jasper.servlet.TldScanner.scanJars At least one JAR was scanned for TLDs yet contained no TLDs. Enable debug logging for this logger for a complete list of JARs that were scanned but no TLDs were found in them. Skipping unneeded JARs during scanning can improve startup time and JSP compilation time.
10-Feb-2026 15:01:51.736 INFO [main] org.apache.catalina.startup.HostConfig.deployDirectory Deployment of web application directory [/home/infoetu/baptiste.lavogiez.etu/BUT2/Semestre2/Webdev/tomcat/webapps/host-manager] has finished in [113] ms
10-Feb-2026 15:01:51.736 INFO [main] org.apache.catalina.startup.HostConfig.deployDirectory Deploying web application directory [/home/infoetu/baptiste.lavogiez.etu/BUT2/Semestre2/Webdev/tomcat/webapps/tp_chess]
10-Feb-2026 15:01:51.853 INFO [main] org.apache.jasper.servlet.TldScanner.scanJars At least one JAR was scanned for TLDs yet contained no TLDs. Enable debug logging for this logger for a complete list of JARs that were scanned but no TLDs were found in them. Skipping unneeded JARs during scanning can improve startup time and JSP compilation time.
10-Feb-2026 15:01:51.854 INFO [main] org.apache.catalina.startup.HostConfig.deployDirectory Deployment of web application directory [/home/infoetu/baptiste.lavogiez.etu/BUT2/Semestre2/Webdev/tomcat/webapps/tp_chess] has finished in [118] ms
10-Feb-2026 15:01:51.854 INFO [main] org.apache.catalina.startup.HostConfig.deployDirectory Deploying web application directory [/home/infoetu/baptiste.lavogiez.etu/BUT2/Semestre2/Webdev/tomcat/webapps/template]
10-Feb-2026 15:01:51.968 INFO [main] org.apache.jasper.servlet.TldScanner.scanJars At least one JAR was scanned for TLDs yet contained no TLDs. Enable debug logging for this logger for a complete list of JARs that were scanned but no TLDs were found in them. Skipping unneeded JARs during scanning can improve startup time and JSP compilation time.
10-Feb-2026 15:01:51.969 INFO [main] org.apache.catalina.startup.HostConfig.deployDirectory Deployment of web application directory [/home/infoetu/baptiste.lavogiez.etu/BUT2/Semestre2/Webdev/tomcat/webapps/template] has finished in [115] ms
10-Feb-2026 15:01:51.969 INFO [main] org.apache.catalina.startup.HostConfig.deployDirectory Deploying web application directory [/home/infoetu/baptiste.lavogiez.etu/BUT2/Semestre2/Webdev/tomcat/webapps/examples]
10-Feb-2026 15:01:52.179 INFO [main] org.apache.jasper.servlet.TldScanner.scanJars At least one JAR was scanned for TLDs yet contained no TLDs. Enable debug logging for this logger for a complete list of JARs that were scanned but no TLDs were found in them. Skipping unneeded JARs during scanning can improve startup time and JSP compilation time.
10-Feb-2026 15:01:52.192 INFO [main] org.apache.catalina.startup.HostConfig.deployDirectory Deployment of web application directory [/home/infoetu/baptiste.lavogiez.etu/BUT2/Semestre2/Webdev/tomcat/webapps/examples] has finished in [223] ms
10-Feb-2026 15:01:52.192 INFO [main] org.apache.catalina.startup.HostConfig.deployDirectory Deploying web application directory [/home/infoetu/baptiste.lavogiez.etu/BUT2/Semestre2/Webdev/tomcat/webapps/ctp]
10-Feb-2026 15:01:52.313 INFO [main] org.apache.jasper.servlet.TldScanner.scanJars At least one JAR was scanned for TLDs yet contained no TLDs. Enable debug logging for this logger for a complete list of JARs that were scanned but no TLDs were found in them. Skipping unneeded JARs during scanning can improve startup time and JSP compilation time.
10-Feb-2026 15:01:52.314 INFO [main] org.apache.catalina.startup.HostConfig.deployDirectory Deployment of web application directory [/home/infoetu/baptiste.lavogiez.etu/BUT2/Semestre2/Webdev/tomcat/webapps/ctp] has finished in [122] ms
10-Feb-2026 15:01:52.316 INFO [main] org.apache.coyote.AbstractProtocol.start Starting ProtocolHandler ["http-nio-8080"]
10-Feb-2026 15:01:52.321 INFO [main] org.apache.catalina.startup.Catalina.start Server startup in [2264] milliseconds
10-Feb-2026 15:03:05.362 INFO [Thread-1] org.apache.coyote.AbstractProtocol.pause Pausing ProtocolHandler ["http-nio-8080"]
10-Feb-2026 15:03:05.364 INFO [Thread-1] org.apache.catalina.core.StandardService.stopInternal Stopping service [Catalina]
10-Feb-2026 15:03:05.387 WARNING [Thread-1] org.apache.catalina.loader.WebappClassLoaderBase.clearReferencesJdbc The web application [ctp] registered the JDBC driver [org.h2.Driver] but failed to unregister it when the web application was stopped. To prevent a memory leak, the JDBC Driver has been forcibly unregistered.
10-Feb-2026 15:03:05.403 INFO [Thread-1] org.apache.coyote.AbstractProtocol.stop Stopping ProtocolHandler ["http-nio-8080"]
10-Feb-2026 15:03:05.408 INFO [Thread-1] org.apache.coyote.AbstractProtocol.destroy Destroying ProtocolHandler ["http-nio-8080"]
10-Feb-2026 15:03:09.760 INFO [main] org.apache.catalina.startup.VersionLoggerListener.log Server version name:   Apache Tomcat/11.0.13
10-Feb-2026 15:03:09.762 INFO [main] org.apache.catalina.startup.VersionLoggerListener.log Server built:          Oct 10 2025 13:57:31 UTC
10-Feb-2026 15:03:09.763 INFO [main] org.apache.catalina.startup.VersionLoggerListener.log Server version number: 11.0.13.0
10-Feb-2026 15:03:09.763 INFO [main] org.apache.catalina.startup.VersionLoggerListener.log OS Name:               Linux
10-Feb-2026 15:03:09.763 INFO [main] org.apache.catalina.startup.VersionLoggerListener.log OS Version:            6.1.0-40-amd64
10-Feb-2026 15:03:09.763 INFO [main] org.apache.catalina.startup.VersionLoggerListener.log Architecture:          amd64
10-Feb-2026 15:03:09.763 INFO [main] org.apache.catalina.startup.VersionLoggerListener.log Java Home:             /usr/lib/jvm/java-17-openjdk-amd64
10-Feb-2026 15:03:09.763 INFO [main] org.apache.catalina.startup.VersionLoggerListener.log JVM Version:           17.0.18+8-Debian-1deb12u1
10-Feb-2026 15:03:09.763 INFO [main] org.apache.catalina.startup.VersionLoggerListener.log JVM Vendor:            Debian
10-Feb-2026 15:03:09.763 INFO [main] org.apache.catalina.startup.VersionLoggerListener.log CATALINA_BASE:         /home/infoetu/baptiste.lavogiez.etu/BUT2/Semestre2/Webdev/tomcat
10-Feb-2026 15:03:09.763 INFO [main] org.apache.catalina.startup.VersionLoggerListener.log CATALINA_HOME:         /home/infoetu/baptiste.lavogiez.etu/BUT2/Semestre2/Webdev/tomcat
10-Feb-2026 15:03:09.766 INFO [main] org.apache.catalina.startup.VersionLoggerListener.log Command line argument: -Djava.util.logging.config.file=/home/infoetu/baptiste.lavogiez.etu/BUT2/Semestre2/Webdev/tomcat/conf/logging.properties
10-Feb-2026 15:03:09.767 INFO [main] org.apache.catalina.startup.VersionLoggerListener.log Command line argument: -Djava.util.logging.manager=org.apache.juli.ClassLoaderLogManager
10-Feb-2026 15:03:09.767 INFO [main] org.apache.catalina.startup.VersionLoggerListener.log Command line argument: -Djdk.tls.ephemeralDHKeySize=2048
10-Feb-2026 15:03:09.767 INFO [main] org.apache.catalina.startup.VersionLoggerListener.log Command line argument: -Dorg.apache.catalina.security.SecurityListener.UMASK=0027
10-Feb-2026 15:03:09.767 INFO [main] org.apache.catalina.startup.VersionLoggerListener.log Command line argument: --add-opens=java.base/java.lang=ALL-UNNAMED
10-Feb-2026 15:03:09.767 INFO [main] org.apache.catalina.startup.VersionLoggerListener.log Command line argument: --add-opens=java.base/java.lang.reflect=ALL-UNNAMED
10-Feb-2026 15:03:09.767 INFO [main] org.apache.catalina.startup.VersionLoggerListener.log Command line argument: --add-opens=java.base/java.io=ALL-UNNAMED
10-Feb-2026 15:03:09.767 INFO [main] org.apache.catalina.startup.VersionLoggerListener.log Command line argument: --add-opens=java.base/java.util=ALL-UNNAMED
10-Feb-2026 15:03:09.767 INFO [main] org.apache.catalina.startup.VersionLoggerListener.log Command line argument: --add-opens=java.base/java.util.concurrent=ALL-UNNAMED
10-Feb-2026 15:03:09.767 INFO [main] org.apache.catalina.startup.VersionLoggerListener.log Command line argument: --add-opens=java.rmi/sun.rmi.transport=ALL-UNNAMED
10-Feb-2026 15:03:09.767 INFO [main] org.apache.catalina.startup.VersionLoggerListener.log Command line argument: --enable-native-access=ALL-UNNAMED
10-Feb-2026 15:03:09.767 INFO [main] org.apache.catalina.startup.VersionLoggerListener.log Command line argument: -Dcatalina.base=/home/infoetu/baptiste.lavogiez.etu/BUT2/Semestre2/Webdev/tomcat
10-Feb-2026 15:03:09.767 INFO [main] org.apache.catalina.startup.VersionLoggerListener.log Command line argument: -Dcatalina.home=/home/infoetu/baptiste.lavogiez.etu/BUT2/Semestre2/Webdev/tomcat
10-Feb-2026 15:03:09.767 INFO [main] org.apache.catalina.startup.VersionLoggerListener.log Command line argument: -Djava.io.tmpdir=/home/infoetu/baptiste.lavogiez.etu/BUT2/Semestre2/Webdev/tomcat/temp
10-Feb-2026 15:03:09.768 INFO [main] org.apache.catalina.core.AprLifecycleListener.lifecycleEvent The Apache Tomcat Native library which allows using OpenSSL was not found on the java.library.path: [/usr/java/packages/lib:/usr/lib/x86_64-linux-gnu/jni:/lib/x86_64-linux-gnu:/usr/lib/x86_64-linux-gnu:/usr/lib/jni:/lib:/usr/lib]
10-Feb-2026 15:03:09.863 INFO [main] org.apache.coyote.AbstractProtocol.init Initializing ProtocolHandler ["http-nio-8080"]
10-Feb-2026 15:03:09.871 INFO [main] org.apache.catalina.startup.Catalina.load Server initialization in [178] milliseconds
10-Feb-2026 15:03:09.888 INFO [main] org.apache.catalina.core.StandardService.startInternal Starting service [Catalina]
10-Feb-2026 15:03:09.888 INFO [main] org.apache.catalina.core.StandardEngine.startInternal Starting Servlet engine: [Apache Tomcat/11.0.13]
10-Feb-2026 15:03:09.893 INFO [main] org.apache.catalina.startup.HostConfig.deployDirectory Deploying web application directory [/home/infoetu/baptiste.lavogiez.etu/BUT2/Semestre2/Webdev/tomcat/webapps/ctp-sample]
10-Feb-2026 15:03:10.186 INFO [main] org.apache.jasper.servlet.TldScanner.scanJars At least one JAR was scanned for TLDs yet contained no TLDs. Enable debug logging for this logger for a complete list of JARs that were scanned but no TLDs were found in them. Skipping unneeded JARs during scanning can improve startup time and JSP compilation time.
10-Feb-2026 15:03:10.200 INFO [main] org.apache.catalina.startup.HostConfig.deployDirectory Deployment of web application directory [/home/infoetu/baptiste.lavogiez.etu/BUT2/Semestre2/Webdev/tomcat/webapps/ctp-sample] has finished in [306] ms
10-Feb-2026 15:03:10.200 INFO [main] org.apache.catalina.startup.HostConfig.deployDirectory Deploying web application directory [/home/infoetu/baptiste.lavogiez.etu/BUT2/Semestre2/Webdev/tomcat/webapps/__MACOSX]
10-Feb-2026 15:03:10.325 INFO [main] org.apache.jasper.servlet.TldScanner.scanJars At least one JAR was scanned for TLDs yet contained no TLDs. Enable debug logging for this logger for a complete list of JARs that were scanned but no TLDs were found in them. Skipping unneeded JARs during scanning can improve startup time and JSP compilation time.
10-Feb-2026 15:03:10.326 INFO [main] org.apache.catalina.startup.HostConfig.deployDirectory Deployment of web application directory [/home/infoetu/baptiste.lavogiez.etu/BUT2/Semestre2/Webdev/tomcat/webapps/__MACOSX] has finished in [126] ms
10-Feb-2026 15:03:10.326 INFO [main] org.apache.catalina.startup.HostConfig.deployDirectory Deploying web application directory [/home/infoetu/baptiste.lavogiez.etu/BUT2/Semestre2/Webdev/tomcat/webapps/ROOT]
10-Feb-2026 15:03:10.455 INFO [main] org.apache.jasper.servlet.TldScanner.scanJars At least one JAR was scanned for TLDs yet contained no TLDs. Enable debug logging for this logger for a complete list of JARs that were scanned but no TLDs were found in them. Skipping unneeded JARs during scanning can improve startup time and JSP compilation time.
10-Feb-2026 15:03:10.456 INFO [main] org.apache.catalina.startup.HostConfig.deployDirectory Deployment of web application directory [/home/infoetu/baptiste.lavogiez.etu/BUT2/Semestre2/Webdev/tomcat/webapps/ROOT] has finished in [130] ms
10-Feb-2026 15:03:10.456 INFO [main] org.apache.catalina.startup.HostConfig.deployDirectory Deploying web application directory [/home/infoetu/baptiste.lavogiez.etu/BUT2/Semestre2/Webdev/tomcat/webapps/TP04]
10-Feb-2026 15:03:10.608 INFO [main] org.apache.jasper.servlet.TldScanner.scanJars At least one JAR was scanned for TLDs yet contained no TLDs. Enable debug logging for this logger for a complete list of JARs that were scanned but no TLDs were found in them. Skipping unneeded JARs during scanning can improve startup time and JSP compilation time.
10-Feb-2026 15:03:10.610 INFO [main] org.apache.catalina.startup.HostConfig.deployDirectory Deployment of web application directory [/home/infoetu/baptiste.lavogiez.etu/BUT2/Semestre2/Webdev/tomcat/webapps/TP04] has finished in [153] ms
10-Feb-2026 15:03:10.610 INFO [main] org.apache.catalina.startup.HostConfig.deployDirectory Deploying web application directory [/home/infoetu/baptiste.lavogiez.etu/BUT2/Semestre2/Webdev/tomcat/webapps/docs]
10-Feb-2026 15:03:10.733 INFO [main] org.apache.jasper.servlet.TldScanner.scanJars At least one JAR was scanned for TLDs yet contained no TLDs. Enable debug logging for this logger for a complete list of JARs that were scanned but no TLDs were found in them. Skipping unneeded JARs during scanning can improve startup time and JSP compilation time.
10-Feb-2026 15:03:10.733 INFO [main] org.apache.catalina.startup.HostConfig.deployDirectory Deployment of web application directory [/home/infoetu/baptiste.lavogiez.etu/BUT2/Semestre2/Webdev/tomcat/webapps/docs] has finished in [123] ms
10-Feb-2026 15:03:10.733 INFO [main] org.apache.catalina.startup.HostConfig.deployDirectory Deploying web application directory [/home/infoetu/baptiste.lavogiez.etu/BUT2/Semestre2/Webdev/tomcat/webapps/TP03-Partie2]
10-Feb-2026 15:03:10.863 INFO [main] org.apache.jasper.servlet.TldScanner.scanJars At least one JAR was scanned for TLDs yet contained no TLDs. Enable debug logging for this logger for a complete list of JARs that were scanned but no TLDs were found in them. Skipping unneeded JARs during scanning can improve startup time and JSP compilation time.
10-Feb-2026 15:03:10.864 INFO [main] org.apache.catalina.startup.HostConfig.deployDirectory Deployment of web application directory [/home/infoetu/baptiste.lavogiez.etu/BUT2/Semestre2/Webdev/tomcat/webapps/TP03-Partie2] has finished in [131] ms
10-Feb-2026 15:03:10.864 INFO [main] org.apache.catalina.startup.HostConfig.deployDirectory Deploying web application directory [/home/infoetu/baptiste.lavogiez.etu/BUT2/Semestre2/Webdev/tomcat/webapps/manager]
10-Feb-2026 15:03:10.984 INFO [main] org.apache.jasper.servlet.TldScanner.scanJars At least one JAR was scanned for TLDs yet contained no TLDs. Enable debug logging for this logger for a complete list of JARs that were scanned but no TLDs were found in them. Skipping unneeded JARs during scanning can improve startup time and JSP compilation time.
10-Feb-2026 15:03:10.986 INFO [main] org.apache.catalina.startup.HostConfig.deployDirectory Deployment of web application directory [/home/infoetu/baptiste.lavogiez.etu/BUT2/Semestre2/Webdev/tomcat/webapps/manager] has finished in [122] ms
10-Feb-2026 15:03:10.987 INFO [main] org.apache.catalina.startup.HostConfig.deployDirectory Deploying web application directory [/home/infoetu/baptiste.lavogiez.etu/BUT2/Semestre2/Webdev/tomcat/webapps/TP02]
10-Feb-2026 15:03:11.113 INFO [main] org.apache.jasper.servlet.TldScanner.scanJars At least one JAR was scanned for TLDs yet contained no TLDs. Enable debug logging for this logger for a complete list of JARs that were scanned but no TLDs were found in them. Skipping unneeded JARs during scanning can improve startup time and JSP compilation time.
10-Feb-2026 15:03:11.114 INFO [main] org.apache.catalina.startup.HostConfig.deployDirectory Deployment of web application directory [/home/infoetu/baptiste.lavogiez.etu/BUT2/Semestre2/Webdev/tomcat/webapps/TP02] has finished in [127] ms
10-Feb-2026 15:03:11.114 INFO [main] org.apache.catalina.startup.HostConfig.deployDirectory Deploying web application directory [/home/infoetu/baptiste.lavogiez.etu/BUT2/Semestre2/Webdev/tomcat/webapps/ctp1]
10-Feb-2026 15:03:11.245 INFO [main] org.apache.jasper.servlet.TldScanner.scanJars At least one JAR was scanned for TLDs yet contained no TLDs. Enable debug logging for this logger for a complete list of JARs that were scanned but no TLDs were found in them. Skipping unneeded JARs during scanning can improve startup time and JSP compilation time.
10-Feb-2026 15:03:11.246 INFO [main] org.apache.catalina.startup.HostConfig.deployDirectory Deployment of web application directory [/home/infoetu/baptiste.lavogiez.etu/BUT2/Semestre2/Webdev/tomcat/webapps/ctp1] has finished in [132] ms
10-Feb-2026 15:03:11.246 INFO [main] org.apache.catalina.startup.HostConfig.deployDirectory Deploying web application directory [/home/infoetu/baptiste.lavogiez.etu/BUT2/Semestre2/Webdev/tomcat/webapps/TP03]
10-Feb-2026 15:03:11.370 INFO [main] org.apache.jasper.servlet.TldScanner.scanJars At least one JAR was scanned for TLDs yet contained no TLDs. Enable debug logging for this logger for a complete list of JARs that were scanned but no TLDs were found in them. Skipping unneeded JARs during scanning can improve startup time and JSP compilation time.
10-Feb-2026 15:03:11.371 INFO [main] org.apache.catalina.startup.HostConfig.deployDirectory Deployment of web application directory [/home/infoetu/baptiste.lavogiez.etu/BUT2/Semestre2/Webdev/tomcat/webapps/TP03] has finished in [125] ms
10-Feb-2026 15:03:11.371 INFO [main] org.apache.catalina.startup.HostConfig.deployDirectory Deploying web application directory [/home/infoetu/baptiste.lavogiez.etu/BUT2/Semestre2/Webdev/tomcat/webapps/TP01]
10-Feb-2026 15:03:11.487 INFO [main] org.apache.jasper.servlet.TldScanner.scanJars At least one JAR was scanned for TLDs yet contained no TLDs. Enable debug logging for this logger for a complete list of JARs that were scanned but no TLDs were found in them. Skipping unneeded JARs during scanning can improve startup time and JSP compilation time.
10-Feb-2026 15:03:11.488 INFO [main] org.apache.catalina.startup.HostConfig.deployDirectory Deployment of web application directory [/home/infoetu/baptiste.lavogiez.etu/BUT2/Semestre2/Webdev/tomcat/webapps/TP01] has finished in [117] ms
10-Feb-2026 15:03:11.488 INFO [main] org.apache.catalina.startup.HostConfig.deployDirectory Deploying web application directory [/home/infoetu/baptiste.lavogiez.etu/BUT2/Semestre2/Webdev/tomcat/webapps/host-manager]
10-Feb-2026 15:03:11.603 INFO [main] org.apache.jasper.servlet.TldScanner.scanJars At least one JAR was scanned for TLDs yet contained no TLDs. Enable debug logging for this logger for a complete list of JARs that were scanned but no TLDs were found in them. Skipping unneeded JARs during scanning can improve startup time and JSP compilation time.
10-Feb-2026 15:03:11.604 INFO [main] org.apache.catalina.startup.HostConfig.deployDirectory Deployment of web application directory [/home/infoetu/baptiste.lavogiez.etu/BUT2/Semestre2/Webdev/tomcat/webapps/host-manager] has finished in [115] ms
10-Feb-2026 15:03:11.604 INFO [main] org.apache.catalina.startup.HostConfig.deployDirectory Deploying web application directory [/home/infoetu/baptiste.lavogiez.etu/BUT2/Semestre2/Webdev/tomcat/webapps/tp_chess]
10-Feb-2026 15:03:11.726 INFO [main] org.apache.jasper.servlet.TldScanner.scanJars At least one JAR was scanned for TLDs yet contained no TLDs. Enable debug logging for this logger for a complete list of JARs that were scanned but no TLDs were found in them. Skipping unneeded JARs during scanning can improve startup time and JSP compilation time.
10-Feb-2026 15:03:11.726 INFO [main] org.apache.catalina.startup.HostConfig.deployDirectory Deployment of web application directory [/home/infoetu/baptiste.lavogiez.etu/BUT2/Semestre2/Webdev/tomcat/webapps/tp_chess] has finished in [122] ms
10-Feb-2026 15:03:11.727 INFO [main] org.apache.catalina.startup.HostConfig.deployDirectory Deploying web application directory [/home/infoetu/baptiste.lavogiez.etu/BUT2/Semestre2/Webdev/tomcat/webapps/template]
10-Feb-2026 15:03:11.851 INFO [main] org.apache.jasper.servlet.TldScanner.scanJars At least one JAR was scanned for TLDs yet contained no TLDs. Enable debug logging for this logger for a complete list of JARs that were scanned but no TLDs were found in them. Skipping unneeded JARs during scanning can improve startup time and JSP compilation time.
10-Feb-2026 15:03:11.852 INFO [main] org.apache.catalina.startup.HostConfig.deployDirectory Deployment of web application directory [/home/infoetu/baptiste.lavogiez.etu/BUT2/Semestre2/Webdev/tomcat/webapps/template] has finished in [125] ms
10-Feb-2026 15:03:11.852 INFO [main] org.apache.catalina.startup.HostConfig.deployDirectory Deploying web application directory [/home/infoetu/baptiste.lavogiez.etu/BUT2/Semestre2/Webdev/tomcat/webapps/examples]
10-Feb-2026 15:03:12.140 INFO [main] org.apache.jasper.servlet.TldScanner.scanJars At least one JAR was scanned for TLDs yet contained no TLDs. Enable debug logging for this logger for a complete list of JARs that were scanned but no TLDs were found in them. Skipping unneeded JARs during scanning can improve startup time and JSP compilation time.
10-Feb-2026 15:03:12.153 INFO [main] org.apache.catalina.startup.HostConfig.deployDirectory Deployment of web application directory [/home/infoetu/baptiste.lavogiez.etu/BUT2/Semestre2/Webdev/tomcat/webapps/examples] has finished in [301] ms
10-Feb-2026 15:03:12.153 INFO [main] org.apache.catalina.startup.HostConfig.deployDirectory Deploying web application directory [/home/infoetu/baptiste.lavogiez.etu/BUT2/Semestre2/Webdev/tomcat/webapps/ctp]
10-Feb-2026 15:03:12.282 INFO [main] org.apache.jasper.servlet.TldScanner.scanJars At least one JAR was scanned for TLDs yet contained no TLDs. Enable debug logging for this logger for a complete list of JARs that were scanned but no TLDs were found in them. Skipping unneeded JARs during scanning can improve startup time and JSP compilation time.
10-Feb-2026 15:03:12.283 INFO [main] org.apache.catalina.startup.HostConfig.deployDirectory Deployment of web application directory [/home/infoetu/baptiste.lavogiez.etu/BUT2/Semestre2/Webdev/tomcat/webapps/ctp] has finished in [130] ms
10-Feb-2026 15:03:12.285 INFO [main] org.apache.coyote.AbstractProtocol.start Starting ProtocolHandler ["http-nio-8080"]
10-Feb-2026 15:03:12.289 INFO [main] org.apache.catalina.startup.Catalina.start Server startup in [2418] milliseconds
10-Feb-2026 15:06:37.936 INFO [Thread-1] org.apache.coyote.AbstractProtocol.pause Pausing ProtocolHandler ["http-nio-8080"]
10-Feb-2026 15:06:37.939 INFO [Thread-1] org.apache.catalina.core.StandardService.stopInternal Stopping service [Catalina]
10-Feb-2026 15:06:37.966 WARNING [Thread-1] org.apache.catalina.loader.WebappClassLoaderBase.clearReferencesJdbc The web application [ctp] registered the JDBC driver [org.h2.Driver] but failed to unregister it when the web application was stopped. To prevent a memory leak, the JDBC Driver has been forcibly unregistered.
10-Feb-2026 15:06:37.983 INFO [Thread-1] org.apache.coyote.AbstractProtocol.stop Stopping ProtocolHandler ["http-nio-8080"]
10-Feb-2026 15:06:37.993 INFO [Thread-1] org.apache.coyote.AbstractProtocol.destroy Destroying ProtocolHandler ["http-nio-8080"]
10-Feb-2026 16:53:06.179 INFO [main] org.apache.catalina.startup.VersionLoggerListener.log Server version name:   Apache Tomcat/11.0.13
10-Feb-2026 16:53:06.181 INFO [main] org.apache.catalina.startup.VersionLoggerListener.log Server built:          Oct 10 2025 13:57:31 UTC
10-Feb-2026 16:53:06.181 INFO [main] org.apache.catalina.startup.VersionLoggerListener.log Server version number: 11.0.13.0
10-Feb-2026 16:53:06.181 INFO [main] org.apache.catalina.startup.VersionLoggerListener.log OS Name:               Linux
10-Feb-2026 16:53:06.181 INFO [main] org.apache.catalina.startup.VersionLoggerListener.log OS Version:            6.1.0-40-amd64
10-Feb-2026 16:53:06.181 INFO [main] org.apache.catalina.startup.VersionLoggerListener.log Architecture:          amd64
10-Feb-2026 16:53:06.181 INFO [main] org.apache.catalina.startup.VersionLoggerListener.log Java Home:             /usr/lib/jvm/java-17-openjdk-amd64
10-Feb-2026 16:53:06.181 INFO [main] org.apache.catalina.startup.VersionLoggerListener.log JVM Version:           17.0.18+8-Debian-1deb12u1
10-Feb-2026 16:53:06.181 INFO [main] org.apache.catalina.startup.VersionLoggerListener.log JVM Vendor:            Debian
10-Feb-2026 16:53:06.181 INFO [main] org.apache.catalina.startup.VersionLoggerListener.log CATALINA_BASE:         /home/infoetu/baptiste.lavogiez.etu/BUT2/Semestre2/Webdev/tomcat
10-Feb-2026 16:53:06.181 INFO [main] org.apache.catalina.startup.VersionLoggerListener.log CATALINA_HOME:         /home/infoetu/baptiste.lavogiez.etu/BUT2/Semestre2/Webdev/tomcat
10-Feb-2026 16:53:06.184 INFO [main] org.apache.catalina.startup.VersionLoggerListener.log Command line argument: -Djava.util.logging.config.file=/home/infoetu/baptiste.lavogiez.etu/BUT2/Semestre2/Webdev/tomcat/conf/logging.properties
10-Feb-2026 16:53:06.184 INFO [main] org.apache.catalina.startup.VersionLoggerListener.log Command line argument: -Djava.util.logging.manager=org.apache.juli.ClassLoaderLogManager
10-Feb-2026 16:53:06.184 INFO [main] org.apache.catalina.startup.VersionLoggerListener.log Command line argument: -Djdk.tls.ephemeralDHKeySize=2048
10-Feb-2026 16:53:06.184 INFO [main] org.apache.catalina.startup.VersionLoggerListener.log Command line argument: -Dorg.apache.catalina.security.SecurityListener.UMASK=0027
10-Feb-2026 16:53:06.184 INFO [main] org.apache.catalina.startup.VersionLoggerListener.log Command line argument: --add-opens=java.base/java.lang=ALL-UNNAMED
10-Feb-2026 16:53:06.184 INFO [main] org.apache.catalina.startup.VersionLoggerListener.log Command line argument: --add-opens=java.base/java.lang.reflect=ALL-UNNAMED
10-Feb-2026 16:53:06.184 INFO [main] org.apache.catalina.startup.VersionLoggerListener.log Command line argument: --add-opens=java.base/java.io=ALL-UNNAMED
10-Feb-2026 16:53:06.184 INFO [main] org.apache.catalina.startup.VersionLoggerListener.log Command line argument: --add-opens=java.base/java.util=ALL-UNNAMED
10-Feb-2026 16:53:06.185 INFO [main] org.apache.catalina.startup.VersionLoggerListener.log Command line argument: --add-opens=java.base/java.util.concurrent=ALL-UNNAMED
10-Feb-2026 16:53:06.185 INFO [main] org.apache.catalina.startup.VersionLoggerListener.log Command line argument: --add-opens=java.rmi/sun.rmi.transport=ALL-UNNAMED
10-Feb-2026 16:53:06.185 INFO [main] org.apache.catalina.startup.VersionLoggerListener.log Command line argument: --enable-native-access=ALL-UNNAMED
10-Feb-2026 16:53:06.185 INFO [main] org.apache.catalina.startup.VersionLoggerListener.log Command line argument: -Dcatalina.base=/home/infoetu/baptiste.lavogiez.etu/BUT2/Semestre2/Webdev/tomcat
10-Feb-2026 16:53:06.185 INFO [main] org.apache.catalina.startup.VersionLoggerListener.log Command line argument: -Dcatalina.home=/home/infoetu/baptiste.lavogiez.etu/BUT2/Semestre2/Webdev/tomcat
10-Feb-2026 16:53:06.185 INFO [main] org.apache.catalina.startup.VersionLoggerListener.log Command line argument: -Djava.io.tmpdir=/home/infoetu/baptiste.lavogiez.etu/BUT2/Semestre2/Webdev/tomcat/temp
10-Feb-2026 16:53:06.185 INFO [main] org.apache.catalina.core.AprLifecycleListener.lifecycleEvent The Apache Tomcat Native library which allows using OpenSSL was not found on the java.library.path: [/usr/java/packages/lib:/usr/lib/x86_64-linux-gnu/jni:/lib/x86_64-linux-gnu:/usr/lib/x86_64-linux-gnu:/usr/lib/jni:/lib:/usr/lib]
10-Feb-2026 16:53:06.285 INFO [main] org.apache.coyote.AbstractProtocol.init Initializing ProtocolHandler ["http-nio-8080"]
10-Feb-2026 16:53:06.293 INFO [main] org.apache.catalina.startup.Catalina.load Server initialization in [181] milliseconds
10-Feb-2026 16:53:06.310 INFO [main] org.apache.catalina.core.StandardService.startInternal Starting service [Catalina]
10-Feb-2026 16:53:06.310 INFO [main] org.apache.catalina.core.StandardEngine.startInternal Starting Servlet engine: [Apache Tomcat/11.0.13]
10-Feb-2026 16:53:06.315 INFO [main] org.apache.catalina.startup.HostConfig.deployDirectory Deploying web application directory [/home/infoetu/baptiste.lavogiez.etu/BUT2/Semestre2/Webdev/tomcat/webapps/ctp2]
10-Feb-2026 16:53:06.644 INFO [main] org.apache.jasper.servlet.TldScanner.scanJars At least one JAR was scanned for TLDs yet contained no TLDs. Enable debug logging for this logger for a complete list of JARs that were scanned but no TLDs were found in them. Skipping unneeded JARs during scanning can improve startup time and JSP compilation time.
10-Feb-2026 16:53:06.667 INFO [main] org.apache.catalina.startup.HostConfig.deployDirectory Deployment of web application directory [/home/infoetu/baptiste.lavogiez.etu/BUT2/Semestre2/Webdev/tomcat/webapps/ctp2] has finished in [352] ms
10-Feb-2026 16:53:06.668 INFO [main] org.apache.catalina.startup.HostConfig.deployDirectory Deploying web application directory [/home/infoetu/baptiste.lavogiez.etu/BUT2/Semestre2/Webdev/tomcat/webapps/ctp-sample]
10-Feb-2026 16:53:06.831 INFO [main] org.apache.jasper.servlet.TldScanner.scanJars At least one JAR was scanned for TLDs yet contained no TLDs. Enable debug logging for this logger for a complete list of JARs that were scanned but no TLDs were found in them. Skipping unneeded JARs during scanning can improve startup time and JSP compilation time.
10-Feb-2026 16:53:06.832 INFO [main] org.apache.catalina.startup.HostConfig.deployDirectory Deployment of web application directory [/home/infoetu/baptiste.lavogiez.etu/BUT2/Semestre2/Webdev/tomcat/webapps/ctp-sample] has finished in [164] ms
10-Feb-2026 16:53:06.832 INFO [main] org.apache.catalina.startup.HostConfig.deployDirectory Deploying web application directory [/home/infoetu/baptiste.lavogiez.etu/BUT2/Semestre2/Webdev/tomcat/webapps/__MACOSX]
10-Feb-2026 16:53:06.963 INFO [main] org.apache.jasper.servlet.TldScanner.scanJars At least one JAR was scanned for TLDs yet contained no TLDs. Enable debug logging for this logger for a complete list of JARs that were scanned but no TLDs were found in them. Skipping unneeded JARs during scanning can improve startup time and JSP compilation time.
10-Feb-2026 16:53:06.964 INFO [main] org.apache.catalina.startup.HostConfig.deployDirectory Deployment of web application directory [/home/infoetu/baptiste.lavogiez.etu/BUT2/Semestre2/Webdev/tomcat/webapps/__MACOSX] has finished in [132] ms
10-Feb-2026 16:53:06.964 INFO [main] org.apache.catalina.startup.HostConfig.deployDirectory Deploying web application directory [/home/infoetu/baptiste.lavogiez.etu/BUT2/Semestre2/Webdev/tomcat/webapps/ROOT]
10-Feb-2026 16:53:07.093 INFO [main] org.apache.jasper.servlet.TldScanner.scanJars At least one JAR was scanned for TLDs yet contained no TLDs. Enable debug logging for this logger for a complete list of JARs that were scanned but no TLDs were found in them. Skipping unneeded JARs during scanning can improve startup time and JSP compilation time.
10-Feb-2026 16:53:07.094 INFO [main] org.apache.catalina.startup.HostConfig.deployDirectory Deployment of web application directory [/home/infoetu/baptiste.lavogiez.etu/BUT2/Semestre2/Webdev/tomcat/webapps/ROOT] has finished in [130] ms
10-Feb-2026 16:53:07.095 INFO [main] org.apache.catalina.startup.HostConfig.deployDirectory Deploying web application directory [/home/infoetu/baptiste.lavogiez.etu/BUT2/Semestre2/Webdev/tomcat/webapps/TP04]
10-Feb-2026 16:53:07.240 INFO [main] org.apache.jasper.servlet.TldScanner.scanJars At least one JAR was scanned for TLDs yet contained no TLDs. Enable debug logging for this logger for a complete list of JARs that were scanned but no TLDs were found in them. Skipping unneeded JARs during scanning can improve startup time and JSP compilation time.
10-Feb-2026 16:53:07.241 INFO [main] org.apache.catalina.startup.HostConfig.deployDirectory Deployment of web application directory [/home/infoetu/baptiste.lavogiez.etu/BUT2/Semestre2/Webdev/tomcat/webapps/TP04] has finished in [146] ms
10-Feb-2026 16:53:07.242 INFO [main] org.apache.catalina.startup.HostConfig.deployDirectory Deploying web application directory [/home/infoetu/baptiste.lavogiez.etu/BUT2/Semestre2/Webdev/tomcat/webapps/docs]
10-Feb-2026 16:53:07.360 INFO [main] org.apache.jasper.servlet.TldScanner.scanJars At least one JAR was scanned for TLDs yet contained no TLDs. Enable debug logging for this logger for a complete list of JARs that were scanned but no TLDs were found in them. Skipping unneeded JARs during scanning can improve startup time and JSP compilation time.
10-Feb-2026 16:53:07.361 INFO [main] org.apache.catalina.startup.HostConfig.deployDirectory Deployment of web application directory [/home/infoetu/baptiste.lavogiez.etu/BUT2/Semestre2/Webdev/tomcat/webapps/docs] has finished in [118] ms
10-Feb-2026 16:53:07.361 INFO [main] org.apache.catalina.startup.HostConfig.deployDirectory Deploying web application directory [/home/infoetu/baptiste.lavogiez.etu/BUT2/Semestre2/Webdev/tomcat/webapps/TP03-Partie2]
10-Feb-2026 16:53:07.500 INFO [main] org.apache.jasper.servlet.TldScanner.scanJars At least one JAR was scanned for TLDs yet contained no TLDs. Enable debug logging for this logger for a complete list of JARs that were scanned but no TLDs were found in them. Skipping unneeded JARs during scanning can improve startup time and JSP compilation time.
10-Feb-2026 16:53:07.501 INFO [main] org.apache.catalina.startup.HostConfig.deployDirectory Deployment of web application directory [/home/infoetu/baptiste.lavogiez.etu/BUT2/Semestre2/Webdev/tomcat/webapps/TP03-Partie2] has finished in [140] ms
10-Feb-2026 16:53:07.501 INFO [main] org.apache.catalina.startup.HostConfig.deployDirectory Deploying web application directory [/home/infoetu/baptiste.lavogiez.etu/BUT2/Semestre2/Webdev/tomcat/webapps/manager]
10-Feb-2026 16:53:07.624 INFO [main] org.apache.jasper.servlet.TldScanner.scanJars At least one JAR was scanned for TLDs yet contained no TLDs. Enable debug logging for this logger for a complete list of JARs that were scanned but no TLDs were found in them. Skipping unneeded JARs during scanning can improve startup time and JSP compilation time.
10-Feb-2026 16:53:07.626 INFO [main] org.apache.catalina.startup.HostConfig.deployDirectory Deployment of web application directory [/home/infoetu/baptiste.lavogiez.etu/BUT2/Semestre2/Webdev/tomcat/webapps/manager] has finished in [125] ms
10-Feb-2026 16:53:07.627 INFO [main] org.apache.catalina.startup.HostConfig.deployDirectory Deploying web application directory [/home/infoetu/baptiste.lavogiez.etu/BUT2/Semestre2/Webdev/tomcat/webapps/TP02]
10-Feb-2026 16:53:07.763 INFO [main] org.apache.jasper.servlet.TldScanner.scanJars At least one JAR was scanned for TLDs yet contained no TLDs. Enable debug logging for this logger for a complete list of JARs that were scanned but no TLDs were found in them. Skipping unneeded JARs during scanning can improve startup time and JSP compilation time.
10-Feb-2026 16:53:07.764 INFO [main] org.apache.catalina.startup.HostConfig.deployDirectory Deployment of web application directory [/home/infoetu/baptiste.lavogiez.etu/BUT2/Semestre2/Webdev/tomcat/webapps/TP02] has finished in [137] ms
10-Feb-2026 16:53:07.764 INFO [main] org.apache.catalina.startup.HostConfig.deployDirectory Deploying web application directory [/home/infoetu/baptiste.lavogiez.etu/BUT2/Semestre2/Webdev/tomcat/webapps/ctp1]
10-Feb-2026 16:53:08.486 INFO [main] org.apache.jasper.servlet.TldScanner.scanJars At least one JAR was scanned for TLDs yet contained no TLDs. Enable debug logging for this logger for a complete list of JARs that were scanned but no TLDs were found in them. Skipping unneeded JARs during scanning can improve startup time and JSP compilation time.
10-Feb-2026 16:53:08.488 INFO [main] org.apache.catalina.startup.HostConfig.deployDirectory Deployment of web application directory [/home/infoetu/baptiste.lavogiez.etu/BUT2/Semestre2/Webdev/tomcat/webapps/ctp1] has finished in [724] ms
10-Feb-2026 16:53:08.492 INFO [main] org.apache.catalina.startup.HostConfig.deployDirectory Deploying web application directory [/home/infoetu/baptiste.lavogiez.etu/BUT2/Semestre2/Webdev/tomcat/webapps/TP03]
10-Feb-2026 16:53:08.659 INFO [main] org.apache.jasper.servlet.TldScanner.scanJars At least one JAR was scanned for TLDs yet contained no TLDs. Enable debug logging for this logger for a complete list of JARs that were scanned but no TLDs were found in them. Skipping unneeded JARs during scanning can improve startup time and JSP compilation time.
10-Feb-2026 16:53:08.660 INFO [main] org.apache.catalina.startup.HostConfig.deployDirectory Deployment of web application directory [/home/infoetu/baptiste.lavogiez.etu/BUT2/Semestre2/Webdev/tomcat/webapps/TP03] has finished in [168] ms
10-Feb-2026 16:53:08.661 INFO [main] org.apache.catalina.startup.HostConfig.deployDirectory Deploying web application directory [/home/infoetu/baptiste.lavogiez.etu/BUT2/Semestre2/Webdev/tomcat/webapps/TP01]
10-Feb-2026 16:53:08.795 INFO [main] org.apache.jasper.servlet.TldScanner.scanJars At least one JAR was scanned for TLDs yet contained no TLDs. Enable debug logging for this logger for a complete list of JARs that were scanned but no TLDs were found in them. Skipping unneeded JARs during scanning can improve startup time and JSP compilation time.
10-Feb-2026 16:53:08.796 INFO [main] org.apache.catalina.startup.HostConfig.deployDirectory Deployment of web application directory [/home/infoetu/baptiste.lavogiez.etu/BUT2/Semestre2/Webdev/tomcat/webapps/TP01] has finished in [134] ms
10-Feb-2026 16:53:08.796 INFO [main] org.apache.catalina.startup.HostConfig.deployDirectory Deploying web application directory [/home/infoetu/baptiste.lavogiez.etu/BUT2/Semestre2/Webdev/tomcat/webapps/host-manager]
10-Feb-2026 16:53:08.922 INFO [main] org.apache.jasper.servlet.TldScanner.scanJars At least one JAR was scanned for TLDs yet contained no TLDs. Enable debug logging for this logger for a complete list of JARs that were scanned but no TLDs were found in them. Skipping unneeded JARs during scanning can improve startup time and JSP compilation time.
10-Feb-2026 16:53:08.923 INFO [main] org.apache.catalina.startup.HostConfig.deployDirectory Deployment of web application directory [/home/infoetu/baptiste.lavogiez.etu/BUT2/Semestre2/Webdev/tomcat/webapps/host-manager] has finished in [127] ms
10-Feb-2026 16:53:08.924 INFO [main] org.apache.catalina.startup.HostConfig.deployDirectory Deploying web application directory [/home/infoetu/baptiste.lavogiez.etu/BUT2/Semestre2/Webdev/tomcat/webapps/tp_chess]
10-Feb-2026 16:53:09.330 INFO [main] org.apache.jasper.servlet.TldScanner.scanJars At least one JAR was scanned for TLDs yet contained no TLDs. Enable debug logging for this logger for a complete list of JARs that were scanned but no TLDs were found in them. Skipping unneeded JARs during scanning can improve startup time and JSP compilation time.
10-Feb-2026 16:53:09.332 INFO [main] org.apache.catalina.startup.HostConfig.deployDirectory Deployment of web application directory [/home/infoetu/baptiste.lavogiez.etu/BUT2/Semestre2/Webdev/tomcat/webapps/tp_chess] has finished in [407] ms
10-Feb-2026 16:53:09.332 INFO [main] org.apache.catalina.startup.HostConfig.deployDirectory Deploying web application directory [/home/infoetu/baptiste.lavogiez.etu/BUT2/Semestre2/Webdev/tomcat/webapps/template]
10-Feb-2026 16:53:09.626 INFO [main] org.apache.jasper.servlet.TldScanner.scanJars At least one JAR was scanned for TLDs yet contained no TLDs. Enable debug logging for this logger for a complete list of JARs that were scanned but no TLDs were found in them. Skipping unneeded JARs during scanning can improve startup time and JSP compilation time.
10-Feb-2026 16:53:09.627 INFO [main] org.apache.catalina.startup.HostConfig.deployDirectory Deployment of web application directory [/home/infoetu/baptiste.lavogiez.etu/BUT2/Semestre2/Webdev/tomcat/webapps/template] has finished in [295] ms
10-Feb-2026 16:53:09.629 INFO [main] org.apache.catalina.startup.HostConfig.deployDirectory Deploying web application directory [/home/infoetu/baptiste.lavogiez.etu/BUT2/Semestre2/Webdev/tomcat/webapps/examples]
10-Feb-2026 16:53:10.382 INFO [main] org.apache.jasper.servlet.TldScanner.scanJars At least one JAR was scanned for TLDs yet contained no TLDs. Enable debug logging for this logger for a complete list of JARs that were scanned but no TLDs were found in them. Skipping unneeded JARs during scanning can improve startup time and JSP compilation time.
10-Feb-2026 16:53:10.709 INFO [main] org.apache.catalina.startup.HostConfig.deployDirectory Deployment of web application directory [/home/infoetu/baptiste.lavogiez.etu/BUT2/Semestre2/Webdev/tomcat/webapps/examples] has finished in [1,080] ms
10-Feb-2026 16:53:10.713 INFO [main] org.apache.coyote.AbstractProtocol.start Starting ProtocolHandler ["http-nio-8080"]
10-Feb-2026 16:53:10.720 INFO [main] org.apache.catalina.startup.Catalina.start Server startup in [4426] milliseconds
10-Feb-2026 16:54:00.772 INFO [Catalina-utility-1] org.apache.catalina.startup.HostConfig.deployDirectory Deploying web application directory [/home/infoetu/baptiste.lavogiez.etu/BUT2/Semestre2/Webdev/tomcat/webapps/ctp]
10-Feb-2026 16:54:00.932 INFO [Catalina-utility-1] org.apache.jasper.servlet.TldScanner.scanJars At least one JAR was scanned for TLDs yet contained no TLDs. Enable debug logging for this logger for a complete list of JARs that were scanned but no TLDs were found in them. Skipping unneeded JARs during scanning can improve startup time and JSP compilation time.
10-Feb-2026 16:54:00.932 INFO [Catalina-utility-1] org.apache.catalina.startup.HostConfig.deployDirectory Deployment of web application directory [/home/infoetu/baptiste.lavogiez.etu/BUT2/Semestre2/Webdev/tomcat/webapps/ctp] has finished in [160] ms
10-Feb-2026 16:54:05.158 INFO [Thread-1] org.apache.coyote.AbstractProtocol.pause Pausing ProtocolHandler ["http-nio-8080"]
10-Feb-2026 16:54:05.161 INFO [Thread-1] org.apache.catalina.core.StandardService.stopInternal Stopping service [Catalina]
10-Feb-2026 16:54:05.176 WARNING [Thread-1] org.apache.catalina.loader.WebappClassLoaderBase.clearReferencesJdbc The web application [template] registered the JDBC driver [org.h2.Driver] but failed to unregister it when the web application was stopped. To prevent a memory leak, the JDBC Driver has been forcibly unregistered.
10-Feb-2026 16:54:05.201 INFO [Thread-1] org.apache.coyote.AbstractProtocol.stop Stopping ProtocolHandler ["http-nio-8080"]
10-Feb-2026 16:54:05.204 INFO [Thread-1] org.apache.coyote.AbstractProtocol.destroy Destroying ProtocolHandler ["http-nio-8080"]
10-Feb-2026 16:54:06.065 INFO [main] org.apache.catalina.startup.VersionLoggerListener.log Server version name:   Apache Tomcat/11.0.13
10-Feb-2026 16:54:06.067 INFO [main] org.apache.catalina.startup.VersionLoggerListener.log Server built:          Oct 10 2025 13:57:31 UTC
10-Feb-2026 16:54:06.067 INFO [main] org.apache.catalina.startup.VersionLoggerListener.log Server version number: 11.0.13.0
10-Feb-2026 16:54:06.067 INFO [main] org.apache.catalina.startup.VersionLoggerListener.log OS Name:               Linux
10-Feb-2026 16:54:06.067 INFO [main] org.apache.catalina.startup.VersionLoggerListener.log OS Version:            6.1.0-40-amd64
10-Feb-2026 16:54:06.067 INFO [main] org.apache.catalina.startup.VersionLoggerListener.log Architecture:          amd64
10-Feb-2026 16:54:06.067 INFO [main] org.apache.catalina.startup.VersionLoggerListener.log Java Home:             /usr/lib/jvm/java-17-openjdk-amd64
10-Feb-2026 16:54:06.067 INFO [main] org.apache.catalina.startup.VersionLoggerListener.log JVM Version:           17.0.18+8-Debian-1deb12u1
10-Feb-2026 16:54:06.067 INFO [main] org.apache.catalina.startup.VersionLoggerListener.log JVM Vendor:            Debian
10-Feb-2026 16:54:06.067 INFO [main] org.apache.catalina.startup.VersionLoggerListener.log CATALINA_BASE:         /home/infoetu/baptiste.lavogiez.etu/BUT2/Semestre2/Webdev/tomcat
10-Feb-2026 16:54:06.067 INFO [main] org.apache.catalina.startup.VersionLoggerListener.log CATALINA_HOME:         /home/infoetu/baptiste.lavogiez.etu/BUT2/Semestre2/Webdev/tomcat
10-Feb-2026 16:54:06.071 INFO [main] org.apache.catalina.startup.VersionLoggerListener.log Command line argument: -Djava.util.logging.config.file=/home/infoetu/baptiste.lavogiez.etu/BUT2/Semestre2/Webdev/tomcat/conf/logging.properties
10-Feb-2026 16:54:06.071 INFO [main] org.apache.catalina.startup.VersionLoggerListener.log Command line argument: -Djava.util.logging.manager=org.apache.juli.ClassLoaderLogManager
10-Feb-2026 16:54:06.071 INFO [main] org.apache.catalina.startup.VersionLoggerListener.log Command line argument: -Djdk.tls.ephemeralDHKeySize=2048
10-Feb-2026 16:54:06.071 INFO [main] org.apache.catalina.startup.VersionLoggerListener.log Command line argument: -Dorg.apache.catalina.security.SecurityListener.UMASK=0027
10-Feb-2026 16:54:06.072 INFO [main] org.apache.catalina.startup.VersionLoggerListener.log Command line argument: --add-opens=java.base/java.lang=ALL-UNNAMED
10-Feb-2026 16:54:06.072 INFO [main] org.apache.catalina.startup.VersionLoggerListener.log Command line argument: --add-opens=java.base/java.lang.reflect=ALL-UNNAMED
10-Feb-2026 16:54:06.072 INFO [main] org.apache.catalina.startup.VersionLoggerListener.log Command line argument: --add-opens=java.base/java.io=ALL-UNNAMED
10-Feb-2026 16:54:06.072 INFO [main] org.apache.catalina.startup.VersionLoggerListener.log Command line argument: --add-opens=java.base/java.util=ALL-UNNAMED
10-Feb-2026 16:54:06.072 INFO [main] org.apache.catalina.startup.VersionLoggerListener.log Command line argument: --add-opens=java.base/java.util.concurrent=ALL-UNNAMED
10-Feb-2026 16:54:06.072 INFO [main] org.apache.catalina.startup.VersionLoggerListener.log Command line argument: --add-opens=java.rmi/sun.rmi.transport=ALL-UNNAMED
10-Feb-2026 16:54:06.072 INFO [main] org.apache.catalina.startup.VersionLoggerListener.log Command line argument: --enable-native-access=ALL-UNNAMED
10-Feb-2026 16:54:06.072 INFO [main] org.apache.catalina.startup.VersionLoggerListener.log Command line argument: -Dcatalina.base=/home/infoetu/baptiste.lavogiez.etu/BUT2/Semestre2/Webdev/tomcat
10-Feb-2026 16:54:06.072 INFO [main] org.apache.catalina.startup.VersionLoggerListener.log Command line argument: -Dcatalina.home=/home/infoetu/baptiste.lavogiez.etu/BUT2/Semestre2/Webdev/tomcat
10-Feb-2026 16:54:06.072 INFO [main] org.apache.catalina.startup.VersionLoggerListener.log Command line argument: -Djava.io.tmpdir=/home/infoetu/baptiste.lavogiez.etu/BUT2/Semestre2/Webdev/tomcat/temp
10-Feb-2026 16:54:06.072 INFO [main] org.apache.catalina.core.AprLifecycleListener.lifecycleEvent The Apache Tomcat Native library which allows using OpenSSL was not found on the java.library.path: [/usr/java/packages/lib:/usr/lib/x86_64-linux-gnu/jni:/lib/x86_64-linux-gnu:/usr/lib/x86_64-linux-gnu:/usr/lib/jni:/lib:/usr/lib]
10-Feb-2026 16:54:06.170 INFO [main] org.apache.coyote.AbstractProtocol.init Initializing ProtocolHandler ["http-nio-8080"]
10-Feb-2026 16:54:06.178 INFO [main] org.apache.catalina.startup.Catalina.load Server initialization in [179] milliseconds
10-Feb-2026 16:54:06.197 INFO [main] org.apache.catalina.core.StandardService.startInternal Starting service [Catalina]
10-Feb-2026 16:54:06.197 INFO [main] org.apache.catalina.core.StandardEngine.startInternal Starting Servlet engine: [Apache Tomcat/11.0.13]
10-Feb-2026 16:54:06.203 INFO [main] org.apache.catalina.startup.HostConfig.deployDirectory Deploying web application directory [/home/infoetu/baptiste.lavogiez.etu/BUT2/Semestre2/Webdev/tomcat/webapps/ctp2]
10-Feb-2026 16:54:06.521 INFO [main] org.apache.jasper.servlet.TldScanner.scanJars At least one JAR was scanned for TLDs yet contained no TLDs. Enable debug logging for this logger for a complete list of JARs that were scanned but no TLDs were found in them. Skipping unneeded JARs during scanning can improve startup time and JSP compilation time.
10-Feb-2026 16:54:06.540 INFO [main] org.apache.catalina.startup.HostConfig.deployDirectory Deployment of web application directory [/home/infoetu/baptiste.lavogiez.etu/BUT2/Semestre2/Webdev/tomcat/webapps/ctp2] has finished in [337] ms
10-Feb-2026 16:54:06.540 INFO [main] org.apache.catalina.startup.HostConfig.deployDirectory Deploying web application directory [/home/infoetu/baptiste.lavogiez.etu/BUT2/Semestre2/Webdev/tomcat/webapps/ctp-sample]
10-Feb-2026 16:54:06.683 INFO [main] org.apache.jasper.servlet.TldScanner.scanJars At least one JAR was scanned for TLDs yet contained no TLDs. Enable debug logging for this logger for a complete list of JARs that were scanned but no TLDs were found in them. Skipping unneeded JARs during scanning can improve startup time and JSP compilation time.
10-Feb-2026 16:54:06.685 INFO [main] org.apache.catalina.startup.HostConfig.deployDirectory Deployment of web application directory [/home/infoetu/baptiste.lavogiez.etu/BUT2/Semestre2/Webdev/tomcat/webapps/ctp-sample] has finished in [145] ms
10-Feb-2026 16:54:06.685 INFO [main] org.apache.catalina.startup.HostConfig.deployDirectory Deploying web application directory [/home/infoetu/baptiste.lavogiez.etu/BUT2/Semestre2/Webdev/tomcat/webapps/__MACOSX]
10-Feb-2026 16:54:06.817 INFO [main] org.apache.jasper.servlet.TldScanner.scanJars At least one JAR was scanned for TLDs yet contained no TLDs. Enable debug logging for this logger for a complete list of JARs that were scanned but no TLDs were found in them. Skipping unneeded JARs during scanning can improve startup time and JSP compilation time.
10-Feb-2026 16:54:06.818 INFO [main] org.apache.catalina.startup.HostConfig.deployDirectory Deployment of web application directory [/home/infoetu/baptiste.lavogiez.etu/BUT2/Semestre2/Webdev/tomcat/webapps/__MACOSX] has finished in [133] ms
10-Feb-2026 16:54:06.818 INFO [main] org.apache.catalina.startup.HostConfig.deployDirectory Deploying web application directory [/home/infoetu/baptiste.lavogiez.etu/BUT2/Semestre2/Webdev/tomcat/webapps/ROOT]
10-Feb-2026 16:54:06.947 INFO [main] org.apache.jasper.servlet.TldScanner.scanJars At least one JAR was scanned for TLDs yet contained no TLDs. Enable debug logging for this logger for a complete list of JARs that were scanned but no TLDs were found in them. Skipping unneeded JARs during scanning can improve startup time and JSP compilation time.
10-Feb-2026 16:54:06.948 INFO [main] org.apache.catalina.startup.HostConfig.deployDirectory Deployment of web application directory [/home/infoetu/baptiste.lavogiez.etu/BUT2/Semestre2/Webdev/tomcat/webapps/ROOT] has finished in [130] ms
10-Feb-2026 16:54:06.948 INFO [main] org.apache.catalina.startup.HostConfig.deployDirectory Deploying web application directory [/home/infoetu/baptiste.lavogiez.etu/BUT2/Semestre2/Webdev/tomcat/webapps/TP04]
10-Feb-2026 16:54:07.092 INFO [main] org.apache.jasper.servlet.TldScanner.scanJars At least one JAR was scanned for TLDs yet contained no TLDs. Enable debug logging for this logger for a complete list of JARs that were scanned but no TLDs were found in them. Skipping unneeded JARs during scanning can improve startup time and JSP compilation time.
10-Feb-2026 16:54:07.093 INFO [main] org.apache.catalina.startup.HostConfig.deployDirectory Deployment of web application directory [/home/infoetu/baptiste.lavogiez.etu/BUT2/Semestre2/Webdev/tomcat/webapps/TP04] has finished in [145] ms
10-Feb-2026 16:54:07.093 INFO [main] org.apache.catalina.startup.HostConfig.deployDirectory Deploying web application directory [/home/infoetu/baptiste.lavogiez.etu/BUT2/Semestre2/Webdev/tomcat/webapps/docs]
10-Feb-2026 16:54:07.222 INFO [main] org.apache.jasper.servlet.TldScanner.scanJars At least one JAR was scanned for TLDs yet contained no TLDs. Enable debug logging for this logger for a complete list of JARs that were scanned but no TLDs were found in them. Skipping unneeded JARs during scanning can improve startup time and JSP compilation time.
10-Feb-2026 16:54:07.222 INFO [main] org.apache.catalina.startup.HostConfig.deployDirectory Deployment of web application directory [/home/infoetu/baptiste.lavogiez.etu/BUT2/Semestre2/Webdev/tomcat/webapps/docs] has finished in [129] ms
10-Feb-2026 16:54:07.222 INFO [main] org.apache.catalina.startup.HostConfig.deployDirectory Deploying web application directory [/home/infoetu/baptiste.lavogiez.etu/BUT2/Semestre2/Webdev/tomcat/webapps/TP03-Partie2]
10-Feb-2026 16:54:07.362 INFO [main] org.apache.jasper.servlet.TldScanner.scanJars At least one JAR was scanned for TLDs yet contained no TLDs. Enable debug logging for this logger for a complete list of JARs that were scanned but no TLDs were found in them. Skipping unneeded JARs during scanning can improve startup time and JSP compilation time.
10-Feb-2026 16:54:07.364 INFO [main] org.apache.catalina.startup.HostConfig.deployDirectory Deployment of web application directory [/home/infoetu/baptiste.lavogiez.etu/BUT2/Semestre2/Webdev/tomcat/webapps/TP03-Partie2] has finished in [142] ms
10-Feb-2026 16:54:07.365 INFO [main] org.apache.catalina.startup.HostConfig.deployDirectory Deploying web application directory [/home/infoetu/baptiste.lavogiez.etu/BUT2/Semestre2/Webdev/tomcat/webapps/manager]
10-Feb-2026 16:54:07.498 INFO [main] org.apache.jasper.servlet.TldScanner.scanJars At least one JAR was scanned for TLDs yet contained no TLDs. Enable debug logging for this logger for a complete list of JARs that were scanned but no TLDs were found in them. Skipping unneeded JARs during scanning can improve startup time and JSP compilation time.
10-Feb-2026 16:54:07.500 INFO [main] org.apache.catalina.startup.HostConfig.deployDirectory Deployment of web application directory [/home/infoetu/baptiste.lavogiez.etu/BUT2/Semestre2/Webdev/tomcat/webapps/manager] has finished in [135] ms
10-Feb-2026 16:54:07.500 INFO [main] org.apache.catalina.startup.HostConfig.deployDirectory Deploying web application directory [/home/infoetu/baptiste.lavogiez.etu/BUT2/Semestre2/Webdev/tomcat/webapps/TP02]
10-Feb-2026 16:54:07.621 INFO [main] org.apache.jasper.servlet.TldScanner.scanJars At least one JAR was scanned for TLDs yet contained no TLDs. Enable debug logging for this logger for a complete list of JARs that were scanned but no TLDs were found in them. Skipping unneeded JARs during scanning can improve startup time and JSP compilation time.
10-Feb-2026 16:54:07.622 INFO [main] org.apache.catalina.startup.HostConfig.deployDirectory Deployment of web application directory [/home/infoetu/baptiste.lavogiez.etu/BUT2/Semestre2/Webdev/tomcat/webapps/TP02] has finished in [121] ms
10-Feb-2026 16:54:07.622 INFO [main] org.apache.catalina.startup.HostConfig.deployDirectory Deploying web application directory [/home/infoetu/baptiste.lavogiez.etu/BUT2/Semestre2/Webdev/tomcat/webapps/ctp1]
10-Feb-2026 16:54:07.748 INFO [main] org.apache.jasper.servlet.TldScanner.scanJars At least one JAR was scanned for TLDs yet contained no TLDs. Enable debug logging for this logger for a complete list of JARs that were scanned but no TLDs were found in them. Skipping unneeded JARs during scanning can improve startup time and JSP compilation time.
10-Feb-2026 16:54:07.749 INFO [main] org.apache.catalina.startup.HostConfig.deployDirectory Deployment of web application directory [/home/infoetu/baptiste.lavogiez.etu/BUT2/Semestre2/Webdev/tomcat/webapps/ctp1] has finished in [127] ms
10-Feb-2026 16:54:07.749 INFO [main] org.apache.catalina.startup.HostConfig.deployDirectory Deploying web application directory [/home/infoetu/baptiste.lavogiez.etu/BUT2/Semestre2/Webdev/tomcat/webapps/TP03]
10-Feb-2026 16:54:07.872 INFO [main] org.apache.jasper.servlet.TldScanner.scanJars At least one JAR was scanned for TLDs yet contained no TLDs. Enable debug logging for this logger for a complete list of JARs that were scanned but no TLDs were found in them. Skipping unneeded JARs during scanning can improve startup time and JSP compilation time.
10-Feb-2026 16:54:07.873 INFO [main] org.apache.catalina.startup.HostConfig.deployDirectory Deployment of web application directory [/home/infoetu/baptiste.lavogiez.etu/BUT2/Semestre2/Webdev/tomcat/webapps/TP03] has finished in [124] ms
10-Feb-2026 16:54:07.873 INFO [main] org.apache.catalina.startup.HostConfig.deployDirectory Deploying web application directory [/home/infoetu/baptiste.lavogiez.etu/BUT2/Semestre2/Webdev/tomcat/webapps/TP01]
10-Feb-2026 16:54:07.991 INFO [main] org.apache.jasper.servlet.TldScanner.scanJars At least one JAR was scanned for TLDs yet contained no TLDs. Enable debug logging for this logger for a complete list of JARs that were scanned but no TLDs were found in them. Skipping unneeded JARs during scanning can improve startup time and JSP compilation time.
10-Feb-2026 16:54:07.992 INFO [main] org.apache.catalina.startup.HostConfig.deployDirectory Deployment of web application directory [/home/infoetu/baptiste.lavogiez.etu/BUT2/Semestre2/Webdev/tomcat/webapps/TP01] has finished in [119] ms
10-Feb-2026 16:54:07.992 INFO [main] org.apache.catalina.startup.HostConfig.deployDirectory Deploying web application directory [/home/infoetu/baptiste.lavogiez.etu/BUT2/Semestre2/Webdev/tomcat/webapps/host-manager]
10-Feb-2026 16:54:08.102 INFO [main] org.apache.jasper.servlet.TldScanner.scanJars At least one JAR was scanned for TLDs yet contained no TLDs. Enable debug logging for this logger for a complete list of JARs that were scanned but no TLDs were found in them. Skipping unneeded JARs during scanning can improve startup time and JSP compilation time.
10-Feb-2026 16:54:08.104 INFO [main] org.apache.catalina.startup.HostConfig.deployDirectory Deployment of web application directory [/home/infoetu/baptiste.lavogiez.etu/BUT2/Semestre2/Webdev/tomcat/webapps/host-manager] has finished in [111] ms
10-Feb-2026 16:54:08.104 INFO [main] org.apache.catalina.startup.HostConfig.deployDirectory Deploying web application directory [/home/infoetu/baptiste.lavogiez.etu/BUT2/Semestre2/Webdev/tomcat/webapps/tp_chess]
10-Feb-2026 16:54:08.227 INFO [main] org.apache.jasper.servlet.TldScanner.scanJars At least one JAR was scanned for TLDs yet contained no TLDs. Enable debug logging for this logger for a complete list of JARs that were scanned but no TLDs were found in them. Skipping unneeded JARs during scanning can improve startup time and JSP compilation time.
10-Feb-2026 16:54:08.228 INFO [main] org.apache.catalina.startup.HostConfig.deployDirectory Deployment of web application directory [/home/infoetu/baptiste.lavogiez.etu/BUT2/Semestre2/Webdev/tomcat/webapps/tp_chess] has finished in [124] ms
10-Feb-2026 16:54:08.228 INFO [main] org.apache.catalina.startup.HostConfig.deployDirectory Deploying web application directory [/home/infoetu/baptiste.lavogiez.etu/BUT2/Semestre2/Webdev/tomcat/webapps/template]
10-Feb-2026 16:54:08.347 INFO [main] org.apache.jasper.servlet.TldScanner.scanJars At least one JAR was scanned for TLDs yet contained no TLDs. Enable debug logging for this logger for a complete list of JARs that were scanned but no TLDs were found in them. Skipping unneeded JARs during scanning can improve startup time and JSP compilation time.
10-Feb-2026 16:54:08.348 INFO [main] org.apache.catalina.startup.HostConfig.deployDirectory Deployment of web application directory [/home/infoetu/baptiste.lavogiez.etu/BUT2/Semestre2/Webdev/tomcat/webapps/template] has finished in [120] ms
10-Feb-2026 16:54:08.348 INFO [main] org.apache.catalina.startup.HostConfig.deployDirectory Deploying web application directory [/home/infoetu/baptiste.lavogiez.etu/BUT2/Semestre2/Webdev/tomcat/webapps/examples]
10-Feb-2026 16:54:08.622 INFO [main] org.apache.jasper.servlet.TldScanner.scanJars At least one JAR was scanned for TLDs yet contained no TLDs. Enable debug logging for this logger for a complete list of JARs that were scanned but no TLDs were found in them. Skipping unneeded JARs during scanning can improve startup time and JSP compilation time.
10-Feb-2026 16:54:08.729 INFO [main] org.apache.catalina.startup.HostConfig.deployDirectory Deployment of web application directory [/home/infoetu/baptiste.lavogiez.etu/BUT2/Semestre2/Webdev/tomcat/webapps/examples] has finished in [381] ms
10-Feb-2026 16:54:08.729 INFO [main] org.apache.catalina.startup.HostConfig.deployDirectory Deploying web application directory [/home/infoetu/baptiste.lavogiez.etu/BUT2/Semestre2/Webdev/tomcat/webapps/ctp]
10-Feb-2026 16:54:08.944 INFO [main] org.apache.jasper.servlet.TldScanner.scanJars At least one JAR was scanned for TLDs yet contained no TLDs. Enable debug logging for this logger for a complete list of JARs that were scanned but no TLDs were found in them. Skipping unneeded JARs during scanning can improve startup time and JSP compilation time.
10-Feb-2026 16:54:08.945 INFO [main] org.apache.catalina.startup.HostConfig.deployDirectory Deployment of web application directory [/home/infoetu/baptiste.lavogiez.etu/BUT2/Semestre2/Webdev/tomcat/webapps/ctp] has finished in [216] ms
10-Feb-2026 16:54:08.946 INFO [main] org.apache.coyote.AbstractProtocol.start Starting ProtocolHandler ["http-nio-8080"]
10-Feb-2026 16:54:08.951 INFO [main] org.apache.catalina.startup.Catalina.start Server startup in [2772] milliseconds
10-Feb-2026 17:08:20.609 INFO [Catalina-utility-1] org.apache.catalina.startup.HostConfig.undeploy Undeploying context [/ctp]
10-Feb-2026 17:08:20.617 WARNING [Catalina-utility-1] org.apache.catalina.loader.WebappClassLoaderBase.clearReferencesJdbc The web application [ctp] registered the JDBC driver [org.h2.Driver] but failed to unregister it when the web application was stopped. To prevent a memory leak, the JDBC Driver has been forcibly unregistered.
10-Feb-2026 17:10:12.502 INFO [Thread-1] org.apache.coyote.AbstractProtocol.pause Pausing ProtocolHandler ["http-nio-8080"]
10-Feb-2026 17:10:12.504 INFO [Thread-1] org.apache.catalina.core.StandardService.stopInternal Stopping service [Catalina]
10-Feb-2026 17:10:12.520 WARNING [Thread-1] org.apache.catalina.loader.WebappClassLoaderBase.clearReferencesJdbc The web application [ctp2] registered the JDBC driver [org.h2.Driver] but failed to unregister it when the web application was stopped. To prevent a memory leak, the JDBC Driver has been forcibly unregistered.
10-Feb-2026 17:10:12.547 INFO [Thread-1] org.apache.coyote.AbstractProtocol.stop Stopping ProtocolHandler ["http-nio-8080"]
10-Feb-2026 17:10:12.557 INFO [Thread-1] org.apache.coyote.AbstractProtocol.destroy Destroying ProtocolHandler ["http-nio-8080"]
10-Feb-2026 17:10:13.518 INFO [main] org.apache.catalina.startup.VersionLoggerListener.log Server version name:   Apache Tomcat/11.0.13
10-Feb-2026 17:10:13.519 INFO [main] org.apache.catalina.startup.VersionLoggerListener.log Server built:          Oct 10 2025 13:57:31 UTC
10-Feb-2026 17:10:13.520 INFO [main] org.apache.catalina.startup.VersionLoggerListener.log Server version number: 11.0.13.0
10-Feb-2026 17:10:13.520 INFO [main] org.apache.catalina.startup.VersionLoggerListener.log OS Name:               Linux
10-Feb-2026 17:10:13.520 INFO [main] org.apache.catalina.startup.VersionLoggerListener.log OS Version:            6.1.0-40-amd64
10-Feb-2026 17:10:13.520 INFO [main] org.apache.catalina.startup.VersionLoggerListener.log Architecture:          amd64
10-Feb-2026 17:10:13.520 INFO [main] org.apache.catalina.startup.VersionLoggerListener.log Java Home:             /usr/lib/jvm/java-17-openjdk-amd64
10-Feb-2026 17:10:13.520 INFO [main] org.apache.catalina.startup.VersionLoggerListener.log JVM Version:           17.0.18+8-Debian-1deb12u1
10-Feb-2026 17:10:13.520 INFO [main] org.apache.catalina.startup.VersionLoggerListener.log JVM Vendor:            Debian
10-Feb-2026 17:10:13.520 INFO [main] org.apache.catalina.startup.VersionLoggerListener.log CATALINA_BASE:         /home/infoetu/baptiste.lavogiez.etu/BUT2/Semestre2/Webdev/tomcat
10-Feb-2026 17:10:13.520 INFO [main] org.apache.catalina.startup.VersionLoggerListener.log CATALINA_HOME:         /home/infoetu/baptiste.lavogiez.etu/BUT2/Semestre2/Webdev/tomcat
10-Feb-2026 17:10:13.523 INFO [main] org.apache.catalina.startup.VersionLoggerListener.log Command line argument: -Djava.util.logging.config.file=/home/infoetu/baptiste.lavogiez.etu/BUT2/Semestre2/Webdev/tomcat/conf/logging.properties
10-Feb-2026 17:10:13.524 INFO [main] org.apache.catalina.startup.VersionLoggerListener.log Command line argument: -Djava.util.logging.manager=org.apache.juli.ClassLoaderLogManager
10-Feb-2026 17:10:13.524 INFO [main] org.apache.catalina.startup.VersionLoggerListener.log Command line argument: -Djdk.tls.ephemeralDHKeySize=2048
10-Feb-2026 17:10:13.524 INFO [main] org.apache.catalina.startup.VersionLoggerListener.log Command line argument: -Dorg.apache.catalina.security.SecurityListener.UMASK=0027
10-Feb-2026 17:10:13.524 INFO [main] org.apache.catalina.startup.VersionLoggerListener.log Command line argument: --add-opens=java.base/java.lang=ALL-UNNAMED
10-Feb-2026 17:10:13.524 INFO [main] org.apache.catalina.startup.VersionLoggerListener.log Command line argument: --add-opens=java.base/java.lang.reflect=ALL-UNNAMED
10-Feb-2026 17:10:13.524 INFO [main] org.apache.catalina.startup.VersionLoggerListener.log Command line argument: --add-opens=java.base/java.io=ALL-UNNAMED
10-Feb-2026 17:10:13.524 INFO [main] org.apache.catalina.startup.VersionLoggerListener.log Command line argument: --add-opens=java.base/java.util=ALL-UNNAMED
10-Feb-2026 17:10:13.524 INFO [main] org.apache.catalina.startup.VersionLoggerListener.log Command line argument: --add-opens=java.base/java.util.concurrent=ALL-UNNAMED
10-Feb-2026 17:10:13.524 INFO [main] org.apache.catalina.startup.VersionLoggerListener.log Command line argument: --add-opens=java.rmi/sun.rmi.transport=ALL-UNNAMED
10-Feb-2026 17:10:13.524 INFO [main] org.apache.catalina.startup.VersionLoggerListener.log Command line argument: --enable-native-access=ALL-UNNAMED
10-Feb-2026 17:10:13.524 INFO [main] org.apache.catalina.startup.VersionLoggerListener.log Command line argument: -Dcatalina.base=/home/infoetu/baptiste.lavogiez.etu/BUT2/Semestre2/Webdev/tomcat
10-Feb-2026 17:10:13.524 INFO [main] org.apache.catalina.startup.VersionLoggerListener.log Command line argument: -Dcatalina.home=/home/infoetu/baptiste.lavogiez.etu/BUT2/Semestre2/Webdev/tomcat
10-Feb-2026 17:10:13.524 INFO [main] org.apache.catalina.startup.VersionLoggerListener.log Command line argument: -Djava.io.tmpdir=/home/infoetu/baptiste.lavogiez.etu/BUT2/Semestre2/Webdev/tomcat/temp
10-Feb-2026 17:10:13.525 INFO [main] org.apache.catalina.core.AprLifecycleListener.lifecycleEvent The Apache Tomcat Native library which allows using OpenSSL was not found on the java.library.path: [/usr/java/packages/lib:/usr/lib/x86_64-linux-gnu/jni:/lib/x86_64-linux-gnu:/usr/lib/x86_64-linux-gnu:/usr/lib/jni:/lib:/usr/lib]
10-Feb-2026 17:10:13.620 INFO [main] org.apache.coyote.AbstractProtocol.init Initializing ProtocolHandler ["http-nio-8080"]
10-Feb-2026 17:10:13.628 INFO [main] org.apache.catalina.startup.Catalina.load Server initialization in [177] milliseconds
10-Feb-2026 17:10:13.645 INFO [main] org.apache.catalina.core.StandardService.startInternal Starting service [Catalina]
10-Feb-2026 17:10:13.645 INFO [main] org.apache.catalina.core.StandardEngine.startInternal Starting Servlet engine: [Apache Tomcat/11.0.13]
10-Feb-2026 17:10:13.649 INFO [main] org.apache.catalina.startup.HostConfig.deployDirectory Deploying web application directory [/home/infoetu/baptiste.lavogiez.etu/BUT2/Semestre2/Webdev/tomcat/webapps/ctp2]
10-Feb-2026 17:10:13.975 INFO [main] org.apache.jasper.servlet.TldScanner.scanJars At least one JAR was scanned for TLDs yet contained no TLDs. Enable debug logging for this logger for a complete list of JARs that were scanned but no TLDs were found in them. Skipping unneeded JARs during scanning can improve startup time and JSP compilation time.
10-Feb-2026 17:10:13.992 INFO [main] org.apache.catalina.startup.HostConfig.deployDirectory Deployment of web application directory [/home/infoetu/baptiste.lavogiez.etu/BUT2/Semestre2/Webdev/tomcat/webapps/ctp2] has finished in [343] ms
10-Feb-2026 17:10:13.993 INFO [main] org.apache.catalina.startup.HostConfig.deployDirectory Deploying web application directory [/home/infoetu/baptiste.lavogiez.etu/BUT2/Semestre2/Webdev/tomcat/webapps/ctp-sample]
10-Feb-2026 17:10:14.138 INFO [main] org.apache.jasper.servlet.TldScanner.scanJars At least one JAR was scanned for TLDs yet contained no TLDs. Enable debug logging for this logger for a complete list of JARs that were scanned but no TLDs were found in them. Skipping unneeded JARs during scanning can improve startup time and JSP compilation time.
10-Feb-2026 17:10:14.139 INFO [main] org.apache.catalina.startup.HostConfig.deployDirectory Deployment of web application directory [/home/infoetu/baptiste.lavogiez.etu/BUT2/Semestre2/Webdev/tomcat/webapps/ctp-sample] has finished in [146] ms
10-Feb-2026 17:10:14.139 INFO [main] org.apache.catalina.startup.HostConfig.deployDirectory Deploying web application directory [/home/infoetu/baptiste.lavogiez.etu/BUT2/Semestre2/Webdev/tomcat/webapps/__MACOSX]
10-Feb-2026 17:10:14.270 INFO [main] org.apache.jasper.servlet.TldScanner.scanJars At least one JAR was scanned for TLDs yet contained no TLDs. Enable debug logging for this logger for a complete list of JARs that were scanned but no TLDs were found in them. Skipping unneeded JARs during scanning can improve startup time and JSP compilation time.
10-Feb-2026 17:10:14.272 INFO [main] org.apache.catalina.startup.HostConfig.deployDirectory Deployment of web application directory [/home/infoetu/baptiste.lavogiez.etu/BUT2/Semestre2/Webdev/tomcat/webapps/__MACOSX] has finished in [133] ms
10-Feb-2026 17:10:14.272 INFO [main] org.apache.catalina.startup.HostConfig.deployDirectory Deploying web application directory [/home/infoetu/baptiste.lavogiez.etu/BUT2/Semestre2/Webdev/tomcat/webapps/ROOT]
10-Feb-2026 17:10:14.400 INFO [main] org.apache.jasper.servlet.TldScanner.scanJars At least one JAR was scanned for TLDs yet contained no TLDs. Enable debug logging for this logger for a complete list of JARs that were scanned but no TLDs were found in them. Skipping unneeded JARs during scanning can improve startup time and JSP compilation time.
10-Feb-2026 17:10:14.401 INFO [main] org.apache.catalina.startup.HostConfig.deployDirectory Deployment of web application directory [/home/infoetu/baptiste.lavogiez.etu/BUT2/Semestre2/Webdev/tomcat/webapps/ROOT] has finished in [129] ms
10-Feb-2026 17:10:14.401 INFO [main] org.apache.catalina.startup.HostConfig.deployDirectory Deploying web application directory [/home/infoetu/baptiste.lavogiez.etu/BUT2/Semestre2/Webdev/tomcat/webapps/TP04]
10-Feb-2026 17:10:14.541 INFO [main] org.apache.jasper.servlet.TldScanner.scanJars At least one JAR was scanned for TLDs yet contained no TLDs. Enable debug logging for this logger for a complete list of JARs that were scanned but no TLDs were found in them. Skipping unneeded JARs during scanning can improve startup time and JSP compilation time.
10-Feb-2026 17:10:14.542 INFO [main] org.apache.catalina.startup.HostConfig.deployDirectory Deployment of web application directory [/home/infoetu/baptiste.lavogiez.etu/BUT2/Semestre2/Webdev/tomcat/webapps/TP04] has finished in [140] ms
10-Feb-2026 17:10:14.542 INFO [main] org.apache.catalina.startup.HostConfig.deployDirectory Deploying web application directory [/home/infoetu/baptiste.lavogiez.etu/BUT2/Semestre2/Webdev/tomcat/webapps/docs]
10-Feb-2026 17:10:14.657 INFO [main] org.apache.jasper.servlet.TldScanner.scanJars At least one JAR was scanned for TLDs yet contained no TLDs. Enable debug logging for this logger for a complete list of JARs that were scanned but no TLDs were found in them. Skipping unneeded JARs during scanning can improve startup time and JSP compilation time.
10-Feb-2026 17:10:14.657 INFO [main] org.apache.catalina.startup.HostConfig.deployDirectory Deployment of web application directory [/home/infoetu/baptiste.lavogiez.etu/BUT2/Semestre2/Webdev/tomcat/webapps/docs] has finished in [115] ms
10-Feb-2026 17:10:14.658 INFO [main] org.apache.catalina.startup.HostConfig.deployDirectory Deploying web application directory [/home/infoetu/baptiste.lavogiez.etu/BUT2/Semestre2/Webdev/tomcat/webapps/TP03-Partie2]
10-Feb-2026 17:10:14.784 INFO [main] org.apache.jasper.servlet.TldScanner.scanJars At least one JAR was scanned for TLDs yet contained no TLDs. Enable debug logging for this logger for a complete list of JARs that were scanned but no TLDs were found in them. Skipping unneeded JARs during scanning can improve startup time and JSP compilation time.
10-Feb-2026 17:10:14.785 INFO [main] org.apache.catalina.startup.HostConfig.deployDirectory Deployment of web application directory [/home/infoetu/baptiste.lavogiez.etu/BUT2/Semestre2/Webdev/tomcat/webapps/TP03-Partie2] has finished in [127] ms
10-Feb-2026 17:10:14.785 INFO [main] org.apache.catalina.startup.HostConfig.deployDirectory Deploying web application directory [/home/infoetu/baptiste.lavogiez.etu/BUT2/Semestre2/Webdev/tomcat/webapps/manager]
10-Feb-2026 17:10:14.903 INFO [main] org.apache.jasper.servlet.TldScanner.scanJars At least one JAR was scanned for TLDs yet contained no TLDs. Enable debug logging for this logger for a complete list of JARs that were scanned but no TLDs were found in them. Skipping unneeded JARs during scanning can improve startup time and JSP compilation time.
10-Feb-2026 17:10:14.906 INFO [main] org.apache.catalina.startup.HostConfig.deployDirectory Deployment of web application directory [/home/infoetu/baptiste.lavogiez.etu/BUT2/Semestre2/Webdev/tomcat/webapps/manager] has finished in [120] ms
10-Feb-2026 17:10:14.906 INFO [main] org.apache.catalina.startup.HostConfig.deployDirectory Deploying web application directory [/home/infoetu/baptiste.lavogiez.etu/BUT2/Semestre2/Webdev/tomcat/webapps/TP02]
10-Feb-2026 17:10:15.030 INFO [main] org.apache.jasper.servlet.TldScanner.scanJars At least one JAR was scanned for TLDs yet contained no TLDs. Enable debug logging for this logger for a complete list of JARs that were scanned but no TLDs were found in them. Skipping unneeded JARs during scanning can improve startup time and JSP compilation time.
10-Feb-2026 17:10:15.031 INFO [main] org.apache.catalina.startup.HostConfig.deployDirectory Deployment of web application directory [/home/infoetu/baptiste.lavogiez.etu/BUT2/Semestre2/Webdev/tomcat/webapps/TP02] has finished in [125] ms
10-Feb-2026 17:10:15.031 INFO [main] org.apache.catalina.startup.HostConfig.deployDirectory Deploying web application directory [/home/infoetu/baptiste.lavogiez.etu/BUT2/Semestre2/Webdev/tomcat/webapps/ctp1]
10-Feb-2026 17:10:15.162 INFO [main] org.apache.jasper.servlet.TldScanner.scanJars At least one JAR was scanned for TLDs yet contained no TLDs. Enable debug logging for this logger for a complete list of JARs that were scanned but no TLDs were found in them. Skipping unneeded JARs during scanning can improve startup time and JSP compilation time.
10-Feb-2026 17:10:15.163 INFO [main] org.apache.catalina.startup.HostConfig.deployDirectory Deployment of web application directory [/home/infoetu/baptiste.lavogiez.etu/BUT2/Semestre2/Webdev/tomcat/webapps/ctp1] has finished in [132] ms
10-Feb-2026 17:10:15.163 INFO [main] org.apache.catalina.startup.HostConfig.deployDirectory Deploying web application directory [/home/infoetu/baptiste.lavogiez.etu/BUT2/Semestre2/Webdev/tomcat/webapps/TP03]
10-Feb-2026 17:10:15.284 INFO [main] org.apache.jasper.servlet.TldScanner.scanJars At least one JAR was scanned for TLDs yet contained no TLDs. Enable debug logging for this logger for a complete list of JARs that were scanned but no TLDs were found in them. Skipping unneeded JARs during scanning can improve startup time and JSP compilation time.
10-Feb-2026 17:10:15.285 INFO [main] org.apache.catalina.startup.HostConfig.deployDirectory Deployment of web application directory [/home/infoetu/baptiste.lavogiez.etu/BUT2/Semestre2/Webdev/tomcat/webapps/TP03] has finished in [122] ms
10-Feb-2026 17:10:15.286 INFO [main] org.apache.catalina.startup.HostConfig.deployDirectory Deploying web application directory [/home/infoetu/baptiste.lavogiez.etu/BUT2/Semestre2/Webdev/tomcat/webapps/TP01]
10-Feb-2026 17:10:15.405 INFO [main] org.apache.jasper.servlet.TldScanner.scanJars At least one JAR was scanned for TLDs yet contained no TLDs. Enable debug logging for this logger for a complete list of JARs that were scanned but no TLDs were found in them. Skipping unneeded JARs during scanning can improve startup time and JSP compilation time.
10-Feb-2026 17:10:15.406 INFO [main] org.apache.catalina.startup.HostConfig.deployDirectory Deployment of web application directory [/home/infoetu/baptiste.lavogiez.etu/BUT2/Semestre2/Webdev/tomcat/webapps/TP01] has finished in [120] ms
10-Feb-2026 17:10:15.406 INFO [main] org.apache.catalina.startup.HostConfig.deployDirectory Deploying web application directory [/home/infoetu/baptiste.lavogiez.etu/BUT2/Semestre2/Webdev/tomcat/webapps/host-manager]
10-Feb-2026 17:10:15.519 INFO [main] org.apache.jasper.servlet.TldScanner.scanJars At least one JAR was scanned for TLDs yet contained no TLDs. Enable debug logging for this logger for a complete list of JARs that were scanned but no TLDs were found in them. Skipping unneeded JARs during scanning can improve startup time and JSP compilation time.
10-Feb-2026 17:10:15.520 INFO [main] org.apache.catalina.startup.HostConfig.deployDirectory Deployment of web application directory [/home/infoetu/baptiste.lavogiez.etu/BUT2/Semestre2/Webdev/tomcat/webapps/host-manager] has finished in [114] ms
10-Feb-2026 17:10:15.520 INFO [main] org.apache.catalina.startup.HostConfig.deployDirectory Deploying web application directory [/home/infoetu/baptiste.lavogiez.etu/BUT2/Semestre2/Webdev/tomcat/webapps/tp_chess]
10-Feb-2026 17:10:15.643 INFO [main] org.apache.jasper.servlet.TldScanner.scanJars At least one JAR was scanned for TLDs yet contained no TLDs. Enable debug logging for this logger for a complete list of JARs that were scanned but no TLDs were found in them. Skipping unneeded JARs during scanning can improve startup time and JSP compilation time.
10-Feb-2026 17:10:15.644 INFO [main] org.apache.catalina.startup.HostConfig.deployDirectory Deployment of web application directory [/home/infoetu/baptiste.lavogiez.etu/BUT2/Semestre2/Webdev/tomcat/webapps/tp_chess] has finished in [124] ms
10-Feb-2026 17:10:15.644 INFO [main] org.apache.catalina.startup.HostConfig.deployDirectory Deploying web application directory [/home/infoetu/baptiste.lavogiez.etu/BUT2/Semestre2/Webdev/tomcat/webapps/template]
10-Feb-2026 17:10:15.777 INFO [main] org.apache.jasper.servlet.TldScanner.scanJars At least one JAR was scanned for TLDs yet contained no TLDs. Enable debug logging for this logger for a complete list of JARs that were scanned but no TLDs were found in them. Skipping unneeded JARs during scanning can improve startup time and JSP compilation time.
10-Feb-2026 17:10:15.778 INFO [main] org.apache.catalina.startup.HostConfig.deployDirectory Deployment of web application directory [/home/infoetu/baptiste.lavogiez.etu/BUT2/Semestre2/Webdev/tomcat/webapps/template] has finished in [133] ms
10-Feb-2026 17:10:15.778 INFO [main] org.apache.catalina.startup.HostConfig.deployDirectory Deploying web application directory [/home/infoetu/baptiste.lavogiez.etu/BUT2/Semestre2/Webdev/tomcat/webapps/examples]
10-Feb-2026 17:10:16.050 INFO [main] org.apache.jasper.servlet.TldScanner.scanJars At least one JAR was scanned for TLDs yet contained no TLDs. Enable debug logging for this logger for a complete list of JARs that were scanned but no TLDs were found in them. Skipping unneeded JARs during scanning can improve startup time and JSP compilation time.
10-Feb-2026 17:10:16.066 INFO [main] org.apache.catalina.startup.HostConfig.deployDirectory Deployment of web application directory [/home/infoetu/baptiste.lavogiez.etu/BUT2/Semestre2/Webdev/tomcat/webapps/examples] has finished in [288] ms
10-Feb-2026 17:10:16.068 INFO [main] org.apache.coyote.AbstractProtocol.start Starting ProtocolHandler ["http-nio-8080"]
10-Feb-2026 17:10:16.073 INFO [main] org.apache.catalina.startup.Catalina.start Server startup in [2444] milliseconds
10-Feb-2026 17:13:23.714 INFO [Thread-1] org.apache.coyote.AbstractProtocol.pause Pausing ProtocolHandler ["http-nio-8080"]
10-Feb-2026 17:13:23.717 INFO [Thread-1] org.apache.catalina.core.StandardService.stopInternal Stopping service [Catalina]
10-Feb-2026 17:13:23.757 INFO [Thread-1] org.apache.coyote.AbstractProtocol.stop Stopping ProtocolHandler ["http-nio-8080"]
10-Feb-2026 17:13:23.761 INFO [Thread-1] org.apache.coyote.AbstractProtocol.destroy Destroying ProtocolHandler ["http-nio-8080"]
