15-Dec-2025 13:03:55.741 INFO [main] org.apache.catalina.startup.VersionLoggerListener.log Server version name:   Apache Tomcat/11.0.13
15-Dec-2025 13:03:55.744 INFO [main] org.apache.catalina.startup.VersionLoggerListener.log Server built:          Oct 10 2025 13:57:31 UTC
15-Dec-2025 13:03:55.744 INFO [main] org.apache.catalina.startup.VersionLoggerListener.log Server version number: 11.0.13.0
15-Dec-2025 13:03:55.744 INFO [main] org.apache.catalina.startup.VersionLoggerListener.log OS Name:               Linux
15-Dec-2025 13:03:55.744 INFO [main] org.apache.catalina.startup.VersionLoggerListener.log OS Version:            6.1.0-40-amd64
15-Dec-2025 13:03:55.744 INFO [main] org.apache.catalina.startup.VersionLoggerListener.log Architecture:          amd64
15-Dec-2025 13:03:55.744 INFO [main] org.apache.catalina.startup.VersionLoggerListener.log Java Home:             /usr/lib/jvm/java-17-openjdk-amd64
15-Dec-2025 13:03:55.744 INFO [main] org.apache.catalina.startup.VersionLoggerListener.log JVM Version:           17.0.17+10-Debian-1deb12u1
15-Dec-2025 13:03:55.744 INFO [main] org.apache.catalina.startup.VersionLoggerListener.log JVM Vendor:            Debian
15-Dec-2025 13:03:55.744 INFO [main] org.apache.catalina.startup.VersionLoggerListener.log CATALINA_BASE:         /home/infoetu/baptiste.lavogiez.etu/ctp-web/tomcat
15-Dec-2025 13:03:55.744 INFO [main] org.apache.catalina.startup.VersionLoggerListener.log CATALINA_HOME:         /home/infoetu/baptiste.lavogiez.etu/ctp-web/tomcat
15-Dec-2025 13:03:55.753 INFO [main] org.apache.catalina.startup.VersionLoggerListener.log Command line argument: -Djava.util.logging.config.file=/home/infoetu/baptiste.lavogiez.etu/ctp-web/tomcat/conf/logging.properties
15-Dec-2025 13:03:55.753 INFO [main] org.apache.catalina.startup.VersionLoggerListener.log Command line argument: -Djava.util.logging.manager=org.apache.juli.ClassLoaderLogManager
15-Dec-2025 13:03:55.753 INFO [main] org.apache.catalina.startup.VersionLoggerListener.log Command line argument: -Djdk.tls.ephemeralDHKeySize=2048
15-Dec-2025 13:03:55.753 INFO [main] org.apache.catalina.startup.VersionLoggerListener.log Command line argument: -Dorg.apache.catalina.security.SecurityListener.UMASK=0027
15-Dec-2025 13:03:55.753 INFO [main] org.apache.catalina.startup.VersionLoggerListener.log Command line argument: --add-opens=java.base/java.lang=ALL-UNNAMED
15-Dec-2025 13:03:55.753 INFO [main] org.apache.catalina.startup.VersionLoggerListener.log Command line argument: --add-opens=java.base/java.lang.reflect=ALL-UNNAMED
15-Dec-2025 13:03:55.753 INFO [main] org.apache.catalina.startup.VersionLoggerListener.log Command line argument: --add-opens=java.base/java.io=ALL-UNNAMED
15-Dec-2025 13:03:55.753 INFO [main] org.apache.catalina.startup.VersionLoggerListener.log Command line argument: --add-opens=java.base/java.util=ALL-UNNAMED
15-Dec-2025 13:03:55.753 INFO [main] org.apache.catalina.startup.VersionLoggerListener.log Command line argument: --add-opens=java.base/java.util.concurrent=ALL-UNNAMED
15-Dec-2025 13:03:55.754 INFO [main] org.apache.catalina.startup.VersionLoggerListener.log Command line argument: --add-opens=java.rmi/sun.rmi.transport=ALL-UNNAMED
15-Dec-2025 13:03:55.754 INFO [main] org.apache.catalina.startup.VersionLoggerListener.log Command line argument: --enable-native-access=ALL-UNNAMED
15-Dec-2025 13:03:55.754 INFO [main] org.apache.catalina.startup.VersionLoggerListener.log Command line argument: -Dcatalina.base=/home/infoetu/baptiste.lavogiez.etu/ctp-web/tomcat
15-Dec-2025 13:03:55.754 INFO [main] org.apache.catalina.startup.VersionLoggerListener.log Command line argument: -Dcatalina.home=/home/infoetu/baptiste.lavogiez.etu/ctp-web/tomcat
15-Dec-2025 13:03:55.754 INFO [main] org.apache.catalina.startup.VersionLoggerListener.log Command line argument: -Djava.io.tmpdir=/home/infoetu/baptiste.lavogiez.etu/ctp-web/tomcat/temp
15-Dec-2025 13:03:55.755 INFO [main] org.apache.catalina.core.AprLifecycleListener.lifecycleEvent The Apache Tomcat Native library which allows using OpenSSL was not found on the java.library.path: [/usr/java/packages/lib:/usr/lib/x86_64-linux-gnu/jni:/lib/x86_64-linux-gnu:/usr/lib/x86_64-linux-gnu:/usr/lib/jni:/lib:/usr/lib]
15-Dec-2025 13:03:55.896 INFO [main] org.apache.coyote.AbstractProtocol.init Initializing ProtocolHandler ["http-nio-8080"]
15-Dec-2025 13:03:55.916 INFO [main] org.apache.catalina.startup.Catalina.load Server initialization in [302] milliseconds
15-Dec-2025 13:03:55.942 INFO [main] org.apache.catalina.core.StandardService.startInternal Starting service [Catalina]
15-Dec-2025 13:03:55.942 INFO [main] org.apache.catalina.core.StandardEngine.startInternal Starting Servlet engine: [Apache Tomcat/11.0.13]
15-Dec-2025 13:03:55.949 INFO [main] org.apache.catalina.startup.HostConfig.deployDirectory Deploying web application directory [/home/infoetu/baptiste.lavogiez.etu/ctp-web/tomcat/webapps/ROOT]
15-Dec-2025 13:03:56.202 INFO [main] org.apache.jasper.servlet.TldScanner.scanJars At least one JAR was scanned for TLDs yet contained no TLDs. Enable debug logging for this logger for a complete list of JARs that were scanned but no TLDs were found in them. Skipping unneeded JARs during scanning can improve startup time and JSP compilation time.
15-Dec-2025 13:03:56.225 INFO [main] org.apache.catalina.startup.HostConfig.deployDirectory Deployment of web application directory [/home/infoetu/baptiste.lavogiez.etu/ctp-web/tomcat/webapps/ROOT] has finished in [276] ms
15-Dec-2025 13:03:56.226 INFO [main] org.apache.catalina.startup.HostConfig.deployDirectory Deploying web application directory [/home/infoetu/baptiste.lavogiez.etu/ctp-web/tomcat/webapps/docs]
15-Dec-2025 13:03:56.279 INFO [main] org.apache.jasper.servlet.TldScanner.scanJars At least one JAR was scanned for TLDs yet contained no TLDs. Enable debug logging for this logger for a complete list of JARs that were scanned but no TLDs were found in them. Skipping unneeded JARs during scanning can improve startup time and JSP compilation time.
15-Dec-2025 13:03:56.280 INFO [main] org.apache.catalina.startup.HostConfig.deployDirectory Deployment of web application directory [/home/infoetu/baptiste.lavogiez.etu/ctp-web/tomcat/webapps/docs] has finished in [54] ms
15-Dec-2025 13:03:56.281 INFO [main] org.apache.catalina.startup.HostConfig.deployDirectory Deploying web application directory [/home/infoetu/baptiste.lavogiez.etu/ctp-web/tomcat/webapps/manager]
15-Dec-2025 13:03:56.333 INFO [main] org.apache.jasper.servlet.TldScanner.scanJars At least one JAR was scanned for TLDs yet contained no TLDs. Enable debug logging for this logger for a complete list of JARs that were scanned but no TLDs were found in them. Skipping unneeded JARs during scanning can improve startup time and JSP compilation time.
15-Dec-2025 13:03:56.336 INFO [main] org.apache.catalina.startup.HostConfig.deployDirectory Deployment of web application directory [/home/infoetu/baptiste.lavogiez.etu/ctp-web/tomcat/webapps/manager] has finished in [56] ms
15-Dec-2025 13:03:56.336 INFO [main] org.apache.catalina.startup.HostConfig.deployDirectory Deploying web application directory [/home/infoetu/baptiste.lavogiez.etu/ctp-web/tomcat/webapps/host-manager]
15-Dec-2025 13:03:56.384 INFO [main] org.apache.jasper.servlet.TldScanner.scanJars At least one JAR was scanned for TLDs yet contained no TLDs. Enable debug logging for this logger for a complete list of JARs that were scanned but no TLDs were found in them. Skipping unneeded JARs during scanning can improve startup time and JSP compilation time.
15-Dec-2025 13:03:56.386 INFO [main] org.apache.catalina.startup.HostConfig.deployDirectory Deployment of web application directory [/home/infoetu/baptiste.lavogiez.etu/ctp-web/tomcat/webapps/host-manager] has finished in [50] ms
15-Dec-2025 13:03:56.386 INFO [main] org.apache.catalina.startup.HostConfig.deployDirectory Deploying web application directory [/home/infoetu/baptiste.lavogiez.etu/ctp-web/tomcat/webapps/vide]
15-Dec-2025 13:03:56.443 INFO [main] org.apache.jasper.servlet.TldScanner.scanJars At least one JAR was scanned for TLDs yet contained no TLDs. Enable debug logging for this logger for a complete list of JARs that were scanned but no TLDs were found in them. Skipping unneeded JARs during scanning can improve startup time and JSP compilation time.
15-Dec-2025 13:03:56.445 INFO [main] org.apache.catalina.startup.HostConfig.deployDirectory Deployment of web application directory [/home/infoetu/baptiste.lavogiez.etu/ctp-web/tomcat/webapps/vide] has finished in [59] ms
15-Dec-2025 13:03:56.445 INFO [main] org.apache.catalina.startup.HostConfig.deployDirectory Deploying web application directory [/home/infoetu/baptiste.lavogiez.etu/ctp-web/tomcat/webapps/examples]
15-Dec-2025 13:03:56.629 INFO [main] org.apache.jasper.servlet.TldScanner.scanJars At least one JAR was scanned for TLDs yet contained no TLDs. Enable debug logging for this logger for a complete list of JARs that were scanned but no TLDs were found in them. Skipping unneeded JARs during scanning can improve startup time and JSP compilation time.
15-Dec-2025 13:03:56.642 INFO [main] org.apache.catalina.startup.HostConfig.deployDirectory Deployment of web application directory [/home/infoetu/baptiste.lavogiez.etu/ctp-web/tomcat/webapps/examples] has finished in [197] ms
15-Dec-2025 13:03:56.642 INFO [main] org.apache.catalina.startup.HostConfig.deployDirectory Deploying web application directory [/home/infoetu/baptiste.lavogiez.etu/ctp-web/tomcat/webapps/ctp]
15-Dec-2025 13:03:56.714 INFO [main] org.apache.jasper.servlet.TldScanner.scanJars At least one JAR was scanned for TLDs yet contained no TLDs. Enable debug logging for this logger for a complete list of JARs that were scanned but no TLDs were found in them. Skipping unneeded JARs during scanning can improve startup time and JSP compilation time.
15-Dec-2025 13:03:56.715 INFO [main] org.apache.catalina.startup.HostConfig.deployDirectory Deployment of web application directory [/home/infoetu/baptiste.lavogiez.etu/ctp-web/tomcat/webapps/ctp] has finished in [73] ms
15-Dec-2025 13:03:56.718 INFO [main] org.apache.coyote.AbstractProtocol.start Starting ProtocolHandler ["http-nio-8080"]
15-Dec-2025 13:03:56.729 INFO [main] org.apache.catalina.startup.Catalina.start Server startup in [812] milliseconds
15-Dec-2025 13:22:17.640 INFO [Catalina-utility-2] org.apache.catalina.core.StandardContext.reload Reloading Context with name [/ctp] has started
15-Dec-2025 13:22:17.724 INFO [Catalina-utility-2] org.apache.jasper.servlet.TldScanner.scanJars At least one JAR was scanned for TLDs yet contained no TLDs. Enable debug logging for this logger for a complete list of JARs that were scanned but no TLDs were found in them. Skipping unneeded JARs during scanning can improve startup time and JSP compilation time.
15-Dec-2025 13:22:17.725 INFO [Catalina-utility-2] org.apache.catalina.core.StandardContext.reload Reloading Context with name [/ctp] is completed
15-Dec-2025 13:22:37.741 INFO [Catalina-utility-2] org.apache.catalina.core.StandardContext.reload Reloading Context with name [/ctp] has started
15-Dec-2025 13:22:37.799 INFO [Catalina-utility-2] org.apache.jasper.servlet.TldScanner.scanJars At least one JAR was scanned for TLDs yet contained no TLDs. Enable debug logging for this logger for a complete list of JARs that were scanned but no TLDs were found in them. Skipping unneeded JARs during scanning can improve startup time and JSP compilation time.
15-Dec-2025 13:22:37.800 INFO [Catalina-utility-2] org.apache.catalina.core.StandardContext.reload Reloading Context with name [/ctp] is completed
15-Dec-2025 13:26:11.019 INFO [Thread-1] org.apache.coyote.AbstractProtocol.pause Pausing ProtocolHandler ["http-nio-8080"]
15-Dec-2025 13:26:11.021 INFO [Thread-1] org.apache.catalina.core.StandardService.stopInternal Stopping service [Catalina]
15-Dec-2025 13:26:11.034 INFO [Thread-1] org.apache.coyote.AbstractProtocol.stop Stopping ProtocolHandler ["http-nio-8080"]
15-Dec-2025 13:26:11.043 INFO [Thread-1] org.apache.coyote.AbstractProtocol.destroy Destroying ProtocolHandler ["http-nio-8080"]
15-Dec-2025 15:51:54.611 INFO [main] org.apache.catalina.startup.VersionLoggerListener.log Server version name:   Apache Tomcat/11.0.13
15-Dec-2025 15:51:54.613 INFO [main] org.apache.catalina.startup.VersionLoggerListener.log Server built:          Oct 10 2025 13:57:31 UTC
15-Dec-2025 15:51:54.613 INFO [main] org.apache.catalina.startup.VersionLoggerListener.log Server version number: 11.0.13.0
15-Dec-2025 15:51:54.613 INFO [main] org.apache.catalina.startup.VersionLoggerListener.log OS Name:               Linux
15-Dec-2025 15:51:54.613 INFO [main] org.apache.catalina.startup.VersionLoggerListener.log OS Version:            6.1.0-40-amd64
15-Dec-2025 15:51:54.613 INFO [main] org.apache.catalina.startup.VersionLoggerListener.log Architecture:          amd64
15-Dec-2025 15:51:54.613 INFO [main] org.apache.catalina.startup.VersionLoggerListener.log Java Home:             /usr/lib/jvm/java-17-openjdk-amd64
15-Dec-2025 15:51:54.614 INFO [main] org.apache.catalina.startup.VersionLoggerListener.log JVM Version:           17.0.17+10-Debian-1deb12u1
15-Dec-2025 15:51:54.614 INFO [main] org.apache.catalina.startup.VersionLoggerListener.log JVM Vendor:            Debian
15-Dec-2025 15:51:54.614 INFO [main] org.apache.catalina.startup.VersionLoggerListener.log CATALINA_BASE:         /home/infoetu/baptiste.lavogiez.etu/ctp-web/tomcat
15-Dec-2025 15:51:54.614 INFO [main] org.apache.catalina.startup.VersionLoggerListener.log CATALINA_HOME:         /home/infoetu/baptiste.lavogiez.etu/ctp-web/tomcat
15-Dec-2025 15:51:54.618 INFO [main] org.apache.catalina.startup.VersionLoggerListener.log Command line argument: -Djava.util.logging.config.file=/home/infoetu/baptiste.lavogiez.etu/ctp-web/tomcat/conf/logging.properties
15-Dec-2025 15:51:54.618 INFO [main] org.apache.catalina.startup.VersionLoggerListener.log Command line argument: -Djava.util.logging.manager=org.apache.juli.ClassLoaderLogManager
15-Dec-2025 15:51:54.618 INFO [main] org.apache.catalina.startup.VersionLoggerListener.log Command line argument: -Djdk.tls.ephemeralDHKeySize=2048
15-Dec-2025 15:51:54.618 INFO [main] org.apache.catalina.startup.VersionLoggerListener.log Command line argument: -Dorg.apache.catalina.security.SecurityListener.UMASK=0027
15-Dec-2025 15:51:54.618 INFO [main] org.apache.catalina.startup.VersionLoggerListener.log Command line argument: --add-opens=java.base/java.lang=ALL-UNNAMED
15-Dec-2025 15:51:54.618 INFO [main] org.apache.catalina.startup.VersionLoggerListener.log Command line argument: --add-opens=java.base/java.lang.reflect=ALL-UNNAMED
15-Dec-2025 15:51:54.618 INFO [main] org.apache.catalina.startup.VersionLoggerListener.log Command line argument: --add-opens=java.base/java.io=ALL-UNNAMED
15-Dec-2025 15:51:54.618 INFO [main] org.apache.catalina.startup.VersionLoggerListener.log Command line argument: --add-opens=java.base/java.util=ALL-UNNAMED
15-Dec-2025 15:51:54.618 INFO [main] org.apache.catalina.startup.VersionLoggerListener.log Command line argument: --add-opens=java.base/java.util.concurrent=ALL-UNNAMED
15-Dec-2025 15:51:54.618 INFO [main] org.apache.catalina.startup.VersionLoggerListener.log Command line argument: --add-opens=java.rmi/sun.rmi.transport=ALL-UNNAMED
15-Dec-2025 15:51:54.619 INFO [main] org.apache.catalina.startup.VersionLoggerListener.log Command line argument: --enable-native-access=ALL-UNNAMED
15-Dec-2025 15:51:54.619 INFO [main] org.apache.catalina.startup.VersionLoggerListener.log Command line argument: -Dcatalina.base=/home/infoetu/baptiste.lavogiez.etu/ctp-web/tomcat
15-Dec-2025 15:51:54.619 INFO [main] org.apache.catalina.startup.VersionLoggerListener.log Command line argument: -Dcatalina.home=/home/infoetu/baptiste.lavogiez.etu/ctp-web/tomcat
15-Dec-2025 15:51:54.619 INFO [main] org.apache.catalina.startup.VersionLoggerListener.log Command line argument: -Djava.io.tmpdir=/home/infoetu/baptiste.lavogiez.etu/ctp-web/tomcat/temp
15-Dec-2025 15:51:54.620 INFO [main] org.apache.catalina.core.AprLifecycleListener.lifecycleEvent The Apache Tomcat Native library which allows using OpenSSL was not found on the java.library.path: [/usr/java/packages/lib:/usr/lib/x86_64-linux-gnu/jni:/lib/x86_64-linux-gnu:/usr/lib/x86_64-linux-gnu:/usr/lib/jni:/lib:/usr/lib]
15-Dec-2025 15:51:54.765 INFO [main] org.apache.coyote.AbstractProtocol.init Initializing ProtocolHandler ["http-nio-8080"]
15-Dec-2025 15:51:54.780 INFO [main] org.apache.catalina.startup.Catalina.load Server initialization in [250] milliseconds
15-Dec-2025 15:51:54.800 INFO [main] org.apache.catalina.core.StandardService.startInternal Starting service [Catalina]
15-Dec-2025 15:51:54.800 INFO [main] org.apache.catalina.core.StandardEngine.startInternal Starting Servlet engine: [Apache Tomcat/11.0.13]
15-Dec-2025 15:51:54.807 INFO [main] org.apache.catalina.startup.HostConfig.deployDirectory Deploying web application directory [/home/infoetu/baptiste.lavogiez.etu/ctp-web/tomcat/webapps/ROOT]
15-Dec-2025 15:51:55.011 INFO [main] org.apache.jasper.servlet.TldScanner.scanJars At least one JAR was scanned for TLDs yet contained no TLDs. Enable debug logging for this logger for a complete list of JARs that were scanned but no TLDs were found in them. Skipping unneeded JARs during scanning can improve startup time and JSP compilation time.
15-Dec-2025 15:51:55.031 INFO [main] org.apache.catalina.startup.HostConfig.deployDirectory Deployment of web application directory [/home/infoetu/baptiste.lavogiez.etu/ctp-web/tomcat/webapps/ROOT] has finished in [224] ms
15-Dec-2025 15:51:55.032 INFO [main] org.apache.catalina.startup.HostConfig.deployDirectory Deploying web application directory [/home/infoetu/baptiste.lavogiez.etu/ctp-web/tomcat/webapps/docs]
15-Dec-2025 15:51:55.085 INFO [main] org.apache.jasper.servlet.TldScanner.scanJars At least one JAR was scanned for TLDs yet contained no TLDs. Enable debug logging for this logger for a complete list of JARs that were scanned but no TLDs were found in them. Skipping unneeded JARs during scanning can improve startup time and JSP compilation time.
15-Dec-2025 15:51:55.086 INFO [main] org.apache.catalina.startup.HostConfig.deployDirectory Deployment of web application directory [/home/infoetu/baptiste.lavogiez.etu/ctp-web/tomcat/webapps/docs] has finished in [55] ms
15-Dec-2025 15:51:55.087 INFO [main] org.apache.catalina.startup.HostConfig.deployDirectory Deploying web application directory [/home/infoetu/baptiste.lavogiez.etu/ctp-web/tomcat/webapps/manager]
15-Dec-2025 15:51:55.140 INFO [main] org.apache.jasper.servlet.TldScanner.scanJars At least one JAR was scanned for TLDs yet contained no TLDs. Enable debug logging for this logger for a complete list of JARs that were scanned but no TLDs were found in them. Skipping unneeded JARs during scanning can improve startup time and JSP compilation time.
15-Dec-2025 15:51:55.143 INFO [main] org.apache.catalina.startup.HostConfig.deployDirectory Deployment of web application directory [/home/infoetu/baptiste.lavogiez.etu/ctp-web/tomcat/webapps/manager] has finished in [56] ms
15-Dec-2025 15:51:55.143 INFO [main] org.apache.catalina.startup.HostConfig.deployDirectory Deploying web application directory [/home/infoetu/baptiste.lavogiez.etu/ctp-web/tomcat/webapps/host-manager]
15-Dec-2025 15:51:55.193 INFO [main] org.apache.jasper.servlet.TldScanner.scanJars At least one JAR was scanned for TLDs yet contained no TLDs. Enable debug logging for this logger for a complete list of JARs that were scanned but no TLDs were found in them. Skipping unneeded JARs during scanning can improve startup time and JSP compilation time.
15-Dec-2025 15:51:55.194 INFO [main] org.apache.catalina.startup.HostConfig.deployDirectory Deployment of web application directory [/home/infoetu/baptiste.lavogiez.etu/ctp-web/tomcat/webapps/host-manager] has finished in [51] ms
15-Dec-2025 15:51:55.194 INFO [main] org.apache.catalina.startup.HostConfig.deployDirectory Deploying web application directory [/home/infoetu/baptiste.lavogiez.etu/ctp-web/tomcat/webapps/vide]
15-Dec-2025 15:51:55.249 INFO [main] org.apache.jasper.servlet.TldScanner.scanJars At least one JAR was scanned for TLDs yet contained no TLDs. Enable debug logging for this logger for a complete list of JARs that were scanned but no TLDs were found in them. Skipping unneeded JARs during scanning can improve startup time and JSP compilation time.
15-Dec-2025 15:51:55.251 INFO [main] org.apache.catalina.startup.HostConfig.deployDirectory Deployment of web application directory [/home/infoetu/baptiste.lavogiez.etu/ctp-web/tomcat/webapps/vide] has finished in [57] ms
15-Dec-2025 15:51:55.251 INFO [main] org.apache.catalina.startup.HostConfig.deployDirectory Deploying web application directory [/home/infoetu/baptiste.lavogiez.etu/ctp-web/tomcat/webapps/examples]
15-Dec-2025 15:51:55.413 INFO [main] org.apache.jasper.servlet.TldScanner.scanJars At least one JAR was scanned for TLDs yet contained no TLDs. Enable debug logging for this logger for a complete list of JARs that were scanned but no TLDs were found in them. Skipping unneeded JARs during scanning can improve startup time and JSP compilation time.
15-Dec-2025 15:51:55.426 INFO [main] org.apache.catalina.startup.HostConfig.deployDirectory Deployment of web application directory [/home/infoetu/baptiste.lavogiez.etu/ctp-web/tomcat/webapps/examples] has finished in [175] ms
15-Dec-2025 15:51:55.426 INFO [main] org.apache.catalina.startup.HostConfig.deployDirectory Deploying web application directory [/home/infoetu/baptiste.lavogiez.etu/ctp-web/tomcat/webapps/ctp]
15-Dec-2025 15:51:55.504 INFO [main] org.apache.jasper.servlet.TldScanner.scanJars At least one JAR was scanned for TLDs yet contained no TLDs. Enable debug logging for this logger for a complete list of JARs that were scanned but no TLDs were found in them. Skipping unneeded JARs during scanning can improve startup time and JSP compilation time.
15-Dec-2025 15:51:55.505 INFO [main] org.apache.catalina.startup.HostConfig.deployDirectory Deployment of web application directory [/home/infoetu/baptiste.lavogiez.etu/ctp-web/tomcat/webapps/ctp] has finished in [79] ms
15-Dec-2025 15:51:55.508 INFO [main] org.apache.coyote.AbstractProtocol.start Starting ProtocolHandler ["http-nio-8080"]
15-Dec-2025 15:51:55.514 INFO [main] org.apache.catalina.startup.Catalina.start Server startup in [733] milliseconds
15-Dec-2025 16:09:26.371 INFO [Catalina-utility-2] org.apache.catalina.core.StandardContext.reload Reloading Context with name [/ctp] has started
15-Dec-2025 16:09:26.437 INFO [Catalina-utility-2] org.apache.jasper.servlet.TldScanner.scanJars At least one JAR was scanned for TLDs yet contained no TLDs. Enable debug logging for this logger for a complete list of JARs that were scanned but no TLDs were found in them. Skipping unneeded JARs during scanning can improve startup time and JSP compilation time.
15-Dec-2025 16:09:26.438 INFO [Catalina-utility-2] org.apache.catalina.core.StandardContext.reload Reloading Context with name [/ctp] is completed
15-Dec-2025 16:13:36.519 INFO [Thread-1] org.apache.coyote.AbstractProtocol.pause Pausing ProtocolHandler ["http-nio-8080"]
15-Dec-2025 16:13:36.520 INFO [Thread-1] org.apache.catalina.core.StandardService.stopInternal Stopping service [Catalina]
15-Dec-2025 16:13:36.536 INFO [Thread-1] org.apache.coyote.AbstractProtocol.stop Stopping ProtocolHandler ["http-nio-8080"]
15-Dec-2025 16:13:36.550 INFO [Thread-1] org.apache.coyote.AbstractProtocol.destroy Destroying ProtocolHandler ["http-nio-8080"]
15-Dec-2025 16:23:18.245 INFO [main] org.apache.catalina.startup.VersionLoggerListener.log Server version name:   Apache Tomcat/11.0.13
15-Dec-2025 16:23:18.247 INFO [main] org.apache.catalina.startup.VersionLoggerListener.log Server built:          Oct 10 2025 13:57:31 UTC
15-Dec-2025 16:23:18.247 INFO [main] org.apache.catalina.startup.VersionLoggerListener.log Server version number: 11.0.13.0
15-Dec-2025 16:23:18.247 INFO [main] org.apache.catalina.startup.VersionLoggerListener.log OS Name:               Linux
15-Dec-2025 16:23:18.247 INFO [main] org.apache.catalina.startup.VersionLoggerListener.log OS Version:            6.12.43+deb13-amd64
15-Dec-2025 16:23:18.247 INFO [main] org.apache.catalina.startup.VersionLoggerListener.log Architecture:          amd64
15-Dec-2025 16:23:18.247 INFO [main] org.apache.catalina.startup.VersionLoggerListener.log Java Home:             /usr/lib/jvm/java-21-openjdk-amd64
15-Dec-2025 16:23:18.247 INFO [main] org.apache.catalina.startup.VersionLoggerListener.log JVM Version:           21.0.9+10-Debian-1deb13u1
15-Dec-2025 16:23:18.247 INFO [main] org.apache.catalina.startup.VersionLoggerListener.log JVM Vendor:            Debian
15-Dec-2025 16:23:18.247 INFO [main] org.apache.catalina.startup.VersionLoggerListener.log CATALINA_BASE:         /home/infoetu/baptiste.lavogiez.etu/ctp-web/tomcat
15-Dec-2025 16:23:18.248 INFO [main] org.apache.catalina.startup.VersionLoggerListener.log CATALINA_HOME:         /home/infoetu/baptiste.lavogiez.etu/ctp-web/tomcat
15-Dec-2025 16:23:18.253 INFO [main] org.apache.catalina.startup.VersionLoggerListener.log Command line argument: -Djava.util.logging.config.file=/home/infoetu/baptiste.lavogiez.etu/ctp-web/tomcat/conf/logging.properties
15-Dec-2025 16:23:18.253 INFO [main] org.apache.catalina.startup.VersionLoggerListener.log Command line argument: -Djava.util.logging.manager=org.apache.juli.ClassLoaderLogManager
15-Dec-2025 16:23:18.253 INFO [main] org.apache.catalina.startup.VersionLoggerListener.log Command line argument: -Djdk.tls.ephemeralDHKeySize=2048
15-Dec-2025 16:23:18.253 INFO [main] org.apache.catalina.startup.VersionLoggerListener.log Command line argument: -Dorg.apache.catalina.security.SecurityListener.UMASK=0027
15-Dec-2025 16:23:18.253 INFO [main] org.apache.catalina.startup.VersionLoggerListener.log Command line argument: --add-opens=java.base/java.lang=ALL-UNNAMED
15-Dec-2025 16:23:18.253 INFO [main] org.apache.catalina.startup.VersionLoggerListener.log Command line argument: --add-opens=java.base/java.lang.reflect=ALL-UNNAMED
15-Dec-2025 16:23:18.253 INFO [main] org.apache.catalina.startup.VersionLoggerListener.log Command line argument: --add-opens=java.base/java.io=ALL-UNNAMED
15-Dec-2025 16:23:18.253 INFO [main] org.apache.catalina.startup.VersionLoggerListener.log Command line argument: --add-opens=java.base/java.util=ALL-UNNAMED
15-Dec-2025 16:23:18.253 INFO [main] org.apache.catalina.startup.VersionLoggerListener.log Command line argument: --add-opens=java.base/java.util.concurrent=ALL-UNNAMED
15-Dec-2025 16:23:18.253 INFO [main] org.apache.catalina.startup.VersionLoggerListener.log Command line argument: --add-opens=java.rmi/sun.rmi.transport=ALL-UNNAMED
15-Dec-2025 16:23:18.253 INFO [main] org.apache.catalina.startup.VersionLoggerListener.log Command line argument: --enable-native-access=ALL-UNNAMED
15-Dec-2025 16:23:18.253 INFO [main] org.apache.catalina.startup.VersionLoggerListener.log Command line argument: -Dcatalina.base=/home/infoetu/baptiste.lavogiez.etu/ctp-web/tomcat
15-Dec-2025 16:23:18.253 INFO [main] org.apache.catalina.startup.VersionLoggerListener.log Command line argument: -Dcatalina.home=/home/infoetu/baptiste.lavogiez.etu/ctp-web/tomcat
15-Dec-2025 16:23:18.254 INFO [main] org.apache.catalina.startup.VersionLoggerListener.log Command line argument: -Djava.io.tmpdir=/home/infoetu/baptiste.lavogiez.etu/ctp-web/tomcat/temp
15-Dec-2025 16:23:18.255 INFO [main] org.apache.catalina.core.AprLifecycleListener.lifecycleEvent The Apache Tomcat Native library which allows using OpenSSL was not found on the java.library.path: [/usr/java/packages/lib:/usr/lib/x86_64-linux-gnu/jni:/lib/x86_64-linux-gnu:/usr/lib/x86_64-linux-gnu:/usr/lib/jni:/lib:/usr/lib]
15-Dec-2025 16:23:18.378 INFO [main] org.apache.coyote.AbstractProtocol.init Initializing ProtocolHandler ["http-nio-8080"]
15-Dec-2025 16:23:18.392 INFO [main] org.apache.catalina.startup.Catalina.load Server initialization in [261] milliseconds
15-Dec-2025 16:23:18.414 INFO [main] org.apache.catalina.core.StandardService.startInternal Starting service [Catalina]
15-Dec-2025 16:23:18.414 INFO [main] org.apache.catalina.core.StandardEngine.startInternal Starting Servlet engine: [Apache Tomcat/11.0.13]
15-Dec-2025 16:23:18.420 INFO [main] org.apache.catalina.startup.HostConfig.deployDirectory Deploying web application directory [/home/infoetu/baptiste.lavogiez.etu/ctp-web/tomcat/webapps/ROOT]
15-Dec-2025 16:23:18.609 INFO [main] org.apache.jasper.servlet.TldScanner.scanJars At least one JAR was scanned for TLDs yet contained no TLDs. Enable debug logging for this logger for a complete list of JARs that were scanned but no TLDs were found in them. Skipping unneeded JARs during scanning can improve startup time and JSP compilation time.
15-Dec-2025 16:23:18.630 INFO [main] org.apache.catalina.startup.HostConfig.deployDirectory Deployment of web application directory [/home/infoetu/baptiste.lavogiez.etu/ctp-web/tomcat/webapps/ROOT] has finished in [210] ms
15-Dec-2025 16:23:18.630 INFO [main] org.apache.catalina.startup.HostConfig.deployDirectory Deploying web application directory [/home/infoetu/baptiste.lavogiez.etu/ctp-web/tomcat/webapps/docs]
15-Dec-2025 16:23:18.688 INFO [main] org.apache.jasper.servlet.TldScanner.scanJars At least one JAR was scanned for TLDs yet contained no TLDs. Enable debug logging for this logger for a complete list of JARs that were scanned but no TLDs were found in them. Skipping unneeded JARs during scanning can improve startup time and JSP compilation time.
15-Dec-2025 16:23:18.689 INFO [main] org.apache.catalina.startup.HostConfig.deployDirectory Deployment of web application directory [/home/infoetu/baptiste.lavogiez.etu/ctp-web/tomcat/webapps/docs] has finished in [59] ms
15-Dec-2025 16:23:18.689 INFO [main] org.apache.catalina.startup.HostConfig.deployDirectory Deploying web application directory [/home/infoetu/baptiste.lavogiez.etu/ctp-web/tomcat/webapps/manager]
15-Dec-2025 16:23:18.742 INFO [main] org.apache.jasper.servlet.TldScanner.scanJars At least one JAR was scanned for TLDs yet contained no TLDs. Enable debug logging for this logger for a complete list of JARs that were scanned but no TLDs were found in them. Skipping unneeded JARs during scanning can improve startup time and JSP compilation time.
15-Dec-2025 16:23:18.746 INFO [main] org.apache.catalina.startup.HostConfig.deployDirectory Deployment of web application directory [/home/infoetu/baptiste.lavogiez.etu/ctp-web/tomcat/webapps/manager] has finished in [57] ms
15-Dec-2025 16:23:18.746 INFO [main] org.apache.catalina.startup.HostConfig.deployDirectory Deploying web application directory [/home/infoetu/baptiste.lavogiez.etu/ctp-web/tomcat/webapps/host-manager]
15-Dec-2025 16:23:18.792 INFO [main] org.apache.jasper.servlet.TldScanner.scanJars At least one JAR was scanned for TLDs yet contained no TLDs. Enable debug logging for this logger for a complete list of JARs that were scanned but no TLDs were found in them. Skipping unneeded JARs during scanning can improve startup time and JSP compilation time.
15-Dec-2025 16:23:18.793 INFO [main] org.apache.catalina.startup.HostConfig.deployDirectory Deployment of web application directory [/home/infoetu/baptiste.lavogiez.etu/ctp-web/tomcat/webapps/host-manager] has finished in [47] ms
15-Dec-2025 16:23:18.794 INFO [main] org.apache.catalina.startup.HostConfig.deployDirectory Deploying web application directory [/home/infoetu/baptiste.lavogiez.etu/ctp-web/tomcat/webapps/vide]
15-Dec-2025 16:23:18.858 INFO [main] org.apache.jasper.servlet.TldScanner.scanJars At least one JAR was scanned for TLDs yet contained no TLDs. Enable debug logging for this logger for a complete list of JARs that were scanned but no TLDs were found in them. Skipping unneeded JARs during scanning can improve startup time and JSP compilation time.
15-Dec-2025 16:23:18.860 INFO [main] org.apache.catalina.startup.HostConfig.deployDirectory Deployment of web application directory [/home/infoetu/baptiste.lavogiez.etu/ctp-web/tomcat/webapps/vide] has finished in [66] ms
15-Dec-2025 16:23:18.861 INFO [main] org.apache.catalina.startup.HostConfig.deployDirectory Deploying web application directory [/home/infoetu/baptiste.lavogiez.etu/ctp-web/tomcat/webapps/examples]
15-Dec-2025 16:23:19.127 INFO [main] org.apache.jasper.servlet.TldScanner.scanJars At least one JAR was scanned for TLDs yet contained no TLDs. Enable debug logging for this logger for a complete list of JARs that were scanned but no TLDs were found in them. Skipping unneeded JARs during scanning can improve startup time and JSP compilation time.
15-Dec-2025 16:23:19.142 INFO [main] org.apache.catalina.startup.HostConfig.deployDirectory Deployment of web application directory [/home/infoetu/baptiste.lavogiez.etu/ctp-web/tomcat/webapps/examples] has finished in [281] ms
15-Dec-2025 16:23:19.142 INFO [main] org.apache.catalina.startup.HostConfig.deployDirectory Deploying web application directory [/home/infoetu/baptiste.lavogiez.etu/ctp-web/tomcat/webapps/ctp]
15-Dec-2025 16:23:19.210 INFO [main] org.apache.jasper.servlet.TldScanner.scanJars At least one JAR was scanned for TLDs yet contained no TLDs. Enable debug logging for this logger for a complete list of JARs that were scanned but no TLDs were found in them. Skipping unneeded JARs during scanning can improve startup time and JSP compilation time.
15-Dec-2025 16:23:19.211 INFO [main] org.apache.catalina.startup.HostConfig.deployDirectory Deployment of web application directory [/home/infoetu/baptiste.lavogiez.etu/ctp-web/tomcat/webapps/ctp] has finished in [69] ms
15-Dec-2025 16:23:19.213 INFO [main] org.apache.coyote.AbstractProtocol.start Starting ProtocolHandler ["http-nio-8080"]
15-Dec-2025 16:23:19.218 INFO [main] org.apache.catalina.startup.Catalina.start Server startup in [825] milliseconds
15-Dec-2025 16:24:25.571 INFO [Thread-1] org.apache.coyote.AbstractProtocol.pause Pausing ProtocolHandler ["http-nio-8080"]
15-Dec-2025 16:24:25.573 INFO [Thread-1] org.apache.catalina.core.StandardService.stopInternal Stopping service [Catalina]
15-Dec-2025 16:24:25.598 INFO [Thread-1] org.apache.coyote.AbstractProtocol.stop Stopping ProtocolHandler ["http-nio-8080"]
15-Dec-2025 16:24:25.606 INFO [Thread-1] org.apache.coyote.AbstractProtocol.destroy Destroying ProtocolHandler ["http-nio-8080"]
15-Dec-2025 16:24:55.069 INFO [main] org.apache.catalina.startup.VersionLoggerListener.log Server version name:   Apache Tomcat/11.0.13
15-Dec-2025 16:24:55.071 INFO [main] org.apache.catalina.startup.VersionLoggerListener.log Server built:          Oct 10 2025 13:57:31 UTC
15-Dec-2025 16:24:55.071 INFO [main] org.apache.catalina.startup.VersionLoggerListener.log Server version number: 11.0.13.0
15-Dec-2025 16:24:55.071 INFO [main] org.apache.catalina.startup.VersionLoggerListener.log OS Name:               Linux
15-Dec-2025 16:24:55.071 INFO [main] org.apache.catalina.startup.VersionLoggerListener.log OS Version:            6.12.43+deb13-amd64
15-Dec-2025 16:24:55.071 INFO [main] org.apache.catalina.startup.VersionLoggerListener.log Architecture:          amd64
15-Dec-2025 16:24:55.071 INFO [main] org.apache.catalina.startup.VersionLoggerListener.log Java Home:             /usr/lib/jvm/java-21-openjdk-amd64
15-Dec-2025 16:24:55.071 INFO [main] org.apache.catalina.startup.VersionLoggerListener.log JVM Version:           21.0.9+10-Debian-1deb13u1
15-Dec-2025 16:24:55.071 INFO [main] org.apache.catalina.startup.VersionLoggerListener.log JVM Vendor:            Debian
15-Dec-2025 16:24:55.071 INFO [main] org.apache.catalina.startup.VersionLoggerListener.log CATALINA_BASE:         /home/infoetu/baptiste.lavogiez.etu/ctp-web/tomcat
15-Dec-2025 16:24:55.071 INFO [main] org.apache.catalina.startup.VersionLoggerListener.log CATALINA_HOME:         /home/infoetu/baptiste.lavogiez.etu/ctp-web/tomcat
15-Dec-2025 16:24:55.076 INFO [main] org.apache.catalina.startup.VersionLoggerListener.log Command line argument: -Djava.util.logging.config.file=/home/infoetu/baptiste.lavogiez.etu/ctp-web/tomcat/conf/logging.properties
15-Dec-2025 16:24:55.076 INFO [main] org.apache.catalina.startup.VersionLoggerListener.log Command line argument: -Djava.util.logging.manager=org.apache.juli.ClassLoaderLogManager
15-Dec-2025 16:24:55.076 INFO [main] org.apache.catalina.startup.VersionLoggerListener.log Command line argument: -Djdk.tls.ephemeralDHKeySize=2048
15-Dec-2025 16:24:55.076 INFO [main] org.apache.catalina.startup.VersionLoggerListener.log Command line argument: -Dorg.apache.catalina.security.SecurityListener.UMASK=0027
15-Dec-2025 16:24:55.076 INFO [main] org.apache.catalina.startup.VersionLoggerListener.log Command line argument: --add-opens=java.base/java.lang=ALL-UNNAMED
15-Dec-2025 16:24:55.076 INFO [main] org.apache.catalina.startup.VersionLoggerListener.log Command line argument: --add-opens=java.base/java.lang.reflect=ALL-UNNAMED
15-Dec-2025 16:24:55.076 INFO [main] org.apache.catalina.startup.VersionLoggerListener.log Command line argument: --add-opens=java.base/java.io=ALL-UNNAMED
15-Dec-2025 16:24:55.076 INFO [main] org.apache.catalina.startup.VersionLoggerListener.log Command line argument: --add-opens=java.base/java.util=ALL-UNNAMED
15-Dec-2025 16:24:55.076 INFO [main] org.apache.catalina.startup.VersionLoggerListener.log Command line argument: --add-opens=java.base/java.util.concurrent=ALL-UNNAMED
15-Dec-2025 16:24:55.076 INFO [main] org.apache.catalina.startup.VersionLoggerListener.log Command line argument: --add-opens=java.rmi/sun.rmi.transport=ALL-UNNAMED
15-Dec-2025 16:24:55.076 INFO [main] org.apache.catalina.startup.VersionLoggerListener.log Command line argument: --enable-native-access=ALL-UNNAMED
15-Dec-2025 16:24:55.076 INFO [main] org.apache.catalina.startup.VersionLoggerListener.log Command line argument: -Dcatalina.base=/home/infoetu/baptiste.lavogiez.etu/ctp-web/tomcat
15-Dec-2025 16:24:55.076 INFO [main] org.apache.catalina.startup.VersionLoggerListener.log Command line argument: -Dcatalina.home=/home/infoetu/baptiste.lavogiez.etu/ctp-web/tomcat
15-Dec-2025 16:24:55.076 INFO [main] org.apache.catalina.startup.VersionLoggerListener.log Command line argument: -Djava.io.tmpdir=/home/infoetu/baptiste.lavogiez.etu/ctp-web/tomcat/temp
15-Dec-2025 16:24:55.077 INFO [main] org.apache.catalina.core.AprLifecycleListener.lifecycleEvent The Apache Tomcat Native library which allows using OpenSSL was not found on the java.library.path: [/usr/java/packages/lib:/usr/lib/x86_64-linux-gnu/jni:/lib/x86_64-linux-gnu:/usr/lib/x86_64-linux-gnu:/usr/lib/jni:/lib:/usr/lib]
15-Dec-2025 16:24:55.195 INFO [main] org.apache.coyote.AbstractProtocol.init Initializing ProtocolHandler ["http-nio-8080"]
15-Dec-2025 16:24:55.204 INFO [main] org.apache.catalina.startup.Catalina.load Server initialization in [206] milliseconds
15-Dec-2025 16:24:55.221 INFO [main] org.apache.catalina.core.StandardService.startInternal Starting service [Catalina]
15-Dec-2025 16:24:55.221 INFO [main] org.apache.catalina.core.StandardEngine.startInternal Starting Servlet engine: [Apache Tomcat/11.0.13]
15-Dec-2025 16:24:55.227 INFO [main] org.apache.catalina.startup.HostConfig.deployDirectory Deploying web application directory [/home/infoetu/baptiste.lavogiez.etu/ctp-web/tomcat/webapps/ROOT]
15-Dec-2025 16:24:55.386 INFO [main] org.apache.jasper.servlet.TldScanner.scanJars At least one JAR was scanned for TLDs yet contained no TLDs. Enable debug logging for this logger for a complete list of JARs that were scanned but no TLDs were found in them. Skipping unneeded JARs during scanning can improve startup time and JSP compilation time.
15-Dec-2025 16:24:55.400 INFO [main] org.apache.catalina.startup.HostConfig.deployDirectory Deployment of web application directory [/home/infoetu/baptiste.lavogiez.etu/ctp-web/tomcat/webapps/ROOT] has finished in [173] ms
15-Dec-2025 16:24:55.400 INFO [main] org.apache.catalina.startup.HostConfig.deployDirectory Deploying web application directory [/home/infoetu/baptiste.lavogiez.etu/ctp-web/tomcat/webapps/docs]
15-Dec-2025 16:24:55.451 INFO [main] org.apache.jasper.servlet.TldScanner.scanJars At least one JAR was scanned for TLDs yet contained no TLDs. Enable debug logging for this logger for a complete list of JARs that were scanned but no TLDs were found in them. Skipping unneeded JARs during scanning can improve startup time and JSP compilation time.
15-Dec-2025 16:24:55.452 INFO [main] org.apache.catalina.startup.HostConfig.deployDirectory Deployment of web application directory [/home/infoetu/baptiste.lavogiez.etu/ctp-web/tomcat/webapps/docs] has finished in [52] ms
15-Dec-2025 16:24:55.452 INFO [main] org.apache.catalina.startup.HostConfig.deployDirectory Deploying web application directory [/home/infoetu/baptiste.lavogiez.etu/ctp-web/tomcat/webapps/manager]
15-Dec-2025 16:24:55.503 INFO [main] org.apache.jasper.servlet.TldScanner.scanJars At least one JAR was scanned for TLDs yet contained no TLDs. Enable debug logging for this logger for a complete list of JARs that were scanned but no TLDs were found in them. Skipping unneeded JARs during scanning can improve startup time and JSP compilation time.
15-Dec-2025 16:24:55.506 INFO [main] org.apache.catalina.startup.HostConfig.deployDirectory Deployment of web application directory [/home/infoetu/baptiste.lavogiez.etu/ctp-web/tomcat/webapps/manager] has finished in [54] ms
15-Dec-2025 16:24:55.506 INFO [main] org.apache.catalina.startup.HostConfig.deployDirectory Deploying web application directory [/home/infoetu/baptiste.lavogiez.etu/ctp-web/tomcat/webapps/host-manager]
15-Dec-2025 16:24:55.551 INFO [main] org.apache.jasper.servlet.TldScanner.scanJars At least one JAR was scanned for TLDs yet contained no TLDs. Enable debug logging for this logger for a complete list of JARs that were scanned but no TLDs were found in them. Skipping unneeded JARs during scanning can improve startup time and JSP compilation time.
15-Dec-2025 16:24:55.552 INFO [main] org.apache.catalina.startup.HostConfig.deployDirectory Deployment of web application directory [/home/infoetu/baptiste.lavogiez.etu/ctp-web/tomcat/webapps/host-manager] has finished in [46] ms
15-Dec-2025 16:24:55.552 INFO [main] org.apache.catalina.startup.HostConfig.deployDirectory Deploying web application directory [/home/infoetu/baptiste.lavogiez.etu/ctp-web/tomcat/webapps/vide]
15-Dec-2025 16:24:55.615 INFO [main] org.apache.jasper.servlet.TldScanner.scanJars At least one JAR was scanned for TLDs yet contained no TLDs. Enable debug logging for this logger for a complete list of JARs that were scanned but no TLDs were found in them. Skipping unneeded JARs during scanning can improve startup time and JSP compilation time.
15-Dec-2025 16:24:55.617 INFO [main] org.apache.catalina.startup.HostConfig.deployDirectory Deployment of web application directory [/home/infoetu/baptiste.lavogiez.etu/ctp-web/tomcat/webapps/vide] has finished in [65] ms
15-Dec-2025 16:24:55.617 INFO [main] org.apache.catalina.startup.HostConfig.deployDirectory Deploying web application directory [/home/infoetu/baptiste.lavogiez.etu/ctp-web/tomcat/webapps/examples]
15-Dec-2025 16:24:55.859 INFO [main] org.apache.jasper.servlet.TldScanner.scanJars At least one JAR was scanned for TLDs yet contained no TLDs. Enable debug logging for this logger for a complete list of JARs that were scanned but no TLDs were found in them. Skipping unneeded JARs during scanning can improve startup time and JSP compilation time.
15-Dec-2025 16:24:55.871 INFO [main] org.apache.catalina.startup.HostConfig.deployDirectory Deployment of web application directory [/home/infoetu/baptiste.lavogiez.etu/ctp-web/tomcat/webapps/examples] has finished in [254] ms
15-Dec-2025 16:24:55.871 INFO [main] org.apache.catalina.startup.HostConfig.deployDirectory Deploying web application directory [/home/infoetu/baptiste.lavogiez.etu/ctp-web/tomcat/webapps/ctp]
15-Dec-2025 16:24:55.937 INFO [main] org.apache.jasper.servlet.TldScanner.scanJars At least one JAR was scanned for TLDs yet contained no TLDs. Enable debug logging for this logger for a complete list of JARs that were scanned but no TLDs were found in them. Skipping unneeded JARs during scanning can improve startup time and JSP compilation time.
15-Dec-2025 16:24:55.938 INFO [main] org.apache.catalina.startup.HostConfig.deployDirectory Deployment of web application directory [/home/infoetu/baptiste.lavogiez.etu/ctp-web/tomcat/webapps/ctp] has finished in [67] ms
15-Dec-2025 16:24:55.940 INFO [main] org.apache.coyote.AbstractProtocol.start Starting ProtocolHandler ["http-nio-8080"]
15-Dec-2025 16:24:55.945 INFO [main] org.apache.catalina.startup.Catalina.start Server startup in [741] milliseconds
15-Dec-2025 16:26:46.026 INFO [Catalina-utility-1] org.apache.catalina.startup.HostConfig.deployDirectory Deploying web application directory [/home/infoetu/baptiste.lavogiez.etu/ctp-web/tomcat/webapps/ctp2025]
15-Dec-2025 16:26:46.072 INFO [Catalina-utility-1] org.apache.jasper.servlet.TldScanner.scanJars At least one JAR was scanned for TLDs yet contained no TLDs. Enable debug logging for this logger for a complete list of JARs that were scanned but no TLDs were found in them. Skipping unneeded JARs during scanning can improve startup time and JSP compilation time.
15-Dec-2025 16:26:46.073 INFO [Catalina-utility-1] org.apache.catalina.startup.HostConfig.deployDirectory Deployment of web application directory [/home/infoetu/baptiste.lavogiez.etu/ctp-web/tomcat/webapps/ctp2025] has finished in [47] ms
15-Dec-2025 16:26:56.578 INFO [Catalina-utility-1] org.apache.catalina.startup.HostConfig.undeploy Undeploying context [/ctp2025]
15-Dec-2025 16:26:56.592 INFO [Catalina-utility-1] org.apache.catalina.startup.HostConfig.deployDirectory Deploying web application directory [/home/infoetu/baptiste.lavogiez.etu/ctp-web/tomcat/webapps/ctp-2025]
15-Dec-2025 16:26:56.642 INFO [Catalina-utility-1] org.apache.jasper.servlet.TldScanner.scanJars At least one JAR was scanned for TLDs yet contained no TLDs. Enable debug logging for this logger for a complete list of JARs that were scanned but no TLDs were found in them. Skipping unneeded JARs during scanning can improve startup time and JSP compilation time.
15-Dec-2025 16:26:56.643 INFO [Catalina-utility-1] org.apache.catalina.startup.HostConfig.deployDirectory Deployment of web application directory [/home/infoetu/baptiste.lavogiez.etu/ctp-web/tomcat/webapps/ctp-2025] has finished in [52] ms
15-Dec-2025 16:27:16.653 INFO [Catalina-utility-1] org.apache.catalina.startup.HostConfig.undeploy Undeploying context [/ctp-2025]
15-Dec-2025 16:27:16.660 INFO [Catalina-utility-1] org.apache.catalina.startup.HostConfig.deployDirectory Deploying web application directory [/home/infoetu/baptiste.lavogiez.etu/ctp-web/tomcat/webapps/ctp-2025]
15-Dec-2025 16:27:16.742 INFO [Catalina-utility-1] org.apache.jasper.servlet.TldScanner.scanJars At least one JAR was scanned for TLDs yet contained no TLDs. Enable debug logging for this logger for a complete list of JARs that were scanned but no TLDs were found in them. Skipping unneeded JARs during scanning can improve startup time and JSP compilation time.
15-Dec-2025 16:27:16.743 INFO [Catalina-utility-1] org.apache.catalina.startup.HostConfig.deployDirectory Deployment of web application directory [/home/infoetu/baptiste.lavogiez.etu/ctp-web/tomcat/webapps/ctp-2025] has finished in [83] ms
15-Dec-2025 16:28:26.813 INFO [Catalina-utility-1] org.apache.catalina.startup.HostConfig.undeploy Undeploying context [/ctp-2025]
15-Dec-2025 16:28:26.825 INFO [Catalina-utility-1] org.apache.catalina.startup.HostConfig.deployDirectory Deploying web application directory [/home/infoetu/baptiste.lavogiez.etu/ctp-web/tomcat/webapps/ctp-2025]
15-Dec-2025 16:28:26.920 INFO [Catalina-utility-1] org.apache.jasper.servlet.TldScanner.scanJars At least one JAR was scanned for TLDs yet contained no TLDs. Enable debug logging for this logger for a complete list of JARs that were scanned but no TLDs were found in them. Skipping unneeded JARs during scanning can improve startup time and JSP compilation time.
15-Dec-2025 16:28:26.922 INFO [Catalina-utility-1] org.apache.catalina.startup.HostConfig.deployDirectory Deployment of web application directory [/home/infoetu/baptiste.lavogiez.etu/ctp-web/tomcat/webapps/ctp-2025] has finished in [97] ms
15-Dec-2025 16:28:37.427 INFO [Catalina-utility-2] org.apache.catalina.startup.HostConfig.undeploy Undeploying context [/ctp-2025]
15-Dec-2025 16:28:37.435 INFO [Catalina-utility-2] org.apache.catalina.startup.HostConfig.deployDirectory Deploying web application directory [/home/infoetu/baptiste.lavogiez.etu/ctp-web/tomcat/webapps/vide (2)]
15-Dec-2025 16:28:37.475 INFO [Catalina-utility-2] org.apache.jasper.servlet.TldScanner.scanJars At least one JAR was scanned for TLDs yet contained no TLDs. Enable debug logging for this logger for a complete list of JARs that were scanned but no TLDs were found in them. Skipping unneeded JARs during scanning can improve startup time and JSP compilation time.
15-Dec-2025 16:28:37.476 INFO [Catalina-utility-2] org.apache.catalina.startup.HostConfig.deployDirectory Deployment of web application directory [/home/infoetu/baptiste.lavogiez.etu/ctp-web/tomcat/webapps/vide (2)] has finished in [41] ms
15-Dec-2025 16:28:47.980 INFO [Catalina-utility-1] org.apache.catalina.startup.HostConfig.undeploy Undeploying context [/vide (2)]
15-Dec-2025 16:28:47.990 INFO [Catalina-utility-1] org.apache.catalina.startup.HostConfig.deployDirectory Deploying web application directory [/home/infoetu/baptiste.lavogiez.etu/ctp-web/tomcat/webapps/ctp-2025]
15-Dec-2025 16:28:48.026 INFO [Catalina-utility-1] org.apache.jasper.servlet.TldScanner.scanJars At least one JAR was scanned for TLDs yet contained no TLDs. Enable debug logging for this logger for a complete list of JARs that were scanned but no TLDs were found in them. Skipping unneeded JARs during scanning can improve startup time and JSP compilation time.
15-Dec-2025 16:28:48.028 INFO [Catalina-utility-1] org.apache.catalina.startup.HostConfig.deployDirectory Deployment of web application directory [/home/infoetu/baptiste.lavogiez.etu/ctp-web/tomcat/webapps/ctp-2025] has finished in [38] ms
15-Dec-2025 16:29:18.041 INFO [Catalina-utility-1] org.apache.catalina.startup.HostConfig.undeploy Undeploying context [/ctp-2025]
15-Dec-2025 16:29:18.052 INFO [Catalina-utility-1] org.apache.catalina.startup.HostConfig.deployDirectory Deploying web application directory [/home/infoetu/baptiste.lavogiez.etu/ctp-web/tomcat/webapps/ctp-2025]
15-Dec-2025 16:29:18.126 INFO [Catalina-utility-1] org.apache.jasper.servlet.TldScanner.scanJars At least one JAR was scanned for TLDs yet contained no TLDs. Enable debug logging for this logger for a complete list of JARs that were scanned but no TLDs were found in them. Skipping unneeded JARs during scanning can improve startup time and JSP compilation time.
15-Dec-2025 16:29:18.127 INFO [Catalina-utility-1] org.apache.catalina.startup.HostConfig.deployDirectory Deployment of web application directory [/home/infoetu/baptiste.lavogiez.etu/ctp-web/tomcat/webapps/ctp-2025] has finished in [75] ms
15-Dec-2025 16:39:57.200 INFO [Thread-1] org.apache.coyote.AbstractProtocol.pause Pausing ProtocolHandler ["http-nio-8080"]
15-Dec-2025 16:39:57.205 INFO [Thread-1] org.apache.catalina.core.StandardService.stopInternal Stopping service [Catalina]
15-Dec-2025 16:39:57.229 INFO [Thread-1] org.apache.coyote.AbstractProtocol.stop Stopping ProtocolHandler ["http-nio-8080"]
15-Dec-2025 16:39:57.237 INFO [Thread-1] org.apache.coyote.AbstractProtocol.destroy Destroying ProtocolHandler ["http-nio-8080"]
15-Dec-2025 16:39:57.907 INFO [main] org.apache.catalina.startup.VersionLoggerListener.log Server version name:   Apache Tomcat/11.0.13
15-Dec-2025 16:39:57.909 INFO [main] org.apache.catalina.startup.VersionLoggerListener.log Server built:          Oct 10 2025 13:57:31 UTC
15-Dec-2025 16:39:57.909 INFO [main] org.apache.catalina.startup.VersionLoggerListener.log Server version number: 11.0.13.0
15-Dec-2025 16:39:57.909 INFO [main] org.apache.catalina.startup.VersionLoggerListener.log OS Name:               Linux
15-Dec-2025 16:39:57.909 INFO [main] org.apache.catalina.startup.VersionLoggerListener.log OS Version:            6.12.43+deb13-amd64
15-Dec-2025 16:39:57.909 INFO [main] org.apache.catalina.startup.VersionLoggerListener.log Architecture:          amd64
15-Dec-2025 16:39:57.909 INFO [main] org.apache.catalina.startup.VersionLoggerListener.log Java Home:             /usr/lib/jvm/java-21-openjdk-amd64
15-Dec-2025 16:39:57.909 INFO [main] org.apache.catalina.startup.VersionLoggerListener.log JVM Version:           21.0.9+10-Debian-1deb13u1
15-Dec-2025 16:39:57.909 INFO [main] org.apache.catalina.startup.VersionLoggerListener.log JVM Vendor:            Debian
15-Dec-2025 16:39:57.909 INFO [main] org.apache.catalina.startup.VersionLoggerListener.log CATALINA_BASE:         /home/infoetu/baptiste.lavogiez.etu/ctp-web/tomcat
15-Dec-2025 16:39:57.909 INFO [main] org.apache.catalina.startup.VersionLoggerListener.log CATALINA_HOME:         /home/infoetu/baptiste.lavogiez.etu/ctp-web/tomcat
15-Dec-2025 16:39:57.913 INFO [main] org.apache.catalina.startup.VersionLoggerListener.log Command line argument: -Djava.util.logging.config.file=/home/infoetu/baptiste.lavogiez.etu/ctp-web/tomcat/conf/logging.properties
15-Dec-2025 16:39:57.913 INFO [main] org.apache.catalina.startup.VersionLoggerListener.log Command line argument: -Djava.util.logging.manager=org.apache.juli.ClassLoaderLogManager
15-Dec-2025 16:39:57.913 INFO [main] org.apache.catalina.startup.VersionLoggerListener.log Command line argument: -Djdk.tls.ephemeralDHKeySize=2048
15-Dec-2025 16:39:57.913 INFO [main] org.apache.catalina.startup.VersionLoggerListener.log Command line argument: -Dorg.apache.catalina.security.SecurityListener.UMASK=0027
15-Dec-2025 16:39:57.914 INFO [main] org.apache.catalina.startup.VersionLoggerListener.log Command line argument: --add-opens=java.base/java.lang=ALL-UNNAMED
15-Dec-2025 16:39:57.914 INFO [main] org.apache.catalina.startup.VersionLoggerListener.log Command line argument: --add-opens=java.base/java.lang.reflect=ALL-UNNAMED
15-Dec-2025 16:39:57.914 INFO [main] org.apache.catalina.startup.VersionLoggerListener.log Command line argument: --add-opens=java.base/java.io=ALL-UNNAMED
15-Dec-2025 16:39:57.914 INFO [main] org.apache.catalina.startup.VersionLoggerListener.log Command line argument: --add-opens=java.base/java.util=ALL-UNNAMED
15-Dec-2025 16:39:57.914 INFO [main] org.apache.catalina.startup.VersionLoggerListener.log Command line argument: --add-opens=java.base/java.util.concurrent=ALL-UNNAMED
15-Dec-2025 16:39:57.914 INFO [main] org.apache.catalina.startup.VersionLoggerListener.log Command line argument: --add-opens=java.rmi/sun.rmi.transport=ALL-UNNAMED
15-Dec-2025 16:39:57.914 INFO [main] org.apache.catalina.startup.VersionLoggerListener.log Command line argument: --enable-native-access=ALL-UNNAMED
15-Dec-2025 16:39:57.914 INFO [main] org.apache.catalina.startup.VersionLoggerListener.log Command line argument: -Dcatalina.base=/home/infoetu/baptiste.lavogiez.etu/ctp-web/tomcat
15-Dec-2025 16:39:57.914 INFO [main] org.apache.catalina.startup.VersionLoggerListener.log Command line argument: -Dcatalina.home=/home/infoetu/baptiste.lavogiez.etu/ctp-web/tomcat
15-Dec-2025 16:39:57.914 INFO [main] org.apache.catalina.startup.VersionLoggerListener.log Command line argument: -Djava.io.tmpdir=/home/infoetu/baptiste.lavogiez.etu/ctp-web/tomcat/temp
15-Dec-2025 16:39:57.915 INFO [main] org.apache.catalina.core.AprLifecycleListener.lifecycleEvent The Apache Tomcat Native library which allows using OpenSSL was not found on the java.library.path: [/usr/java/packages/lib:/usr/lib/x86_64-linux-gnu/jni:/lib/x86_64-linux-gnu:/usr/lib/x86_64-linux-gnu:/usr/lib/jni:/lib:/usr/lib]
15-Dec-2025 16:39:58.032 INFO [main] org.apache.coyote.AbstractProtocol.init Initializing ProtocolHandler ["http-nio-8080"]
15-Dec-2025 16:39:58.041 INFO [main] org.apache.catalina.startup.Catalina.load Server initialization in [205] milliseconds
15-Dec-2025 16:39:58.059 INFO [main] org.apache.catalina.core.StandardService.startInternal Starting service [Catalina]
15-Dec-2025 16:39:58.059 INFO [main] org.apache.catalina.core.StandardEngine.startInternal Starting Servlet engine: [Apache Tomcat/11.0.13]
15-Dec-2025 16:39:58.063 INFO [main] org.apache.catalina.startup.HostConfig.deployDirectory Deploying web application directory [/home/infoetu/baptiste.lavogiez.etu/ctp-web/tomcat/webapps/ROOT]
15-Dec-2025 16:39:58.226 INFO [main] org.apache.jasper.servlet.TldScanner.scanJars At least one JAR was scanned for TLDs yet contained no TLDs. Enable debug logging for this logger for a complete list of JARs that were scanned but no TLDs were found in them. Skipping unneeded JARs during scanning can improve startup time and JSP compilation time.
15-Dec-2025 16:39:58.239 INFO [main] org.apache.catalina.startup.HostConfig.deployDirectory Deployment of web application directory [/home/infoetu/baptiste.lavogiez.etu/ctp-web/tomcat/webapps/ROOT] has finished in [176] ms
15-Dec-2025 16:39:58.239 INFO [main] org.apache.catalina.startup.HostConfig.deployDirectory Deploying web application directory [/home/infoetu/baptiste.lavogiez.etu/ctp-web/tomcat/webapps/docs]
15-Dec-2025 16:39:58.286 INFO [main] org.apache.jasper.servlet.TldScanner.scanJars At least one JAR was scanned for TLDs yet contained no TLDs. Enable debug logging for this logger for a complete list of JARs that were scanned but no TLDs were found in them. Skipping unneeded JARs during scanning can improve startup time and JSP compilation time.
15-Dec-2025 16:39:58.287 INFO [main] org.apache.catalina.startup.HostConfig.deployDirectory Deployment of web application directory [/home/infoetu/baptiste.lavogiez.etu/ctp-web/tomcat/webapps/docs] has finished in [48] ms
15-Dec-2025 16:39:58.287 INFO [main] org.apache.catalina.startup.HostConfig.deployDirectory Deploying web application directory [/home/infoetu/baptiste.lavogiez.etu/ctp-web/tomcat/webapps/ctp-2025]
15-Dec-2025 16:39:58.358 INFO [main] org.apache.jasper.servlet.TldScanner.scanJars At least one JAR was scanned for TLDs yet contained no TLDs. Enable debug logging for this logger for a complete list of JARs that were scanned but no TLDs were found in them. Skipping unneeded JARs during scanning can improve startup time and JSP compilation time.
15-Dec-2025 16:39:58.359 INFO [main] org.apache.catalina.startup.HostConfig.deployDirectory Deployment of web application directory [/home/infoetu/baptiste.lavogiez.etu/ctp-web/tomcat/webapps/ctp-2025] has finished in [72] ms
15-Dec-2025 16:39:58.360 INFO [main] org.apache.catalina.startup.HostConfig.deployDirectory Deploying web application directory [/home/infoetu/baptiste.lavogiez.etu/ctp-web/tomcat/webapps/manager]
15-Dec-2025 16:39:58.407 INFO [main] org.apache.jasper.servlet.TldScanner.scanJars At least one JAR was scanned for TLDs yet contained no TLDs. Enable debug logging for this logger for a complete list of JARs that were scanned but no TLDs were found in them. Skipping unneeded JARs during scanning can improve startup time and JSP compilation time.
15-Dec-2025 16:39:58.410 INFO [main] org.apache.catalina.startup.HostConfig.deployDirectory Deployment of web application directory [/home/infoetu/baptiste.lavogiez.etu/ctp-web/tomcat/webapps/manager] has finished in [50] ms
15-Dec-2025 16:39:58.410 INFO [main] org.apache.catalina.startup.HostConfig.deployDirectory Deploying web application directory [/home/infoetu/baptiste.lavogiez.etu/ctp-web/tomcat/webapps/host-manager]
15-Dec-2025 16:39:58.452 INFO [main] org.apache.jasper.servlet.TldScanner.scanJars At least one JAR was scanned for TLDs yet contained no TLDs. Enable debug logging for this logger for a complete list of JARs that were scanned but no TLDs were found in them. Skipping unneeded JARs during scanning can improve startup time and JSP compilation time.
15-Dec-2025 16:39:58.453 INFO [main] org.apache.catalina.startup.HostConfig.deployDirectory Deployment of web application directory [/home/infoetu/baptiste.lavogiez.etu/ctp-web/tomcat/webapps/host-manager] has finished in [43] ms
15-Dec-2025 16:39:58.453 INFO [main] org.apache.catalina.startup.HostConfig.deployDirectory Deploying web application directory [/home/infoetu/baptiste.lavogiez.etu/ctp-web/tomcat/webapps/vide]
15-Dec-2025 16:39:58.503 INFO [main] org.apache.jasper.servlet.TldScanner.scanJars At least one JAR was scanned for TLDs yet contained no TLDs. Enable debug logging for this logger for a complete list of JARs that were scanned but no TLDs were found in them. Skipping unneeded JARs during scanning can improve startup time and JSP compilation time.
15-Dec-2025 16:39:58.504 INFO [main] org.apache.catalina.startup.HostConfig.deployDirectory Deployment of web application directory [/home/infoetu/baptiste.lavogiez.etu/ctp-web/tomcat/webapps/vide] has finished in [50] ms
15-Dec-2025 16:39:58.504 INFO [main] org.apache.catalina.startup.HostConfig.deployDirectory Deploying web application directory [/home/infoetu/baptiste.lavogiez.etu/ctp-web/tomcat/webapps/examples]
15-Dec-2025 16:39:58.712 INFO [main] org.apache.jasper.servlet.TldScanner.scanJars At least one JAR was scanned for TLDs yet contained no TLDs. Enable debug logging for this logger for a complete list of JARs that were scanned but no TLDs were found in them. Skipping unneeded JARs during scanning can improve startup time and JSP compilation time.
15-Dec-2025 16:39:58.726 INFO [main] org.apache.catalina.startup.HostConfig.deployDirectory Deployment of web application directory [/home/infoetu/baptiste.lavogiez.etu/ctp-web/tomcat/webapps/examples] has finished in [222] ms
15-Dec-2025 16:39:58.726 INFO [main] org.apache.catalina.startup.HostConfig.deployDirectory Deploying web application directory [/home/infoetu/baptiste.lavogiez.etu/ctp-web/tomcat/webapps/ctp]
15-Dec-2025 16:39:58.786 INFO [main] org.apache.jasper.servlet.TldScanner.scanJars At least one JAR was scanned for TLDs yet contained no TLDs. Enable debug logging for this logger for a complete list of JARs that were scanned but no TLDs were found in them. Skipping unneeded JARs during scanning can improve startup time and JSP compilation time.
15-Dec-2025 16:39:58.787 INFO [main] org.apache.catalina.startup.HostConfig.deployDirectory Deployment of web application directory [/home/infoetu/baptiste.lavogiez.etu/ctp-web/tomcat/webapps/ctp] has finished in [61] ms
15-Dec-2025 16:39:58.789 INFO [main] org.apache.coyote.AbstractProtocol.start Starting ProtocolHandler ["http-nio-8080"]
15-Dec-2025 16:39:58.794 INFO [main] org.apache.catalina.startup.Catalina.start Server startup in [753] milliseconds
15-Dec-2025 16:40:18.804 INFO [Catalina-utility-1] org.apache.catalina.core.StandardContext.reload Reloading Context with name [/ctp-2025] has started
15-Dec-2025 16:40:18.868 INFO [Catalina-utility-1] org.apache.jasper.servlet.TldScanner.scanJars At least one JAR was scanned for TLDs yet contained no TLDs. Enable debug logging for this logger for a complete list of JARs that were scanned but no TLDs were found in them. Skipping unneeded JARs during scanning can improve startup time and JSP compilation time.
15-Dec-2025 16:40:18.869 INFO [Catalina-utility-1] org.apache.catalina.core.StandardContext.reload Reloading Context with name [/ctp-2025] is completed
15-Dec-2025 16:40:22.808 INFO [Thread-1] org.apache.coyote.AbstractProtocol.pause Pausing ProtocolHandler ["http-nio-8080"]
15-Dec-2025 16:40:22.812 INFO [Thread-1] org.apache.catalina.core.StandardService.stopInternal Stopping service [Catalina]
15-Dec-2025 16:40:22.829 INFO [Thread-1] org.apache.coyote.AbstractProtocol.stop Stopping ProtocolHandler ["http-nio-8080"]
15-Dec-2025 16:40:22.834 INFO [Thread-1] org.apache.coyote.AbstractProtocol.destroy Destroying ProtocolHandler ["http-nio-8080"]
15-Dec-2025 16:40:24.228 INFO [main] org.apache.catalina.startup.VersionLoggerListener.log Server version name:   Apache Tomcat/11.0.13
15-Dec-2025 16:40:24.229 INFO [main] org.apache.catalina.startup.VersionLoggerListener.log Server built:          Oct 10 2025 13:57:31 UTC
15-Dec-2025 16:40:24.230 INFO [main] org.apache.catalina.startup.VersionLoggerListener.log Server version number: 11.0.13.0
15-Dec-2025 16:40:24.230 INFO [main] org.apache.catalina.startup.VersionLoggerListener.log OS Name:               Linux
15-Dec-2025 16:40:24.230 INFO [main] org.apache.catalina.startup.VersionLoggerListener.log OS Version:            6.12.43+deb13-amd64
15-Dec-2025 16:40:24.230 INFO [main] org.apache.catalina.startup.VersionLoggerListener.log Architecture:          amd64
15-Dec-2025 16:40:24.230 INFO [main] org.apache.catalina.startup.VersionLoggerListener.log Java Home:             /usr/lib/jvm/java-21-openjdk-amd64
15-Dec-2025 16:40:24.230 INFO [main] org.apache.catalina.startup.VersionLoggerListener.log JVM Version:           21.0.9+10-Debian-1deb13u1
15-Dec-2025 16:40:24.230 INFO [main] org.apache.catalina.startup.VersionLoggerListener.log JVM Vendor:            Debian
15-Dec-2025 16:40:24.230 INFO [main] org.apache.catalina.startup.VersionLoggerListener.log CATALINA_BASE:         /home/infoetu/baptiste.lavogiez.etu/ctp-web/tomcat
15-Dec-2025 16:40:24.230 INFO [main] org.apache.catalina.startup.VersionLoggerListener.log CATALINA_HOME:         /home/infoetu/baptiste.lavogiez.etu/ctp-web/tomcat
15-Dec-2025 16:40:24.234 INFO [main] org.apache.catalina.startup.VersionLoggerListener.log Command line argument: -Djava.util.logging.config.file=/home/infoetu/baptiste.lavogiez.etu/ctp-web/tomcat/conf/logging.properties
15-Dec-2025 16:40:24.234 INFO [main] org.apache.catalina.startup.VersionLoggerListener.log Command line argument: -Djava.util.logging.manager=org.apache.juli.ClassLoaderLogManager
15-Dec-2025 16:40:24.234 INFO [main] org.apache.catalina.startup.VersionLoggerListener.log Command line argument: -Djdk.tls.ephemeralDHKeySize=2048
15-Dec-2025 16:40:24.234 INFO [main] org.apache.catalina.startup.VersionLoggerListener.log Command line argument: -Dorg.apache.catalina.security.SecurityListener.UMASK=0027
15-Dec-2025 16:40:24.234 INFO [main] org.apache.catalina.startup.VersionLoggerListener.log Command line argument: --add-opens=java.base/java.lang=ALL-UNNAMED
15-Dec-2025 16:40:24.234 INFO [main] org.apache.catalina.startup.VersionLoggerListener.log Command line argument: --add-opens=java.base/java.lang.reflect=ALL-UNNAMED
15-Dec-2025 16:40:24.234 INFO [main] org.apache.catalina.startup.VersionLoggerListener.log Command line argument: --add-opens=java.base/java.io=ALL-UNNAMED
15-Dec-2025 16:40:24.234 INFO [main] org.apache.catalina.startup.VersionLoggerListener.log Command line argument: --add-opens=java.base/java.util=ALL-UNNAMED
15-Dec-2025 16:40:24.235 INFO [main] org.apache.catalina.startup.VersionLoggerListener.log Command line argument: --add-opens=java.base/java.util.concurrent=ALL-UNNAMED
15-Dec-2025 16:40:24.235 INFO [main] org.apache.catalina.startup.VersionLoggerListener.log Command line argument: --add-opens=java.rmi/sun.rmi.transport=ALL-UNNAMED
15-Dec-2025 16:40:24.235 INFO [main] org.apache.catalina.startup.VersionLoggerListener.log Command line argument: --enable-native-access=ALL-UNNAMED
15-Dec-2025 16:40:24.235 INFO [main] org.apache.catalina.startup.VersionLoggerListener.log Command line argument: -Dcatalina.base=/home/infoetu/baptiste.lavogiez.etu/ctp-web/tomcat
15-Dec-2025 16:40:24.235 INFO [main] org.apache.catalina.startup.VersionLoggerListener.log Command line argument: -Dcatalina.home=/home/infoetu/baptiste.lavogiez.etu/ctp-web/tomcat
15-Dec-2025 16:40:24.235 INFO [main] org.apache.catalina.startup.VersionLoggerListener.log Command line argument: -Djava.io.tmpdir=/home/infoetu/baptiste.lavogiez.etu/ctp-web/tomcat/temp
15-Dec-2025 16:40:24.236 INFO [main] org.apache.catalina.core.AprLifecycleListener.lifecycleEvent The Apache Tomcat Native library which allows using OpenSSL was not found on the java.library.path: [/usr/java/packages/lib:/usr/lib/x86_64-linux-gnu/jni:/lib/x86_64-linux-gnu:/usr/lib/x86_64-linux-gnu:/usr/lib/jni:/lib:/usr/lib]
15-Dec-2025 16:40:24.352 INFO [main] org.apache.coyote.AbstractProtocol.init Initializing ProtocolHandler ["http-nio-8080"]
15-Dec-2025 16:40:24.360 INFO [main] org.apache.catalina.startup.Catalina.load Server initialization in [206] milliseconds
15-Dec-2025 16:40:24.377 INFO [main] org.apache.catalina.core.StandardService.startInternal Starting service [Catalina]
15-Dec-2025 16:40:24.377 INFO [main] org.apache.catalina.core.StandardEngine.startInternal Starting Servlet engine: [Apache Tomcat/11.0.13]
15-Dec-2025 16:40:24.382 INFO [main] org.apache.catalina.startup.HostConfig.deployDirectory Deploying web application directory [/home/infoetu/baptiste.lavogiez.etu/ctp-web/tomcat/webapps/ROOT]
15-Dec-2025 16:40:24.537 INFO [main] org.apache.jasper.servlet.TldScanner.scanJars At least one JAR was scanned for TLDs yet contained no TLDs. Enable debug logging for this logger for a complete list of JARs that were scanned but no TLDs were found in them. Skipping unneeded JARs during scanning can improve startup time and JSP compilation time.
15-Dec-2025 16:40:24.551 INFO [main] org.apache.catalina.startup.HostConfig.deployDirectory Deployment of web application directory [/home/infoetu/baptiste.lavogiez.etu/ctp-web/tomcat/webapps/ROOT] has finished in [168] ms
15-Dec-2025 16:40:24.551 INFO [main] org.apache.catalina.startup.HostConfig.deployDirectory Deploying web application directory [/home/infoetu/baptiste.lavogiez.etu/ctp-web/tomcat/webapps/docs]
15-Dec-2025 16:40:24.599 INFO [main] org.apache.jasper.servlet.TldScanner.scanJars At least one JAR was scanned for TLDs yet contained no TLDs. Enable debug logging for this logger for a complete list of JARs that were scanned but no TLDs were found in them. Skipping unneeded JARs during scanning can improve startup time and JSP compilation time.
15-Dec-2025 16:40:24.600 INFO [main] org.apache.catalina.startup.HostConfig.deployDirectory Deployment of web application directory [/home/infoetu/baptiste.lavogiez.etu/ctp-web/tomcat/webapps/docs] has finished in [49] ms
15-Dec-2025 16:40:24.600 INFO [main] org.apache.catalina.startup.HostConfig.deployDirectory Deploying web application directory [/home/infoetu/baptiste.lavogiez.etu/ctp-web/tomcat/webapps/ctp-2025]
15-Dec-2025 16:40:24.663 INFO [main] org.apache.jasper.servlet.TldScanner.scanJars At least one JAR was scanned for TLDs yet contained no TLDs. Enable debug logging for this logger for a complete list of JARs that were scanned but no TLDs were found in them. Skipping unneeded JARs during scanning can improve startup time and JSP compilation time.
15-Dec-2025 16:40:24.666 INFO [main] org.apache.catalina.startup.HostConfig.deployDirectory Deployment of web application directory [/home/infoetu/baptiste.lavogiez.etu/ctp-web/tomcat/webapps/ctp-2025] has finished in [66] ms
15-Dec-2025 16:40:24.666 INFO [main] org.apache.catalina.startup.HostConfig.deployDirectory Deploying web application directory [/home/infoetu/baptiste.lavogiez.etu/ctp-web/tomcat/webapps/manager]
15-Dec-2025 16:40:24.713 INFO [main] org.apache.jasper.servlet.TldScanner.scanJars At least one JAR was scanned for TLDs yet contained no TLDs. Enable debug logging for this logger for a complete list of JARs that were scanned but no TLDs were found in them. Skipping unneeded JARs during scanning can improve startup time and JSP compilation time.
15-Dec-2025 16:40:24.716 INFO [main] org.apache.catalina.startup.HostConfig.deployDirectory Deployment of web application directory [/home/infoetu/baptiste.lavogiez.etu/ctp-web/tomcat/webapps/manager] has finished in [50] ms
15-Dec-2025 16:40:24.716 INFO [main] org.apache.catalina.startup.HostConfig.deployDirectory Deploying web application directory [/home/infoetu/baptiste.lavogiez.etu/ctp-web/tomcat/webapps/host-manager]
15-Dec-2025 16:40:24.762 INFO [main] org.apache.jasper.servlet.TldScanner.scanJars At least one JAR was scanned for TLDs yet contained no TLDs. Enable debug logging for this logger for a complete list of JARs that were scanned but no TLDs were found in them. Skipping unneeded JARs during scanning can improve startup time and JSP compilation time.
15-Dec-2025 16:40:24.763 INFO [main] org.apache.catalina.startup.HostConfig.deployDirectory Deployment of web application directory [/home/infoetu/baptiste.lavogiez.etu/ctp-web/tomcat/webapps/host-manager] has finished in [47] ms
15-Dec-2025 16:40:24.763 INFO [main] org.apache.catalina.startup.HostConfig.deployDirectory Deploying web application directory [/home/infoetu/baptiste.lavogiez.etu/ctp-web/tomcat/webapps/vide]
15-Dec-2025 16:40:24.819 INFO [main] org.apache.jasper.servlet.TldScanner.scanJars At least one JAR was scanned for TLDs yet contained no TLDs. Enable debug logging for this logger for a complete list of JARs that were scanned but no TLDs were found in them. Skipping unneeded JARs during scanning can improve startup time and JSP compilation time.
15-Dec-2025 16:40:24.820 INFO [main] org.apache.catalina.startup.HostConfig.deployDirectory Deployment of web application directory [/home/infoetu/baptiste.lavogiez.etu/ctp-web/tomcat/webapps/vide] has finished in [56] ms
15-Dec-2025 16:40:24.820 INFO [main] org.apache.catalina.startup.HostConfig.deployDirectory Deploying web application directory [/home/infoetu/baptiste.lavogiez.etu/ctp-web/tomcat/webapps/examples]
15-Dec-2025 16:40:25.025 INFO [main] org.apache.jasper.servlet.TldScanner.scanJars At least one JAR was scanned for TLDs yet contained no TLDs. Enable debug logging for this logger for a complete list of JARs that were scanned but no TLDs were found in them. Skipping unneeded JARs during scanning can improve startup time and JSP compilation time.
15-Dec-2025 16:40:25.037 INFO [main] org.apache.catalina.startup.HostConfig.deployDirectory Deployment of web application directory [/home/infoetu/baptiste.lavogiez.etu/ctp-web/tomcat/webapps/examples] has finished in [217] ms
15-Dec-2025 16:40:25.037 INFO [main] org.apache.catalina.startup.HostConfig.deployDirectory Deploying web application directory [/home/infoetu/baptiste.lavogiez.etu/ctp-web/tomcat/webapps/ctp]
15-Dec-2025 16:40:25.087 INFO [main] org.apache.jasper.servlet.TldScanner.scanJars At least one JAR was scanned for TLDs yet contained no TLDs. Enable debug logging for this logger for a complete list of JARs that were scanned but no TLDs were found in them. Skipping unneeded JARs during scanning can improve startup time and JSP compilation time.
15-Dec-2025 16:40:25.087 INFO [main] org.apache.catalina.startup.HostConfig.deployDirectory Deployment of web application directory [/home/infoetu/baptiste.lavogiez.etu/ctp-web/tomcat/webapps/ctp] has finished in [50] ms
15-Dec-2025 16:40:25.089 INFO [main] org.apache.coyote.AbstractProtocol.start Starting ProtocolHandler ["http-nio-8080"]
15-Dec-2025 16:40:25.094 INFO [main] org.apache.catalina.startup.Catalina.start Server startup in [733] milliseconds
15-Dec-2025 16:42:02.524 INFO [Thread-1] org.apache.coyote.AbstractProtocol.pause Pausing ProtocolHandler ["http-nio-8080"]
15-Dec-2025 16:42:02.527 INFO [Thread-1] org.apache.catalina.core.StandardService.stopInternal Stopping service [Catalina]
15-Dec-2025 16:42:02.552 INFO [Thread-1] org.apache.coyote.AbstractProtocol.stop Stopping ProtocolHandler ["http-nio-8080"]
15-Dec-2025 16:42:02.560 INFO [Thread-1] org.apache.coyote.AbstractProtocol.destroy Destroying ProtocolHandler ["http-nio-8080"]
15-Dec-2025 16:42:03.510 INFO [main] org.apache.catalina.startup.VersionLoggerListener.log Server version name:   Apache Tomcat/11.0.13
15-Dec-2025 16:42:03.512 INFO [main] org.apache.catalina.startup.VersionLoggerListener.log Server built:          Oct 10 2025 13:57:31 UTC
15-Dec-2025 16:42:03.512 INFO [main] org.apache.catalina.startup.VersionLoggerListener.log Server version number: 11.0.13.0
15-Dec-2025 16:42:03.512 INFO [main] org.apache.catalina.startup.VersionLoggerListener.log OS Name:               Linux
15-Dec-2025 16:42:03.512 INFO [main] org.apache.catalina.startup.VersionLoggerListener.log OS Version:            6.12.43+deb13-amd64
15-Dec-2025 16:42:03.512 INFO [main] org.apache.catalina.startup.VersionLoggerListener.log Architecture:          amd64
15-Dec-2025 16:42:03.512 INFO [main] org.apache.catalina.startup.VersionLoggerListener.log Java Home:             /usr/lib/jvm/java-21-openjdk-amd64
15-Dec-2025 16:42:03.512 INFO [main] org.apache.catalina.startup.VersionLoggerListener.log JVM Version:           21.0.9+10-Debian-1deb13u1
15-Dec-2025 16:42:03.512 INFO [main] org.apache.catalina.startup.VersionLoggerListener.log JVM Vendor:            Debian
15-Dec-2025 16:42:03.512 INFO [main] org.apache.catalina.startup.VersionLoggerListener.log CATALINA_BASE:         /home/infoetu/baptiste.lavogiez.etu/ctp-web/tomcat
15-Dec-2025 16:42:03.512 INFO [main] org.apache.catalina.startup.VersionLoggerListener.log CATALINA_HOME:         /home/infoetu/baptiste.lavogiez.etu/ctp-web/tomcat
15-Dec-2025 16:42:03.516 INFO [main] org.apache.catalina.startup.VersionLoggerListener.log Command line argument: -Djava.util.logging.config.file=/home/infoetu/baptiste.lavogiez.etu/ctp-web/tomcat/conf/logging.properties
15-Dec-2025 16:42:03.516 INFO [main] org.apache.catalina.startup.VersionLoggerListener.log Command line argument: -Djava.util.logging.manager=org.apache.juli.ClassLoaderLogManager
15-Dec-2025 16:42:03.516 INFO [main] org.apache.catalina.startup.VersionLoggerListener.log Command line argument: -Djdk.tls.ephemeralDHKeySize=2048
15-Dec-2025 16:42:03.516 INFO [main] org.apache.catalina.startup.VersionLoggerListener.log Command line argument: -Dorg.apache.catalina.security.SecurityListener.UMASK=0027
15-Dec-2025 16:42:03.516 INFO [main] org.apache.catalina.startup.VersionLoggerListener.log Command line argument: --add-opens=java.base/java.lang=ALL-UNNAMED
15-Dec-2025 16:42:03.516 INFO [main] org.apache.catalina.startup.VersionLoggerListener.log Command line argument: --add-opens=java.base/java.lang.reflect=ALL-UNNAMED
15-Dec-2025 16:42:03.516 INFO [main] org.apache.catalina.startup.VersionLoggerListener.log Command line argument: --add-opens=java.base/java.io=ALL-UNNAMED
15-Dec-2025 16:42:03.516 INFO [main] org.apache.catalina.startup.VersionLoggerListener.log Command line argument: --add-opens=java.base/java.util=ALL-UNNAMED
15-Dec-2025 16:42:03.517 INFO [main] org.apache.catalina.startup.VersionLoggerListener.log Command line argument: --add-opens=java.base/java.util.concurrent=ALL-UNNAMED
15-Dec-2025 16:42:03.517 INFO [main] org.apache.catalina.startup.VersionLoggerListener.log Command line argument: --add-opens=java.rmi/sun.rmi.transport=ALL-UNNAMED
15-Dec-2025 16:42:03.517 INFO [main] org.apache.catalina.startup.VersionLoggerListener.log Command line argument: --enable-native-access=ALL-UNNAMED
15-Dec-2025 16:42:03.517 INFO [main] org.apache.catalina.startup.VersionLoggerListener.log Command line argument: -Dcatalina.base=/home/infoetu/baptiste.lavogiez.etu/ctp-web/tomcat
15-Dec-2025 16:42:03.517 INFO [main] org.apache.catalina.startup.VersionLoggerListener.log Command line argument: -Dcatalina.home=/home/infoetu/baptiste.lavogiez.etu/ctp-web/tomcat
15-Dec-2025 16:42:03.517 INFO [main] org.apache.catalina.startup.VersionLoggerListener.log Command line argument: -Djava.io.tmpdir=/home/infoetu/baptiste.lavogiez.etu/ctp-web/tomcat/temp
15-Dec-2025 16:42:03.518 INFO [main] org.apache.catalina.core.AprLifecycleListener.lifecycleEvent The Apache Tomcat Native library which allows using OpenSSL was not found on the java.library.path: [/usr/java/packages/lib:/usr/lib/x86_64-linux-gnu/jni:/lib/x86_64-linux-gnu:/usr/lib/x86_64-linux-gnu:/usr/lib/jni:/lib:/usr/lib]
15-Dec-2025 16:42:03.637 INFO [main] org.apache.coyote.AbstractProtocol.init Initializing ProtocolHandler ["http-nio-8080"]
15-Dec-2025 16:42:03.646 INFO [main] org.apache.catalina.startup.Catalina.load Server initialization in [208] milliseconds
15-Dec-2025 16:42:03.663 INFO [main] org.apache.catalina.core.StandardService.startInternal Starting service [Catalina]
15-Dec-2025 16:42:03.663 INFO [main] org.apache.catalina.core.StandardEngine.startInternal Starting Servlet engine: [Apache Tomcat/11.0.13]
15-Dec-2025 16:42:03.668 INFO [main] org.apache.catalina.startup.HostConfig.deployDirectory Deploying web application directory [/home/infoetu/baptiste.lavogiez.etu/ctp-web/tomcat/webapps/ROOT]
15-Dec-2025 16:42:03.827 INFO [main] org.apache.jasper.servlet.TldScanner.scanJars At least one JAR was scanned for TLDs yet contained no TLDs. Enable debug logging for this logger for a complete list of JARs that were scanned but no TLDs were found in them. Skipping unneeded JARs during scanning can improve startup time and JSP compilation time.
15-Dec-2025 16:42:03.840 INFO [main] org.apache.catalina.startup.HostConfig.deployDirectory Deployment of web application directory [/home/infoetu/baptiste.lavogiez.etu/ctp-web/tomcat/webapps/ROOT] has finished in [172] ms
15-Dec-2025 16:42:03.840 INFO [main] org.apache.catalina.startup.HostConfig.deployDirectory Deploying web application directory [/home/infoetu/baptiste.lavogiez.etu/ctp-web/tomcat/webapps/docs]
15-Dec-2025 16:42:03.891 INFO [main] org.apache.jasper.servlet.TldScanner.scanJars At least one JAR was scanned for TLDs yet contained no TLDs. Enable debug logging for this logger for a complete list of JARs that were scanned but no TLDs were found in them. Skipping unneeded JARs during scanning can improve startup time and JSP compilation time.
15-Dec-2025 16:42:03.892 INFO [main] org.apache.catalina.startup.HostConfig.deployDirectory Deployment of web application directory [/home/infoetu/baptiste.lavogiez.etu/ctp-web/tomcat/webapps/docs] has finished in [52] ms
15-Dec-2025 16:42:03.892 INFO [main] org.apache.catalina.startup.HostConfig.deployDirectory Deploying web application directory [/home/infoetu/baptiste.lavogiez.etu/ctp-web/tomcat/webapps/ctp-2025]
15-Dec-2025 16:42:03.961 INFO [main] org.apache.jasper.servlet.TldScanner.scanJars At least one JAR was scanned for TLDs yet contained no TLDs. Enable debug logging for this logger for a complete list of JARs that were scanned but no TLDs were found in them. Skipping unneeded JARs during scanning can improve startup time and JSP compilation time.
15-Dec-2025 16:42:03.963 INFO [main] org.apache.catalina.startup.HostConfig.deployDirectory Deployment of web application directory [/home/infoetu/baptiste.lavogiez.etu/ctp-web/tomcat/webapps/ctp-2025] has finished in [71] ms
15-Dec-2025 16:42:03.963 INFO [main] org.apache.catalina.startup.HostConfig.deployDirectory Deploying web application directory [/home/infoetu/baptiste.lavogiez.etu/ctp-web/tomcat/webapps/manager]
15-Dec-2025 16:42:04.010 INFO [main] org.apache.jasper.servlet.TldScanner.scanJars At least one JAR was scanned for TLDs yet contained no TLDs. Enable debug logging for this logger for a complete list of JARs that were scanned but no TLDs were found in them. Skipping unneeded JARs during scanning can improve startup time and JSP compilation time.
15-Dec-2025 16:42:04.013 INFO [main] org.apache.catalina.startup.HostConfig.deployDirectory Deployment of web application directory [/home/infoetu/baptiste.lavogiez.etu/ctp-web/tomcat/webapps/manager] has finished in [50] ms
15-Dec-2025 16:42:04.013 INFO [main] org.apache.catalina.startup.HostConfig.deployDirectory Deploying web application directory [/home/infoetu/baptiste.lavogiez.etu/ctp-web/tomcat/webapps/host-manager]
15-Dec-2025 16:42:04.057 INFO [main] org.apache.jasper.servlet.TldScanner.scanJars At least one JAR was scanned for TLDs yet contained no TLDs. Enable debug logging for this logger for a complete list of JARs that were scanned but no TLDs were found in them. Skipping unneeded JARs during scanning can improve startup time and JSP compilation time.
15-Dec-2025 16:42:04.058 INFO [main] org.apache.catalina.startup.HostConfig.deployDirectory Deployment of web application directory [/home/infoetu/baptiste.lavogiez.etu/ctp-web/tomcat/webapps/host-manager] has finished in [45] ms
15-Dec-2025 16:42:04.059 INFO [main] org.apache.catalina.startup.HostConfig.deployDirectory Deploying web application directory [/home/infoetu/baptiste.lavogiez.etu/ctp-web/tomcat/webapps/vide]
15-Dec-2025 16:42:04.115 INFO [main] org.apache.jasper.servlet.TldScanner.scanJars At least one JAR was scanned for TLDs yet contained no TLDs. Enable debug logging for this logger for a complete list of JARs that were scanned but no TLDs were found in them. Skipping unneeded JARs during scanning can improve startup time and JSP compilation time.
15-Dec-2025 16:42:04.116 INFO [main] org.apache.catalina.startup.HostConfig.deployDirectory Deployment of web application directory [/home/infoetu/baptiste.lavogiez.etu/ctp-web/tomcat/webapps/vide] has finished in [57] ms
15-Dec-2025 16:42:04.116 INFO [main] org.apache.catalina.startup.HostConfig.deployDirectory Deploying web application directory [/home/infoetu/baptiste.lavogiez.etu/ctp-web/tomcat/webapps/examples]
15-Dec-2025 16:42:04.315 INFO [main] org.apache.jasper.servlet.TldScanner.scanJars At least one JAR was scanned for TLDs yet contained no TLDs. Enable debug logging for this logger for a complete list of JARs that were scanned but no TLDs were found in them. Skipping unneeded JARs during scanning can improve startup time and JSP compilation time.
15-Dec-2025 16:42:04.329 INFO [main] org.apache.catalina.startup.HostConfig.deployDirectory Deployment of web application directory [/home/infoetu/baptiste.lavogiez.etu/ctp-web/tomcat/webapps/examples] has finished in [212] ms
15-Dec-2025 16:42:04.329 INFO [main] org.apache.catalina.startup.HostConfig.deployDirectory Deploying web application directory [/home/infoetu/baptiste.lavogiez.etu/ctp-web/tomcat/webapps/ctp]
15-Dec-2025 16:42:04.390 INFO [main] org.apache.jasper.servlet.TldScanner.scanJars At least one JAR was scanned for TLDs yet contained no TLDs. Enable debug logging for this logger for a complete list of JARs that were scanned but no TLDs were found in them. Skipping unneeded JARs during scanning can improve startup time and JSP compilation time.
15-Dec-2025 16:42:04.391 INFO [main] org.apache.catalina.startup.HostConfig.deployDirectory Deployment of web application directory [/home/infoetu/baptiste.lavogiez.etu/ctp-web/tomcat/webapps/ctp] has finished in [62] ms
15-Dec-2025 16:42:04.393 INFO [main] org.apache.coyote.AbstractProtocol.start Starting ProtocolHandler ["http-nio-8080"]
15-Dec-2025 16:42:04.399 INFO [main] org.apache.catalina.startup.Catalina.start Server startup in [751] milliseconds
15-Dec-2025 16:48:36.294 INFO [Thread-1] org.apache.coyote.AbstractProtocol.pause Pausing ProtocolHandler ["http-nio-8080"]
15-Dec-2025 16:48:36.296 INFO [Thread-1] org.apache.catalina.core.StandardService.stopInternal Stopping service [Catalina]
15-Dec-2025 16:48:36.319 INFO [Thread-1] org.apache.coyote.AbstractProtocol.stop Stopping ProtocolHandler ["http-nio-8080"]
15-Dec-2025 16:48:36.329 INFO [Thread-1] org.apache.coyote.AbstractProtocol.destroy Destroying ProtocolHandler ["http-nio-8080"]
15-Dec-2025 16:48:37.139 INFO [main] org.apache.catalina.startup.VersionLoggerListener.log Server version name:   Apache Tomcat/11.0.13
15-Dec-2025 16:48:37.141 INFO [main] org.apache.catalina.startup.VersionLoggerListener.log Server built:          Oct 10 2025 13:57:31 UTC
15-Dec-2025 16:48:37.141 INFO [main] org.apache.catalina.startup.VersionLoggerListener.log Server version number: 11.0.13.0
15-Dec-2025 16:48:37.141 INFO [main] org.apache.catalina.startup.VersionLoggerListener.log OS Name:               Linux
15-Dec-2025 16:48:37.141 INFO [main] org.apache.catalina.startup.VersionLoggerListener.log OS Version:            6.12.43+deb13-amd64
15-Dec-2025 16:48:37.141 INFO [main] org.apache.catalina.startup.VersionLoggerListener.log Architecture:          amd64
15-Dec-2025 16:48:37.142 INFO [main] org.apache.catalina.startup.VersionLoggerListener.log Java Home:             /usr/lib/jvm/java-21-openjdk-amd64
15-Dec-2025 16:48:37.142 INFO [main] org.apache.catalina.startup.VersionLoggerListener.log JVM Version:           21.0.9+10-Debian-1deb13u1
15-Dec-2025 16:48:37.142 INFO [main] org.apache.catalina.startup.VersionLoggerListener.log JVM Vendor:            Debian
15-Dec-2025 16:48:37.142 INFO [main] org.apache.catalina.startup.VersionLoggerListener.log CATALINA_BASE:         /home/infoetu/baptiste.lavogiez.etu/ctp-web/tomcat
15-Dec-2025 16:48:37.142 INFO [main] org.apache.catalina.startup.VersionLoggerListener.log CATALINA_HOME:         /home/infoetu/baptiste.lavogiez.etu/ctp-web/tomcat
15-Dec-2025 16:48:37.146 INFO [main] org.apache.catalina.startup.VersionLoggerListener.log Command line argument: -Djava.util.logging.config.file=/home/infoetu/baptiste.lavogiez.etu/ctp-web/tomcat/conf/logging.properties
15-Dec-2025 16:48:37.146 INFO [main] org.apache.catalina.startup.VersionLoggerListener.log Command line argument: -Djava.util.logging.manager=org.apache.juli.ClassLoaderLogManager
15-Dec-2025 16:48:37.146 INFO [main] org.apache.catalina.startup.VersionLoggerListener.log Command line argument: -Djdk.tls.ephemeralDHKeySize=2048
15-Dec-2025 16:48:37.146 INFO [main] org.apache.catalina.startup.VersionLoggerListener.log Command line argument: -Dorg.apache.catalina.security.SecurityListener.UMASK=0027
15-Dec-2025 16:48:37.146 INFO [main] org.apache.catalina.startup.VersionLoggerListener.log Command line argument: --add-opens=java.base/java.lang=ALL-UNNAMED
15-Dec-2025 16:48:37.146 INFO [main] org.apache.catalina.startup.VersionLoggerListener.log Command line argument: --add-opens=java.base/java.lang.reflect=ALL-UNNAMED
15-Dec-2025 16:48:37.146 INFO [main] org.apache.catalina.startup.VersionLoggerListener.log Command line argument: --add-opens=java.base/java.io=ALL-UNNAMED
15-Dec-2025 16:48:37.146 INFO [main] org.apache.catalina.startup.VersionLoggerListener.log Command line argument: --add-opens=java.base/java.util=ALL-UNNAMED
15-Dec-2025 16:48:37.146 INFO [main] org.apache.catalina.startup.VersionLoggerListener.log Command line argument: --add-opens=java.base/java.util.concurrent=ALL-UNNAMED
15-Dec-2025 16:48:37.146 INFO [main] org.apache.catalina.startup.VersionLoggerListener.log Command line argument: --add-opens=java.rmi/sun.rmi.transport=ALL-UNNAMED
15-Dec-2025 16:48:37.146 INFO [main] org.apache.catalina.startup.VersionLoggerListener.log Command line argument: --enable-native-access=ALL-UNNAMED
15-Dec-2025 16:48:37.146 INFO [main] org.apache.catalina.startup.VersionLoggerListener.log Command line argument: -Dcatalina.base=/home/infoetu/baptiste.lavogiez.etu/ctp-web/tomcat
15-Dec-2025 16:48:37.146 INFO [main] org.apache.catalina.startup.VersionLoggerListener.log Command line argument: -Dcatalina.home=/home/infoetu/baptiste.lavogiez.etu/ctp-web/tomcat
15-Dec-2025 16:48:37.146 INFO [main] org.apache.catalina.startup.VersionLoggerListener.log Command line argument: -Djava.io.tmpdir=/home/infoetu/baptiste.lavogiez.etu/ctp-web/tomcat/temp
15-Dec-2025 16:48:37.147 INFO [main] org.apache.catalina.core.AprLifecycleListener.lifecycleEvent The Apache Tomcat Native library which allows using OpenSSL was not found on the java.library.path: [/usr/java/packages/lib:/usr/lib/x86_64-linux-gnu/jni:/lib/x86_64-linux-gnu:/usr/lib/x86_64-linux-gnu:/usr/lib/jni:/lib:/usr/lib]
15-Dec-2025 16:48:37.263 INFO [main] org.apache.coyote.AbstractProtocol.init Initializing ProtocolHandler ["http-nio-8080"]
15-Dec-2025 16:48:37.271 INFO [main] org.apache.catalina.startup.Catalina.load Server initialization in [204] milliseconds
15-Dec-2025 16:48:37.288 INFO [main] org.apache.catalina.core.StandardService.startInternal Starting service [Catalina]
15-Dec-2025 16:48:37.288 INFO [main] org.apache.catalina.core.StandardEngine.startInternal Starting Servlet engine: [Apache Tomcat/11.0.13]
15-Dec-2025 16:48:37.293 INFO [main] org.apache.catalina.startup.HostConfig.deployDirectory Deploying web application directory [/home/infoetu/baptiste.lavogiez.etu/ctp-web/tomcat/webapps/ROOT]
15-Dec-2025 16:48:37.456 INFO [main] org.apache.jasper.servlet.TldScanner.scanJars At least one JAR was scanned for TLDs yet contained no TLDs. Enable debug logging for this logger for a complete list of JARs that were scanned but no TLDs were found in them. Skipping unneeded JARs during scanning can improve startup time and JSP compilation time.
15-Dec-2025 16:48:37.470 INFO [main] org.apache.catalina.startup.HostConfig.deployDirectory Deployment of web application directory [/home/infoetu/baptiste.lavogiez.etu/ctp-web/tomcat/webapps/ROOT] has finished in [178] ms
15-Dec-2025 16:48:37.470 INFO [main] org.apache.catalina.startup.HostConfig.deployDirectory Deploying web application directory [/home/infoetu/baptiste.lavogiez.etu/ctp-web/tomcat/webapps/docs]
15-Dec-2025 16:48:37.519 INFO [main] org.apache.jasper.servlet.TldScanner.scanJars At least one JAR was scanned for TLDs yet contained no TLDs. Enable debug logging for this logger for a complete list of JARs that were scanned but no TLDs were found in them. Skipping unneeded JARs during scanning can improve startup time and JSP compilation time.
15-Dec-2025 16:48:37.519 INFO [main] org.apache.catalina.startup.HostConfig.deployDirectory Deployment of web application directory [/home/infoetu/baptiste.lavogiez.etu/ctp-web/tomcat/webapps/docs] has finished in [49] ms
15-Dec-2025 16:48:37.519 INFO [main] org.apache.catalina.startup.HostConfig.deployDirectory Deploying web application directory [/home/infoetu/baptiste.lavogiez.etu/ctp-web/tomcat/webapps/ctp-2025]
15-Dec-2025 16:48:37.589 INFO [main] org.apache.jasper.servlet.TldScanner.scanJars At least one JAR was scanned for TLDs yet contained no TLDs. Enable debug logging for this logger for a complete list of JARs that were scanned but no TLDs were found in them. Skipping unneeded JARs during scanning can improve startup time and JSP compilation time.
15-Dec-2025 16:48:37.591 INFO [main] org.apache.catalina.startup.HostConfig.deployDirectory Deployment of web application directory [/home/infoetu/baptiste.lavogiez.etu/ctp-web/tomcat/webapps/ctp-2025] has finished in [72] ms
15-Dec-2025 16:48:37.591 INFO [main] org.apache.catalina.startup.HostConfig.deployDirectory Deploying web application directory [/home/infoetu/baptiste.lavogiez.etu/ctp-web/tomcat/webapps/manager]
15-Dec-2025 16:48:37.637 INFO [main] org.apache.jasper.servlet.TldScanner.scanJars At least one JAR was scanned for TLDs yet contained no TLDs. Enable debug logging for this logger for a complete list of JARs that were scanned but no TLDs were found in them. Skipping unneeded JARs during scanning can improve startup time and JSP compilation time.
15-Dec-2025 16:48:37.640 INFO [main] org.apache.catalina.startup.HostConfig.deployDirectory Deployment of web application directory [/home/infoetu/baptiste.lavogiez.etu/ctp-web/tomcat/webapps/manager] has finished in [48] ms
15-Dec-2025 16:48:37.640 INFO [main] org.apache.catalina.startup.HostConfig.deployDirectory Deploying web application directory [/home/infoetu/baptiste.lavogiez.etu/ctp-web/tomcat/webapps/host-manager]
15-Dec-2025 16:48:37.682 INFO [main] org.apache.jasper.servlet.TldScanner.scanJars At least one JAR was scanned for TLDs yet contained no TLDs. Enable debug logging for this logger for a complete list of JARs that were scanned but no TLDs were found in them. Skipping unneeded JARs during scanning can improve startup time and JSP compilation time.
15-Dec-2025 16:48:37.683 INFO [main] org.apache.catalina.startup.HostConfig.deployDirectory Deployment of web application directory [/home/infoetu/baptiste.lavogiez.etu/ctp-web/tomcat/webapps/host-manager] has finished in [43] ms
15-Dec-2025 16:48:37.683 INFO [main] org.apache.catalina.startup.HostConfig.deployDirectory Deploying web application directory [/home/infoetu/baptiste.lavogiez.etu/ctp-web/tomcat/webapps/vide]
15-Dec-2025 16:48:37.735 INFO [main] org.apache.jasper.servlet.TldScanner.scanJars At least one JAR was scanned for TLDs yet contained no TLDs. Enable debug logging for this logger for a complete list of JARs that were scanned but no TLDs were found in them. Skipping unneeded JARs during scanning can improve startup time and JSP compilation time.
15-Dec-2025 16:48:37.736 INFO [main] org.apache.catalina.startup.HostConfig.deployDirectory Deployment of web application directory [/home/infoetu/baptiste.lavogiez.etu/ctp-web/tomcat/webapps/vide] has finished in [53] ms
15-Dec-2025 16:48:37.736 INFO [main] org.apache.catalina.startup.HostConfig.deployDirectory Deploying web application directory [/home/infoetu/baptiste.lavogiez.etu/ctp-web/tomcat/webapps/examples]
15-Dec-2025 16:48:37.954 INFO [main] org.apache.jasper.servlet.TldScanner.scanJars At least one JAR was scanned for TLDs yet contained no TLDs. Enable debug logging for this logger for a complete list of JARs that were scanned but no TLDs were found in them. Skipping unneeded JARs during scanning can improve startup time and JSP compilation time.
15-Dec-2025 16:48:37.966 INFO [main] org.apache.catalina.startup.HostConfig.deployDirectory Deployment of web application directory [/home/infoetu/baptiste.lavogiez.etu/ctp-web/tomcat/webapps/examples] has finished in [230] ms
15-Dec-2025 16:48:37.966 INFO [main] org.apache.catalina.startup.HostConfig.deployDirectory Deploying web application directory [/home/infoetu/baptiste.lavogiez.etu/ctp-web/tomcat/webapps/ctp]
15-Dec-2025 16:48:38.028 INFO [main] org.apache.jasper.servlet.TldScanner.scanJars At least one JAR was scanned for TLDs yet contained no TLDs. Enable debug logging for this logger for a complete list of JARs that were scanned but no TLDs were found in them. Skipping unneeded JARs during scanning can improve startup time and JSP compilation time.
15-Dec-2025 16:48:38.029 INFO [main] org.apache.catalina.startup.HostConfig.deployDirectory Deployment of web application directory [/home/infoetu/baptiste.lavogiez.etu/ctp-web/tomcat/webapps/ctp] has finished in [63] ms
15-Dec-2025 16:48:38.031 INFO [main] org.apache.coyote.AbstractProtocol.start Starting ProtocolHandler ["http-nio-8080"]
15-Dec-2025 16:48:38.036 INFO [main] org.apache.catalina.startup.Catalina.start Server startup in [764] milliseconds
15-Dec-2025 16:49:35.296 INFO [Thread-1] org.apache.coyote.AbstractProtocol.pause Pausing ProtocolHandler ["http-nio-8080"]
15-Dec-2025 16:49:35.298 INFO [Thread-1] org.apache.catalina.core.StandardService.stopInternal Stopping service [Catalina]
15-Dec-2025 16:49:35.323 INFO [Thread-1] org.apache.coyote.AbstractProtocol.stop Stopping ProtocolHandler ["http-nio-8080"]
15-Dec-2025 16:49:35.331 INFO [Thread-1] org.apache.coyote.AbstractProtocol.destroy Destroying ProtocolHandler ["http-nio-8080"]
15-Dec-2025 16:49:36.366 INFO [main] org.apache.catalina.startup.VersionLoggerListener.log Server version name:   Apache Tomcat/11.0.13
15-Dec-2025 16:49:36.368 INFO [main] org.apache.catalina.startup.VersionLoggerListener.log Server built:          Oct 10 2025 13:57:31 UTC
15-Dec-2025 16:49:36.368 INFO [main] org.apache.catalina.startup.VersionLoggerListener.log Server version number: 11.0.13.0
15-Dec-2025 16:49:36.368 INFO [main] org.apache.catalina.startup.VersionLoggerListener.log OS Name:               Linux
15-Dec-2025 16:49:36.368 INFO [main] org.apache.catalina.startup.VersionLoggerListener.log OS Version:            6.12.43+deb13-amd64
15-Dec-2025 16:49:36.368 INFO [main] org.apache.catalina.startup.VersionLoggerListener.log Architecture:          amd64
15-Dec-2025 16:49:36.368 INFO [main] org.apache.catalina.startup.VersionLoggerListener.log Java Home:             /usr/lib/jvm/java-21-openjdk-amd64
15-Dec-2025 16:49:36.368 INFO [main] org.apache.catalina.startup.VersionLoggerListener.log JVM Version:           21.0.9+10-Debian-1deb13u1
15-Dec-2025 16:49:36.368 INFO [main] org.apache.catalina.startup.VersionLoggerListener.log JVM Vendor:            Debian
15-Dec-2025 16:49:36.368 INFO [main] org.apache.catalina.startup.VersionLoggerListener.log CATALINA_BASE:         /home/infoetu/baptiste.lavogiez.etu/ctp-web/tomcat
15-Dec-2025 16:49:36.369 INFO [main] org.apache.catalina.startup.VersionLoggerListener.log CATALINA_HOME:         /home/infoetu/baptiste.lavogiez.etu/ctp-web/tomcat
15-Dec-2025 16:49:36.373 INFO [main] org.apache.catalina.startup.VersionLoggerListener.log Command line argument: -Djava.util.logging.config.file=/home/infoetu/baptiste.lavogiez.etu/ctp-web/tomcat/conf/logging.properties
15-Dec-2025 16:49:36.373 INFO [main] org.apache.catalina.startup.VersionLoggerListener.log Command line argument: -Djava.util.logging.manager=org.apache.juli.ClassLoaderLogManager
15-Dec-2025 16:49:36.373 INFO [main] org.apache.catalina.startup.VersionLoggerListener.log Command line argument: -Djdk.tls.ephemeralDHKeySize=2048
15-Dec-2025 16:49:36.373 INFO [main] org.apache.catalina.startup.VersionLoggerListener.log Command line argument: -Dorg.apache.catalina.security.SecurityListener.UMASK=0027
15-Dec-2025 16:49:36.373 INFO [main] org.apache.catalina.startup.VersionLoggerListener.log Command line argument: --add-opens=java.base/java.lang=ALL-UNNAMED
15-Dec-2025 16:49:36.373 INFO [main] org.apache.catalina.startup.VersionLoggerListener.log Command line argument: --add-opens=java.base/java.lang.reflect=ALL-UNNAMED
15-Dec-2025 16:49:36.373 INFO [main] org.apache.catalina.startup.VersionLoggerListener.log Command line argument: --add-opens=java.base/java.io=ALL-UNNAMED
15-Dec-2025 16:49:36.373 INFO [main] org.apache.catalina.startup.VersionLoggerListener.log Command line argument: --add-opens=java.base/java.util=ALL-UNNAMED
15-Dec-2025 16:49:36.373 INFO [main] org.apache.catalina.startup.VersionLoggerListener.log Command line argument: --add-opens=java.base/java.util.concurrent=ALL-UNNAMED
15-Dec-2025 16:49:36.373 INFO [main] org.apache.catalina.startup.VersionLoggerListener.log Command line argument: --add-opens=java.rmi/sun.rmi.transport=ALL-UNNAMED
15-Dec-2025 16:49:36.373 INFO [main] org.apache.catalina.startup.VersionLoggerListener.log Command line argument: --enable-native-access=ALL-UNNAMED
15-Dec-2025 16:49:36.373 INFO [main] org.apache.catalina.startup.VersionLoggerListener.log Command line argument: -Dcatalina.base=/home/infoetu/baptiste.lavogiez.etu/ctp-web/tomcat
15-Dec-2025 16:49:36.373 INFO [main] org.apache.catalina.startup.VersionLoggerListener.log Command line argument: -Dcatalina.home=/home/infoetu/baptiste.lavogiez.etu/ctp-web/tomcat
15-Dec-2025 16:49:36.373 INFO [main] org.apache.catalina.startup.VersionLoggerListener.log Command line argument: -Djava.io.tmpdir=/home/infoetu/baptiste.lavogiez.etu/ctp-web/tomcat/temp
15-Dec-2025 16:49:36.374 INFO [main] org.apache.catalina.core.AprLifecycleListener.lifecycleEvent The Apache Tomcat Native library which allows using OpenSSL was not found on the java.library.path: [/usr/java/packages/lib:/usr/lib/x86_64-linux-gnu/jni:/lib/x86_64-linux-gnu:/usr/lib/x86_64-linux-gnu:/usr/lib/jni:/lib:/usr/lib]
15-Dec-2025 16:49:36.492 INFO [main] org.apache.coyote.AbstractProtocol.init Initializing ProtocolHandler ["http-nio-8080"]
15-Dec-2025 16:49:36.500 INFO [main] org.apache.catalina.startup.Catalina.load Server initialization in [205] milliseconds
15-Dec-2025 16:49:36.517 INFO [main] org.apache.catalina.core.StandardService.startInternal Starting service [Catalina]
15-Dec-2025 16:49:36.517 INFO [main] org.apache.catalina.core.StandardEngine.startInternal Starting Servlet engine: [Apache Tomcat/11.0.13]
15-Dec-2025 16:49:36.521 INFO [main] org.apache.catalina.startup.HostConfig.deployDirectory Deploying web application directory [/home/infoetu/baptiste.lavogiez.etu/ctp-web/tomcat/webapps/ROOT]
15-Dec-2025 16:49:36.682 INFO [main] org.apache.jasper.servlet.TldScanner.scanJars At least one JAR was scanned for TLDs yet contained no TLDs. Enable debug logging for this logger for a complete list of JARs that were scanned but no TLDs were found in them. Skipping unneeded JARs during scanning can improve startup time and JSP compilation time.
15-Dec-2025 16:49:36.696 INFO [main] org.apache.catalina.startup.HostConfig.deployDirectory Deployment of web application directory [/home/infoetu/baptiste.lavogiez.etu/ctp-web/tomcat/webapps/ROOT] has finished in [175] ms
15-Dec-2025 16:49:36.696 INFO [main] org.apache.catalina.startup.HostConfig.deployDirectory Deploying web application directory [/home/infoetu/baptiste.lavogiez.etu/ctp-web/tomcat/webapps/docs]
15-Dec-2025 16:49:36.744 INFO [main] org.apache.jasper.servlet.TldScanner.scanJars At least one JAR was scanned for TLDs yet contained no TLDs. Enable debug logging for this logger for a complete list of JARs that were scanned but no TLDs were found in them. Skipping unneeded JARs during scanning can improve startup time and JSP compilation time.
15-Dec-2025 16:49:36.745 INFO [main] org.apache.catalina.startup.HostConfig.deployDirectory Deployment of web application directory [/home/infoetu/baptiste.lavogiez.etu/ctp-web/tomcat/webapps/docs] has finished in [48] ms
15-Dec-2025 16:49:36.745 INFO [main] org.apache.catalina.startup.HostConfig.deployDirectory Deploying web application directory [/home/infoetu/baptiste.lavogiez.etu/ctp-web/tomcat/webapps/ctp-2025]
15-Dec-2025 16:49:36.810 INFO [main] org.apache.jasper.servlet.TldScanner.scanJars At least one JAR was scanned for TLDs yet contained no TLDs. Enable debug logging for this logger for a complete list of JARs that were scanned but no TLDs were found in them. Skipping unneeded JARs during scanning can improve startup time and JSP compilation time.
15-Dec-2025 16:49:36.812 INFO [main] org.apache.catalina.startup.HostConfig.deployDirectory Deployment of web application directory [/home/infoetu/baptiste.lavogiez.etu/ctp-web/tomcat/webapps/ctp-2025] has finished in [67] ms
15-Dec-2025 16:49:36.812 INFO [main] org.apache.catalina.startup.HostConfig.deployDirectory Deploying web application directory [/home/infoetu/baptiste.lavogiez.etu/ctp-web/tomcat/webapps/manager]
15-Dec-2025 16:49:36.858 INFO [main] org.apache.jasper.servlet.TldScanner.scanJars At least one JAR was scanned for TLDs yet contained no TLDs. Enable debug logging for this logger for a complete list of JARs that were scanned but no TLDs were found in them. Skipping unneeded JARs during scanning can improve startup time and JSP compilation time.
15-Dec-2025 16:49:36.860 INFO [main] org.apache.catalina.startup.HostConfig.deployDirectory Deployment of web application directory [/home/infoetu/baptiste.lavogiez.etu/ctp-web/tomcat/webapps/manager] has finished in [48] ms
15-Dec-2025 16:49:36.861 INFO [main] org.apache.catalina.startup.HostConfig.deployDirectory Deploying web application directory [/home/infoetu/baptiste.lavogiez.etu/ctp-web/tomcat/webapps/host-manager]
15-Dec-2025 16:49:36.902 INFO [main] org.apache.jasper.servlet.TldScanner.scanJars At least one JAR was scanned for TLDs yet contained no TLDs. Enable debug logging for this logger for a complete list of JARs that were scanned but no TLDs were found in them. Skipping unneeded JARs during scanning can improve startup time and JSP compilation time.
15-Dec-2025 16:49:36.903 INFO [main] org.apache.catalina.startup.HostConfig.deployDirectory Deployment of web application directory [/home/infoetu/baptiste.lavogiez.etu/ctp-web/tomcat/webapps/host-manager] has finished in [42] ms
15-Dec-2025 16:49:36.903 INFO [main] org.apache.catalina.startup.HostConfig.deployDirectory Deploying web application directory [/home/infoetu/baptiste.lavogiez.etu/ctp-web/tomcat/webapps/vide]
15-Dec-2025 16:49:36.949 INFO [main] org.apache.jasper.servlet.TldScanner.scanJars At least one JAR was scanned for TLDs yet contained no TLDs. Enable debug logging for this logger for a complete list of JARs that were scanned but no TLDs were found in them. Skipping unneeded JARs during scanning can improve startup time and JSP compilation time.
15-Dec-2025 16:49:36.950 INFO [main] org.apache.catalina.startup.HostConfig.deployDirectory Deployment of web application directory [/home/infoetu/baptiste.lavogiez.etu/ctp-web/tomcat/webapps/vide] has finished in [47] ms
15-Dec-2025 16:49:36.950 INFO [main] org.apache.catalina.startup.HostConfig.deployDirectory Deploying web application directory [/home/infoetu/baptiste.lavogiez.etu/ctp-web/tomcat/webapps/examples]
15-Dec-2025 16:49:37.090 INFO [main] org.apache.jasper.servlet.TldScanner.scanJars At least one JAR was scanned for TLDs yet contained no TLDs. Enable debug logging for this logger for a complete list of JARs that were scanned but no TLDs were found in them. Skipping unneeded JARs during scanning can improve startup time and JSP compilation time.
15-Dec-2025 16:49:37.103 INFO [main] org.apache.catalina.startup.HostConfig.deployDirectory Deployment of web application directory [/home/infoetu/baptiste.lavogiez.etu/ctp-web/tomcat/webapps/examples] has finished in [153] ms
15-Dec-2025 16:49:37.103 INFO [main] org.apache.catalina.startup.HostConfig.deployDirectory Deploying web application directory [/home/infoetu/baptiste.lavogiez.etu/ctp-web/tomcat/webapps/ctp]
15-Dec-2025 16:49:37.152 INFO [main] org.apache.jasper.servlet.TldScanner.scanJars At least one JAR was scanned for TLDs yet contained no TLDs. Enable debug logging for this logger for a complete list of JARs that were scanned but no TLDs were found in them. Skipping unneeded JARs during scanning can improve startup time and JSP compilation time.
15-Dec-2025 16:49:37.153 INFO [main] org.apache.catalina.startup.HostConfig.deployDirectory Deployment of web application directory [/home/infoetu/baptiste.lavogiez.etu/ctp-web/tomcat/webapps/ctp] has finished in [50] ms
15-Dec-2025 16:49:37.155 INFO [main] org.apache.coyote.AbstractProtocol.start Starting ProtocolHandler ["http-nio-8080"]
15-Dec-2025 16:49:37.160 INFO [main] org.apache.catalina.startup.Catalina.start Server startup in [659] milliseconds
15-Dec-2025 16:50:30.121 INFO [Thread-1] org.apache.coyote.AbstractProtocol.pause Pausing ProtocolHandler ["http-nio-8080"]
15-Dec-2025 16:50:30.124 INFO [Thread-1] org.apache.catalina.core.StandardService.stopInternal Stopping service [Catalina]
15-Dec-2025 16:50:30.147 INFO [Thread-1] org.apache.coyote.AbstractProtocol.stop Stopping ProtocolHandler ["http-nio-8080"]
15-Dec-2025 16:50:30.156 INFO [Thread-1] org.apache.coyote.AbstractProtocol.destroy Destroying ProtocolHandler ["http-nio-8080"]
15-Dec-2025 16:50:31.071 INFO [main] org.apache.catalina.startup.VersionLoggerListener.log Server version name:   Apache Tomcat/11.0.13
15-Dec-2025 16:50:31.073 INFO [main] org.apache.catalina.startup.VersionLoggerListener.log Server built:          Oct 10 2025 13:57:31 UTC
15-Dec-2025 16:50:31.073 INFO [main] org.apache.catalina.startup.VersionLoggerListener.log Server version number: 11.0.13.0
15-Dec-2025 16:50:31.073 INFO [main] org.apache.catalina.startup.VersionLoggerListener.log OS Name:               Linux
15-Dec-2025 16:50:31.073 INFO [main] org.apache.catalina.startup.VersionLoggerListener.log OS Version:            6.12.43+deb13-amd64
15-Dec-2025 16:50:31.073 INFO [main] org.apache.catalina.startup.VersionLoggerListener.log Architecture:          amd64
15-Dec-2025 16:50:31.073 INFO [main] org.apache.catalina.startup.VersionLoggerListener.log Java Home:             /usr/lib/jvm/java-21-openjdk-amd64
15-Dec-2025 16:50:31.073 INFO [main] org.apache.catalina.startup.VersionLoggerListener.log JVM Version:           21.0.9+10-Debian-1deb13u1
15-Dec-2025 16:50:31.073 INFO [main] org.apache.catalina.startup.VersionLoggerListener.log JVM Vendor:            Debian
15-Dec-2025 16:50:31.073 INFO [main] org.apache.catalina.startup.VersionLoggerListener.log CATALINA_BASE:         /home/infoetu/baptiste.lavogiez.etu/ctp-web/tomcat
15-Dec-2025 16:50:31.073 INFO [main] org.apache.catalina.startup.VersionLoggerListener.log CATALINA_HOME:         /home/infoetu/baptiste.lavogiez.etu/ctp-web/tomcat
15-Dec-2025 16:50:31.077 INFO [main] org.apache.catalina.startup.VersionLoggerListener.log Command line argument: -Djava.util.logging.config.file=/home/infoetu/baptiste.lavogiez.etu/ctp-web/tomcat/conf/logging.properties
15-Dec-2025 16:50:31.077 INFO [main] org.apache.catalina.startup.VersionLoggerListener.log Command line argument: -Djava.util.logging.manager=org.apache.juli.ClassLoaderLogManager
15-Dec-2025 16:50:31.077 INFO [main] org.apache.catalina.startup.VersionLoggerListener.log Command line argument: -Djdk.tls.ephemeralDHKeySize=2048
15-Dec-2025 16:50:31.077 INFO [main] org.apache.catalina.startup.VersionLoggerListener.log Command line argument: -Dorg.apache.catalina.security.SecurityListener.UMASK=0027
15-Dec-2025 16:50:31.077 INFO [main] org.apache.catalina.startup.VersionLoggerListener.log Command line argument: --add-opens=java.base/java.lang=ALL-UNNAMED
15-Dec-2025 16:50:31.077 INFO [main] org.apache.catalina.startup.VersionLoggerListener.log Command line argument: --add-opens=java.base/java.lang.reflect=ALL-UNNAMED
15-Dec-2025 16:50:31.077 INFO [main] org.apache.catalina.startup.VersionLoggerListener.log Command line argument: --add-opens=java.base/java.io=ALL-UNNAMED
15-Dec-2025 16:50:31.077 INFO [main] org.apache.catalina.startup.VersionLoggerListener.log Command line argument: --add-opens=java.base/java.util=ALL-UNNAMED
15-Dec-2025 16:50:31.078 INFO [main] org.apache.catalina.startup.VersionLoggerListener.log Command line argument: --add-opens=java.base/java.util.concurrent=ALL-UNNAMED
15-Dec-2025 16:50:31.078 INFO [main] org.apache.catalina.startup.VersionLoggerListener.log Command line argument: --add-opens=java.rmi/sun.rmi.transport=ALL-UNNAMED
15-Dec-2025 16:50:31.078 INFO [main] org.apache.catalina.startup.VersionLoggerListener.log Command line argument: --enable-native-access=ALL-UNNAMED
15-Dec-2025 16:50:31.078 INFO [main] org.apache.catalina.startup.VersionLoggerListener.log Command line argument: -Dcatalina.base=/home/infoetu/baptiste.lavogiez.etu/ctp-web/tomcat
15-Dec-2025 16:50:31.078 INFO [main] org.apache.catalina.startup.VersionLoggerListener.log Command line argument: -Dcatalina.home=/home/infoetu/baptiste.lavogiez.etu/ctp-web/tomcat
15-Dec-2025 16:50:31.078 INFO [main] org.apache.catalina.startup.VersionLoggerListener.log Command line argument: -Djava.io.tmpdir=/home/infoetu/baptiste.lavogiez.etu/ctp-web/tomcat/temp
15-Dec-2025 16:50:31.078 INFO [main] org.apache.catalina.core.AprLifecycleListener.lifecycleEvent The Apache Tomcat Native library which allows using OpenSSL was not found on the java.library.path: [/usr/java/packages/lib:/usr/lib/x86_64-linux-gnu/jni:/lib/x86_64-linux-gnu:/usr/lib/x86_64-linux-gnu:/usr/lib/jni:/lib:/usr/lib]
15-Dec-2025 16:50:31.195 INFO [main] org.apache.coyote.AbstractProtocol.init Initializing ProtocolHandler ["http-nio-8080"]
15-Dec-2025 16:50:31.203 INFO [main] org.apache.catalina.startup.Catalina.load Server initialization in [207] milliseconds
15-Dec-2025 16:50:31.220 INFO [main] org.apache.catalina.core.StandardService.startInternal Starting service [Catalina]
15-Dec-2025 16:50:31.220 INFO [main] org.apache.catalina.core.StandardEngine.startInternal Starting Servlet engine: [Apache Tomcat/11.0.13]
15-Dec-2025 16:50:31.224 INFO [main] org.apache.catalina.startup.HostConfig.deployDirectory Deploying web application directory [/home/infoetu/baptiste.lavogiez.etu/ctp-web/tomcat/webapps/ROOT]
15-Dec-2025 16:50:31.385 INFO [main] org.apache.jasper.servlet.TldScanner.scanJars At least one JAR was scanned for TLDs yet contained no TLDs. Enable debug logging for this logger for a complete list of JARs that were scanned but no TLDs were found in them. Skipping unneeded JARs during scanning can improve startup time and JSP compilation time.
15-Dec-2025 16:50:31.399 INFO [main] org.apache.catalina.startup.HostConfig.deployDirectory Deployment of web application directory [/home/infoetu/baptiste.lavogiez.etu/ctp-web/tomcat/webapps/ROOT] has finished in [174] ms
15-Dec-2025 16:50:31.399 INFO [main] org.apache.catalina.startup.HostConfig.deployDirectory Deploying web application directory [/home/infoetu/baptiste.lavogiez.etu/ctp-web/tomcat/webapps/docs]
15-Dec-2025 16:50:31.448 INFO [main] org.apache.jasper.servlet.TldScanner.scanJars At least one JAR was scanned for TLDs yet contained no TLDs. Enable debug logging for this logger for a complete list of JARs that were scanned but no TLDs were found in them. Skipping unneeded JARs during scanning can improve startup time and JSP compilation time.
15-Dec-2025 16:50:31.449 INFO [main] org.apache.catalina.startup.HostConfig.deployDirectory Deployment of web application directory [/home/infoetu/baptiste.lavogiez.etu/ctp-web/tomcat/webapps/docs] has finished in [50] ms
15-Dec-2025 16:50:31.449 INFO [main] org.apache.catalina.startup.HostConfig.deployDirectory Deploying web application directory [/home/infoetu/baptiste.lavogiez.etu/ctp-web/tomcat/webapps/ctp-2025]
15-Dec-2025 16:50:31.519 INFO [main] org.apache.jasper.servlet.TldScanner.scanJars At least one JAR was scanned for TLDs yet contained no TLDs. Enable debug logging for this logger for a complete list of JARs that were scanned but no TLDs were found in them. Skipping unneeded JARs during scanning can improve startup time and JSP compilation time.
15-Dec-2025 16:50:31.520 INFO [main] org.apache.catalina.startup.HostConfig.deployDirectory Deployment of web application directory [/home/infoetu/baptiste.lavogiez.etu/ctp-web/tomcat/webapps/ctp-2025] has finished in [71] ms
15-Dec-2025 16:50:31.520 INFO [main] org.apache.catalina.startup.HostConfig.deployDirectory Deploying web application directory [/home/infoetu/baptiste.lavogiez.etu/ctp-web/tomcat/webapps/manager]
15-Dec-2025 16:50:31.567 INFO [main] org.apache.jasper.servlet.TldScanner.scanJars At least one JAR was scanned for TLDs yet contained no TLDs. Enable debug logging for this logger for a complete list of JARs that were scanned but no TLDs were found in them. Skipping unneeded JARs during scanning can improve startup time and JSP compilation time.
15-Dec-2025 16:50:31.569 INFO [main] org.apache.catalina.startup.HostConfig.deployDirectory Deployment of web application directory [/home/infoetu/baptiste.lavogiez.etu/ctp-web/tomcat/webapps/manager] has finished in [49] ms
15-Dec-2025 16:50:31.570 INFO [main] org.apache.catalina.startup.HostConfig.deployDirectory Deploying web application directory [/home/infoetu/baptiste.lavogiez.etu/ctp-web/tomcat/webapps/host-manager]
15-Dec-2025 16:50:31.612 INFO [main] org.apache.jasper.servlet.TldScanner.scanJars At least one JAR was scanned for TLDs yet contained no TLDs. Enable debug logging for this logger for a complete list of JARs that were scanned but no TLDs were found in them. Skipping unneeded JARs during scanning can improve startup time and JSP compilation time.
15-Dec-2025 16:50:31.613 INFO [main] org.apache.catalina.startup.HostConfig.deployDirectory Deployment of web application directory [/home/infoetu/baptiste.lavogiez.etu/ctp-web/tomcat/webapps/host-manager] has finished in [43] ms
15-Dec-2025 16:50:31.613 INFO [main] org.apache.catalina.startup.HostConfig.deployDirectory Deploying web application directory [/home/infoetu/baptiste.lavogiez.etu/ctp-web/tomcat/webapps/vide]
15-Dec-2025 16:50:31.662 INFO [main] org.apache.jasper.servlet.TldScanner.scanJars At least one JAR was scanned for TLDs yet contained no TLDs. Enable debug logging for this logger for a complete list of JARs that were scanned but no TLDs were found in them. Skipping unneeded JARs during scanning can improve startup time and JSP compilation time.
15-Dec-2025 16:50:31.663 INFO [main] org.apache.catalina.startup.HostConfig.deployDirectory Deployment of web application directory [/home/infoetu/baptiste.lavogiez.etu/ctp-web/tomcat/webapps/vide] has finished in [50] ms
15-Dec-2025 16:50:31.663 INFO [main] org.apache.catalina.startup.HostConfig.deployDirectory Deploying web application directory [/home/infoetu/baptiste.lavogiez.etu/ctp-web/tomcat/webapps/examples]
15-Dec-2025 16:50:31.832 INFO [main] org.apache.jasper.servlet.TldScanner.scanJars At least one JAR was scanned for TLDs yet contained no TLDs. Enable debug logging for this logger for a complete list of JARs that were scanned but no TLDs were found in them. Skipping unneeded JARs during scanning can improve startup time and JSP compilation time.
15-Dec-2025 16:50:31.844 INFO [main] org.apache.catalina.startup.HostConfig.deployDirectory Deployment of web application directory [/home/infoetu/baptiste.lavogiez.etu/ctp-web/tomcat/webapps/examples] has finished in [181] ms
15-Dec-2025 16:50:31.845 INFO [main] org.apache.catalina.startup.HostConfig.deployDirectory Deploying web application directory [/home/infoetu/baptiste.lavogiez.etu/ctp-web/tomcat/webapps/ctp]
15-Dec-2025 16:50:31.903 INFO [main] org.apache.jasper.servlet.TldScanner.scanJars At least one JAR was scanned for TLDs yet contained no TLDs. Enable debug logging for this logger for a complete list of JARs that were scanned but no TLDs were found in them. Skipping unneeded JARs during scanning can improve startup time and JSP compilation time.
15-Dec-2025 16:50:31.904 INFO [main] org.apache.catalina.startup.HostConfig.deployDirectory Deployment of web application directory [/home/infoetu/baptiste.lavogiez.etu/ctp-web/tomcat/webapps/ctp] has finished in [59] ms
15-Dec-2025 16:50:31.906 INFO [main] org.apache.coyote.AbstractProtocol.start Starting ProtocolHandler ["http-nio-8080"]
15-Dec-2025 16:50:31.911 INFO [main] org.apache.catalina.startup.Catalina.start Server startup in [707] milliseconds
15-Dec-2025 16:50:54.858 INFO [Thread-1] org.apache.coyote.AbstractProtocol.pause Pausing ProtocolHandler ["http-nio-8080"]
15-Dec-2025 16:50:54.860 INFO [Thread-1] org.apache.catalina.core.StandardService.stopInternal Stopping service [Catalina]
15-Dec-2025 16:50:54.877 INFO [Thread-1] org.apache.coyote.AbstractProtocol.stop Stopping ProtocolHandler ["http-nio-8080"]
15-Dec-2025 16:50:54.883 INFO [Thread-1] org.apache.coyote.AbstractProtocol.destroy Destroying ProtocolHandler ["http-nio-8080"]
15-Dec-2025 16:50:55.740 INFO [main] org.apache.catalina.startup.VersionLoggerListener.log Server version name:   Apache Tomcat/11.0.13
15-Dec-2025 16:50:55.742 INFO [main] org.apache.catalina.startup.VersionLoggerListener.log Server built:          Oct 10 2025 13:57:31 UTC
15-Dec-2025 16:50:55.742 INFO [main] org.apache.catalina.startup.VersionLoggerListener.log Server version number: 11.0.13.0
15-Dec-2025 16:50:55.742 INFO [main] org.apache.catalina.startup.VersionLoggerListener.log OS Name:               Linux
15-Dec-2025 16:50:55.742 INFO [main] org.apache.catalina.startup.VersionLoggerListener.log OS Version:            6.12.43+deb13-amd64
15-Dec-2025 16:50:55.742 INFO [main] org.apache.catalina.startup.VersionLoggerListener.log Architecture:          amd64
15-Dec-2025 16:50:55.742 INFO [main] org.apache.catalina.startup.VersionLoggerListener.log Java Home:             /usr/lib/jvm/java-21-openjdk-amd64
15-Dec-2025 16:50:55.742 INFO [main] org.apache.catalina.startup.VersionLoggerListener.log JVM Version:           21.0.9+10-Debian-1deb13u1
15-Dec-2025 16:50:55.742 INFO [main] org.apache.catalina.startup.VersionLoggerListener.log JVM Vendor:            Debian
15-Dec-2025 16:50:55.742 INFO [main] org.apache.catalina.startup.VersionLoggerListener.log CATALINA_BASE:         /home/infoetu/baptiste.lavogiez.etu/ctp-web/tomcat
15-Dec-2025 16:50:55.742 INFO [main] org.apache.catalina.startup.VersionLoggerListener.log CATALINA_HOME:         /home/infoetu/baptiste.lavogiez.etu/ctp-web/tomcat
15-Dec-2025 16:50:55.746 INFO [main] org.apache.catalina.startup.VersionLoggerListener.log Command line argument: -Djava.util.logging.config.file=/home/infoetu/baptiste.lavogiez.etu/ctp-web/tomcat/conf/logging.properties
15-Dec-2025 16:50:55.746 INFO [main] org.apache.catalina.startup.VersionLoggerListener.log Command line argument: -Djava.util.logging.manager=org.apache.juli.ClassLoaderLogManager
15-Dec-2025 16:50:55.747 INFO [main] org.apache.catalina.startup.VersionLoggerListener.log Command line argument: -Djdk.tls.ephemeralDHKeySize=2048
15-Dec-2025 16:50:55.747 INFO [main] org.apache.catalina.startup.VersionLoggerListener.log Command line argument: -Dorg.apache.catalina.security.SecurityListener.UMASK=0027
15-Dec-2025 16:50:55.747 INFO [main] org.apache.catalina.startup.VersionLoggerListener.log Command line argument: --add-opens=java.base/java.lang=ALL-UNNAMED
15-Dec-2025 16:50:55.747 INFO [main] org.apache.catalina.startup.VersionLoggerListener.log Command line argument: --add-opens=java.base/java.lang.reflect=ALL-UNNAMED
15-Dec-2025 16:50:55.747 INFO [main] org.apache.catalina.startup.VersionLoggerListener.log Command line argument: --add-opens=java.base/java.io=ALL-UNNAMED
15-Dec-2025 16:50:55.747 INFO [main] org.apache.catalina.startup.VersionLoggerListener.log Command line argument: --add-opens=java.base/java.util=ALL-UNNAMED
15-Dec-2025 16:50:55.747 INFO [main] org.apache.catalina.startup.VersionLoggerListener.log Command line argument: --add-opens=java.base/java.util.concurrent=ALL-UNNAMED
15-Dec-2025 16:50:55.747 INFO [main] org.apache.catalina.startup.VersionLoggerListener.log Command line argument: --add-opens=java.rmi/sun.rmi.transport=ALL-UNNAMED
15-Dec-2025 16:50:55.747 INFO [main] org.apache.catalina.startup.VersionLoggerListener.log Command line argument: --enable-native-access=ALL-UNNAMED
15-Dec-2025 16:50:55.747 INFO [main] org.apache.catalina.startup.VersionLoggerListener.log Command line argument: -Dcatalina.base=/home/infoetu/baptiste.lavogiez.etu/ctp-web/tomcat
15-Dec-2025 16:50:55.747 INFO [main] org.apache.catalina.startup.VersionLoggerListener.log Command line argument: -Dcatalina.home=/home/infoetu/baptiste.lavogiez.etu/ctp-web/tomcat
15-Dec-2025 16:50:55.747 INFO [main] org.apache.catalina.startup.VersionLoggerListener.log Command line argument: -Djava.io.tmpdir=/home/infoetu/baptiste.lavogiez.etu/ctp-web/tomcat/temp
15-Dec-2025 16:50:55.748 INFO [main] org.apache.catalina.core.AprLifecycleListener.lifecycleEvent The Apache Tomcat Native library which allows using OpenSSL was not found on the java.library.path: [/usr/java/packages/lib:/usr/lib/x86_64-linux-gnu/jni:/lib/x86_64-linux-gnu:/usr/lib/x86_64-linux-gnu:/usr/lib/jni:/lib:/usr/lib]
15-Dec-2025 16:50:55.864 INFO [main] org.apache.coyote.AbstractProtocol.init Initializing ProtocolHandler ["http-nio-8080"]
15-Dec-2025 16:50:55.872 INFO [main] org.apache.catalina.startup.Catalina.load Server initialization in [203] milliseconds
15-Dec-2025 16:50:55.889 INFO [main] org.apache.catalina.core.StandardService.startInternal Starting service [Catalina]
15-Dec-2025 16:50:55.889 INFO [main] org.apache.catalina.core.StandardEngine.startInternal Starting Servlet engine: [Apache Tomcat/11.0.13]
15-Dec-2025 16:50:55.894 INFO [main] org.apache.catalina.startup.HostConfig.deployDirectory Deploying web application directory [/home/infoetu/baptiste.lavogiez.etu/ctp-web/tomcat/webapps/ROOT]
15-Dec-2025 16:50:56.059 INFO [main] org.apache.jasper.servlet.TldScanner.scanJars At least one JAR was scanned for TLDs yet contained no TLDs. Enable debug logging for this logger for a complete list of JARs that were scanned but no TLDs were found in them. Skipping unneeded JARs during scanning can improve startup time and JSP compilation time.
15-Dec-2025 16:50:56.072 INFO [main] org.apache.catalina.startup.HostConfig.deployDirectory Deployment of web application directory [/home/infoetu/baptiste.lavogiez.etu/ctp-web/tomcat/webapps/ROOT] has finished in [178] ms
15-Dec-2025 16:50:56.072 INFO [main] org.apache.catalina.startup.HostConfig.deployDirectory Deploying web application directory [/home/infoetu/baptiste.lavogiez.etu/ctp-web/tomcat/webapps/docs]
15-Dec-2025 16:50:56.119 INFO [main] org.apache.jasper.servlet.TldScanner.scanJars At least one JAR was scanned for TLDs yet contained no TLDs. Enable debug logging for this logger for a complete list of JARs that were scanned but no TLDs were found in them. Skipping unneeded JARs during scanning can improve startup time and JSP compilation time.
15-Dec-2025 16:50:56.120 INFO [main] org.apache.catalina.startup.HostConfig.deployDirectory Deployment of web application directory [/home/infoetu/baptiste.lavogiez.etu/ctp-web/tomcat/webapps/docs] has finished in [48] ms
15-Dec-2025 16:50:56.120 INFO [main] org.apache.catalina.startup.HostConfig.deployDirectory Deploying web application directory [/home/infoetu/baptiste.lavogiez.etu/ctp-web/tomcat/webapps/ctp-2025]
15-Dec-2025 16:50:56.188 INFO [main] org.apache.jasper.servlet.TldScanner.scanJars At least one JAR was scanned for TLDs yet contained no TLDs. Enable debug logging for this logger for a complete list of JARs that were scanned but no TLDs were found in them. Skipping unneeded JARs during scanning can improve startup time and JSP compilation time.
15-Dec-2025 16:50:56.190 INFO [main] org.apache.catalina.startup.HostConfig.deployDirectory Deployment of web application directory [/home/infoetu/baptiste.lavogiez.etu/ctp-web/tomcat/webapps/ctp-2025] has finished in [70] ms
15-Dec-2025 16:50:56.190 INFO [main] org.apache.catalina.startup.HostConfig.deployDirectory Deploying web application directory [/home/infoetu/baptiste.lavogiez.etu/ctp-web/tomcat/webapps/manager]
15-Dec-2025 16:50:56.234 INFO [main] org.apache.jasper.servlet.TldScanner.scanJars At least one JAR was scanned for TLDs yet contained no TLDs. Enable debug logging for this logger for a complete list of JARs that were scanned but no TLDs were found in them. Skipping unneeded JARs during scanning can improve startup time and JSP compilation time.
15-Dec-2025 16:50:56.237 INFO [main] org.apache.catalina.startup.HostConfig.deployDirectory Deployment of web application directory [/home/infoetu/baptiste.lavogiez.etu/ctp-web/tomcat/webapps/manager] has finished in [46] ms
15-Dec-2025 16:50:56.237 INFO [main] org.apache.catalina.startup.HostConfig.deployDirectory Deploying web application directory [/home/infoetu/baptiste.lavogiez.etu/ctp-web/tomcat/webapps/host-manager]
15-Dec-2025 16:50:56.280 INFO [main] org.apache.jasper.servlet.TldScanner.scanJars At least one JAR was scanned for TLDs yet contained no TLDs. Enable debug logging for this logger for a complete list of JARs that were scanned but no TLDs were found in them. Skipping unneeded JARs during scanning can improve startup time and JSP compilation time.
15-Dec-2025 16:50:56.281 INFO [main] org.apache.catalina.startup.HostConfig.deployDirectory Deployment of web application directory [/home/infoetu/baptiste.lavogiez.etu/ctp-web/tomcat/webapps/host-manager] has finished in [44] ms
15-Dec-2025 16:50:56.281 INFO [main] org.apache.catalina.startup.HostConfig.deployDirectory Deploying web application directory [/home/infoetu/baptiste.lavogiez.etu/ctp-web/tomcat/webapps/vide]
15-Dec-2025 16:50:56.326 INFO [main] org.apache.jasper.servlet.TldScanner.scanJars At least one JAR was scanned for TLDs yet contained no TLDs. Enable debug logging for this logger for a complete list of JARs that were scanned but no TLDs were found in them. Skipping unneeded JARs during scanning can improve startup time and JSP compilation time.
15-Dec-2025 16:50:56.328 INFO [main] org.apache.catalina.startup.HostConfig.deployDirectory Deployment of web application directory [/home/infoetu/baptiste.lavogiez.etu/ctp-web/tomcat/webapps/vide] has finished in [46] ms
15-Dec-2025 16:50:56.328 INFO [main] org.apache.catalina.startup.HostConfig.deployDirectory Deploying web application directory [/home/infoetu/baptiste.lavogiez.etu/ctp-web/tomcat/webapps/examples]
15-Dec-2025 16:50:56.486 INFO [main] org.apache.jasper.servlet.TldScanner.scanJars At least one JAR was scanned for TLDs yet contained no TLDs. Enable debug logging for this logger for a complete list of JARs that were scanned but no TLDs were found in them. Skipping unneeded JARs during scanning can improve startup time and JSP compilation time.
15-Dec-2025 16:50:56.498 INFO [main] org.apache.catalina.startup.HostConfig.deployDirectory Deployment of web application directory [/home/infoetu/baptiste.lavogiez.etu/ctp-web/tomcat/webapps/examples] has finished in [170] ms
15-Dec-2025 16:50:56.498 INFO [main] org.apache.catalina.startup.HostConfig.deployDirectory Deploying web application directory [/home/infoetu/baptiste.lavogiez.etu/ctp-web/tomcat/webapps/ctp]
15-Dec-2025 16:50:56.547 INFO [main] org.apache.jasper.servlet.TldScanner.scanJars At least one JAR was scanned for TLDs yet contained no TLDs. Enable debug logging for this logger for a complete list of JARs that were scanned but no TLDs were found in them. Skipping unneeded JARs during scanning can improve startup time and JSP compilation time.
15-Dec-2025 16:50:56.547 INFO [main] org.apache.catalina.startup.HostConfig.deployDirectory Deployment of web application directory [/home/infoetu/baptiste.lavogiez.etu/ctp-web/tomcat/webapps/ctp] has finished in [49] ms
15-Dec-2025 16:50:56.549 INFO [main] org.apache.coyote.AbstractProtocol.start Starting ProtocolHandler ["http-nio-8080"]
15-Dec-2025 16:50:56.555 INFO [main] org.apache.catalina.startup.Catalina.start Server startup in [681] milliseconds
15-Dec-2025 16:51:43.835 INFO [Thread-1] org.apache.coyote.AbstractProtocol.pause Pausing ProtocolHandler ["http-nio-8080"]
15-Dec-2025 16:51:43.838 INFO [Thread-1] org.apache.catalina.core.StandardService.stopInternal Stopping service [Catalina]
15-Dec-2025 16:51:43.857 INFO [Thread-1] org.apache.coyote.AbstractProtocol.stop Stopping ProtocolHandler ["http-nio-8080"]
15-Dec-2025 16:51:43.860 INFO [Thread-1] org.apache.coyote.AbstractProtocol.destroy Destroying ProtocolHandler ["http-nio-8080"]
15-Dec-2025 16:51:44.720 INFO [main] org.apache.catalina.startup.VersionLoggerListener.log Server version name:   Apache Tomcat/11.0.13
15-Dec-2025 16:51:44.722 INFO [main] org.apache.catalina.startup.VersionLoggerListener.log Server built:          Oct 10 2025 13:57:31 UTC
15-Dec-2025 16:51:44.722 INFO [main] org.apache.catalina.startup.VersionLoggerListener.log Server version number: 11.0.13.0
15-Dec-2025 16:51:44.722 INFO [main] org.apache.catalina.startup.VersionLoggerListener.log OS Name:               Linux
15-Dec-2025 16:51:44.722 INFO [main] org.apache.catalina.startup.VersionLoggerListener.log OS Version:            6.12.43+deb13-amd64
15-Dec-2025 16:51:44.722 INFO [main] org.apache.catalina.startup.VersionLoggerListener.log Architecture:          amd64
15-Dec-2025 16:51:44.722 INFO [main] org.apache.catalina.startup.VersionLoggerListener.log Java Home:             /usr/lib/jvm/java-21-openjdk-amd64
15-Dec-2025 16:51:44.722 INFO [main] org.apache.catalina.startup.VersionLoggerListener.log JVM Version:           21.0.9+10-Debian-1deb13u1
15-Dec-2025 16:51:44.722 INFO [main] org.apache.catalina.startup.VersionLoggerListener.log JVM Vendor:            Debian
15-Dec-2025 16:51:44.722 INFO [main] org.apache.catalina.startup.VersionLoggerListener.log CATALINA_BASE:         /home/infoetu/baptiste.lavogiez.etu/ctp-web/tomcat
15-Dec-2025 16:51:44.722 INFO [main] org.apache.catalina.startup.VersionLoggerListener.log CATALINA_HOME:         /home/infoetu/baptiste.lavogiez.etu/ctp-web/tomcat
15-Dec-2025 16:51:44.726 INFO [main] org.apache.catalina.startup.VersionLoggerListener.log Command line argument: -Djava.util.logging.config.file=/home/infoetu/baptiste.lavogiez.etu/ctp-web/tomcat/conf/logging.properties
15-Dec-2025 16:51:44.726 INFO [main] org.apache.catalina.startup.VersionLoggerListener.log Command line argument: -Djava.util.logging.manager=org.apache.juli.ClassLoaderLogManager
15-Dec-2025 16:51:44.726 INFO [main] org.apache.catalina.startup.VersionLoggerListener.log Command line argument: -Djdk.tls.ephemeralDHKeySize=2048
15-Dec-2025 16:51:44.726 INFO [main] org.apache.catalina.startup.VersionLoggerListener.log Command line argument: -Dorg.apache.catalina.security.SecurityListener.UMASK=0027
15-Dec-2025 16:51:44.727 INFO [main] org.apache.catalina.startup.VersionLoggerListener.log Command line argument: --add-opens=java.base/java.lang=ALL-UNNAMED
15-Dec-2025 16:51:44.727 INFO [main] org.apache.catalina.startup.VersionLoggerListener.log Command line argument: --add-opens=java.base/java.lang.reflect=ALL-UNNAMED
15-Dec-2025 16:51:44.727 INFO [main] org.apache.catalina.startup.VersionLoggerListener.log Command line argument: --add-opens=java.base/java.io=ALL-UNNAMED
15-Dec-2025 16:51:44.727 INFO [main] org.apache.catalina.startup.VersionLoggerListener.log Command line argument: --add-opens=java.base/java.util=ALL-UNNAMED
15-Dec-2025 16:51:44.727 INFO [main] org.apache.catalina.startup.VersionLoggerListener.log Command line argument: --add-opens=java.base/java.util.concurrent=ALL-UNNAMED
15-Dec-2025 16:51:44.727 INFO [main] org.apache.catalina.startup.VersionLoggerListener.log Command line argument: --add-opens=java.rmi/sun.rmi.transport=ALL-UNNAMED
15-Dec-2025 16:51:44.727 INFO [main] org.apache.catalina.startup.VersionLoggerListener.log Command line argument: --enable-native-access=ALL-UNNAMED
15-Dec-2025 16:51:44.727 INFO [main] org.apache.catalina.startup.VersionLoggerListener.log Command line argument: -Dcatalina.base=/home/infoetu/baptiste.lavogiez.etu/ctp-web/tomcat
15-Dec-2025 16:51:44.727 INFO [main] org.apache.catalina.startup.VersionLoggerListener.log Command line argument: -Dcatalina.home=/home/infoetu/baptiste.lavogiez.etu/ctp-web/tomcat
15-Dec-2025 16:51:44.727 INFO [main] org.apache.catalina.startup.VersionLoggerListener.log Command line argument: -Djava.io.tmpdir=/home/infoetu/baptiste.lavogiez.etu/ctp-web/tomcat/temp
15-Dec-2025 16:51:44.728 INFO [main] org.apache.catalina.core.AprLifecycleListener.lifecycleEvent The Apache Tomcat Native library which allows using OpenSSL was not found on the java.library.path: [/usr/java/packages/lib:/usr/lib/x86_64-linux-gnu/jni:/lib/x86_64-linux-gnu:/usr/lib/x86_64-linux-gnu:/usr/lib/jni:/lib:/usr/lib]
15-Dec-2025 16:51:44.844 INFO [main] org.apache.coyote.AbstractProtocol.init Initializing ProtocolHandler ["http-nio-8080"]
15-Dec-2025 16:51:44.852 INFO [main] org.apache.catalina.startup.Catalina.load Server initialization in [204] milliseconds
15-Dec-2025 16:51:44.869 INFO [main] org.apache.catalina.core.StandardService.startInternal Starting service [Catalina]
15-Dec-2025 16:51:44.869 INFO [main] org.apache.catalina.core.StandardEngine.startInternal Starting Servlet engine: [Apache Tomcat/11.0.13]
15-Dec-2025 16:51:44.874 INFO [main] org.apache.catalina.startup.HostConfig.deployDirectory Deploying web application directory [/home/infoetu/baptiste.lavogiez.etu/ctp-web/tomcat/webapps/ROOT]
15-Dec-2025 16:51:45.032 INFO [main] org.apache.jasper.servlet.TldScanner.scanJars At least one JAR was scanned for TLDs yet contained no TLDs. Enable debug logging for this logger for a complete list of JARs that were scanned but no TLDs were found in them. Skipping unneeded JARs during scanning can improve startup time and JSP compilation time.
15-Dec-2025 16:51:45.046 INFO [main] org.apache.catalina.startup.HostConfig.deployDirectory Deployment of web application directory [/home/infoetu/baptiste.lavogiez.etu/ctp-web/tomcat/webapps/ROOT] has finished in [172] ms
15-Dec-2025 16:51:45.046 INFO [main] org.apache.catalina.startup.HostConfig.deployDirectory Deploying web application directory [/home/infoetu/baptiste.lavogiez.etu/ctp-web/tomcat/webapps/docs]
15-Dec-2025 16:51:45.094 INFO [main] org.apache.jasper.servlet.TldScanner.scanJars At least one JAR was scanned for TLDs yet contained no TLDs. Enable debug logging for this logger for a complete list of JARs that were scanned but no TLDs were found in them. Skipping unneeded JARs during scanning can improve startup time and JSP compilation time.
15-Dec-2025 16:51:45.095 INFO [main] org.apache.catalina.startup.HostConfig.deployDirectory Deployment of web application directory [/home/infoetu/baptiste.lavogiez.etu/ctp-web/tomcat/webapps/docs] has finished in [49] ms
15-Dec-2025 16:51:45.095 INFO [main] org.apache.catalina.startup.HostConfig.deployDirectory Deploying web application directory [/home/infoetu/baptiste.lavogiez.etu/ctp-web/tomcat/webapps/ctp-2025]
15-Dec-2025 16:51:45.177 INFO [main] org.apache.jasper.servlet.TldScanner.scanJars At least one JAR was scanned for TLDs yet contained no TLDs. Enable debug logging for this logger for a complete list of JARs that were scanned but no TLDs were found in them. Skipping unneeded JARs during scanning can improve startup time and JSP compilation time.
15-Dec-2025 16:51:45.179 INFO [main] org.apache.catalina.startup.HostConfig.deployDirectory Deployment of web application directory [/home/infoetu/baptiste.lavogiez.etu/ctp-web/tomcat/webapps/ctp-2025] has finished in [83] ms
15-Dec-2025 16:51:45.179 INFO [main] org.apache.catalina.startup.HostConfig.deployDirectory Deploying web application directory [/home/infoetu/baptiste.lavogiez.etu/ctp-web/tomcat/webapps/manager]
15-Dec-2025 16:51:45.226 INFO [main] org.apache.jasper.servlet.TldScanner.scanJars At least one JAR was scanned for TLDs yet contained no TLDs. Enable debug logging for this logger for a complete list of JARs that were scanned but no TLDs were found in them. Skipping unneeded JARs during scanning can improve startup time and JSP compilation time.
15-Dec-2025 16:51:45.228 INFO [main] org.apache.catalina.startup.HostConfig.deployDirectory Deployment of web application directory [/home/infoetu/baptiste.lavogiez.etu/ctp-web/tomcat/webapps/manager] has finished in [49] ms
15-Dec-2025 16:51:45.229 INFO [main] org.apache.catalina.startup.HostConfig.deployDirectory Deploying web application directory [/home/infoetu/baptiste.lavogiez.etu/ctp-web/tomcat/webapps/host-manager]
15-Dec-2025 16:51:45.272 INFO [main] org.apache.jasper.servlet.TldScanner.scanJars At least one JAR was scanned for TLDs yet contained no TLDs. Enable debug logging for this logger for a complete list of JARs that were scanned but no TLDs were found in them. Skipping unneeded JARs during scanning can improve startup time and JSP compilation time.
15-Dec-2025 16:51:45.273 INFO [main] org.apache.catalina.startup.HostConfig.deployDirectory Deployment of web application directory [/home/infoetu/baptiste.lavogiez.etu/ctp-web/tomcat/webapps/host-manager] has finished in [43] ms
15-Dec-2025 16:51:45.273 INFO [main] org.apache.catalina.startup.HostConfig.deployDirectory Deploying web application directory [/home/infoetu/baptiste.lavogiez.etu/ctp-web/tomcat/webapps/vide]
15-Dec-2025 16:51:45.321 INFO [main] org.apache.jasper.servlet.TldScanner.scanJars At least one JAR was scanned for TLDs yet contained no TLDs. Enable debug logging for this logger for a complete list of JARs that were scanned but no TLDs were found in them. Skipping unneeded JARs during scanning can improve startup time and JSP compilation time.
15-Dec-2025 16:51:45.322 INFO [main] org.apache.catalina.startup.HostConfig.deployDirectory Deployment of web application directory [/home/infoetu/baptiste.lavogiez.etu/ctp-web/tomcat/webapps/vide] has finished in [49] ms
15-Dec-2025 16:51:45.322 INFO [main] org.apache.catalina.startup.HostConfig.deployDirectory Deploying web application directory [/home/infoetu/baptiste.lavogiez.etu/ctp-web/tomcat/webapps/examples]
15-Dec-2025 16:51:45.493 INFO [main] org.apache.jasper.servlet.TldScanner.scanJars At least one JAR was scanned for TLDs yet contained no TLDs. Enable debug logging for this logger for a complete list of JARs that were scanned but no TLDs were found in them. Skipping unneeded JARs during scanning can improve startup time and JSP compilation time.
15-Dec-2025 16:51:45.505 INFO [main] org.apache.catalina.startup.HostConfig.deployDirectory Deployment of web application directory [/home/infoetu/baptiste.lavogiez.etu/ctp-web/tomcat/webapps/examples] has finished in [183] ms
15-Dec-2025 16:51:45.505 INFO [main] org.apache.catalina.startup.HostConfig.deployDirectory Deploying web application directory [/home/infoetu/baptiste.lavogiez.etu/ctp-web/tomcat/webapps/ctp]
15-Dec-2025 16:51:45.564 INFO [main] org.apache.jasper.servlet.TldScanner.scanJars At least one JAR was scanned for TLDs yet contained no TLDs. Enable debug logging for this logger for a complete list of JARs that were scanned but no TLDs were found in them. Skipping unneeded JARs during scanning can improve startup time and JSP compilation time.
15-Dec-2025 16:51:45.565 INFO [main] org.apache.catalina.startup.HostConfig.deployDirectory Deployment of web application directory [/home/infoetu/baptiste.lavogiez.etu/ctp-web/tomcat/webapps/ctp] has finished in [60] ms
15-Dec-2025 16:51:45.567 INFO [main] org.apache.coyote.AbstractProtocol.start Starting ProtocolHandler ["http-nio-8080"]
15-Dec-2025 16:51:45.572 INFO [main] org.apache.catalina.startup.Catalina.start Server startup in [719] milliseconds
15-Dec-2025 16:52:27.565 INFO [Thread-1] org.apache.coyote.AbstractProtocol.pause Pausing ProtocolHandler ["http-nio-8080"]
15-Dec-2025 16:52:27.568 INFO [Thread-1] org.apache.catalina.core.StandardService.stopInternal Stopping service [Catalina]
15-Dec-2025 16:52:27.590 INFO [Thread-1] org.apache.coyote.AbstractProtocol.stop Stopping ProtocolHandler ["http-nio-8080"]
15-Dec-2025 16:52:27.601 INFO [Thread-1] org.apache.coyote.AbstractProtocol.destroy Destroying ProtocolHandler ["http-nio-8080"]
15-Dec-2025 16:52:28.635 INFO [main] org.apache.catalina.startup.VersionLoggerListener.log Server version name:   Apache Tomcat/11.0.13
15-Dec-2025 16:52:28.636 INFO [main] org.apache.catalina.startup.VersionLoggerListener.log Server built:          Oct 10 2025 13:57:31 UTC
15-Dec-2025 16:52:28.637 INFO [main] org.apache.catalina.startup.VersionLoggerListener.log Server version number: 11.0.13.0
15-Dec-2025 16:52:28.637 INFO [main] org.apache.catalina.startup.VersionLoggerListener.log OS Name:               Linux
15-Dec-2025 16:52:28.637 INFO [main] org.apache.catalina.startup.VersionLoggerListener.log OS Version:            6.12.43+deb13-amd64
15-Dec-2025 16:52:28.637 INFO [main] org.apache.catalina.startup.VersionLoggerListener.log Architecture:          amd64
15-Dec-2025 16:52:28.637 INFO [main] org.apache.catalina.startup.VersionLoggerListener.log Java Home:             /usr/lib/jvm/java-21-openjdk-amd64
15-Dec-2025 16:52:28.637 INFO [main] org.apache.catalina.startup.VersionLoggerListener.log JVM Version:           21.0.9+10-Debian-1deb13u1
15-Dec-2025 16:52:28.637 INFO [main] org.apache.catalina.startup.VersionLoggerListener.log JVM Vendor:            Debian
15-Dec-2025 16:52:28.637 INFO [main] org.apache.catalina.startup.VersionLoggerListener.log CATALINA_BASE:         /home/infoetu/baptiste.lavogiez.etu/ctp-web/tomcat
15-Dec-2025 16:52:28.637 INFO [main] org.apache.catalina.startup.VersionLoggerListener.log CATALINA_HOME:         /home/infoetu/baptiste.lavogiez.etu/ctp-web/tomcat
15-Dec-2025 16:52:28.641 INFO [main] org.apache.catalina.startup.VersionLoggerListener.log Command line argument: -Djava.util.logging.config.file=/home/infoetu/baptiste.lavogiez.etu/ctp-web/tomcat/conf/logging.properties
15-Dec-2025 16:52:28.641 INFO [main] org.apache.catalina.startup.VersionLoggerListener.log Command line argument: -Djava.util.logging.manager=org.apache.juli.ClassLoaderLogManager
15-Dec-2025 16:52:28.641 INFO [main] org.apache.catalina.startup.VersionLoggerListener.log Command line argument: -Djdk.tls.ephemeralDHKeySize=2048
15-Dec-2025 16:52:28.641 INFO [main] org.apache.catalina.startup.VersionLoggerListener.log Command line argument: -Dorg.apache.catalina.security.SecurityListener.UMASK=0027
15-Dec-2025 16:52:28.641 INFO [main] org.apache.catalina.startup.VersionLoggerListener.log Command line argument: --add-opens=java.base/java.lang=ALL-UNNAMED
15-Dec-2025 16:52:28.641 INFO [main] org.apache.catalina.startup.VersionLoggerListener.log Command line argument: --add-opens=java.base/java.lang.reflect=ALL-UNNAMED
15-Dec-2025 16:52:28.641 INFO [main] org.apache.catalina.startup.VersionLoggerListener.log Command line argument: --add-opens=java.base/java.io=ALL-UNNAMED
15-Dec-2025 16:52:28.641 INFO [main] org.apache.catalina.startup.VersionLoggerListener.log Command line argument: --add-opens=java.base/java.util=ALL-UNNAMED
15-Dec-2025 16:52:28.641 INFO [main] org.apache.catalina.startup.VersionLoggerListener.log Command line argument: --add-opens=java.base/java.util.concurrent=ALL-UNNAMED
15-Dec-2025 16:52:28.641 INFO [main] org.apache.catalina.startup.VersionLoggerListener.log Command line argument: --add-opens=java.rmi/sun.rmi.transport=ALL-UNNAMED
15-Dec-2025 16:52:28.641 INFO [main] org.apache.catalina.startup.VersionLoggerListener.log Command line argument: --enable-native-access=ALL-UNNAMED
15-Dec-2025 16:52:28.642 INFO [main] org.apache.catalina.startup.VersionLoggerListener.log Command line argument: -Dcatalina.base=/home/infoetu/baptiste.lavogiez.etu/ctp-web/tomcat
15-Dec-2025 16:52:28.642 INFO [main] org.apache.catalina.startup.VersionLoggerListener.log Command line argument: -Dcatalina.home=/home/infoetu/baptiste.lavogiez.etu/ctp-web/tomcat
15-Dec-2025 16:52:28.642 INFO [main] org.apache.catalina.startup.VersionLoggerListener.log Command line argument: -Djava.io.tmpdir=/home/infoetu/baptiste.lavogiez.etu/ctp-web/tomcat/temp
15-Dec-2025 16:52:28.642 INFO [main] org.apache.catalina.core.AprLifecycleListener.lifecycleEvent The Apache Tomcat Native library which allows using OpenSSL was not found on the java.library.path: [/usr/java/packages/lib:/usr/lib/x86_64-linux-gnu/jni:/lib/x86_64-linux-gnu:/usr/lib/x86_64-linux-gnu:/usr/lib/jni:/lib:/usr/lib]
15-Dec-2025 16:52:28.760 INFO [main] org.apache.coyote.AbstractProtocol.init Initializing ProtocolHandler ["http-nio-8080"]
15-Dec-2025 16:52:28.771 INFO [main] org.apache.catalina.startup.Catalina.load Server initialization in [209] milliseconds
15-Dec-2025 16:52:28.788 INFO [main] org.apache.catalina.core.StandardService.startInternal Starting service [Catalina]
15-Dec-2025 16:52:28.788 INFO [main] org.apache.catalina.core.StandardEngine.startInternal Starting Servlet engine: [Apache Tomcat/11.0.13]
15-Dec-2025 16:52:28.792 INFO [main] org.apache.catalina.startup.HostConfig.deployDirectory Deploying web application directory [/home/infoetu/baptiste.lavogiez.etu/ctp-web/tomcat/webapps/ROOT]
15-Dec-2025 16:52:28.946 INFO [main] org.apache.jasper.servlet.TldScanner.scanJars At least one JAR was scanned for TLDs yet contained no TLDs. Enable debug logging for this logger for a complete list of JARs that were scanned but no TLDs were found in them. Skipping unneeded JARs during scanning can improve startup time and JSP compilation time.
15-Dec-2025 16:52:28.960 INFO [main] org.apache.catalina.startup.HostConfig.deployDirectory Deployment of web application directory [/home/infoetu/baptiste.lavogiez.etu/ctp-web/tomcat/webapps/ROOT] has finished in [167] ms
15-Dec-2025 16:52:28.960 INFO [main] org.apache.catalina.startup.HostConfig.deployDirectory Deploying web application directory [/home/infoetu/baptiste.lavogiez.etu/ctp-web/tomcat/webapps/docs]
15-Dec-2025 16:52:29.008 INFO [main] org.apache.jasper.servlet.TldScanner.scanJars At least one JAR was scanned for TLDs yet contained no TLDs. Enable debug logging for this logger for a complete list of JARs that were scanned but no TLDs were found in them. Skipping unneeded JARs during scanning can improve startup time and JSP compilation time.
15-Dec-2025 16:52:29.009 INFO [main] org.apache.catalina.startup.HostConfig.deployDirectory Deployment of web application directory [/home/infoetu/baptiste.lavogiez.etu/ctp-web/tomcat/webapps/docs] has finished in [49] ms
15-Dec-2025 16:52:29.009 INFO [main] org.apache.catalina.startup.HostConfig.deployDirectory Deploying web application directory [/home/infoetu/baptiste.lavogiez.etu/ctp-web/tomcat/webapps/ctp-2025]
15-Dec-2025 16:52:29.074 INFO [main] org.apache.jasper.servlet.TldScanner.scanJars At least one JAR was scanned for TLDs yet contained no TLDs. Enable debug logging for this logger for a complete list of JARs that were scanned but no TLDs were found in them. Skipping unneeded JARs during scanning can improve startup time and JSP compilation time.
15-Dec-2025 16:52:29.076 INFO [main] org.apache.catalina.startup.HostConfig.deployDirectory Deployment of web application directory [/home/infoetu/baptiste.lavogiez.etu/ctp-web/tomcat/webapps/ctp-2025] has finished in [67] ms
15-Dec-2025 16:52:29.076 INFO [main] org.apache.catalina.startup.HostConfig.deployDirectory Deploying web application directory [/home/infoetu/baptiste.lavogiez.etu/ctp-web/tomcat/webapps/manager]
15-Dec-2025 16:52:29.121 INFO [main] org.apache.jasper.servlet.TldScanner.scanJars At least one JAR was scanned for TLDs yet contained no TLDs. Enable debug logging for this logger for a complete list of JARs that were scanned but no TLDs were found in them. Skipping unneeded JARs during scanning can improve startup time and JSP compilation time.
15-Dec-2025 16:52:29.123 INFO [main] org.apache.catalina.startup.HostConfig.deployDirectory Deployment of web application directory [/home/infoetu/baptiste.lavogiez.etu/ctp-web/tomcat/webapps/manager] has finished in [47] ms
15-Dec-2025 16:52:29.123 INFO [main] org.apache.catalina.startup.HostConfig.deployDirectory Deploying web application directory [/home/infoetu/baptiste.lavogiez.etu/ctp-web/tomcat/webapps/host-manager]
15-Dec-2025 16:52:29.165 INFO [main] org.apache.jasper.servlet.TldScanner.scanJars At least one JAR was scanned for TLDs yet contained no TLDs. Enable debug logging for this logger for a complete list of JARs that were scanned but no TLDs were found in them. Skipping unneeded JARs during scanning can improve startup time and JSP compilation time.
15-Dec-2025 16:52:29.166 INFO [main] org.apache.catalina.startup.HostConfig.deployDirectory Deployment of web application directory [/home/infoetu/baptiste.lavogiez.etu/ctp-web/tomcat/webapps/host-manager] has finished in [43] ms
15-Dec-2025 16:52:29.166 INFO [main] org.apache.catalina.startup.HostConfig.deployDirectory Deploying web application directory [/home/infoetu/baptiste.lavogiez.etu/ctp-web/tomcat/webapps/vide]
15-Dec-2025 16:52:29.210 INFO [main] org.apache.jasper.servlet.TldScanner.scanJars At least one JAR was scanned for TLDs yet contained no TLDs. Enable debug logging for this logger for a complete list of JARs that were scanned but no TLDs were found in them. Skipping unneeded JARs during scanning can improve startup time and JSP compilation time.
15-Dec-2025 16:52:29.211 INFO [main] org.apache.catalina.startup.HostConfig.deployDirectory Deployment of web application directory [/home/infoetu/baptiste.lavogiez.etu/ctp-web/tomcat/webapps/vide] has finished in [45] ms
15-Dec-2025 16:52:29.211 INFO [main] org.apache.catalina.startup.HostConfig.deployDirectory Deploying web application directory [/home/infoetu/baptiste.lavogiez.etu/ctp-web/tomcat/webapps/examples]
15-Dec-2025 16:52:29.338 INFO [main] org.apache.jasper.servlet.TldScanner.scanJars At least one JAR was scanned for TLDs yet contained no TLDs. Enable debug logging for this logger for a complete list of JARs that were scanned but no TLDs were found in them. Skipping unneeded JARs during scanning can improve startup time and JSP compilation time.
15-Dec-2025 16:52:29.350 INFO [main] org.apache.catalina.startup.HostConfig.deployDirectory Deployment of web application directory [/home/infoetu/baptiste.lavogiez.etu/ctp-web/tomcat/webapps/examples] has finished in [139] ms
15-Dec-2025 16:52:29.350 INFO [main] org.apache.catalina.startup.HostConfig.deployDirectory Deploying web application directory [/home/infoetu/baptiste.lavogiez.etu/ctp-web/tomcat/webapps/ctp]
15-Dec-2025 16:52:29.399 INFO [main] org.apache.jasper.servlet.TldScanner.scanJars At least one JAR was scanned for TLDs yet contained no TLDs. Enable debug logging for this logger for a complete list of JARs that were scanned but no TLDs were found in them. Skipping unneeded JARs during scanning can improve startup time and JSP compilation time.
15-Dec-2025 16:52:29.400 INFO [main] org.apache.catalina.startup.HostConfig.deployDirectory Deployment of web application directory [/home/infoetu/baptiste.lavogiez.etu/ctp-web/tomcat/webapps/ctp] has finished in [50] ms
15-Dec-2025 16:52:29.402 INFO [main] org.apache.coyote.AbstractProtocol.start Starting ProtocolHandler ["http-nio-8080"]
15-Dec-2025 16:52:29.407 INFO [main] org.apache.catalina.startup.Catalina.start Server startup in [635] milliseconds
15-Dec-2025 16:52:56.269 INFO [Thread-1] org.apache.coyote.AbstractProtocol.pause Pausing ProtocolHandler ["http-nio-8080"]
15-Dec-2025 16:52:56.271 INFO [Thread-1] org.apache.catalina.core.StandardService.stopInternal Stopping service [Catalina]
15-Dec-2025 16:52:56.297 INFO [Thread-1] org.apache.coyote.AbstractProtocol.stop Stopping ProtocolHandler ["http-nio-8080"]
15-Dec-2025 16:52:56.305 INFO [Thread-1] org.apache.coyote.AbstractProtocol.destroy Destroying ProtocolHandler ["http-nio-8080"]
15-Dec-2025 16:52:57.089 INFO [main] org.apache.catalina.startup.VersionLoggerListener.log Server version name:   Apache Tomcat/11.0.13
15-Dec-2025 16:52:57.090 INFO [main] org.apache.catalina.startup.VersionLoggerListener.log Server built:          Oct 10 2025 13:57:31 UTC
15-Dec-2025 16:52:57.091 INFO [main] org.apache.catalina.startup.VersionLoggerListener.log Server version number: 11.0.13.0
15-Dec-2025 16:52:57.091 INFO [main] org.apache.catalina.startup.VersionLoggerListener.log OS Name:               Linux
15-Dec-2025 16:52:57.091 INFO [main] org.apache.catalina.startup.VersionLoggerListener.log OS Version:            6.12.43+deb13-amd64
15-Dec-2025 16:52:57.091 INFO [main] org.apache.catalina.startup.VersionLoggerListener.log Architecture:          amd64
15-Dec-2025 16:52:57.091 INFO [main] org.apache.catalina.startup.VersionLoggerListener.log Java Home:             /usr/lib/jvm/java-21-openjdk-amd64
15-Dec-2025 16:52:57.091 INFO [main] org.apache.catalina.startup.VersionLoggerListener.log JVM Version:           21.0.9+10-Debian-1deb13u1
15-Dec-2025 16:52:57.091 INFO [main] org.apache.catalina.startup.VersionLoggerListener.log JVM Vendor:            Debian
15-Dec-2025 16:52:57.091 INFO [main] org.apache.catalina.startup.VersionLoggerListener.log CATALINA_BASE:         /home/infoetu/baptiste.lavogiez.etu/ctp-web/tomcat
15-Dec-2025 16:52:57.091 INFO [main] org.apache.catalina.startup.VersionLoggerListener.log CATALINA_HOME:         /home/infoetu/baptiste.lavogiez.etu/ctp-web/tomcat
15-Dec-2025 16:52:57.095 INFO [main] org.apache.catalina.startup.VersionLoggerListener.log Command line argument: -Djava.util.logging.config.file=/home/infoetu/baptiste.lavogiez.etu/ctp-web/tomcat/conf/logging.properties
15-Dec-2025 16:52:57.095 INFO [main] org.apache.catalina.startup.VersionLoggerListener.log Command line argument: -Djava.util.logging.manager=org.apache.juli.ClassLoaderLogManager
15-Dec-2025 16:52:57.095 INFO [main] org.apache.catalina.startup.VersionLoggerListener.log Command line argument: -Djdk.tls.ephemeralDHKeySize=2048
15-Dec-2025 16:52:57.095 INFO [main] org.apache.catalina.startup.VersionLoggerListener.log Command line argument: -Dorg.apache.catalina.security.SecurityListener.UMASK=0027
15-Dec-2025 16:52:57.095 INFO [main] org.apache.catalina.startup.VersionLoggerListener.log Command line argument: --add-opens=java.base/java.lang=ALL-UNNAMED
15-Dec-2025 16:52:57.095 INFO [main] org.apache.catalina.startup.VersionLoggerListener.log Command line argument: --add-opens=java.base/java.lang.reflect=ALL-UNNAMED
15-Dec-2025 16:52:57.095 INFO [main] org.apache.catalina.startup.VersionLoggerListener.log Command line argument: --add-opens=java.base/java.io=ALL-UNNAMED
15-Dec-2025 16:52:57.095 INFO [main] org.apache.catalina.startup.VersionLoggerListener.log Command line argument: --add-opens=java.base/java.util=ALL-UNNAMED
15-Dec-2025 16:52:57.095 INFO [main] org.apache.catalina.startup.VersionLoggerListener.log Command line argument: --add-opens=java.base/java.util.concurrent=ALL-UNNAMED
15-Dec-2025 16:52:57.095 INFO [main] org.apache.catalina.startup.VersionLoggerListener.log Command line argument: --add-opens=java.rmi/sun.rmi.transport=ALL-UNNAMED
15-Dec-2025 16:52:57.095 INFO [main] org.apache.catalina.startup.VersionLoggerListener.log Command line argument: --enable-native-access=ALL-UNNAMED
15-Dec-2025 16:52:57.095 INFO [main] org.apache.catalina.startup.VersionLoggerListener.log Command line argument: -Dcatalina.base=/home/infoetu/baptiste.lavogiez.etu/ctp-web/tomcat
15-Dec-2025 16:52:57.095 INFO [main] org.apache.catalina.startup.VersionLoggerListener.log Command line argument: -Dcatalina.home=/home/infoetu/baptiste.lavogiez.etu/ctp-web/tomcat
15-Dec-2025 16:52:57.095 INFO [main] org.apache.catalina.startup.VersionLoggerListener.log Command line argument: -Djava.io.tmpdir=/home/infoetu/baptiste.lavogiez.etu/ctp-web/tomcat/temp
15-Dec-2025 16:52:57.096 INFO [main] org.apache.catalina.core.AprLifecycleListener.lifecycleEvent The Apache Tomcat Native library which allows using OpenSSL was not found on the java.library.path: [/usr/java/packages/lib:/usr/lib/x86_64-linux-gnu/jni:/lib/x86_64-linux-gnu:/usr/lib/x86_64-linux-gnu:/usr/lib/jni:/lib:/usr/lib]
15-Dec-2025 16:52:57.219 INFO [main] org.apache.coyote.AbstractProtocol.init Initializing ProtocolHandler ["http-nio-8080"]
15-Dec-2025 16:52:57.227 INFO [main] org.apache.catalina.startup.Catalina.load Server initialization in [209] milliseconds
15-Dec-2025 16:52:57.244 INFO [main] org.apache.catalina.core.StandardService.startInternal Starting service [Catalina]
15-Dec-2025 16:52:57.244 INFO [main] org.apache.catalina.core.StandardEngine.startInternal Starting Servlet engine: [Apache Tomcat/11.0.13]
15-Dec-2025 16:52:57.249 INFO [main] org.apache.catalina.startup.HostConfig.deployDirectory Deploying web application directory [/home/infoetu/baptiste.lavogiez.etu/ctp-web/tomcat/webapps/ROOT]
15-Dec-2025 16:52:57.406 INFO [main] org.apache.jasper.servlet.TldScanner.scanJars At least one JAR was scanned for TLDs yet contained no TLDs. Enable debug logging for this logger for a complete list of JARs that were scanned but no TLDs were found in them. Skipping unneeded JARs during scanning can improve startup time and JSP compilation time.
15-Dec-2025 16:52:57.419 INFO [main] org.apache.catalina.startup.HostConfig.deployDirectory Deployment of web application directory [/home/infoetu/baptiste.lavogiez.etu/ctp-web/tomcat/webapps/ROOT] has finished in [170] ms
15-Dec-2025 16:52:57.419 INFO [main] org.apache.catalina.startup.HostConfig.deployDirectory Deploying web application directory [/home/infoetu/baptiste.lavogiez.etu/ctp-web/tomcat/webapps/docs]
15-Dec-2025 16:52:57.466 INFO [main] org.apache.jasper.servlet.TldScanner.scanJars At least one JAR was scanned for TLDs yet contained no TLDs. Enable debug logging for this logger for a complete list of JARs that were scanned but no TLDs were found in them. Skipping unneeded JARs during scanning can improve startup time and JSP compilation time.
15-Dec-2025 16:52:57.467 INFO [main] org.apache.catalina.startup.HostConfig.deployDirectory Deployment of web application directory [/home/infoetu/baptiste.lavogiez.etu/ctp-web/tomcat/webapps/docs] has finished in [48] ms
15-Dec-2025 16:52:57.467 INFO [main] org.apache.catalina.startup.HostConfig.deployDirectory Deploying web application directory [/home/infoetu/baptiste.lavogiez.etu/ctp-web/tomcat/webapps/ctp-2025]
15-Dec-2025 16:52:57.537 INFO [main] org.apache.jasper.servlet.TldScanner.scanJars At least one JAR was scanned for TLDs yet contained no TLDs. Enable debug logging for this logger for a complete list of JARs that were scanned but no TLDs were found in them. Skipping unneeded JARs during scanning can improve startup time and JSP compilation time.
15-Dec-2025 16:52:57.539 INFO [main] org.apache.catalina.startup.HostConfig.deployDirectory Deployment of web application directory [/home/infoetu/baptiste.lavogiez.etu/ctp-web/tomcat/webapps/ctp-2025] has finished in [72] ms
15-Dec-2025 16:52:57.539 INFO [main] org.apache.catalina.startup.HostConfig.deployDirectory Deploying web application directory [/home/infoetu/baptiste.lavogiez.etu/ctp-web/tomcat/webapps/manager]
15-Dec-2025 16:52:57.585 INFO [main] org.apache.jasper.servlet.TldScanner.scanJars At least one JAR was scanned for TLDs yet contained no TLDs. Enable debug logging for this logger for a complete list of JARs that were scanned but no TLDs were found in them. Skipping unneeded JARs during scanning can improve startup time and JSP compilation time.
15-Dec-2025 16:52:57.587 INFO [main] org.apache.catalina.startup.HostConfig.deployDirectory Deployment of web application directory [/home/infoetu/baptiste.lavogiez.etu/ctp-web/tomcat/webapps/manager] has finished in [48] ms
15-Dec-2025 16:52:57.588 INFO [main] org.apache.catalina.startup.HostConfig.deployDirectory Deploying web application directory [/home/infoetu/baptiste.lavogiez.etu/ctp-web/tomcat/webapps/host-manager]
15-Dec-2025 16:52:57.630 INFO [main] org.apache.jasper.servlet.TldScanner.scanJars At least one JAR was scanned for TLDs yet contained no TLDs. Enable debug logging for this logger for a complete list of JARs that were scanned but no TLDs were found in them. Skipping unneeded JARs during scanning can improve startup time and JSP compilation time.
15-Dec-2025 16:52:57.631 INFO [main] org.apache.catalina.startup.HostConfig.deployDirectory Deployment of web application directory [/home/infoetu/baptiste.lavogiez.etu/ctp-web/tomcat/webapps/host-manager] has finished in [44] ms
15-Dec-2025 16:52:57.631 INFO [main] org.apache.catalina.startup.HostConfig.deployDirectory Deploying web application directory [/home/infoetu/baptiste.lavogiez.etu/ctp-web/tomcat/webapps/vide]
15-Dec-2025 16:52:57.680 INFO [main] org.apache.jasper.servlet.TldScanner.scanJars At least one JAR was scanned for TLDs yet contained no TLDs. Enable debug logging for this logger for a complete list of JARs that were scanned but no TLDs were found in them. Skipping unneeded JARs during scanning can improve startup time and JSP compilation time.
15-Dec-2025 16:52:57.681 INFO [main] org.apache.catalina.startup.HostConfig.deployDirectory Deployment of web application directory [/home/infoetu/baptiste.lavogiez.etu/ctp-web/tomcat/webapps/vide] has finished in [50] ms
15-Dec-2025 16:52:57.681 INFO [main] org.apache.catalina.startup.HostConfig.deployDirectory Deploying web application directory [/home/infoetu/baptiste.lavogiez.etu/ctp-web/tomcat/webapps/examples]
15-Dec-2025 16:52:57.832 INFO [main] org.apache.jasper.servlet.TldScanner.scanJars At least one JAR was scanned for TLDs yet contained no TLDs. Enable debug logging for this logger for a complete list of JARs that were scanned but no TLDs were found in them. Skipping unneeded JARs during scanning can improve startup time and JSP compilation time.
15-Dec-2025 16:52:57.845 INFO [main] org.apache.catalina.startup.HostConfig.deployDirectory Deployment of web application directory [/home/infoetu/baptiste.lavogiez.etu/ctp-web/tomcat/webapps/examples] has finished in [164] ms
15-Dec-2025 16:52:57.845 INFO [main] org.apache.catalina.startup.HostConfig.deployDirectory Deploying web application directory [/home/infoetu/baptiste.lavogiez.etu/ctp-web/tomcat/webapps/ctp]
15-Dec-2025 16:52:57.905 INFO [main] org.apache.jasper.servlet.TldScanner.scanJars At least one JAR was scanned for TLDs yet contained no TLDs. Enable debug logging for this logger for a complete list of JARs that were scanned but no TLDs were found in them. Skipping unneeded JARs during scanning can improve startup time and JSP compilation time.
15-Dec-2025 16:52:57.906 INFO [main] org.apache.catalina.startup.HostConfig.deployDirectory Deployment of web application directory [/home/infoetu/baptiste.lavogiez.etu/ctp-web/tomcat/webapps/ctp] has finished in [61] ms
15-Dec-2025 16:52:57.908 INFO [main] org.apache.coyote.AbstractProtocol.start Starting ProtocolHandler ["http-nio-8080"]
15-Dec-2025 16:52:57.913 INFO [main] org.apache.catalina.startup.Catalina.start Server startup in [685] milliseconds
15-Dec-2025 16:53:11.030 INFO [Thread-1] org.apache.coyote.AbstractProtocol.pause Pausing ProtocolHandler ["http-nio-8080"]
15-Dec-2025 16:53:11.032 INFO [Thread-1] org.apache.catalina.core.StandardService.stopInternal Stopping service [Catalina]
15-Dec-2025 16:53:11.053 INFO [Thread-1] org.apache.coyote.AbstractProtocol.stop Stopping ProtocolHandler ["http-nio-8080"]
15-Dec-2025 16:53:11.067 INFO [Thread-1] org.apache.coyote.AbstractProtocol.destroy Destroying ProtocolHandler ["http-nio-8080"]
15-Dec-2025 16:53:11.914 INFO [main] org.apache.catalina.startup.VersionLoggerListener.log Server version name:   Apache Tomcat/11.0.13
15-Dec-2025 16:53:11.915 INFO [main] org.apache.catalina.startup.VersionLoggerListener.log Server built:          Oct 10 2025 13:57:31 UTC
15-Dec-2025 16:53:11.916 INFO [main] org.apache.catalina.startup.VersionLoggerListener.log Server version number: 11.0.13.0
15-Dec-2025 16:53:11.916 INFO [main] org.apache.catalina.startup.VersionLoggerListener.log OS Name:               Linux
15-Dec-2025 16:53:11.916 INFO [main] org.apache.catalina.startup.VersionLoggerListener.log OS Version:            6.12.43+deb13-amd64
15-Dec-2025 16:53:11.916 INFO [main] org.apache.catalina.startup.VersionLoggerListener.log Architecture:          amd64
15-Dec-2025 16:53:11.916 INFO [main] org.apache.catalina.startup.VersionLoggerListener.log Java Home:             /usr/lib/jvm/java-21-openjdk-amd64
15-Dec-2025 16:53:11.916 INFO [main] org.apache.catalina.startup.VersionLoggerListener.log JVM Version:           21.0.9+10-Debian-1deb13u1
15-Dec-2025 16:53:11.916 INFO [main] org.apache.catalina.startup.VersionLoggerListener.log JVM Vendor:            Debian
15-Dec-2025 16:53:11.916 INFO [main] org.apache.catalina.startup.VersionLoggerListener.log CATALINA_BASE:         /home/infoetu/baptiste.lavogiez.etu/ctp-web/tomcat
15-Dec-2025 16:53:11.916 INFO [main] org.apache.catalina.startup.VersionLoggerListener.log CATALINA_HOME:         /home/infoetu/baptiste.lavogiez.etu/ctp-web/tomcat
15-Dec-2025 16:53:11.920 INFO [main] org.apache.catalina.startup.VersionLoggerListener.log Command line argument: -Djava.util.logging.config.file=/home/infoetu/baptiste.lavogiez.etu/ctp-web/tomcat/conf/logging.properties
15-Dec-2025 16:53:11.920 INFO [main] org.apache.catalina.startup.VersionLoggerListener.log Command line argument: -Djava.util.logging.manager=org.apache.juli.ClassLoaderLogManager
15-Dec-2025 16:53:11.920 INFO [main] org.apache.catalina.startup.VersionLoggerListener.log Command line argument: -Djdk.tls.ephemeralDHKeySize=2048
15-Dec-2025 16:53:11.920 INFO [main] org.apache.catalina.startup.VersionLoggerListener.log Command line argument: -Dorg.apache.catalina.security.SecurityListener.UMASK=0027
15-Dec-2025 16:53:11.920 INFO [main] org.apache.catalina.startup.VersionLoggerListener.log Command line argument: --add-opens=java.base/java.lang=ALL-UNNAMED
15-Dec-2025 16:53:11.920 INFO [main] org.apache.catalina.startup.VersionLoggerListener.log Command line argument: --add-opens=java.base/java.lang.reflect=ALL-UNNAMED
15-Dec-2025 16:53:11.920 INFO [main] org.apache.catalina.startup.VersionLoggerListener.log Command line argument: --add-opens=java.base/java.io=ALL-UNNAMED
15-Dec-2025 16:53:11.920 INFO [main] org.apache.catalina.startup.VersionLoggerListener.log Command line argument: --add-opens=java.base/java.util=ALL-UNNAMED
15-Dec-2025 16:53:11.920 INFO [main] org.apache.catalina.startup.VersionLoggerListener.log Command line argument: --add-opens=java.base/java.util.concurrent=ALL-UNNAMED
15-Dec-2025 16:53:11.920 INFO [main] org.apache.catalina.startup.VersionLoggerListener.log Command line argument: --add-opens=java.rmi/sun.rmi.transport=ALL-UNNAMED
15-Dec-2025 16:53:11.920 INFO [main] org.apache.catalina.startup.VersionLoggerListener.log Command line argument: --enable-native-access=ALL-UNNAMED
15-Dec-2025 16:53:11.921 INFO [main] org.apache.catalina.startup.VersionLoggerListener.log Command line argument: -Dcatalina.base=/home/infoetu/baptiste.lavogiez.etu/ctp-web/tomcat
15-Dec-2025 16:53:11.921 INFO [main] org.apache.catalina.startup.VersionLoggerListener.log Command line argument: -Dcatalina.home=/home/infoetu/baptiste.lavogiez.etu/ctp-web/tomcat
15-Dec-2025 16:53:11.921 INFO [main] org.apache.catalina.startup.VersionLoggerListener.log Command line argument: -Djava.io.tmpdir=/home/infoetu/baptiste.lavogiez.etu/ctp-web/tomcat/temp
15-Dec-2025 16:53:11.922 INFO [main] org.apache.catalina.core.AprLifecycleListener.lifecycleEvent The Apache Tomcat Native library which allows using OpenSSL was not found on the java.library.path: [/usr/java/packages/lib:/usr/lib/x86_64-linux-gnu/jni:/lib/x86_64-linux-gnu:/usr/lib/x86_64-linux-gnu:/usr/lib/jni:/lib:/usr/lib]
15-Dec-2025 16:53:12.038 INFO [main] org.apache.coyote.AbstractProtocol.init Initializing ProtocolHandler ["http-nio-8080"]
15-Dec-2025 16:53:12.047 INFO [main] org.apache.catalina.startup.Catalina.load Server initialization in [204] milliseconds
15-Dec-2025 16:53:12.063 INFO [main] org.apache.catalina.core.StandardService.startInternal Starting service [Catalina]
15-Dec-2025 16:53:12.063 INFO [main] org.apache.catalina.core.StandardEngine.startInternal Starting Servlet engine: [Apache Tomcat/11.0.13]
15-Dec-2025 16:53:12.068 INFO [main] org.apache.catalina.startup.HostConfig.deployDirectory Deploying web application directory [/home/infoetu/baptiste.lavogiez.etu/ctp-web/tomcat/webapps/ROOT]
15-Dec-2025 16:53:12.229 INFO [main] org.apache.jasper.servlet.TldScanner.scanJars At least one JAR was scanned for TLDs yet contained no TLDs. Enable debug logging for this logger for a complete list of JARs that were scanned but no TLDs were found in them. Skipping unneeded JARs during scanning can improve startup time and JSP compilation time.
15-Dec-2025 16:53:12.242 INFO [main] org.apache.catalina.startup.HostConfig.deployDirectory Deployment of web application directory [/home/infoetu/baptiste.lavogiez.etu/ctp-web/tomcat/webapps/ROOT] has finished in [174] ms
15-Dec-2025 16:53:12.242 INFO [main] org.apache.catalina.startup.HostConfig.deployDirectory Deploying web application directory [/home/infoetu/baptiste.lavogiez.etu/ctp-web/tomcat/webapps/docs]
15-Dec-2025 16:53:12.289 INFO [main] org.apache.jasper.servlet.TldScanner.scanJars At least one JAR was scanned for TLDs yet contained no TLDs. Enable debug logging for this logger for a complete list of JARs that were scanned but no TLDs were found in them. Skipping unneeded JARs during scanning can improve startup time and JSP compilation time.
15-Dec-2025 16:53:12.290 INFO [main] org.apache.catalina.startup.HostConfig.deployDirectory Deployment of web application directory [/home/infoetu/baptiste.lavogiez.etu/ctp-web/tomcat/webapps/docs] has finished in [48] ms
15-Dec-2025 16:53:12.290 INFO [main] org.apache.catalina.startup.HostConfig.deployDirectory Deploying web application directory [/home/infoetu/baptiste.lavogiez.etu/ctp-web/tomcat/webapps/ctp-2025]
15-Dec-2025 16:53:12.356 INFO [main] org.apache.jasper.servlet.TldScanner.scanJars At least one JAR was scanned for TLDs yet contained no TLDs. Enable debug logging for this logger for a complete list of JARs that were scanned but no TLDs were found in them. Skipping unneeded JARs during scanning can improve startup time and JSP compilation time.
15-Dec-2025 16:53:12.357 INFO [main] org.apache.catalina.startup.HostConfig.deployDirectory Deployment of web application directory [/home/infoetu/baptiste.lavogiez.etu/ctp-web/tomcat/webapps/ctp-2025] has finished in [67] ms
15-Dec-2025 16:53:12.357 INFO [main] org.apache.catalina.startup.HostConfig.deployDirectory Deploying web application directory [/home/infoetu/baptiste.lavogiez.etu/ctp-web/tomcat/webapps/manager]
15-Dec-2025 16:53:12.401 INFO [main] org.apache.jasper.servlet.TldScanner.scanJars At least one JAR was scanned for TLDs yet contained no TLDs. Enable debug logging for this logger for a complete list of JARs that were scanned but no TLDs were found in them. Skipping unneeded JARs during scanning can improve startup time and JSP compilation time.
15-Dec-2025 16:53:12.404 INFO [main] org.apache.catalina.startup.HostConfig.deployDirectory Deployment of web application directory [/home/infoetu/baptiste.lavogiez.etu/ctp-web/tomcat/webapps/manager] has finished in [47] ms
15-Dec-2025 16:53:12.404 INFO [main] org.apache.catalina.startup.HostConfig.deployDirectory Deploying web application directory [/home/infoetu/baptiste.lavogiez.etu/ctp-web/tomcat/webapps/host-manager]
15-Dec-2025 16:53:12.447 INFO [main] org.apache.jasper.servlet.TldScanner.scanJars At least one JAR was scanned for TLDs yet contained no TLDs. Enable debug logging for this logger for a complete list of JARs that were scanned but no TLDs were found in them. Skipping unneeded JARs during scanning can improve startup time and JSP compilation time.
15-Dec-2025 16:53:12.448 INFO [main] org.apache.catalina.startup.HostConfig.deployDirectory Deployment of web application directory [/home/infoetu/baptiste.lavogiez.etu/ctp-web/tomcat/webapps/host-manager] has finished in [44] ms
15-Dec-2025 16:53:12.448 INFO [main] org.apache.catalina.startup.HostConfig.deployDirectory Deploying web application directory [/home/infoetu/baptiste.lavogiez.etu/ctp-web/tomcat/webapps/vide]
15-Dec-2025 16:53:12.494 INFO [main] org.apache.jasper.servlet.TldScanner.scanJars At least one JAR was scanned for TLDs yet contained no TLDs. Enable debug logging for this logger for a complete list of JARs that were scanned but no TLDs were found in them. Skipping unneeded JARs during scanning can improve startup time and JSP compilation time.
15-Dec-2025 16:53:12.494 INFO [main] org.apache.catalina.startup.HostConfig.deployDirectory Deployment of web application directory [/home/infoetu/baptiste.lavogiez.etu/ctp-web/tomcat/webapps/vide] has finished in [46] ms
15-Dec-2025 16:53:12.494 INFO [main] org.apache.catalina.startup.HostConfig.deployDirectory Deploying web application directory [/home/infoetu/baptiste.lavogiez.etu/ctp-web/tomcat/webapps/examples]
15-Dec-2025 16:53:12.626 INFO [main] org.apache.jasper.servlet.TldScanner.scanJars At least one JAR was scanned for TLDs yet contained no TLDs. Enable debug logging for this logger for a complete list of JARs that were scanned but no TLDs were found in them. Skipping unneeded JARs during scanning can improve startup time and JSP compilation time.
15-Dec-2025 16:53:12.640 INFO [main] org.apache.catalina.startup.HostConfig.deployDirectory Deployment of web application directory [/home/infoetu/baptiste.lavogiez.etu/ctp-web/tomcat/webapps/examples] has finished in [146] ms
15-Dec-2025 16:53:12.640 INFO [main] org.apache.catalina.startup.HostConfig.deployDirectory Deploying web application directory [/home/infoetu/baptiste.lavogiez.etu/ctp-web/tomcat/webapps/ctp]
15-Dec-2025 16:53:12.690 INFO [main] org.apache.jasper.servlet.TldScanner.scanJars At least one JAR was scanned for TLDs yet contained no TLDs. Enable debug logging for this logger for a complete list of JARs that were scanned but no TLDs were found in them. Skipping unneeded JARs during scanning can improve startup time and JSP compilation time.
15-Dec-2025 16:53:12.690 INFO [main] org.apache.catalina.startup.HostConfig.deployDirectory Deployment of web application directory [/home/infoetu/baptiste.lavogiez.etu/ctp-web/tomcat/webapps/ctp] has finished in [50] ms
15-Dec-2025 16:53:12.692 INFO [main] org.apache.coyote.AbstractProtocol.start Starting ProtocolHandler ["http-nio-8080"]
15-Dec-2025 16:53:12.697 INFO [main] org.apache.catalina.startup.Catalina.start Server startup in [650] milliseconds
15-Dec-2025 16:57:32.946 INFO [Catalina-utility-2] org.apache.catalina.core.StandardContext.reload Reloading Context with name [/ctp-2025] has started
15-Dec-2025 16:57:33.029 INFO [Catalina-utility-2] org.apache.jasper.servlet.TldScanner.scanJars At least one JAR was scanned for TLDs yet contained no TLDs. Enable debug logging for this logger for a complete list of JARs that were scanned but no TLDs were found in them. Skipping unneeded JARs during scanning can improve startup time and JSP compilation time.
15-Dec-2025 16:57:33.030 INFO [Catalina-utility-2] org.apache.catalina.core.StandardContext.reload Reloading Context with name [/ctp-2025] is completed
15-Dec-2025 16:57:33.133 INFO [Thread-1] org.apache.coyote.AbstractProtocol.pause Pausing ProtocolHandler ["http-nio-8080"]
15-Dec-2025 16:57:33.135 INFO [Thread-1] org.apache.catalina.core.StandardService.stopInternal Stopping service [Catalina]
15-Dec-2025 16:57:33.162 INFO [Thread-1] org.apache.coyote.AbstractProtocol.stop Stopping ProtocolHandler ["http-nio-8080"]
15-Dec-2025 16:57:33.168 INFO [Thread-1] org.apache.coyote.AbstractProtocol.destroy Destroying ProtocolHandler ["http-nio-8080"]
15-Dec-2025 16:57:34.345 INFO [main] org.apache.catalina.startup.VersionLoggerListener.log Server version name:   Apache Tomcat/11.0.13
15-Dec-2025 16:57:34.347 INFO [main] org.apache.catalina.startup.VersionLoggerListener.log Server built:          Oct 10 2025 13:57:31 UTC
15-Dec-2025 16:57:34.347 INFO [main] org.apache.catalina.startup.VersionLoggerListener.log Server version number: 11.0.13.0
15-Dec-2025 16:57:34.347 INFO [main] org.apache.catalina.startup.VersionLoggerListener.log OS Name:               Linux
15-Dec-2025 16:57:34.347 INFO [main] org.apache.catalina.startup.VersionLoggerListener.log OS Version:            6.12.43+deb13-amd64
15-Dec-2025 16:57:34.348 INFO [main] org.apache.catalina.startup.VersionLoggerListener.log Architecture:          amd64
15-Dec-2025 16:57:34.348 INFO [main] org.apache.catalina.startup.VersionLoggerListener.log Java Home:             /usr/lib/jvm/java-21-openjdk-amd64
15-Dec-2025 16:57:34.348 INFO [main] org.apache.catalina.startup.VersionLoggerListener.log JVM Version:           21.0.9+10-Debian-1deb13u1
15-Dec-2025 16:57:34.348 INFO [main] org.apache.catalina.startup.VersionLoggerListener.log JVM Vendor:            Debian
15-Dec-2025 16:57:34.348 INFO [main] org.apache.catalina.startup.VersionLoggerListener.log CATALINA_BASE:         /home/infoetu/baptiste.lavogiez.etu/ctp-web/tomcat
15-Dec-2025 16:57:34.348 INFO [main] org.apache.catalina.startup.VersionLoggerListener.log CATALINA_HOME:         /home/infoetu/baptiste.lavogiez.etu/ctp-web/tomcat
15-Dec-2025 16:57:34.352 INFO [main] org.apache.catalina.startup.VersionLoggerListener.log Command line argument: -Djava.util.logging.config.file=/home/infoetu/baptiste.lavogiez.etu/ctp-web/tomcat/conf/logging.properties
15-Dec-2025 16:57:34.352 INFO [main] org.apache.catalina.startup.VersionLoggerListener.log Command line argument: -Djava.util.logging.manager=org.apache.juli.ClassLoaderLogManager
15-Dec-2025 16:57:34.352 INFO [main] org.apache.catalina.startup.VersionLoggerListener.log Command line argument: -Djdk.tls.ephemeralDHKeySize=2048
15-Dec-2025 16:57:34.352 INFO [main] org.apache.catalina.startup.VersionLoggerListener.log Command line argument: -Dorg.apache.catalina.security.SecurityListener.UMASK=0027
15-Dec-2025 16:57:34.352 INFO [main] org.apache.catalina.startup.VersionLoggerListener.log Command line argument: --add-opens=java.base/java.lang=ALL-UNNAMED
15-Dec-2025 16:57:34.352 INFO [main] org.apache.catalina.startup.VersionLoggerListener.log Command line argument: --add-opens=java.base/java.lang.reflect=ALL-UNNAMED
15-Dec-2025 16:57:34.352 INFO [main] org.apache.catalina.startup.VersionLoggerListener.log Command line argument: --add-opens=java.base/java.io=ALL-UNNAMED
15-Dec-2025 16:57:34.352 INFO [main] org.apache.catalina.startup.VersionLoggerListener.log Command line argument: --add-opens=java.base/java.util=ALL-UNNAMED
15-Dec-2025 16:57:34.352 INFO [main] org.apache.catalina.startup.VersionLoggerListener.log Command line argument: --add-opens=java.base/java.util.concurrent=ALL-UNNAMED
15-Dec-2025 16:57:34.352 INFO [main] org.apache.catalina.startup.VersionLoggerListener.log Command line argument: --add-opens=java.rmi/sun.rmi.transport=ALL-UNNAMED
15-Dec-2025 16:57:34.352 INFO [main] org.apache.catalina.startup.VersionLoggerListener.log Command line argument: --enable-native-access=ALL-UNNAMED
15-Dec-2025 16:57:34.352 INFO [main] org.apache.catalina.startup.VersionLoggerListener.log Command line argument: -Dcatalina.base=/home/infoetu/baptiste.lavogiez.etu/ctp-web/tomcat
15-Dec-2025 16:57:34.352 INFO [main] org.apache.catalina.startup.VersionLoggerListener.log Command line argument: -Dcatalina.home=/home/infoetu/baptiste.lavogiez.etu/ctp-web/tomcat
15-Dec-2025 16:57:34.352 INFO [main] org.apache.catalina.startup.VersionLoggerListener.log Command line argument: -Djava.io.tmpdir=/home/infoetu/baptiste.lavogiez.etu/ctp-web/tomcat/temp
15-Dec-2025 16:57:34.353 INFO [main] org.apache.catalina.core.AprLifecycleListener.lifecycleEvent The Apache Tomcat Native library which allows using OpenSSL was not found on the java.library.path: [/usr/java/packages/lib:/usr/lib/x86_64-linux-gnu/jni:/lib/x86_64-linux-gnu:/usr/lib/x86_64-linux-gnu:/usr/lib/jni:/lib:/usr/lib]
15-Dec-2025 16:57:34.468 INFO [main] org.apache.coyote.AbstractProtocol.init Initializing ProtocolHandler ["http-nio-8080"]
15-Dec-2025 16:57:34.477 INFO [main] org.apache.catalina.startup.Catalina.load Server initialization in [206] milliseconds
15-Dec-2025 16:57:34.494 INFO [main] org.apache.catalina.core.StandardService.startInternal Starting service [Catalina]
15-Dec-2025 16:57:34.494 INFO [main] org.apache.catalina.core.StandardEngine.startInternal Starting Servlet engine: [Apache Tomcat/11.0.13]
15-Dec-2025 16:57:34.499 INFO [main] org.apache.catalina.startup.HostConfig.deployDirectory Deploying web application directory [/home/infoetu/baptiste.lavogiez.etu/ctp-web/tomcat/webapps/ROOT]
15-Dec-2025 16:57:34.657 INFO [main] org.apache.jasper.servlet.TldScanner.scanJars At least one JAR was scanned for TLDs yet contained no TLDs. Enable debug logging for this logger for a complete list of JARs that were scanned but no TLDs were found in them. Skipping unneeded JARs during scanning can improve startup time and JSP compilation time.
15-Dec-2025 16:57:34.671 INFO [main] org.apache.catalina.startup.HostConfig.deployDirectory Deployment of web application directory [/home/infoetu/baptiste.lavogiez.etu/ctp-web/tomcat/webapps/ROOT] has finished in [172] ms
15-Dec-2025 16:57:34.671 INFO [main] org.apache.catalina.startup.HostConfig.deployDirectory Deploying web application directory [/home/infoetu/baptiste.lavogiez.etu/ctp-web/tomcat/webapps/docs]
15-Dec-2025 16:57:34.719 INFO [main] org.apache.jasper.servlet.TldScanner.scanJars At least one JAR was scanned for TLDs yet contained no TLDs. Enable debug logging for this logger for a complete list of JARs that were scanned but no TLDs were found in them. Skipping unneeded JARs during scanning can improve startup time and JSP compilation time.
15-Dec-2025 16:57:34.720 INFO [main] org.apache.catalina.startup.HostConfig.deployDirectory Deployment of web application directory [/home/infoetu/baptiste.lavogiez.etu/ctp-web/tomcat/webapps/docs] has finished in [49] ms
15-Dec-2025 16:57:34.720 INFO [main] org.apache.catalina.startup.HostConfig.deployDirectory Deploying web application directory [/home/infoetu/baptiste.lavogiez.etu/ctp-web/tomcat/webapps/ctp-2025]
15-Dec-2025 16:57:34.780 INFO [main] org.apache.jasper.servlet.TldScanner.scanJars At least one JAR was scanned for TLDs yet contained no TLDs. Enable debug logging for this logger for a complete list of JARs that were scanned but no TLDs were found in them. Skipping unneeded JARs during scanning can improve startup time and JSP compilation time.
15-Dec-2025 16:57:34.782 INFO [main] org.apache.catalina.startup.HostConfig.deployDirectory Deployment of web application directory [/home/infoetu/baptiste.lavogiez.etu/ctp-web/tomcat/webapps/ctp-2025] has finished in [62] ms
15-Dec-2025 16:57:34.782 INFO [main] org.apache.catalina.startup.HostConfig.deployDirectory Deploying web application directory [/home/infoetu/baptiste.lavogiez.etu/ctp-web/tomcat/webapps/manager]
15-Dec-2025 16:57:34.829 INFO [main] org.apache.jasper.servlet.TldScanner.scanJars At least one JAR was scanned for TLDs yet contained no TLDs. Enable debug logging for this logger for a complete list of JARs that were scanned but no TLDs were found in them. Skipping unneeded JARs during scanning can improve startup time and JSP compilation time.
15-Dec-2025 16:57:34.832 INFO [main] org.apache.catalina.startup.HostConfig.deployDirectory Deployment of web application directory [/home/infoetu/baptiste.lavogiez.etu/ctp-web/tomcat/webapps/manager] has finished in [50] ms
15-Dec-2025 16:57:34.832 INFO [main] org.apache.catalina.startup.HostConfig.deployDirectory Deploying web application directory [/home/infoetu/baptiste.lavogiez.etu/ctp-web/tomcat/webapps/host-manager]
15-Dec-2025 16:57:34.874 INFO [main] org.apache.jasper.servlet.TldScanner.scanJars At least one JAR was scanned for TLDs yet contained no TLDs. Enable debug logging for this logger for a complete list of JARs that were scanned but no TLDs were found in them. Skipping unneeded JARs during scanning can improve startup time and JSP compilation time.
15-Dec-2025 16:57:34.875 INFO [main] org.apache.catalina.startup.HostConfig.deployDirectory Deployment of web application directory [/home/infoetu/baptiste.lavogiez.etu/ctp-web/tomcat/webapps/host-manager] has finished in [43] ms
15-Dec-2025 16:57:34.875 INFO [main] org.apache.catalina.startup.HostConfig.deployDirectory Deploying web application directory [/home/infoetu/baptiste.lavogiez.etu/ctp-web/tomcat/webapps/vide]
15-Dec-2025 16:57:34.925 INFO [main] org.apache.jasper.servlet.TldScanner.scanJars At least one JAR was scanned for TLDs yet contained no TLDs. Enable debug logging for this logger for a complete list of JARs that were scanned but no TLDs were found in them. Skipping unneeded JARs during scanning can improve startup time and JSP compilation time.
15-Dec-2025 16:57:34.926 INFO [main] org.apache.catalina.startup.HostConfig.deployDirectory Deployment of web application directory [/home/infoetu/baptiste.lavogiez.etu/ctp-web/tomcat/webapps/vide] has finished in [51] ms
15-Dec-2025 16:57:34.926 INFO [main] org.apache.catalina.startup.HostConfig.deployDirectory Deploying web application directory [/home/infoetu/baptiste.lavogiez.etu/ctp-web/tomcat/webapps/examples]
15-Dec-2025 16:57:35.130 INFO [main] org.apache.jasper.servlet.TldScanner.scanJars At least one JAR was scanned for TLDs yet contained no TLDs. Enable debug logging for this logger for a complete list of JARs that were scanned but no TLDs were found in them. Skipping unneeded JARs during scanning can improve startup time and JSP compilation time.
15-Dec-2025 16:57:35.143 INFO [main] org.apache.catalina.startup.HostConfig.deployDirectory Deployment of web application directory [/home/infoetu/baptiste.lavogiez.etu/ctp-web/tomcat/webapps/examples] has finished in [217] ms
15-Dec-2025 16:57:35.143 INFO [main] org.apache.catalina.startup.HostConfig.deployDirectory Deploying web application directory [/home/infoetu/baptiste.lavogiez.etu/ctp-web/tomcat/webapps/ctp]
15-Dec-2025 16:57:35.209 INFO [main] org.apache.jasper.servlet.TldScanner.scanJars At least one JAR was scanned for TLDs yet contained no TLDs. Enable debug logging for this logger for a complete list of JARs that were scanned but no TLDs were found in them. Skipping unneeded JARs during scanning can improve startup time and JSP compilation time.
15-Dec-2025 16:57:35.210 INFO [main] org.apache.catalina.startup.HostConfig.deployDirectory Deployment of web application directory [/home/infoetu/baptiste.lavogiez.etu/ctp-web/tomcat/webapps/ctp] has finished in [67] ms
15-Dec-2025 16:57:35.212 INFO [main] org.apache.coyote.AbstractProtocol.start Starting ProtocolHandler ["http-nio-8080"]
15-Dec-2025 16:57:35.217 INFO [main] org.apache.catalina.startup.Catalina.start Server startup in [739] milliseconds
15-Dec-2025 16:58:00.397 INFO [Thread-1] org.apache.coyote.AbstractProtocol.pause Pausing ProtocolHandler ["http-nio-8080"]
15-Dec-2025 16:58:00.399 INFO [Thread-1] org.apache.catalina.core.StandardService.stopInternal Stopping service [Catalina]
15-Dec-2025 16:58:00.416 INFO [Thread-1] org.apache.coyote.AbstractProtocol.stop Stopping ProtocolHandler ["http-nio-8080"]
15-Dec-2025 16:58:00.421 INFO [Thread-1] org.apache.coyote.AbstractProtocol.destroy Destroying ProtocolHandler ["http-nio-8080"]
15-Dec-2025 16:58:01.189 INFO [main] org.apache.catalina.startup.VersionLoggerListener.log Server version name:   Apache Tomcat/11.0.13
15-Dec-2025 16:58:01.191 INFO [main] org.apache.catalina.startup.VersionLoggerListener.log Server built:          Oct 10 2025 13:57:31 UTC
15-Dec-2025 16:58:01.191 INFO [main] org.apache.catalina.startup.VersionLoggerListener.log Server version number: 11.0.13.0
15-Dec-2025 16:58:01.191 INFO [main] org.apache.catalina.startup.VersionLoggerListener.log OS Name:               Linux
15-Dec-2025 16:58:01.191 INFO [main] org.apache.catalina.startup.VersionLoggerListener.log OS Version:            6.12.43+deb13-amd64
15-Dec-2025 16:58:01.191 INFO [main] org.apache.catalina.startup.VersionLoggerListener.log Architecture:          amd64
15-Dec-2025 16:58:01.191 INFO [main] org.apache.catalina.startup.VersionLoggerListener.log Java Home:             /usr/lib/jvm/java-21-openjdk-amd64
15-Dec-2025 16:58:01.191 INFO [main] org.apache.catalina.startup.VersionLoggerListener.log JVM Version:           21.0.9+10-Debian-1deb13u1
15-Dec-2025 16:58:01.191 INFO [main] org.apache.catalina.startup.VersionLoggerListener.log JVM Vendor:            Debian
15-Dec-2025 16:58:01.191 INFO [main] org.apache.catalina.startup.VersionLoggerListener.log CATALINA_BASE:         /home/infoetu/baptiste.lavogiez.etu/ctp-web/tomcat
15-Dec-2025 16:58:01.191 INFO [main] org.apache.catalina.startup.VersionLoggerListener.log CATALINA_HOME:         /home/infoetu/baptiste.lavogiez.etu/ctp-web/tomcat
15-Dec-2025 16:58:01.195 INFO [main] org.apache.catalina.startup.VersionLoggerListener.log Command line argument: -Djava.util.logging.config.file=/home/infoetu/baptiste.lavogiez.etu/ctp-web/tomcat/conf/logging.properties
15-Dec-2025 16:58:01.195 INFO [main] org.apache.catalina.startup.VersionLoggerListener.log Command line argument: -Djava.util.logging.manager=org.apache.juli.ClassLoaderLogManager
15-Dec-2025 16:58:01.195 INFO [main] org.apache.catalina.startup.VersionLoggerListener.log Command line argument: -Djdk.tls.ephemeralDHKeySize=2048
15-Dec-2025 16:58:01.196 INFO [main] org.apache.catalina.startup.VersionLoggerListener.log Command line argument: -Dorg.apache.catalina.security.SecurityListener.UMASK=0027
15-Dec-2025 16:58:01.196 INFO [main] org.apache.catalina.startup.VersionLoggerListener.log Command line argument: --add-opens=java.base/java.lang=ALL-UNNAMED
15-Dec-2025 16:58:01.196 INFO [main] org.apache.catalina.startup.VersionLoggerListener.log Command line argument: --add-opens=java.base/java.lang.reflect=ALL-UNNAMED
15-Dec-2025 16:58:01.196 INFO [main] org.apache.catalina.startup.VersionLoggerListener.log Command line argument: --add-opens=java.base/java.io=ALL-UNNAMED
15-Dec-2025 16:58:01.196 INFO [main] org.apache.catalina.startup.VersionLoggerListener.log Command line argument: --add-opens=java.base/java.util=ALL-UNNAMED
15-Dec-2025 16:58:01.196 INFO [main] org.apache.catalina.startup.VersionLoggerListener.log Command line argument: --add-opens=java.base/java.util.concurrent=ALL-UNNAMED
15-Dec-2025 16:58:01.196 INFO [main] org.apache.catalina.startup.VersionLoggerListener.log Command line argument: --add-opens=java.rmi/sun.rmi.transport=ALL-UNNAMED
15-Dec-2025 16:58:01.196 INFO [main] org.apache.catalina.startup.VersionLoggerListener.log Command line argument: --enable-native-access=ALL-UNNAMED
15-Dec-2025 16:58:01.196 INFO [main] org.apache.catalina.startup.VersionLoggerListener.log Command line argument: -Dcatalina.base=/home/infoetu/baptiste.lavogiez.etu/ctp-web/tomcat
15-Dec-2025 16:58:01.196 INFO [main] org.apache.catalina.startup.VersionLoggerListener.log Command line argument: -Dcatalina.home=/home/infoetu/baptiste.lavogiez.etu/ctp-web/tomcat
15-Dec-2025 16:58:01.196 INFO [main] org.apache.catalina.startup.VersionLoggerListener.log Command line argument: -Djava.io.tmpdir=/home/infoetu/baptiste.lavogiez.etu/ctp-web/tomcat/temp
15-Dec-2025 16:58:01.197 INFO [main] org.apache.catalina.core.AprLifecycleListener.lifecycleEvent The Apache Tomcat Native library which allows using OpenSSL was not found on the java.library.path: [/usr/java/packages/lib:/usr/lib/x86_64-linux-gnu/jni:/lib/x86_64-linux-gnu:/usr/lib/x86_64-linux-gnu:/usr/lib/jni:/lib:/usr/lib]
15-Dec-2025 16:58:01.312 INFO [main] org.apache.coyote.AbstractProtocol.init Initializing ProtocolHandler ["http-nio-8080"]
15-Dec-2025 16:58:01.321 INFO [main] org.apache.catalina.startup.Catalina.load Server initialization in [203] milliseconds
15-Dec-2025 16:58:01.338 INFO [main] org.apache.catalina.core.StandardService.startInternal Starting service [Catalina]
15-Dec-2025 16:58:01.338 INFO [main] org.apache.catalina.core.StandardEngine.startInternal Starting Servlet engine: [Apache Tomcat/11.0.13]
15-Dec-2025 16:58:01.343 INFO [main] org.apache.catalina.startup.HostConfig.deployDirectory Deploying web application directory [/home/infoetu/baptiste.lavogiez.etu/ctp-web/tomcat/webapps/ROOT]
15-Dec-2025 16:58:01.500 INFO [main] org.apache.jasper.servlet.TldScanner.scanJars At least one JAR was scanned for TLDs yet contained no TLDs. Enable debug logging for this logger for a complete list of JARs that were scanned but no TLDs were found in them. Skipping unneeded JARs during scanning can improve startup time and JSP compilation time.
15-Dec-2025 16:58:01.513 INFO [main] org.apache.catalina.startup.HostConfig.deployDirectory Deployment of web application directory [/home/infoetu/baptiste.lavogiez.etu/ctp-web/tomcat/webapps/ROOT] has finished in [171] ms
15-Dec-2025 16:58:01.514 INFO [main] org.apache.catalina.startup.HostConfig.deployDirectory Deploying web application directory [/home/infoetu/baptiste.lavogiez.etu/ctp-web/tomcat/webapps/docs]
15-Dec-2025 16:58:01.562 INFO [main] org.apache.jasper.servlet.TldScanner.scanJars At least one JAR was scanned for TLDs yet contained no TLDs. Enable debug logging for this logger for a complete list of JARs that were scanned but no TLDs were found in them. Skipping unneeded JARs during scanning can improve startup time and JSP compilation time.
15-Dec-2025 16:58:01.562 INFO [main] org.apache.catalina.startup.HostConfig.deployDirectory Deployment of web application directory [/home/infoetu/baptiste.lavogiez.etu/ctp-web/tomcat/webapps/docs] has finished in [48] ms
15-Dec-2025 16:58:01.562 INFO [main] org.apache.catalina.startup.HostConfig.deployDirectory Deploying web application directory [/home/infoetu/baptiste.lavogiez.etu/ctp-web/tomcat/webapps/ctp-2025]
15-Dec-2025 16:58:01.635 INFO [main] org.apache.jasper.servlet.TldScanner.scanJars At least one JAR was scanned for TLDs yet contained no TLDs. Enable debug logging for this logger for a complete list of JARs that were scanned but no TLDs were found in them. Skipping unneeded JARs during scanning can improve startup time and JSP compilation time.
15-Dec-2025 16:58:01.637 INFO [main] org.apache.catalina.startup.HostConfig.deployDirectory Deployment of web application directory [/home/infoetu/baptiste.lavogiez.etu/ctp-web/tomcat/webapps/ctp-2025] has finished in [75] ms
15-Dec-2025 16:58:01.638 INFO [main] org.apache.catalina.startup.HostConfig.deployDirectory Deploying web application directory [/home/infoetu/baptiste.lavogiez.etu/ctp-web/tomcat/webapps/manager]
15-Dec-2025 16:58:01.682 INFO [main] org.apache.jasper.servlet.TldScanner.scanJars At least one JAR was scanned for TLDs yet contained no TLDs. Enable debug logging for this logger for a complete list of JARs that were scanned but no TLDs were found in them. Skipping unneeded JARs during scanning can improve startup time and JSP compilation time.
15-Dec-2025 16:58:01.685 INFO [main] org.apache.catalina.startup.HostConfig.deployDirectory Deployment of web application directory [/home/infoetu/baptiste.lavogiez.etu/ctp-web/tomcat/webapps/manager] has finished in [47] ms
15-Dec-2025 16:58:01.685 INFO [main] org.apache.catalina.startup.HostConfig.deployDirectory Deploying web application directory [/home/infoetu/baptiste.lavogiez.etu/ctp-web/tomcat/webapps/host-manager]
15-Dec-2025 16:58:01.728 INFO [main] org.apache.jasper.servlet.TldScanner.scanJars At least one JAR was scanned for TLDs yet contained no TLDs. Enable debug logging for this logger for a complete list of JARs that were scanned but no TLDs were found in them. Skipping unneeded JARs during scanning can improve startup time and JSP compilation time.
15-Dec-2025 16:58:01.729 INFO [main] org.apache.catalina.startup.HostConfig.deployDirectory Deployment of web application directory [/home/infoetu/baptiste.lavogiez.etu/ctp-web/tomcat/webapps/host-manager] has finished in [44] ms
15-Dec-2025 16:58:01.729 INFO [main] org.apache.catalina.startup.HostConfig.deployDirectory Deploying web application directory [/home/infoetu/baptiste.lavogiez.etu/ctp-web/tomcat/webapps/vide]
15-Dec-2025 16:58:01.775 INFO [main] org.apache.jasper.servlet.TldScanner.scanJars At least one JAR was scanned for TLDs yet contained no TLDs. Enable debug logging for this logger for a complete list of JARs that were scanned but no TLDs were found in them. Skipping unneeded JARs during scanning can improve startup time and JSP compilation time.
15-Dec-2025 16:58:01.775 INFO [main] org.apache.catalina.startup.HostConfig.deployDirectory Deployment of web application directory [/home/infoetu/baptiste.lavogiez.etu/ctp-web/tomcat/webapps/vide] has finished in [46] ms
15-Dec-2025 16:58:01.775 INFO [main] org.apache.catalina.startup.HostConfig.deployDirectory Deploying web application directory [/home/infoetu/baptiste.lavogiez.etu/ctp-web/tomcat/webapps/examples]
15-Dec-2025 16:58:01.903 INFO [main] org.apache.jasper.servlet.TldScanner.scanJars At least one JAR was scanned for TLDs yet contained no TLDs. Enable debug logging for this logger for a complete list of JARs that were scanned but no TLDs were found in them. Skipping unneeded JARs during scanning can improve startup time and JSP compilation time.
15-Dec-2025 16:58:01.915 INFO [main] org.apache.catalina.startup.HostConfig.deployDirectory Deployment of web application directory [/home/infoetu/baptiste.lavogiez.etu/ctp-web/tomcat/webapps/examples] has finished in [140] ms
15-Dec-2025 16:58:01.916 INFO [main] org.apache.catalina.startup.HostConfig.deployDirectory Deploying web application directory [/home/infoetu/baptiste.lavogiez.etu/ctp-web/tomcat/webapps/ctp]
15-Dec-2025 16:58:01.969 INFO [main] org.apache.jasper.servlet.TldScanner.scanJars At least one JAR was scanned for TLDs yet contained no TLDs. Enable debug logging for this logger for a complete list of JARs that were scanned but no TLDs were found in them. Skipping unneeded JARs during scanning can improve startup time and JSP compilation time.
15-Dec-2025 16:58:01.969 INFO [main] org.apache.catalina.startup.HostConfig.deployDirectory Deployment of web application directory [/home/infoetu/baptiste.lavogiez.etu/ctp-web/tomcat/webapps/ctp] has finished in [53] ms
15-Dec-2025 16:58:01.971 INFO [main] org.apache.coyote.AbstractProtocol.start Starting ProtocolHandler ["http-nio-8080"]
15-Dec-2025 16:58:01.977 INFO [main] org.apache.catalina.startup.Catalina.start Server startup in [655] milliseconds
15-Dec-2025 16:58:48.903 INFO [Thread-1] org.apache.coyote.AbstractProtocol.pause Pausing ProtocolHandler ["http-nio-8080"]
15-Dec-2025 16:58:48.906 INFO [Thread-1] org.apache.catalina.core.StandardService.stopInternal Stopping service [Catalina]
15-Dec-2025 16:58:48.933 INFO [Thread-1] org.apache.coyote.AbstractProtocol.stop Stopping ProtocolHandler ["http-nio-8080"]
15-Dec-2025 16:58:48.938 INFO [Thread-1] org.apache.coyote.AbstractProtocol.destroy Destroying ProtocolHandler ["http-nio-8080"]
15-Dec-2025 16:58:49.887 INFO [main] org.apache.catalina.startup.VersionLoggerListener.log Server version name:   Apache Tomcat/11.0.13
15-Dec-2025 16:58:49.890 INFO [main] org.apache.catalina.startup.VersionLoggerListener.log Server built:          Oct 10 2025 13:57:31 UTC
15-Dec-2025 16:58:49.890 INFO [main] org.apache.catalina.startup.VersionLoggerListener.log Server version number: 11.0.13.0
15-Dec-2025 16:58:49.890 INFO [main] org.apache.catalina.startup.VersionLoggerListener.log OS Name:               Linux
15-Dec-2025 16:58:49.890 INFO [main] org.apache.catalina.startup.VersionLoggerListener.log OS Version:            6.12.43+deb13-amd64
15-Dec-2025 16:58:49.890 INFO [main] org.apache.catalina.startup.VersionLoggerListener.log Architecture:          amd64
15-Dec-2025 16:58:49.890 INFO [main] org.apache.catalina.startup.VersionLoggerListener.log Java Home:             /usr/lib/jvm/java-21-openjdk-amd64
15-Dec-2025 16:58:49.890 INFO [main] org.apache.catalina.startup.VersionLoggerListener.log JVM Version:           21.0.9+10-Debian-1deb13u1
15-Dec-2025 16:58:49.891 INFO [main] org.apache.catalina.startup.VersionLoggerListener.log JVM Vendor:            Debian
15-Dec-2025 16:58:49.891 INFO [main] org.apache.catalina.startup.VersionLoggerListener.log CATALINA_BASE:         /home/infoetu/baptiste.lavogiez.etu/ctp-web/tomcat
15-Dec-2025 16:58:49.891 INFO [main] org.apache.catalina.startup.VersionLoggerListener.log CATALINA_HOME:         /home/infoetu/baptiste.lavogiez.etu/ctp-web/tomcat
15-Dec-2025 16:58:49.896 INFO [main] org.apache.catalina.startup.VersionLoggerListener.log Command line argument: -Djava.util.logging.config.file=/home/infoetu/baptiste.lavogiez.etu/ctp-web/tomcat/conf/logging.properties
15-Dec-2025 16:58:49.896 INFO [main] org.apache.catalina.startup.VersionLoggerListener.log Command line argument: -Djava.util.logging.manager=org.apache.juli.ClassLoaderLogManager
15-Dec-2025 16:58:49.896 INFO [main] org.apache.catalina.startup.VersionLoggerListener.log Command line argument: -Djdk.tls.ephemeralDHKeySize=2048
15-Dec-2025 16:58:49.896 INFO [main] org.apache.catalina.startup.VersionLoggerListener.log Command line argument: -Dorg.apache.catalina.security.SecurityListener.UMASK=0027
15-Dec-2025 16:58:49.896 INFO [main] org.apache.catalina.startup.VersionLoggerListener.log Command line argument: --add-opens=java.base/java.lang=ALL-UNNAMED
15-Dec-2025 16:58:49.896 INFO [main] org.apache.catalina.startup.VersionLoggerListener.log Command line argument: --add-opens=java.base/java.lang.reflect=ALL-UNNAMED
15-Dec-2025 16:58:49.896 INFO [main] org.apache.catalina.startup.VersionLoggerListener.log Command line argument: --add-opens=java.base/java.io=ALL-UNNAMED
15-Dec-2025 16:58:49.896 INFO [main] org.apache.catalina.startup.VersionLoggerListener.log Command line argument: --add-opens=java.base/java.util=ALL-UNNAMED
15-Dec-2025 16:58:49.896 INFO [main] org.apache.catalina.startup.VersionLoggerListener.log Command line argument: --add-opens=java.base/java.util.concurrent=ALL-UNNAMED
15-Dec-2025 16:58:49.896 INFO [main] org.apache.catalina.startup.VersionLoggerListener.log Command line argument: --add-opens=java.rmi/sun.rmi.transport=ALL-UNNAMED
15-Dec-2025 16:58:49.896 INFO [main] org.apache.catalina.startup.VersionLoggerListener.log Command line argument: --enable-native-access=ALL-UNNAMED
15-Dec-2025 16:58:49.896 INFO [main] org.apache.catalina.startup.VersionLoggerListener.log Command line argument: -Dcatalina.base=/home/infoetu/baptiste.lavogiez.etu/ctp-web/tomcat
15-Dec-2025 16:58:49.896 INFO [main] org.apache.catalina.startup.VersionLoggerListener.log Command line argument: -Dcatalina.home=/home/infoetu/baptiste.lavogiez.etu/ctp-web/tomcat
15-Dec-2025 16:58:49.896 INFO [main] org.apache.catalina.startup.VersionLoggerListener.log Command line argument: -Djava.io.tmpdir=/home/infoetu/baptiste.lavogiez.etu/ctp-web/tomcat/temp
15-Dec-2025 16:58:49.897 INFO [main] org.apache.catalina.core.AprLifecycleListener.lifecycleEvent The Apache Tomcat Native library which allows using OpenSSL was not found on the java.library.path: [/usr/java/packages/lib:/usr/lib/x86_64-linux-gnu/jni:/lib/x86_64-linux-gnu:/usr/lib/x86_64-linux-gnu:/usr/lib/jni:/lib:/usr/lib]
15-Dec-2025 16:58:50.020 INFO [main] org.apache.coyote.AbstractProtocol.init Initializing ProtocolHandler ["http-nio-8080"]
15-Dec-2025 16:58:50.028 INFO [main] org.apache.catalina.startup.Catalina.load Server initialization in [216] milliseconds
15-Dec-2025 16:58:50.044 INFO [main] org.apache.catalina.core.StandardService.startInternal Starting service [Catalina]
15-Dec-2025 16:58:50.044 INFO [main] org.apache.catalina.core.StandardEngine.startInternal Starting Servlet engine: [Apache Tomcat/11.0.13]
15-Dec-2025 16:58:50.048 INFO [main] org.apache.catalina.startup.HostConfig.deployDirectory Deploying web application directory [/home/infoetu/baptiste.lavogiez.etu/ctp-web/tomcat/webapps/ROOT]
15-Dec-2025 16:58:50.211 INFO [main] org.apache.jasper.servlet.TldScanner.scanJars At least one JAR was scanned for TLDs yet contained no TLDs. Enable debug logging for this logger for a complete list of JARs that were scanned but no TLDs were found in them. Skipping unneeded JARs during scanning can improve startup time and JSP compilation time.
15-Dec-2025 16:58:50.226 INFO [main] org.apache.catalina.startup.HostConfig.deployDirectory Deployment of web application directory [/home/infoetu/baptiste.lavogiez.etu/ctp-web/tomcat/webapps/ROOT] has finished in [178] ms
15-Dec-2025 16:58:50.226 INFO [main] org.apache.catalina.startup.HostConfig.deployDirectory Deploying web application directory [/home/infoetu/baptiste.lavogiez.etu/ctp-web/tomcat/webapps/docs]
15-Dec-2025 16:58:50.276 INFO [main] org.apache.jasper.servlet.TldScanner.scanJars At least one JAR was scanned for TLDs yet contained no TLDs. Enable debug logging for this logger for a complete list of JARs that were scanned but no TLDs were found in them. Skipping unneeded JARs during scanning can improve startup time and JSP compilation time.
15-Dec-2025 16:58:50.277 INFO [main] org.apache.catalina.startup.HostConfig.deployDirectory Deployment of web application directory [/home/infoetu/baptiste.lavogiez.etu/ctp-web/tomcat/webapps/docs] has finished in [51] ms
15-Dec-2025 16:58:50.277 INFO [main] org.apache.catalina.startup.HostConfig.deployDirectory Deploying web application directory [/home/infoetu/baptiste.lavogiez.etu/ctp-web/tomcat/webapps/ctp-2025]
15-Dec-2025 16:58:50.346 INFO [main] org.apache.jasper.servlet.TldScanner.scanJars At least one JAR was scanned for TLDs yet contained no TLDs. Enable debug logging for this logger for a complete list of JARs that were scanned but no TLDs were found in them. Skipping unneeded JARs during scanning can improve startup time and JSP compilation time.
15-Dec-2025 16:58:50.348 INFO [main] org.apache.catalina.startup.HostConfig.deployDirectory Deployment of web application directory [/home/infoetu/baptiste.lavogiez.etu/ctp-web/tomcat/webapps/ctp-2025] has finished in [71] ms
15-Dec-2025 16:58:50.348 INFO [main] org.apache.catalina.startup.HostConfig.deployDirectory Deploying web application directory [/home/infoetu/baptiste.lavogiez.etu/ctp-web/tomcat/webapps/manager]
15-Dec-2025 16:58:50.394 INFO [main] org.apache.jasper.servlet.TldScanner.scanJars At least one JAR was scanned for TLDs yet contained no TLDs. Enable debug logging for this logger for a complete list of JARs that were scanned but no TLDs were found in them. Skipping unneeded JARs during scanning can improve startup time and JSP compilation time.
15-Dec-2025 16:58:50.397 INFO [main] org.apache.catalina.startup.HostConfig.deployDirectory Deployment of web application directory [/home/infoetu/baptiste.lavogiez.etu/ctp-web/tomcat/webapps/manager] has finished in [49] ms
15-Dec-2025 16:58:50.397 INFO [main] org.apache.catalina.startup.HostConfig.deployDirectory Deploying web application directory [/home/infoetu/baptiste.lavogiez.etu/ctp-web/tomcat/webapps/host-manager]
15-Dec-2025 16:58:50.439 INFO [main] org.apache.jasper.servlet.TldScanner.scanJars At least one JAR was scanned for TLDs yet contained no TLDs. Enable debug logging for this logger for a complete list of JARs that were scanned but no TLDs were found in them. Skipping unneeded JARs during scanning can improve startup time and JSP compilation time.
15-Dec-2025 16:58:50.440 INFO [main] org.apache.catalina.startup.HostConfig.deployDirectory Deployment of web application directory [/home/infoetu/baptiste.lavogiez.etu/ctp-web/tomcat/webapps/host-manager] has finished in [43] ms
15-Dec-2025 16:58:50.440 INFO [main] org.apache.catalina.startup.HostConfig.deployDirectory Deploying web application directory [/home/infoetu/baptiste.lavogiez.etu/ctp-web/tomcat/webapps/vide]
15-Dec-2025 16:58:50.488 INFO [main] org.apache.jasper.servlet.TldScanner.scanJars At least one JAR was scanned for TLDs yet contained no TLDs. Enable debug logging for this logger for a complete list of JARs that were scanned but no TLDs were found in them. Skipping unneeded JARs during scanning can improve startup time and JSP compilation time.
15-Dec-2025 16:58:50.489 INFO [main] org.apache.catalina.startup.HostConfig.deployDirectory Deployment of web application directory [/home/infoetu/baptiste.lavogiez.etu/ctp-web/tomcat/webapps/vide] has finished in [49] ms
15-Dec-2025 16:58:50.489 INFO [main] org.apache.catalina.startup.HostConfig.deployDirectory Deploying web application directory [/home/infoetu/baptiste.lavogiez.etu/ctp-web/tomcat/webapps/examples]
15-Dec-2025 16:58:50.674 INFO [main] org.apache.jasper.servlet.TldScanner.scanJars At least one JAR was scanned for TLDs yet contained no TLDs. Enable debug logging for this logger for a complete list of JARs that were scanned but no TLDs were found in them. Skipping unneeded JARs during scanning can improve startup time and JSP compilation time.
15-Dec-2025 16:58:50.687 INFO [main] org.apache.catalina.startup.HostConfig.deployDirectory Deployment of web application directory [/home/infoetu/baptiste.lavogiez.etu/ctp-web/tomcat/webapps/examples] has finished in [198] ms
15-Dec-2025 16:58:50.687 INFO [main] org.apache.catalina.startup.HostConfig.deployDirectory Deploying web application directory [/home/infoetu/baptiste.lavogiez.etu/ctp-web/tomcat/webapps/ctp]
15-Dec-2025 16:58:50.746 INFO [main] org.apache.jasper.servlet.TldScanner.scanJars At least one JAR was scanned for TLDs yet contained no TLDs. Enable debug logging for this logger for a complete list of JARs that were scanned but no TLDs were found in them. Skipping unneeded JARs during scanning can improve startup time and JSP compilation time.
15-Dec-2025 16:58:50.747 INFO [main] org.apache.catalina.startup.HostConfig.deployDirectory Deployment of web application directory [/home/infoetu/baptiste.lavogiez.etu/ctp-web/tomcat/webapps/ctp] has finished in [60] ms
15-Dec-2025 16:58:50.749 INFO [main] org.apache.coyote.AbstractProtocol.start Starting ProtocolHandler ["http-nio-8080"]
15-Dec-2025 16:58:50.755 INFO [main] org.apache.catalina.startup.Catalina.start Server startup in [726] milliseconds
15-Dec-2025 16:59:23.095 INFO [Thread-1] org.apache.coyote.AbstractProtocol.pause Pausing ProtocolHandler ["http-nio-8080"]
15-Dec-2025 16:59:23.098 INFO [Thread-1] org.apache.catalina.core.StandardService.stopInternal Stopping service [Catalina]
15-Dec-2025 16:59:23.117 INFO [Thread-1] org.apache.coyote.AbstractProtocol.stop Stopping ProtocolHandler ["http-nio-8080"]
15-Dec-2025 16:59:23.121 INFO [Thread-1] org.apache.coyote.AbstractProtocol.destroy Destroying ProtocolHandler ["http-nio-8080"]
15-Dec-2025 16:59:23.910 INFO [main] org.apache.catalina.startup.VersionLoggerListener.log Server version name:   Apache Tomcat/11.0.13
15-Dec-2025 16:59:23.912 INFO [main] org.apache.catalina.startup.VersionLoggerListener.log Server built:          Oct 10 2025 13:57:31 UTC
15-Dec-2025 16:59:23.912 INFO [main] org.apache.catalina.startup.VersionLoggerListener.log Server version number: 11.0.13.0
15-Dec-2025 16:59:23.912 INFO [main] org.apache.catalina.startup.VersionLoggerListener.log OS Name:               Linux
15-Dec-2025 16:59:23.912 INFO [main] org.apache.catalina.startup.VersionLoggerListener.log OS Version:            6.12.43+deb13-amd64
15-Dec-2025 16:59:23.912 INFO [main] org.apache.catalina.startup.VersionLoggerListener.log Architecture:          amd64
15-Dec-2025 16:59:23.912 INFO [main] org.apache.catalina.startup.VersionLoggerListener.log Java Home:             /usr/lib/jvm/java-21-openjdk-amd64
15-Dec-2025 16:59:23.912 INFO [main] org.apache.catalina.startup.VersionLoggerListener.log JVM Version:           21.0.9+10-Debian-1deb13u1
15-Dec-2025 16:59:23.912 INFO [main] org.apache.catalina.startup.VersionLoggerListener.log JVM Vendor:            Debian
15-Dec-2025 16:59:23.912 INFO [main] org.apache.catalina.startup.VersionLoggerListener.log CATALINA_BASE:         /home/infoetu/baptiste.lavogiez.etu/ctp-web/tomcat
15-Dec-2025 16:59:23.912 INFO [main] org.apache.catalina.startup.VersionLoggerListener.log CATALINA_HOME:         /home/infoetu/baptiste.lavogiez.etu/ctp-web/tomcat
15-Dec-2025 16:59:23.916 INFO [main] org.apache.catalina.startup.VersionLoggerListener.log Command line argument: -Djava.util.logging.config.file=/home/infoetu/baptiste.lavogiez.etu/ctp-web/tomcat/conf/logging.properties
15-Dec-2025 16:59:23.916 INFO [main] org.apache.catalina.startup.VersionLoggerListener.log Command line argument: -Djava.util.logging.manager=org.apache.juli.ClassLoaderLogManager
15-Dec-2025 16:59:23.917 INFO [main] org.apache.catalina.startup.VersionLoggerListener.log Command line argument: -Djdk.tls.ephemeralDHKeySize=2048
15-Dec-2025 16:59:23.917 INFO [main] org.apache.catalina.startup.VersionLoggerListener.log Command line argument: -Dorg.apache.catalina.security.SecurityListener.UMASK=0027
15-Dec-2025 16:59:23.917 INFO [main] org.apache.catalina.startup.VersionLoggerListener.log Command line argument: --add-opens=java.base/java.lang=ALL-UNNAMED
15-Dec-2025 16:59:23.917 INFO [main] org.apache.catalina.startup.VersionLoggerListener.log Command line argument: --add-opens=java.base/java.lang.reflect=ALL-UNNAMED
15-Dec-2025 16:59:23.917 INFO [main] org.apache.catalina.startup.VersionLoggerListener.log Command line argument: --add-opens=java.base/java.io=ALL-UNNAMED
15-Dec-2025 16:59:23.917 INFO [main] org.apache.catalina.startup.VersionLoggerListener.log Command line argument: --add-opens=java.base/java.util=ALL-UNNAMED
15-Dec-2025 16:59:23.917 INFO [main] org.apache.catalina.startup.VersionLoggerListener.log Command line argument: --add-opens=java.base/java.util.concurrent=ALL-UNNAMED
15-Dec-2025 16:59:23.917 INFO [main] org.apache.catalina.startup.VersionLoggerListener.log Command line argument: --add-opens=java.rmi/sun.rmi.transport=ALL-UNNAMED
15-Dec-2025 16:59:23.917 INFO [main] org.apache.catalina.startup.VersionLoggerListener.log Command line argument: --enable-native-access=ALL-UNNAMED
15-Dec-2025 16:59:23.917 INFO [main] org.apache.catalina.startup.VersionLoggerListener.log Command line argument: -Dcatalina.base=/home/infoetu/baptiste.lavogiez.etu/ctp-web/tomcat
15-Dec-2025 16:59:23.917 INFO [main] org.apache.catalina.startup.VersionLoggerListener.log Command line argument: -Dcatalina.home=/home/infoetu/baptiste.lavogiez.etu/ctp-web/tomcat
15-Dec-2025 16:59:23.917 INFO [main] org.apache.catalina.startup.VersionLoggerListener.log Command line argument: -Djava.io.tmpdir=/home/infoetu/baptiste.lavogiez.etu/ctp-web/tomcat/temp
15-Dec-2025 16:59:23.918 INFO [main] org.apache.catalina.core.AprLifecycleListener.lifecycleEvent The Apache Tomcat Native library which allows using OpenSSL was not found on the java.library.path: [/usr/java/packages/lib:/usr/lib/x86_64-linux-gnu/jni:/lib/x86_64-linux-gnu:/usr/lib/x86_64-linux-gnu:/usr/lib/jni:/lib:/usr/lib]
15-Dec-2025 16:59:24.035 INFO [main] org.apache.coyote.AbstractProtocol.init Initializing ProtocolHandler ["http-nio-8080"]
15-Dec-2025 16:59:24.043 INFO [main] org.apache.catalina.startup.Catalina.load Server initialization in [205] milliseconds
15-Dec-2025 16:59:24.060 INFO [main] org.apache.catalina.core.StandardService.startInternal Starting service [Catalina]
15-Dec-2025 16:59:24.061 INFO [main] org.apache.catalina.core.StandardEngine.startInternal Starting Servlet engine: [Apache Tomcat/11.0.13]
15-Dec-2025 16:59:24.065 INFO [main] org.apache.catalina.startup.HostConfig.deployDirectory Deploying web application directory [/home/infoetu/baptiste.lavogiez.etu/ctp-web/tomcat/webapps/ROOT]
15-Dec-2025 16:59:24.222 INFO [main] org.apache.jasper.servlet.TldScanner.scanJars At least one JAR was scanned for TLDs yet contained no TLDs. Enable debug logging for this logger for a complete list of JARs that were scanned but no TLDs were found in them. Skipping unneeded JARs during scanning can improve startup time and JSP compilation time.
15-Dec-2025 16:59:24.235 INFO [main] org.apache.catalina.startup.HostConfig.deployDirectory Deployment of web application directory [/home/infoetu/baptiste.lavogiez.etu/ctp-web/tomcat/webapps/ROOT] has finished in [170] ms
15-Dec-2025 16:59:24.235 INFO [main] org.apache.catalina.startup.HostConfig.deployDirectory Deploying web application directory [/home/infoetu/baptiste.lavogiez.etu/ctp-web/tomcat/webapps/docs]
15-Dec-2025 16:59:24.283 INFO [main] org.apache.jasper.servlet.TldScanner.scanJars At least one JAR was scanned for TLDs yet contained no TLDs. Enable debug logging for this logger for a complete list of JARs that were scanned but no TLDs were found in them. Skipping unneeded JARs during scanning can improve startup time and JSP compilation time.
15-Dec-2025 16:59:24.284 INFO [main] org.apache.catalina.startup.HostConfig.deployDirectory Deployment of web application directory [/home/infoetu/baptiste.lavogiez.etu/ctp-web/tomcat/webapps/docs] has finished in [49] ms
15-Dec-2025 16:59:24.284 INFO [main] org.apache.catalina.startup.HostConfig.deployDirectory Deploying web application directory [/home/infoetu/baptiste.lavogiez.etu/ctp-web/tomcat/webapps/ctp-2025]
15-Dec-2025 16:59:24.355 INFO [main] org.apache.jasper.servlet.TldScanner.scanJars At least one JAR was scanned for TLDs yet contained no TLDs. Enable debug logging for this logger for a complete list of JARs that were scanned but no TLDs were found in them. Skipping unneeded JARs during scanning can improve startup time and JSP compilation time.
15-Dec-2025 16:59:24.357 INFO [main] org.apache.catalina.startup.HostConfig.deployDirectory Deployment of web application directory [/home/infoetu/baptiste.lavogiez.etu/ctp-web/tomcat/webapps/ctp-2025] has finished in [73] ms
15-Dec-2025 16:59:24.357 INFO [main] org.apache.catalina.startup.HostConfig.deployDirectory Deploying web application directory [/home/infoetu/baptiste.lavogiez.etu/ctp-web/tomcat/webapps/manager]
15-Dec-2025 16:59:24.406 INFO [main] org.apache.jasper.servlet.TldScanner.scanJars At least one JAR was scanned for TLDs yet contained no TLDs. Enable debug logging for this logger for a complete list of JARs that were scanned but no TLDs were found in them. Skipping unneeded JARs during scanning can improve startup time and JSP compilation time.
15-Dec-2025 16:59:24.409 INFO [main] org.apache.catalina.startup.HostConfig.deployDirectory Deployment of web application directory [/home/infoetu/baptiste.lavogiez.etu/ctp-web/tomcat/webapps/manager] has finished in [51] ms
15-Dec-2025 16:59:24.409 INFO [main] org.apache.catalina.startup.HostConfig.deployDirectory Deploying web application directory [/home/infoetu/baptiste.lavogiez.etu/ctp-web/tomcat/webapps/host-manager]
15-Dec-2025 16:59:24.451 INFO [main] org.apache.jasper.servlet.TldScanner.scanJars At least one JAR was scanned for TLDs yet contained no TLDs. Enable debug logging for this logger for a complete list of JARs that were scanned but no TLDs were found in them. Skipping unneeded JARs during scanning can improve startup time and JSP compilation time.
15-Dec-2025 16:59:24.451 INFO [main] org.apache.catalina.startup.HostConfig.deployDirectory Deployment of web application directory [/home/infoetu/baptiste.lavogiez.etu/ctp-web/tomcat/webapps/host-manager] has finished in [42] ms
15-Dec-2025 16:59:24.452 INFO [main] org.apache.catalina.startup.HostConfig.deployDirectory Deploying web application directory [/home/infoetu/baptiste.lavogiez.etu/ctp-web/tomcat/webapps/vide]
15-Dec-2025 16:59:24.496 INFO [main] org.apache.jasper.servlet.TldScanner.scanJars At least one JAR was scanned for TLDs yet contained no TLDs. Enable debug logging for this logger for a complete list of JARs that were scanned but no TLDs were found in them. Skipping unneeded JARs during scanning can improve startup time and JSP compilation time.
15-Dec-2025 16:59:24.497 INFO [main] org.apache.catalina.startup.HostConfig.deployDirectory Deployment of web application directory [/home/infoetu/baptiste.lavogiez.etu/ctp-web/tomcat/webapps/vide] has finished in [45] ms
15-Dec-2025 16:59:24.497 INFO [main] org.apache.catalina.startup.HostConfig.deployDirectory Deploying web application directory [/home/infoetu/baptiste.lavogiez.etu/ctp-web/tomcat/webapps/examples]
15-Dec-2025 16:59:24.628 INFO [main] org.apache.jasper.servlet.TldScanner.scanJars At least one JAR was scanned for TLDs yet contained no TLDs. Enable debug logging for this logger for a complete list of JARs that were scanned but no TLDs were found in them. Skipping unneeded JARs during scanning can improve startup time and JSP compilation time.
15-Dec-2025 16:59:24.642 INFO [main] org.apache.catalina.startup.HostConfig.deployDirectory Deployment of web application directory [/home/infoetu/baptiste.lavogiez.etu/ctp-web/tomcat/webapps/examples] has finished in [145] ms
15-Dec-2025 16:59:24.642 INFO [main] org.apache.catalina.startup.HostConfig.deployDirectory Deploying web application directory [/home/infoetu/baptiste.lavogiez.etu/ctp-web/tomcat/webapps/ctp]
15-Dec-2025 16:59:24.693 INFO [main] org.apache.jasper.servlet.TldScanner.scanJars At least one JAR was scanned for TLDs yet contained no TLDs. Enable debug logging for this logger for a complete list of JARs that were scanned but no TLDs were found in them. Skipping unneeded JARs during scanning can improve startup time and JSP compilation time.
15-Dec-2025 16:59:24.693 INFO [main] org.apache.catalina.startup.HostConfig.deployDirectory Deployment of web application directory [/home/infoetu/baptiste.lavogiez.etu/ctp-web/tomcat/webapps/ctp] has finished in [51] ms
15-Dec-2025 16:59:24.696 INFO [main] org.apache.coyote.AbstractProtocol.start Starting ProtocolHandler ["http-nio-8080"]
15-Dec-2025 16:59:24.700 INFO [main] org.apache.catalina.startup.Catalina.start Server startup in [656] milliseconds
15-Dec-2025 17:13:51.791 INFO [Thread-1] org.apache.coyote.AbstractProtocol.pause Pausing ProtocolHandler ["http-nio-8080"]
15-Dec-2025 17:13:51.793 INFO [Thread-1] org.apache.catalina.core.StandardService.stopInternal Stopping service [Catalina]
15-Dec-2025 17:13:51.809 INFO [Thread-1] org.apache.coyote.AbstractProtocol.stop Stopping ProtocolHandler ["http-nio-8080"]
15-Dec-2025 17:13:51.815 INFO [Thread-1] org.apache.coyote.AbstractProtocol.destroy Destroying ProtocolHandler ["http-nio-8080"]
15-Dec-2025 17:13:52.618 INFO [main] org.apache.catalina.startup.VersionLoggerListener.log Server version name:   Apache Tomcat/11.0.13
15-Dec-2025 17:13:52.620 INFO [main] org.apache.catalina.startup.VersionLoggerListener.log Server built:          Oct 10 2025 13:57:31 UTC
15-Dec-2025 17:13:52.620 INFO [main] org.apache.catalina.startup.VersionLoggerListener.log Server version number: 11.0.13.0
15-Dec-2025 17:13:52.620 INFO [main] org.apache.catalina.startup.VersionLoggerListener.log OS Name:               Linux
15-Dec-2025 17:13:52.620 INFO [main] org.apache.catalina.startup.VersionLoggerListener.log OS Version:            6.12.43+deb13-amd64
15-Dec-2025 17:13:52.620 INFO [main] org.apache.catalina.startup.VersionLoggerListener.log Architecture:          amd64
15-Dec-2025 17:13:52.620 INFO [main] org.apache.catalina.startup.VersionLoggerListener.log Java Home:             /usr/lib/jvm/java-21-openjdk-amd64
15-Dec-2025 17:13:52.620 INFO [main] org.apache.catalina.startup.VersionLoggerListener.log JVM Version:           21.0.9+10-Debian-1deb13u1
15-Dec-2025 17:13:52.620 INFO [main] org.apache.catalina.startup.VersionLoggerListener.log JVM Vendor:            Debian
15-Dec-2025 17:13:52.620 INFO [main] org.apache.catalina.startup.VersionLoggerListener.log CATALINA_BASE:         /home/infoetu/baptiste.lavogiez.etu/ctp-web/tomcat
15-Dec-2025 17:13:52.620 INFO [main] org.apache.catalina.startup.VersionLoggerListener.log CATALINA_HOME:         /home/infoetu/baptiste.lavogiez.etu/ctp-web/tomcat
15-Dec-2025 17:13:52.624 INFO [main] org.apache.catalina.startup.VersionLoggerListener.log Command line argument: -Djava.util.logging.config.file=/home/infoetu/baptiste.lavogiez.etu/ctp-web/tomcat/conf/logging.properties
15-Dec-2025 17:13:52.624 INFO [main] org.apache.catalina.startup.VersionLoggerListener.log Command line argument: -Djava.util.logging.manager=org.apache.juli.ClassLoaderLogManager
15-Dec-2025 17:13:52.624 INFO [main] org.apache.catalina.startup.VersionLoggerListener.log Command line argument: -Djdk.tls.ephemeralDHKeySize=2048
15-Dec-2025 17:13:52.624 INFO [main] org.apache.catalina.startup.VersionLoggerListener.log Command line argument: -Dorg.apache.catalina.security.SecurityListener.UMASK=0027
15-Dec-2025 17:13:52.624 INFO [main] org.apache.catalina.startup.VersionLoggerListener.log Command line argument: --add-opens=java.base/java.lang=ALL-UNNAMED
15-Dec-2025 17:13:52.624 INFO [main] org.apache.catalina.startup.VersionLoggerListener.log Command line argument: --add-opens=java.base/java.lang.reflect=ALL-UNNAMED
15-Dec-2025 17:13:52.624 INFO [main] org.apache.catalina.startup.VersionLoggerListener.log Command line argument: --add-opens=java.base/java.io=ALL-UNNAMED
15-Dec-2025 17:13:52.624 INFO [main] org.apache.catalina.startup.VersionLoggerListener.log Command line argument: --add-opens=java.base/java.util=ALL-UNNAMED
15-Dec-2025 17:13:52.624 INFO [main] org.apache.catalina.startup.VersionLoggerListener.log Command line argument: --add-opens=java.base/java.util.concurrent=ALL-UNNAMED
15-Dec-2025 17:13:52.624 INFO [main] org.apache.catalina.startup.VersionLoggerListener.log Command line argument: --add-opens=java.rmi/sun.rmi.transport=ALL-UNNAMED
15-Dec-2025 17:13:52.625 INFO [main] org.apache.catalina.startup.VersionLoggerListener.log Command line argument: --enable-native-access=ALL-UNNAMED
15-Dec-2025 17:13:52.625 INFO [main] org.apache.catalina.startup.VersionLoggerListener.log Command line argument: -Dcatalina.base=/home/infoetu/baptiste.lavogiez.etu/ctp-web/tomcat
15-Dec-2025 17:13:52.625 INFO [main] org.apache.catalina.startup.VersionLoggerListener.log Command line argument: -Dcatalina.home=/home/infoetu/baptiste.lavogiez.etu/ctp-web/tomcat
15-Dec-2025 17:13:52.625 INFO [main] org.apache.catalina.startup.VersionLoggerListener.log Command line argument: -Djava.io.tmpdir=/home/infoetu/baptiste.lavogiez.etu/ctp-web/tomcat/temp
15-Dec-2025 17:13:52.625 INFO [main] org.apache.catalina.core.AprLifecycleListener.lifecycleEvent The Apache Tomcat Native library which allows using OpenSSL was not found on the java.library.path: [/usr/java/packages/lib:/usr/lib/x86_64-linux-gnu/jni:/lib/x86_64-linux-gnu:/usr/lib/x86_64-linux-gnu:/usr/lib/jni:/lib:/usr/lib]
15-Dec-2025 17:13:52.747 INFO [main] org.apache.coyote.AbstractProtocol.init Initializing ProtocolHandler ["http-nio-8080"]
15-Dec-2025 17:13:52.755 INFO [main] org.apache.catalina.startup.Catalina.load Server initialization in [209] milliseconds
15-Dec-2025 17:13:52.772 INFO [main] org.apache.catalina.core.StandardService.startInternal Starting service [Catalina]
15-Dec-2025 17:13:52.772 INFO [main] org.apache.catalina.core.StandardEngine.startInternal Starting Servlet engine: [Apache Tomcat/11.0.13]
15-Dec-2025 17:13:52.776 INFO [main] org.apache.catalina.startup.HostConfig.deployDirectory Deploying web application directory [/home/infoetu/baptiste.lavogiez.etu/ctp-web/tomcat/webapps/ROOT]
15-Dec-2025 17:13:52.938 INFO [main] org.apache.jasper.servlet.TldScanner.scanJars At least one JAR was scanned for TLDs yet contained no TLDs. Enable debug logging for this logger for a complete list of JARs that were scanned but no TLDs were found in them. Skipping unneeded JARs during scanning can improve startup time and JSP compilation time.
15-Dec-2025 17:13:52.951 INFO [main] org.apache.catalina.startup.HostConfig.deployDirectory Deployment of web application directory [/home/infoetu/baptiste.lavogiez.etu/ctp-web/tomcat/webapps/ROOT] has finished in [175] ms
15-Dec-2025 17:13:52.951 INFO [main] org.apache.catalina.startup.HostConfig.deployDirectory Deploying web application directory [/home/infoetu/baptiste.lavogiez.etu/ctp-web/tomcat/webapps/docs]
15-Dec-2025 17:13:52.999 INFO [main] org.apache.jasper.servlet.TldScanner.scanJars At least one JAR was scanned for TLDs yet contained no TLDs. Enable debug logging for this logger for a complete list of JARs that were scanned but no TLDs were found in them. Skipping unneeded JARs during scanning can improve startup time and JSP compilation time.
15-Dec-2025 17:13:53.000 INFO [main] org.apache.catalina.startup.HostConfig.deployDirectory Deployment of web application directory [/home/infoetu/baptiste.lavogiez.etu/ctp-web/tomcat/webapps/docs] has finished in [49] ms
15-Dec-2025 17:13:53.000 INFO [main] org.apache.catalina.startup.HostConfig.deployDirectory Deploying web application directory [/home/infoetu/baptiste.lavogiez.etu/ctp-web/tomcat/webapps/ctp-2025]
15-Dec-2025 17:13:53.073 INFO [main] org.apache.jasper.servlet.TldScanner.scanJars At least one JAR was scanned for TLDs yet contained no TLDs. Enable debug logging for this logger for a complete list of JARs that were scanned but no TLDs were found in them. Skipping unneeded JARs during scanning can improve startup time and JSP compilation time.
15-Dec-2025 17:13:53.075 INFO [main] org.apache.catalina.startup.HostConfig.deployDirectory Deployment of web application directory [/home/infoetu/baptiste.lavogiez.etu/ctp-web/tomcat/webapps/ctp-2025] has finished in [75] ms
15-Dec-2025 17:13:53.075 INFO [main] org.apache.catalina.startup.HostConfig.deployDirectory Deploying web application directory [/home/infoetu/baptiste.lavogiez.etu/ctp-web/tomcat/webapps/manager]
15-Dec-2025 17:13:53.122 INFO [main] org.apache.jasper.servlet.TldScanner.scanJars At least one JAR was scanned for TLDs yet contained no TLDs. Enable debug logging for this logger for a complete list of JARs that were scanned but no TLDs were found in them. Skipping unneeded JARs during scanning can improve startup time and JSP compilation time.
15-Dec-2025 17:13:53.124 INFO [main] org.apache.catalina.startup.HostConfig.deployDirectory Deployment of web application directory [/home/infoetu/baptiste.lavogiez.etu/ctp-web/tomcat/webapps/manager] has finished in [49] ms
15-Dec-2025 17:13:53.125 INFO [main] org.apache.catalina.startup.HostConfig.deployDirectory Deploying web application directory [/home/infoetu/baptiste.lavogiez.etu/ctp-web/tomcat/webapps/host-manager]
15-Dec-2025 17:13:53.169 INFO [main] org.apache.jasper.servlet.TldScanner.scanJars At least one JAR was scanned for TLDs yet contained no TLDs. Enable debug logging for this logger for a complete list of JARs that were scanned but no TLDs were found in them. Skipping unneeded JARs during scanning can improve startup time and JSP compilation time.
15-Dec-2025 17:13:53.170 INFO [main] org.apache.catalina.startup.HostConfig.deployDirectory Deployment of web application directory [/home/infoetu/baptiste.lavogiez.etu/ctp-web/tomcat/webapps/host-manager] has finished in [46] ms
15-Dec-2025 17:13:53.170 INFO [main] org.apache.catalina.startup.HostConfig.deployDirectory Deploying web application directory [/home/infoetu/baptiste.lavogiez.etu/ctp-web/tomcat/webapps/vide]
15-Dec-2025 17:13:53.224 INFO [main] org.apache.jasper.servlet.TldScanner.scanJars At least one JAR was scanned for TLDs yet contained no TLDs. Enable debug logging for this logger for a complete list of JARs that were scanned but no TLDs were found in them. Skipping unneeded JARs during scanning can improve startup time and JSP compilation time.
15-Dec-2025 17:13:53.225 INFO [main] org.apache.catalina.startup.HostConfig.deployDirectory Deployment of web application directory [/home/infoetu/baptiste.lavogiez.etu/ctp-web/tomcat/webapps/vide] has finished in [55] ms
15-Dec-2025 17:13:53.225 INFO [main] org.apache.catalina.startup.HostConfig.deployDirectory Deploying web application directory [/home/infoetu/baptiste.lavogiez.etu/ctp-web/tomcat/webapps/examples]
15-Dec-2025 17:13:53.437 INFO [main] org.apache.jasper.servlet.TldScanner.scanJars At least one JAR was scanned for TLDs yet contained no TLDs. Enable debug logging for this logger for a complete list of JARs that were scanned but no TLDs were found in them. Skipping unneeded JARs during scanning can improve startup time and JSP compilation time.
15-Dec-2025 17:13:53.450 INFO [main] org.apache.catalina.startup.HostConfig.deployDirectory Deployment of web application directory [/home/infoetu/baptiste.lavogiez.etu/ctp-web/tomcat/webapps/examples] has finished in [225] ms
15-Dec-2025 17:13:53.450 INFO [main] org.apache.catalina.startup.HostConfig.deployDirectory Deploying web application directory [/home/infoetu/baptiste.lavogiez.etu/ctp-web/tomcat/webapps/ctp]
15-Dec-2025 17:13:53.511 INFO [main] org.apache.jasper.servlet.TldScanner.scanJars At least one JAR was scanned for TLDs yet contained no TLDs. Enable debug logging for this logger for a complete list of JARs that were scanned but no TLDs were found in them. Skipping unneeded JARs during scanning can improve startup time and JSP compilation time.
15-Dec-2025 17:13:53.512 INFO [main] org.apache.catalina.startup.HostConfig.deployDirectory Deployment of web application directory [/home/infoetu/baptiste.lavogiez.etu/ctp-web/tomcat/webapps/ctp] has finished in [62] ms
15-Dec-2025 17:13:53.514 INFO [main] org.apache.coyote.AbstractProtocol.start Starting ProtocolHandler ["http-nio-8080"]
15-Dec-2025 17:13:53.519 INFO [main] org.apache.catalina.startup.Catalina.start Server startup in [763] milliseconds
15-Dec-2025 17:21:02.307 INFO [Thread-1] org.apache.coyote.AbstractProtocol.pause Pausing ProtocolHandler ["http-nio-8080"]
15-Dec-2025 17:21:02.310 INFO [Thread-1] org.apache.catalina.core.StandardService.stopInternal Stopping service [Catalina]
15-Dec-2025 17:21:02.334 INFO [Thread-1] org.apache.coyote.AbstractProtocol.stop Stopping ProtocolHandler ["http-nio-8080"]
15-Dec-2025 17:21:02.342 INFO [Thread-1] org.apache.coyote.AbstractProtocol.destroy Destroying ProtocolHandler ["http-nio-8080"]
15-Dec-2025 17:21:03.168 INFO [main] org.apache.catalina.startup.VersionLoggerListener.log Server version name:   Apache Tomcat/11.0.13
15-Dec-2025 17:21:03.170 INFO [main] org.apache.catalina.startup.VersionLoggerListener.log Server built:          Oct 10 2025 13:57:31 UTC
15-Dec-2025 17:21:03.170 INFO [main] org.apache.catalina.startup.VersionLoggerListener.log Server version number: 11.0.13.0
15-Dec-2025 17:21:03.170 INFO [main] org.apache.catalina.startup.VersionLoggerListener.log OS Name:               Linux
15-Dec-2025 17:21:03.171 INFO [main] org.apache.catalina.startup.VersionLoggerListener.log OS Version:            6.12.43+deb13-amd64
15-Dec-2025 17:21:03.171 INFO [main] org.apache.catalina.startup.VersionLoggerListener.log Architecture:          amd64
15-Dec-2025 17:21:03.171 INFO [main] org.apache.catalina.startup.VersionLoggerListener.log Java Home:             /usr/lib/jvm/java-21-openjdk-amd64
15-Dec-2025 17:21:03.171 INFO [main] org.apache.catalina.startup.VersionLoggerListener.log JVM Version:           21.0.9+10-Debian-1deb13u1
15-Dec-2025 17:21:03.171 INFO [main] org.apache.catalina.startup.VersionLoggerListener.log JVM Vendor:            Debian
15-Dec-2025 17:21:03.171 INFO [main] org.apache.catalina.startup.VersionLoggerListener.log CATALINA_BASE:         /home/infoetu/baptiste.lavogiez.etu/ctp-web/tomcat
15-Dec-2025 17:21:03.171 INFO [main] org.apache.catalina.startup.VersionLoggerListener.log CATALINA_HOME:         /home/infoetu/baptiste.lavogiez.etu/ctp-web/tomcat
15-Dec-2025 17:21:03.175 INFO [main] org.apache.catalina.startup.VersionLoggerListener.log Command line argument: -Djava.util.logging.config.file=/home/infoetu/baptiste.lavogiez.etu/ctp-web/tomcat/conf/logging.properties
15-Dec-2025 17:21:03.175 INFO [main] org.apache.catalina.startup.VersionLoggerListener.log Command line argument: -Djava.util.logging.manager=org.apache.juli.ClassLoaderLogManager
15-Dec-2025 17:21:03.175 INFO [main] org.apache.catalina.startup.VersionLoggerListener.log Command line argument: -Djdk.tls.ephemeralDHKeySize=2048
15-Dec-2025 17:21:03.175 INFO [main] org.apache.catalina.startup.VersionLoggerListener.log Command line argument: -Dorg.apache.catalina.security.SecurityListener.UMASK=0027
15-Dec-2025 17:21:03.175 INFO [main] org.apache.catalina.startup.VersionLoggerListener.log Command line argument: --add-opens=java.base/java.lang=ALL-UNNAMED
15-Dec-2025 17:21:03.175 INFO [main] org.apache.catalina.startup.VersionLoggerListener.log Command line argument: --add-opens=java.base/java.lang.reflect=ALL-UNNAMED
15-Dec-2025 17:21:03.175 INFO [main] org.apache.catalina.startup.VersionLoggerListener.log Command line argument: --add-opens=java.base/java.io=ALL-UNNAMED
15-Dec-2025 17:21:03.175 INFO [main] org.apache.catalina.startup.VersionLoggerListener.log Command line argument: --add-opens=java.base/java.util=ALL-UNNAMED
15-Dec-2025 17:21:03.175 INFO [main] org.apache.catalina.startup.VersionLoggerListener.log Command line argument: --add-opens=java.base/java.util.concurrent=ALL-UNNAMED
15-Dec-2025 17:21:03.175 INFO [main] org.apache.catalina.startup.VersionLoggerListener.log Command line argument: --add-opens=java.rmi/sun.rmi.transport=ALL-UNNAMED
15-Dec-2025 17:21:03.175 INFO [main] org.apache.catalina.startup.VersionLoggerListener.log Command line argument: --enable-native-access=ALL-UNNAMED
15-Dec-2025 17:21:03.176 INFO [main] org.apache.catalina.startup.VersionLoggerListener.log Command line argument: -Dcatalina.base=/home/infoetu/baptiste.lavogiez.etu/ctp-web/tomcat
15-Dec-2025 17:21:03.176 INFO [main] org.apache.catalina.startup.VersionLoggerListener.log Command line argument: -Dcatalina.home=/home/infoetu/baptiste.lavogiez.etu/ctp-web/tomcat
15-Dec-2025 17:21:03.176 INFO [main] org.apache.catalina.startup.VersionLoggerListener.log Command line argument: -Djava.io.tmpdir=/home/infoetu/baptiste.lavogiez.etu/ctp-web/tomcat/temp
15-Dec-2025 17:21:03.176 INFO [main] org.apache.catalina.core.AprLifecycleListener.lifecycleEvent The Apache Tomcat Native library which allows using OpenSSL was not found on the java.library.path: [/usr/java/packages/lib:/usr/lib/x86_64-linux-gnu/jni:/lib/x86_64-linux-gnu:/usr/lib/x86_64-linux-gnu:/usr/lib/jni:/lib:/usr/lib]
15-Dec-2025 17:21:03.291 INFO [main] org.apache.coyote.AbstractProtocol.init Initializing ProtocolHandler ["http-nio-8080"]
15-Dec-2025 17:21:03.300 INFO [main] org.apache.catalina.startup.Catalina.load Server initialization in [203] milliseconds
15-Dec-2025 17:21:03.317 INFO [main] org.apache.catalina.core.StandardService.startInternal Starting service [Catalina]
15-Dec-2025 17:21:03.317 INFO [main] org.apache.catalina.core.StandardEngine.startInternal Starting Servlet engine: [Apache Tomcat/11.0.13]
15-Dec-2025 17:21:03.321 INFO [main] org.apache.catalina.startup.HostConfig.deployDirectory Deploying web application directory [/home/infoetu/baptiste.lavogiez.etu/ctp-web/tomcat/webapps/ROOT]
15-Dec-2025 17:21:03.478 INFO [main] org.apache.jasper.servlet.TldScanner.scanJars At least one JAR was scanned for TLDs yet contained no TLDs. Enable debug logging for this logger for a complete list of JARs that were scanned but no TLDs were found in them. Skipping unneeded JARs during scanning can improve startup time and JSP compilation time.
15-Dec-2025 17:21:03.492 INFO [main] org.apache.catalina.startup.HostConfig.deployDirectory Deployment of web application directory [/home/infoetu/baptiste.lavogiez.etu/ctp-web/tomcat/webapps/ROOT] has finished in [171] ms
15-Dec-2025 17:21:03.492 INFO [main] org.apache.catalina.startup.HostConfig.deployDirectory Deploying web application directory [/home/infoetu/baptiste.lavogiez.etu/ctp-web/tomcat/webapps/docs]
15-Dec-2025 17:21:03.540 INFO [main] org.apache.jasper.servlet.TldScanner.scanJars At least one JAR was scanned for TLDs yet contained no TLDs. Enable debug logging for this logger for a complete list of JARs that were scanned but no TLDs were found in them. Skipping unneeded JARs during scanning can improve startup time and JSP compilation time.
15-Dec-2025 17:21:03.541 INFO [main] org.apache.catalina.startup.HostConfig.deployDirectory Deployment of web application directory [/home/infoetu/baptiste.lavogiez.etu/ctp-web/tomcat/webapps/docs] has finished in [49] ms
15-Dec-2025 17:21:03.542 INFO [main] org.apache.catalina.startup.HostConfig.deployDirectory Deploying web application directory [/home/infoetu/baptiste.lavogiez.etu/ctp-web/tomcat/webapps/ctp-2025]
15-Dec-2025 17:21:03.617 INFO [main] org.apache.jasper.servlet.TldScanner.scanJars At least one JAR was scanned for TLDs yet contained no TLDs. Enable debug logging for this logger for a complete list of JARs that were scanned but no TLDs were found in them. Skipping unneeded JARs during scanning can improve startup time and JSP compilation time.
15-Dec-2025 17:21:03.618 INFO [main] org.apache.catalina.startup.HostConfig.deployDirectory Deployment of web application directory [/home/infoetu/baptiste.lavogiez.etu/ctp-web/tomcat/webapps/ctp-2025] has finished in [76] ms
15-Dec-2025 17:21:03.618 INFO [main] org.apache.catalina.startup.HostConfig.deployDirectory Deploying web application directory [/home/infoetu/baptiste.lavogiez.etu/ctp-web/tomcat/webapps/manager]
15-Dec-2025 17:21:03.665 INFO [main] org.apache.jasper.servlet.TldScanner.scanJars At least one JAR was scanned for TLDs yet contained no TLDs. Enable debug logging for this logger for a complete list of JARs that were scanned but no TLDs were found in them. Skipping unneeded JARs during scanning can improve startup time and JSP compilation time.
15-Dec-2025 17:21:03.668 INFO [main] org.apache.catalina.startup.HostConfig.deployDirectory Deployment of web application directory [/home/infoetu/baptiste.lavogiez.etu/ctp-web/tomcat/webapps/manager] has finished in [50] ms
15-Dec-2025 17:21:03.668 INFO [main] org.apache.catalina.startup.HostConfig.deployDirectory Deploying web application directory [/home/infoetu/baptiste.lavogiez.etu/ctp-web/tomcat/webapps/host-manager]
15-Dec-2025 17:21:03.712 INFO [main] org.apache.jasper.servlet.TldScanner.scanJars At least one JAR was scanned for TLDs yet contained no TLDs. Enable debug logging for this logger for a complete list of JARs that were scanned but no TLDs were found in them. Skipping unneeded JARs during scanning can improve startup time and JSP compilation time.
15-Dec-2025 17:21:03.713 INFO [main] org.apache.catalina.startup.HostConfig.deployDirectory Deployment of web application directory [/home/infoetu/baptiste.lavogiez.etu/ctp-web/tomcat/webapps/host-manager] has finished in [45] ms
15-Dec-2025 17:21:03.713 INFO [main] org.apache.catalina.startup.HostConfig.deployDirectory Deploying web application directory [/home/infoetu/baptiste.lavogiez.etu/ctp-web/tomcat/webapps/vide]
15-Dec-2025 17:21:03.763 INFO [main] org.apache.jasper.servlet.TldScanner.scanJars At least one JAR was scanned for TLDs yet contained no TLDs. Enable debug logging for this logger for a complete list of JARs that were scanned but no TLDs were found in them. Skipping unneeded JARs during scanning can improve startup time and JSP compilation time.
15-Dec-2025 17:21:03.763 INFO [main] org.apache.catalina.startup.HostConfig.deployDirectory Deployment of web application directory [/home/infoetu/baptiste.lavogiez.etu/ctp-web/tomcat/webapps/vide] has finished in [50] ms
15-Dec-2025 17:21:03.764 INFO [main] org.apache.catalina.startup.HostConfig.deployDirectory Deploying web application directory [/home/infoetu/baptiste.lavogiez.etu/ctp-web/tomcat/webapps/examples]
15-Dec-2025 17:21:04.012 INFO [main] org.apache.jasper.servlet.TldScanner.scanJars At least one JAR was scanned for TLDs yet contained no TLDs. Enable debug logging for this logger for a complete list of JARs that were scanned but no TLDs were found in them. Skipping unneeded JARs during scanning can improve startup time and JSP compilation time.
15-Dec-2025 17:21:04.096 INFO [main] org.apache.catalina.startup.HostConfig.deployDirectory Deployment of web application directory [/home/infoetu/baptiste.lavogiez.etu/ctp-web/tomcat/webapps/examples] has finished in [332] ms
15-Dec-2025 17:21:04.097 INFO [main] org.apache.catalina.startup.HostConfig.deployDirectory Deploying web application directory [/home/infoetu/baptiste.lavogiez.etu/ctp-web/tomcat/webapps/ctp]
15-Dec-2025 17:21:04.163 INFO [main] org.apache.jasper.servlet.TldScanner.scanJars At least one JAR was scanned for TLDs yet contained no TLDs. Enable debug logging for this logger for a complete list of JARs that were scanned but no TLDs were found in them. Skipping unneeded JARs during scanning can improve startup time and JSP compilation time.
15-Dec-2025 17:21:04.164 INFO [main] org.apache.catalina.startup.HostConfig.deployDirectory Deployment of web application directory [/home/infoetu/baptiste.lavogiez.etu/ctp-web/tomcat/webapps/ctp] has finished in [67] ms
15-Dec-2025 17:21:04.167 INFO [main] org.apache.coyote.AbstractProtocol.start Starting ProtocolHandler ["http-nio-8080"]
15-Dec-2025 17:21:04.173 INFO [main] org.apache.catalina.startup.Catalina.start Server startup in [871] milliseconds
15-Dec-2025 17:22:21.364 INFO [Thread-1] org.apache.coyote.AbstractProtocol.pause Pausing ProtocolHandler ["http-nio-8080"]
15-Dec-2025 17:22:21.367 INFO [Thread-1] org.apache.catalina.core.StandardService.stopInternal Stopping service [Catalina]
15-Dec-2025 17:22:21.393 INFO [Thread-1] org.apache.coyote.AbstractProtocol.stop Stopping ProtocolHandler ["http-nio-8080"]
15-Dec-2025 17:22:21.400 INFO [Thread-1] org.apache.coyote.AbstractProtocol.destroy Destroying ProtocolHandler ["http-nio-8080"]
15-Dec-2025 17:22:22.519 INFO [main] org.apache.catalina.startup.VersionLoggerListener.log Server version name:   Apache Tomcat/11.0.13
15-Dec-2025 17:22:22.521 INFO [main] org.apache.catalina.startup.VersionLoggerListener.log Server built:          Oct 10 2025 13:57:31 UTC
15-Dec-2025 17:22:22.521 INFO [main] org.apache.catalina.startup.VersionLoggerListener.log Server version number: 11.0.13.0
15-Dec-2025 17:22:22.521 INFO [main] org.apache.catalina.startup.VersionLoggerListener.log OS Name:               Linux
15-Dec-2025 17:22:22.521 INFO [main] org.apache.catalina.startup.VersionLoggerListener.log OS Version:            6.12.43+deb13-amd64
15-Dec-2025 17:22:22.521 INFO [main] org.apache.catalina.startup.VersionLoggerListener.log Architecture:          amd64
15-Dec-2025 17:22:22.521 INFO [main] org.apache.catalina.startup.VersionLoggerListener.log Java Home:             /usr/lib/jvm/java-21-openjdk-amd64
15-Dec-2025 17:22:22.521 INFO [main] org.apache.catalina.startup.VersionLoggerListener.log JVM Version:           21.0.9+10-Debian-1deb13u1
15-Dec-2025 17:22:22.521 INFO [main] org.apache.catalina.startup.VersionLoggerListener.log JVM Vendor:            Debian
15-Dec-2025 17:22:22.521 INFO [main] org.apache.catalina.startup.VersionLoggerListener.log CATALINA_BASE:         /home/infoetu/baptiste.lavogiez.etu/ctp-web/tomcat
15-Dec-2025 17:22:22.521 INFO [main] org.apache.catalina.startup.VersionLoggerListener.log CATALINA_HOME:         /home/infoetu/baptiste.lavogiez.etu/ctp-web/tomcat
15-Dec-2025 17:22:22.525 INFO [main] org.apache.catalina.startup.VersionLoggerListener.log Command line argument: -Djava.util.logging.config.file=/home/infoetu/baptiste.lavogiez.etu/ctp-web/tomcat/conf/logging.properties
15-Dec-2025 17:22:22.525 INFO [main] org.apache.catalina.startup.VersionLoggerListener.log Command line argument: -Djava.util.logging.manager=org.apache.juli.ClassLoaderLogManager
15-Dec-2025 17:22:22.525 INFO [main] org.apache.catalina.startup.VersionLoggerListener.log Command line argument: -Djdk.tls.ephemeralDHKeySize=2048
15-Dec-2025 17:22:22.526 INFO [main] org.apache.catalina.startup.VersionLoggerListener.log Command line argument: -Dorg.apache.catalina.security.SecurityListener.UMASK=0027
15-Dec-2025 17:22:22.526 INFO [main] org.apache.catalina.startup.VersionLoggerListener.log Command line argument: --add-opens=java.base/java.lang=ALL-UNNAMED
15-Dec-2025 17:22:22.526 INFO [main] org.apache.catalina.startup.VersionLoggerListener.log Command line argument: --add-opens=java.base/java.lang.reflect=ALL-UNNAMED
15-Dec-2025 17:22:22.526 INFO [main] org.apache.catalina.startup.VersionLoggerListener.log Command line argument: --add-opens=java.base/java.io=ALL-UNNAMED
15-Dec-2025 17:22:22.526 INFO [main] org.apache.catalina.startup.VersionLoggerListener.log Command line argument: --add-opens=java.base/java.util=ALL-UNNAMED
15-Dec-2025 17:22:22.526 INFO [main] org.apache.catalina.startup.VersionLoggerListener.log Command line argument: --add-opens=java.base/java.util.concurrent=ALL-UNNAMED
15-Dec-2025 17:22:22.526 INFO [main] org.apache.catalina.startup.VersionLoggerListener.log Command line argument: --add-opens=java.rmi/sun.rmi.transport=ALL-UNNAMED
15-Dec-2025 17:22:22.526 INFO [main] org.apache.catalina.startup.VersionLoggerListener.log Command line argument: --enable-native-access=ALL-UNNAMED
15-Dec-2025 17:22:22.526 INFO [main] org.apache.catalina.startup.VersionLoggerListener.log Command line argument: -Dcatalina.base=/home/infoetu/baptiste.lavogiez.etu/ctp-web/tomcat
15-Dec-2025 17:22:22.526 INFO [main] org.apache.catalina.startup.VersionLoggerListener.log Command line argument: -Dcatalina.home=/home/infoetu/baptiste.lavogiez.etu/ctp-web/tomcat
15-Dec-2025 17:22:22.526 INFO [main] org.apache.catalina.startup.VersionLoggerListener.log Command line argument: -Djava.io.tmpdir=/home/infoetu/baptiste.lavogiez.etu/ctp-web/tomcat/temp
15-Dec-2025 17:22:22.527 INFO [main] org.apache.catalina.core.AprLifecycleListener.lifecycleEvent The Apache Tomcat Native library which allows using OpenSSL was not found on the java.library.path: [/usr/java/packages/lib:/usr/lib/x86_64-linux-gnu/jni:/lib/x86_64-linux-gnu:/usr/lib/x86_64-linux-gnu:/usr/lib/jni:/lib:/usr/lib]
15-Dec-2025 17:22:22.642 INFO [main] org.apache.coyote.AbstractProtocol.init Initializing ProtocolHandler ["http-nio-8080"]
15-Dec-2025 17:22:22.650 INFO [main] org.apache.catalina.startup.Catalina.load Server initialization in [204] milliseconds
15-Dec-2025 17:22:22.667 INFO [main] org.apache.catalina.core.StandardService.startInternal Starting service [Catalina]
15-Dec-2025 17:22:22.667 INFO [main] org.apache.catalina.core.StandardEngine.startInternal Starting Servlet engine: [Apache Tomcat/11.0.13]
15-Dec-2025 17:22:22.671 INFO [main] org.apache.catalina.startup.HostConfig.deployDirectory Deploying web application directory [/home/infoetu/baptiste.lavogiez.etu/ctp-web/tomcat/webapps/ROOT]
15-Dec-2025 17:22:22.828 INFO [main] org.apache.jasper.servlet.TldScanner.scanJars At least one JAR was scanned for TLDs yet contained no TLDs. Enable debug logging for this logger for a complete list of JARs that were scanned but no TLDs were found in them. Skipping unneeded JARs during scanning can improve startup time and JSP compilation time.
15-Dec-2025 17:22:22.842 INFO [main] org.apache.catalina.startup.HostConfig.deployDirectory Deployment of web application directory [/home/infoetu/baptiste.lavogiez.etu/ctp-web/tomcat/webapps/ROOT] has finished in [170] ms
15-Dec-2025 17:22:22.842 INFO [main] org.apache.catalina.startup.HostConfig.deployDirectory Deploying web application directory [/home/infoetu/baptiste.lavogiez.etu/ctp-web/tomcat/webapps/docs]
15-Dec-2025 17:22:22.891 INFO [main] org.apache.jasper.servlet.TldScanner.scanJars At least one JAR was scanned for TLDs yet contained no TLDs. Enable debug logging for this logger for a complete list of JARs that were scanned but no TLDs were found in them. Skipping unneeded JARs during scanning can improve startup time and JSP compilation time.
15-Dec-2025 17:22:22.891 INFO [main] org.apache.catalina.startup.HostConfig.deployDirectory Deployment of web application directory [/home/infoetu/baptiste.lavogiez.etu/ctp-web/tomcat/webapps/docs] has finished in [49] ms
15-Dec-2025 17:22:22.891 INFO [main] org.apache.catalina.startup.HostConfig.deployDirectory Deploying web application directory [/home/infoetu/baptiste.lavogiez.etu/ctp-web/tomcat/webapps/ctp-2025]
15-Dec-2025 17:22:22.962 INFO [main] org.apache.jasper.servlet.TldScanner.scanJars At least one JAR was scanned for TLDs yet contained no TLDs. Enable debug logging for this logger for a complete list of JARs that were scanned but no TLDs were found in them. Skipping unneeded JARs during scanning can improve startup time and JSP compilation time.
15-Dec-2025 17:22:22.964 INFO [main] org.apache.catalina.startup.HostConfig.deployDirectory Deployment of web application directory [/home/infoetu/baptiste.lavogiez.etu/ctp-web/tomcat/webapps/ctp-2025] has finished in [73] ms
15-Dec-2025 17:22:22.964 INFO [main] org.apache.catalina.startup.HostConfig.deployDirectory Deploying web application directory [/home/infoetu/baptiste.lavogiez.etu/ctp-web/tomcat/webapps/manager]
15-Dec-2025 17:22:23.011 INFO [main] org.apache.jasper.servlet.TldScanner.scanJars At least one JAR was scanned for TLDs yet contained no TLDs. Enable debug logging for this logger for a complete list of JARs that were scanned but no TLDs were found in them. Skipping unneeded JARs during scanning can improve startup time and JSP compilation time.
15-Dec-2025 17:22:23.013 INFO [main] org.apache.catalina.startup.HostConfig.deployDirectory Deployment of web application directory [/home/infoetu/baptiste.lavogiez.etu/ctp-web/tomcat/webapps/manager] has finished in [49] ms
15-Dec-2025 17:22:23.013 INFO [main] org.apache.catalina.startup.HostConfig.deployDirectory Deploying web application directory [/home/infoetu/baptiste.lavogiez.etu/ctp-web/tomcat/webapps/host-manager]
15-Dec-2025 17:22:23.057 INFO [main] org.apache.jasper.servlet.TldScanner.scanJars At least one JAR was scanned for TLDs yet contained no TLDs. Enable debug logging for this logger for a complete list of JARs that were scanned but no TLDs were found in them. Skipping unneeded JARs during scanning can improve startup time and JSP compilation time.
15-Dec-2025 17:22:23.058 INFO [main] org.apache.catalina.startup.HostConfig.deployDirectory Deployment of web application directory [/home/infoetu/baptiste.lavogiez.etu/ctp-web/tomcat/webapps/host-manager] has finished in [45] ms
15-Dec-2025 17:22:23.058 INFO [main] org.apache.catalina.startup.HostConfig.deployDirectory Deploying web application directory [/home/infoetu/baptiste.lavogiez.etu/ctp-web/tomcat/webapps/vide]
15-Dec-2025 17:22:23.108 INFO [main] org.apache.jasper.servlet.TldScanner.scanJars At least one JAR was scanned for TLDs yet contained no TLDs. Enable debug logging for this logger for a complete list of JARs that were scanned but no TLDs were found in them. Skipping unneeded JARs during scanning can improve startup time and JSP compilation time.
15-Dec-2025 17:22:23.109 INFO [main] org.apache.catalina.startup.HostConfig.deployDirectory Deployment of web application directory [/home/infoetu/baptiste.lavogiez.etu/ctp-web/tomcat/webapps/vide] has finished in [50] ms
15-Dec-2025 17:22:23.109 INFO [main] org.apache.catalina.startup.HostConfig.deployDirectory Deploying web application directory [/home/infoetu/baptiste.lavogiez.etu/ctp-web/tomcat/webapps/examples]
15-Dec-2025 17:22:23.317 INFO [main] org.apache.jasper.servlet.TldScanner.scanJars At least one JAR was scanned for TLDs yet contained no TLDs. Enable debug logging for this logger for a complete list of JARs that were scanned but no TLDs were found in them. Skipping unneeded JARs during scanning can improve startup time and JSP compilation time.
15-Dec-2025 17:22:23.329 INFO [main] org.apache.catalina.startup.HostConfig.deployDirectory Deployment of web application directory [/home/infoetu/baptiste.lavogiez.etu/ctp-web/tomcat/webapps/examples] has finished in [220] ms
15-Dec-2025 17:22:23.329 INFO [main] org.apache.catalina.startup.HostConfig.deployDirectory Deploying web application directory [/home/infoetu/baptiste.lavogiez.etu/ctp-web/tomcat/webapps/ctp]
15-Dec-2025 17:22:23.389 INFO [main] org.apache.jasper.servlet.TldScanner.scanJars At least one JAR was scanned for TLDs yet contained no TLDs. Enable debug logging for this logger for a complete list of JARs that were scanned but no TLDs were found in them. Skipping unneeded JARs during scanning can improve startup time and JSP compilation time.
15-Dec-2025 17:22:23.390 INFO [main] org.apache.catalina.startup.HostConfig.deployDirectory Deployment of web application directory [/home/infoetu/baptiste.lavogiez.etu/ctp-web/tomcat/webapps/ctp] has finished in [61] ms
15-Dec-2025 17:22:23.392 INFO [main] org.apache.coyote.AbstractProtocol.start Starting ProtocolHandler ["http-nio-8080"]
15-Dec-2025 17:22:23.397 INFO [main] org.apache.catalina.startup.Catalina.start Server startup in [746] milliseconds
15-Dec-2025 17:22:25.469 INFO [Thread-1] org.apache.coyote.AbstractProtocol.pause Pausing ProtocolHandler ["http-nio-8080"]
15-Dec-2025 17:22:25.475 INFO [Thread-1] org.apache.catalina.core.StandardService.stopInternal Stopping service [Catalina]
15-Dec-2025 17:22:25.490 INFO [Thread-1] org.apache.coyote.AbstractProtocol.stop Stopping ProtocolHandler ["http-nio-8080"]
15-Dec-2025 17:22:25.498 INFO [Thread-1] org.apache.coyote.AbstractProtocol.destroy Destroying ProtocolHandler ["http-nio-8080"]
15-Dec-2025 17:22:26.313 INFO [main] org.apache.catalina.startup.VersionLoggerListener.log Server version name:   Apache Tomcat/11.0.13
15-Dec-2025 17:22:26.315 INFO [main] org.apache.catalina.startup.VersionLoggerListener.log Server built:          Oct 10 2025 13:57:31 UTC
15-Dec-2025 17:22:26.315 INFO [main] org.apache.catalina.startup.VersionLoggerListener.log Server version number: 11.0.13.0
15-Dec-2025 17:22:26.315 INFO [main] org.apache.catalina.startup.VersionLoggerListener.log OS Name:               Linux
15-Dec-2025 17:22:26.315 INFO [main] org.apache.catalina.startup.VersionLoggerListener.log OS Version:            6.12.43+deb13-amd64
15-Dec-2025 17:22:26.316 INFO [main] org.apache.catalina.startup.VersionLoggerListener.log Architecture:          amd64
15-Dec-2025 17:22:26.316 INFO [main] org.apache.catalina.startup.VersionLoggerListener.log Java Home:             /usr/lib/jvm/java-21-openjdk-amd64
15-Dec-2025 17:22:26.316 INFO [main] org.apache.catalina.startup.VersionLoggerListener.log JVM Version:           21.0.9+10-Debian-1deb13u1
15-Dec-2025 17:22:26.316 INFO [main] org.apache.catalina.startup.VersionLoggerListener.log JVM Vendor:            Debian
15-Dec-2025 17:22:26.316 INFO [main] org.apache.catalina.startup.VersionLoggerListener.log CATALINA_BASE:         /home/infoetu/baptiste.lavogiez.etu/ctp-web/tomcat
15-Dec-2025 17:22:26.316 INFO [main] org.apache.catalina.startup.VersionLoggerListener.log CATALINA_HOME:         /home/infoetu/baptiste.lavogiez.etu/ctp-web/tomcat
15-Dec-2025 17:22:26.320 INFO [main] org.apache.catalina.startup.VersionLoggerListener.log Command line argument: -Djava.util.logging.config.file=/home/infoetu/baptiste.lavogiez.etu/ctp-web/tomcat/conf/logging.properties
15-Dec-2025 17:22:26.320 INFO [main] org.apache.catalina.startup.VersionLoggerListener.log Command line argument: -Djava.util.logging.manager=org.apache.juli.ClassLoaderLogManager
15-Dec-2025 17:22:26.320 INFO [main] org.apache.catalina.startup.VersionLoggerListener.log Command line argument: -Djdk.tls.ephemeralDHKeySize=2048
15-Dec-2025 17:22:26.320 INFO [main] org.apache.catalina.startup.VersionLoggerListener.log Command line argument: -Dorg.apache.catalina.security.SecurityListener.UMASK=0027
15-Dec-2025 17:22:26.320 INFO [main] org.apache.catalina.startup.VersionLoggerListener.log Command line argument: --add-opens=java.base/java.lang=ALL-UNNAMED
15-Dec-2025 17:22:26.320 INFO [main] org.apache.catalina.startup.VersionLoggerListener.log Command line argument: --add-opens=java.base/java.lang.reflect=ALL-UNNAMED
15-Dec-2025 17:22:26.320 INFO [main] org.apache.catalina.startup.VersionLoggerListener.log Command line argument: --add-opens=java.base/java.io=ALL-UNNAMED
15-Dec-2025 17:22:26.320 INFO [main] org.apache.catalina.startup.VersionLoggerListener.log Command line argument: --add-opens=java.base/java.util=ALL-UNNAMED
15-Dec-2025 17:22:26.320 INFO [main] org.apache.catalina.startup.VersionLoggerListener.log Command line argument: --add-opens=java.base/java.util.concurrent=ALL-UNNAMED
15-Dec-2025 17:22:26.320 INFO [main] org.apache.catalina.startup.VersionLoggerListener.log Command line argument: --add-opens=java.rmi/sun.rmi.transport=ALL-UNNAMED
15-Dec-2025 17:22:26.320 INFO [main] org.apache.catalina.startup.VersionLoggerListener.log Command line argument: --enable-native-access=ALL-UNNAMED
15-Dec-2025 17:22:26.320 INFO [main] org.apache.catalina.startup.VersionLoggerListener.log Command line argument: -Dcatalina.base=/home/infoetu/baptiste.lavogiez.etu/ctp-web/tomcat
15-Dec-2025 17:22:26.320 INFO [main] org.apache.catalina.startup.VersionLoggerListener.log Command line argument: -Dcatalina.home=/home/infoetu/baptiste.lavogiez.etu/ctp-web/tomcat
15-Dec-2025 17:22:26.321 INFO [main] org.apache.catalina.startup.VersionLoggerListener.log Command line argument: -Djava.io.tmpdir=/home/infoetu/baptiste.lavogiez.etu/ctp-web/tomcat/temp
15-Dec-2025 17:22:26.321 INFO [main] org.apache.catalina.core.AprLifecycleListener.lifecycleEvent The Apache Tomcat Native library which allows using OpenSSL was not found on the java.library.path: [/usr/java/packages/lib:/usr/lib/x86_64-linux-gnu/jni:/lib/x86_64-linux-gnu:/usr/lib/x86_64-linux-gnu:/usr/lib/jni:/lib:/usr/lib]
15-Dec-2025 17:22:26.437 INFO [main] org.apache.coyote.AbstractProtocol.init Initializing ProtocolHandler ["http-nio-8080"]
15-Dec-2025 17:22:26.446 INFO [main] org.apache.catalina.startup.Catalina.load Server initialization in [204] milliseconds
15-Dec-2025 17:22:26.463 INFO [main] org.apache.catalina.core.StandardService.startInternal Starting service [Catalina]
15-Dec-2025 17:22:26.463 INFO [main] org.apache.catalina.core.StandardEngine.startInternal Starting Servlet engine: [Apache Tomcat/11.0.13]
15-Dec-2025 17:22:26.468 INFO [main] org.apache.catalina.startup.HostConfig.deployDirectory Deploying web application directory [/home/infoetu/baptiste.lavogiez.etu/ctp-web/tomcat/webapps/ROOT]
15-Dec-2025 17:22:26.622 INFO [main] org.apache.jasper.servlet.TldScanner.scanJars At least one JAR was scanned for TLDs yet contained no TLDs. Enable debug logging for this logger for a complete list of JARs that were scanned but no TLDs were found in them. Skipping unneeded JARs during scanning can improve startup time and JSP compilation time.
15-Dec-2025 17:22:26.636 INFO [main] org.apache.catalina.startup.HostConfig.deployDirectory Deployment of web application directory [/home/infoetu/baptiste.lavogiez.etu/ctp-web/tomcat/webapps/ROOT] has finished in [168] ms
15-Dec-2025 17:22:26.636 INFO [main] org.apache.catalina.startup.HostConfig.deployDirectory Deploying web application directory [/home/infoetu/baptiste.lavogiez.etu/ctp-web/tomcat/webapps/docs]
15-Dec-2025 17:22:26.685 INFO [main] org.apache.jasper.servlet.TldScanner.scanJars At least one JAR was scanned for TLDs yet contained no TLDs. Enable debug logging for this logger for a complete list of JARs that were scanned but no TLDs were found in them. Skipping unneeded JARs during scanning can improve startup time and JSP compilation time.
15-Dec-2025 17:22:26.686 INFO [main] org.apache.catalina.startup.HostConfig.deployDirectory Deployment of web application directory [/home/infoetu/baptiste.lavogiez.etu/ctp-web/tomcat/webapps/docs] has finished in [50] ms
15-Dec-2025 17:22:26.686 INFO [main] org.apache.catalina.startup.HostConfig.deployDirectory Deploying web application directory [/home/infoetu/baptiste.lavogiez.etu/ctp-web/tomcat/webapps/ctp-2025]
15-Dec-2025 17:22:26.759 INFO [main] org.apache.jasper.servlet.TldScanner.scanJars At least one JAR was scanned for TLDs yet contained no TLDs. Enable debug logging for this logger for a complete list of JARs that were scanned but no TLDs were found in them. Skipping unneeded JARs during scanning can improve startup time and JSP compilation time.
15-Dec-2025 17:22:26.761 INFO [main] org.apache.catalina.startup.HostConfig.deployDirectory Deployment of web application directory [/home/infoetu/baptiste.lavogiez.etu/ctp-web/tomcat/webapps/ctp-2025] has finished in [75] ms
15-Dec-2025 17:22:26.761 INFO [main] org.apache.catalina.startup.HostConfig.deployDirectory Deploying web application directory [/home/infoetu/baptiste.lavogiez.etu/ctp-web/tomcat/webapps/manager]
15-Dec-2025 17:22:26.805 INFO [main] org.apache.jasper.servlet.TldScanner.scanJars At least one JAR was scanned for TLDs yet contained no TLDs. Enable debug logging for this logger for a complete list of JARs that were scanned but no TLDs were found in them. Skipping unneeded JARs during scanning can improve startup time and JSP compilation time.
15-Dec-2025 17:22:26.808 INFO [main] org.apache.catalina.startup.HostConfig.deployDirectory Deployment of web application directory [/home/infoetu/baptiste.lavogiez.etu/ctp-web/tomcat/webapps/manager] has finished in [46] ms
15-Dec-2025 17:22:26.808 INFO [main] org.apache.catalina.startup.HostConfig.deployDirectory Deploying web application directory [/home/infoetu/baptiste.lavogiez.etu/ctp-web/tomcat/webapps/host-manager]
15-Dec-2025 17:22:26.850 INFO [main] org.apache.jasper.servlet.TldScanner.scanJars At least one JAR was scanned for TLDs yet contained no TLDs. Enable debug logging for this logger for a complete list of JARs that were scanned but no TLDs were found in them. Skipping unneeded JARs during scanning can improve startup time and JSP compilation time.
15-Dec-2025 17:22:26.851 INFO [main] org.apache.catalina.startup.HostConfig.deployDirectory Deployment of web application directory [/home/infoetu/baptiste.lavogiez.etu/ctp-web/tomcat/webapps/host-manager] has finished in [43] ms
15-Dec-2025 17:22:26.851 INFO [main] org.apache.catalina.startup.HostConfig.deployDirectory Deploying web application directory [/home/infoetu/baptiste.lavogiez.etu/ctp-web/tomcat/webapps/vide]
15-Dec-2025 17:22:26.897 INFO [main] org.apache.jasper.servlet.TldScanner.scanJars At least one JAR was scanned for TLDs yet contained no TLDs. Enable debug logging for this logger for a complete list of JARs that were scanned but no TLDs were found in them. Skipping unneeded JARs during scanning can improve startup time and JSP compilation time.
15-Dec-2025 17:22:26.898 INFO [main] org.apache.catalina.startup.HostConfig.deployDirectory Deployment of web application directory [/home/infoetu/baptiste.lavogiez.etu/ctp-web/tomcat/webapps/vide] has finished in [46] ms
15-Dec-2025 17:22:26.898 INFO [main] org.apache.catalina.startup.HostConfig.deployDirectory Deploying web application directory [/home/infoetu/baptiste.lavogiez.etu/ctp-web/tomcat/webapps/examples]
15-Dec-2025 17:22:27.025 INFO [main] org.apache.jasper.servlet.TldScanner.scanJars At least one JAR was scanned for TLDs yet contained no TLDs. Enable debug logging for this logger for a complete list of JARs that were scanned but no TLDs were found in them. Skipping unneeded JARs during scanning can improve startup time and JSP compilation time.
15-Dec-2025 17:22:27.039 INFO [main] org.apache.catalina.startup.HostConfig.deployDirectory Deployment of web application directory [/home/infoetu/baptiste.lavogiez.etu/ctp-web/tomcat/webapps/examples] has finished in [140] ms
15-Dec-2025 17:22:27.039 INFO [main] org.apache.catalina.startup.HostConfig.deployDirectory Deploying web application directory [/home/infoetu/baptiste.lavogiez.etu/ctp-web/tomcat/webapps/ctp]
15-Dec-2025 17:22:27.088 INFO [main] org.apache.jasper.servlet.TldScanner.scanJars At least one JAR was scanned for TLDs yet contained no TLDs. Enable debug logging for this logger for a complete list of JARs that were scanned but no TLDs were found in them. Skipping unneeded JARs during scanning can improve startup time and JSP compilation time.
15-Dec-2025 17:22:27.089 INFO [main] org.apache.catalina.startup.HostConfig.deployDirectory Deployment of web application directory [/home/infoetu/baptiste.lavogiez.etu/ctp-web/tomcat/webapps/ctp] has finished in [49] ms
15-Dec-2025 17:22:27.091 INFO [main] org.apache.coyote.AbstractProtocol.start Starting ProtocolHandler ["http-nio-8080"]
15-Dec-2025 17:22:27.096 INFO [main] org.apache.catalina.startup.Catalina.start Server startup in [649] milliseconds
15-Dec-2025 17:25:45.665 INFO [Thread-1] org.apache.coyote.AbstractProtocol.pause Pausing ProtocolHandler ["http-nio-8080"]
15-Dec-2025 17:25:45.667 INFO [Thread-1] org.apache.catalina.core.StandardService.stopInternal Stopping service [Catalina]
15-Dec-2025 17:25:45.690 INFO [Thread-1] org.apache.coyote.AbstractProtocol.stop Stopping ProtocolHandler ["http-nio-8080"]
15-Dec-2025 17:25:45.699 INFO [Thread-1] org.apache.coyote.AbstractProtocol.destroy Destroying ProtocolHandler ["http-nio-8080"]
15-Dec-2025 17:25:46.596 INFO [main] org.apache.catalina.startup.VersionLoggerListener.log Server version name:   Apache Tomcat/11.0.13
15-Dec-2025 17:25:46.597 INFO [main] org.apache.catalina.startup.VersionLoggerListener.log Server built:          Oct 10 2025 13:57:31 UTC
15-Dec-2025 17:25:46.598 INFO [main] org.apache.catalina.startup.VersionLoggerListener.log Server version number: 11.0.13.0
15-Dec-2025 17:25:46.598 INFO [main] org.apache.catalina.startup.VersionLoggerListener.log OS Name:               Linux
15-Dec-2025 17:25:46.598 INFO [main] org.apache.catalina.startup.VersionLoggerListener.log OS Version:            6.12.43+deb13-amd64
15-Dec-2025 17:25:46.598 INFO [main] org.apache.catalina.startup.VersionLoggerListener.log Architecture:          amd64
15-Dec-2025 17:25:46.598 INFO [main] org.apache.catalina.startup.VersionLoggerListener.log Java Home:             /usr/lib/jvm/java-21-openjdk-amd64
15-Dec-2025 17:25:46.598 INFO [main] org.apache.catalina.startup.VersionLoggerListener.log JVM Version:           21.0.9+10-Debian-1deb13u1
15-Dec-2025 17:25:46.598 INFO [main] org.apache.catalina.startup.VersionLoggerListener.log JVM Vendor:            Debian
15-Dec-2025 17:25:46.598 INFO [main] org.apache.catalina.startup.VersionLoggerListener.log CATALINA_BASE:         /home/infoetu/baptiste.lavogiez.etu/ctp-web/tomcat
15-Dec-2025 17:25:46.598 INFO [main] org.apache.catalina.startup.VersionLoggerListener.log CATALINA_HOME:         /home/infoetu/baptiste.lavogiez.etu/ctp-web/tomcat
15-Dec-2025 17:25:46.602 INFO [main] org.apache.catalina.startup.VersionLoggerListener.log Command line argument: -Djava.util.logging.config.file=/home/infoetu/baptiste.lavogiez.etu/ctp-web/tomcat/conf/logging.properties
15-Dec-2025 17:25:46.602 INFO [main] org.apache.catalina.startup.VersionLoggerListener.log Command line argument: -Djava.util.logging.manager=org.apache.juli.ClassLoaderLogManager
15-Dec-2025 17:25:46.602 INFO [main] org.apache.catalina.startup.VersionLoggerListener.log Command line argument: -Djdk.tls.ephemeralDHKeySize=2048
15-Dec-2025 17:25:46.602 INFO [main] org.apache.catalina.startup.VersionLoggerListener.log Command line argument: -Dorg.apache.catalina.security.SecurityListener.UMASK=0027
15-Dec-2025 17:25:46.602 INFO [main] org.apache.catalina.startup.VersionLoggerListener.log Command line argument: --add-opens=java.base/java.lang=ALL-UNNAMED
15-Dec-2025 17:25:46.602 INFO [main] org.apache.catalina.startup.VersionLoggerListener.log Command line argument: --add-opens=java.base/java.lang.reflect=ALL-UNNAMED
15-Dec-2025 17:25:46.602 INFO [main] org.apache.catalina.startup.VersionLoggerListener.log Command line argument: --add-opens=java.base/java.io=ALL-UNNAMED
15-Dec-2025 17:25:46.602 INFO [main] org.apache.catalina.startup.VersionLoggerListener.log Command line argument: --add-opens=java.base/java.util=ALL-UNNAMED
15-Dec-2025 17:25:46.602 INFO [main] org.apache.catalina.startup.VersionLoggerListener.log Command line argument: --add-opens=java.base/java.util.concurrent=ALL-UNNAMED
15-Dec-2025 17:25:46.602 INFO [main] org.apache.catalina.startup.VersionLoggerListener.log Command line argument: --add-opens=java.rmi/sun.rmi.transport=ALL-UNNAMED
15-Dec-2025 17:25:46.602 INFO [main] org.apache.catalina.startup.VersionLoggerListener.log Command line argument: --enable-native-access=ALL-UNNAMED
15-Dec-2025 17:25:46.602 INFO [main] org.apache.catalina.startup.VersionLoggerListener.log Command line argument: -Dcatalina.base=/home/infoetu/baptiste.lavogiez.etu/ctp-web/tomcat
15-Dec-2025 17:25:46.603 INFO [main] org.apache.catalina.startup.VersionLoggerListener.log Command line argument: -Dcatalina.home=/home/infoetu/baptiste.lavogiez.etu/ctp-web/tomcat
15-Dec-2025 17:25:46.603 INFO [main] org.apache.catalina.startup.VersionLoggerListener.log Command line argument: -Djava.io.tmpdir=/home/infoetu/baptiste.lavogiez.etu/ctp-web/tomcat/temp
15-Dec-2025 17:25:46.603 INFO [main] org.apache.catalina.core.AprLifecycleListener.lifecycleEvent The Apache Tomcat Native library which allows using OpenSSL was not found on the java.library.path: [/usr/java/packages/lib:/usr/lib/x86_64-linux-gnu/jni:/lib/x86_64-linux-gnu:/usr/lib/x86_64-linux-gnu:/usr/lib/jni:/lib:/usr/lib]
15-Dec-2025 17:25:46.719 INFO [main] org.apache.coyote.AbstractProtocol.init Initializing ProtocolHandler ["http-nio-8080"]
15-Dec-2025 17:25:46.728 INFO [main] org.apache.catalina.startup.Catalina.load Server initialization in [203] milliseconds
15-Dec-2025 17:25:46.744 INFO [main] org.apache.catalina.core.StandardService.startInternal Starting service [Catalina]
15-Dec-2025 17:25:46.744 INFO [main] org.apache.catalina.core.StandardEngine.startInternal Starting Servlet engine: [Apache Tomcat/11.0.13]
15-Dec-2025 17:25:46.749 INFO [main] org.apache.catalina.startup.HostConfig.deployDirectory Deploying web application directory [/home/infoetu/baptiste.lavogiez.etu/ctp-web/tomcat/webapps/ROOT]
15-Dec-2025 17:25:46.905 INFO [main] org.apache.jasper.servlet.TldScanner.scanJars At least one JAR was scanned for TLDs yet contained no TLDs. Enable debug logging for this logger for a complete list of JARs that were scanned but no TLDs were found in them. Skipping unneeded JARs during scanning can improve startup time and JSP compilation time.
15-Dec-2025 17:25:46.919 INFO [main] org.apache.catalina.startup.HostConfig.deployDirectory Deployment of web application directory [/home/infoetu/baptiste.lavogiez.etu/ctp-web/tomcat/webapps/ROOT] has finished in [170] ms
15-Dec-2025 17:25:46.919 INFO [main] org.apache.catalina.startup.HostConfig.deployDirectory Deploying web application directory [/home/infoetu/baptiste.lavogiez.etu/ctp-web/tomcat/webapps/docs]
15-Dec-2025 17:25:46.968 INFO [main] org.apache.jasper.servlet.TldScanner.scanJars At least one JAR was scanned for TLDs yet contained no TLDs. Enable debug logging for this logger for a complete list of JARs that were scanned but no TLDs were found in them. Skipping unneeded JARs during scanning can improve startup time and JSP compilation time.
15-Dec-2025 17:25:46.968 INFO [main] org.apache.catalina.startup.HostConfig.deployDirectory Deployment of web application directory [/home/infoetu/baptiste.lavogiez.etu/ctp-web/tomcat/webapps/docs] has finished in [49] ms
15-Dec-2025 17:25:46.969 INFO [main] org.apache.catalina.startup.HostConfig.deployDirectory Deploying web application directory [/home/infoetu/baptiste.lavogiez.etu/ctp-web/tomcat/webapps/ctp-2025]
15-Dec-2025 17:25:47.042 INFO [main] org.apache.jasper.servlet.TldScanner.scanJars At least one JAR was scanned for TLDs yet contained no TLDs. Enable debug logging for this logger for a complete list of JARs that were scanned but no TLDs were found in them. Skipping unneeded JARs during scanning can improve startup time and JSP compilation time.
15-Dec-2025 17:25:47.044 INFO [main] org.apache.catalina.startup.HostConfig.deployDirectory Deployment of web application directory [/home/infoetu/baptiste.lavogiez.etu/ctp-web/tomcat/webapps/ctp-2025] has finished in [75] ms
15-Dec-2025 17:25:47.044 INFO [main] org.apache.catalina.startup.HostConfig.deployDirectory Deploying web application directory [/home/infoetu/baptiste.lavogiez.etu/ctp-web/tomcat/webapps/manager]
15-Dec-2025 17:25:47.091 INFO [main] org.apache.jasper.servlet.TldScanner.scanJars At least one JAR was scanned for TLDs yet contained no TLDs. Enable debug logging for this logger for a complete list of JARs that were scanned but no TLDs were found in them. Skipping unneeded JARs during scanning can improve startup time and JSP compilation time.
15-Dec-2025 17:25:47.095 INFO [main] org.apache.catalina.startup.HostConfig.deployDirectory Deployment of web application directory [/home/infoetu/baptiste.lavogiez.etu/ctp-web/tomcat/webapps/manager] has finished in [51] ms
15-Dec-2025 17:25:47.095 INFO [main] org.apache.catalina.startup.HostConfig.deployDirectory Deploying web application directory [/home/infoetu/baptiste.lavogiez.etu/ctp-web/tomcat/webapps/host-manager]
15-Dec-2025 17:25:47.140 INFO [main] org.apache.jasper.servlet.TldScanner.scanJars At least one JAR was scanned for TLDs yet contained no TLDs. Enable debug logging for this logger for a complete list of JARs that were scanned but no TLDs were found in them. Skipping unneeded JARs during scanning can improve startup time and JSP compilation time.
15-Dec-2025 17:25:47.140 INFO [main] org.apache.catalina.startup.HostConfig.deployDirectory Deployment of web application directory [/home/infoetu/baptiste.lavogiez.etu/ctp-web/tomcat/webapps/host-manager] has finished in [45] ms
15-Dec-2025 17:25:47.141 INFO [main] org.apache.catalina.startup.HostConfig.deployDirectory Deploying web application directory [/home/infoetu/baptiste.lavogiez.etu/ctp-web/tomcat/webapps/vide]
15-Dec-2025 17:25:47.193 INFO [main] org.apache.jasper.servlet.TldScanner.scanJars At least one JAR was scanned for TLDs yet contained no TLDs. Enable debug logging for this logger for a complete list of JARs that were scanned but no TLDs were found in them. Skipping unneeded JARs during scanning can improve startup time and JSP compilation time.
15-Dec-2025 17:25:47.194 INFO [main] org.apache.catalina.startup.HostConfig.deployDirectory Deployment of web application directory [/home/infoetu/baptiste.lavogiez.etu/ctp-web/tomcat/webapps/vide] has finished in [54] ms
15-Dec-2025 17:25:47.194 INFO [main] org.apache.catalina.startup.HostConfig.deployDirectory Deploying web application directory [/home/infoetu/baptiste.lavogiez.etu/ctp-web/tomcat/webapps/examples]
15-Dec-2025 17:25:47.421 INFO [main] org.apache.jasper.servlet.TldScanner.scanJars At least one JAR was scanned for TLDs yet contained no TLDs. Enable debug logging for this logger for a complete list of JARs that were scanned but no TLDs were found in them. Skipping unneeded JARs during scanning can improve startup time and JSP compilation time.
15-Dec-2025 17:25:47.435 INFO [main] org.apache.catalina.startup.HostConfig.deployDirectory Deployment of web application directory [/home/infoetu/baptiste.lavogiez.etu/ctp-web/tomcat/webapps/examples] has finished in [241] ms
15-Dec-2025 17:25:47.435 INFO [main] org.apache.catalina.startup.HostConfig.deployDirectory Deploying web application directory [/home/infoetu/baptiste.lavogiez.etu/ctp-web/tomcat/webapps/ctp]
15-Dec-2025 17:25:47.498 INFO [main] org.apache.jasper.servlet.TldScanner.scanJars At least one JAR was scanned for TLDs yet contained no TLDs. Enable debug logging for this logger for a complete list of JARs that were scanned but no TLDs were found in them. Skipping unneeded JARs during scanning can improve startup time and JSP compilation time.
15-Dec-2025 17:25:47.499 INFO [main] org.apache.catalina.startup.HostConfig.deployDirectory Deployment of web application directory [/home/infoetu/baptiste.lavogiez.etu/ctp-web/tomcat/webapps/ctp] has finished in [64] ms
15-Dec-2025 17:25:47.501 INFO [main] org.apache.coyote.AbstractProtocol.start Starting ProtocolHandler ["http-nio-8080"]
15-Dec-2025 17:25:47.506 INFO [main] org.apache.catalina.startup.Catalina.start Server startup in [778] milliseconds
15-Dec-2025 17:26:07.518 INFO [Catalina-utility-1] org.apache.catalina.core.StandardContext.reload Reloading Context with name [/ctp-2025] has started
15-Dec-2025 17:26:07.586 INFO [Catalina-utility-1] org.apache.jasper.servlet.TldScanner.scanJars At least one JAR was scanned for TLDs yet contained no TLDs. Enable debug logging for this logger for a complete list of JARs that were scanned but no TLDs were found in them. Skipping unneeded JARs during scanning can improve startup time and JSP compilation time.
15-Dec-2025 17:26:07.587 INFO [Catalina-utility-1] org.apache.catalina.core.StandardContext.reload Reloading Context with name [/ctp-2025] is completed
15-Dec-2025 17:26:07.858 INFO [Thread-1] org.apache.coyote.AbstractProtocol.pause Pausing ProtocolHandler ["http-nio-8080"]
15-Dec-2025 17:26:07.861 INFO [Thread-1] org.apache.catalina.core.StandardService.stopInternal Stopping service [Catalina]
15-Dec-2025 17:26:07.886 INFO [Thread-1] org.apache.coyote.AbstractProtocol.stop Stopping ProtocolHandler ["http-nio-8080"]
15-Dec-2025 17:26:07.893 INFO [Thread-1] org.apache.coyote.AbstractProtocol.destroy Destroying ProtocolHandler ["http-nio-8080"]
15-Dec-2025 17:26:08.724 INFO [main] org.apache.catalina.startup.VersionLoggerListener.log Server version name:   Apache Tomcat/11.0.13
15-Dec-2025 17:26:08.725 INFO [main] org.apache.catalina.startup.VersionLoggerListener.log Server built:          Oct 10 2025 13:57:31 UTC
15-Dec-2025 17:26:08.726 INFO [main] org.apache.catalina.startup.VersionLoggerListener.log Server version number: 11.0.13.0
15-Dec-2025 17:26:08.726 INFO [main] org.apache.catalina.startup.VersionLoggerListener.log OS Name:               Linux
15-Dec-2025 17:26:08.726 INFO [main] org.apache.catalina.startup.VersionLoggerListener.log OS Version:            6.12.43+deb13-amd64
15-Dec-2025 17:26:08.726 INFO [main] org.apache.catalina.startup.VersionLoggerListener.log Architecture:          amd64
15-Dec-2025 17:26:08.726 INFO [main] org.apache.catalina.startup.VersionLoggerListener.log Java Home:             /usr/lib/jvm/java-21-openjdk-amd64
15-Dec-2025 17:26:08.726 INFO [main] org.apache.catalina.startup.VersionLoggerListener.log JVM Version:           21.0.9+10-Debian-1deb13u1
15-Dec-2025 17:26:08.726 INFO [main] org.apache.catalina.startup.VersionLoggerListener.log JVM Vendor:            Debian
15-Dec-2025 17:26:08.726 INFO [main] org.apache.catalina.startup.VersionLoggerListener.log CATALINA_BASE:         /home/infoetu/baptiste.lavogiez.etu/ctp-web/tomcat
15-Dec-2025 17:26:08.726 INFO [main] org.apache.catalina.startup.VersionLoggerListener.log CATALINA_HOME:         /home/infoetu/baptiste.lavogiez.etu/ctp-web/tomcat
15-Dec-2025 17:26:08.730 INFO [main] org.apache.catalina.startup.VersionLoggerListener.log Command line argument: -Djava.util.logging.config.file=/home/infoetu/baptiste.lavogiez.etu/ctp-web/tomcat/conf/logging.properties
15-Dec-2025 17:26:08.730 INFO [main] org.apache.catalina.startup.VersionLoggerListener.log Command line argument: -Djava.util.logging.manager=org.apache.juli.ClassLoaderLogManager
15-Dec-2025 17:26:08.730 INFO [main] org.apache.catalina.startup.VersionLoggerListener.log Command line argument: -Djdk.tls.ephemeralDHKeySize=2048
15-Dec-2025 17:26:08.730 INFO [main] org.apache.catalina.startup.VersionLoggerListener.log Command line argument: -Dorg.apache.catalina.security.SecurityListener.UMASK=0027
15-Dec-2025 17:26:08.730 INFO [main] org.apache.catalina.startup.VersionLoggerListener.log Command line argument: --add-opens=java.base/java.lang=ALL-UNNAMED
15-Dec-2025 17:26:08.730 INFO [main] org.apache.catalina.startup.VersionLoggerListener.log Command line argument: --add-opens=java.base/java.lang.reflect=ALL-UNNAMED
15-Dec-2025 17:26:08.730 INFO [main] org.apache.catalina.startup.VersionLoggerListener.log Command line argument: --add-opens=java.base/java.io=ALL-UNNAMED
15-Dec-2025 17:26:08.730 INFO [main] org.apache.catalina.startup.VersionLoggerListener.log Command line argument: --add-opens=java.base/java.util=ALL-UNNAMED
15-Dec-2025 17:26:08.730 INFO [main] org.apache.catalina.startup.VersionLoggerListener.log Command line argument: --add-opens=java.base/java.util.concurrent=ALL-UNNAMED
15-Dec-2025 17:26:08.730 INFO [main] org.apache.catalina.startup.VersionLoggerListener.log Command line argument: --add-opens=java.rmi/sun.rmi.transport=ALL-UNNAMED
15-Dec-2025 17:26:08.730 INFO [main] org.apache.catalina.startup.VersionLoggerListener.log Command line argument: --enable-native-access=ALL-UNNAMED
15-Dec-2025 17:26:08.730 INFO [main] org.apache.catalina.startup.VersionLoggerListener.log Command line argument: -Dcatalina.base=/home/infoetu/baptiste.lavogiez.etu/ctp-web/tomcat
15-Dec-2025 17:26:08.730 INFO [main] org.apache.catalina.startup.VersionLoggerListener.log Command line argument: -Dcatalina.home=/home/infoetu/baptiste.lavogiez.etu/ctp-web/tomcat
15-Dec-2025 17:26:08.731 INFO [main] org.apache.catalina.startup.VersionLoggerListener.log Command line argument: -Djava.io.tmpdir=/home/infoetu/baptiste.lavogiez.etu/ctp-web/tomcat/temp
15-Dec-2025 17:26:08.731 INFO [main] org.apache.catalina.core.AprLifecycleListener.lifecycleEvent The Apache Tomcat Native library which allows using OpenSSL was not found on the java.library.path: [/usr/java/packages/lib:/usr/lib/x86_64-linux-gnu/jni:/lib/x86_64-linux-gnu:/usr/lib/x86_64-linux-gnu:/usr/lib/jni:/lib:/usr/lib]
15-Dec-2025 17:26:08.848 INFO [main] org.apache.coyote.AbstractProtocol.init Initializing ProtocolHandler ["http-nio-8080"]
15-Dec-2025 17:26:08.857 INFO [main] org.apache.catalina.startup.Catalina.load Server initialization in [204] milliseconds
15-Dec-2025 17:26:08.874 INFO [main] org.apache.catalina.core.StandardService.startInternal Starting service [Catalina]
15-Dec-2025 17:26:08.874 INFO [main] org.apache.catalina.core.StandardEngine.startInternal Starting Servlet engine: [Apache Tomcat/11.0.13]
15-Dec-2025 17:26:08.878 INFO [main] org.apache.catalina.startup.HostConfig.deployDirectory Deploying web application directory [/home/infoetu/baptiste.lavogiez.etu/ctp-web/tomcat/webapps/ROOT]
15-Dec-2025 17:26:09.039 INFO [main] org.apache.jasper.servlet.TldScanner.scanJars At least one JAR was scanned for TLDs yet contained no TLDs. Enable debug logging for this logger for a complete list of JARs that were scanned but no TLDs were found in them. Skipping unneeded JARs during scanning can improve startup time and JSP compilation time.
15-Dec-2025 17:26:09.053 INFO [main] org.apache.catalina.startup.HostConfig.deployDirectory Deployment of web application directory [/home/infoetu/baptiste.lavogiez.etu/ctp-web/tomcat/webapps/ROOT] has finished in [174] ms
15-Dec-2025 17:26:09.053 INFO [main] org.apache.catalina.startup.HostConfig.deployDirectory Deploying web application directory [/home/infoetu/baptiste.lavogiez.etu/ctp-web/tomcat/webapps/docs]
15-Dec-2025 17:26:09.102 INFO [main] org.apache.jasper.servlet.TldScanner.scanJars At least one JAR was scanned for TLDs yet contained no TLDs. Enable debug logging for this logger for a complete list of JARs that were scanned but no TLDs were found in them. Skipping unneeded JARs during scanning can improve startup time and JSP compilation time.
15-Dec-2025 17:26:09.103 INFO [main] org.apache.catalina.startup.HostConfig.deployDirectory Deployment of web application directory [/home/infoetu/baptiste.lavogiez.etu/ctp-web/tomcat/webapps/docs] has finished in [50] ms
15-Dec-2025 17:26:09.103 INFO [main] org.apache.catalina.startup.HostConfig.deployDirectory Deploying web application directory [/home/infoetu/baptiste.lavogiez.etu/ctp-web/tomcat/webapps/ctp-2025]
15-Dec-2025 17:26:09.167 INFO [main] org.apache.jasper.servlet.TldScanner.scanJars At least one JAR was scanned for TLDs yet contained no TLDs. Enable debug logging for this logger for a complete list of JARs that were scanned but no TLDs were found in them. Skipping unneeded JARs during scanning can improve startup time and JSP compilation time.
15-Dec-2025 17:26:09.168 INFO [main] org.apache.catalina.startup.HostConfig.deployDirectory Deployment of web application directory [/home/infoetu/baptiste.lavogiez.etu/ctp-web/tomcat/webapps/ctp-2025] has finished in [65] ms
15-Dec-2025 17:26:09.168 INFO [main] org.apache.catalina.startup.HostConfig.deployDirectory Deploying web application directory [/home/infoetu/baptiste.lavogiez.etu/ctp-web/tomcat/webapps/manager]
15-Dec-2025 17:26:09.212 INFO [main] org.apache.jasper.servlet.TldScanner.scanJars At least one JAR was scanned for TLDs yet contained no TLDs. Enable debug logging for this logger for a complete list of JARs that were scanned but no TLDs were found in them. Skipping unneeded JARs during scanning can improve startup time and JSP compilation time.
15-Dec-2025 17:26:09.215 INFO [main] org.apache.catalina.startup.HostConfig.deployDirectory Deployment of web application directory [/home/infoetu/baptiste.lavogiez.etu/ctp-web/tomcat/webapps/manager] has finished in [47] ms
15-Dec-2025 17:26:09.215 INFO [main] org.apache.catalina.startup.HostConfig.deployDirectory Deploying web application directory [/home/infoetu/baptiste.lavogiez.etu/ctp-web/tomcat/webapps/host-manager]
15-Dec-2025 17:26:09.256 INFO [main] org.apache.jasper.servlet.TldScanner.scanJars At least one JAR was scanned for TLDs yet contained no TLDs. Enable debug logging for this logger for a complete list of JARs that were scanned but no TLDs were found in them. Skipping unneeded JARs during scanning can improve startup time and JSP compilation time.
15-Dec-2025 17:26:09.257 INFO [main] org.apache.catalina.startup.HostConfig.deployDirectory Deployment of web application directory [/home/infoetu/baptiste.lavogiez.etu/ctp-web/tomcat/webapps/host-manager] has finished in [42] ms
15-Dec-2025 17:26:09.257 INFO [main] org.apache.catalina.startup.HostConfig.deployDirectory Deploying web application directory [/home/infoetu/baptiste.lavogiez.etu/ctp-web/tomcat/webapps/vide]
15-Dec-2025 17:26:09.302 INFO [main] org.apache.jasper.servlet.TldScanner.scanJars At least one JAR was scanned for TLDs yet contained no TLDs. Enable debug logging for this logger for a complete list of JARs that were scanned but no TLDs were found in them. Skipping unneeded JARs during scanning can improve startup time and JSP compilation time.
15-Dec-2025 17:26:09.303 INFO [main] org.apache.catalina.startup.HostConfig.deployDirectory Deployment of web application directory [/home/infoetu/baptiste.lavogiez.etu/ctp-web/tomcat/webapps/vide] has finished in [46] ms
15-Dec-2025 17:26:09.303 INFO [main] org.apache.catalina.startup.HostConfig.deployDirectory Deploying web application directory [/home/infoetu/baptiste.lavogiez.etu/ctp-web/tomcat/webapps/examples]
15-Dec-2025 17:26:09.446 INFO [main] org.apache.jasper.servlet.TldScanner.scanJars At least one JAR was scanned for TLDs yet contained no TLDs. Enable debug logging for this logger for a complete list of JARs that were scanned but no TLDs were found in them. Skipping unneeded JARs during scanning can improve startup time and JSP compilation time.
15-Dec-2025 17:26:09.458 INFO [main] org.apache.catalina.startup.HostConfig.deployDirectory Deployment of web application directory [/home/infoetu/baptiste.lavogiez.etu/ctp-web/tomcat/webapps/examples] has finished in [155] ms
15-Dec-2025 17:26:09.458 INFO [main] org.apache.catalina.startup.HostConfig.deployDirectory Deploying web application directory [/home/infoetu/baptiste.lavogiez.etu/ctp-web/tomcat/webapps/ctp]
15-Dec-2025 17:26:09.507 INFO [main] org.apache.jasper.servlet.TldScanner.scanJars At least one JAR was scanned for TLDs yet contained no TLDs. Enable debug logging for this logger for a complete list of JARs that were scanned but no TLDs were found in them. Skipping unneeded JARs during scanning can improve startup time and JSP compilation time.
15-Dec-2025 17:26:09.508 INFO [main] org.apache.catalina.startup.HostConfig.deployDirectory Deployment of web application directory [/home/infoetu/baptiste.lavogiez.etu/ctp-web/tomcat/webapps/ctp] has finished in [50] ms
15-Dec-2025 17:26:09.510 INFO [main] org.apache.coyote.AbstractProtocol.start Starting ProtocolHandler ["http-nio-8080"]
15-Dec-2025 17:26:09.515 INFO [main] org.apache.catalina.startup.Catalina.start Server startup in [657] milliseconds
15-Dec-2025 17:26:27.875 INFO [Thread-1] org.apache.coyote.AbstractProtocol.pause Pausing ProtocolHandler ["http-nio-8080"]
15-Dec-2025 17:26:27.880 INFO [Thread-1] org.apache.catalina.core.StandardService.stopInternal Stopping service [Catalina]
15-Dec-2025 17:26:27.897 INFO [Thread-1] org.apache.coyote.AbstractProtocol.stop Stopping ProtocolHandler ["http-nio-8080"]
15-Dec-2025 17:26:27.903 INFO [Thread-1] org.apache.coyote.AbstractProtocol.destroy Destroying ProtocolHandler ["http-nio-8080"]
15-Dec-2025 17:26:28.797 INFO [main] org.apache.catalina.startup.VersionLoggerListener.log Server version name:   Apache Tomcat/11.0.13
15-Dec-2025 17:26:28.798 INFO [main] org.apache.catalina.startup.VersionLoggerListener.log Server built:          Oct 10 2025 13:57:31 UTC
15-Dec-2025 17:26:28.799 INFO [main] org.apache.catalina.startup.VersionLoggerListener.log Server version number: 11.0.13.0
15-Dec-2025 17:26:28.799 INFO [main] org.apache.catalina.startup.VersionLoggerListener.log OS Name:               Linux
15-Dec-2025 17:26:28.799 INFO [main] org.apache.catalina.startup.VersionLoggerListener.log OS Version:            6.12.43+deb13-amd64
15-Dec-2025 17:26:28.799 INFO [main] org.apache.catalina.startup.VersionLoggerListener.log Architecture:          amd64
15-Dec-2025 17:26:28.799 INFO [main] org.apache.catalina.startup.VersionLoggerListener.log Java Home:             /usr/lib/jvm/java-21-openjdk-amd64
15-Dec-2025 17:26:28.799 INFO [main] org.apache.catalina.startup.VersionLoggerListener.log JVM Version:           21.0.9+10-Debian-1deb13u1
15-Dec-2025 17:26:28.799 INFO [main] org.apache.catalina.startup.VersionLoggerListener.log JVM Vendor:            Debian
15-Dec-2025 17:26:28.799 INFO [main] org.apache.catalina.startup.VersionLoggerListener.log CATALINA_BASE:         /home/infoetu/baptiste.lavogiez.etu/ctp-web/tomcat
15-Dec-2025 17:26:28.799 INFO [main] org.apache.catalina.startup.VersionLoggerListener.log CATALINA_HOME:         /home/infoetu/baptiste.lavogiez.etu/ctp-web/tomcat
15-Dec-2025 17:26:28.803 INFO [main] org.apache.catalina.startup.VersionLoggerListener.log Command line argument: -Djava.util.logging.config.file=/home/infoetu/baptiste.lavogiez.etu/ctp-web/tomcat/conf/logging.properties
15-Dec-2025 17:26:28.803 INFO [main] org.apache.catalina.startup.VersionLoggerListener.log Command line argument: -Djava.util.logging.manager=org.apache.juli.ClassLoaderLogManager
15-Dec-2025 17:26:28.803 INFO [main] org.apache.catalina.startup.VersionLoggerListener.log Command line argument: -Djdk.tls.ephemeralDHKeySize=2048
15-Dec-2025 17:26:28.803 INFO [main] org.apache.catalina.startup.VersionLoggerListener.log Command line argument: -Dorg.apache.catalina.security.SecurityListener.UMASK=0027
15-Dec-2025 17:26:28.803 INFO [main] org.apache.catalina.startup.VersionLoggerListener.log Command line argument: --add-opens=java.base/java.lang=ALL-UNNAMED
15-Dec-2025 17:26:28.803 INFO [main] org.apache.catalina.startup.VersionLoggerListener.log Command line argument: --add-opens=java.base/java.lang.reflect=ALL-UNNAMED
15-Dec-2025 17:26:28.803 INFO [main] org.apache.catalina.startup.VersionLoggerListener.log Command line argument: --add-opens=java.base/java.io=ALL-UNNAMED
15-Dec-2025 17:26:28.803 INFO [main] org.apache.catalina.startup.VersionLoggerListener.log Command line argument: --add-opens=java.base/java.util=ALL-UNNAMED
15-Dec-2025 17:26:28.804 INFO [main] org.apache.catalina.startup.VersionLoggerListener.log Command line argument: --add-opens=java.base/java.util.concurrent=ALL-UNNAMED
15-Dec-2025 17:26:28.804 INFO [main] org.apache.catalina.startup.VersionLoggerListener.log Command line argument: --add-opens=java.rmi/sun.rmi.transport=ALL-UNNAMED
15-Dec-2025 17:26:28.804 INFO [main] org.apache.catalina.startup.VersionLoggerListener.log Command line argument: --enable-native-access=ALL-UNNAMED
15-Dec-2025 17:26:28.804 INFO [main] org.apache.catalina.startup.VersionLoggerListener.log Command line argument: -Dcatalina.base=/home/infoetu/baptiste.lavogiez.etu/ctp-web/tomcat
15-Dec-2025 17:26:28.804 INFO [main] org.apache.catalina.startup.VersionLoggerListener.log Command line argument: -Dcatalina.home=/home/infoetu/baptiste.lavogiez.etu/ctp-web/tomcat
15-Dec-2025 17:26:28.804 INFO [main] org.apache.catalina.startup.VersionLoggerListener.log Command line argument: -Djava.io.tmpdir=/home/infoetu/baptiste.lavogiez.etu/ctp-web/tomcat/temp
15-Dec-2025 17:26:28.805 INFO [main] org.apache.catalina.core.AprLifecycleListener.lifecycleEvent The Apache Tomcat Native library which allows using OpenSSL was not found on the java.library.path: [/usr/java/packages/lib:/usr/lib/x86_64-linux-gnu/jni:/lib/x86_64-linux-gnu:/usr/lib/x86_64-linux-gnu:/usr/lib/jni:/lib:/usr/lib]
15-Dec-2025 17:26:28.924 INFO [main] org.apache.coyote.AbstractProtocol.init Initializing ProtocolHandler ["http-nio-8080"]
15-Dec-2025 17:26:28.933 INFO [main] org.apache.catalina.startup.Catalina.load Server initialization in [210] milliseconds
15-Dec-2025 17:26:28.950 INFO [main] org.apache.catalina.core.StandardService.startInternal Starting service [Catalina]
15-Dec-2025 17:26:28.950 INFO [main] org.apache.catalina.core.StandardEngine.startInternal Starting Servlet engine: [Apache Tomcat/11.0.13]
15-Dec-2025 17:26:28.954 INFO [main] org.apache.catalina.startup.HostConfig.deployDirectory Deploying web application directory [/home/infoetu/baptiste.lavogiez.etu/ctp-web/tomcat/webapps/ROOT]
15-Dec-2025 17:26:29.118 INFO [main] org.apache.jasper.servlet.TldScanner.scanJars At least one JAR was scanned for TLDs yet contained no TLDs. Enable debug logging for this logger for a complete list of JARs that were scanned but no TLDs were found in them. Skipping unneeded JARs during scanning can improve startup time and JSP compilation time.
15-Dec-2025 17:26:29.131 INFO [main] org.apache.catalina.startup.HostConfig.deployDirectory Deployment of web application directory [/home/infoetu/baptiste.lavogiez.etu/ctp-web/tomcat/webapps/ROOT] has finished in [177] ms
15-Dec-2025 17:26:29.132 INFO [main] org.apache.catalina.startup.HostConfig.deployDirectory Deploying web application directory [/home/infoetu/baptiste.lavogiez.etu/ctp-web/tomcat/webapps/docs]
15-Dec-2025 17:26:29.180 INFO [main] org.apache.jasper.servlet.TldScanner.scanJars At least one JAR was scanned for TLDs yet contained no TLDs. Enable debug logging for this logger for a complete list of JARs that were scanned but no TLDs were found in them. Skipping unneeded JARs during scanning can improve startup time and JSP compilation time.
15-Dec-2025 17:26:29.181 INFO [main] org.apache.catalina.startup.HostConfig.deployDirectory Deployment of web application directory [/home/infoetu/baptiste.lavogiez.etu/ctp-web/tomcat/webapps/docs] has finished in [50] ms
15-Dec-2025 17:26:29.181 INFO [main] org.apache.catalina.startup.HostConfig.deployDirectory Deploying web application directory [/home/infoetu/baptiste.lavogiez.etu/ctp-web/tomcat/webapps/ctp-2025]
15-Dec-2025 17:26:29.252 INFO [main] org.apache.jasper.servlet.TldScanner.scanJars At least one JAR was scanned for TLDs yet contained no TLDs. Enable debug logging for this logger for a complete list of JARs that were scanned but no TLDs were found in them. Skipping unneeded JARs during scanning can improve startup time and JSP compilation time.
15-Dec-2025 17:26:29.253 INFO [main] org.apache.catalina.startup.HostConfig.deployDirectory Deployment of web application directory [/home/infoetu/baptiste.lavogiez.etu/ctp-web/tomcat/webapps/ctp-2025] has finished in [72] ms
15-Dec-2025 17:26:29.253 INFO [main] org.apache.catalina.startup.HostConfig.deployDirectory Deploying web application directory [/home/infoetu/baptiste.lavogiez.etu/ctp-web/tomcat/webapps/manager]
15-Dec-2025 17:26:29.298 INFO [main] org.apache.jasper.servlet.TldScanner.scanJars At least one JAR was scanned for TLDs yet contained no TLDs. Enable debug logging for this logger for a complete list of JARs that were scanned but no TLDs were found in them. Skipping unneeded JARs during scanning can improve startup time and JSP compilation time.
15-Dec-2025 17:26:29.300 INFO [main] org.apache.catalina.startup.HostConfig.deployDirectory Deployment of web application directory [/home/infoetu/baptiste.lavogiez.etu/ctp-web/tomcat/webapps/manager] has finished in [47] ms
15-Dec-2025 17:26:29.300 INFO [main] org.apache.catalina.startup.HostConfig.deployDirectory Deploying web application directory [/home/infoetu/baptiste.lavogiez.etu/ctp-web/tomcat/webapps/host-manager]
15-Dec-2025 17:26:29.342 INFO [main] org.apache.jasper.servlet.TldScanner.scanJars At least one JAR was scanned for TLDs yet contained no TLDs. Enable debug logging for this logger for a complete list of JARs that were scanned but no TLDs were found in them. Skipping unneeded JARs during scanning can improve startup time and JSP compilation time.
15-Dec-2025 17:26:29.343 INFO [main] org.apache.catalina.startup.HostConfig.deployDirectory Deployment of web application directory [/home/infoetu/baptiste.lavogiez.etu/ctp-web/tomcat/webapps/host-manager] has finished in [43] ms
15-Dec-2025 17:26:29.343 INFO [main] org.apache.catalina.startup.HostConfig.deployDirectory Deploying web application directory [/home/infoetu/baptiste.lavogiez.etu/ctp-web/tomcat/webapps/vide]
15-Dec-2025 17:26:29.389 INFO [main] org.apache.jasper.servlet.TldScanner.scanJars At least one JAR was scanned for TLDs yet contained no TLDs. Enable debug logging for this logger for a complete list of JARs that were scanned but no TLDs were found in them. Skipping unneeded JARs during scanning can improve startup time and JSP compilation time.
15-Dec-2025 17:26:29.390 INFO [main] org.apache.catalina.startup.HostConfig.deployDirectory Deployment of web application directory [/home/infoetu/baptiste.lavogiez.etu/ctp-web/tomcat/webapps/vide] has finished in [47] ms
15-Dec-2025 17:26:29.390 INFO [main] org.apache.catalina.startup.HostConfig.deployDirectory Deploying web application directory [/home/infoetu/baptiste.lavogiez.etu/ctp-web/tomcat/webapps/examples]
15-Dec-2025 17:26:29.523 INFO [main] org.apache.jasper.servlet.TldScanner.scanJars At least one JAR was scanned for TLDs yet contained no TLDs. Enable debug logging for this logger for a complete list of JARs that were scanned but no TLDs were found in them. Skipping unneeded JARs during scanning can improve startup time and JSP compilation time.
15-Dec-2025 17:26:29.537 INFO [main] org.apache.catalina.startup.HostConfig.deployDirectory Deployment of web application directory [/home/infoetu/baptiste.lavogiez.etu/ctp-web/tomcat/webapps/examples] has finished in [146] ms
15-Dec-2025 17:26:29.537 INFO [main] org.apache.catalina.startup.HostConfig.deployDirectory Deploying web application directory [/home/infoetu/baptiste.lavogiez.etu/ctp-web/tomcat/webapps/ctp]
15-Dec-2025 17:26:29.587 INFO [main] org.apache.jasper.servlet.TldScanner.scanJars At least one JAR was scanned for TLDs yet contained no TLDs. Enable debug logging for this logger for a complete list of JARs that were scanned but no TLDs were found in them. Skipping unneeded JARs during scanning can improve startup time and JSP compilation time.
15-Dec-2025 17:26:29.588 INFO [main] org.apache.catalina.startup.HostConfig.deployDirectory Deployment of web application directory [/home/infoetu/baptiste.lavogiez.etu/ctp-web/tomcat/webapps/ctp] has finished in [51] ms
15-Dec-2025 17:26:29.590 INFO [main] org.apache.coyote.AbstractProtocol.start Starting ProtocolHandler ["http-nio-8080"]
15-Dec-2025 17:26:29.595 INFO [main] org.apache.catalina.startup.Catalina.start Server startup in [661] milliseconds
15-Dec-2025 17:31:29.492 INFO [Thread-1] org.apache.coyote.AbstractProtocol.pause Pausing ProtocolHandler ["http-nio-8080"]
15-Dec-2025 17:31:29.495 INFO [Thread-1] org.apache.catalina.core.StandardService.stopInternal Stopping service [Catalina]
15-Dec-2025 17:31:29.516 INFO [Thread-1] org.apache.coyote.AbstractProtocol.stop Stopping ProtocolHandler ["http-nio-8080"]
15-Dec-2025 17:31:29.527 INFO [Thread-1] org.apache.coyote.AbstractProtocol.destroy Destroying ProtocolHandler ["http-nio-8080"]
15-Dec-2025 17:31:30.435 INFO [main] org.apache.catalina.startup.VersionLoggerListener.log Server version name:   Apache Tomcat/11.0.13
15-Dec-2025 17:31:30.437 INFO [main] org.apache.catalina.startup.VersionLoggerListener.log Server built:          Oct 10 2025 13:57:31 UTC
15-Dec-2025 17:31:30.437 INFO [main] org.apache.catalina.startup.VersionLoggerListener.log Server version number: 11.0.13.0
15-Dec-2025 17:31:30.437 INFO [main] org.apache.catalina.startup.VersionLoggerListener.log OS Name:               Linux
15-Dec-2025 17:31:30.437 INFO [main] org.apache.catalina.startup.VersionLoggerListener.log OS Version:            6.12.43+deb13-amd64
15-Dec-2025 17:31:30.437 INFO [main] org.apache.catalina.startup.VersionLoggerListener.log Architecture:          amd64
15-Dec-2025 17:31:30.437 INFO [main] org.apache.catalina.startup.VersionLoggerListener.log Java Home:             /usr/lib/jvm/java-21-openjdk-amd64
15-Dec-2025 17:31:30.437 INFO [main] org.apache.catalina.startup.VersionLoggerListener.log JVM Version:           21.0.9+10-Debian-1deb13u1
15-Dec-2025 17:31:30.437 INFO [main] org.apache.catalina.startup.VersionLoggerListener.log JVM Vendor:            Debian
15-Dec-2025 17:31:30.437 INFO [main] org.apache.catalina.startup.VersionLoggerListener.log CATALINA_BASE:         /home/infoetu/baptiste.lavogiez.etu/ctp-web/tomcat
15-Dec-2025 17:31:30.437 INFO [main] org.apache.catalina.startup.VersionLoggerListener.log CATALINA_HOME:         /home/infoetu/baptiste.lavogiez.etu/ctp-web/tomcat
15-Dec-2025 17:31:30.441 INFO [main] org.apache.catalina.startup.VersionLoggerListener.log Command line argument: -Djava.util.logging.config.file=/home/infoetu/baptiste.lavogiez.etu/ctp-web/tomcat/conf/logging.properties
15-Dec-2025 17:31:30.441 INFO [main] org.apache.catalina.startup.VersionLoggerListener.log Command line argument: -Djava.util.logging.manager=org.apache.juli.ClassLoaderLogManager
15-Dec-2025 17:31:30.441 INFO [main] org.apache.catalina.startup.VersionLoggerListener.log Command line argument: -Djdk.tls.ephemeralDHKeySize=2048
15-Dec-2025 17:31:30.441 INFO [main] org.apache.catalina.startup.VersionLoggerListener.log Command line argument: -Dorg.apache.catalina.security.SecurityListener.UMASK=0027
15-Dec-2025 17:31:30.441 INFO [main] org.apache.catalina.startup.VersionLoggerListener.log Command line argument: --add-opens=java.base/java.lang=ALL-UNNAMED
15-Dec-2025 17:31:30.441 INFO [main] org.apache.catalina.startup.VersionLoggerListener.log Command line argument: --add-opens=java.base/java.lang.reflect=ALL-UNNAMED
15-Dec-2025 17:31:30.441 INFO [main] org.apache.catalina.startup.VersionLoggerListener.log Command line argument: --add-opens=java.base/java.io=ALL-UNNAMED
15-Dec-2025 17:31:30.442 INFO [main] org.apache.catalina.startup.VersionLoggerListener.log Command line argument: --add-opens=java.base/java.util=ALL-UNNAMED
15-Dec-2025 17:31:30.442 INFO [main] org.apache.catalina.startup.VersionLoggerListener.log Command line argument: --add-opens=java.base/java.util.concurrent=ALL-UNNAMED
15-Dec-2025 17:31:30.442 INFO [main] org.apache.catalina.startup.VersionLoggerListener.log Command line argument: --add-opens=java.rmi/sun.rmi.transport=ALL-UNNAMED
15-Dec-2025 17:31:30.442 INFO [main] org.apache.catalina.startup.VersionLoggerListener.log Command line argument: --enable-native-access=ALL-UNNAMED
15-Dec-2025 17:31:30.442 INFO [main] org.apache.catalina.startup.VersionLoggerListener.log Command line argument: -Dcatalina.base=/home/infoetu/baptiste.lavogiez.etu/ctp-web/tomcat
15-Dec-2025 17:31:30.442 INFO [main] org.apache.catalina.startup.VersionLoggerListener.log Command line argument: -Dcatalina.home=/home/infoetu/baptiste.lavogiez.etu/ctp-web/tomcat
15-Dec-2025 17:31:30.442 INFO [main] org.apache.catalina.startup.VersionLoggerListener.log Command line argument: -Djava.io.tmpdir=/home/infoetu/baptiste.lavogiez.etu/ctp-web/tomcat/temp
15-Dec-2025 17:31:30.443 INFO [main] org.apache.catalina.core.AprLifecycleListener.lifecycleEvent The Apache Tomcat Native library which allows using OpenSSL was not found on the java.library.path: [/usr/java/packages/lib:/usr/lib/x86_64-linux-gnu/jni:/lib/x86_64-linux-gnu:/usr/lib/x86_64-linux-gnu:/usr/lib/jni:/lib:/usr/lib]
15-Dec-2025 17:31:30.562 INFO [main] org.apache.coyote.AbstractProtocol.init Initializing ProtocolHandler ["http-nio-8080"]
15-Dec-2025 17:31:30.570 INFO [main] org.apache.catalina.startup.Catalina.load Server initialization in [208] milliseconds
15-Dec-2025 17:31:30.587 INFO [main] org.apache.catalina.core.StandardService.startInternal Starting service [Catalina]
15-Dec-2025 17:31:30.587 INFO [main] org.apache.catalina.core.StandardEngine.startInternal Starting Servlet engine: [Apache Tomcat/11.0.13]
15-Dec-2025 17:31:30.592 INFO [main] org.apache.catalina.startup.HostConfig.deployDirectory Deploying web application directory [/home/infoetu/baptiste.lavogiez.etu/ctp-web/tomcat/webapps/ROOT]
15-Dec-2025 17:31:30.760 INFO [main] org.apache.jasper.servlet.TldScanner.scanJars At least one JAR was scanned for TLDs yet contained no TLDs. Enable debug logging for this logger for a complete list of JARs that were scanned but no TLDs were found in them. Skipping unneeded JARs during scanning can improve startup time and JSP compilation time.
15-Dec-2025 17:31:30.774 INFO [main] org.apache.catalina.startup.HostConfig.deployDirectory Deployment of web application directory [/home/infoetu/baptiste.lavogiez.etu/ctp-web/tomcat/webapps/ROOT] has finished in [182] ms
15-Dec-2025 17:31:30.774 INFO [main] org.apache.catalina.startup.HostConfig.deployDirectory Deploying web application directory [/home/infoetu/baptiste.lavogiez.etu/ctp-web/tomcat/webapps/docs]
15-Dec-2025 17:31:30.824 INFO [main] org.apache.jasper.servlet.TldScanner.scanJars At least one JAR was scanned for TLDs yet contained no TLDs. Enable debug logging for this logger for a complete list of JARs that were scanned but no TLDs were found in them. Skipping unneeded JARs during scanning can improve startup time and JSP compilation time.
15-Dec-2025 17:31:30.825 INFO [main] org.apache.catalina.startup.HostConfig.deployDirectory Deployment of web application directory [/home/infoetu/baptiste.lavogiez.etu/ctp-web/tomcat/webapps/docs] has finished in [51] ms
15-Dec-2025 17:31:30.825 INFO [main] org.apache.catalina.startup.HostConfig.deployDirectory Deploying web application directory [/home/infoetu/baptiste.lavogiez.etu/ctp-web/tomcat/webapps/ctp-2025]
15-Dec-2025 17:31:30.901 INFO [main] org.apache.jasper.servlet.TldScanner.scanJars At least one JAR was scanned for TLDs yet contained no TLDs. Enable debug logging for this logger for a complete list of JARs that were scanned but no TLDs were found in them. Skipping unneeded JARs during scanning can improve startup time and JSP compilation time.
15-Dec-2025 17:31:30.903 INFO [main] org.apache.catalina.startup.HostConfig.deployDirectory Deployment of web application directory [/home/infoetu/baptiste.lavogiez.etu/ctp-web/tomcat/webapps/ctp-2025] has finished in [78] ms
15-Dec-2025 17:31:30.903 INFO [main] org.apache.catalina.startup.HostConfig.deployDirectory Deploying web application directory [/home/infoetu/baptiste.lavogiez.etu/ctp-web/tomcat/webapps/manager]
15-Dec-2025 17:31:30.951 INFO [main] org.apache.jasper.servlet.TldScanner.scanJars At least one JAR was scanned for TLDs yet contained no TLDs. Enable debug logging for this logger for a complete list of JARs that were scanned but no TLDs were found in them. Skipping unneeded JARs during scanning can improve startup time and JSP compilation time.
15-Dec-2025 17:31:30.954 INFO [main] org.apache.catalina.startup.HostConfig.deployDirectory Deployment of web application directory [/home/infoetu/baptiste.lavogiez.etu/ctp-web/tomcat/webapps/manager] has finished in [51] ms
15-Dec-2025 17:31:30.954 INFO [main] org.apache.catalina.startup.HostConfig.deployDirectory Deploying web application directory [/home/infoetu/baptiste.lavogiez.etu/ctp-web/tomcat/webapps/host-manager]
15-Dec-2025 17:31:30.999 INFO [main] org.apache.jasper.servlet.TldScanner.scanJars At least one JAR was scanned for TLDs yet contained no TLDs. Enable debug logging for this logger for a complete list of JARs that were scanned but no TLDs were found in them. Skipping unneeded JARs during scanning can improve startup time and JSP compilation time.
15-Dec-2025 17:31:31.000 INFO [main] org.apache.catalina.startup.HostConfig.deployDirectory Deployment of web application directory [/home/infoetu/baptiste.lavogiez.etu/ctp-web/tomcat/webapps/host-manager] has finished in [46] ms
15-Dec-2025 17:31:31.000 INFO [main] org.apache.catalina.startup.HostConfig.deployDirectory Deploying web application directory [/home/infoetu/baptiste.lavogiez.etu/ctp-web/tomcat/webapps/vide]
15-Dec-2025 17:31:31.057 INFO [main] org.apache.jasper.servlet.TldScanner.scanJars At least one JAR was scanned for TLDs yet contained no TLDs. Enable debug logging for this logger for a complete list of JARs that were scanned but no TLDs were found in them. Skipping unneeded JARs during scanning can improve startup time and JSP compilation time.
15-Dec-2025 17:31:31.058 INFO [main] org.apache.catalina.startup.HostConfig.deployDirectory Deployment of web application directory [/home/infoetu/baptiste.lavogiez.etu/ctp-web/tomcat/webapps/vide] has finished in [58] ms
15-Dec-2025 17:31:31.058 INFO [main] org.apache.catalina.startup.HostConfig.deployDirectory Deploying web application directory [/home/infoetu/baptiste.lavogiez.etu/ctp-web/tomcat/webapps/examples]
15-Dec-2025 17:31:31.278 INFO [main] org.apache.jasper.servlet.TldScanner.scanJars At least one JAR was scanned for TLDs yet contained no TLDs. Enable debug logging for this logger for a complete list of JARs that were scanned but no TLDs were found in them. Skipping unneeded JARs during scanning can improve startup time and JSP compilation time.
15-Dec-2025 17:31:31.291 INFO [main] org.apache.catalina.startup.HostConfig.deployDirectory Deployment of web application directory [/home/infoetu/baptiste.lavogiez.etu/ctp-web/tomcat/webapps/examples] has finished in [233] ms
15-Dec-2025 17:31:31.291 INFO [main] org.apache.catalina.startup.HostConfig.deployDirectory Deploying web application directory [/home/infoetu/baptiste.lavogiez.etu/ctp-web/tomcat/webapps/ctp]
15-Dec-2025 17:31:31.358 INFO [main] org.apache.jasper.servlet.TldScanner.scanJars At least one JAR was scanned for TLDs yet contained no TLDs. Enable debug logging for this logger for a complete list of JARs that were scanned but no TLDs were found in them. Skipping unneeded JARs during scanning can improve startup time and JSP compilation time.
15-Dec-2025 17:31:31.359 INFO [main] org.apache.catalina.startup.HostConfig.deployDirectory Deployment of web application directory [/home/infoetu/baptiste.lavogiez.etu/ctp-web/tomcat/webapps/ctp] has finished in [68] ms
15-Dec-2025 17:31:31.361 INFO [main] org.apache.coyote.AbstractProtocol.start Starting ProtocolHandler ["http-nio-8080"]
15-Dec-2025 17:31:31.366 INFO [main] org.apache.catalina.startup.Catalina.start Server startup in [795] milliseconds
15-Dec-2025 17:32:30.708 INFO [Thread-1] org.apache.coyote.AbstractProtocol.pause Pausing ProtocolHandler ["http-nio-8080"]
15-Dec-2025 17:32:30.710 INFO [Thread-1] org.apache.catalina.core.StandardService.stopInternal Stopping service [Catalina]
15-Dec-2025 17:32:30.733 INFO [Thread-1] org.apache.coyote.AbstractProtocol.stop Stopping ProtocolHandler ["http-nio-8080"]
15-Dec-2025 17:32:30.743 INFO [Thread-1] org.apache.coyote.AbstractProtocol.destroy Destroying ProtocolHandler ["http-nio-8080"]
15-Dec-2025 17:32:31.604 INFO [main] org.apache.catalina.startup.VersionLoggerListener.log Server version name:   Apache Tomcat/11.0.13
15-Dec-2025 17:32:31.606 INFO [main] org.apache.catalina.startup.VersionLoggerListener.log Server built:          Oct 10 2025 13:57:31 UTC
15-Dec-2025 17:32:31.606 INFO [main] org.apache.catalina.startup.VersionLoggerListener.log Server version number: 11.0.13.0
15-Dec-2025 17:32:31.606 INFO [main] org.apache.catalina.startup.VersionLoggerListener.log OS Name:               Linux
15-Dec-2025 17:32:31.606 INFO [main] org.apache.catalina.startup.VersionLoggerListener.log OS Version:            6.12.43+deb13-amd64
15-Dec-2025 17:32:31.606 INFO [main] org.apache.catalina.startup.VersionLoggerListener.log Architecture:          amd64
15-Dec-2025 17:32:31.606 INFO [main] org.apache.catalina.startup.VersionLoggerListener.log Java Home:             /usr/lib/jvm/java-21-openjdk-amd64
15-Dec-2025 17:32:31.606 INFO [main] org.apache.catalina.startup.VersionLoggerListener.log JVM Version:           21.0.9+10-Debian-1deb13u1
15-Dec-2025 17:32:31.606 INFO [main] org.apache.catalina.startup.VersionLoggerListener.log JVM Vendor:            Debian
15-Dec-2025 17:32:31.606 INFO [main] org.apache.catalina.startup.VersionLoggerListener.log CATALINA_BASE:         /home/infoetu/baptiste.lavogiez.etu/ctp-web/tomcat
15-Dec-2025 17:32:31.607 INFO [main] org.apache.catalina.startup.VersionLoggerListener.log CATALINA_HOME:         /home/infoetu/baptiste.lavogiez.etu/ctp-web/tomcat
15-Dec-2025 17:32:31.611 INFO [main] org.apache.catalina.startup.VersionLoggerListener.log Command line argument: -Djava.util.logging.config.file=/home/infoetu/baptiste.lavogiez.etu/ctp-web/tomcat/conf/logging.properties
15-Dec-2025 17:32:31.611 INFO [main] org.apache.catalina.startup.VersionLoggerListener.log Command line argument: -Djava.util.logging.manager=org.apache.juli.ClassLoaderLogManager
15-Dec-2025 17:32:31.611 INFO [main] org.apache.catalina.startup.VersionLoggerListener.log Command line argument: -Djdk.tls.ephemeralDHKeySize=2048
15-Dec-2025 17:32:31.611 INFO [main] org.apache.catalina.startup.VersionLoggerListener.log Command line argument: -Dorg.apache.catalina.security.SecurityListener.UMASK=0027
15-Dec-2025 17:32:31.611 INFO [main] org.apache.catalina.startup.VersionLoggerListener.log Command line argument: --add-opens=java.base/java.lang=ALL-UNNAMED
15-Dec-2025 17:32:31.611 INFO [main] org.apache.catalina.startup.VersionLoggerListener.log Command line argument: --add-opens=java.base/java.lang.reflect=ALL-UNNAMED
15-Dec-2025 17:32:31.611 INFO [main] org.apache.catalina.startup.VersionLoggerListener.log Command line argument: --add-opens=java.base/java.io=ALL-UNNAMED
15-Dec-2025 17:32:31.611 INFO [main] org.apache.catalina.startup.VersionLoggerListener.log Command line argument: --add-opens=java.base/java.util=ALL-UNNAMED
15-Dec-2025 17:32:31.611 INFO [main] org.apache.catalina.startup.VersionLoggerListener.log Command line argument: --add-opens=java.base/java.util.concurrent=ALL-UNNAMED
15-Dec-2025 17:32:31.611 INFO [main] org.apache.catalina.startup.VersionLoggerListener.log Command line argument: --add-opens=java.rmi/sun.rmi.transport=ALL-UNNAMED
15-Dec-2025 17:32:31.611 INFO [main] org.apache.catalina.startup.VersionLoggerListener.log Command line argument: --enable-native-access=ALL-UNNAMED
15-Dec-2025 17:32:31.611 INFO [main] org.apache.catalina.startup.VersionLoggerListener.log Command line argument: -Dcatalina.base=/home/infoetu/baptiste.lavogiez.etu/ctp-web/tomcat
15-Dec-2025 17:32:31.611 INFO [main] org.apache.catalina.startup.VersionLoggerListener.log Command line argument: -Dcatalina.home=/home/infoetu/baptiste.lavogiez.etu/ctp-web/tomcat
15-Dec-2025 17:32:31.611 INFO [main] org.apache.catalina.startup.VersionLoggerListener.log Command line argument: -Djava.io.tmpdir=/home/infoetu/baptiste.lavogiez.etu/ctp-web/tomcat/temp
15-Dec-2025 17:32:31.612 INFO [main] org.apache.catalina.core.AprLifecycleListener.lifecycleEvent The Apache Tomcat Native library which allows using OpenSSL was not found on the java.library.path: [/usr/java/packages/lib:/usr/lib/x86_64-linux-gnu/jni:/lib/x86_64-linux-gnu:/usr/lib/x86_64-linux-gnu:/usr/lib/jni:/lib:/usr/lib]
15-Dec-2025 17:32:31.728 INFO [main] org.apache.coyote.AbstractProtocol.init Initializing ProtocolHandler ["http-nio-8080"]
15-Dec-2025 17:32:31.737 INFO [main] org.apache.catalina.startup.Catalina.load Server initialization in [204] milliseconds
15-Dec-2025 17:32:31.754 INFO [main] org.apache.catalina.core.StandardService.startInternal Starting service [Catalina]
15-Dec-2025 17:32:31.754 INFO [main] org.apache.catalina.core.StandardEngine.startInternal Starting Servlet engine: [Apache Tomcat/11.0.13]
15-Dec-2025 17:32:31.759 INFO [main] org.apache.catalina.startup.HostConfig.deployDirectory Deploying web application directory [/home/infoetu/baptiste.lavogiez.etu/ctp-web/tomcat/webapps/ROOT]
15-Dec-2025 17:32:31.921 INFO [main] org.apache.jasper.servlet.TldScanner.scanJars At least one JAR was scanned for TLDs yet contained no TLDs. Enable debug logging for this logger for a complete list of JARs that were scanned but no TLDs were found in them. Skipping unneeded JARs during scanning can improve startup time and JSP compilation time.
15-Dec-2025 17:32:31.936 INFO [main] org.apache.catalina.startup.HostConfig.deployDirectory Deployment of web application directory [/home/infoetu/baptiste.lavogiez.etu/ctp-web/tomcat/webapps/ROOT] has finished in [176] ms
15-Dec-2025 17:32:31.936 INFO [main] org.apache.catalina.startup.HostConfig.deployDirectory Deploying web application directory [/home/infoetu/baptiste.lavogiez.etu/ctp-web/tomcat/webapps/docs]
15-Dec-2025 17:32:31.991 INFO [main] org.apache.jasper.servlet.TldScanner.scanJars At least one JAR was scanned for TLDs yet contained no TLDs. Enable debug logging for this logger for a complete list of JARs that were scanned but no TLDs were found in them. Skipping unneeded JARs during scanning can improve startup time and JSP compilation time.
15-Dec-2025 17:32:31.991 INFO [main] org.apache.catalina.startup.HostConfig.deployDirectory Deployment of web application directory [/home/infoetu/baptiste.lavogiez.etu/ctp-web/tomcat/webapps/docs] has finished in [55] ms
15-Dec-2025 17:32:31.991 INFO [main] org.apache.catalina.startup.HostConfig.deployDirectory Deploying web application directory [/home/infoetu/baptiste.lavogiez.etu/ctp-web/tomcat/webapps/ctp-2025]
15-Dec-2025 17:32:32.069 INFO [main] org.apache.jasper.servlet.TldScanner.scanJars At least one JAR was scanned for TLDs yet contained no TLDs. Enable debug logging for this logger for a complete list of JARs that were scanned but no TLDs were found in them. Skipping unneeded JARs during scanning can improve startup time and JSP compilation time.
15-Dec-2025 17:32:32.070 INFO [main] org.apache.catalina.startup.HostConfig.deployDirectory Deployment of web application directory [/home/infoetu/baptiste.lavogiez.etu/ctp-web/tomcat/webapps/ctp-2025] has finished in [79] ms
15-Dec-2025 17:32:32.070 INFO [main] org.apache.catalina.startup.HostConfig.deployDirectory Deploying web application directory [/home/infoetu/baptiste.lavogiez.etu/ctp-web/tomcat/webapps/manager]
15-Dec-2025 17:32:32.118 INFO [main] org.apache.jasper.servlet.TldScanner.scanJars At least one JAR was scanned for TLDs yet contained no TLDs. Enable debug logging for this logger for a complete list of JARs that were scanned but no TLDs were found in them. Skipping unneeded JARs during scanning can improve startup time and JSP compilation time.
15-Dec-2025 17:32:32.120 INFO [main] org.apache.catalina.startup.HostConfig.deployDirectory Deployment of web application directory [/home/infoetu/baptiste.lavogiez.etu/ctp-web/tomcat/webapps/manager] has finished in [50] ms
15-Dec-2025 17:32:32.120 INFO [main] org.apache.catalina.startup.HostConfig.deployDirectory Deploying web application directory [/home/infoetu/baptiste.lavogiez.etu/ctp-web/tomcat/webapps/host-manager]
15-Dec-2025 17:32:32.164 INFO [main] org.apache.jasper.servlet.TldScanner.scanJars At least one JAR was scanned for TLDs yet contained no TLDs. Enable debug logging for this logger for a complete list of JARs that were scanned but no TLDs were found in them. Skipping unneeded JARs during scanning can improve startup time and JSP compilation time.
15-Dec-2025 17:32:32.165 INFO [main] org.apache.catalina.startup.HostConfig.deployDirectory Deployment of web application directory [/home/infoetu/baptiste.lavogiez.etu/ctp-web/tomcat/webapps/host-manager] has finished in [45] ms
15-Dec-2025 17:32:32.165 INFO [main] org.apache.catalina.startup.HostConfig.deployDirectory Deploying web application directory [/home/infoetu/baptiste.lavogiez.etu/ctp-web/tomcat/webapps/vide]
15-Dec-2025 17:32:32.218 INFO [main] org.apache.jasper.servlet.TldScanner.scanJars At least one JAR was scanned for TLDs yet contained no TLDs. Enable debug logging for this logger for a complete list of JARs that were scanned but no TLDs were found in them. Skipping unneeded JARs during scanning can improve startup time and JSP compilation time.
15-Dec-2025 17:32:32.219 INFO [main] org.apache.catalina.startup.HostConfig.deployDirectory Deployment of web application directory [/home/infoetu/baptiste.lavogiez.etu/ctp-web/tomcat/webapps/vide] has finished in [54] ms
15-Dec-2025 17:32:32.219 INFO [main] org.apache.catalina.startup.HostConfig.deployDirectory Deploying web application directory [/home/infoetu/baptiste.lavogiez.etu/ctp-web/tomcat/webapps/examples]
15-Dec-2025 17:32:32.426 INFO [main] org.apache.jasper.servlet.TldScanner.scanJars At least one JAR was scanned for TLDs yet contained no TLDs. Enable debug logging for this logger for a complete list of JARs that were scanned but no TLDs were found in them. Skipping unneeded JARs during scanning can improve startup time and JSP compilation time.
15-Dec-2025 17:32:32.439 INFO [main] org.apache.catalina.startup.HostConfig.deployDirectory Deployment of web application directory [/home/infoetu/baptiste.lavogiez.etu/ctp-web/tomcat/webapps/examples] has finished in [220] ms
15-Dec-2025 17:32:32.439 INFO [main] org.apache.catalina.startup.HostConfig.deployDirectory Deploying web application directory [/home/infoetu/baptiste.lavogiez.etu/ctp-web/tomcat/webapps/ctp]
15-Dec-2025 17:32:32.510 INFO [main] org.apache.jasper.servlet.TldScanner.scanJars At least one JAR was scanned for TLDs yet contained no TLDs. Enable debug logging for this logger for a complete list of JARs that were scanned but no TLDs were found in them. Skipping unneeded JARs during scanning can improve startup time and JSP compilation time.
15-Dec-2025 17:32:32.510 INFO [main] org.apache.catalina.startup.HostConfig.deployDirectory Deployment of web application directory [/home/infoetu/baptiste.lavogiez.etu/ctp-web/tomcat/webapps/ctp] has finished in [71] ms
15-Dec-2025 17:32:32.513 INFO [main] org.apache.coyote.AbstractProtocol.start Starting ProtocolHandler ["http-nio-8080"]
15-Dec-2025 17:32:32.518 INFO [main] org.apache.catalina.startup.Catalina.start Server startup in [780] milliseconds
15-Dec-2025 17:35:05.576 INFO [Thread-1] org.apache.coyote.AbstractProtocol.pause Pausing ProtocolHandler ["http-nio-8080"]
15-Dec-2025 17:35:05.578 INFO [Thread-1] org.apache.catalina.core.StandardService.stopInternal Stopping service [Catalina]
15-Dec-2025 17:35:05.605 INFO [Thread-1] org.apache.coyote.AbstractProtocol.stop Stopping ProtocolHandler ["http-nio-8080"]
15-Dec-2025 17:35:05.611 INFO [Thread-1] org.apache.coyote.AbstractProtocol.destroy Destroying ProtocolHandler ["http-nio-8080"]
15-Dec-2025 17:35:06.799 INFO [main] org.apache.catalina.startup.VersionLoggerListener.log Server version name:   Apache Tomcat/11.0.13
15-Dec-2025 17:35:06.800 INFO [main] org.apache.catalina.startup.VersionLoggerListener.log Server built:          Oct 10 2025 13:57:31 UTC
15-Dec-2025 17:35:06.801 INFO [main] org.apache.catalina.startup.VersionLoggerListener.log Server version number: 11.0.13.0
15-Dec-2025 17:35:06.801 INFO [main] org.apache.catalina.startup.VersionLoggerListener.log OS Name:               Linux
15-Dec-2025 17:35:06.801 INFO [main] org.apache.catalina.startup.VersionLoggerListener.log OS Version:            6.12.43+deb13-amd64
15-Dec-2025 17:35:06.801 INFO [main] org.apache.catalina.startup.VersionLoggerListener.log Architecture:          amd64
15-Dec-2025 17:35:06.801 INFO [main] org.apache.catalina.startup.VersionLoggerListener.log Java Home:             /usr/lib/jvm/java-21-openjdk-amd64
15-Dec-2025 17:35:06.801 INFO [main] org.apache.catalina.startup.VersionLoggerListener.log JVM Version:           21.0.9+10-Debian-1deb13u1
15-Dec-2025 17:35:06.801 INFO [main] org.apache.catalina.startup.VersionLoggerListener.log JVM Vendor:            Debian
15-Dec-2025 17:35:06.801 INFO [main] org.apache.catalina.startup.VersionLoggerListener.log CATALINA_BASE:         /home/infoetu/baptiste.lavogiez.etu/ctp-web/tomcat
15-Dec-2025 17:35:06.801 INFO [main] org.apache.catalina.startup.VersionLoggerListener.log CATALINA_HOME:         /home/infoetu/baptiste.lavogiez.etu/ctp-web/tomcat
15-Dec-2025 17:35:06.805 INFO [main] org.apache.catalina.startup.VersionLoggerListener.log Command line argument: -Djava.util.logging.config.file=/home/infoetu/baptiste.lavogiez.etu/ctp-web/tomcat/conf/logging.properties
15-Dec-2025 17:35:06.805 INFO [main] org.apache.catalina.startup.VersionLoggerListener.log Command line argument: -Djava.util.logging.manager=org.apache.juli.ClassLoaderLogManager
15-Dec-2025 17:35:06.805 INFO [main] org.apache.catalina.startup.VersionLoggerListener.log Command line argument: -Djdk.tls.ephemeralDHKeySize=2048
15-Dec-2025 17:35:06.805 INFO [main] org.apache.catalina.startup.VersionLoggerListener.log Command line argument: -Dorg.apache.catalina.security.SecurityListener.UMASK=0027
15-Dec-2025 17:35:06.805 INFO [main] org.apache.catalina.startup.VersionLoggerListener.log Command line argument: --add-opens=java.base/java.lang=ALL-UNNAMED
15-Dec-2025 17:35:06.805 INFO [main] org.apache.catalina.startup.VersionLoggerListener.log Command line argument: --add-opens=java.base/java.lang.reflect=ALL-UNNAMED
15-Dec-2025 17:35:06.805 INFO [main] org.apache.catalina.startup.VersionLoggerListener.log Command line argument: --add-opens=java.base/java.io=ALL-UNNAMED
15-Dec-2025 17:35:06.805 INFO [main] org.apache.catalina.startup.VersionLoggerListener.log Command line argument: --add-opens=java.base/java.util=ALL-UNNAMED
15-Dec-2025 17:35:06.805 INFO [main] org.apache.catalina.startup.VersionLoggerListener.log Command line argument: --add-opens=java.base/java.util.concurrent=ALL-UNNAMED
15-Dec-2025 17:35:06.805 INFO [main] org.apache.catalina.startup.VersionLoggerListener.log Command line argument: --add-opens=java.rmi/sun.rmi.transport=ALL-UNNAMED
15-Dec-2025 17:35:06.806 INFO [main] org.apache.catalina.startup.VersionLoggerListener.log Command line argument: --enable-native-access=ALL-UNNAMED
15-Dec-2025 17:35:06.806 INFO [main] org.apache.catalina.startup.VersionLoggerListener.log Command line argument: -Dcatalina.base=/home/infoetu/baptiste.lavogiez.etu/ctp-web/tomcat
15-Dec-2025 17:35:06.806 INFO [main] org.apache.catalina.startup.VersionLoggerListener.log Command line argument: -Dcatalina.home=/home/infoetu/baptiste.lavogiez.etu/ctp-web/tomcat
15-Dec-2025 17:35:06.806 INFO [main] org.apache.catalina.startup.VersionLoggerListener.log Command line argument: -Djava.io.tmpdir=/home/infoetu/baptiste.lavogiez.etu/ctp-web/tomcat/temp
15-Dec-2025 17:35:06.806 INFO [main] org.apache.catalina.core.AprLifecycleListener.lifecycleEvent The Apache Tomcat Native library which allows using OpenSSL was not found on the java.library.path: [/usr/java/packages/lib:/usr/lib/x86_64-linux-gnu/jni:/lib/x86_64-linux-gnu:/usr/lib/x86_64-linux-gnu:/usr/lib/jni:/lib:/usr/lib]
15-Dec-2025 17:35:06.922 INFO [main] org.apache.coyote.AbstractProtocol.init Initializing ProtocolHandler ["http-nio-8080"]
15-Dec-2025 17:35:06.931 INFO [main] org.apache.catalina.startup.Catalina.load Server initialization in [203] milliseconds
15-Dec-2025 17:35:06.948 INFO [main] org.apache.catalina.core.StandardService.startInternal Starting service [Catalina]
15-Dec-2025 17:35:06.948 INFO [main] org.apache.catalina.core.StandardEngine.startInternal Starting Servlet engine: [Apache Tomcat/11.0.13]
15-Dec-2025 17:35:06.952 INFO [main] org.apache.catalina.startup.HostConfig.deployDirectory Deploying web application directory [/home/infoetu/baptiste.lavogiez.etu/ctp-web/tomcat/webapps/ROOT]
15-Dec-2025 17:35:07.113 INFO [main] org.apache.jasper.servlet.TldScanner.scanJars At least one JAR was scanned for TLDs yet contained no TLDs. Enable debug logging for this logger for a complete list of JARs that were scanned but no TLDs were found in them. Skipping unneeded JARs during scanning can improve startup time and JSP compilation time.
15-Dec-2025 17:35:07.127 INFO [main] org.apache.catalina.startup.HostConfig.deployDirectory Deployment of web application directory [/home/infoetu/baptiste.lavogiez.etu/ctp-web/tomcat/webapps/ROOT] has finished in [174] ms
15-Dec-2025 17:35:07.127 INFO [main] org.apache.catalina.startup.HostConfig.deployDirectory Deploying web application directory [/home/infoetu/baptiste.lavogiez.etu/ctp-web/tomcat/webapps/docs]
15-Dec-2025 17:35:07.177 INFO [main] org.apache.jasper.servlet.TldScanner.scanJars At least one JAR was scanned for TLDs yet contained no TLDs. Enable debug logging for this logger for a complete list of JARs that were scanned but no TLDs were found in them. Skipping unneeded JARs during scanning can improve startup time and JSP compilation time.
15-Dec-2025 17:35:07.178 INFO [main] org.apache.catalina.startup.HostConfig.deployDirectory Deployment of web application directory [/home/infoetu/baptiste.lavogiez.etu/ctp-web/tomcat/webapps/docs] has finished in [51] ms
15-Dec-2025 17:35:07.178 INFO [main] org.apache.catalina.startup.HostConfig.deployDirectory Deploying web application directory [/home/infoetu/baptiste.lavogiez.etu/ctp-web/tomcat/webapps/ctp-2025]
15-Dec-2025 17:35:07.252 INFO [main] org.apache.jasper.servlet.TldScanner.scanJars At least one JAR was scanned for TLDs yet contained no TLDs. Enable debug logging for this logger for a complete list of JARs that were scanned but no TLDs were found in them. Skipping unneeded JARs during scanning can improve startup time and JSP compilation time.
15-Dec-2025 17:35:07.253 INFO [main] org.apache.catalina.startup.HostConfig.deployDirectory Deployment of web application directory [/home/infoetu/baptiste.lavogiez.etu/ctp-web/tomcat/webapps/ctp-2025] has finished in [75] ms
15-Dec-2025 17:35:07.253 INFO [main] org.apache.catalina.startup.HostConfig.deployDirectory Deploying web application directory [/home/infoetu/baptiste.lavogiez.etu/ctp-web/tomcat/webapps/manager]
15-Dec-2025 17:35:07.301 INFO [main] org.apache.jasper.servlet.TldScanner.scanJars At least one JAR was scanned for TLDs yet contained no TLDs. Enable debug logging for this logger for a complete list of JARs that were scanned but no TLDs were found in them. Skipping unneeded JARs during scanning can improve startup time and JSP compilation time.
15-Dec-2025 17:35:07.303 INFO [main] org.apache.catalina.startup.HostConfig.deployDirectory Deployment of web application directory [/home/infoetu/baptiste.lavogiez.etu/ctp-web/tomcat/webapps/manager] has finished in [50] ms
15-Dec-2025 17:35:07.303 INFO [main] org.apache.catalina.startup.HostConfig.deployDirectory Deploying web application directory [/home/infoetu/baptiste.lavogiez.etu/ctp-web/tomcat/webapps/host-manager]
15-Dec-2025 17:35:07.347 INFO [main] org.apache.jasper.servlet.TldScanner.scanJars At least one JAR was scanned for TLDs yet contained no TLDs. Enable debug logging for this logger for a complete list of JARs that were scanned but no TLDs were found in them. Skipping unneeded JARs during scanning can improve startup time and JSP compilation time.
15-Dec-2025 17:35:07.348 INFO [main] org.apache.catalina.startup.HostConfig.deployDirectory Deployment of web application directory [/home/infoetu/baptiste.lavogiez.etu/ctp-web/tomcat/webapps/host-manager] has finished in [44] ms
15-Dec-2025 17:35:07.348 INFO [main] org.apache.catalina.startup.HostConfig.deployDirectory Deploying web application directory [/home/infoetu/baptiste.lavogiez.etu/ctp-web/tomcat/webapps/vide]
15-Dec-2025 17:35:07.398 INFO [main] org.apache.jasper.servlet.TldScanner.scanJars At least one JAR was scanned for TLDs yet contained no TLDs. Enable debug logging for this logger for a complete list of JARs that were scanned but no TLDs were found in them. Skipping unneeded JARs during scanning can improve startup time and JSP compilation time.
15-Dec-2025 17:35:07.398 INFO [main] org.apache.catalina.startup.HostConfig.deployDirectory Deployment of web application directory [/home/infoetu/baptiste.lavogiez.etu/ctp-web/tomcat/webapps/vide] has finished in [50] ms
15-Dec-2025 17:35:07.399 INFO [main] org.apache.catalina.startup.HostConfig.deployDirectory Deploying web application directory [/home/infoetu/baptiste.lavogiez.etu/ctp-web/tomcat/webapps/examples]
15-Dec-2025 17:35:07.634 INFO [main] org.apache.jasper.servlet.TldScanner.scanJars At least one JAR was scanned for TLDs yet contained no TLDs. Enable debug logging for this logger for a complete list of JARs that were scanned but no TLDs were found in them. Skipping unneeded JARs during scanning can improve startup time and JSP compilation time.
15-Dec-2025 17:35:07.646 INFO [main] org.apache.catalina.startup.HostConfig.deployDirectory Deployment of web application directory [/home/infoetu/baptiste.lavogiez.etu/ctp-web/tomcat/webapps/examples] has finished in [247] ms
15-Dec-2025 17:35:07.646 INFO [main] org.apache.catalina.startup.HostConfig.deployDirectory Deploying web application directory [/home/infoetu/baptiste.lavogiez.etu/ctp-web/tomcat/webapps/ctp]
15-Dec-2025 17:35:07.709 INFO [main] org.apache.jasper.servlet.TldScanner.scanJars At least one JAR was scanned for TLDs yet contained no TLDs. Enable debug logging for this logger for a complete list of JARs that were scanned but no TLDs were found in them. Skipping unneeded JARs during scanning can improve startup time and JSP compilation time.
15-Dec-2025 17:35:07.710 INFO [main] org.apache.catalina.startup.HostConfig.deployDirectory Deployment of web application directory [/home/infoetu/baptiste.lavogiez.etu/ctp-web/tomcat/webapps/ctp] has finished in [64] ms
15-Dec-2025 17:35:07.712 INFO [main] org.apache.coyote.AbstractProtocol.start Starting ProtocolHandler ["http-nio-8080"]
15-Dec-2025 17:35:07.717 INFO [main] org.apache.catalina.startup.Catalina.start Server startup in [786] milliseconds
15-Dec-2025 17:35:47.562 INFO [Thread-1] org.apache.coyote.AbstractProtocol.pause Pausing ProtocolHandler ["http-nio-8080"]
15-Dec-2025 17:35:47.565 INFO [Thread-1] org.apache.catalina.core.StandardService.stopInternal Stopping service [Catalina]
15-Dec-2025 17:35:47.587 INFO [Thread-1] org.apache.coyote.AbstractProtocol.stop Stopping ProtocolHandler ["http-nio-8080"]
15-Dec-2025 17:35:47.599 INFO [Thread-1] org.apache.coyote.AbstractProtocol.destroy Destroying ProtocolHandler ["http-nio-8080"]
15-Dec-2025 17:35:48.921 INFO [main] org.apache.catalina.startup.VersionLoggerListener.log Server version name:   Apache Tomcat/11.0.13
15-Dec-2025 17:35:48.923 INFO [main] org.apache.catalina.startup.VersionLoggerListener.log Server built:          Oct 10 2025 13:57:31 UTC
15-Dec-2025 17:35:48.923 INFO [main] org.apache.catalina.startup.VersionLoggerListener.log Server version number: 11.0.13.0
15-Dec-2025 17:35:48.923 INFO [main] org.apache.catalina.startup.VersionLoggerListener.log OS Name:               Linux
15-Dec-2025 17:35:48.923 INFO [main] org.apache.catalina.startup.VersionLoggerListener.log OS Version:            6.12.43+deb13-amd64
15-Dec-2025 17:35:48.923 INFO [main] org.apache.catalina.startup.VersionLoggerListener.log Architecture:          amd64
15-Dec-2025 17:35:48.923 INFO [main] org.apache.catalina.startup.VersionLoggerListener.log Java Home:             /usr/lib/jvm/java-21-openjdk-amd64
15-Dec-2025 17:35:48.923 INFO [main] org.apache.catalina.startup.VersionLoggerListener.log JVM Version:           21.0.9+10-Debian-1deb13u1
15-Dec-2025 17:35:48.923 INFO [main] org.apache.catalina.startup.VersionLoggerListener.log JVM Vendor:            Debian
15-Dec-2025 17:35:48.923 INFO [main] org.apache.catalina.startup.VersionLoggerListener.log CATALINA_BASE:         /home/infoetu/baptiste.lavogiez.etu/ctp-web/tomcat
15-Dec-2025 17:35:48.923 INFO [main] org.apache.catalina.startup.VersionLoggerListener.log CATALINA_HOME:         /home/infoetu/baptiste.lavogiez.etu/ctp-web/tomcat
15-Dec-2025 17:35:48.927 INFO [main] org.apache.catalina.startup.VersionLoggerListener.log Command line argument: -Djava.util.logging.config.file=/home/infoetu/baptiste.lavogiez.etu/ctp-web/tomcat/conf/logging.properties
15-Dec-2025 17:35:48.927 INFO [main] org.apache.catalina.startup.VersionLoggerListener.log Command line argument: -Djava.util.logging.manager=org.apache.juli.ClassLoaderLogManager
15-Dec-2025 17:35:48.927 INFO [main] org.apache.catalina.startup.VersionLoggerListener.log Command line argument: -Djdk.tls.ephemeralDHKeySize=2048
15-Dec-2025 17:35:48.927 INFO [main] org.apache.catalina.startup.VersionLoggerListener.log Command line argument: -Dorg.apache.catalina.security.SecurityListener.UMASK=0027
15-Dec-2025 17:35:48.927 INFO [main] org.apache.catalina.startup.VersionLoggerListener.log Command line argument: --add-opens=java.base/java.lang=ALL-UNNAMED
15-Dec-2025 17:35:48.927 INFO [main] org.apache.catalina.startup.VersionLoggerListener.log Command line argument: --add-opens=java.base/java.lang.reflect=ALL-UNNAMED
15-Dec-2025 17:35:48.927 INFO [main] org.apache.catalina.startup.VersionLoggerListener.log Command line argument: --add-opens=java.base/java.io=ALL-UNNAMED
15-Dec-2025 17:35:48.927 INFO [main] org.apache.catalina.startup.VersionLoggerListener.log Command line argument: --add-opens=java.base/java.util=ALL-UNNAMED
15-Dec-2025 17:35:48.927 INFO [main] org.apache.catalina.startup.VersionLoggerListener.log Command line argument: --add-opens=java.base/java.util.concurrent=ALL-UNNAMED
15-Dec-2025 17:35:48.928 INFO [main] org.apache.catalina.startup.VersionLoggerListener.log Command line argument: --add-opens=java.rmi/sun.rmi.transport=ALL-UNNAMED
15-Dec-2025 17:35:48.928 INFO [main] org.apache.catalina.startup.VersionLoggerListener.log Command line argument: --enable-native-access=ALL-UNNAMED
15-Dec-2025 17:35:48.928 INFO [main] org.apache.catalina.startup.VersionLoggerListener.log Command line argument: -Dcatalina.base=/home/infoetu/baptiste.lavogiez.etu/ctp-web/tomcat
15-Dec-2025 17:35:48.928 INFO [main] org.apache.catalina.startup.VersionLoggerListener.log Command line argument: -Dcatalina.home=/home/infoetu/baptiste.lavogiez.etu/ctp-web/tomcat
15-Dec-2025 17:35:48.928 INFO [main] org.apache.catalina.startup.VersionLoggerListener.log Command line argument: -Djava.io.tmpdir=/home/infoetu/baptiste.lavogiez.etu/ctp-web/tomcat/temp
15-Dec-2025 17:35:48.928 INFO [main] org.apache.catalina.core.AprLifecycleListener.lifecycleEvent The Apache Tomcat Native library which allows using OpenSSL was not found on the java.library.path: [/usr/java/packages/lib:/usr/lib/x86_64-linux-gnu/jni:/lib/x86_64-linux-gnu:/usr/lib/x86_64-linux-gnu:/usr/lib/jni:/lib:/usr/lib]
15-Dec-2025 17:35:49.044 INFO [main] org.apache.coyote.AbstractProtocol.init Initializing ProtocolHandler ["http-nio-8080"]
15-Dec-2025 17:35:49.053 INFO [main] org.apache.catalina.startup.Catalina.load Server initialization in [203] milliseconds
15-Dec-2025 17:35:49.070 INFO [main] org.apache.catalina.core.StandardService.startInternal Starting service [Catalina]
15-Dec-2025 17:35:49.070 INFO [main] org.apache.catalina.core.StandardEngine.startInternal Starting Servlet engine: [Apache Tomcat/11.0.13]
15-Dec-2025 17:35:49.075 INFO [main] org.apache.catalina.startup.HostConfig.deployDirectory Deploying web application directory [/home/infoetu/baptiste.lavogiez.etu/ctp-web/tomcat/webapps/ROOT]
15-Dec-2025 17:35:49.238 INFO [main] org.apache.jasper.servlet.TldScanner.scanJars At least one JAR was scanned for TLDs yet contained no TLDs. Enable debug logging for this logger for a complete list of JARs that were scanned but no TLDs were found in them. Skipping unneeded JARs during scanning can improve startup time and JSP compilation time.
15-Dec-2025 17:35:49.251 INFO [main] org.apache.catalina.startup.HostConfig.deployDirectory Deployment of web application directory [/home/infoetu/baptiste.lavogiez.etu/ctp-web/tomcat/webapps/ROOT] has finished in [176] ms
15-Dec-2025 17:35:49.252 INFO [main] org.apache.catalina.startup.HostConfig.deployDirectory Deploying web application directory [/home/infoetu/baptiste.lavogiez.etu/ctp-web/tomcat/webapps/docs]
15-Dec-2025 17:35:49.302 INFO [main] org.apache.jasper.servlet.TldScanner.scanJars At least one JAR was scanned for TLDs yet contained no TLDs. Enable debug logging for this logger for a complete list of JARs that were scanned but no TLDs were found in them. Skipping unneeded JARs during scanning can improve startup time and JSP compilation time.
15-Dec-2025 17:35:49.303 INFO [main] org.apache.catalina.startup.HostConfig.deployDirectory Deployment of web application directory [/home/infoetu/baptiste.lavogiez.etu/ctp-web/tomcat/webapps/docs] has finished in [52] ms
15-Dec-2025 17:35:49.303 INFO [main] org.apache.catalina.startup.HostConfig.deployDirectory Deploying web application directory [/home/infoetu/baptiste.lavogiez.etu/ctp-web/tomcat/webapps/ctp-2025]
15-Dec-2025 17:35:49.382 INFO [main] org.apache.jasper.servlet.TldScanner.scanJars At least one JAR was scanned for TLDs yet contained no TLDs. Enable debug logging for this logger for a complete list of JARs that were scanned but no TLDs were found in them. Skipping unneeded JARs during scanning can improve startup time and JSP compilation time.
15-Dec-2025 17:35:49.384 INFO [main] org.apache.catalina.startup.HostConfig.deployDirectory Deployment of web application directory [/home/infoetu/baptiste.lavogiez.etu/ctp-web/tomcat/webapps/ctp-2025] has finished in [81] ms
15-Dec-2025 17:35:49.384 INFO [main] org.apache.catalina.startup.HostConfig.deployDirectory Deploying web application directory [/home/infoetu/baptiste.lavogiez.etu/ctp-web/tomcat/webapps/manager]
15-Dec-2025 17:35:49.434 INFO [main] org.apache.jasper.servlet.TldScanner.scanJars At least one JAR was scanned for TLDs yet contained no TLDs. Enable debug logging for this logger for a complete list of JARs that were scanned but no TLDs were found in them. Skipping unneeded JARs during scanning can improve startup time and JSP compilation time.
15-Dec-2025 17:35:49.437 INFO [main] org.apache.catalina.startup.HostConfig.deployDirectory Deployment of web application directory [/home/infoetu/baptiste.lavogiez.etu/ctp-web/tomcat/webapps/manager] has finished in [53] ms
15-Dec-2025 17:35:49.437 INFO [main] org.apache.catalina.startup.HostConfig.deployDirectory Deploying web application directory [/home/infoetu/baptiste.lavogiez.etu/ctp-web/tomcat/webapps/host-manager]
15-Dec-2025 17:35:49.483 INFO [main] org.apache.jasper.servlet.TldScanner.scanJars At least one JAR was scanned for TLDs yet contained no TLDs. Enable debug logging for this logger for a complete list of JARs that were scanned but no TLDs were found in them. Skipping unneeded JARs during scanning can improve startup time and JSP compilation time.
15-Dec-2025 17:35:49.484 INFO [main] org.apache.catalina.startup.HostConfig.deployDirectory Deployment of web application directory [/home/infoetu/baptiste.lavogiez.etu/ctp-web/tomcat/webapps/host-manager] has finished in [47] ms
15-Dec-2025 17:35:49.484 INFO [main] org.apache.catalina.startup.HostConfig.deployDirectory Deploying web application directory [/home/infoetu/baptiste.lavogiez.etu/ctp-web/tomcat/webapps/vide]
15-Dec-2025 17:35:49.531 INFO [main] org.apache.jasper.servlet.TldScanner.scanJars At least one JAR was scanned for TLDs yet contained no TLDs. Enable debug logging for this logger for a complete list of JARs that were scanned but no TLDs were found in them. Skipping unneeded JARs during scanning can improve startup time and JSP compilation time.
15-Dec-2025 17:35:49.532 INFO [main] org.apache.catalina.startup.HostConfig.deployDirectory Deployment of web application directory [/home/infoetu/baptiste.lavogiez.etu/ctp-web/tomcat/webapps/vide] has finished in [48] ms
15-Dec-2025 17:35:49.532 INFO [main] org.apache.catalina.startup.HostConfig.deployDirectory Deploying web application directory [/home/infoetu/baptiste.lavogiez.etu/ctp-web/tomcat/webapps/examples]
15-Dec-2025 17:35:49.667 INFO [main] org.apache.jasper.servlet.TldScanner.scanJars At least one JAR was scanned for TLDs yet contained no TLDs. Enable debug logging for this logger for a complete list of JARs that were scanned but no TLDs were found in them. Skipping unneeded JARs during scanning can improve startup time and JSP compilation time.
15-Dec-2025 17:35:49.680 INFO [main] org.apache.catalina.startup.HostConfig.deployDirectory Deployment of web application directory [/home/infoetu/baptiste.lavogiez.etu/ctp-web/tomcat/webapps/examples] has finished in [148] ms
15-Dec-2025 17:35:49.680 INFO [main] org.apache.catalina.startup.HostConfig.deployDirectory Deploying web application directory [/home/infoetu/baptiste.lavogiez.etu/ctp-web/tomcat/webapps/ctp]
15-Dec-2025 17:35:49.729 INFO [main] org.apache.jasper.servlet.TldScanner.scanJars At least one JAR was scanned for TLDs yet contained no TLDs. Enable debug logging for this logger for a complete list of JARs that were scanned but no TLDs were found in them. Skipping unneeded JARs during scanning can improve startup time and JSP compilation time.
15-Dec-2025 17:35:49.730 INFO [main] org.apache.catalina.startup.HostConfig.deployDirectory Deployment of web application directory [/home/infoetu/baptiste.lavogiez.etu/ctp-web/tomcat/webapps/ctp] has finished in [50] ms
15-Dec-2025 17:35:49.732 INFO [main] org.apache.coyote.AbstractProtocol.start Starting ProtocolHandler ["http-nio-8080"]
15-Dec-2025 17:35:49.737 INFO [main] org.apache.catalina.startup.Catalina.start Server startup in [683] milliseconds
15-Dec-2025 17:38:28.678 INFO [Thread-1] org.apache.coyote.AbstractProtocol.pause Pausing ProtocolHandler ["http-nio-8080"]
15-Dec-2025 17:38:28.680 INFO [Thread-1] org.apache.catalina.core.StandardService.stopInternal Stopping service [Catalina]
15-Dec-2025 17:38:28.709 INFO [Thread-1] org.apache.coyote.AbstractProtocol.stop Stopping ProtocolHandler ["http-nio-8080"]
15-Dec-2025 17:38:28.712 INFO [Thread-1] org.apache.coyote.AbstractProtocol.destroy Destroying ProtocolHandler ["http-nio-8080"]
15-Dec-2025 17:38:29.580 INFO [main] org.apache.catalina.startup.VersionLoggerListener.log Server version name:   Apache Tomcat/11.0.13
15-Dec-2025 17:38:29.582 INFO [main] org.apache.catalina.startup.VersionLoggerListener.log Server built:          Oct 10 2025 13:57:31 UTC
15-Dec-2025 17:38:29.582 INFO [main] org.apache.catalina.startup.VersionLoggerListener.log Server version number: 11.0.13.0
15-Dec-2025 17:38:29.582 INFO [main] org.apache.catalina.startup.VersionLoggerListener.log OS Name:               Linux
15-Dec-2025 17:38:29.582 INFO [main] org.apache.catalina.startup.VersionLoggerListener.log OS Version:            6.12.43+deb13-amd64
15-Dec-2025 17:38:29.582 INFO [main] org.apache.catalina.startup.VersionLoggerListener.log Architecture:          amd64
15-Dec-2025 17:38:29.582 INFO [main] org.apache.catalina.startup.VersionLoggerListener.log Java Home:             /usr/lib/jvm/java-21-openjdk-amd64
15-Dec-2025 17:38:29.582 INFO [main] org.apache.catalina.startup.VersionLoggerListener.log JVM Version:           21.0.9+10-Debian-1deb13u1
15-Dec-2025 17:38:29.582 INFO [main] org.apache.catalina.startup.VersionLoggerListener.log JVM Vendor:            Debian
15-Dec-2025 17:38:29.582 INFO [main] org.apache.catalina.startup.VersionLoggerListener.log CATALINA_BASE:         /home/infoetu/baptiste.lavogiez.etu/ctp-web/tomcat
15-Dec-2025 17:38:29.583 INFO [main] org.apache.catalina.startup.VersionLoggerListener.log CATALINA_HOME:         /home/infoetu/baptiste.lavogiez.etu/ctp-web/tomcat
15-Dec-2025 17:38:29.586 INFO [main] org.apache.catalina.startup.VersionLoggerListener.log Command line argument: -Djava.util.logging.config.file=/home/infoetu/baptiste.lavogiez.etu/ctp-web/tomcat/conf/logging.properties
15-Dec-2025 17:38:29.587 INFO [main] org.apache.catalina.startup.VersionLoggerListener.log Command line argument: -Djava.util.logging.manager=org.apache.juli.ClassLoaderLogManager
15-Dec-2025 17:38:29.587 INFO [main] org.apache.catalina.startup.VersionLoggerListener.log Command line argument: -Djdk.tls.ephemeralDHKeySize=2048
15-Dec-2025 17:38:29.587 INFO [main] org.apache.catalina.startup.VersionLoggerListener.log Command line argument: -Dorg.apache.catalina.security.SecurityListener.UMASK=0027
15-Dec-2025 17:38:29.587 INFO [main] org.apache.catalina.startup.VersionLoggerListener.log Command line argument: --add-opens=java.base/java.lang=ALL-UNNAMED
15-Dec-2025 17:38:29.587 INFO [main] org.apache.catalina.startup.VersionLoggerListener.log Command line argument: --add-opens=java.base/java.lang.reflect=ALL-UNNAMED
15-Dec-2025 17:38:29.587 INFO [main] org.apache.catalina.startup.VersionLoggerListener.log Command line argument: --add-opens=java.base/java.io=ALL-UNNAMED
15-Dec-2025 17:38:29.587 INFO [main] org.apache.catalina.startup.VersionLoggerListener.log Command line argument: --add-opens=java.base/java.util=ALL-UNNAMED
15-Dec-2025 17:38:29.587 INFO [main] org.apache.catalina.startup.VersionLoggerListener.log Command line argument: --add-opens=java.base/java.util.concurrent=ALL-UNNAMED
15-Dec-2025 17:38:29.587 INFO [main] org.apache.catalina.startup.VersionLoggerListener.log Command line argument: --add-opens=java.rmi/sun.rmi.transport=ALL-UNNAMED
15-Dec-2025 17:38:29.587 INFO [main] org.apache.catalina.startup.VersionLoggerListener.log Command line argument: --enable-native-access=ALL-UNNAMED
15-Dec-2025 17:38:29.587 INFO [main] org.apache.catalina.startup.VersionLoggerListener.log Command line argument: -Dcatalina.base=/home/infoetu/baptiste.lavogiez.etu/ctp-web/tomcat
15-Dec-2025 17:38:29.587 INFO [main] org.apache.catalina.startup.VersionLoggerListener.log Command line argument: -Dcatalina.home=/home/infoetu/baptiste.lavogiez.etu/ctp-web/tomcat
15-Dec-2025 17:38:29.587 INFO [main] org.apache.catalina.startup.VersionLoggerListener.log Command line argument: -Djava.io.tmpdir=/home/infoetu/baptiste.lavogiez.etu/ctp-web/tomcat/temp
15-Dec-2025 17:38:29.588 INFO [main] org.apache.catalina.core.AprLifecycleListener.lifecycleEvent The Apache Tomcat Native library which allows using OpenSSL was not found on the java.library.path: [/usr/java/packages/lib:/usr/lib/x86_64-linux-gnu/jni:/lib/x86_64-linux-gnu:/usr/lib/x86_64-linux-gnu:/usr/lib/jni:/lib:/usr/lib]
15-Dec-2025 17:38:29.704 INFO [main] org.apache.coyote.AbstractProtocol.init Initializing ProtocolHandler ["http-nio-8080"]
15-Dec-2025 17:38:29.713 INFO [main] org.apache.catalina.startup.Catalina.load Server initialization in [206] milliseconds
15-Dec-2025 17:38:29.730 INFO [main] org.apache.catalina.core.StandardService.startInternal Starting service [Catalina]
15-Dec-2025 17:38:29.730 INFO [main] org.apache.catalina.core.StandardEngine.startInternal Starting Servlet engine: [Apache Tomcat/11.0.13]
15-Dec-2025 17:38:29.735 INFO [main] org.apache.catalina.startup.HostConfig.deployDirectory Deploying web application directory [/home/infoetu/baptiste.lavogiez.etu/ctp-web/tomcat/webapps/ROOT]
15-Dec-2025 17:38:29.908 INFO [main] org.apache.jasper.servlet.TldScanner.scanJars At least one JAR was scanned for TLDs yet contained no TLDs. Enable debug logging for this logger for a complete list of JARs that were scanned but no TLDs were found in them. Skipping unneeded JARs during scanning can improve startup time and JSP compilation time.
15-Dec-2025 17:38:29.922 INFO [main] org.apache.catalina.startup.HostConfig.deployDirectory Deployment of web application directory [/home/infoetu/baptiste.lavogiez.etu/ctp-web/tomcat/webapps/ROOT] has finished in [186] ms
15-Dec-2025 17:38:29.922 INFO [main] org.apache.catalina.startup.HostConfig.deployDirectory Deploying web application directory [/home/infoetu/baptiste.lavogiez.etu/ctp-web/tomcat/webapps/docs]
15-Dec-2025 17:38:29.970 INFO [main] org.apache.jasper.servlet.TldScanner.scanJars At least one JAR was scanned for TLDs yet contained no TLDs. Enable debug logging for this logger for a complete list of JARs that were scanned but no TLDs were found in them. Skipping unneeded JARs during scanning can improve startup time and JSP compilation time.
15-Dec-2025 17:38:29.971 INFO [main] org.apache.catalina.startup.HostConfig.deployDirectory Deployment of web application directory [/home/infoetu/baptiste.lavogiez.etu/ctp-web/tomcat/webapps/docs] has finished in [48] ms
15-Dec-2025 17:38:29.971 INFO [main] org.apache.catalina.startup.HostConfig.deployDirectory Deploying web application directory [/home/infoetu/baptiste.lavogiez.etu/ctp-web/tomcat/webapps/ctp-2025]
15-Dec-2025 17:38:30.051 INFO [main] org.apache.jasper.servlet.TldScanner.scanJars At least one JAR was scanned for TLDs yet contained no TLDs. Enable debug logging for this logger for a complete list of JARs that were scanned but no TLDs were found in them. Skipping unneeded JARs during scanning can improve startup time and JSP compilation time.
15-Dec-2025 17:38:30.053 INFO [main] org.apache.catalina.startup.HostConfig.deployDirectory Deployment of web application directory [/home/infoetu/baptiste.lavogiez.etu/ctp-web/tomcat/webapps/ctp-2025] has finished in [82] ms
15-Dec-2025 17:38:30.053 INFO [main] org.apache.catalina.startup.HostConfig.deployDirectory Deploying web application directory [/home/infoetu/baptiste.lavogiez.etu/ctp-web/tomcat/webapps/manager]
15-Dec-2025 17:38:30.099 INFO [main] org.apache.jasper.servlet.TldScanner.scanJars At least one JAR was scanned for TLDs yet contained no TLDs. Enable debug logging for this logger for a complete list of JARs that were scanned but no TLDs were found in them. Skipping unneeded JARs during scanning can improve startup time and JSP compilation time.
15-Dec-2025 17:38:30.102 INFO [main] org.apache.catalina.startup.HostConfig.deployDirectory Deployment of web application directory [/home/infoetu/baptiste.lavogiez.etu/ctp-web/tomcat/webapps/manager] has finished in [49] ms
15-Dec-2025 17:38:30.102 INFO [main] org.apache.catalina.startup.HostConfig.deployDirectory Deploying web application directory [/home/infoetu/baptiste.lavogiez.etu/ctp-web/tomcat/webapps/host-manager]
15-Dec-2025 17:38:30.146 INFO [main] org.apache.jasper.servlet.TldScanner.scanJars At least one JAR was scanned for TLDs yet contained no TLDs. Enable debug logging for this logger for a complete list of JARs that were scanned but no TLDs were found in them. Skipping unneeded JARs during scanning can improve startup time and JSP compilation time.
15-Dec-2025 17:38:30.147 INFO [main] org.apache.catalina.startup.HostConfig.deployDirectory Deployment of web application directory [/home/infoetu/baptiste.lavogiez.etu/ctp-web/tomcat/webapps/host-manager] has finished in [45] ms
15-Dec-2025 17:38:30.147 INFO [main] org.apache.catalina.startup.HostConfig.deployDirectory Deploying web application directory [/home/infoetu/baptiste.lavogiez.etu/ctp-web/tomcat/webapps/vide]
15-Dec-2025 17:38:30.198 INFO [main] org.apache.jasper.servlet.TldScanner.scanJars At least one JAR was scanned for TLDs yet contained no TLDs. Enable debug logging for this logger for a complete list of JARs that were scanned but no TLDs were found in them. Skipping unneeded JARs during scanning can improve startup time and JSP compilation time.
15-Dec-2025 17:38:30.199 INFO [main] org.apache.catalina.startup.HostConfig.deployDirectory Deployment of web application directory [/home/infoetu/baptiste.lavogiez.etu/ctp-web/tomcat/webapps/vide] has finished in [52] ms
15-Dec-2025 17:38:30.199 INFO [main] org.apache.catalina.startup.HostConfig.deployDirectory Deploying web application directory [/home/infoetu/baptiste.lavogiez.etu/ctp-web/tomcat/webapps/examples]
15-Dec-2025 17:38:30.402 INFO [main] org.apache.jasper.servlet.TldScanner.scanJars At least one JAR was scanned for TLDs yet contained no TLDs. Enable debug logging for this logger for a complete list of JARs that were scanned but no TLDs were found in them. Skipping unneeded JARs during scanning can improve startup time and JSP compilation time.
15-Dec-2025 17:38:30.416 INFO [main] org.apache.catalina.startup.HostConfig.deployDirectory Deployment of web application directory [/home/infoetu/baptiste.lavogiez.etu/ctp-web/tomcat/webapps/examples] has finished in [217] ms
15-Dec-2025 17:38:30.416 INFO [main] org.apache.catalina.startup.HostConfig.deployDirectory Deploying web application directory [/home/infoetu/baptiste.lavogiez.etu/ctp-web/tomcat/webapps/ctp]
15-Dec-2025 17:38:30.477 INFO [main] org.apache.jasper.servlet.TldScanner.scanJars At least one JAR was scanned for TLDs yet contained no TLDs. Enable debug logging for this logger for a complete list of JARs that were scanned but no TLDs were found in them. Skipping unneeded JARs during scanning can improve startup time and JSP compilation time.
15-Dec-2025 17:38:30.478 INFO [main] org.apache.catalina.startup.HostConfig.deployDirectory Deployment of web application directory [/home/infoetu/baptiste.lavogiez.etu/ctp-web/tomcat/webapps/ctp] has finished in [62] ms
15-Dec-2025 17:38:30.481 INFO [main] org.apache.coyote.AbstractProtocol.start Starting ProtocolHandler ["http-nio-8080"]
15-Dec-2025 17:38:30.486 INFO [main] org.apache.catalina.startup.Catalina.start Server startup in [772] milliseconds
15-Dec-2025 17:45:17.521 INFO [Thread-1] org.apache.coyote.AbstractProtocol.pause Pausing ProtocolHandler ["http-nio-8080"]
15-Dec-2025 17:45:17.524 INFO [Thread-1] org.apache.catalina.core.StandardService.stopInternal Stopping service [Catalina]
15-Dec-2025 17:45:17.550 INFO [Thread-1] org.apache.coyote.AbstractProtocol.stop Stopping ProtocolHandler ["http-nio-8080"]
15-Dec-2025 17:45:17.557 INFO [Thread-1] org.apache.coyote.AbstractProtocol.destroy Destroying ProtocolHandler ["http-nio-8080"]
15-Dec-2025 17:45:18.550 INFO [main] org.apache.catalina.startup.VersionLoggerListener.log Server version name:   Apache Tomcat/11.0.13
15-Dec-2025 17:45:18.552 INFO [main] org.apache.catalina.startup.VersionLoggerListener.log Server built:          Oct 10 2025 13:57:31 UTC
15-Dec-2025 17:45:18.552 INFO [main] org.apache.catalina.startup.VersionLoggerListener.log Server version number: 11.0.13.0
15-Dec-2025 17:45:18.552 INFO [main] org.apache.catalina.startup.VersionLoggerListener.log OS Name:               Linux
15-Dec-2025 17:45:18.552 INFO [main] org.apache.catalina.startup.VersionLoggerListener.log OS Version:            6.12.43+deb13-amd64
15-Dec-2025 17:45:18.552 INFO [main] org.apache.catalina.startup.VersionLoggerListener.log Architecture:          amd64
15-Dec-2025 17:45:18.552 INFO [main] org.apache.catalina.startup.VersionLoggerListener.log Java Home:             /usr/lib/jvm/java-21-openjdk-amd64
15-Dec-2025 17:45:18.552 INFO [main] org.apache.catalina.startup.VersionLoggerListener.log JVM Version:           21.0.9+10-Debian-1deb13u1
15-Dec-2025 17:45:18.552 INFO [main] org.apache.catalina.startup.VersionLoggerListener.log JVM Vendor:            Debian
15-Dec-2025 17:45:18.553 INFO [main] org.apache.catalina.startup.VersionLoggerListener.log CATALINA_BASE:         /home/infoetu/baptiste.lavogiez.etu/ctp-web/tomcat
15-Dec-2025 17:45:18.553 INFO [main] org.apache.catalina.startup.VersionLoggerListener.log CATALINA_HOME:         /home/infoetu/baptiste.lavogiez.etu/ctp-web/tomcat
15-Dec-2025 17:45:18.557 INFO [main] org.apache.catalina.startup.VersionLoggerListener.log Command line argument: -Djava.util.logging.config.file=/home/infoetu/baptiste.lavogiez.etu/ctp-web/tomcat/conf/logging.properties
15-Dec-2025 17:45:18.557 INFO [main] org.apache.catalina.startup.VersionLoggerListener.log Command line argument: -Djava.util.logging.manager=org.apache.juli.ClassLoaderLogManager
15-Dec-2025 17:45:18.557 INFO [main] org.apache.catalina.startup.VersionLoggerListener.log Command line argument: -Djdk.tls.ephemeralDHKeySize=2048
15-Dec-2025 17:45:18.557 INFO [main] org.apache.catalina.startup.VersionLoggerListener.log Command line argument: -Dorg.apache.catalina.security.SecurityListener.UMASK=0027
15-Dec-2025 17:45:18.557 INFO [main] org.apache.catalina.startup.VersionLoggerListener.log Command line argument: --add-opens=java.base/java.lang=ALL-UNNAMED
15-Dec-2025 17:45:18.557 INFO [main] org.apache.catalina.startup.VersionLoggerListener.log Command line argument: --add-opens=java.base/java.lang.reflect=ALL-UNNAMED
15-Dec-2025 17:45:18.557 INFO [main] org.apache.catalina.startup.VersionLoggerListener.log Command line argument: --add-opens=java.base/java.io=ALL-UNNAMED
15-Dec-2025 17:45:18.557 INFO [main] org.apache.catalina.startup.VersionLoggerListener.log Command line argument: --add-opens=java.base/java.util=ALL-UNNAMED
15-Dec-2025 17:45:18.557 INFO [main] org.apache.catalina.startup.VersionLoggerListener.log Command line argument: --add-opens=java.base/java.util.concurrent=ALL-UNNAMED
15-Dec-2025 17:45:18.557 INFO [main] org.apache.catalina.startup.VersionLoggerListener.log Command line argument: --add-opens=java.rmi/sun.rmi.transport=ALL-UNNAMED
15-Dec-2025 17:45:18.557 INFO [main] org.apache.catalina.startup.VersionLoggerListener.log Command line argument: --enable-native-access=ALL-UNNAMED
15-Dec-2025 17:45:18.557 INFO [main] org.apache.catalina.startup.VersionLoggerListener.log Command line argument: -Dcatalina.base=/home/infoetu/baptiste.lavogiez.etu/ctp-web/tomcat
15-Dec-2025 17:45:18.557 INFO [main] org.apache.catalina.startup.VersionLoggerListener.log Command line argument: -Dcatalina.home=/home/infoetu/baptiste.lavogiez.etu/ctp-web/tomcat
15-Dec-2025 17:45:18.557 INFO [main] org.apache.catalina.startup.VersionLoggerListener.log Command line argument: -Djava.io.tmpdir=/home/infoetu/baptiste.lavogiez.etu/ctp-web/tomcat/temp
15-Dec-2025 17:45:18.558 INFO [main] org.apache.catalina.core.AprLifecycleListener.lifecycleEvent The Apache Tomcat Native library which allows using OpenSSL was not found on the java.library.path: [/usr/java/packages/lib:/usr/lib/x86_64-linux-gnu/jni:/lib/x86_64-linux-gnu:/usr/lib/x86_64-linux-gnu:/usr/lib/jni:/lib:/usr/lib]
15-Dec-2025 17:45:18.673 INFO [main] org.apache.coyote.AbstractProtocol.init Initializing ProtocolHandler ["http-nio-8080"]
15-Dec-2025 17:45:18.682 INFO [main] org.apache.catalina.startup.Catalina.load Server initialization in [205] milliseconds
15-Dec-2025 17:45:18.699 INFO [main] org.apache.catalina.core.StandardService.startInternal Starting service [Catalina]
15-Dec-2025 17:45:18.699 INFO [main] org.apache.catalina.core.StandardEngine.startInternal Starting Servlet engine: [Apache Tomcat/11.0.13]
15-Dec-2025 17:45:18.704 INFO [main] org.apache.catalina.startup.HostConfig.deployDirectory Deploying web application directory [/home/infoetu/baptiste.lavogiez.etu/ctp-web/tomcat/webapps/ROOT]
15-Dec-2025 17:45:18.870 INFO [main] org.apache.jasper.servlet.TldScanner.scanJars At least one JAR was scanned for TLDs yet contained no TLDs. Enable debug logging for this logger for a complete list of JARs that were scanned but no TLDs were found in them. Skipping unneeded JARs during scanning can improve startup time and JSP compilation time.
15-Dec-2025 17:45:18.884 INFO [main] org.apache.catalina.startup.HostConfig.deployDirectory Deployment of web application directory [/home/infoetu/baptiste.lavogiez.etu/ctp-web/tomcat/webapps/ROOT] has finished in [179] ms
15-Dec-2025 17:45:18.884 INFO [main] org.apache.catalina.startup.HostConfig.deployDirectory Deploying web application directory [/home/infoetu/baptiste.lavogiez.etu/ctp-web/tomcat/webapps/docs]
15-Dec-2025 17:45:18.931 INFO [main] org.apache.jasper.servlet.TldScanner.scanJars At least one JAR was scanned for TLDs yet contained no TLDs. Enable debug logging for this logger for a complete list of JARs that were scanned but no TLDs were found in them. Skipping unneeded JARs during scanning can improve startup time and JSP compilation time.
15-Dec-2025 17:45:18.932 INFO [main] org.apache.catalina.startup.HostConfig.deployDirectory Deployment of web application directory [/home/infoetu/baptiste.lavogiez.etu/ctp-web/tomcat/webapps/docs] has finished in [48] ms
15-Dec-2025 17:45:18.932 INFO [main] org.apache.catalina.startup.HostConfig.deployDirectory Deploying web application directory [/home/infoetu/baptiste.lavogiez.etu/ctp-web/tomcat/webapps/ctp-2025]
15-Dec-2025 17:45:19.009 INFO [main] org.apache.jasper.servlet.TldScanner.scanJars At least one JAR was scanned for TLDs yet contained no TLDs. Enable debug logging for this logger for a complete list of JARs that were scanned but no TLDs were found in them. Skipping unneeded JARs during scanning can improve startup time and JSP compilation time.
15-Dec-2025 17:45:19.011 INFO [main] org.apache.catalina.startup.HostConfig.deployDirectory Deployment of web application directory [/home/infoetu/baptiste.lavogiez.etu/ctp-web/tomcat/webapps/ctp-2025] has finished in [79] ms
15-Dec-2025 17:45:19.011 INFO [main] org.apache.catalina.startup.HostConfig.deployDirectory Deploying web application directory [/home/infoetu/baptiste.lavogiez.etu/ctp-web/tomcat/webapps/manager]
15-Dec-2025 17:45:19.057 INFO [main] org.apache.jasper.servlet.TldScanner.scanJars At least one JAR was scanned for TLDs yet contained no TLDs. Enable debug logging for this logger for a complete list of JARs that were scanned but no TLDs were found in them. Skipping unneeded JARs during scanning can improve startup time and JSP compilation time.
15-Dec-2025 17:45:19.060 INFO [main] org.apache.catalina.startup.HostConfig.deployDirectory Deployment of web application directory [/home/infoetu/baptiste.lavogiez.etu/ctp-web/tomcat/webapps/manager] has finished in [49] ms
15-Dec-2025 17:45:19.060 INFO [main] org.apache.catalina.startup.HostConfig.deployDirectory Deploying web application directory [/home/infoetu/baptiste.lavogiez.etu/ctp-web/tomcat/webapps/host-manager]
15-Dec-2025 17:45:19.104 INFO [main] org.apache.jasper.servlet.TldScanner.scanJars At least one JAR was scanned for TLDs yet contained no TLDs. Enable debug logging for this logger for a complete list of JARs that were scanned but no TLDs were found in them. Skipping unneeded JARs during scanning can improve startup time and JSP compilation time.
15-Dec-2025 17:45:19.105 INFO [main] org.apache.catalina.startup.HostConfig.deployDirectory Deployment of web application directory [/home/infoetu/baptiste.lavogiez.etu/ctp-web/tomcat/webapps/host-manager] has finished in [45] ms
15-Dec-2025 17:45:19.106 INFO [main] org.apache.catalina.startup.HostConfig.deployDirectory Deploying web application directory [/home/infoetu/baptiste.lavogiez.etu/ctp-web/tomcat/webapps/vide]
15-Dec-2025 17:45:19.157 INFO [main] org.apache.jasper.servlet.TldScanner.scanJars At least one JAR was scanned for TLDs yet contained no TLDs. Enable debug logging for this logger for a complete list of JARs that were scanned but no TLDs were found in them. Skipping unneeded JARs during scanning can improve startup time and JSP compilation time.
15-Dec-2025 17:45:19.157 INFO [main] org.apache.catalina.startup.HostConfig.deployDirectory Deployment of web application directory [/home/infoetu/baptiste.lavogiez.etu/ctp-web/tomcat/webapps/vide] has finished in [52] ms
15-Dec-2025 17:45:19.158 INFO [main] org.apache.catalina.startup.HostConfig.deployDirectory Deploying web application directory [/home/infoetu/baptiste.lavogiez.etu/ctp-web/tomcat/webapps/examples]
15-Dec-2025 17:45:19.364 INFO [main] org.apache.jasper.servlet.TldScanner.scanJars At least one JAR was scanned for TLDs yet contained no TLDs. Enable debug logging for this logger for a complete list of JARs that were scanned but no TLDs were found in them. Skipping unneeded JARs during scanning can improve startup time and JSP compilation time.
15-Dec-2025 17:45:19.377 INFO [main] org.apache.catalina.startup.HostConfig.deployDirectory Deployment of web application directory [/home/infoetu/baptiste.lavogiez.etu/ctp-web/tomcat/webapps/examples] has finished in [219] ms
15-Dec-2025 17:45:19.377 INFO [main] org.apache.catalina.startup.HostConfig.deployDirectory Deploying web application directory [/home/infoetu/baptiste.lavogiez.etu/ctp-web/tomcat/webapps/ctp]
15-Dec-2025 17:45:19.440 INFO [main] org.apache.jasper.servlet.TldScanner.scanJars At least one JAR was scanned for TLDs yet contained no TLDs. Enable debug logging for this logger for a complete list of JARs that were scanned but no TLDs were found in them. Skipping unneeded JARs during scanning can improve startup time and JSP compilation time.
15-Dec-2025 17:45:19.441 INFO [main] org.apache.catalina.startup.HostConfig.deployDirectory Deployment of web application directory [/home/infoetu/baptiste.lavogiez.etu/ctp-web/tomcat/webapps/ctp] has finished in [63] ms
15-Dec-2025 17:45:19.443 INFO [main] org.apache.coyote.AbstractProtocol.start Starting ProtocolHandler ["http-nio-8080"]
15-Dec-2025 17:45:19.447 INFO [main] org.apache.catalina.startup.Catalina.start Server startup in [765] milliseconds
15-Dec-2025 17:45:56.619 INFO [Thread-1] org.apache.coyote.AbstractProtocol.pause Pausing ProtocolHandler ["http-nio-8080"]
15-Dec-2025 17:45:56.621 INFO [Thread-1] org.apache.catalina.core.StandardService.stopInternal Stopping service [Catalina]
15-Dec-2025 17:45:56.652 INFO [Thread-1] org.apache.coyote.AbstractProtocol.stop Stopping ProtocolHandler ["http-nio-8080"]
15-Dec-2025 17:45:56.665 INFO [Thread-1] org.apache.coyote.AbstractProtocol.destroy Destroying ProtocolHandler ["http-nio-8080"]
15-Dec-2025 17:45:57.549 INFO [main] org.apache.catalina.startup.VersionLoggerListener.log Server version name:   Apache Tomcat/11.0.13
15-Dec-2025 17:45:57.551 INFO [main] org.apache.catalina.startup.VersionLoggerListener.log Server built:          Oct 10 2025 13:57:31 UTC
15-Dec-2025 17:45:57.551 INFO [main] org.apache.catalina.startup.VersionLoggerListener.log Server version number: 11.0.13.0
15-Dec-2025 17:45:57.551 INFO [main] org.apache.catalina.startup.VersionLoggerListener.log OS Name:               Linux
15-Dec-2025 17:45:57.551 INFO [main] org.apache.catalina.startup.VersionLoggerListener.log OS Version:            6.12.43+deb13-amd64
15-Dec-2025 17:45:57.551 INFO [main] org.apache.catalina.startup.VersionLoggerListener.log Architecture:          amd64
15-Dec-2025 17:45:57.551 INFO [main] org.apache.catalina.startup.VersionLoggerListener.log Java Home:             /usr/lib/jvm/java-21-openjdk-amd64
15-Dec-2025 17:45:57.551 INFO [main] org.apache.catalina.startup.VersionLoggerListener.log JVM Version:           21.0.9+10-Debian-1deb13u1
15-Dec-2025 17:45:57.551 INFO [main] org.apache.catalina.startup.VersionLoggerListener.log JVM Vendor:            Debian
15-Dec-2025 17:45:57.551 INFO [main] org.apache.catalina.startup.VersionLoggerListener.log CATALINA_BASE:         /home/infoetu/baptiste.lavogiez.etu/ctp-web/tomcat
15-Dec-2025 17:45:57.551 INFO [main] org.apache.catalina.startup.VersionLoggerListener.log CATALINA_HOME:         /home/infoetu/baptiste.lavogiez.etu/ctp-web/tomcat
15-Dec-2025 17:45:57.555 INFO [main] org.apache.catalina.startup.VersionLoggerListener.log Command line argument: -Djava.util.logging.config.file=/home/infoetu/baptiste.lavogiez.etu/ctp-web/tomcat/conf/logging.properties
15-Dec-2025 17:45:57.555 INFO [main] org.apache.catalina.startup.VersionLoggerListener.log Command line argument: -Djava.util.logging.manager=org.apache.juli.ClassLoaderLogManager
15-Dec-2025 17:45:57.555 INFO [main] org.apache.catalina.startup.VersionLoggerListener.log Command line argument: -Djdk.tls.ephemeralDHKeySize=2048
15-Dec-2025 17:45:57.555 INFO [main] org.apache.catalina.startup.VersionLoggerListener.log Command line argument: -Dorg.apache.catalina.security.SecurityListener.UMASK=0027
15-Dec-2025 17:45:57.555 INFO [main] org.apache.catalina.startup.VersionLoggerListener.log Command line argument: --add-opens=java.base/java.lang=ALL-UNNAMED
15-Dec-2025 17:45:57.555 INFO [main] org.apache.catalina.startup.VersionLoggerListener.log Command line argument: --add-opens=java.base/java.lang.reflect=ALL-UNNAMED
15-Dec-2025 17:45:57.555 INFO [main] org.apache.catalina.startup.VersionLoggerListener.log Command line argument: --add-opens=java.base/java.io=ALL-UNNAMED
15-Dec-2025 17:45:57.555 INFO [main] org.apache.catalina.startup.VersionLoggerListener.log Command line argument: --add-opens=java.base/java.util=ALL-UNNAMED
15-Dec-2025 17:45:57.555 INFO [main] org.apache.catalina.startup.VersionLoggerListener.log Command line argument: --add-opens=java.base/java.util.concurrent=ALL-UNNAMED
15-Dec-2025 17:45:57.556 INFO [main] org.apache.catalina.startup.VersionLoggerListener.log Command line argument: --add-opens=java.rmi/sun.rmi.transport=ALL-UNNAMED
15-Dec-2025 17:45:57.556 INFO [main] org.apache.catalina.startup.VersionLoggerListener.log Command line argument: --enable-native-access=ALL-UNNAMED
15-Dec-2025 17:45:57.556 INFO [main] org.apache.catalina.startup.VersionLoggerListener.log Command line argument: -Dcatalina.base=/home/infoetu/baptiste.lavogiez.etu/ctp-web/tomcat
15-Dec-2025 17:45:57.556 INFO [main] org.apache.catalina.startup.VersionLoggerListener.log Command line argument: -Dcatalina.home=/home/infoetu/baptiste.lavogiez.etu/ctp-web/tomcat
15-Dec-2025 17:45:57.556 INFO [main] org.apache.catalina.startup.VersionLoggerListener.log Command line argument: -Djava.io.tmpdir=/home/infoetu/baptiste.lavogiez.etu/ctp-web/tomcat/temp
15-Dec-2025 17:45:57.556 INFO [main] org.apache.catalina.core.AprLifecycleListener.lifecycleEvent The Apache Tomcat Native library which allows using OpenSSL was not found on the java.library.path: [/usr/java/packages/lib:/usr/lib/x86_64-linux-gnu/jni:/lib/x86_64-linux-gnu:/usr/lib/x86_64-linux-gnu:/usr/lib/jni:/lib:/usr/lib]
15-Dec-2025 17:45:57.672 INFO [main] org.apache.coyote.AbstractProtocol.init Initializing ProtocolHandler ["http-nio-8080"]
15-Dec-2025 17:45:57.681 INFO [main] org.apache.catalina.startup.Catalina.load Server initialization in [203] milliseconds
15-Dec-2025 17:45:57.697 INFO [main] org.apache.catalina.core.StandardService.startInternal Starting service [Catalina]
15-Dec-2025 17:45:57.697 INFO [main] org.apache.catalina.core.StandardEngine.startInternal Starting Servlet engine: [Apache Tomcat/11.0.13]
15-Dec-2025 17:45:57.702 INFO [main] org.apache.catalina.startup.HostConfig.deployDirectory Deploying web application directory [/home/infoetu/baptiste.lavogiez.etu/ctp-web/tomcat/webapps/ROOT]
15-Dec-2025 17:45:57.869 INFO [main] org.apache.jasper.servlet.TldScanner.scanJars At least one JAR was scanned for TLDs yet contained no TLDs. Enable debug logging for this logger for a complete list of JARs that were scanned but no TLDs were found in them. Skipping unneeded JARs during scanning can improve startup time and JSP compilation time.
15-Dec-2025 17:45:57.883 INFO [main] org.apache.catalina.startup.HostConfig.deployDirectory Deployment of web application directory [/home/infoetu/baptiste.lavogiez.etu/ctp-web/tomcat/webapps/ROOT] has finished in [181] ms
15-Dec-2025 17:45:57.883 INFO [main] org.apache.catalina.startup.HostConfig.deployDirectory Deploying web application directory [/home/infoetu/baptiste.lavogiez.etu/ctp-web/tomcat/webapps/docs]
15-Dec-2025 17:45:57.933 INFO [main] org.apache.jasper.servlet.TldScanner.scanJars At least one JAR was scanned for TLDs yet contained no TLDs. Enable debug logging for this logger for a complete list of JARs that were scanned but no TLDs were found in them. Skipping unneeded JARs during scanning can improve startup time and JSP compilation time.
15-Dec-2025 17:45:57.934 INFO [main] org.apache.catalina.startup.HostConfig.deployDirectory Deployment of web application directory [/home/infoetu/baptiste.lavogiez.etu/ctp-web/tomcat/webapps/docs] has finished in [51] ms
15-Dec-2025 17:45:57.934 INFO [main] org.apache.catalina.startup.HostConfig.deployDirectory Deploying web application directory [/home/infoetu/baptiste.lavogiez.etu/ctp-web/tomcat/webapps/ctp-2025]
15-Dec-2025 17:45:58.008 INFO [main] org.apache.jasper.servlet.TldScanner.scanJars At least one JAR was scanned for TLDs yet contained no TLDs. Enable debug logging for this logger for a complete list of JARs that were scanned but no TLDs were found in them. Skipping unneeded JARs during scanning can improve startup time and JSP compilation time.
15-Dec-2025 17:45:58.010 INFO [main] org.apache.catalina.startup.HostConfig.deployDirectory Deployment of web application directory [/home/infoetu/baptiste.lavogiez.etu/ctp-web/tomcat/webapps/ctp-2025] has finished in [76] ms
15-Dec-2025 17:45:58.010 INFO [main] org.apache.catalina.startup.HostConfig.deployDirectory Deploying web application directory [/home/infoetu/baptiste.lavogiez.etu/ctp-web/tomcat/webapps/manager]
15-Dec-2025 17:45:58.054 INFO [main] org.apache.jasper.servlet.TldScanner.scanJars At least one JAR was scanned for TLDs yet contained no TLDs. Enable debug logging for this logger for a complete list of JARs that were scanned but no TLDs were found in them. Skipping unneeded JARs during scanning can improve startup time and JSP compilation time.
15-Dec-2025 17:45:58.057 INFO [main] org.apache.catalina.startup.HostConfig.deployDirectory Deployment of web application directory [/home/infoetu/baptiste.lavogiez.etu/ctp-web/tomcat/webapps/manager] has finished in [47] ms
15-Dec-2025 17:45:58.057 INFO [main] org.apache.catalina.startup.HostConfig.deployDirectory Deploying web application directory [/home/infoetu/baptiste.lavogiez.etu/ctp-web/tomcat/webapps/host-manager]
15-Dec-2025 17:45:58.101 INFO [main] org.apache.jasper.servlet.TldScanner.scanJars At least one JAR was scanned for TLDs yet contained no TLDs. Enable debug logging for this logger for a complete list of JARs that were scanned but no TLDs were found in them. Skipping unneeded JARs during scanning can improve startup time and JSP compilation time.
15-Dec-2025 17:45:58.102 INFO [main] org.apache.catalina.startup.HostConfig.deployDirectory Deployment of web application directory [/home/infoetu/baptiste.lavogiez.etu/ctp-web/tomcat/webapps/host-manager] has finished in [45] ms
15-Dec-2025 17:45:58.102 INFO [main] org.apache.catalina.startup.HostConfig.deployDirectory Deploying web application directory [/home/infoetu/baptiste.lavogiez.etu/ctp-web/tomcat/webapps/vide]
15-Dec-2025 17:45:58.148 INFO [main] org.apache.jasper.servlet.TldScanner.scanJars At least one JAR was scanned for TLDs yet contained no TLDs. Enable debug logging for this logger for a complete list of JARs that were scanned but no TLDs were found in them. Skipping unneeded JARs during scanning can improve startup time and JSP compilation time.
15-Dec-2025 17:45:58.149 INFO [main] org.apache.catalina.startup.HostConfig.deployDirectory Deployment of web application directory [/home/infoetu/baptiste.lavogiez.etu/ctp-web/tomcat/webapps/vide] has finished in [47] ms
15-Dec-2025 17:45:58.149 INFO [main] org.apache.catalina.startup.HostConfig.deployDirectory Deploying web application directory [/home/infoetu/baptiste.lavogiez.etu/ctp-web/tomcat/webapps/examples]
15-Dec-2025 17:45:58.300 INFO [main] org.apache.jasper.servlet.TldScanner.scanJars At least one JAR was scanned for TLDs yet contained no TLDs. Enable debug logging for this logger for a complete list of JARs that were scanned but no TLDs were found in them. Skipping unneeded JARs during scanning can improve startup time and JSP compilation time.
15-Dec-2025 17:45:58.313 INFO [main] org.apache.catalina.startup.HostConfig.deployDirectory Deployment of web application directory [/home/infoetu/baptiste.lavogiez.etu/ctp-web/tomcat/webapps/examples] has finished in [164] ms
15-Dec-2025 17:45:58.313 INFO [main] org.apache.catalina.startup.HostConfig.deployDirectory Deploying web application directory [/home/infoetu/baptiste.lavogiez.etu/ctp-web/tomcat/webapps/ctp]
15-Dec-2025 17:45:58.362 INFO [main] org.apache.jasper.servlet.TldScanner.scanJars At least one JAR was scanned for TLDs yet contained no TLDs. Enable debug logging for this logger for a complete list of JARs that were scanned but no TLDs were found in them. Skipping unneeded JARs during scanning can improve startup time and JSP compilation time.
15-Dec-2025 17:45:58.363 INFO [main] org.apache.catalina.startup.HostConfig.deployDirectory Deployment of web application directory [/home/infoetu/baptiste.lavogiez.etu/ctp-web/tomcat/webapps/ctp] has finished in [50] ms
15-Dec-2025 17:45:58.365 INFO [main] org.apache.coyote.AbstractProtocol.start Starting ProtocolHandler ["http-nio-8080"]
15-Dec-2025 17:45:58.370 INFO [main] org.apache.catalina.startup.Catalina.start Server startup in [688] milliseconds
15-Dec-2025 17:47:59.543 INFO [Thread-1] org.apache.coyote.AbstractProtocol.pause Pausing ProtocolHandler ["http-nio-8080"]
15-Dec-2025 17:47:59.546 INFO [Thread-1] org.apache.catalina.core.StandardService.stopInternal Stopping service [Catalina]
15-Dec-2025 17:47:59.576 INFO [Thread-1] org.apache.coyote.AbstractProtocol.stop Stopping ProtocolHandler ["http-nio-8080"]
15-Dec-2025 17:47:59.578 INFO [Thread-1] org.apache.coyote.AbstractProtocol.destroy Destroying ProtocolHandler ["http-nio-8080"]
15-Dec-2025 17:48:01.199 INFO [main] org.apache.catalina.startup.VersionLoggerListener.log Server version name:   Apache Tomcat/11.0.13
15-Dec-2025 17:48:01.201 INFO [main] org.apache.catalina.startup.VersionLoggerListener.log Server built:          Oct 10 2025 13:57:31 UTC
15-Dec-2025 17:48:01.201 INFO [main] org.apache.catalina.startup.VersionLoggerListener.log Server version number: 11.0.13.0
15-Dec-2025 17:48:01.201 INFO [main] org.apache.catalina.startup.VersionLoggerListener.log OS Name:               Linux
15-Dec-2025 17:48:01.201 INFO [main] org.apache.catalina.startup.VersionLoggerListener.log OS Version:            6.12.43+deb13-amd64
15-Dec-2025 17:48:01.201 INFO [main] org.apache.catalina.startup.VersionLoggerListener.log Architecture:          amd64
15-Dec-2025 17:48:01.201 INFO [main] org.apache.catalina.startup.VersionLoggerListener.log Java Home:             /usr/lib/jvm/java-21-openjdk-amd64
15-Dec-2025 17:48:01.201 INFO [main] org.apache.catalina.startup.VersionLoggerListener.log JVM Version:           21.0.9+10-Debian-1deb13u1
15-Dec-2025 17:48:01.201 INFO [main] org.apache.catalina.startup.VersionLoggerListener.log JVM Vendor:            Debian
15-Dec-2025 17:48:01.201 INFO [main] org.apache.catalina.startup.VersionLoggerListener.log CATALINA_BASE:         /home/infoetu/baptiste.lavogiez.etu/ctp-web/tomcat
15-Dec-2025 17:48:01.201 INFO [main] org.apache.catalina.startup.VersionLoggerListener.log CATALINA_HOME:         /home/infoetu/baptiste.lavogiez.etu/ctp-web/tomcat
15-Dec-2025 17:48:01.205 INFO [main] org.apache.catalina.startup.VersionLoggerListener.log Command line argument: -Djava.util.logging.config.file=/home/infoetu/baptiste.lavogiez.etu/ctp-web/tomcat/conf/logging.properties
15-Dec-2025 17:48:01.206 INFO [main] org.apache.catalina.startup.VersionLoggerListener.log Command line argument: -Djava.util.logging.manager=org.apache.juli.ClassLoaderLogManager
15-Dec-2025 17:48:01.206 INFO [main] org.apache.catalina.startup.VersionLoggerListener.log Command line argument: -Djdk.tls.ephemeralDHKeySize=2048
15-Dec-2025 17:48:01.206 INFO [main] org.apache.catalina.startup.VersionLoggerListener.log Command line argument: -Dorg.apache.catalina.security.SecurityListener.UMASK=0027
15-Dec-2025 17:48:01.206 INFO [main] org.apache.catalina.startup.VersionLoggerListener.log Command line argument: --add-opens=java.base/java.lang=ALL-UNNAMED
15-Dec-2025 17:48:01.206 INFO [main] org.apache.catalina.startup.VersionLoggerListener.log Command line argument: --add-opens=java.base/java.lang.reflect=ALL-UNNAMED
15-Dec-2025 17:48:01.206 INFO [main] org.apache.catalina.startup.VersionLoggerListener.log Command line argument: --add-opens=java.base/java.io=ALL-UNNAMED
15-Dec-2025 17:48:01.206 INFO [main] org.apache.catalina.startup.VersionLoggerListener.log Command line argument: --add-opens=java.base/java.util=ALL-UNNAMED
15-Dec-2025 17:48:01.206 INFO [main] org.apache.catalina.startup.VersionLoggerListener.log Command line argument: --add-opens=java.base/java.util.concurrent=ALL-UNNAMED
15-Dec-2025 17:48:01.206 INFO [main] org.apache.catalina.startup.VersionLoggerListener.log Command line argument: --add-opens=java.rmi/sun.rmi.transport=ALL-UNNAMED
15-Dec-2025 17:48:01.206 INFO [main] org.apache.catalina.startup.VersionLoggerListener.log Command line argument: --enable-native-access=ALL-UNNAMED
15-Dec-2025 17:48:01.206 INFO [main] org.apache.catalina.startup.VersionLoggerListener.log Command line argument: -Dcatalina.base=/home/infoetu/baptiste.lavogiez.etu/ctp-web/tomcat
15-Dec-2025 17:48:01.206 INFO [main] org.apache.catalina.startup.VersionLoggerListener.log Command line argument: -Dcatalina.home=/home/infoetu/baptiste.lavogiez.etu/ctp-web/tomcat
15-Dec-2025 17:48:01.206 INFO [main] org.apache.catalina.startup.VersionLoggerListener.log Command line argument: -Djava.io.tmpdir=/home/infoetu/baptiste.lavogiez.etu/ctp-web/tomcat/temp
15-Dec-2025 17:48:01.207 INFO [main] org.apache.catalina.core.AprLifecycleListener.lifecycleEvent The Apache Tomcat Native library which allows using OpenSSL was not found on the java.library.path: [/usr/java/packages/lib:/usr/lib/x86_64-linux-gnu/jni:/lib/x86_64-linux-gnu:/usr/lib/x86_64-linux-gnu:/usr/lib/jni:/lib:/usr/lib]
15-Dec-2025 17:48:01.323 INFO [main] org.apache.coyote.AbstractProtocol.init Initializing ProtocolHandler ["http-nio-8080"]
15-Dec-2025 17:48:01.331 INFO [main] org.apache.catalina.startup.Catalina.load Server initialization in [204] milliseconds
15-Dec-2025 17:48:01.348 INFO [main] org.apache.catalina.core.StandardService.startInternal Starting service [Catalina]
15-Dec-2025 17:48:01.348 INFO [main] org.apache.catalina.core.StandardEngine.startInternal Starting Servlet engine: [Apache Tomcat/11.0.13]
15-Dec-2025 17:48:01.352 INFO [main] org.apache.catalina.startup.HostConfig.deployDirectory Deploying web application directory [/home/infoetu/baptiste.lavogiez.etu/ctp-web/tomcat/webapps/ROOT]
15-Dec-2025 17:48:01.509 INFO [main] org.apache.jasper.servlet.TldScanner.scanJars At least one JAR was scanned for TLDs yet contained no TLDs. Enable debug logging for this logger for a complete list of JARs that were scanned but no TLDs were found in them. Skipping unneeded JARs during scanning can improve startup time and JSP compilation time.
15-Dec-2025 17:48:01.523 INFO [main] org.apache.catalina.startup.HostConfig.deployDirectory Deployment of web application directory [/home/infoetu/baptiste.lavogiez.etu/ctp-web/tomcat/webapps/ROOT] has finished in [171] ms
15-Dec-2025 17:48:01.523 INFO [main] org.apache.catalina.startup.HostConfig.deployDirectory Deploying web application directory [/home/infoetu/baptiste.lavogiez.etu/ctp-web/tomcat/webapps/docs]
15-Dec-2025 17:48:01.572 INFO [main] org.apache.jasper.servlet.TldScanner.scanJars At least one JAR was scanned for TLDs yet contained no TLDs. Enable debug logging for this logger for a complete list of JARs that were scanned but no TLDs were found in them. Skipping unneeded JARs during scanning can improve startup time and JSP compilation time.
15-Dec-2025 17:48:01.573 INFO [main] org.apache.catalina.startup.HostConfig.deployDirectory Deployment of web application directory [/home/infoetu/baptiste.lavogiez.etu/ctp-web/tomcat/webapps/docs] has finished in [50] ms
15-Dec-2025 17:48:01.573 INFO [main] org.apache.catalina.startup.HostConfig.deployDirectory Deploying web application directory [/home/infoetu/baptiste.lavogiez.etu/ctp-web/tomcat/webapps/ctp-2025]
15-Dec-2025 17:48:01.652 INFO [main] org.apache.jasper.servlet.TldScanner.scanJars At least one JAR was scanned for TLDs yet contained no TLDs. Enable debug logging for this logger for a complete list of JARs that were scanned but no TLDs were found in them. Skipping unneeded JARs during scanning can improve startup time and JSP compilation time.
15-Dec-2025 17:48:01.653 INFO [main] org.apache.catalina.startup.HostConfig.deployDirectory Deployment of web application directory [/home/infoetu/baptiste.lavogiez.etu/ctp-web/tomcat/webapps/ctp-2025] has finished in [80] ms
15-Dec-2025 17:48:01.654 INFO [main] org.apache.catalina.startup.HostConfig.deployDirectory Deploying web application directory [/home/infoetu/baptiste.lavogiez.etu/ctp-web/tomcat/webapps/manager]
15-Dec-2025 17:48:01.702 INFO [main] org.apache.jasper.servlet.TldScanner.scanJars At least one JAR was scanned for TLDs yet contained no TLDs. Enable debug logging for this logger for a complete list of JARs that were scanned but no TLDs were found in them. Skipping unneeded JARs during scanning can improve startup time and JSP compilation time.
15-Dec-2025 17:48:01.704 INFO [main] org.apache.catalina.startup.HostConfig.deployDirectory Deployment of web application directory [/home/infoetu/baptiste.lavogiez.etu/ctp-web/tomcat/webapps/manager] has finished in [50] ms
15-Dec-2025 17:48:01.705 INFO [main] org.apache.catalina.startup.HostConfig.deployDirectory Deploying web application directory [/home/infoetu/baptiste.lavogiez.etu/ctp-web/tomcat/webapps/host-manager]
15-Dec-2025 17:48:01.749 INFO [main] org.apache.jasper.servlet.TldScanner.scanJars At least one JAR was scanned for TLDs yet contained no TLDs. Enable debug logging for this logger for a complete list of JARs that were scanned but no TLDs were found in them. Skipping unneeded JARs during scanning can improve startup time and JSP compilation time.
15-Dec-2025 17:48:01.750 INFO [main] org.apache.catalina.startup.HostConfig.deployDirectory Deployment of web application directory [/home/infoetu/baptiste.lavogiez.etu/ctp-web/tomcat/webapps/host-manager] has finished in [45] ms
15-Dec-2025 17:48:01.750 INFO [main] org.apache.catalina.startup.HostConfig.deployDirectory Deploying web application directory [/home/infoetu/baptiste.lavogiez.etu/ctp-web/tomcat/webapps/vide]
15-Dec-2025 17:48:01.803 INFO [main] org.apache.jasper.servlet.TldScanner.scanJars At least one JAR was scanned for TLDs yet contained no TLDs. Enable debug logging for this logger for a complete list of JARs that were scanned but no TLDs were found in them. Skipping unneeded JARs during scanning can improve startup time and JSP compilation time.
15-Dec-2025 17:48:01.804 INFO [main] org.apache.catalina.startup.HostConfig.deployDirectory Deployment of web application directory [/home/infoetu/baptiste.lavogiez.etu/ctp-web/tomcat/webapps/vide] has finished in [54] ms
15-Dec-2025 17:48:01.804 INFO [main] org.apache.catalina.startup.HostConfig.deployDirectory Deploying web application directory [/home/infoetu/baptiste.lavogiez.etu/ctp-web/tomcat/webapps/examples]
15-Dec-2025 17:48:02.007 INFO [main] org.apache.jasper.servlet.TldScanner.scanJars At least one JAR was scanned for TLDs yet contained no TLDs. Enable debug logging for this logger for a complete list of JARs that were scanned but no TLDs were found in them. Skipping unneeded JARs during scanning can improve startup time and JSP compilation time.
15-Dec-2025 17:48:02.019 INFO [main] org.apache.catalina.startup.HostConfig.deployDirectory Deployment of web application directory [/home/infoetu/baptiste.lavogiez.etu/ctp-web/tomcat/webapps/examples] has finished in [215] ms
15-Dec-2025 17:48:02.019 INFO [main] org.apache.catalina.startup.HostConfig.deployDirectory Deploying web application directory [/home/infoetu/baptiste.lavogiez.etu/ctp-web/tomcat/webapps/ctp]
15-Dec-2025 17:48:02.081 INFO [main] org.apache.jasper.servlet.TldScanner.scanJars At least one JAR was scanned for TLDs yet contained no TLDs. Enable debug logging for this logger for a complete list of JARs that were scanned but no TLDs were found in them. Skipping unneeded JARs during scanning can improve startup time and JSP compilation time.
15-Dec-2025 17:48:02.082 INFO [main] org.apache.catalina.startup.HostConfig.deployDirectory Deployment of web application directory [/home/infoetu/baptiste.lavogiez.etu/ctp-web/tomcat/webapps/ctp] has finished in [63] ms
15-Dec-2025 17:48:02.084 INFO [main] org.apache.coyote.AbstractProtocol.start Starting ProtocolHandler ["http-nio-8080"]
15-Dec-2025 17:48:02.089 INFO [main] org.apache.catalina.startup.Catalina.start Server startup in [757] milliseconds
15-Dec-2025 17:48:24.279 INFO [Thread-1] org.apache.coyote.AbstractProtocol.pause Pausing ProtocolHandler ["http-nio-8080"]
15-Dec-2025 17:48:24.281 INFO [Thread-1] org.apache.catalina.core.StandardService.stopInternal Stopping service [Catalina]
15-Dec-2025 17:48:24.297 INFO [Thread-1] org.apache.coyote.AbstractProtocol.stop Stopping ProtocolHandler ["http-nio-8080"]
15-Dec-2025 17:48:24.304 INFO [Thread-1] org.apache.coyote.AbstractProtocol.destroy Destroying ProtocolHandler ["http-nio-8080"]
15-Dec-2025 17:48:25.256 INFO [main] org.apache.catalina.startup.VersionLoggerListener.log Server version name:   Apache Tomcat/11.0.13
15-Dec-2025 17:48:25.258 INFO [main] org.apache.catalina.startup.VersionLoggerListener.log Server built:          Oct 10 2025 13:57:31 UTC
15-Dec-2025 17:48:25.258 INFO [main] org.apache.catalina.startup.VersionLoggerListener.log Server version number: 11.0.13.0
15-Dec-2025 17:48:25.258 INFO [main] org.apache.catalina.startup.VersionLoggerListener.log OS Name:               Linux
15-Dec-2025 17:48:25.258 INFO [main] org.apache.catalina.startup.VersionLoggerListener.log OS Version:            6.12.43+deb13-amd64
15-Dec-2025 17:48:25.258 INFO [main] org.apache.catalina.startup.VersionLoggerListener.log Architecture:          amd64
15-Dec-2025 17:48:25.258 INFO [main] org.apache.catalina.startup.VersionLoggerListener.log Java Home:             /usr/lib/jvm/java-21-openjdk-amd64
15-Dec-2025 17:48:25.258 INFO [main] org.apache.catalina.startup.VersionLoggerListener.log JVM Version:           21.0.9+10-Debian-1deb13u1
15-Dec-2025 17:48:25.258 INFO [main] org.apache.catalina.startup.VersionLoggerListener.log JVM Vendor:            Debian
15-Dec-2025 17:48:25.258 INFO [main] org.apache.catalina.startup.VersionLoggerListener.log CATALINA_BASE:         /home/infoetu/baptiste.lavogiez.etu/ctp-web/tomcat
15-Dec-2025 17:48:25.258 INFO [main] org.apache.catalina.startup.VersionLoggerListener.log CATALINA_HOME:         /home/infoetu/baptiste.lavogiez.etu/ctp-web/tomcat
15-Dec-2025 17:48:25.262 INFO [main] org.apache.catalina.startup.VersionLoggerListener.log Command line argument: -Djava.util.logging.config.file=/home/infoetu/baptiste.lavogiez.etu/ctp-web/tomcat/conf/logging.properties
15-Dec-2025 17:48:25.262 INFO [main] org.apache.catalina.startup.VersionLoggerListener.log Command line argument: -Djava.util.logging.manager=org.apache.juli.ClassLoaderLogManager
15-Dec-2025 17:48:25.262 INFO [main] org.apache.catalina.startup.VersionLoggerListener.log Command line argument: -Djdk.tls.ephemeralDHKeySize=2048
15-Dec-2025 17:48:25.262 INFO [main] org.apache.catalina.startup.VersionLoggerListener.log Command line argument: -Dorg.apache.catalina.security.SecurityListener.UMASK=0027
15-Dec-2025 17:48:25.262 INFO [main] org.apache.catalina.startup.VersionLoggerListener.log Command line argument: --add-opens=java.base/java.lang=ALL-UNNAMED
15-Dec-2025 17:48:25.262 INFO [main] org.apache.catalina.startup.VersionLoggerListener.log Command line argument: --add-opens=java.base/java.lang.reflect=ALL-UNNAMED
15-Dec-2025 17:48:25.262 INFO [main] org.apache.catalina.startup.VersionLoggerListener.log Command line argument: --add-opens=java.base/java.io=ALL-UNNAMED
15-Dec-2025 17:48:25.262 INFO [main] org.apache.catalina.startup.VersionLoggerListener.log Command line argument: --add-opens=java.base/java.util=ALL-UNNAMED
15-Dec-2025 17:48:25.262 INFO [main] org.apache.catalina.startup.VersionLoggerListener.log Command line argument: --add-opens=java.base/java.util.concurrent=ALL-UNNAMED
15-Dec-2025 17:48:25.262 INFO [main] org.apache.catalina.startup.VersionLoggerListener.log Command line argument: --add-opens=java.rmi/sun.rmi.transport=ALL-UNNAMED
15-Dec-2025 17:48:25.262 INFO [main] org.apache.catalina.startup.VersionLoggerListener.log Command line argument: --enable-native-access=ALL-UNNAMED
15-Dec-2025 17:48:25.263 INFO [main] org.apache.catalina.startup.VersionLoggerListener.log Command line argument: -Dcatalina.base=/home/infoetu/baptiste.lavogiez.etu/ctp-web/tomcat
15-Dec-2025 17:48:25.263 INFO [main] org.apache.catalina.startup.VersionLoggerListener.log Command line argument: -Dcatalina.home=/home/infoetu/baptiste.lavogiez.etu/ctp-web/tomcat
15-Dec-2025 17:48:25.263 INFO [main] org.apache.catalina.startup.VersionLoggerListener.log Command line argument: -Djava.io.tmpdir=/home/infoetu/baptiste.lavogiez.etu/ctp-web/tomcat/temp
15-Dec-2025 17:48:25.263 INFO [main] org.apache.catalina.core.AprLifecycleListener.lifecycleEvent The Apache Tomcat Native library which allows using OpenSSL was not found on the java.library.path: [/usr/java/packages/lib:/usr/lib/x86_64-linux-gnu/jni:/lib/x86_64-linux-gnu:/usr/lib/x86_64-linux-gnu:/usr/lib/jni:/lib:/usr/lib]
15-Dec-2025 17:48:25.378 INFO [main] org.apache.coyote.AbstractProtocol.init Initializing ProtocolHandler ["http-nio-8080"]
15-Dec-2025 17:48:25.386 INFO [main] org.apache.catalina.startup.Catalina.load Server initialization in [201] milliseconds
15-Dec-2025 17:48:25.403 INFO [main] org.apache.catalina.core.StandardService.startInternal Starting service [Catalina]
15-Dec-2025 17:48:25.403 INFO [main] org.apache.catalina.core.StandardEngine.startInternal Starting Servlet engine: [Apache Tomcat/11.0.13]
15-Dec-2025 17:48:25.407 INFO [main] org.apache.catalina.startup.HostConfig.deployDirectory Deploying web application directory [/home/infoetu/baptiste.lavogiez.etu/ctp-web/tomcat/webapps/ROOT]
15-Dec-2025 17:48:25.572 INFO [main] org.apache.jasper.servlet.TldScanner.scanJars At least one JAR was scanned for TLDs yet contained no TLDs. Enable debug logging for this logger for a complete list of JARs that were scanned but no TLDs were found in them. Skipping unneeded JARs during scanning can improve startup time and JSP compilation time.
15-Dec-2025 17:48:25.586 INFO [main] org.apache.catalina.startup.HostConfig.deployDirectory Deployment of web application directory [/home/infoetu/baptiste.lavogiez.etu/ctp-web/tomcat/webapps/ROOT] has finished in [178] ms
15-Dec-2025 17:48:25.586 INFO [main] org.apache.catalina.startup.HostConfig.deployDirectory Deploying web application directory [/home/infoetu/baptiste.lavogiez.etu/ctp-web/tomcat/webapps/docs]
15-Dec-2025 17:48:25.634 INFO [main] org.apache.jasper.servlet.TldScanner.scanJars At least one JAR was scanned for TLDs yet contained no TLDs. Enable debug logging for this logger for a complete list of JARs that were scanned but no TLDs were found in them. Skipping unneeded JARs during scanning can improve startup time and JSP compilation time.
15-Dec-2025 17:48:25.635 INFO [main] org.apache.catalina.startup.HostConfig.deployDirectory Deployment of web application directory [/home/infoetu/baptiste.lavogiez.etu/ctp-web/tomcat/webapps/docs] has finished in [48] ms
15-Dec-2025 17:48:25.635 INFO [main] org.apache.catalina.startup.HostConfig.deployDirectory Deploying web application directory [/home/infoetu/baptiste.lavogiez.etu/ctp-web/tomcat/webapps/ctp-2025]
15-Dec-2025 17:48:25.712 INFO [main] org.apache.jasper.servlet.TldScanner.scanJars At least one JAR was scanned for TLDs yet contained no TLDs. Enable debug logging for this logger for a complete list of JARs that were scanned but no TLDs were found in them. Skipping unneeded JARs during scanning can improve startup time and JSP compilation time.
15-Dec-2025 17:48:25.714 INFO [main] org.apache.catalina.startup.HostConfig.deployDirectory Deployment of web application directory [/home/infoetu/baptiste.lavogiez.etu/ctp-web/tomcat/webapps/ctp-2025] has finished in [79] ms
15-Dec-2025 17:48:25.714 INFO [main] org.apache.catalina.startup.HostConfig.deployDirectory Deploying web application directory [/home/infoetu/baptiste.lavogiez.etu/ctp-web/tomcat/webapps/manager]
15-Dec-2025 17:48:25.763 INFO [main] org.apache.jasper.servlet.TldScanner.scanJars At least one JAR was scanned for TLDs yet contained no TLDs. Enable debug logging for this logger for a complete list of JARs that were scanned but no TLDs were found in them. Skipping unneeded JARs during scanning can improve startup time and JSP compilation time.
15-Dec-2025 17:48:25.765 INFO [main] org.apache.catalina.startup.HostConfig.deployDirectory Deployment of web application directory [/home/infoetu/baptiste.lavogiez.etu/ctp-web/tomcat/webapps/manager] has finished in [51] ms
15-Dec-2025 17:48:25.765 INFO [main] org.apache.catalina.startup.HostConfig.deployDirectory Deploying web application directory [/home/infoetu/baptiste.lavogiez.etu/ctp-web/tomcat/webapps/host-manager]
15-Dec-2025 17:48:25.807 INFO [main] org.apache.jasper.servlet.TldScanner.scanJars At least one JAR was scanned for TLDs yet contained no TLDs. Enable debug logging for this logger for a complete list of JARs that were scanned but no TLDs were found in them. Skipping unneeded JARs during scanning can improve startup time and JSP compilation time.
15-Dec-2025 17:48:25.808 INFO [main] org.apache.catalina.startup.HostConfig.deployDirectory Deployment of web application directory [/home/infoetu/baptiste.lavogiez.etu/ctp-web/tomcat/webapps/host-manager] has finished in [43] ms
15-Dec-2025 17:48:25.808 INFO [main] org.apache.catalina.startup.HostConfig.deployDirectory Deploying web application directory [/home/infoetu/baptiste.lavogiez.etu/ctp-web/tomcat/webapps/vide]
15-Dec-2025 17:48:25.853 INFO [main] org.apache.jasper.servlet.TldScanner.scanJars At least one JAR was scanned for TLDs yet contained no TLDs. Enable debug logging for this logger for a complete list of JARs that were scanned but no TLDs were found in them. Skipping unneeded JARs during scanning can improve startup time and JSP compilation time.
15-Dec-2025 17:48:25.854 INFO [main] org.apache.catalina.startup.HostConfig.deployDirectory Deployment of web application directory [/home/infoetu/baptiste.lavogiez.etu/ctp-web/tomcat/webapps/vide] has finished in [46] ms
15-Dec-2025 17:48:25.854 INFO [main] org.apache.catalina.startup.HostConfig.deployDirectory Deploying web application directory [/home/infoetu/baptiste.lavogiez.etu/ctp-web/tomcat/webapps/examples]
15-Dec-2025 17:48:25.994 INFO [main] org.apache.jasper.servlet.TldScanner.scanJars At least one JAR was scanned for TLDs yet contained no TLDs. Enable debug logging for this logger for a complete list of JARs that were scanned but no TLDs were found in them. Skipping unneeded JARs during scanning can improve startup time and JSP compilation time.
15-Dec-2025 17:48:26.007 INFO [main] org.apache.catalina.startup.HostConfig.deployDirectory Deployment of web application directory [/home/infoetu/baptiste.lavogiez.etu/ctp-web/tomcat/webapps/examples] has finished in [153] ms
15-Dec-2025 17:48:26.007 INFO [main] org.apache.catalina.startup.HostConfig.deployDirectory Deploying web application directory [/home/infoetu/baptiste.lavogiez.etu/ctp-web/tomcat/webapps/ctp]
15-Dec-2025 17:48:26.057 INFO [main] org.apache.jasper.servlet.TldScanner.scanJars At least one JAR was scanned for TLDs yet contained no TLDs. Enable debug logging for this logger for a complete list of JARs that were scanned but no TLDs were found in them. Skipping unneeded JARs during scanning can improve startup time and JSP compilation time.
15-Dec-2025 17:48:26.058 INFO [main] org.apache.catalina.startup.HostConfig.deployDirectory Deployment of web application directory [/home/infoetu/baptiste.lavogiez.etu/ctp-web/tomcat/webapps/ctp] has finished in [51] ms
15-Dec-2025 17:48:26.060 INFO [main] org.apache.coyote.AbstractProtocol.start Starting ProtocolHandler ["http-nio-8080"]
15-Dec-2025 17:48:26.065 INFO [main] org.apache.catalina.startup.Catalina.start Server startup in [677] milliseconds
15-Dec-2025 17:49:49.001 INFO [Thread-1] org.apache.coyote.AbstractProtocol.pause Pausing ProtocolHandler ["http-nio-8080"]
15-Dec-2025 17:49:49.003 INFO [Thread-1] org.apache.catalina.core.StandardService.stopInternal Stopping service [Catalina]
15-Dec-2025 17:49:49.026 INFO [Thread-1] org.apache.coyote.AbstractProtocol.stop Stopping ProtocolHandler ["http-nio-8080"]
15-Dec-2025 17:49:49.036 INFO [Thread-1] org.apache.coyote.AbstractProtocol.destroy Destroying ProtocolHandler ["http-nio-8080"]
15-Dec-2025 17:49:50.189 INFO [main] org.apache.catalina.startup.VersionLoggerListener.log Server version name:   Apache Tomcat/11.0.13
15-Dec-2025 17:49:50.190 INFO [main] org.apache.catalina.startup.VersionLoggerListener.log Server built:          Oct 10 2025 13:57:31 UTC
15-Dec-2025 17:49:50.190 INFO [main] org.apache.catalina.startup.VersionLoggerListener.log Server version number: 11.0.13.0
15-Dec-2025 17:49:50.190 INFO [main] org.apache.catalina.startup.VersionLoggerListener.log OS Name:               Linux
15-Dec-2025 17:49:50.191 INFO [main] org.apache.catalina.startup.VersionLoggerListener.log OS Version:            6.12.43+deb13-amd64
15-Dec-2025 17:49:50.191 INFO [main] org.apache.catalina.startup.VersionLoggerListener.log Architecture:          amd64
15-Dec-2025 17:49:50.191 INFO [main] org.apache.catalina.startup.VersionLoggerListener.log Java Home:             /usr/lib/jvm/java-21-openjdk-amd64
15-Dec-2025 17:49:50.191 INFO [main] org.apache.catalina.startup.VersionLoggerListener.log JVM Version:           21.0.9+10-Debian-1deb13u1
15-Dec-2025 17:49:50.191 INFO [main] org.apache.catalina.startup.VersionLoggerListener.log JVM Vendor:            Debian
15-Dec-2025 17:49:50.191 INFO [main] org.apache.catalina.startup.VersionLoggerListener.log CATALINA_BASE:         /home/infoetu/baptiste.lavogiez.etu/ctp-web/tomcat
15-Dec-2025 17:49:50.191 INFO [main] org.apache.catalina.startup.VersionLoggerListener.log CATALINA_HOME:         /home/infoetu/baptiste.lavogiez.etu/ctp-web/tomcat
15-Dec-2025 17:49:50.195 INFO [main] org.apache.catalina.startup.VersionLoggerListener.log Command line argument: -Djava.util.logging.config.file=/home/infoetu/baptiste.lavogiez.etu/ctp-web/tomcat/conf/logging.properties
15-Dec-2025 17:49:50.195 INFO [main] org.apache.catalina.startup.VersionLoggerListener.log Command line argument: -Djava.util.logging.manager=org.apache.juli.ClassLoaderLogManager
15-Dec-2025 17:49:50.195 INFO [main] org.apache.catalina.startup.VersionLoggerListener.log Command line argument: -Djdk.tls.ephemeralDHKeySize=2048
15-Dec-2025 17:49:50.195 INFO [main] org.apache.catalina.startup.VersionLoggerListener.log Command line argument: -Dorg.apache.catalina.security.SecurityListener.UMASK=0027
15-Dec-2025 17:49:50.195 INFO [main] org.apache.catalina.startup.VersionLoggerListener.log Command line argument: --add-opens=java.base/java.lang=ALL-UNNAMED
15-Dec-2025 17:49:50.195 INFO [main] org.apache.catalina.startup.VersionLoggerListener.log Command line argument: --add-opens=java.base/java.lang.reflect=ALL-UNNAMED
15-Dec-2025 17:49:50.195 INFO [main] org.apache.catalina.startup.VersionLoggerListener.log Command line argument: --add-opens=java.base/java.io=ALL-UNNAMED
15-Dec-2025 17:49:50.195 INFO [main] org.apache.catalina.startup.VersionLoggerListener.log Command line argument: --add-opens=java.base/java.util=ALL-UNNAMED
15-Dec-2025 17:49:50.195 INFO [main] org.apache.catalina.startup.VersionLoggerListener.log Command line argument: --add-opens=java.base/java.util.concurrent=ALL-UNNAMED
15-Dec-2025 17:49:50.195 INFO [main] org.apache.catalina.startup.VersionLoggerListener.log Command line argument: --add-opens=java.rmi/sun.rmi.transport=ALL-UNNAMED
15-Dec-2025 17:49:50.195 INFO [main] org.apache.catalina.startup.VersionLoggerListener.log Command line argument: --enable-native-access=ALL-UNNAMED
15-Dec-2025 17:49:50.195 INFO [main] org.apache.catalina.startup.VersionLoggerListener.log Command line argument: -Dcatalina.base=/home/infoetu/baptiste.lavogiez.etu/ctp-web/tomcat
15-Dec-2025 17:49:50.195 INFO [main] org.apache.catalina.startup.VersionLoggerListener.log Command line argument: -Dcatalina.home=/home/infoetu/baptiste.lavogiez.etu/ctp-web/tomcat
15-Dec-2025 17:49:50.196 INFO [main] org.apache.catalina.startup.VersionLoggerListener.log Command line argument: -Djava.io.tmpdir=/home/infoetu/baptiste.lavogiez.etu/ctp-web/tomcat/temp
15-Dec-2025 17:49:50.196 INFO [main] org.apache.catalina.core.AprLifecycleListener.lifecycleEvent The Apache Tomcat Native library which allows using OpenSSL was not found on the java.library.path: [/usr/java/packages/lib:/usr/lib/x86_64-linux-gnu/jni:/lib/x86_64-linux-gnu:/usr/lib/x86_64-linux-gnu:/usr/lib/jni:/lib:/usr/lib]
15-Dec-2025 17:49:50.311 INFO [main] org.apache.coyote.AbstractProtocol.init Initializing ProtocolHandler ["http-nio-8080"]
15-Dec-2025 17:49:50.320 INFO [main] org.apache.catalina.startup.Catalina.load Server initialization in [203] milliseconds
15-Dec-2025 17:49:50.337 INFO [main] org.apache.catalina.core.StandardService.startInternal Starting service [Catalina]
15-Dec-2025 17:49:50.337 INFO [main] org.apache.catalina.core.StandardEngine.startInternal Starting Servlet engine: [Apache Tomcat/11.0.13]
15-Dec-2025 17:49:50.342 INFO [main] org.apache.catalina.startup.HostConfig.deployDirectory Deploying web application directory [/home/infoetu/baptiste.lavogiez.etu/ctp-web/tomcat/webapps/ROOT]
15-Dec-2025 17:49:50.500 INFO [main] org.apache.jasper.servlet.TldScanner.scanJars At least one JAR was scanned for TLDs yet contained no TLDs. Enable debug logging for this logger for a complete list of JARs that were scanned but no TLDs were found in them. Skipping unneeded JARs during scanning can improve startup time and JSP compilation time.
15-Dec-2025 17:49:50.514 INFO [main] org.apache.catalina.startup.HostConfig.deployDirectory Deployment of web application directory [/home/infoetu/baptiste.lavogiez.etu/ctp-web/tomcat/webapps/ROOT] has finished in [172] ms
15-Dec-2025 17:49:50.514 INFO [main] org.apache.catalina.startup.HostConfig.deployDirectory Deploying web application directory [/home/infoetu/baptiste.lavogiez.etu/ctp-web/tomcat/webapps/docs]
15-Dec-2025 17:49:50.565 INFO [main] org.apache.jasper.servlet.TldScanner.scanJars At least one JAR was scanned for TLDs yet contained no TLDs. Enable debug logging for this logger for a complete list of JARs that were scanned but no TLDs were found in them. Skipping unneeded JARs during scanning can improve startup time and JSP compilation time.
15-Dec-2025 17:49:50.566 INFO [main] org.apache.catalina.startup.HostConfig.deployDirectory Deployment of web application directory [/home/infoetu/baptiste.lavogiez.etu/ctp-web/tomcat/webapps/docs] has finished in [52] ms
15-Dec-2025 17:49:50.566 INFO [main] org.apache.catalina.startup.HostConfig.deployDirectory Deploying web application directory [/home/infoetu/baptiste.lavogiez.etu/ctp-web/tomcat/webapps/ctp-2025]
15-Dec-2025 17:49:50.647 INFO [main] org.apache.jasper.servlet.TldScanner.scanJars At least one JAR was scanned for TLDs yet contained no TLDs. Enable debug logging for this logger for a complete list of JARs that were scanned but no TLDs were found in them. Skipping unneeded JARs during scanning can improve startup time and JSP compilation time.
15-Dec-2025 17:49:50.649 INFO [main] org.apache.catalina.startup.HostConfig.deployDirectory Deployment of web application directory [/home/infoetu/baptiste.lavogiez.etu/ctp-web/tomcat/webapps/ctp-2025] has finished in [83] ms
15-Dec-2025 17:49:50.649 INFO [main] org.apache.catalina.startup.HostConfig.deployDirectory Deploying web application directory [/home/infoetu/baptiste.lavogiez.etu/ctp-web/tomcat/webapps/manager]
15-Dec-2025 17:49:50.696 INFO [main] org.apache.jasper.servlet.TldScanner.scanJars At least one JAR was scanned for TLDs yet contained no TLDs. Enable debug logging for this logger for a complete list of JARs that were scanned but no TLDs were found in them. Skipping unneeded JARs during scanning can improve startup time and JSP compilation time.
15-Dec-2025 17:49:50.699 INFO [main] org.apache.catalina.startup.HostConfig.deployDirectory Deployment of web application directory [/home/infoetu/baptiste.lavogiez.etu/ctp-web/tomcat/webapps/manager] has finished in [50] ms
15-Dec-2025 17:49:50.699 INFO [main] org.apache.catalina.startup.HostConfig.deployDirectory Deploying web application directory [/home/infoetu/baptiste.lavogiez.etu/ctp-web/tomcat/webapps/host-manager]
15-Dec-2025 17:49:50.747 INFO [main] org.apache.jasper.servlet.TldScanner.scanJars At least one JAR was scanned for TLDs yet contained no TLDs. Enable debug logging for this logger for a complete list of JARs that were scanned but no TLDs were found in them. Skipping unneeded JARs during scanning can improve startup time and JSP compilation time.
15-Dec-2025 17:49:50.748 INFO [main] org.apache.catalina.startup.HostConfig.deployDirectory Deployment of web application directory [/home/infoetu/baptiste.lavogiez.etu/ctp-web/tomcat/webapps/host-manager] has finished in [49] ms
15-Dec-2025 17:49:50.748 INFO [main] org.apache.catalina.startup.HostConfig.deployDirectory Deploying web application directory [/home/infoetu/baptiste.lavogiez.etu/ctp-web/tomcat/webapps/vide]
15-Dec-2025 17:49:50.798 INFO [main] org.apache.jasper.servlet.TldScanner.scanJars At least one JAR was scanned for TLDs yet contained no TLDs. Enable debug logging for this logger for a complete list of JARs that were scanned but no TLDs were found in them. Skipping unneeded JARs during scanning can improve startup time and JSP compilation time.
15-Dec-2025 17:49:50.799 INFO [main] org.apache.catalina.startup.HostConfig.deployDirectory Deployment of web application directory [/home/infoetu/baptiste.lavogiez.etu/ctp-web/tomcat/webapps/vide] has finished in [51] ms
15-Dec-2025 17:49:50.799 INFO [main] org.apache.catalina.startup.HostConfig.deployDirectory Deploying web application directory [/home/infoetu/baptiste.lavogiez.etu/ctp-web/tomcat/webapps/examples]
15-Dec-2025 17:49:51.009 INFO [main] org.apache.jasper.servlet.TldScanner.scanJars At least one JAR was scanned for TLDs yet contained no TLDs. Enable debug logging for this logger for a complete list of JARs that were scanned but no TLDs were found in them. Skipping unneeded JARs during scanning can improve startup time and JSP compilation time.
15-Dec-2025 17:49:51.021 INFO [main] org.apache.catalina.startup.HostConfig.deployDirectory Deployment of web application directory [/home/infoetu/baptiste.lavogiez.etu/ctp-web/tomcat/webapps/examples] has finished in [222] ms
15-Dec-2025 17:49:51.021 INFO [main] org.apache.catalina.startup.HostConfig.deployDirectory Deploying web application directory [/home/infoetu/baptiste.lavogiez.etu/ctp-web/tomcat/webapps/ctp]
15-Dec-2025 17:49:51.085 INFO [main] org.apache.jasper.servlet.TldScanner.scanJars At least one JAR was scanned for TLDs yet contained no TLDs. Enable debug logging for this logger for a complete list of JARs that were scanned but no TLDs were found in them. Skipping unneeded JARs during scanning can improve startup time and JSP compilation time.
15-Dec-2025 17:49:51.085 INFO [main] org.apache.catalina.startup.HostConfig.deployDirectory Deployment of web application directory [/home/infoetu/baptiste.lavogiez.etu/ctp-web/tomcat/webapps/ctp] has finished in [64] ms
15-Dec-2025 17:49:51.088 INFO [main] org.apache.coyote.AbstractProtocol.start Starting ProtocolHandler ["http-nio-8080"]
15-Dec-2025 17:49:51.094 INFO [main] org.apache.catalina.startup.Catalina.start Server startup in [773] milliseconds
15-Dec-2025 17:50:26.818 INFO [Thread-1] org.apache.coyote.AbstractProtocol.pause Pausing ProtocolHandler ["http-nio-8080"]
15-Dec-2025 17:50:26.821 INFO [Thread-1] org.apache.catalina.core.StandardService.stopInternal Stopping service [Catalina]
15-Dec-2025 17:50:26.848 INFO [Thread-1] org.apache.coyote.AbstractProtocol.stop Stopping ProtocolHandler ["http-nio-8080"]
15-Dec-2025 17:50:26.855 INFO [Thread-1] org.apache.coyote.AbstractProtocol.destroy Destroying ProtocolHandler ["http-nio-8080"]
15-Dec-2025 17:50:27.803 INFO [main] org.apache.catalina.startup.VersionLoggerListener.log Server version name:   Apache Tomcat/11.0.13
15-Dec-2025 17:50:27.805 INFO [main] org.apache.catalina.startup.VersionLoggerListener.log Server built:          Oct 10 2025 13:57:31 UTC
15-Dec-2025 17:50:27.805 INFO [main] org.apache.catalina.startup.VersionLoggerListener.log Server version number: 11.0.13.0
15-Dec-2025 17:50:27.805 INFO [main] org.apache.catalina.startup.VersionLoggerListener.log OS Name:               Linux
15-Dec-2025 17:50:27.805 INFO [main] org.apache.catalina.startup.VersionLoggerListener.log OS Version:            6.12.43+deb13-amd64
15-Dec-2025 17:50:27.805 INFO [main] org.apache.catalina.startup.VersionLoggerListener.log Architecture:          amd64
15-Dec-2025 17:50:27.805 INFO [main] org.apache.catalina.startup.VersionLoggerListener.log Java Home:             /usr/lib/jvm/java-21-openjdk-amd64
15-Dec-2025 17:50:27.805 INFO [main] org.apache.catalina.startup.VersionLoggerListener.log JVM Version:           21.0.9+10-Debian-1deb13u1
15-Dec-2025 17:50:27.805 INFO [main] org.apache.catalina.startup.VersionLoggerListener.log JVM Vendor:            Debian
15-Dec-2025 17:50:27.805 INFO [main] org.apache.catalina.startup.VersionLoggerListener.log CATALINA_BASE:         /home/infoetu/baptiste.lavogiez.etu/ctp-web/tomcat
15-Dec-2025 17:50:27.805 INFO [main] org.apache.catalina.startup.VersionLoggerListener.log CATALINA_HOME:         /home/infoetu/baptiste.lavogiez.etu/ctp-web/tomcat
15-Dec-2025 17:50:27.809 INFO [main] org.apache.catalina.startup.VersionLoggerListener.log Command line argument: -Djava.util.logging.config.file=/home/infoetu/baptiste.lavogiez.etu/ctp-web/tomcat/conf/logging.properties
15-Dec-2025 17:50:27.809 INFO [main] org.apache.catalina.startup.VersionLoggerListener.log Command line argument: -Djava.util.logging.manager=org.apache.juli.ClassLoaderLogManager
15-Dec-2025 17:50:27.809 INFO [main] org.apache.catalina.startup.VersionLoggerListener.log Command line argument: -Djdk.tls.ephemeralDHKeySize=2048
15-Dec-2025 17:50:27.810 INFO [main] org.apache.catalina.startup.VersionLoggerListener.log Command line argument: -Dorg.apache.catalina.security.SecurityListener.UMASK=0027
15-Dec-2025 17:50:27.810 INFO [main] org.apache.catalina.startup.VersionLoggerListener.log Command line argument: --add-opens=java.base/java.lang=ALL-UNNAMED
15-Dec-2025 17:50:27.810 INFO [main] org.apache.catalina.startup.VersionLoggerListener.log Command line argument: --add-opens=java.base/java.lang.reflect=ALL-UNNAMED
15-Dec-2025 17:50:27.810 INFO [main] org.apache.catalina.startup.VersionLoggerListener.log Command line argument: --add-opens=java.base/java.io=ALL-UNNAMED
15-Dec-2025 17:50:27.810 INFO [main] org.apache.catalina.startup.VersionLoggerListener.log Command line argument: --add-opens=java.base/java.util=ALL-UNNAMED
15-Dec-2025 17:50:27.810 INFO [main] org.apache.catalina.startup.VersionLoggerListener.log Command line argument: --add-opens=java.base/java.util.concurrent=ALL-UNNAMED
15-Dec-2025 17:50:27.810 INFO [main] org.apache.catalina.startup.VersionLoggerListener.log Command line argument: --add-opens=java.rmi/sun.rmi.transport=ALL-UNNAMED
15-Dec-2025 17:50:27.810 INFO [main] org.apache.catalina.startup.VersionLoggerListener.log Command line argument: --enable-native-access=ALL-UNNAMED
15-Dec-2025 17:50:27.810 INFO [main] org.apache.catalina.startup.VersionLoggerListener.log Command line argument: -Dcatalina.base=/home/infoetu/baptiste.lavogiez.etu/ctp-web/tomcat
15-Dec-2025 17:50:27.810 INFO [main] org.apache.catalina.startup.VersionLoggerListener.log Command line argument: -Dcatalina.home=/home/infoetu/baptiste.lavogiez.etu/ctp-web/tomcat
15-Dec-2025 17:50:27.810 INFO [main] org.apache.catalina.startup.VersionLoggerListener.log Command line argument: -Djava.io.tmpdir=/home/infoetu/baptiste.lavogiez.etu/ctp-web/tomcat/temp
15-Dec-2025 17:50:27.811 INFO [main] org.apache.catalina.core.AprLifecycleListener.lifecycleEvent The Apache Tomcat Native library which allows using OpenSSL was not found on the java.library.path: [/usr/java/packages/lib:/usr/lib/x86_64-linux-gnu/jni:/lib/x86_64-linux-gnu:/usr/lib/x86_64-linux-gnu:/usr/lib/jni:/lib:/usr/lib]
15-Dec-2025 17:50:27.935 INFO [main] org.apache.coyote.AbstractProtocol.init Initializing ProtocolHandler ["http-nio-8080"]
15-Dec-2025 17:50:27.943 INFO [main] org.apache.catalina.startup.Catalina.load Server initialization in [211] milliseconds
15-Dec-2025 17:50:27.960 INFO [main] org.apache.catalina.core.StandardService.startInternal Starting service [Catalina]
15-Dec-2025 17:50:27.960 INFO [main] org.apache.catalina.core.StandardEngine.startInternal Starting Servlet engine: [Apache Tomcat/11.0.13]
15-Dec-2025 17:50:27.965 INFO [main] org.apache.catalina.startup.HostConfig.deployDirectory Deploying web application directory [/home/infoetu/baptiste.lavogiez.etu/ctp-web/tomcat/webapps/ROOT]
15-Dec-2025 17:50:28.120 INFO [main] org.apache.jasper.servlet.TldScanner.scanJars At least one JAR was scanned for TLDs yet contained no TLDs. Enable debug logging for this logger for a complete list of JARs that were scanned but no TLDs were found in them. Skipping unneeded JARs during scanning can improve startup time and JSP compilation time.
15-Dec-2025 17:50:28.134 INFO [main] org.apache.catalina.startup.HostConfig.deployDirectory Deployment of web application directory [/home/infoetu/baptiste.lavogiez.etu/ctp-web/tomcat/webapps/ROOT] has finished in [169] ms
15-Dec-2025 17:50:28.134 INFO [main] org.apache.catalina.startup.HostConfig.deployDirectory Deploying web application directory [/home/infoetu/baptiste.lavogiez.etu/ctp-web/tomcat/webapps/docs]
15-Dec-2025 17:50:28.182 INFO [main] org.apache.jasper.servlet.TldScanner.scanJars At least one JAR was scanned for TLDs yet contained no TLDs. Enable debug logging for this logger for a complete list of JARs that were scanned but no TLDs were found in them. Skipping unneeded JARs during scanning can improve startup time and JSP compilation time.
15-Dec-2025 17:50:28.183 INFO [main] org.apache.catalina.startup.HostConfig.deployDirectory Deployment of web application directory [/home/infoetu/baptiste.lavogiez.etu/ctp-web/tomcat/webapps/docs] has finished in [49] ms
15-Dec-2025 17:50:28.183 INFO [main] org.apache.catalina.startup.HostConfig.deployDirectory Deploying web application directory [/home/infoetu/baptiste.lavogiez.etu/ctp-web/tomcat/webapps/ctp-2025]
15-Dec-2025 17:50:28.258 INFO [main] org.apache.jasper.servlet.TldScanner.scanJars At least one JAR was scanned for TLDs yet contained no TLDs. Enable debug logging for this logger for a complete list of JARs that were scanned but no TLDs were found in them. Skipping unneeded JARs during scanning can improve startup time and JSP compilation time.
15-Dec-2025 17:50:28.260 INFO [main] org.apache.catalina.startup.HostConfig.deployDirectory Deployment of web application directory [/home/infoetu/baptiste.lavogiez.etu/ctp-web/tomcat/webapps/ctp-2025] has finished in [77] ms
15-Dec-2025 17:50:28.260 INFO [main] org.apache.catalina.startup.HostConfig.deployDirectory Deploying web application directory [/home/infoetu/baptiste.lavogiez.etu/ctp-web/tomcat/webapps/manager]
15-Dec-2025 17:50:28.304 INFO [main] org.apache.jasper.servlet.TldScanner.scanJars At least one JAR was scanned for TLDs yet contained no TLDs. Enable debug logging for this logger for a complete list of JARs that were scanned but no TLDs were found in them. Skipping unneeded JARs during scanning can improve startup time and JSP compilation time.
15-Dec-2025 17:50:28.307 INFO [main] org.apache.catalina.startup.HostConfig.deployDirectory Deployment of web application directory [/home/infoetu/baptiste.lavogiez.etu/ctp-web/tomcat/webapps/manager] has finished in [47] ms
15-Dec-2025 17:50:28.307 INFO [main] org.apache.catalina.startup.HostConfig.deployDirectory Deploying web application directory [/home/infoetu/baptiste.lavogiez.etu/ctp-web/tomcat/webapps/host-manager]
15-Dec-2025 17:50:28.349 INFO [main] org.apache.jasper.servlet.TldScanner.scanJars At least one JAR was scanned for TLDs yet contained no TLDs. Enable debug logging for this logger for a complete list of JARs that were scanned but no TLDs were found in them. Skipping unneeded JARs during scanning can improve startup time and JSP compilation time.
15-Dec-2025 17:50:28.350 INFO [main] org.apache.catalina.startup.HostConfig.deployDirectory Deployment of web application directory [/home/infoetu/baptiste.lavogiez.etu/ctp-web/tomcat/webapps/host-manager] has finished in [43] ms
15-Dec-2025 17:50:28.350 INFO [main] org.apache.catalina.startup.HostConfig.deployDirectory Deploying web application directory [/home/infoetu/baptiste.lavogiez.etu/ctp-web/tomcat/webapps/vide]
15-Dec-2025 17:50:28.396 INFO [main] org.apache.jasper.servlet.TldScanner.scanJars At least one JAR was scanned for TLDs yet contained no TLDs. Enable debug logging for this logger for a complete list of JARs that were scanned but no TLDs were found in them. Skipping unneeded JARs during scanning can improve startup time and JSP compilation time.
15-Dec-2025 17:50:28.396 INFO [main] org.apache.catalina.startup.HostConfig.deployDirectory Deployment of web application directory [/home/infoetu/baptiste.lavogiez.etu/ctp-web/tomcat/webapps/vide] has finished in [46] ms
15-Dec-2025 17:50:28.397 INFO [main] org.apache.catalina.startup.HostConfig.deployDirectory Deploying web application directory [/home/infoetu/baptiste.lavogiez.etu/ctp-web/tomcat/webapps/examples]
15-Dec-2025 17:50:28.522 INFO [main] org.apache.jasper.servlet.TldScanner.scanJars At least one JAR was scanned for TLDs yet contained no TLDs. Enable debug logging for this logger for a complete list of JARs that were scanned but no TLDs were found in them. Skipping unneeded JARs during scanning can improve startup time and JSP compilation time.
15-Dec-2025 17:50:28.534 INFO [main] org.apache.catalina.startup.HostConfig.deployDirectory Deployment of web application directory [/home/infoetu/baptiste.lavogiez.etu/ctp-web/tomcat/webapps/examples] has finished in [137] ms
15-Dec-2025 17:50:28.534 INFO [main] org.apache.catalina.startup.HostConfig.deployDirectory Deploying web application directory [/home/infoetu/baptiste.lavogiez.etu/ctp-web/tomcat/webapps/ctp]
15-Dec-2025 17:50:28.583 INFO [main] org.apache.jasper.servlet.TldScanner.scanJars At least one JAR was scanned for TLDs yet contained no TLDs. Enable debug logging for this logger for a complete list of JARs that were scanned but no TLDs were found in them. Skipping unneeded JARs during scanning can improve startup time and JSP compilation time.
15-Dec-2025 17:50:28.584 INFO [main] org.apache.catalina.startup.HostConfig.deployDirectory Deployment of web application directory [/home/infoetu/baptiste.lavogiez.etu/ctp-web/tomcat/webapps/ctp] has finished in [50] ms
15-Dec-2025 17:50:28.586 INFO [main] org.apache.coyote.AbstractProtocol.start Starting ProtocolHandler ["http-nio-8080"]
15-Dec-2025 17:50:28.591 INFO [main] org.apache.catalina.startup.Catalina.start Server startup in [646] milliseconds
15-Dec-2025 17:52:58.741 INFO [Catalina-utility-2] org.apache.catalina.core.StandardContext.reload Reloading Context with name [/ctp-2025] has started
15-Dec-2025 17:52:58.830 INFO [Catalina-utility-2] org.apache.jasper.servlet.TldScanner.scanJars At least one JAR was scanned for TLDs yet contained no TLDs. Enable debug logging for this logger for a complete list of JARs that were scanned but no TLDs were found in them. Skipping unneeded JARs during scanning can improve startup time and JSP compilation time.
15-Dec-2025 17:52:58.831 INFO [Catalina-utility-2] org.apache.catalina.core.StandardContext.reload Reloading Context with name [/ctp-2025] is completed
15-Dec-2025 17:53:01.245 INFO [Thread-1] org.apache.coyote.AbstractProtocol.pause Pausing ProtocolHandler ["http-nio-8080"]
15-Dec-2025 17:53:01.247 INFO [Thread-1] org.apache.catalina.core.StandardService.stopInternal Stopping service [Catalina]
15-Dec-2025 17:53:01.276 INFO [Thread-1] org.apache.coyote.AbstractProtocol.stop Stopping ProtocolHandler ["http-nio-8080"]
15-Dec-2025 17:53:01.280 INFO [Thread-1] org.apache.coyote.AbstractProtocol.destroy Destroying ProtocolHandler ["http-nio-8080"]
15-Dec-2025 17:53:02.467 INFO [main] org.apache.catalina.startup.VersionLoggerListener.log Server version name:   Apache Tomcat/11.0.13
15-Dec-2025 17:53:02.469 INFO [main] org.apache.catalina.startup.VersionLoggerListener.log Server built:          Oct 10 2025 13:57:31 UTC
15-Dec-2025 17:53:02.469 INFO [main] org.apache.catalina.startup.VersionLoggerListener.log Server version number: 11.0.13.0
15-Dec-2025 17:53:02.469 INFO [main] org.apache.catalina.startup.VersionLoggerListener.log OS Name:               Linux
15-Dec-2025 17:53:02.469 INFO [main] org.apache.catalina.startup.VersionLoggerListener.log OS Version:            6.12.43+deb13-amd64
15-Dec-2025 17:53:02.469 INFO [main] org.apache.catalina.startup.VersionLoggerListener.log Architecture:          amd64
15-Dec-2025 17:53:02.469 INFO [main] org.apache.catalina.startup.VersionLoggerListener.log Java Home:             /usr/lib/jvm/java-21-openjdk-amd64
15-Dec-2025 17:53:02.469 INFO [main] org.apache.catalina.startup.VersionLoggerListener.log JVM Version:           21.0.9+10-Debian-1deb13u1
15-Dec-2025 17:53:02.469 INFO [main] org.apache.catalina.startup.VersionLoggerListener.log JVM Vendor:            Debian
15-Dec-2025 17:53:02.469 INFO [main] org.apache.catalina.startup.VersionLoggerListener.log CATALINA_BASE:         /home/infoetu/baptiste.lavogiez.etu/ctp-web/tomcat
15-Dec-2025 17:53:02.470 INFO [main] org.apache.catalina.startup.VersionLoggerListener.log CATALINA_HOME:         /home/infoetu/baptiste.lavogiez.etu/ctp-web/tomcat
15-Dec-2025 17:53:02.473 INFO [main] org.apache.catalina.startup.VersionLoggerListener.log Command line argument: -Djava.util.logging.config.file=/home/infoetu/baptiste.lavogiez.etu/ctp-web/tomcat/conf/logging.properties
15-Dec-2025 17:53:02.473 INFO [main] org.apache.catalina.startup.VersionLoggerListener.log Command line argument: -Djava.util.logging.manager=org.apache.juli.ClassLoaderLogManager
15-Dec-2025 17:53:02.474 INFO [main] org.apache.catalina.startup.VersionLoggerListener.log Command line argument: -Djdk.tls.ephemeralDHKeySize=2048
15-Dec-2025 17:53:02.474 INFO [main] org.apache.catalina.startup.VersionLoggerListener.log Command line argument: -Dorg.apache.catalina.security.SecurityListener.UMASK=0027
15-Dec-2025 17:53:02.474 INFO [main] org.apache.catalina.startup.VersionLoggerListener.log Command line argument: --add-opens=java.base/java.lang=ALL-UNNAMED
15-Dec-2025 17:53:02.474 INFO [main] org.apache.catalina.startup.VersionLoggerListener.log Command line argument: --add-opens=java.base/java.lang.reflect=ALL-UNNAMED
15-Dec-2025 17:53:02.474 INFO [main] org.apache.catalina.startup.VersionLoggerListener.log Command line argument: --add-opens=java.base/java.io=ALL-UNNAMED
15-Dec-2025 17:53:02.474 INFO [main] org.apache.catalina.startup.VersionLoggerListener.log Command line argument: --add-opens=java.base/java.util=ALL-UNNAMED
15-Dec-2025 17:53:02.474 INFO [main] org.apache.catalina.startup.VersionLoggerListener.log Command line argument: --add-opens=java.base/java.util.concurrent=ALL-UNNAMED
15-Dec-2025 17:53:02.474 INFO [main] org.apache.catalina.startup.VersionLoggerListener.log Command line argument: --add-opens=java.rmi/sun.rmi.transport=ALL-UNNAMED
15-Dec-2025 17:53:02.474 INFO [main] org.apache.catalina.startup.VersionLoggerListener.log Command line argument: --enable-native-access=ALL-UNNAMED
15-Dec-2025 17:53:02.474 INFO [main] org.apache.catalina.startup.VersionLoggerListener.log Command line argument: -Dcatalina.base=/home/infoetu/baptiste.lavogiez.etu/ctp-web/tomcat
15-Dec-2025 17:53:02.474 INFO [main] org.apache.catalina.startup.VersionLoggerListener.log Command line argument: -Dcatalina.home=/home/infoetu/baptiste.lavogiez.etu/ctp-web/tomcat
15-Dec-2025 17:53:02.474 INFO [main] org.apache.catalina.startup.VersionLoggerListener.log Command line argument: -Djava.io.tmpdir=/home/infoetu/baptiste.lavogiez.etu/ctp-web/tomcat/temp
15-Dec-2025 17:53:02.475 INFO [main] org.apache.catalina.core.AprLifecycleListener.lifecycleEvent The Apache Tomcat Native library which allows using OpenSSL was not found on the java.library.path: [/usr/java/packages/lib:/usr/lib/x86_64-linux-gnu/jni:/lib/x86_64-linux-gnu:/usr/lib/x86_64-linux-gnu:/usr/lib/jni:/lib:/usr/lib]
15-Dec-2025 17:53:02.590 INFO [main] org.apache.coyote.AbstractProtocol.init Initializing ProtocolHandler ["http-nio-8080"]
15-Dec-2025 17:53:02.599 INFO [main] org.apache.catalina.startup.Catalina.load Server initialization in [203] milliseconds
15-Dec-2025 17:53:02.617 INFO [main] org.apache.catalina.core.StandardService.startInternal Starting service [Catalina]
15-Dec-2025 17:53:02.617 INFO [main] org.apache.catalina.core.StandardEngine.startInternal Starting Servlet engine: [Apache Tomcat/11.0.13]
15-Dec-2025 17:53:02.622 INFO [main] org.apache.catalina.startup.HostConfig.deployDirectory Deploying web application directory [/home/infoetu/baptiste.lavogiez.etu/ctp-web/tomcat/webapps/ROOT]
15-Dec-2025 17:53:02.779 INFO [main] org.apache.jasper.servlet.TldScanner.scanJars At least one JAR was scanned for TLDs yet contained no TLDs. Enable debug logging for this logger for a complete list of JARs that were scanned but no TLDs were found in them. Skipping unneeded JARs during scanning can improve startup time and JSP compilation time.
15-Dec-2025 17:53:02.793 INFO [main] org.apache.catalina.startup.HostConfig.deployDirectory Deployment of web application directory [/home/infoetu/baptiste.lavogiez.etu/ctp-web/tomcat/webapps/ROOT] has finished in [171] ms
15-Dec-2025 17:53:02.793 INFO [main] org.apache.catalina.startup.HostConfig.deployDirectory Deploying web application directory [/home/infoetu/baptiste.lavogiez.etu/ctp-web/tomcat/webapps/docs]
15-Dec-2025 17:53:02.841 INFO [main] org.apache.jasper.servlet.TldScanner.scanJars At least one JAR was scanned for TLDs yet contained no TLDs. Enable debug logging for this logger for a complete list of JARs that were scanned but no TLDs were found in them. Skipping unneeded JARs during scanning can improve startup time and JSP compilation time.
15-Dec-2025 17:53:02.841 INFO [main] org.apache.catalina.startup.HostConfig.deployDirectory Deployment of web application directory [/home/infoetu/baptiste.lavogiez.etu/ctp-web/tomcat/webapps/docs] has finished in [48] ms
15-Dec-2025 17:53:02.841 INFO [main] org.apache.catalina.startup.HostConfig.deployDirectory Deploying web application directory [/home/infoetu/baptiste.lavogiez.etu/ctp-web/tomcat/webapps/ctp-2025]
15-Dec-2025 17:53:02.919 INFO [main] org.apache.jasper.servlet.TldScanner.scanJars At least one JAR was scanned for TLDs yet contained no TLDs. Enable debug logging for this logger for a complete list of JARs that were scanned but no TLDs were found in them. Skipping unneeded JARs during scanning can improve startup time and JSP compilation time.
15-Dec-2025 17:53:02.921 INFO [main] org.apache.catalina.startup.HostConfig.deployDirectory Deployment of web application directory [/home/infoetu/baptiste.lavogiez.etu/ctp-web/tomcat/webapps/ctp-2025] has finished in [80] ms
15-Dec-2025 17:53:02.921 INFO [main] org.apache.catalina.startup.HostConfig.deployDirectory Deploying web application directory [/home/infoetu/baptiste.lavogiez.etu/ctp-web/tomcat/webapps/manager]
15-Dec-2025 17:53:02.971 INFO [main] org.apache.jasper.servlet.TldScanner.scanJars At least one JAR was scanned for TLDs yet contained no TLDs. Enable debug logging for this logger for a complete list of JARs that were scanned but no TLDs were found in them. Skipping unneeded JARs during scanning can improve startup time and JSP compilation time.
15-Dec-2025 17:53:02.974 INFO [main] org.apache.catalina.startup.HostConfig.deployDirectory Deployment of web application directory [/home/infoetu/baptiste.lavogiez.etu/ctp-web/tomcat/webapps/manager] has finished in [53] ms
15-Dec-2025 17:53:02.974 INFO [main] org.apache.catalina.startup.HostConfig.deployDirectory Deploying web application directory [/home/infoetu/baptiste.lavogiez.etu/ctp-web/tomcat/webapps/host-manager]
15-Dec-2025 17:53:03.025 INFO [main] org.apache.jasper.servlet.TldScanner.scanJars At least one JAR was scanned for TLDs yet contained no TLDs. Enable debug logging for this logger for a complete list of JARs that were scanned but no TLDs were found in them. Skipping unneeded JARs during scanning can improve startup time and JSP compilation time.
15-Dec-2025 17:53:03.026 INFO [main] org.apache.catalina.startup.HostConfig.deployDirectory Deployment of web application directory [/home/infoetu/baptiste.lavogiez.etu/ctp-web/tomcat/webapps/host-manager] has finished in [51] ms
15-Dec-2025 17:53:03.026 INFO [main] org.apache.catalina.startup.HostConfig.deployDirectory Deploying web application directory [/home/infoetu/baptiste.lavogiez.etu/ctp-web/tomcat/webapps/vide]
15-Dec-2025 17:53:03.077 INFO [main] org.apache.jasper.servlet.TldScanner.scanJars At least one JAR was scanned for TLDs yet contained no TLDs. Enable debug logging for this logger for a complete list of JARs that were scanned but no TLDs were found in them. Skipping unneeded JARs during scanning can improve startup time and JSP compilation time.
15-Dec-2025 17:53:03.078 INFO [main] org.apache.catalina.startup.HostConfig.deployDirectory Deployment of web application directory [/home/infoetu/baptiste.lavogiez.etu/ctp-web/tomcat/webapps/vide] has finished in [51] ms
15-Dec-2025 17:53:03.078 INFO [main] org.apache.catalina.startup.HostConfig.deployDirectory Deploying web application directory [/home/infoetu/baptiste.lavogiez.etu/ctp-web/tomcat/webapps/examples]
15-Dec-2025 17:53:03.302 INFO [main] org.apache.jasper.servlet.TldScanner.scanJars At least one JAR was scanned for TLDs yet contained no TLDs. Enable debug logging for this logger for a complete list of JARs that were scanned but no TLDs were found in them. Skipping unneeded JARs during scanning can improve startup time and JSP compilation time.
15-Dec-2025 17:53:03.315 INFO [main] org.apache.catalina.startup.HostConfig.deployDirectory Deployment of web application directory [/home/infoetu/baptiste.lavogiez.etu/ctp-web/tomcat/webapps/examples] has finished in [237] ms
15-Dec-2025 17:53:03.315 INFO [main] org.apache.catalina.startup.HostConfig.deployDirectory Deploying web application directory [/home/infoetu/baptiste.lavogiez.etu/ctp-web/tomcat/webapps/ctp]
15-Dec-2025 17:53:03.379 INFO [main] org.apache.jasper.servlet.TldScanner.scanJars At least one JAR was scanned for TLDs yet contained no TLDs. Enable debug logging for this logger for a complete list of JARs that were scanned but no TLDs were found in them. Skipping unneeded JARs during scanning can improve startup time and JSP compilation time.
15-Dec-2025 17:53:03.379 INFO [main] org.apache.catalina.startup.HostConfig.deployDirectory Deployment of web application directory [/home/infoetu/baptiste.lavogiez.etu/ctp-web/tomcat/webapps/ctp] has finished in [64] ms
15-Dec-2025 17:53:03.382 INFO [main] org.apache.coyote.AbstractProtocol.start Starting ProtocolHandler ["http-nio-8080"]
15-Dec-2025 17:53:03.386 INFO [main] org.apache.catalina.startup.Catalina.start Server startup in [786] milliseconds
15-Dec-2025 17:55:06.985 INFO [Thread-1] org.apache.coyote.AbstractProtocol.pause Pausing ProtocolHandler ["http-nio-8080"]
15-Dec-2025 17:55:06.988 INFO [Thread-1] org.apache.catalina.core.StandardService.stopInternal Stopping service [Catalina]
15-Dec-2025 17:55:07.018 INFO [Thread-1] org.apache.coyote.AbstractProtocol.stop Stopping ProtocolHandler ["http-nio-8080"]
15-Dec-2025 17:55:07.021 INFO [Thread-1] org.apache.coyote.AbstractProtocol.destroy Destroying ProtocolHandler ["http-nio-8080"]
15-Dec-2025 17:55:08.420 INFO [main] org.apache.catalina.startup.VersionLoggerListener.log Server version name:   Apache Tomcat/11.0.13
15-Dec-2025 17:55:08.422 INFO [main] org.apache.catalina.startup.VersionLoggerListener.log Server built:          Oct 10 2025 13:57:31 UTC
15-Dec-2025 17:55:08.422 INFO [main] org.apache.catalina.startup.VersionLoggerListener.log Server version number: 11.0.13.0
15-Dec-2025 17:55:08.422 INFO [main] org.apache.catalina.startup.VersionLoggerListener.log OS Name:               Linux
15-Dec-2025 17:55:08.422 INFO [main] org.apache.catalina.startup.VersionLoggerListener.log OS Version:            6.12.43+deb13-amd64
15-Dec-2025 17:55:08.422 INFO [main] org.apache.catalina.startup.VersionLoggerListener.log Architecture:          amd64
15-Dec-2025 17:55:08.423 INFO [main] org.apache.catalina.startup.VersionLoggerListener.log Java Home:             /usr/lib/jvm/java-21-openjdk-amd64
15-Dec-2025 17:55:08.423 INFO [main] org.apache.catalina.startup.VersionLoggerListener.log JVM Version:           21.0.9+10-Debian-1deb13u1
15-Dec-2025 17:55:08.423 INFO [main] org.apache.catalina.startup.VersionLoggerListener.log JVM Vendor:            Debian
15-Dec-2025 17:55:08.423 INFO [main] org.apache.catalina.startup.VersionLoggerListener.log CATALINA_BASE:         /home/infoetu/baptiste.lavogiez.etu/ctp-web/tomcat
15-Dec-2025 17:55:08.423 INFO [main] org.apache.catalina.startup.VersionLoggerListener.log CATALINA_HOME:         /home/infoetu/baptiste.lavogiez.etu/ctp-web/tomcat
15-Dec-2025 17:55:08.427 INFO [main] org.apache.catalina.startup.VersionLoggerListener.log Command line argument: -Djava.util.logging.config.file=/home/infoetu/baptiste.lavogiez.etu/ctp-web/tomcat/conf/logging.properties
15-Dec-2025 17:55:08.427 INFO [main] org.apache.catalina.startup.VersionLoggerListener.log Command line argument: -Djava.util.logging.manager=org.apache.juli.ClassLoaderLogManager
15-Dec-2025 17:55:08.427 INFO [main] org.apache.catalina.startup.VersionLoggerListener.log Command line argument: -Djdk.tls.ephemeralDHKeySize=2048
15-Dec-2025 17:55:08.427 INFO [main] org.apache.catalina.startup.VersionLoggerListener.log Command line argument: -Dorg.apache.catalina.security.SecurityListener.UMASK=0027
15-Dec-2025 17:55:08.427 INFO [main] org.apache.catalina.startup.VersionLoggerListener.log Command line argument: --add-opens=java.base/java.lang=ALL-UNNAMED
15-Dec-2025 17:55:08.427 INFO [main] org.apache.catalina.startup.VersionLoggerListener.log Command line argument: --add-opens=java.base/java.lang.reflect=ALL-UNNAMED
15-Dec-2025 17:55:08.427 INFO [main] org.apache.catalina.startup.VersionLoggerListener.log Command line argument: --add-opens=java.base/java.io=ALL-UNNAMED
15-Dec-2025 17:55:08.427 INFO [main] org.apache.catalina.startup.VersionLoggerListener.log Command line argument: --add-opens=java.base/java.util=ALL-UNNAMED
15-Dec-2025 17:55:08.427 INFO [main] org.apache.catalina.startup.VersionLoggerListener.log Command line argument: --add-opens=java.base/java.util.concurrent=ALL-UNNAMED
15-Dec-2025 17:55:08.427 INFO [main] org.apache.catalina.startup.VersionLoggerListener.log Command line argument: --add-opens=java.rmi/sun.rmi.transport=ALL-UNNAMED
15-Dec-2025 17:55:08.427 INFO [main] org.apache.catalina.startup.VersionLoggerListener.log Command line argument: --enable-native-access=ALL-UNNAMED
15-Dec-2025 17:55:08.427 INFO [main] org.apache.catalina.startup.VersionLoggerListener.log Command line argument: -Dcatalina.base=/home/infoetu/baptiste.lavogiez.etu/ctp-web/tomcat
15-Dec-2025 17:55:08.427 INFO [main] org.apache.catalina.startup.VersionLoggerListener.log Command line argument: -Dcatalina.home=/home/infoetu/baptiste.lavogiez.etu/ctp-web/tomcat
15-Dec-2025 17:55:08.427 INFO [main] org.apache.catalina.startup.VersionLoggerListener.log Command line argument: -Djava.io.tmpdir=/home/infoetu/baptiste.lavogiez.etu/ctp-web/tomcat/temp
15-Dec-2025 17:55:08.428 INFO [main] org.apache.catalina.core.AprLifecycleListener.lifecycleEvent The Apache Tomcat Native library which allows using OpenSSL was not found on the java.library.path: [/usr/java/packages/lib:/usr/lib/x86_64-linux-gnu/jni:/lib/x86_64-linux-gnu:/usr/lib/x86_64-linux-gnu:/usr/lib/jni:/lib:/usr/lib]
15-Dec-2025 17:55:08.544 INFO [main] org.apache.coyote.AbstractProtocol.init Initializing ProtocolHandler ["http-nio-8080"]
15-Dec-2025 17:55:08.553 INFO [main] org.apache.catalina.startup.Catalina.load Server initialization in [208] milliseconds
15-Dec-2025 17:55:08.570 INFO [main] org.apache.catalina.core.StandardService.startInternal Starting service [Catalina]
15-Dec-2025 17:55:08.570 INFO [main] org.apache.catalina.core.StandardEngine.startInternal Starting Servlet engine: [Apache Tomcat/11.0.13]
15-Dec-2025 17:55:08.574 INFO [main] org.apache.catalina.startup.HostConfig.deployDirectory Deploying web application directory [/home/infoetu/baptiste.lavogiez.etu/ctp-web/tomcat/webapps/ROOT]
15-Dec-2025 17:55:08.737 INFO [main] org.apache.jasper.servlet.TldScanner.scanJars At least one JAR was scanned for TLDs yet contained no TLDs. Enable debug logging for this logger for a complete list of JARs that were scanned but no TLDs were found in them. Skipping unneeded JARs during scanning can improve startup time and JSP compilation time.
15-Dec-2025 17:55:08.751 INFO [main] org.apache.catalina.startup.HostConfig.deployDirectory Deployment of web application directory [/home/infoetu/baptiste.lavogiez.etu/ctp-web/tomcat/webapps/ROOT] has finished in [177] ms
15-Dec-2025 17:55:08.751 INFO [main] org.apache.catalina.startup.HostConfig.deployDirectory Deploying web application directory [/home/infoetu/baptiste.lavogiez.etu/ctp-web/tomcat/webapps/docs]
15-Dec-2025 17:55:08.801 INFO [main] org.apache.jasper.servlet.TldScanner.scanJars At least one JAR was scanned for TLDs yet contained no TLDs. Enable debug logging for this logger for a complete list of JARs that were scanned but no TLDs were found in them. Skipping unneeded JARs during scanning can improve startup time and JSP compilation time.
15-Dec-2025 17:55:08.802 INFO [main] org.apache.catalina.startup.HostConfig.deployDirectory Deployment of web application directory [/home/infoetu/baptiste.lavogiez.etu/ctp-web/tomcat/webapps/docs] has finished in [51] ms
15-Dec-2025 17:55:08.802 INFO [main] org.apache.catalina.startup.HostConfig.deployDirectory Deploying web application directory [/home/infoetu/baptiste.lavogiez.etu/ctp-web/tomcat/webapps/ctp-2025]
15-Dec-2025 17:55:08.879 INFO [main] org.apache.jasper.servlet.TldScanner.scanJars At least one JAR was scanned for TLDs yet contained no TLDs. Enable debug logging for this logger for a complete list of JARs that were scanned but no TLDs were found in them. Skipping unneeded JARs during scanning can improve startup time and JSP compilation time.
15-Dec-2025 17:55:08.881 INFO [main] org.apache.catalina.startup.HostConfig.deployDirectory Deployment of web application directory [/home/infoetu/baptiste.lavogiez.etu/ctp-web/tomcat/webapps/ctp-2025] has finished in [79] ms
15-Dec-2025 17:55:08.881 INFO [main] org.apache.catalina.startup.HostConfig.deployDirectory Deploying web application directory [/home/infoetu/baptiste.lavogiez.etu/ctp-web/tomcat/webapps/manager]
15-Dec-2025 17:55:08.928 INFO [main] org.apache.jasper.servlet.TldScanner.scanJars At least one JAR was scanned for TLDs yet contained no TLDs. Enable debug logging for this logger for a complete list of JARs that were scanned but no TLDs were found in them. Skipping unneeded JARs during scanning can improve startup time and JSP compilation time.
15-Dec-2025 17:55:08.930 INFO [main] org.apache.catalina.startup.HostConfig.deployDirectory Deployment of web application directory [/home/infoetu/baptiste.lavogiez.etu/ctp-web/tomcat/webapps/manager] has finished in [49] ms
15-Dec-2025 17:55:08.930 INFO [main] org.apache.catalina.startup.HostConfig.deployDirectory Deploying web application directory [/home/infoetu/baptiste.lavogiez.etu/ctp-web/tomcat/webapps/host-manager]
15-Dec-2025 17:55:08.974 INFO [main] org.apache.jasper.servlet.TldScanner.scanJars At least one JAR was scanned for TLDs yet contained no TLDs. Enable debug logging for this logger for a complete list of JARs that were scanned but no TLDs were found in them. Skipping unneeded JARs during scanning can improve startup time and JSP compilation time.
15-Dec-2025 17:55:08.975 INFO [main] org.apache.catalina.startup.HostConfig.deployDirectory Deployment of web application directory [/home/infoetu/baptiste.lavogiez.etu/ctp-web/tomcat/webapps/host-manager] has finished in [45] ms
15-Dec-2025 17:55:08.975 INFO [main] org.apache.catalina.startup.HostConfig.deployDirectory Deploying web application directory [/home/infoetu/baptiste.lavogiez.etu/ctp-web/tomcat/webapps/vide]
15-Dec-2025 17:55:09.026 INFO [main] org.apache.jasper.servlet.TldScanner.scanJars At least one JAR was scanned for TLDs yet contained no TLDs. Enable debug logging for this logger for a complete list of JARs that were scanned but no TLDs were found in them. Skipping unneeded JARs during scanning can improve startup time and JSP compilation time.
15-Dec-2025 17:55:09.027 INFO [main] org.apache.catalina.startup.HostConfig.deployDirectory Deployment of web application directory [/home/infoetu/baptiste.lavogiez.etu/ctp-web/tomcat/webapps/vide] has finished in [52] ms
15-Dec-2025 17:55:09.028 INFO [main] org.apache.catalina.startup.HostConfig.deployDirectory Deploying web application directory [/home/infoetu/baptiste.lavogiez.etu/ctp-web/tomcat/webapps/examples]
15-Dec-2025 17:55:09.245 INFO [main] org.apache.jasper.servlet.TldScanner.scanJars At least one JAR was scanned for TLDs yet contained no TLDs. Enable debug logging for this logger for a complete list of JARs that were scanned but no TLDs were found in them. Skipping unneeded JARs during scanning can improve startup time and JSP compilation time.
15-Dec-2025 17:55:09.258 INFO [main] org.apache.catalina.startup.HostConfig.deployDirectory Deployment of web application directory [/home/infoetu/baptiste.lavogiez.etu/ctp-web/tomcat/webapps/examples] has finished in [231] ms
15-Dec-2025 17:55:09.258 INFO [main] org.apache.catalina.startup.HostConfig.deployDirectory Deploying web application directory [/home/infoetu/baptiste.lavogiez.etu/ctp-web/tomcat/webapps/ctp]
15-Dec-2025 17:55:09.328 INFO [main] org.apache.jasper.servlet.TldScanner.scanJars At least one JAR was scanned for TLDs yet contained no TLDs. Enable debug logging for this logger for a complete list of JARs that were scanned but no TLDs were found in them. Skipping unneeded JARs during scanning can improve startup time and JSP compilation time.
15-Dec-2025 17:55:09.329 INFO [main] org.apache.catalina.startup.HostConfig.deployDirectory Deployment of web application directory [/home/infoetu/baptiste.lavogiez.etu/ctp-web/tomcat/webapps/ctp] has finished in [71] ms
15-Dec-2025 17:55:09.332 INFO [main] org.apache.coyote.AbstractProtocol.start Starting ProtocolHandler ["http-nio-8080"]
15-Dec-2025 17:55:09.338 INFO [main] org.apache.catalina.startup.Catalina.start Server startup in [784] milliseconds
15-Dec-2025 17:55:55.996 INFO [Thread-1] org.apache.coyote.AbstractProtocol.pause Pausing ProtocolHandler ["http-nio-8080"]
15-Dec-2025 17:55:56.002 INFO [Thread-1] org.apache.catalina.core.StandardService.stopInternal Stopping service [Catalina]
15-Dec-2025 17:55:56.020 INFO [Thread-1] org.apache.coyote.AbstractProtocol.stop Stopping ProtocolHandler ["http-nio-8080"]
15-Dec-2025 17:55:56.025 INFO [Thread-1] org.apache.coyote.AbstractProtocol.destroy Destroying ProtocolHandler ["http-nio-8080"]
15-Dec-2025 17:55:56.963 INFO [main] org.apache.catalina.startup.VersionLoggerListener.log Server version name:   Apache Tomcat/11.0.13
15-Dec-2025 17:55:56.965 INFO [main] org.apache.catalina.startup.VersionLoggerListener.log Server built:          Oct 10 2025 13:57:31 UTC
15-Dec-2025 17:55:56.965 INFO [main] org.apache.catalina.startup.VersionLoggerListener.log Server version number: 11.0.13.0
15-Dec-2025 17:55:56.965 INFO [main] org.apache.catalina.startup.VersionLoggerListener.log OS Name:               Linux
15-Dec-2025 17:55:56.965 INFO [main] org.apache.catalina.startup.VersionLoggerListener.log OS Version:            6.12.43+deb13-amd64
15-Dec-2025 17:55:56.965 INFO [main] org.apache.catalina.startup.VersionLoggerListener.log Architecture:          amd64
15-Dec-2025 17:55:56.965 INFO [main] org.apache.catalina.startup.VersionLoggerListener.log Java Home:             /usr/lib/jvm/java-21-openjdk-amd64
15-Dec-2025 17:55:56.965 INFO [main] org.apache.catalina.startup.VersionLoggerListener.log JVM Version:           21.0.9+10-Debian-1deb13u1
15-Dec-2025 17:55:56.965 INFO [main] org.apache.catalina.startup.VersionLoggerListener.log JVM Vendor:            Debian
15-Dec-2025 17:55:56.965 INFO [main] org.apache.catalina.startup.VersionLoggerListener.log CATALINA_BASE:         /home/infoetu/baptiste.lavogiez.etu/ctp-web/tomcat
15-Dec-2025 17:55:56.965 INFO [main] org.apache.catalina.startup.VersionLoggerListener.log CATALINA_HOME:         /home/infoetu/baptiste.lavogiez.etu/ctp-web/tomcat
15-Dec-2025 17:55:56.969 INFO [main] org.apache.catalina.startup.VersionLoggerListener.log Command line argument: -Djava.util.logging.config.file=/home/infoetu/baptiste.lavogiez.etu/ctp-web/tomcat/conf/logging.properties
15-Dec-2025 17:55:56.969 INFO [main] org.apache.catalina.startup.VersionLoggerListener.log Command line argument: -Djava.util.logging.manager=org.apache.juli.ClassLoaderLogManager
15-Dec-2025 17:55:56.969 INFO [main] org.apache.catalina.startup.VersionLoggerListener.log Command line argument: -Djdk.tls.ephemeralDHKeySize=2048
15-Dec-2025 17:55:56.969 INFO [main] org.apache.catalina.startup.VersionLoggerListener.log Command line argument: -Dorg.apache.catalina.security.SecurityListener.UMASK=0027
15-Dec-2025 17:55:56.969 INFO [main] org.apache.catalina.startup.VersionLoggerListener.log Command line argument: --add-opens=java.base/java.lang=ALL-UNNAMED
15-Dec-2025 17:55:56.969 INFO [main] org.apache.catalina.startup.VersionLoggerListener.log Command line argument: --add-opens=java.base/java.lang.reflect=ALL-UNNAMED
15-Dec-2025 17:55:56.969 INFO [main] org.apache.catalina.startup.VersionLoggerListener.log Command line argument: --add-opens=java.base/java.io=ALL-UNNAMED
15-Dec-2025 17:55:56.969 INFO [main] org.apache.catalina.startup.VersionLoggerListener.log Command line argument: --add-opens=java.base/java.util=ALL-UNNAMED
15-Dec-2025 17:55:56.970 INFO [main] org.apache.catalina.startup.VersionLoggerListener.log Command line argument: --add-opens=java.base/java.util.concurrent=ALL-UNNAMED
15-Dec-2025 17:55:56.970 INFO [main] org.apache.catalina.startup.VersionLoggerListener.log Command line argument: --add-opens=java.rmi/sun.rmi.transport=ALL-UNNAMED
15-Dec-2025 17:55:56.970 INFO [main] org.apache.catalina.startup.VersionLoggerListener.log Command line argument: --enable-native-access=ALL-UNNAMED
15-Dec-2025 17:55:56.970 INFO [main] org.apache.catalina.startup.VersionLoggerListener.log Command line argument: -Dcatalina.base=/home/infoetu/baptiste.lavogiez.etu/ctp-web/tomcat
15-Dec-2025 17:55:56.970 INFO [main] org.apache.catalina.startup.VersionLoggerListener.log Command line argument: -Dcatalina.home=/home/infoetu/baptiste.lavogiez.etu/ctp-web/tomcat
15-Dec-2025 17:55:56.970 INFO [main] org.apache.catalina.startup.VersionLoggerListener.log Command line argument: -Djava.io.tmpdir=/home/infoetu/baptiste.lavogiez.etu/ctp-web/tomcat/temp
15-Dec-2025 17:55:56.970 INFO [main] org.apache.catalina.core.AprLifecycleListener.lifecycleEvent The Apache Tomcat Native library which allows using OpenSSL was not found on the java.library.path: [/usr/java/packages/lib:/usr/lib/x86_64-linux-gnu/jni:/lib/x86_64-linux-gnu:/usr/lib/x86_64-linux-gnu:/usr/lib/jni:/lib:/usr/lib]
15-Dec-2025 17:55:57.086 INFO [main] org.apache.coyote.AbstractProtocol.init Initializing ProtocolHandler ["http-nio-8080"]
15-Dec-2025 17:55:57.094 INFO [main] org.apache.catalina.startup.Catalina.load Server initialization in [203] milliseconds
15-Dec-2025 17:55:57.112 INFO [main] org.apache.catalina.core.StandardService.startInternal Starting service [Catalina]
15-Dec-2025 17:55:57.112 INFO [main] org.apache.catalina.core.StandardEngine.startInternal Starting Servlet engine: [Apache Tomcat/11.0.13]
15-Dec-2025 17:55:57.116 INFO [main] org.apache.catalina.startup.HostConfig.deployDirectory Deploying web application directory [/home/infoetu/baptiste.lavogiez.etu/ctp-web/tomcat/webapps/ROOT]
15-Dec-2025 17:55:57.277 INFO [main] org.apache.jasper.servlet.TldScanner.scanJars At least one JAR was scanned for TLDs yet contained no TLDs. Enable debug logging for this logger for a complete list of JARs that were scanned but no TLDs were found in them. Skipping unneeded JARs during scanning can improve startup time and JSP compilation time.
15-Dec-2025 17:55:57.291 INFO [main] org.apache.catalina.startup.HostConfig.deployDirectory Deployment of web application directory [/home/infoetu/baptiste.lavogiez.etu/ctp-web/tomcat/webapps/ROOT] has finished in [175] ms
15-Dec-2025 17:55:57.291 INFO [main] org.apache.catalina.startup.HostConfig.deployDirectory Deploying web application directory [/home/infoetu/baptiste.lavogiez.etu/ctp-web/tomcat/webapps/docs]
15-Dec-2025 17:55:57.337 INFO [main] org.apache.jasper.servlet.TldScanner.scanJars At least one JAR was scanned for TLDs yet contained no TLDs. Enable debug logging for this logger for a complete list of JARs that were scanned but no TLDs were found in them. Skipping unneeded JARs during scanning can improve startup time and JSP compilation time.
15-Dec-2025 17:55:57.338 INFO [main] org.apache.catalina.startup.HostConfig.deployDirectory Deployment of web application directory [/home/infoetu/baptiste.lavogiez.etu/ctp-web/tomcat/webapps/docs] has finished in [47] ms
15-Dec-2025 17:55:57.338 INFO [main] org.apache.catalina.startup.HostConfig.deployDirectory Deploying web application directory [/home/infoetu/baptiste.lavogiez.etu/ctp-web/tomcat/webapps/ctp-2025]
15-Dec-2025 17:55:57.410 INFO [main] org.apache.jasper.servlet.TldScanner.scanJars At least one JAR was scanned for TLDs yet contained no TLDs. Enable debug logging for this logger for a complete list of JARs that were scanned but no TLDs were found in them. Skipping unneeded JARs during scanning can improve startup time and JSP compilation time.
15-Dec-2025 17:55:57.412 INFO [main] org.apache.catalina.startup.HostConfig.deployDirectory Deployment of web application directory [/home/infoetu/baptiste.lavogiez.etu/ctp-web/tomcat/webapps/ctp-2025] has finished in [74] ms
15-Dec-2025 17:55:57.412 INFO [main] org.apache.catalina.startup.HostConfig.deployDirectory Deploying web application directory [/home/infoetu/baptiste.lavogiez.etu/ctp-web/tomcat/webapps/manager]
15-Dec-2025 17:55:57.456 INFO [main] org.apache.jasper.servlet.TldScanner.scanJars At least one JAR was scanned for TLDs yet contained no TLDs. Enable debug logging for this logger for a complete list of JARs that were scanned but no TLDs were found in them. Skipping unneeded JARs during scanning can improve startup time and JSP compilation time.
15-Dec-2025 17:55:57.459 INFO [main] org.apache.catalina.startup.HostConfig.deployDirectory Deployment of web application directory [/home/infoetu/baptiste.lavogiez.etu/ctp-web/tomcat/webapps/manager] has finished in [47] ms
15-Dec-2025 17:55:57.459 INFO [main] org.apache.catalina.startup.HostConfig.deployDirectory Deploying web application directory [/home/infoetu/baptiste.lavogiez.etu/ctp-web/tomcat/webapps/host-manager]
15-Dec-2025 17:55:57.503 INFO [main] org.apache.jasper.servlet.TldScanner.scanJars At least one JAR was scanned for TLDs yet contained no TLDs. Enable debug logging for this logger for a complete list of JARs that were scanned but no TLDs were found in them. Skipping unneeded JARs during scanning can improve startup time and JSP compilation time.
15-Dec-2025 17:55:57.504 INFO [main] org.apache.catalina.startup.HostConfig.deployDirectory Deployment of web application directory [/home/infoetu/baptiste.lavogiez.etu/ctp-web/tomcat/webapps/host-manager] has finished in [45] ms
15-Dec-2025 17:55:57.504 INFO [main] org.apache.catalina.startup.HostConfig.deployDirectory Deploying web application directory [/home/infoetu/baptiste.lavogiez.etu/ctp-web/tomcat/webapps/vide]
15-Dec-2025 17:55:57.550 INFO [main] org.apache.jasper.servlet.TldScanner.scanJars At least one JAR was scanned for TLDs yet contained no TLDs. Enable debug logging for this logger for a complete list of JARs that were scanned but no TLDs were found in them. Skipping unneeded JARs during scanning can improve startup time and JSP compilation time.
15-Dec-2025 17:55:57.551 INFO [main] org.apache.catalina.startup.HostConfig.deployDirectory Deployment of web application directory [/home/infoetu/baptiste.lavogiez.etu/ctp-web/tomcat/webapps/vide] has finished in [47] ms
15-Dec-2025 17:55:57.551 INFO [main] org.apache.catalina.startup.HostConfig.deployDirectory Deploying web application directory [/home/infoetu/baptiste.lavogiez.etu/ctp-web/tomcat/webapps/examples]
15-Dec-2025 17:55:57.690 INFO [main] org.apache.jasper.servlet.TldScanner.scanJars At least one JAR was scanned for TLDs yet contained no TLDs. Enable debug logging for this logger for a complete list of JARs that were scanned but no TLDs were found in them. Skipping unneeded JARs during scanning can improve startup time and JSP compilation time.
15-Dec-2025 17:55:57.703 INFO [main] org.apache.catalina.startup.HostConfig.deployDirectory Deployment of web application directory [/home/infoetu/baptiste.lavogiez.etu/ctp-web/tomcat/webapps/examples] has finished in [152] ms
15-Dec-2025 17:55:57.703 INFO [main] org.apache.catalina.startup.HostConfig.deployDirectory Deploying web application directory [/home/infoetu/baptiste.lavogiez.etu/ctp-web/tomcat/webapps/ctp]
15-Dec-2025 17:55:57.752 INFO [main] org.apache.jasper.servlet.TldScanner.scanJars At least one JAR was scanned for TLDs yet contained no TLDs. Enable debug logging for this logger for a complete list of JARs that were scanned but no TLDs were found in them. Skipping unneeded JARs during scanning can improve startup time and JSP compilation time.
15-Dec-2025 17:55:57.753 INFO [main] org.apache.catalina.startup.HostConfig.deployDirectory Deployment of web application directory [/home/infoetu/baptiste.lavogiez.etu/ctp-web/tomcat/webapps/ctp] has finished in [50] ms
15-Dec-2025 17:55:57.755 INFO [main] org.apache.coyote.AbstractProtocol.start Starting ProtocolHandler ["http-nio-8080"]
15-Dec-2025 17:55:57.760 INFO [main] org.apache.catalina.startup.Catalina.start Server startup in [664] milliseconds
15-Dec-2025 17:57:49.519 INFO [Thread-1] org.apache.coyote.AbstractProtocol.pause Pausing ProtocolHandler ["http-nio-8080"]
15-Dec-2025 17:57:49.521 INFO [Thread-1] org.apache.catalina.core.StandardService.stopInternal Stopping service [Catalina]
15-Dec-2025 17:57:49.547 INFO [Thread-1] org.apache.coyote.AbstractProtocol.stop Stopping ProtocolHandler ["http-nio-8080"]
15-Dec-2025 17:57:49.554 INFO [Thread-1] org.apache.coyote.AbstractProtocol.destroy Destroying ProtocolHandler ["http-nio-8080"]
15-Dec-2025 17:57:50.659 INFO [main] org.apache.catalina.startup.VersionLoggerListener.log Server version name:   Apache Tomcat/11.0.13
15-Dec-2025 17:57:50.661 INFO [main] org.apache.catalina.startup.VersionLoggerListener.log Server built:          Oct 10 2025 13:57:31 UTC
15-Dec-2025 17:57:50.661 INFO [main] org.apache.catalina.startup.VersionLoggerListener.log Server version number: 11.0.13.0
15-Dec-2025 17:57:50.661 INFO [main] org.apache.catalina.startup.VersionLoggerListener.log OS Name:               Linux
15-Dec-2025 17:57:50.661 INFO [main] org.apache.catalina.startup.VersionLoggerListener.log OS Version:            6.12.43+deb13-amd64
15-Dec-2025 17:57:50.661 INFO [main] org.apache.catalina.startup.VersionLoggerListener.log Architecture:          amd64
15-Dec-2025 17:57:50.661 INFO [main] org.apache.catalina.startup.VersionLoggerListener.log Java Home:             /usr/lib/jvm/java-21-openjdk-amd64
15-Dec-2025 17:57:50.661 INFO [main] org.apache.catalina.startup.VersionLoggerListener.log JVM Version:           21.0.9+10-Debian-1deb13u1
15-Dec-2025 17:57:50.661 INFO [main] org.apache.catalina.startup.VersionLoggerListener.log JVM Vendor:            Debian
15-Dec-2025 17:57:50.661 INFO [main] org.apache.catalina.startup.VersionLoggerListener.log CATALINA_BASE:         /home/infoetu/baptiste.lavogiez.etu/ctp-web/tomcat
15-Dec-2025 17:57:50.661 INFO [main] org.apache.catalina.startup.VersionLoggerListener.log CATALINA_HOME:         /home/infoetu/baptiste.lavogiez.etu/ctp-web/tomcat
15-Dec-2025 17:57:50.665 INFO [main] org.apache.catalina.startup.VersionLoggerListener.log Command line argument: -Djava.util.logging.config.file=/home/infoetu/baptiste.lavogiez.etu/ctp-web/tomcat/conf/logging.properties
15-Dec-2025 17:57:50.665 INFO [main] org.apache.catalina.startup.VersionLoggerListener.log Command line argument: -Djava.util.logging.manager=org.apache.juli.ClassLoaderLogManager
15-Dec-2025 17:57:50.665 INFO [main] org.apache.catalina.startup.VersionLoggerListener.log Command line argument: -Djdk.tls.ephemeralDHKeySize=2048
15-Dec-2025 17:57:50.665 INFO [main] org.apache.catalina.startup.VersionLoggerListener.log Command line argument: -Dorg.apache.catalina.security.SecurityListener.UMASK=0027
15-Dec-2025 17:57:50.665 INFO [main] org.apache.catalina.startup.VersionLoggerListener.log Command line argument: --add-opens=java.base/java.lang=ALL-UNNAMED
15-Dec-2025 17:57:50.665 INFO [main] org.apache.catalina.startup.VersionLoggerListener.log Command line argument: --add-opens=java.base/java.lang.reflect=ALL-UNNAMED
15-Dec-2025 17:57:50.665 INFO [main] org.apache.catalina.startup.VersionLoggerListener.log Command line argument: --add-opens=java.base/java.io=ALL-UNNAMED
15-Dec-2025 17:57:50.665 INFO [main] org.apache.catalina.startup.VersionLoggerListener.log Command line argument: --add-opens=java.base/java.util=ALL-UNNAMED
15-Dec-2025 17:57:50.666 INFO [main] org.apache.catalina.startup.VersionLoggerListener.log Command line argument: --add-opens=java.base/java.util.concurrent=ALL-UNNAMED
15-Dec-2025 17:57:50.666 INFO [main] org.apache.catalina.startup.VersionLoggerListener.log Command line argument: --add-opens=java.rmi/sun.rmi.transport=ALL-UNNAMED
15-Dec-2025 17:57:50.666 INFO [main] org.apache.catalina.startup.VersionLoggerListener.log Command line argument: --enable-native-access=ALL-UNNAMED
15-Dec-2025 17:57:50.666 INFO [main] org.apache.catalina.startup.VersionLoggerListener.log Command line argument: -Dcatalina.base=/home/infoetu/baptiste.lavogiez.etu/ctp-web/tomcat
15-Dec-2025 17:57:50.666 INFO [main] org.apache.catalina.startup.VersionLoggerListener.log Command line argument: -Dcatalina.home=/home/infoetu/baptiste.lavogiez.etu/ctp-web/tomcat
15-Dec-2025 17:57:50.666 INFO [main] org.apache.catalina.startup.VersionLoggerListener.log Command line argument: -Djava.io.tmpdir=/home/infoetu/baptiste.lavogiez.etu/ctp-web/tomcat/temp
15-Dec-2025 17:57:50.666 INFO [main] org.apache.catalina.core.AprLifecycleListener.lifecycleEvent The Apache Tomcat Native library which allows using OpenSSL was not found on the java.library.path: [/usr/java/packages/lib:/usr/lib/x86_64-linux-gnu/jni:/lib/x86_64-linux-gnu:/usr/lib/x86_64-linux-gnu:/usr/lib/jni:/lib:/usr/lib]
15-Dec-2025 17:57:50.785 INFO [main] org.apache.coyote.AbstractProtocol.init Initializing ProtocolHandler ["http-nio-8080"]
15-Dec-2025 17:57:50.794 INFO [main] org.apache.catalina.startup.Catalina.load Server initialization in [206] milliseconds
15-Dec-2025 17:57:50.811 INFO [main] org.apache.catalina.core.StandardService.startInternal Starting service [Catalina]
15-Dec-2025 17:57:50.811 INFO [main] org.apache.catalina.core.StandardEngine.startInternal Starting Servlet engine: [Apache Tomcat/11.0.13]
15-Dec-2025 17:57:50.816 INFO [main] org.apache.catalina.startup.HostConfig.deployDirectory Deploying web application directory [/home/infoetu/baptiste.lavogiez.etu/ctp-web/tomcat/webapps/ROOT]
15-Dec-2025 17:57:50.984 INFO [main] org.apache.jasper.servlet.TldScanner.scanJars At least one JAR was scanned for TLDs yet contained no TLDs. Enable debug logging for this logger for a complete list of JARs that were scanned but no TLDs were found in them. Skipping unneeded JARs during scanning can improve startup time and JSP compilation time.
15-Dec-2025 17:57:50.998 INFO [main] org.apache.catalina.startup.HostConfig.deployDirectory Deployment of web application directory [/home/infoetu/baptiste.lavogiez.etu/ctp-web/tomcat/webapps/ROOT] has finished in [182] ms
15-Dec-2025 17:57:50.998 INFO [main] org.apache.catalina.startup.HostConfig.deployDirectory Deploying web application directory [/home/infoetu/baptiste.lavogiez.etu/ctp-web/tomcat/webapps/docs]
15-Dec-2025 17:57:51.047 INFO [main] org.apache.jasper.servlet.TldScanner.scanJars At least one JAR was scanned for TLDs yet contained no TLDs. Enable debug logging for this logger for a complete list of JARs that were scanned but no TLDs were found in them. Skipping unneeded JARs during scanning can improve startup time and JSP compilation time.
15-Dec-2025 17:57:51.048 INFO [main] org.apache.catalina.startup.HostConfig.deployDirectory Deployment of web application directory [/home/infoetu/baptiste.lavogiez.etu/ctp-web/tomcat/webapps/docs] has finished in [50] ms
15-Dec-2025 17:57:51.048 INFO [main] org.apache.catalina.startup.HostConfig.deployDirectory Deploying web application directory [/home/infoetu/baptiste.lavogiez.etu/ctp-web/tomcat/webapps/ctp-2025]
15-Dec-2025 17:57:51.127 INFO [main] org.apache.jasper.servlet.TldScanner.scanJars At least one JAR was scanned for TLDs yet contained no TLDs. Enable debug logging for this logger for a complete list of JARs that were scanned but no TLDs were found in them. Skipping unneeded JARs during scanning can improve startup time and JSP compilation time.
15-Dec-2025 17:57:51.129 INFO [main] org.apache.catalina.startup.HostConfig.deployDirectory Deployment of web application directory [/home/infoetu/baptiste.lavogiez.etu/ctp-web/tomcat/webapps/ctp-2025] has finished in [81] ms
15-Dec-2025 17:57:51.129 INFO [main] org.apache.catalina.startup.HostConfig.deployDirectory Deploying web application directory [/home/infoetu/baptiste.lavogiez.etu/ctp-web/tomcat/webapps/manager]
15-Dec-2025 17:57:51.175 INFO [main] org.apache.jasper.servlet.TldScanner.scanJars At least one JAR was scanned for TLDs yet contained no TLDs. Enable debug logging for this logger for a complete list of JARs that were scanned but no TLDs were found in them. Skipping unneeded JARs during scanning can improve startup time and JSP compilation time.
15-Dec-2025 17:57:51.178 INFO [main] org.apache.catalina.startup.HostConfig.deployDirectory Deployment of web application directory [/home/infoetu/baptiste.lavogiez.etu/ctp-web/tomcat/webapps/manager] has finished in [49] ms
15-Dec-2025 17:57:51.178 INFO [main] org.apache.catalina.startup.HostConfig.deployDirectory Deploying web application directory [/home/infoetu/baptiste.lavogiez.etu/ctp-web/tomcat/webapps/host-manager]
15-Dec-2025 17:57:51.222 INFO [main] org.apache.jasper.servlet.TldScanner.scanJars At least one JAR was scanned for TLDs yet contained no TLDs. Enable debug logging for this logger for a complete list of JARs that were scanned but no TLDs were found in them. Skipping unneeded JARs during scanning can improve startup time and JSP compilation time.
15-Dec-2025 17:57:51.223 INFO [main] org.apache.catalina.startup.HostConfig.deployDirectory Deployment of web application directory [/home/infoetu/baptiste.lavogiez.etu/ctp-web/tomcat/webapps/host-manager] has finished in [45] ms
15-Dec-2025 17:57:51.223 INFO [main] org.apache.catalina.startup.HostConfig.deployDirectory Deploying web application directory [/home/infoetu/baptiste.lavogiez.etu/ctp-web/tomcat/webapps/vide]
15-Dec-2025 17:57:51.273 INFO [main] org.apache.jasper.servlet.TldScanner.scanJars At least one JAR was scanned for TLDs yet contained no TLDs. Enable debug logging for this logger for a complete list of JARs that were scanned but no TLDs were found in them. Skipping unneeded JARs during scanning can improve startup time and JSP compilation time.
15-Dec-2025 17:57:51.274 INFO [main] org.apache.catalina.startup.HostConfig.deployDirectory Deployment of web application directory [/home/infoetu/baptiste.lavogiez.etu/ctp-web/tomcat/webapps/vide] has finished in [51] ms
15-Dec-2025 17:57:51.274 INFO [main] org.apache.catalina.startup.HostConfig.deployDirectory Deploying web application directory [/home/infoetu/baptiste.lavogiez.etu/ctp-web/tomcat/webapps/examples]
15-Dec-2025 17:57:51.472 INFO [main] org.apache.jasper.servlet.TldScanner.scanJars At least one JAR was scanned for TLDs yet contained no TLDs. Enable debug logging for this logger for a complete list of JARs that were scanned but no TLDs were found in them. Skipping unneeded JARs during scanning can improve startup time and JSP compilation time.
15-Dec-2025 17:57:51.487 INFO [main] org.apache.catalina.startup.HostConfig.deployDirectory Deployment of web application directory [/home/infoetu/baptiste.lavogiez.etu/ctp-web/tomcat/webapps/examples] has finished in [213] ms
15-Dec-2025 17:57:51.487 INFO [main] org.apache.catalina.startup.HostConfig.deployDirectory Deploying web application directory [/home/infoetu/baptiste.lavogiez.etu/ctp-web/tomcat/webapps/ctp]
15-Dec-2025 17:57:51.554 INFO [main] org.apache.jasper.servlet.TldScanner.scanJars At least one JAR was scanned for TLDs yet contained no TLDs. Enable debug logging for this logger for a complete list of JARs that were scanned but no TLDs were found in them. Skipping unneeded JARs during scanning can improve startup time and JSP compilation time.
15-Dec-2025 17:57:51.555 INFO [main] org.apache.catalina.startup.HostConfig.deployDirectory Deployment of web application directory [/home/infoetu/baptiste.lavogiez.etu/ctp-web/tomcat/webapps/ctp] has finished in [68] ms
15-Dec-2025 17:57:51.557 INFO [main] org.apache.coyote.AbstractProtocol.start Starting ProtocolHandler ["http-nio-8080"]
15-Dec-2025 17:57:51.562 INFO [main] org.apache.catalina.startup.Catalina.start Server startup in [767] milliseconds
15-Dec-2025 17:59:14.665 INFO [Thread-1] org.apache.coyote.AbstractProtocol.pause Pausing ProtocolHandler ["http-nio-8080"]
15-Dec-2025 17:59:14.667 INFO [Thread-1] org.apache.catalina.core.StandardService.stopInternal Stopping service [Catalina]
15-Dec-2025 17:59:14.691 INFO [Thread-1] org.apache.coyote.AbstractProtocol.stop Stopping ProtocolHandler ["http-nio-8080"]
15-Dec-2025 17:59:14.700 INFO [Thread-1] org.apache.coyote.AbstractProtocol.destroy Destroying ProtocolHandler ["http-nio-8080"]
15-Dec-2025 17:59:15.590 INFO [main] org.apache.catalina.startup.VersionLoggerListener.log Server version name:   Apache Tomcat/11.0.13
15-Dec-2025 17:59:15.592 INFO [main] org.apache.catalina.startup.VersionLoggerListener.log Server built:          Oct 10 2025 13:57:31 UTC
15-Dec-2025 17:59:15.592 INFO [main] org.apache.catalina.startup.VersionLoggerListener.log Server version number: 11.0.13.0
15-Dec-2025 17:59:15.592 INFO [main] org.apache.catalina.startup.VersionLoggerListener.log OS Name:               Linux
15-Dec-2025 17:59:15.592 INFO [main] org.apache.catalina.startup.VersionLoggerListener.log OS Version:            6.12.43+deb13-amd64
15-Dec-2025 17:59:15.592 INFO [main] org.apache.catalina.startup.VersionLoggerListener.log Architecture:          amd64
15-Dec-2025 17:59:15.592 INFO [main] org.apache.catalina.startup.VersionLoggerListener.log Java Home:             /usr/lib/jvm/java-21-openjdk-amd64
15-Dec-2025 17:59:15.592 INFO [main] org.apache.catalina.startup.VersionLoggerListener.log JVM Version:           21.0.9+10-Debian-1deb13u1
15-Dec-2025 17:59:15.592 INFO [main] org.apache.catalina.startup.VersionLoggerListener.log JVM Vendor:            Debian
15-Dec-2025 17:59:15.592 INFO [main] org.apache.catalina.startup.VersionLoggerListener.log CATALINA_BASE:         /home/infoetu/baptiste.lavogiez.etu/ctp-web/tomcat
15-Dec-2025 17:59:15.593 INFO [main] org.apache.catalina.startup.VersionLoggerListener.log CATALINA_HOME:         /home/infoetu/baptiste.lavogiez.etu/ctp-web/tomcat
15-Dec-2025 17:59:15.596 INFO [main] org.apache.catalina.startup.VersionLoggerListener.log Command line argument: -Djava.util.logging.config.file=/home/infoetu/baptiste.lavogiez.etu/ctp-web/tomcat/conf/logging.properties
15-Dec-2025 17:59:15.596 INFO [main] org.apache.catalina.startup.VersionLoggerListener.log Command line argument: -Djava.util.logging.manager=org.apache.juli.ClassLoaderLogManager
15-Dec-2025 17:59:15.597 INFO [main] org.apache.catalina.startup.VersionLoggerListener.log Command line argument: -Djdk.tls.ephemeralDHKeySize=2048
15-Dec-2025 17:59:15.597 INFO [main] org.apache.catalina.startup.VersionLoggerListener.log Command line argument: -Dorg.apache.catalina.security.SecurityListener.UMASK=0027
15-Dec-2025 17:59:15.597 INFO [main] org.apache.catalina.startup.VersionLoggerListener.log Command line argument: --add-opens=java.base/java.lang=ALL-UNNAMED
15-Dec-2025 17:59:15.597 INFO [main] org.apache.catalina.startup.VersionLoggerListener.log Command line argument: --add-opens=java.base/java.lang.reflect=ALL-UNNAMED
15-Dec-2025 17:59:15.597 INFO [main] org.apache.catalina.startup.VersionLoggerListener.log Command line argument: --add-opens=java.base/java.io=ALL-UNNAMED
15-Dec-2025 17:59:15.597 INFO [main] org.apache.catalina.startup.VersionLoggerListener.log Command line argument: --add-opens=java.base/java.util=ALL-UNNAMED
15-Dec-2025 17:59:15.597 INFO [main] org.apache.catalina.startup.VersionLoggerListener.log Command line argument: --add-opens=java.base/java.util.concurrent=ALL-UNNAMED
15-Dec-2025 17:59:15.597 INFO [main] org.apache.catalina.startup.VersionLoggerListener.log Command line argument: --add-opens=java.rmi/sun.rmi.transport=ALL-UNNAMED
15-Dec-2025 17:59:15.597 INFO [main] org.apache.catalina.startup.VersionLoggerListener.log Command line argument: --enable-native-access=ALL-UNNAMED
15-Dec-2025 17:59:15.597 INFO [main] org.apache.catalina.startup.VersionLoggerListener.log Command line argument: -Dcatalina.base=/home/infoetu/baptiste.lavogiez.etu/ctp-web/tomcat
15-Dec-2025 17:59:15.597 INFO [main] org.apache.catalina.startup.VersionLoggerListener.log Command line argument: -Dcatalina.home=/home/infoetu/baptiste.lavogiez.etu/ctp-web/tomcat
15-Dec-2025 17:59:15.597 INFO [main] org.apache.catalina.startup.VersionLoggerListener.log Command line argument: -Djava.io.tmpdir=/home/infoetu/baptiste.lavogiez.etu/ctp-web/tomcat/temp
15-Dec-2025 17:59:15.598 INFO [main] org.apache.catalina.core.AprLifecycleListener.lifecycleEvent The Apache Tomcat Native library which allows using OpenSSL was not found on the java.library.path: [/usr/java/packages/lib:/usr/lib/x86_64-linux-gnu/jni:/lib/x86_64-linux-gnu:/usr/lib/x86_64-linux-gnu:/usr/lib/jni:/lib:/usr/lib]
15-Dec-2025 17:59:15.713 INFO [main] org.apache.coyote.AbstractProtocol.init Initializing ProtocolHandler ["http-nio-8080"]
15-Dec-2025 17:59:15.722 INFO [main] org.apache.catalina.startup.Catalina.load Server initialization in [205] milliseconds
15-Dec-2025 17:59:15.738 INFO [main] org.apache.catalina.core.StandardService.startInternal Starting service [Catalina]
15-Dec-2025 17:59:15.738 INFO [main] org.apache.catalina.core.StandardEngine.startInternal Starting Servlet engine: [Apache Tomcat/11.0.13]
15-Dec-2025 17:59:15.743 INFO [main] org.apache.catalina.startup.HostConfig.deployDirectory Deploying web application directory [/home/infoetu/baptiste.lavogiez.etu/ctp-web/tomcat/webapps/ROOT]
15-Dec-2025 17:59:15.900 INFO [main] org.apache.jasper.servlet.TldScanner.scanJars At least one JAR was scanned for TLDs yet contained no TLDs. Enable debug logging for this logger for a complete list of JARs that were scanned but no TLDs were found in them. Skipping unneeded JARs during scanning can improve startup time and JSP compilation time.
15-Dec-2025 17:59:15.914 INFO [main] org.apache.catalina.startup.HostConfig.deployDirectory Deployment of web application directory [/home/infoetu/baptiste.lavogiez.etu/ctp-web/tomcat/webapps/ROOT] has finished in [171] ms
15-Dec-2025 17:59:15.914 INFO [main] org.apache.catalina.startup.HostConfig.deployDirectory Deploying web application directory [/home/infoetu/baptiste.lavogiez.etu/ctp-web/tomcat/webapps/docs]
15-Dec-2025 17:59:15.964 INFO [main] org.apache.jasper.servlet.TldScanner.scanJars At least one JAR was scanned for TLDs yet contained no TLDs. Enable debug logging for this logger for a complete list of JARs that were scanned but no TLDs were found in them. Skipping unneeded JARs during scanning can improve startup time and JSP compilation time.
15-Dec-2025 17:59:15.965 INFO [main] org.apache.catalina.startup.HostConfig.deployDirectory Deployment of web application directory [/home/infoetu/baptiste.lavogiez.etu/ctp-web/tomcat/webapps/docs] has finished in [51] ms
15-Dec-2025 17:59:15.965 INFO [main] org.apache.catalina.startup.HostConfig.deployDirectory Deploying web application directory [/home/infoetu/baptiste.lavogiez.etu/ctp-web/tomcat/webapps/ctp-2025]
15-Dec-2025 17:59:16.043 INFO [main] org.apache.jasper.servlet.TldScanner.scanJars At least one JAR was scanned for TLDs yet contained no TLDs. Enable debug logging for this logger for a complete list of JARs that were scanned but no TLDs were found in them. Skipping unneeded JARs during scanning can improve startup time and JSP compilation time.
15-Dec-2025 17:59:16.045 INFO [main] org.apache.catalina.startup.HostConfig.deployDirectory Deployment of web application directory [/home/infoetu/baptiste.lavogiez.etu/ctp-web/tomcat/webapps/ctp-2025] has finished in [80] ms
15-Dec-2025 17:59:16.045 INFO [main] org.apache.catalina.startup.HostConfig.deployDirectory Deploying web application directory [/home/infoetu/baptiste.lavogiez.etu/ctp-web/tomcat/webapps/manager]
15-Dec-2025 17:59:16.094 INFO [main] org.apache.jasper.servlet.TldScanner.scanJars At least one JAR was scanned for TLDs yet contained no TLDs. Enable debug logging for this logger for a complete list of JARs that were scanned but no TLDs were found in them. Skipping unneeded JARs during scanning can improve startup time and JSP compilation time.
15-Dec-2025 17:59:16.097 INFO [main] org.apache.catalina.startup.HostConfig.deployDirectory Deployment of web application directory [/home/infoetu/baptiste.lavogiez.etu/ctp-web/tomcat/webapps/manager] has finished in [52] ms
15-Dec-2025 17:59:16.097 INFO [main] org.apache.catalina.startup.HostConfig.deployDirectory Deploying web application directory [/home/infoetu/baptiste.lavogiez.etu/ctp-web/tomcat/webapps/host-manager]
15-Dec-2025 17:59:16.142 INFO [main] org.apache.jasper.servlet.TldScanner.scanJars At least one JAR was scanned for TLDs yet contained no TLDs. Enable debug logging for this logger for a complete list of JARs that were scanned but no TLDs were found in them. Skipping unneeded JARs during scanning can improve startup time and JSP compilation time.
15-Dec-2025 17:59:16.143 INFO [main] org.apache.catalina.startup.HostConfig.deployDirectory Deployment of web application directory [/home/infoetu/baptiste.lavogiez.etu/ctp-web/tomcat/webapps/host-manager] has finished in [46] ms
15-Dec-2025 17:59:16.143 INFO [main] org.apache.catalina.startup.HostConfig.deployDirectory Deploying web application directory [/home/infoetu/baptiste.lavogiez.etu/ctp-web/tomcat/webapps/vide]
15-Dec-2025 17:59:16.196 INFO [main] org.apache.jasper.servlet.TldScanner.scanJars At least one JAR was scanned for TLDs yet contained no TLDs. Enable debug logging for this logger for a complete list of JARs that were scanned but no TLDs were found in them. Skipping unneeded JARs during scanning can improve startup time and JSP compilation time.
15-Dec-2025 17:59:16.196 INFO [main] org.apache.catalina.startup.HostConfig.deployDirectory Deployment of web application directory [/home/infoetu/baptiste.lavogiez.etu/ctp-web/tomcat/webapps/vide] has finished in [53] ms
15-Dec-2025 17:59:16.197 INFO [main] org.apache.catalina.startup.HostConfig.deployDirectory Deploying web application directory [/home/infoetu/baptiste.lavogiez.etu/ctp-web/tomcat/webapps/examples]
15-Dec-2025 17:59:16.396 INFO [main] org.apache.jasper.servlet.TldScanner.scanJars At least one JAR was scanned for TLDs yet contained no TLDs. Enable debug logging for this logger for a complete list of JARs that were scanned but no TLDs were found in them. Skipping unneeded JARs during scanning can improve startup time and JSP compilation time.
15-Dec-2025 17:59:16.408 INFO [main] org.apache.catalina.startup.HostConfig.deployDirectory Deployment of web application directory [/home/infoetu/baptiste.lavogiez.etu/ctp-web/tomcat/webapps/examples] has finished in [211] ms
15-Dec-2025 17:59:16.408 INFO [main] org.apache.catalina.startup.HostConfig.deployDirectory Deploying web application directory [/home/infoetu/baptiste.lavogiez.etu/ctp-web/tomcat/webapps/ctp]
15-Dec-2025 17:59:16.471 INFO [main] org.apache.jasper.servlet.TldScanner.scanJars At least one JAR was scanned for TLDs yet contained no TLDs. Enable debug logging for this logger for a complete list of JARs that were scanned but no TLDs were found in them. Skipping unneeded JARs during scanning can improve startup time and JSP compilation time.
15-Dec-2025 17:59:16.472 INFO [main] org.apache.catalina.startup.HostConfig.deployDirectory Deployment of web application directory [/home/infoetu/baptiste.lavogiez.etu/ctp-web/tomcat/webapps/ctp] has finished in [64] ms
15-Dec-2025 17:59:16.474 INFO [main] org.apache.coyote.AbstractProtocol.start Starting ProtocolHandler ["http-nio-8080"]
15-Dec-2025 17:59:16.481 INFO [main] org.apache.catalina.startup.Catalina.start Server startup in [758] milliseconds
15-Dec-2025 18:01:16.589 INFO [Catalina-utility-2] org.apache.catalina.core.StandardContext.reload Reloading Context with name [/ctp-2025] has started
15-Dec-2025 18:01:16.674 INFO [Catalina-utility-2] org.apache.jasper.servlet.TldScanner.scanJars At least one JAR was scanned for TLDs yet contained no TLDs. Enable debug logging for this logger for a complete list of JARs that were scanned but no TLDs were found in them. Skipping unneeded JARs during scanning can improve startup time and JSP compilation time.
15-Dec-2025 18:01:16.675 INFO [Catalina-utility-2] org.apache.catalina.core.StandardContext.reload Reloading Context with name [/ctp-2025] is completed
15-Dec-2025 18:01:16.867 INFO [Thread-1] org.apache.coyote.AbstractProtocol.pause Pausing ProtocolHandler ["http-nio-8080"]
15-Dec-2025 18:01:16.869 INFO [Thread-1] org.apache.catalina.core.StandardService.stopInternal Stopping service [Catalina]
15-Dec-2025 18:01:16.888 INFO [Thread-1] org.apache.coyote.AbstractProtocol.stop Stopping ProtocolHandler ["http-nio-8080"]
15-Dec-2025 18:01:16.891 INFO [Thread-1] org.apache.coyote.AbstractProtocol.destroy Destroying ProtocolHandler ["http-nio-8080"]
15-Dec-2025 18:01:17.794 INFO [main] org.apache.catalina.startup.VersionLoggerListener.log Server version name:   Apache Tomcat/11.0.13
15-Dec-2025 18:01:17.796 INFO [main] org.apache.catalina.startup.VersionLoggerListener.log Server built:          Oct 10 2025 13:57:31 UTC
15-Dec-2025 18:01:17.796 INFO [main] org.apache.catalina.startup.VersionLoggerListener.log Server version number: 11.0.13.0
15-Dec-2025 18:01:17.796 INFO [main] org.apache.catalina.startup.VersionLoggerListener.log OS Name:               Linux
15-Dec-2025 18:01:17.796 INFO [main] org.apache.catalina.startup.VersionLoggerListener.log OS Version:            6.12.43+deb13-amd64
15-Dec-2025 18:01:17.796 INFO [main] org.apache.catalina.startup.VersionLoggerListener.log Architecture:          amd64
15-Dec-2025 18:01:17.796 INFO [main] org.apache.catalina.startup.VersionLoggerListener.log Java Home:             /usr/lib/jvm/java-21-openjdk-amd64
15-Dec-2025 18:01:17.796 INFO [main] org.apache.catalina.startup.VersionLoggerListener.log JVM Version:           21.0.9+10-Debian-1deb13u1
15-Dec-2025 18:01:17.796 INFO [main] org.apache.catalina.startup.VersionLoggerListener.log JVM Vendor:            Debian
15-Dec-2025 18:01:17.796 INFO [main] org.apache.catalina.startup.VersionLoggerListener.log CATALINA_BASE:         /home/infoetu/baptiste.lavogiez.etu/ctp-web/tomcat
15-Dec-2025 18:01:17.796 INFO [main] org.apache.catalina.startup.VersionLoggerListener.log CATALINA_HOME:         /home/infoetu/baptiste.lavogiez.etu/ctp-web/tomcat
15-Dec-2025 18:01:17.800 INFO [main] org.apache.catalina.startup.VersionLoggerListener.log Command line argument: -Djava.util.logging.config.file=/home/infoetu/baptiste.lavogiez.etu/ctp-web/tomcat/conf/logging.properties
15-Dec-2025 18:01:17.801 INFO [main] org.apache.catalina.startup.VersionLoggerListener.log Command line argument: -Djava.util.logging.manager=org.apache.juli.ClassLoaderLogManager
15-Dec-2025 18:01:17.801 INFO [main] org.apache.catalina.startup.VersionLoggerListener.log Command line argument: -Djdk.tls.ephemeralDHKeySize=2048
15-Dec-2025 18:01:17.801 INFO [main] org.apache.catalina.startup.VersionLoggerListener.log Command line argument: -Dorg.apache.catalina.security.SecurityListener.UMASK=0027
15-Dec-2025 18:01:17.801 INFO [main] org.apache.catalina.startup.VersionLoggerListener.log Command line argument: --add-opens=java.base/java.lang=ALL-UNNAMED
15-Dec-2025 18:01:17.801 INFO [main] org.apache.catalina.startup.VersionLoggerListener.log Command line argument: --add-opens=java.base/java.lang.reflect=ALL-UNNAMED
15-Dec-2025 18:01:17.801 INFO [main] org.apache.catalina.startup.VersionLoggerListener.log Command line argument: --add-opens=java.base/java.io=ALL-UNNAMED
15-Dec-2025 18:01:17.801 INFO [main] org.apache.catalina.startup.VersionLoggerListener.log Command line argument: --add-opens=java.base/java.util=ALL-UNNAMED
15-Dec-2025 18:01:17.801 INFO [main] org.apache.catalina.startup.VersionLoggerListener.log Command line argument: --add-opens=java.base/java.util.concurrent=ALL-UNNAMED
15-Dec-2025 18:01:17.801 INFO [main] org.apache.catalina.startup.VersionLoggerListener.log Command line argument: --add-opens=java.rmi/sun.rmi.transport=ALL-UNNAMED
15-Dec-2025 18:01:17.801 INFO [main] org.apache.catalina.startup.VersionLoggerListener.log Command line argument: --enable-native-access=ALL-UNNAMED
15-Dec-2025 18:01:17.801 INFO [main] org.apache.catalina.startup.VersionLoggerListener.log Command line argument: -Dcatalina.base=/home/infoetu/baptiste.lavogiez.etu/ctp-web/tomcat
15-Dec-2025 18:01:17.801 INFO [main] org.apache.catalina.startup.VersionLoggerListener.log Command line argument: -Dcatalina.home=/home/infoetu/baptiste.lavogiez.etu/ctp-web/tomcat
15-Dec-2025 18:01:17.801 INFO [main] org.apache.catalina.startup.VersionLoggerListener.log Command line argument: -Djava.io.tmpdir=/home/infoetu/baptiste.lavogiez.etu/ctp-web/tomcat/temp
15-Dec-2025 18:01:17.802 INFO [main] org.apache.catalina.core.AprLifecycleListener.lifecycleEvent The Apache Tomcat Native library which allows using OpenSSL was not found on the java.library.path: [/usr/java/packages/lib:/usr/lib/x86_64-linux-gnu/jni:/lib/x86_64-linux-gnu:/usr/lib/x86_64-linux-gnu:/usr/lib/jni:/lib:/usr/lib]
15-Dec-2025 18:01:17.921 INFO [main] org.apache.coyote.AbstractProtocol.init Initializing ProtocolHandler ["http-nio-8080"]
15-Dec-2025 18:01:17.930 INFO [main] org.apache.catalina.startup.Catalina.load Server initialization in [207] milliseconds
15-Dec-2025 18:01:17.947 INFO [main] org.apache.catalina.core.StandardService.startInternal Starting service [Catalina]
15-Dec-2025 18:01:17.947 INFO [main] org.apache.catalina.core.StandardEngine.startInternal Starting Servlet engine: [Apache Tomcat/11.0.13]
15-Dec-2025 18:01:17.952 INFO [main] org.apache.catalina.startup.HostConfig.deployDirectory Deploying web application directory [/home/infoetu/baptiste.lavogiez.etu/ctp-web/tomcat/webapps/ROOT]
15-Dec-2025 18:01:18.113 INFO [main] org.apache.jasper.servlet.TldScanner.scanJars At least one JAR was scanned for TLDs yet contained no TLDs. Enable debug logging for this logger for a complete list of JARs that were scanned but no TLDs were found in them. Skipping unneeded JARs during scanning can improve startup time and JSP compilation time.
15-Dec-2025 18:01:18.127 INFO [main] org.apache.catalina.startup.HostConfig.deployDirectory Deployment of web application directory [/home/infoetu/baptiste.lavogiez.etu/ctp-web/tomcat/webapps/ROOT] has finished in [175] ms
15-Dec-2025 18:01:18.127 INFO [main] org.apache.catalina.startup.HostConfig.deployDirectory Deploying web application directory [/home/infoetu/baptiste.lavogiez.etu/ctp-web/tomcat/webapps/docs]
15-Dec-2025 18:01:18.176 INFO [main] org.apache.jasper.servlet.TldScanner.scanJars At least one JAR was scanned for TLDs yet contained no TLDs. Enable debug logging for this logger for a complete list of JARs that were scanned but no TLDs were found in them. Skipping unneeded JARs during scanning can improve startup time and JSP compilation time.
15-Dec-2025 18:01:18.177 INFO [main] org.apache.catalina.startup.HostConfig.deployDirectory Deployment of web application directory [/home/infoetu/baptiste.lavogiez.etu/ctp-web/tomcat/webapps/docs] has finished in [50] ms
15-Dec-2025 18:01:18.177 INFO [main] org.apache.catalina.startup.HostConfig.deployDirectory Deploying web application directory [/home/infoetu/baptiste.lavogiez.etu/ctp-web/tomcat/webapps/ctp-2025]
15-Dec-2025 18:01:18.243 INFO [main] org.apache.jasper.servlet.TldScanner.scanJars At least one JAR was scanned for TLDs yet contained no TLDs. Enable debug logging for this logger for a complete list of JARs that were scanned but no TLDs were found in them. Skipping unneeded JARs during scanning can improve startup time and JSP compilation time.
15-Dec-2025 18:01:18.245 INFO [main] org.apache.catalina.startup.HostConfig.deployDirectory Deployment of web application directory [/home/infoetu/baptiste.lavogiez.etu/ctp-web/tomcat/webapps/ctp-2025] has finished in [68] ms
15-Dec-2025 18:01:18.245 INFO [main] org.apache.catalina.startup.HostConfig.deployDirectory Deploying web application directory [/home/infoetu/baptiste.lavogiez.etu/ctp-web/tomcat/webapps/manager]
15-Dec-2025 18:01:18.293 INFO [main] org.apache.jasper.servlet.TldScanner.scanJars At least one JAR was scanned for TLDs yet contained no TLDs. Enable debug logging for this logger for a complete list of JARs that were scanned but no TLDs were found in them. Skipping unneeded JARs during scanning can improve startup time and JSP compilation time.
15-Dec-2025 18:01:18.296 INFO [main] org.apache.catalina.startup.HostConfig.deployDirectory Deployment of web application directory [/home/infoetu/baptiste.lavogiez.etu/ctp-web/tomcat/webapps/manager] has finished in [51] ms
15-Dec-2025 18:01:18.296 INFO [main] org.apache.catalina.startup.HostConfig.deployDirectory Deploying web application directory [/home/infoetu/baptiste.lavogiez.etu/ctp-web/tomcat/webapps/host-manager]
15-Dec-2025 18:01:18.340 INFO [main] org.apache.jasper.servlet.TldScanner.scanJars At least one JAR was scanned for TLDs yet contained no TLDs. Enable debug logging for this logger for a complete list of JARs that were scanned but no TLDs were found in them. Skipping unneeded JARs during scanning can improve startup time and JSP compilation time.
15-Dec-2025 18:01:18.341 INFO [main] org.apache.catalina.startup.HostConfig.deployDirectory Deployment of web application directory [/home/infoetu/baptiste.lavogiez.etu/ctp-web/tomcat/webapps/host-manager] has finished in [45] ms
15-Dec-2025 18:01:18.341 INFO [main] org.apache.catalina.startup.HostConfig.deployDirectory Deploying web application directory [/home/infoetu/baptiste.lavogiez.etu/ctp-web/tomcat/webapps/vide]
15-Dec-2025 18:01:18.396 INFO [main] org.apache.jasper.servlet.TldScanner.scanJars At least one JAR was scanned for TLDs yet contained no TLDs. Enable debug logging for this logger for a complete list of JARs that were scanned but no TLDs were found in them. Skipping unneeded JARs during scanning can improve startup time and JSP compilation time.
15-Dec-2025 18:01:18.397 INFO [main] org.apache.catalina.startup.HostConfig.deployDirectory Deployment of web application directory [/home/infoetu/baptiste.lavogiez.etu/ctp-web/tomcat/webapps/vide] has finished in [56] ms
15-Dec-2025 18:01:18.398 INFO [main] org.apache.catalina.startup.HostConfig.deployDirectory Deploying web application directory [/home/infoetu/baptiste.lavogiez.etu/ctp-web/tomcat/webapps/examples]
15-Dec-2025 18:01:18.608 INFO [main] org.apache.jasper.servlet.TldScanner.scanJars At least one JAR was scanned for TLDs yet contained no TLDs. Enable debug logging for this logger for a complete list of JARs that were scanned but no TLDs were found in them. Skipping unneeded JARs during scanning can improve startup time and JSP compilation time.
15-Dec-2025 18:01:18.622 INFO [main] org.apache.catalina.startup.HostConfig.deployDirectory Deployment of web application directory [/home/infoetu/baptiste.lavogiez.etu/ctp-web/tomcat/webapps/examples] has finished in [224] ms
15-Dec-2025 18:01:18.622 INFO [main] org.apache.catalina.startup.HostConfig.deployDirectory Deploying web application directory [/home/infoetu/baptiste.lavogiez.etu/ctp-web/tomcat/webapps/ctp]
15-Dec-2025 18:01:18.686 INFO [main] org.apache.jasper.servlet.TldScanner.scanJars At least one JAR was scanned for TLDs yet contained no TLDs. Enable debug logging for this logger for a complete list of JARs that were scanned but no TLDs were found in them. Skipping unneeded JARs during scanning can improve startup time and JSP compilation time.
15-Dec-2025 18:01:18.687 INFO [main] org.apache.catalina.startup.HostConfig.deployDirectory Deployment of web application directory [/home/infoetu/baptiste.lavogiez.etu/ctp-web/tomcat/webapps/ctp] has finished in [65] ms
15-Dec-2025 18:01:18.689 INFO [main] org.apache.coyote.AbstractProtocol.start Starting ProtocolHandler ["http-nio-8080"]
15-Dec-2025 18:01:18.695 INFO [main] org.apache.catalina.startup.Catalina.start Server startup in [764] milliseconds
15-Dec-2025 18:02:00.637 INFO [Thread-1] org.apache.coyote.AbstractProtocol.pause Pausing ProtocolHandler ["http-nio-8080"]
15-Dec-2025 18:02:00.639 INFO [Thread-1] org.apache.catalina.core.StandardService.stopInternal Stopping service [Catalina]
15-Dec-2025 18:02:00.655 INFO [Thread-1] org.apache.coyote.AbstractProtocol.stop Stopping ProtocolHandler ["http-nio-8080"]
15-Dec-2025 18:02:00.662 INFO [Thread-1] org.apache.coyote.AbstractProtocol.destroy Destroying ProtocolHandler ["http-nio-8080"]
15-Dec-2025 18:02:01.630 INFO [main] org.apache.catalina.startup.VersionLoggerListener.log Server version name:   Apache Tomcat/11.0.13
15-Dec-2025 18:02:01.632 INFO [main] org.apache.catalina.startup.VersionLoggerListener.log Server built:          Oct 10 2025 13:57:31 UTC
15-Dec-2025 18:02:01.632 INFO [main] org.apache.catalina.startup.VersionLoggerListener.log Server version number: 11.0.13.0
15-Dec-2025 18:02:01.632 INFO [main] org.apache.catalina.startup.VersionLoggerListener.log OS Name:               Linux
15-Dec-2025 18:02:01.632 INFO [main] org.apache.catalina.startup.VersionLoggerListener.log OS Version:            6.12.43+deb13-amd64
15-Dec-2025 18:02:01.632 INFO [main] org.apache.catalina.startup.VersionLoggerListener.log Architecture:          amd64
15-Dec-2025 18:02:01.632 INFO [main] org.apache.catalina.startup.VersionLoggerListener.log Java Home:             /usr/lib/jvm/java-21-openjdk-amd64
15-Dec-2025 18:02:01.632 INFO [main] org.apache.catalina.startup.VersionLoggerListener.log JVM Version:           21.0.9+10-Debian-1deb13u1
15-Dec-2025 18:02:01.632 INFO [main] org.apache.catalina.startup.VersionLoggerListener.log JVM Vendor:            Debian
15-Dec-2025 18:02:01.632 INFO [main] org.apache.catalina.startup.VersionLoggerListener.log CATALINA_BASE:         /home/infoetu/baptiste.lavogiez.etu/ctp-web/tomcat
15-Dec-2025 18:02:01.632 INFO [main] org.apache.catalina.startup.VersionLoggerListener.log CATALINA_HOME:         /home/infoetu/baptiste.lavogiez.etu/ctp-web/tomcat
15-Dec-2025 18:02:01.636 INFO [main] org.apache.catalina.startup.VersionLoggerListener.log Command line argument: -Djava.util.logging.config.file=/home/infoetu/baptiste.lavogiez.etu/ctp-web/tomcat/conf/logging.properties
15-Dec-2025 18:02:01.636 INFO [main] org.apache.catalina.startup.VersionLoggerListener.log Command line argument: -Djava.util.logging.manager=org.apache.juli.ClassLoaderLogManager
15-Dec-2025 18:02:01.636 INFO [main] org.apache.catalina.startup.VersionLoggerListener.log Command line argument: -Djdk.tls.ephemeralDHKeySize=2048
15-Dec-2025 18:02:01.636 INFO [main] org.apache.catalina.startup.VersionLoggerListener.log Command line argument: -Dorg.apache.catalina.security.SecurityListener.UMASK=0027
15-Dec-2025 18:02:01.636 INFO [main] org.apache.catalina.startup.VersionLoggerListener.log Command line argument: --add-opens=java.base/java.lang=ALL-UNNAMED
15-Dec-2025 18:02:01.636 INFO [main] org.apache.catalina.startup.VersionLoggerListener.log Command line argument: --add-opens=java.base/java.lang.reflect=ALL-UNNAMED
15-Dec-2025 18:02:01.636 INFO [main] org.apache.catalina.startup.VersionLoggerListener.log Command line argument: --add-opens=java.base/java.io=ALL-UNNAMED
15-Dec-2025 18:02:01.637 INFO [main] org.apache.catalina.startup.VersionLoggerListener.log Command line argument: --add-opens=java.base/java.util=ALL-UNNAMED
15-Dec-2025 18:02:01.637 INFO [main] org.apache.catalina.startup.VersionLoggerListener.log Command line argument: --add-opens=java.base/java.util.concurrent=ALL-UNNAMED
15-Dec-2025 18:02:01.637 INFO [main] org.apache.catalina.startup.VersionLoggerListener.log Command line argument: --add-opens=java.rmi/sun.rmi.transport=ALL-UNNAMED
15-Dec-2025 18:02:01.637 INFO [main] org.apache.catalina.startup.VersionLoggerListener.log Command line argument: --enable-native-access=ALL-UNNAMED
15-Dec-2025 18:02:01.637 INFO [main] org.apache.catalina.startup.VersionLoggerListener.log Command line argument: -Dcatalina.base=/home/infoetu/baptiste.lavogiez.etu/ctp-web/tomcat
15-Dec-2025 18:02:01.637 INFO [main] org.apache.catalina.startup.VersionLoggerListener.log Command line argument: -Dcatalina.home=/home/infoetu/baptiste.lavogiez.etu/ctp-web/tomcat
15-Dec-2025 18:02:01.637 INFO [main] org.apache.catalina.startup.VersionLoggerListener.log Command line argument: -Djava.io.tmpdir=/home/infoetu/baptiste.lavogiez.etu/ctp-web/tomcat/temp
15-Dec-2025 18:02:01.637 INFO [main] org.apache.catalina.core.AprLifecycleListener.lifecycleEvent The Apache Tomcat Native library which allows using OpenSSL was not found on the java.library.path: [/usr/java/packages/lib:/usr/lib/x86_64-linux-gnu/jni:/lib/x86_64-linux-gnu:/usr/lib/x86_64-linux-gnu:/usr/lib/jni:/lib:/usr/lib]
15-Dec-2025 18:02:01.760 INFO [main] org.apache.coyote.AbstractProtocol.init Initializing ProtocolHandler ["http-nio-8080"]
15-Dec-2025 18:02:01.769 INFO [main] org.apache.catalina.startup.Catalina.load Server initialization in [212] milliseconds
15-Dec-2025 18:02:01.787 INFO [main] org.apache.catalina.core.StandardService.startInternal Starting service [Catalina]
15-Dec-2025 18:02:01.787 INFO [main] org.apache.catalina.core.StandardEngine.startInternal Starting Servlet engine: [Apache Tomcat/11.0.13]
15-Dec-2025 18:02:01.791 INFO [main] org.apache.catalina.startup.HostConfig.deployDirectory Deploying web application directory [/home/infoetu/baptiste.lavogiez.etu/ctp-web/tomcat/webapps/ROOT]
15-Dec-2025 18:02:01.951 INFO [main] org.apache.jasper.servlet.TldScanner.scanJars At least one JAR was scanned for TLDs yet contained no TLDs. Enable debug logging for this logger for a complete list of JARs that were scanned but no TLDs were found in them. Skipping unneeded JARs during scanning can improve startup time and JSP compilation time.
15-Dec-2025 18:02:01.965 INFO [main] org.apache.catalina.startup.HostConfig.deployDirectory Deployment of web application directory [/home/infoetu/baptiste.lavogiez.etu/ctp-web/tomcat/webapps/ROOT] has finished in [174] ms
15-Dec-2025 18:02:01.965 INFO [main] org.apache.catalina.startup.HostConfig.deployDirectory Deploying web application directory [/home/infoetu/baptiste.lavogiez.etu/ctp-web/tomcat/webapps/docs]
15-Dec-2025 18:02:02.013 INFO [main] org.apache.jasper.servlet.TldScanner.scanJars At least one JAR was scanned for TLDs yet contained no TLDs. Enable debug logging for this logger for a complete list of JARs that were scanned but no TLDs were found in them. Skipping unneeded JARs during scanning can improve startup time and JSP compilation time.
15-Dec-2025 18:02:02.013 INFO [main] org.apache.catalina.startup.HostConfig.deployDirectory Deployment of web application directory [/home/infoetu/baptiste.lavogiez.etu/ctp-web/tomcat/webapps/docs] has finished in [48] ms
15-Dec-2025 18:02:02.014 INFO [main] org.apache.catalina.startup.HostConfig.deployDirectory Deploying web application directory [/home/infoetu/baptiste.lavogiez.etu/ctp-web/tomcat/webapps/ctp-2025]
15-Dec-2025 18:02:02.087 INFO [main] org.apache.jasper.servlet.TldScanner.scanJars At least one JAR was scanned for TLDs yet contained no TLDs. Enable debug logging for this logger for a complete list of JARs that were scanned but no TLDs were found in them. Skipping unneeded JARs during scanning can improve startup time and JSP compilation time.
15-Dec-2025 18:02:02.089 INFO [main] org.apache.catalina.startup.HostConfig.deployDirectory Deployment of web application directory [/home/infoetu/baptiste.lavogiez.etu/ctp-web/tomcat/webapps/ctp-2025] has finished in [74] ms
15-Dec-2025 18:02:02.089 INFO [main] org.apache.catalina.startup.HostConfig.deployDirectory Deploying web application directory [/home/infoetu/baptiste.lavogiez.etu/ctp-web/tomcat/webapps/manager]
15-Dec-2025 18:02:02.133 INFO [main] org.apache.jasper.servlet.TldScanner.scanJars At least one JAR was scanned for TLDs yet contained no TLDs. Enable debug logging for this logger for a complete list of JARs that were scanned but no TLDs were found in them. Skipping unneeded JARs during scanning can improve startup time and JSP compilation time.
15-Dec-2025 18:02:02.136 INFO [main] org.apache.catalina.startup.HostConfig.deployDirectory Deployment of web application directory [/home/infoetu/baptiste.lavogiez.etu/ctp-web/tomcat/webapps/manager] has finished in [47] ms
15-Dec-2025 18:02:02.136 INFO [main] org.apache.catalina.startup.HostConfig.deployDirectory Deploying web application directory [/home/infoetu/baptiste.lavogiez.etu/ctp-web/tomcat/webapps/host-manager]
15-Dec-2025 18:02:02.183 INFO [main] org.apache.jasper.servlet.TldScanner.scanJars At least one JAR was scanned for TLDs yet contained no TLDs. Enable debug logging for this logger for a complete list of JARs that were scanned but no TLDs were found in them. Skipping unneeded JARs during scanning can improve startup time and JSP compilation time.
15-Dec-2025 18:02:02.183 INFO [main] org.apache.catalina.startup.HostConfig.deployDirectory Deployment of web application directory [/home/infoetu/baptiste.lavogiez.etu/ctp-web/tomcat/webapps/host-manager] has finished in [47] ms
15-Dec-2025 18:02:02.184 INFO [main] org.apache.catalina.startup.HostConfig.deployDirectory Deploying web application directory [/home/infoetu/baptiste.lavogiez.etu/ctp-web/tomcat/webapps/vide]
15-Dec-2025 18:02:02.230 INFO [main] org.apache.jasper.servlet.TldScanner.scanJars At least one JAR was scanned for TLDs yet contained no TLDs. Enable debug logging for this logger for a complete list of JARs that were scanned but no TLDs were found in them. Skipping unneeded JARs during scanning can improve startup time and JSP compilation time.
15-Dec-2025 18:02:02.231 INFO [main] org.apache.catalina.startup.HostConfig.deployDirectory Deployment of web application directory [/home/infoetu/baptiste.lavogiez.etu/ctp-web/tomcat/webapps/vide] has finished in [47] ms
15-Dec-2025 18:02:02.231 INFO [main] org.apache.catalina.startup.HostConfig.deployDirectory Deploying web application directory [/home/infoetu/baptiste.lavogiez.etu/ctp-web/tomcat/webapps/examples]
15-Dec-2025 18:02:02.364 INFO [main] org.apache.jasper.servlet.TldScanner.scanJars At least one JAR was scanned for TLDs yet contained no TLDs. Enable debug logging for this logger for a complete list of JARs that were scanned but no TLDs were found in them. Skipping unneeded JARs during scanning can improve startup time and JSP compilation time.
15-Dec-2025 18:02:02.377 INFO [main] org.apache.catalina.startup.HostConfig.deployDirectory Deployment of web application directory [/home/infoetu/baptiste.lavogiez.etu/ctp-web/tomcat/webapps/examples] has finished in [146] ms
15-Dec-2025 18:02:02.378 INFO [main] org.apache.catalina.startup.HostConfig.deployDirectory Deploying web application directory [/home/infoetu/baptiste.lavogiez.etu/ctp-web/tomcat/webapps/ctp]
15-Dec-2025 18:02:02.427 INFO [main] org.apache.jasper.servlet.TldScanner.scanJars At least one JAR was scanned for TLDs yet contained no TLDs. Enable debug logging for this logger for a complete list of JARs that were scanned but no TLDs were found in them. Skipping unneeded JARs during scanning can improve startup time and JSP compilation time.
15-Dec-2025 18:02:02.428 INFO [main] org.apache.catalina.startup.HostConfig.deployDirectory Deployment of web application directory [/home/infoetu/baptiste.lavogiez.etu/ctp-web/tomcat/webapps/ctp] has finished in [51] ms
15-Dec-2025 18:02:02.430 INFO [main] org.apache.coyote.AbstractProtocol.start Starting ProtocolHandler ["http-nio-8080"]
15-Dec-2025 18:02:02.435 INFO [main] org.apache.catalina.startup.Catalina.start Server startup in [665] milliseconds
15-Dec-2025 18:03:19.855 INFO [Thread-1] org.apache.coyote.AbstractProtocol.pause Pausing ProtocolHandler ["http-nio-8080"]
15-Dec-2025 18:03:19.858 INFO [Thread-1] org.apache.catalina.core.StandardService.stopInternal Stopping service [Catalina]
15-Dec-2025 18:03:19.884 INFO [Thread-1] org.apache.coyote.AbstractProtocol.stop Stopping ProtocolHandler ["http-nio-8080"]
15-Dec-2025 18:03:19.891 INFO [Thread-1] org.apache.coyote.AbstractProtocol.destroy Destroying ProtocolHandler ["http-nio-8080"]
15-Dec-2025 18:03:20.791 INFO [main] org.apache.catalina.startup.VersionLoggerListener.log Server version name:   Apache Tomcat/11.0.13
15-Dec-2025 18:03:20.793 INFO [main] org.apache.catalina.startup.VersionLoggerListener.log Server built:          Oct 10 2025 13:57:31 UTC
15-Dec-2025 18:03:20.793 INFO [main] org.apache.catalina.startup.VersionLoggerListener.log Server version number: 11.0.13.0
15-Dec-2025 18:03:20.793 INFO [main] org.apache.catalina.startup.VersionLoggerListener.log OS Name:               Linux
15-Dec-2025 18:03:20.793 INFO [main] org.apache.catalina.startup.VersionLoggerListener.log OS Version:            6.12.43+deb13-amd64
15-Dec-2025 18:03:20.793 INFO [main] org.apache.catalina.startup.VersionLoggerListener.log Architecture:          amd64
15-Dec-2025 18:03:20.793 INFO [main] org.apache.catalina.startup.VersionLoggerListener.log Java Home:             /usr/lib/jvm/java-21-openjdk-amd64
15-Dec-2025 18:03:20.793 INFO [main] org.apache.catalina.startup.VersionLoggerListener.log JVM Version:           21.0.9+10-Debian-1deb13u1
15-Dec-2025 18:03:20.793 INFO [main] org.apache.catalina.startup.VersionLoggerListener.log JVM Vendor:            Debian
15-Dec-2025 18:03:20.793 INFO [main] org.apache.catalina.startup.VersionLoggerListener.log CATALINA_BASE:         /home/infoetu/baptiste.lavogiez.etu/ctp-web/tomcat
15-Dec-2025 18:03:20.793 INFO [main] org.apache.catalina.startup.VersionLoggerListener.log CATALINA_HOME:         /home/infoetu/baptiste.lavogiez.etu/ctp-web/tomcat
15-Dec-2025 18:03:20.797 INFO [main] org.apache.catalina.startup.VersionLoggerListener.log Command line argument: -Djava.util.logging.config.file=/home/infoetu/baptiste.lavogiez.etu/ctp-web/tomcat/conf/logging.properties
15-Dec-2025 18:03:20.797 INFO [main] org.apache.catalina.startup.VersionLoggerListener.log Command line argument: -Djava.util.logging.manager=org.apache.juli.ClassLoaderLogManager
15-Dec-2025 18:03:20.797 INFO [main] org.apache.catalina.startup.VersionLoggerListener.log Command line argument: -Djdk.tls.ephemeralDHKeySize=2048
15-Dec-2025 18:03:20.797 INFO [main] org.apache.catalina.startup.VersionLoggerListener.log Command line argument: -Dorg.apache.catalina.security.SecurityListener.UMASK=0027
15-Dec-2025 18:03:20.797 INFO [main] org.apache.catalina.startup.VersionLoggerListener.log Command line argument: --add-opens=java.base/java.lang=ALL-UNNAMED
15-Dec-2025 18:03:20.797 INFO [main] org.apache.catalina.startup.VersionLoggerListener.log Command line argument: --add-opens=java.base/java.lang.reflect=ALL-UNNAMED
15-Dec-2025 18:03:20.797 INFO [main] org.apache.catalina.startup.VersionLoggerListener.log Command line argument: --add-opens=java.base/java.io=ALL-UNNAMED
15-Dec-2025 18:03:20.798 INFO [main] org.apache.catalina.startup.VersionLoggerListener.log Command line argument: --add-opens=java.base/java.util=ALL-UNNAMED
15-Dec-2025 18:03:20.798 INFO [main] org.apache.catalina.startup.VersionLoggerListener.log Command line argument: --add-opens=java.base/java.util.concurrent=ALL-UNNAMED
15-Dec-2025 18:03:20.798 INFO [main] org.apache.catalina.startup.VersionLoggerListener.log Command line argument: --add-opens=java.rmi/sun.rmi.transport=ALL-UNNAMED
15-Dec-2025 18:03:20.798 INFO [main] org.apache.catalina.startup.VersionLoggerListener.log Command line argument: --enable-native-access=ALL-UNNAMED
15-Dec-2025 18:03:20.798 INFO [main] org.apache.catalina.startup.VersionLoggerListener.log Command line argument: -Dcatalina.base=/home/infoetu/baptiste.lavogiez.etu/ctp-web/tomcat
15-Dec-2025 18:03:20.798 INFO [main] org.apache.catalina.startup.VersionLoggerListener.log Command line argument: -Dcatalina.home=/home/infoetu/baptiste.lavogiez.etu/ctp-web/tomcat
15-Dec-2025 18:03:20.798 INFO [main] org.apache.catalina.startup.VersionLoggerListener.log Command line argument: -Djava.io.tmpdir=/home/infoetu/baptiste.lavogiez.etu/ctp-web/tomcat/temp
15-Dec-2025 18:03:20.798 INFO [main] org.apache.catalina.core.AprLifecycleListener.lifecycleEvent The Apache Tomcat Native library which allows using OpenSSL was not found on the java.library.path: [/usr/java/packages/lib:/usr/lib/x86_64-linux-gnu/jni:/lib/x86_64-linux-gnu:/usr/lib/x86_64-linux-gnu:/usr/lib/jni:/lib:/usr/lib]
15-Dec-2025 18:03:20.914 INFO [main] org.apache.coyote.AbstractProtocol.init Initializing ProtocolHandler ["http-nio-8080"]
15-Dec-2025 18:03:20.923 INFO [main] org.apache.catalina.startup.Catalina.load Server initialization in [206] milliseconds
15-Dec-2025 18:03:20.939 INFO [main] org.apache.catalina.core.StandardService.startInternal Starting service [Catalina]
15-Dec-2025 18:03:20.940 INFO [main] org.apache.catalina.core.StandardEngine.startInternal Starting Servlet engine: [Apache Tomcat/11.0.13]
15-Dec-2025 18:03:20.944 INFO [main] org.apache.catalina.startup.HostConfig.deployDirectory Deploying web application directory [/home/infoetu/baptiste.lavogiez.etu/ctp-web/tomcat/webapps/ROOT]
15-Dec-2025 18:03:21.102 INFO [main] org.apache.jasper.servlet.TldScanner.scanJars At least one JAR was scanned for TLDs yet contained no TLDs. Enable debug logging for this logger for a complete list of JARs that were scanned but no TLDs were found in them. Skipping unneeded JARs during scanning can improve startup time and JSP compilation time.
15-Dec-2025 18:03:21.115 INFO [main] org.apache.catalina.startup.HostConfig.deployDirectory Deployment of web application directory [/home/infoetu/baptiste.lavogiez.etu/ctp-web/tomcat/webapps/ROOT] has finished in [171] ms
15-Dec-2025 18:03:21.116 INFO [main] org.apache.catalina.startup.HostConfig.deployDirectory Deploying web application directory [/home/infoetu/baptiste.lavogiez.etu/ctp-web/tomcat/webapps/docs]
15-Dec-2025 18:03:21.165 INFO [main] org.apache.jasper.servlet.TldScanner.scanJars At least one JAR was scanned for TLDs yet contained no TLDs. Enable debug logging for this logger for a complete list of JARs that were scanned but no TLDs were found in them. Skipping unneeded JARs during scanning can improve startup time and JSP compilation time.
15-Dec-2025 18:03:21.166 INFO [main] org.apache.catalina.startup.HostConfig.deployDirectory Deployment of web application directory [/home/infoetu/baptiste.lavogiez.etu/ctp-web/tomcat/webapps/docs] has finished in [50] ms
15-Dec-2025 18:03:21.166 INFO [main] org.apache.catalina.startup.HostConfig.deployDirectory Deploying web application directory [/home/infoetu/baptiste.lavogiez.etu/ctp-web/tomcat/webapps/ctp-2025]
15-Dec-2025 18:03:21.242 INFO [main] org.apache.jasper.servlet.TldScanner.scanJars At least one JAR was scanned for TLDs yet contained no TLDs. Enable debug logging for this logger for a complete list of JARs that were scanned but no TLDs were found in them. Skipping unneeded JARs during scanning can improve startup time and JSP compilation time.
15-Dec-2025 18:03:21.244 INFO [main] org.apache.catalina.startup.HostConfig.deployDirectory Deployment of web application directory [/home/infoetu/baptiste.lavogiez.etu/ctp-web/tomcat/webapps/ctp-2025] has finished in [78] ms
15-Dec-2025 18:03:21.244 INFO [main] org.apache.catalina.startup.HostConfig.deployDirectory Deploying web application directory [/home/infoetu/baptiste.lavogiez.etu/ctp-web/tomcat/webapps/manager]
15-Dec-2025 18:03:21.290 INFO [main] org.apache.jasper.servlet.TldScanner.scanJars At least one JAR was scanned for TLDs yet contained no TLDs. Enable debug logging for this logger for a complete list of JARs that were scanned but no TLDs were found in them. Skipping unneeded JARs during scanning can improve startup time and JSP compilation time.
15-Dec-2025 18:03:21.292 INFO [main] org.apache.catalina.startup.HostConfig.deployDirectory Deployment of web application directory [/home/infoetu/baptiste.lavogiez.etu/ctp-web/tomcat/webapps/manager] has finished in [48] ms
15-Dec-2025 18:03:21.292 INFO [main] org.apache.catalina.startup.HostConfig.deployDirectory Deploying web application directory [/home/infoetu/baptiste.lavogiez.etu/ctp-web/tomcat/webapps/host-manager]
15-Dec-2025 18:03:21.338 INFO [main] org.apache.jasper.servlet.TldScanner.scanJars At least one JAR was scanned for TLDs yet contained no TLDs. Enable debug logging for this logger for a complete list of JARs that were scanned but no TLDs were found in them. Skipping unneeded JARs during scanning can improve startup time and JSP compilation time.
15-Dec-2025 18:03:21.339 INFO [main] org.apache.catalina.startup.HostConfig.deployDirectory Deployment of web application directory [/home/infoetu/baptiste.lavogiez.etu/ctp-web/tomcat/webapps/host-manager] has finished in [47] ms
15-Dec-2025 18:03:21.339 INFO [main] org.apache.catalina.startup.HostConfig.deployDirectory Deploying web application directory [/home/infoetu/baptiste.lavogiez.etu/ctp-web/tomcat/webapps/vide]
15-Dec-2025 18:03:21.403 INFO [main] org.apache.jasper.servlet.TldScanner.scanJars At least one JAR was scanned for TLDs yet contained no TLDs. Enable debug logging for this logger for a complete list of JARs that were scanned but no TLDs were found in them. Skipping unneeded JARs during scanning can improve startup time and JSP compilation time.
15-Dec-2025 18:03:21.404 INFO [main] org.apache.catalina.startup.HostConfig.deployDirectory Deployment of web application directory [/home/infoetu/baptiste.lavogiez.etu/ctp-web/tomcat/webapps/vide] has finished in [65] ms
15-Dec-2025 18:03:21.404 INFO [main] org.apache.catalina.startup.HostConfig.deployDirectory Deploying web application directory [/home/infoetu/baptiste.lavogiez.etu/ctp-web/tomcat/webapps/examples]
15-Dec-2025 18:03:21.601 INFO [main] org.apache.jasper.servlet.TldScanner.scanJars At least one JAR was scanned for TLDs yet contained no TLDs. Enable debug logging for this logger for a complete list of JARs that were scanned but no TLDs were found in them. Skipping unneeded JARs during scanning can improve startup time and JSP compilation time.
15-Dec-2025 18:03:21.616 INFO [main] org.apache.catalina.startup.HostConfig.deployDirectory Deployment of web application directory [/home/infoetu/baptiste.lavogiez.etu/ctp-web/tomcat/webapps/examples] has finished in [212] ms
15-Dec-2025 18:03:21.616 INFO [main] org.apache.catalina.startup.HostConfig.deployDirectory Deploying web application directory [/home/infoetu/baptiste.lavogiez.etu/ctp-web/tomcat/webapps/ctp]
15-Dec-2025 18:03:21.679 INFO [main] org.apache.jasper.servlet.TldScanner.scanJars At least one JAR was scanned for TLDs yet contained no TLDs. Enable debug logging for this logger for a complete list of JARs that were scanned but no TLDs were found in them. Skipping unneeded JARs during scanning can improve startup time and JSP compilation time.
15-Dec-2025 18:03:21.680 INFO [main] org.apache.catalina.startup.HostConfig.deployDirectory Deployment of web application directory [/home/infoetu/baptiste.lavogiez.etu/ctp-web/tomcat/webapps/ctp] has finished in [64] ms
15-Dec-2025 18:03:21.682 INFO [main] org.apache.coyote.AbstractProtocol.start Starting ProtocolHandler ["http-nio-8080"]
15-Dec-2025 18:03:21.687 INFO [main] org.apache.catalina.startup.Catalina.start Server startup in [763] milliseconds
15-Dec-2025 18:03:46.729 INFO [Thread-1] org.apache.coyote.AbstractProtocol.pause Pausing ProtocolHandler ["http-nio-8080"]
15-Dec-2025 18:03:46.734 INFO [Thread-1] org.apache.catalina.core.StandardService.stopInternal Stopping service [Catalina]
15-Dec-2025 18:03:46.754 INFO [Thread-1] org.apache.coyote.AbstractProtocol.stop Stopping ProtocolHandler ["http-nio-8080"]
15-Dec-2025 18:03:46.757 INFO [Thread-1] org.apache.coyote.AbstractProtocol.destroy Destroying ProtocolHandler ["http-nio-8080"]
15-Dec-2025 18:03:47.753 INFO [main] org.apache.catalina.startup.VersionLoggerListener.log Server version name:   Apache Tomcat/11.0.13
15-Dec-2025 18:03:47.755 INFO [main] org.apache.catalina.startup.VersionLoggerListener.log Server built:          Oct 10 2025 13:57:31 UTC
15-Dec-2025 18:03:47.755 INFO [main] org.apache.catalina.startup.VersionLoggerListener.log Server version number: 11.0.13.0
15-Dec-2025 18:03:47.755 INFO [main] org.apache.catalina.startup.VersionLoggerListener.log OS Name:               Linux
15-Dec-2025 18:03:47.755 INFO [main] org.apache.catalina.startup.VersionLoggerListener.log OS Version:            6.12.43+deb13-amd64
15-Dec-2025 18:03:47.755 INFO [main] org.apache.catalina.startup.VersionLoggerListener.log Architecture:          amd64
15-Dec-2025 18:03:47.755 INFO [main] org.apache.catalina.startup.VersionLoggerListener.log Java Home:             /usr/lib/jvm/java-21-openjdk-amd64
15-Dec-2025 18:03:47.755 INFO [main] org.apache.catalina.startup.VersionLoggerListener.log JVM Version:           21.0.9+10-Debian-1deb13u1
15-Dec-2025 18:03:47.755 INFO [main] org.apache.catalina.startup.VersionLoggerListener.log JVM Vendor:            Debian
15-Dec-2025 18:03:47.755 INFO [main] org.apache.catalina.startup.VersionLoggerListener.log CATALINA_BASE:         /home/infoetu/baptiste.lavogiez.etu/ctp-web/tomcat
15-Dec-2025 18:03:47.755 INFO [main] org.apache.catalina.startup.VersionLoggerListener.log CATALINA_HOME:         /home/infoetu/baptiste.lavogiez.etu/ctp-web/tomcat
15-Dec-2025 18:03:47.759 INFO [main] org.apache.catalina.startup.VersionLoggerListener.log Command line argument: -Djava.util.logging.config.file=/home/infoetu/baptiste.lavogiez.etu/ctp-web/tomcat/conf/logging.properties
15-Dec-2025 18:03:47.759 INFO [main] org.apache.catalina.startup.VersionLoggerListener.log Command line argument: -Djava.util.logging.manager=org.apache.juli.ClassLoaderLogManager
15-Dec-2025 18:03:47.759 INFO [main] org.apache.catalina.startup.VersionLoggerListener.log Command line argument: -Djdk.tls.ephemeralDHKeySize=2048
15-Dec-2025 18:03:47.759 INFO [main] org.apache.catalina.startup.VersionLoggerListener.log Command line argument: -Dorg.apache.catalina.security.SecurityListener.UMASK=0027
15-Dec-2025 18:03:47.759 INFO [main] org.apache.catalina.startup.VersionLoggerListener.log Command line argument: --add-opens=java.base/java.lang=ALL-UNNAMED
15-Dec-2025 18:03:47.759 INFO [main] org.apache.catalina.startup.VersionLoggerListener.log Command line argument: --add-opens=java.base/java.lang.reflect=ALL-UNNAMED
15-Dec-2025 18:03:47.759 INFO [main] org.apache.catalina.startup.VersionLoggerListener.log Command line argument: --add-opens=java.base/java.io=ALL-UNNAMED
15-Dec-2025 18:03:47.759 INFO [main] org.apache.catalina.startup.VersionLoggerListener.log Command line argument: --add-opens=java.base/java.util=ALL-UNNAMED
15-Dec-2025 18:03:47.759 INFO [main] org.apache.catalina.startup.VersionLoggerListener.log Command line argument: --add-opens=java.base/java.util.concurrent=ALL-UNNAMED
15-Dec-2025 18:03:47.759 INFO [main] org.apache.catalina.startup.VersionLoggerListener.log Command line argument: --add-opens=java.rmi/sun.rmi.transport=ALL-UNNAMED
15-Dec-2025 18:03:47.759 INFO [main] org.apache.catalina.startup.VersionLoggerListener.log Command line argument: --enable-native-access=ALL-UNNAMED
15-Dec-2025 18:03:47.760 INFO [main] org.apache.catalina.startup.VersionLoggerListener.log Command line argument: -Dcatalina.base=/home/infoetu/baptiste.lavogiez.etu/ctp-web/tomcat
15-Dec-2025 18:03:47.760 INFO [main] org.apache.catalina.startup.VersionLoggerListener.log Command line argument: -Dcatalina.home=/home/infoetu/baptiste.lavogiez.etu/ctp-web/tomcat
15-Dec-2025 18:03:47.760 INFO [main] org.apache.catalina.startup.VersionLoggerListener.log Command line argument: -Djava.io.tmpdir=/home/infoetu/baptiste.lavogiez.etu/ctp-web/tomcat/temp
15-Dec-2025 18:03:47.760 INFO [main] org.apache.catalina.core.AprLifecycleListener.lifecycleEvent The Apache Tomcat Native library which allows using OpenSSL was not found on the java.library.path: [/usr/java/packages/lib:/usr/lib/x86_64-linux-gnu/jni:/lib/x86_64-linux-gnu:/usr/lib/x86_64-linux-gnu:/usr/lib/jni:/lib:/usr/lib]
15-Dec-2025 18:03:47.880 INFO [main] org.apache.coyote.AbstractProtocol.init Initializing ProtocolHandler ["http-nio-8080"]
15-Dec-2025 18:03:47.888 INFO [main] org.apache.catalina.startup.Catalina.load Server initialization in [208] milliseconds
15-Dec-2025 18:03:47.905 INFO [main] org.apache.catalina.core.StandardService.startInternal Starting service [Catalina]
15-Dec-2025 18:03:47.905 INFO [main] org.apache.catalina.core.StandardEngine.startInternal Starting Servlet engine: [Apache Tomcat/11.0.13]
15-Dec-2025 18:03:47.910 INFO [main] org.apache.catalina.startup.HostConfig.deployDirectory Deploying web application directory [/home/infoetu/baptiste.lavogiez.etu/ctp-web/tomcat/webapps/ROOT]
15-Dec-2025 18:03:48.082 INFO [main] org.apache.jasper.servlet.TldScanner.scanJars At least one JAR was scanned for TLDs yet contained no TLDs. Enable debug logging for this logger for a complete list of JARs that were scanned but no TLDs were found in them. Skipping unneeded JARs during scanning can improve startup time and JSP compilation time.
15-Dec-2025 18:03:48.095 INFO [main] org.apache.catalina.startup.HostConfig.deployDirectory Deployment of web application directory [/home/infoetu/baptiste.lavogiez.etu/ctp-web/tomcat/webapps/ROOT] has finished in [185] ms
15-Dec-2025 18:03:48.095 INFO [main] org.apache.catalina.startup.HostConfig.deployDirectory Deploying web application directory [/home/infoetu/baptiste.lavogiez.etu/ctp-web/tomcat/webapps/docs]
15-Dec-2025 18:03:48.143 INFO [main] org.apache.jasper.servlet.TldScanner.scanJars At least one JAR was scanned for TLDs yet contained no TLDs. Enable debug logging for this logger for a complete list of JARs that were scanned but no TLDs were found in them. Skipping unneeded JARs during scanning can improve startup time and JSP compilation time.
15-Dec-2025 18:03:48.143 INFO [main] org.apache.catalina.startup.HostConfig.deployDirectory Deployment of web application directory [/home/infoetu/baptiste.lavogiez.etu/ctp-web/tomcat/webapps/docs] has finished in [48] ms
15-Dec-2025 18:03:48.144 INFO [main] org.apache.catalina.startup.HostConfig.deployDirectory Deploying web application directory [/home/infoetu/baptiste.lavogiez.etu/ctp-web/tomcat/webapps/ctp-2025]
15-Dec-2025 18:03:48.216 INFO [main] org.apache.jasper.servlet.TldScanner.scanJars At least one JAR was scanned for TLDs yet contained no TLDs. Enable debug logging for this logger for a complete list of JARs that were scanned but no TLDs were found in them. Skipping unneeded JARs during scanning can improve startup time and JSP compilation time.
15-Dec-2025 18:03:48.219 INFO [main] org.apache.catalina.startup.HostConfig.deployDirectory Deployment of web application directory [/home/infoetu/baptiste.lavogiez.etu/ctp-web/tomcat/webapps/ctp-2025] has finished in [75] ms
15-Dec-2025 18:03:48.219 INFO [main] org.apache.catalina.startup.HostConfig.deployDirectory Deploying web application directory [/home/infoetu/baptiste.lavogiez.etu/ctp-web/tomcat/webapps/manager]
15-Dec-2025 18:03:48.266 INFO [main] org.apache.jasper.servlet.TldScanner.scanJars At least one JAR was scanned for TLDs yet contained no TLDs. Enable debug logging for this logger for a complete list of JARs that were scanned but no TLDs were found in them. Skipping unneeded JARs during scanning can improve startup time and JSP compilation time.
15-Dec-2025 18:03:48.268 INFO [main] org.apache.catalina.startup.HostConfig.deployDirectory Deployment of web application directory [/home/infoetu/baptiste.lavogiez.etu/ctp-web/tomcat/webapps/manager] has finished in [49] ms
15-Dec-2025 18:03:48.269 INFO [main] org.apache.catalina.startup.HostConfig.deployDirectory Deploying web application directory [/home/infoetu/baptiste.lavogiez.etu/ctp-web/tomcat/webapps/host-manager]
15-Dec-2025 18:03:48.312 INFO [main] org.apache.jasper.servlet.TldScanner.scanJars At least one JAR was scanned for TLDs yet contained no TLDs. Enable debug logging for this logger for a complete list of JARs that were scanned but no TLDs were found in them. Skipping unneeded JARs during scanning can improve startup time and JSP compilation time.
15-Dec-2025 18:03:48.313 INFO [main] org.apache.catalina.startup.HostConfig.deployDirectory Deployment of web application directory [/home/infoetu/baptiste.lavogiez.etu/ctp-web/tomcat/webapps/host-manager] has finished in [44] ms
15-Dec-2025 18:03:48.313 INFO [main] org.apache.catalina.startup.HostConfig.deployDirectory Deploying web application directory [/home/infoetu/baptiste.lavogiez.etu/ctp-web/tomcat/webapps/vide]
15-Dec-2025 18:03:48.359 INFO [main] org.apache.jasper.servlet.TldScanner.scanJars At least one JAR was scanned for TLDs yet contained no TLDs. Enable debug logging for this logger for a complete list of JARs that were scanned but no TLDs were found in them. Skipping unneeded JARs during scanning can improve startup time and JSP compilation time.
15-Dec-2025 18:03:48.360 INFO [main] org.apache.catalina.startup.HostConfig.deployDirectory Deployment of web application directory [/home/infoetu/baptiste.lavogiez.etu/ctp-web/tomcat/webapps/vide] has finished in [47] ms
15-Dec-2025 18:03:48.360 INFO [main] org.apache.catalina.startup.HostConfig.deployDirectory Deploying web application directory [/home/infoetu/baptiste.lavogiez.etu/ctp-web/tomcat/webapps/examples]
15-Dec-2025 18:03:48.509 INFO [main] org.apache.jasper.servlet.TldScanner.scanJars At least one JAR was scanned for TLDs yet contained no TLDs. Enable debug logging for this logger for a complete list of JARs that were scanned but no TLDs were found in them. Skipping unneeded JARs during scanning can improve startup time and JSP compilation time.
15-Dec-2025 18:03:48.522 INFO [main] org.apache.catalina.startup.HostConfig.deployDirectory Deployment of web application directory [/home/infoetu/baptiste.lavogiez.etu/ctp-web/tomcat/webapps/examples] has finished in [162] ms
15-Dec-2025 18:03:48.522 INFO [main] org.apache.catalina.startup.HostConfig.deployDirectory Deploying web application directory [/home/infoetu/baptiste.lavogiez.etu/ctp-web/tomcat/webapps/ctp]
15-Dec-2025 18:03:48.572 INFO [main] org.apache.jasper.servlet.TldScanner.scanJars At least one JAR was scanned for TLDs yet contained no TLDs. Enable debug logging for this logger for a complete list of JARs that were scanned but no TLDs were found in them. Skipping unneeded JARs during scanning can improve startup time and JSP compilation time.
15-Dec-2025 18:03:48.573 INFO [main] org.apache.catalina.startup.HostConfig.deployDirectory Deployment of web application directory [/home/infoetu/baptiste.lavogiez.etu/ctp-web/tomcat/webapps/ctp] has finished in [51] ms
15-Dec-2025 18:03:48.575 INFO [main] org.apache.coyote.AbstractProtocol.start Starting ProtocolHandler ["http-nio-8080"]
15-Dec-2025 18:03:48.580 INFO [main] org.apache.catalina.startup.Catalina.start Server startup in [690] milliseconds
15-Dec-2025 18:05:25.331 INFO [Thread-1] org.apache.coyote.AbstractProtocol.pause Pausing ProtocolHandler ["http-nio-8080"]
15-Dec-2025 18:05:25.334 INFO [Thread-1] org.apache.catalina.core.StandardService.stopInternal Stopping service [Catalina]
15-Dec-2025 18:05:25.360 INFO [Thread-1] org.apache.coyote.AbstractProtocol.stop Stopping ProtocolHandler ["http-nio-8080"]
15-Dec-2025 18:05:25.367 INFO [Thread-1] org.apache.coyote.AbstractProtocol.destroy Destroying ProtocolHandler ["http-nio-8080"]
15-Dec-2025 18:05:26.343 INFO [main] org.apache.catalina.startup.VersionLoggerListener.log Server version name:   Apache Tomcat/11.0.13
15-Dec-2025 18:05:26.345 INFO [main] org.apache.catalina.startup.VersionLoggerListener.log Server built:          Oct 10 2025 13:57:31 UTC
15-Dec-2025 18:05:26.345 INFO [main] org.apache.catalina.startup.VersionLoggerListener.log Server version number: 11.0.13.0
15-Dec-2025 18:05:26.345 INFO [main] org.apache.catalina.startup.VersionLoggerListener.log OS Name:               Linux
15-Dec-2025 18:05:26.345 INFO [main] org.apache.catalina.startup.VersionLoggerListener.log OS Version:            6.12.43+deb13-amd64
15-Dec-2025 18:05:26.345 INFO [main] org.apache.catalina.startup.VersionLoggerListener.log Architecture:          amd64
15-Dec-2025 18:05:26.345 INFO [main] org.apache.catalina.startup.VersionLoggerListener.log Java Home:             /usr/lib/jvm/java-21-openjdk-amd64
15-Dec-2025 18:05:26.345 INFO [main] org.apache.catalina.startup.VersionLoggerListener.log JVM Version:           21.0.9+10-Debian-1deb13u1
15-Dec-2025 18:05:26.345 INFO [main] org.apache.catalina.startup.VersionLoggerListener.log JVM Vendor:            Debian
15-Dec-2025 18:05:26.346 INFO [main] org.apache.catalina.startup.VersionLoggerListener.log CATALINA_BASE:         /home/infoetu/baptiste.lavogiez.etu/ctp-web/tomcat
15-Dec-2025 18:05:26.346 INFO [main] org.apache.catalina.startup.VersionLoggerListener.log CATALINA_HOME:         /home/infoetu/baptiste.lavogiez.etu/ctp-web/tomcat
15-Dec-2025 18:05:26.350 INFO [main] org.apache.catalina.startup.VersionLoggerListener.log Command line argument: -Djava.util.logging.config.file=/home/infoetu/baptiste.lavogiez.etu/ctp-web/tomcat/conf/logging.properties
15-Dec-2025 18:05:26.350 INFO [main] org.apache.catalina.startup.VersionLoggerListener.log Command line argument: -Djava.util.logging.manager=org.apache.juli.ClassLoaderLogManager
15-Dec-2025 18:05:26.350 INFO [main] org.apache.catalina.startup.VersionLoggerListener.log Command line argument: -Djdk.tls.ephemeralDHKeySize=2048
15-Dec-2025 18:05:26.350 INFO [main] org.apache.catalina.startup.VersionLoggerListener.log Command line argument: -Dorg.apache.catalina.security.SecurityListener.UMASK=0027
15-Dec-2025 18:05:26.350 INFO [main] org.apache.catalina.startup.VersionLoggerListener.log Command line argument: --add-opens=java.base/java.lang=ALL-UNNAMED
15-Dec-2025 18:05:26.350 INFO [main] org.apache.catalina.startup.VersionLoggerListener.log Command line argument: --add-opens=java.base/java.lang.reflect=ALL-UNNAMED
15-Dec-2025 18:05:26.350 INFO [main] org.apache.catalina.startup.VersionLoggerListener.log Command line argument: --add-opens=java.base/java.io=ALL-UNNAMED
15-Dec-2025 18:05:26.350 INFO [main] org.apache.catalina.startup.VersionLoggerListener.log Command line argument: --add-opens=java.base/java.util=ALL-UNNAMED
15-Dec-2025 18:05:26.350 INFO [main] org.apache.catalina.startup.VersionLoggerListener.log Command line argument: --add-opens=java.base/java.util.concurrent=ALL-UNNAMED
15-Dec-2025 18:05:26.350 INFO [main] org.apache.catalina.startup.VersionLoggerListener.log Command line argument: --add-opens=java.rmi/sun.rmi.transport=ALL-UNNAMED
15-Dec-2025 18:05:26.350 INFO [main] org.apache.catalina.startup.VersionLoggerListener.log Command line argument: --enable-native-access=ALL-UNNAMED
15-Dec-2025 18:05:26.350 INFO [main] org.apache.catalina.startup.VersionLoggerListener.log Command line argument: -Dcatalina.base=/home/infoetu/baptiste.lavogiez.etu/ctp-web/tomcat
15-Dec-2025 18:05:26.350 INFO [main] org.apache.catalina.startup.VersionLoggerListener.log Command line argument: -Dcatalina.home=/home/infoetu/baptiste.lavogiez.etu/ctp-web/tomcat
15-Dec-2025 18:05:26.351 INFO [main] org.apache.catalina.startup.VersionLoggerListener.log Command line argument: -Djava.io.tmpdir=/home/infoetu/baptiste.lavogiez.etu/ctp-web/tomcat/temp
15-Dec-2025 18:05:26.351 INFO [main] org.apache.catalina.core.AprLifecycleListener.lifecycleEvent The Apache Tomcat Native library which allows using OpenSSL was not found on the java.library.path: [/usr/java/packages/lib:/usr/lib/x86_64-linux-gnu/jni:/lib/x86_64-linux-gnu:/usr/lib/x86_64-linux-gnu:/usr/lib/jni:/lib:/usr/lib]
15-Dec-2025 18:05:26.474 INFO [main] org.apache.coyote.AbstractProtocol.init Initializing ProtocolHandler ["http-nio-8080"]
15-Dec-2025 18:05:26.483 INFO [main] org.apache.catalina.startup.Catalina.load Server initialization in [210] milliseconds
15-Dec-2025 18:05:26.499 INFO [main] org.apache.catalina.core.StandardService.startInternal Starting service [Catalina]
15-Dec-2025 18:05:26.499 INFO [main] org.apache.catalina.core.StandardEngine.startInternal Starting Servlet engine: [Apache Tomcat/11.0.13]
15-Dec-2025 18:05:26.504 INFO [main] org.apache.catalina.startup.HostConfig.deployDirectory Deploying web application directory [/home/infoetu/baptiste.lavogiez.etu/ctp-web/tomcat/webapps/ROOT]
15-Dec-2025 18:05:26.673 INFO [main] org.apache.jasper.servlet.TldScanner.scanJars At least one JAR was scanned for TLDs yet contained no TLDs. Enable debug logging for this logger for a complete list of JARs that were scanned but no TLDs were found in them. Skipping unneeded JARs during scanning can improve startup time and JSP compilation time.
15-Dec-2025 18:05:26.687 INFO [main] org.apache.catalina.startup.HostConfig.deployDirectory Deployment of web application directory [/home/infoetu/baptiste.lavogiez.etu/ctp-web/tomcat/webapps/ROOT] has finished in [183] ms
15-Dec-2025 18:05:26.687 INFO [main] org.apache.catalina.startup.HostConfig.deployDirectory Deploying web application directory [/home/infoetu/baptiste.lavogiez.etu/ctp-web/tomcat/webapps/docs]
15-Dec-2025 18:05:26.739 INFO [main] org.apache.jasper.servlet.TldScanner.scanJars At least one JAR was scanned for TLDs yet contained no TLDs. Enable debug logging for this logger for a complete list of JARs that were scanned but no TLDs were found in them. Skipping unneeded JARs during scanning can improve startup time and JSP compilation time.
15-Dec-2025 18:05:26.740 INFO [main] org.apache.catalina.startup.HostConfig.deployDirectory Deployment of web application directory [/home/infoetu/baptiste.lavogiez.etu/ctp-web/tomcat/webapps/docs] has finished in [52] ms
15-Dec-2025 18:05:26.740 INFO [main] org.apache.catalina.startup.HostConfig.deployDirectory Deploying web application directory [/home/infoetu/baptiste.lavogiez.etu/ctp-web/tomcat/webapps/ctp-2025]
15-Dec-2025 18:05:26.816 INFO [main] org.apache.jasper.servlet.TldScanner.scanJars At least one JAR was scanned for TLDs yet contained no TLDs. Enable debug logging for this logger for a complete list of JARs that were scanned but no TLDs were found in them. Skipping unneeded JARs during scanning can improve startup time and JSP compilation time.
15-Dec-2025 18:05:26.818 INFO [main] org.apache.catalina.startup.HostConfig.deployDirectory Deployment of web application directory [/home/infoetu/baptiste.lavogiez.etu/ctp-web/tomcat/webapps/ctp-2025] has finished in [77] ms
15-Dec-2025 18:05:26.818 INFO [main] org.apache.catalina.startup.HostConfig.deployDirectory Deploying web application directory [/home/infoetu/baptiste.lavogiez.etu/ctp-web/tomcat/webapps/manager]
15-Dec-2025 18:05:26.867 INFO [main] org.apache.jasper.servlet.TldScanner.scanJars At least one JAR was scanned for TLDs yet contained no TLDs. Enable debug logging for this logger for a complete list of JARs that were scanned but no TLDs were found in them. Skipping unneeded JARs during scanning can improve startup time and JSP compilation time.
15-Dec-2025 18:05:26.870 INFO [main] org.apache.catalina.startup.HostConfig.deployDirectory Deployment of web application directory [/home/infoetu/baptiste.lavogiez.etu/ctp-web/tomcat/webapps/manager] has finished in [52] ms
15-Dec-2025 18:05:26.870 INFO [main] org.apache.catalina.startup.HostConfig.deployDirectory Deploying web application directory [/home/infoetu/baptiste.lavogiez.etu/ctp-web/tomcat/webapps/host-manager]
15-Dec-2025 18:05:26.915 INFO [main] org.apache.jasper.servlet.TldScanner.scanJars At least one JAR was scanned for TLDs yet contained no TLDs. Enable debug logging for this logger for a complete list of JARs that were scanned but no TLDs were found in them. Skipping unneeded JARs during scanning can improve startup time and JSP compilation time.
15-Dec-2025 18:05:26.916 INFO [main] org.apache.catalina.startup.HostConfig.deployDirectory Deployment of web application directory [/home/infoetu/baptiste.lavogiez.etu/ctp-web/tomcat/webapps/host-manager] has finished in [46] ms
15-Dec-2025 18:05:26.916 INFO [main] org.apache.catalina.startup.HostConfig.deployDirectory Deploying web application directory [/home/infoetu/baptiste.lavogiez.etu/ctp-web/tomcat/webapps/vide]
15-Dec-2025 18:05:26.967 INFO [main] org.apache.jasper.servlet.TldScanner.scanJars At least one JAR was scanned for TLDs yet contained no TLDs. Enable debug logging for this logger for a complete list of JARs that were scanned but no TLDs were found in them. Skipping unneeded JARs during scanning can improve startup time and JSP compilation time.
15-Dec-2025 18:05:26.968 INFO [main] org.apache.catalina.startup.HostConfig.deployDirectory Deployment of web application directory [/home/infoetu/baptiste.lavogiez.etu/ctp-web/tomcat/webapps/vide] has finished in [52] ms
15-Dec-2025 18:05:26.968 INFO [main] org.apache.catalina.startup.HostConfig.deployDirectory Deploying web application directory [/home/infoetu/baptiste.lavogiez.etu/ctp-web/tomcat/webapps/examples]
15-Dec-2025 18:05:27.181 INFO [main] org.apache.jasper.servlet.TldScanner.scanJars At least one JAR was scanned for TLDs yet contained no TLDs. Enable debug logging for this logger for a complete list of JARs that were scanned but no TLDs were found in them. Skipping unneeded JARs during scanning can improve startup time and JSP compilation time.
15-Dec-2025 18:05:27.196 INFO [main] org.apache.catalina.startup.HostConfig.deployDirectory Deployment of web application directory [/home/infoetu/baptiste.lavogiez.etu/ctp-web/tomcat/webapps/examples] has finished in [228] ms
15-Dec-2025 18:05:27.197 INFO [main] org.apache.catalina.startup.HostConfig.deployDirectory Deploying web application directory [/home/infoetu/baptiste.lavogiez.etu/ctp-web/tomcat/webapps/ctp]
15-Dec-2025 18:05:27.265 INFO [main] org.apache.jasper.servlet.TldScanner.scanJars At least one JAR was scanned for TLDs yet contained no TLDs. Enable debug logging for this logger for a complete list of JARs that were scanned but no TLDs were found in them. Skipping unneeded JARs during scanning can improve startup time and JSP compilation time.
15-Dec-2025 18:05:27.265 INFO [main] org.apache.catalina.startup.HostConfig.deployDirectory Deployment of web application directory [/home/infoetu/baptiste.lavogiez.etu/ctp-web/tomcat/webapps/ctp] has finished in [68] ms
15-Dec-2025 18:05:27.268 INFO [main] org.apache.coyote.AbstractProtocol.start Starting ProtocolHandler ["http-nio-8080"]
15-Dec-2025 18:05:27.273 INFO [main] org.apache.catalina.startup.Catalina.start Server startup in [789] milliseconds
15-Dec-2025 18:06:07.297 INFO [Catalina-utility-2] org.apache.catalina.core.StandardContext.reload Reloading Context with name [/ctp-2025] has started
15-Dec-2025 18:06:07.368 INFO [Catalina-utility-2] org.apache.jasper.servlet.TldScanner.scanJars At least one JAR was scanned for TLDs yet contained no TLDs. Enable debug logging for this logger for a complete list of JARs that were scanned but no TLDs were found in them. Skipping unneeded JARs during scanning can improve startup time and JSP compilation time.
15-Dec-2025 18:06:07.368 INFO [Catalina-utility-2] org.apache.catalina.core.StandardContext.reload Reloading Context with name [/ctp-2025] is completed
15-Dec-2025 18:06:07.459 INFO [Thread-1] org.apache.coyote.AbstractProtocol.pause Pausing ProtocolHandler ["http-nio-8080"]
15-Dec-2025 18:06:07.464 INFO [Thread-1] org.apache.catalina.core.StandardService.stopInternal Stopping service [Catalina]
15-Dec-2025 18:06:07.490 INFO [Thread-1] org.apache.coyote.AbstractProtocol.stop Stopping ProtocolHandler ["http-nio-8080"]
15-Dec-2025 18:06:07.497 INFO [Thread-1] org.apache.coyote.AbstractProtocol.destroy Destroying ProtocolHandler ["http-nio-8080"]
15-Dec-2025 18:06:08.612 INFO [main] org.apache.catalina.startup.VersionLoggerListener.log Server version name:   Apache Tomcat/11.0.13
15-Dec-2025 18:06:08.614 INFO [main] org.apache.catalina.startup.VersionLoggerListener.log Server built:          Oct 10 2025 13:57:31 UTC
15-Dec-2025 18:06:08.614 INFO [main] org.apache.catalina.startup.VersionLoggerListener.log Server version number: 11.0.13.0
15-Dec-2025 18:06:08.614 INFO [main] org.apache.catalina.startup.VersionLoggerListener.log OS Name:               Linux
15-Dec-2025 18:06:08.614 INFO [main] org.apache.catalina.startup.VersionLoggerListener.log OS Version:            6.12.43+deb13-amd64
15-Dec-2025 18:06:08.614 INFO [main] org.apache.catalina.startup.VersionLoggerListener.log Architecture:          amd64
15-Dec-2025 18:06:08.614 INFO [main] org.apache.catalina.startup.VersionLoggerListener.log Java Home:             /usr/lib/jvm/java-21-openjdk-amd64
15-Dec-2025 18:06:08.614 INFO [main] org.apache.catalina.startup.VersionLoggerListener.log JVM Version:           21.0.9+10-Debian-1deb13u1
15-Dec-2025 18:06:08.614 INFO [main] org.apache.catalina.startup.VersionLoggerListener.log JVM Vendor:            Debian
15-Dec-2025 18:06:08.615 INFO [main] org.apache.catalina.startup.VersionLoggerListener.log CATALINA_BASE:         /home/infoetu/baptiste.lavogiez.etu/ctp-web/tomcat
15-Dec-2025 18:06:08.615 INFO [main] org.apache.catalina.startup.VersionLoggerListener.log CATALINA_HOME:         /home/infoetu/baptiste.lavogiez.etu/ctp-web/tomcat
15-Dec-2025 18:06:08.618 INFO [main] org.apache.catalina.startup.VersionLoggerListener.log Command line argument: -Djava.util.logging.config.file=/home/infoetu/baptiste.lavogiez.etu/ctp-web/tomcat/conf/logging.properties
15-Dec-2025 18:06:08.619 INFO [main] org.apache.catalina.startup.VersionLoggerListener.log Command line argument: -Djava.util.logging.manager=org.apache.juli.ClassLoaderLogManager
15-Dec-2025 18:06:08.619 INFO [main] org.apache.catalina.startup.VersionLoggerListener.log Command line argument: -Djdk.tls.ephemeralDHKeySize=2048
15-Dec-2025 18:06:08.619 INFO [main] org.apache.catalina.startup.VersionLoggerListener.log Command line argument: -Dorg.apache.catalina.security.SecurityListener.UMASK=0027
15-Dec-2025 18:06:08.619 INFO [main] org.apache.catalina.startup.VersionLoggerListener.log Command line argument: --add-opens=java.base/java.lang=ALL-UNNAMED
15-Dec-2025 18:06:08.619 INFO [main] org.apache.catalina.startup.VersionLoggerListener.log Command line argument: --add-opens=java.base/java.lang.reflect=ALL-UNNAMED
15-Dec-2025 18:06:08.619 INFO [main] org.apache.catalina.startup.VersionLoggerListener.log Command line argument: --add-opens=java.base/java.io=ALL-UNNAMED
15-Dec-2025 18:06:08.619 INFO [main] org.apache.catalina.startup.VersionLoggerListener.log Command line argument: --add-opens=java.base/java.util=ALL-UNNAMED
15-Dec-2025 18:06:08.619 INFO [main] org.apache.catalina.startup.VersionLoggerListener.log Command line argument: --add-opens=java.base/java.util.concurrent=ALL-UNNAMED
15-Dec-2025 18:06:08.619 INFO [main] org.apache.catalina.startup.VersionLoggerListener.log Command line argument: --add-opens=java.rmi/sun.rmi.transport=ALL-UNNAMED
15-Dec-2025 18:06:08.619 INFO [main] org.apache.catalina.startup.VersionLoggerListener.log Command line argument: --enable-native-access=ALL-UNNAMED
15-Dec-2025 18:06:08.619 INFO [main] org.apache.catalina.startup.VersionLoggerListener.log Command line argument: -Dcatalina.base=/home/infoetu/baptiste.lavogiez.etu/ctp-web/tomcat
15-Dec-2025 18:06:08.619 INFO [main] org.apache.catalina.startup.VersionLoggerListener.log Command line argument: -Dcatalina.home=/home/infoetu/baptiste.lavogiez.etu/ctp-web/tomcat
15-Dec-2025 18:06:08.619 INFO [main] org.apache.catalina.startup.VersionLoggerListener.log Command line argument: -Djava.io.tmpdir=/home/infoetu/baptiste.lavogiez.etu/ctp-web/tomcat/temp
15-Dec-2025 18:06:08.620 INFO [main] org.apache.catalina.core.AprLifecycleListener.lifecycleEvent The Apache Tomcat Native library which allows using OpenSSL was not found on the java.library.path: [/usr/java/packages/lib:/usr/lib/x86_64-linux-gnu/jni:/lib/x86_64-linux-gnu:/usr/lib/x86_64-linux-gnu:/usr/lib/jni:/lib:/usr/lib]
15-Dec-2025 18:06:08.736 INFO [main] org.apache.coyote.AbstractProtocol.init Initializing ProtocolHandler ["http-nio-8080"]
15-Dec-2025 18:06:08.745 INFO [main] org.apache.catalina.startup.Catalina.load Server initialization in [203] milliseconds
15-Dec-2025 18:06:08.762 INFO [main] org.apache.catalina.core.StandardService.startInternal Starting service [Catalina]
15-Dec-2025 18:06:08.762 INFO [main] org.apache.catalina.core.StandardEngine.startInternal Starting Servlet engine: [Apache Tomcat/11.0.13]
15-Dec-2025 18:06:08.767 INFO [main] org.apache.catalina.startup.HostConfig.deployDirectory Deploying web application directory [/home/infoetu/baptiste.lavogiez.etu/ctp-web/tomcat/webapps/ROOT]
15-Dec-2025 18:06:08.929 INFO [main] org.apache.jasper.servlet.TldScanner.scanJars At least one JAR was scanned for TLDs yet contained no TLDs. Enable debug logging for this logger for a complete list of JARs that were scanned but no TLDs were found in them. Skipping unneeded JARs during scanning can improve startup time and JSP compilation time.
15-Dec-2025 18:06:08.943 INFO [main] org.apache.catalina.startup.HostConfig.deployDirectory Deployment of web application directory [/home/infoetu/baptiste.lavogiez.etu/ctp-web/tomcat/webapps/ROOT] has finished in [176] ms
15-Dec-2025 18:06:08.944 INFO [main] org.apache.catalina.startup.HostConfig.deployDirectory Deploying web application directory [/home/infoetu/baptiste.lavogiez.etu/ctp-web/tomcat/webapps/docs]
15-Dec-2025 18:06:08.991 INFO [main] org.apache.jasper.servlet.TldScanner.scanJars At least one JAR was scanned for TLDs yet contained no TLDs. Enable debug logging for this logger for a complete list of JARs that were scanned but no TLDs were found in them. Skipping unneeded JARs during scanning can improve startup time and JSP compilation time.
15-Dec-2025 18:06:08.992 INFO [main] org.apache.catalina.startup.HostConfig.deployDirectory Deployment of web application directory [/home/infoetu/baptiste.lavogiez.etu/ctp-web/tomcat/webapps/docs] has finished in [48] ms
15-Dec-2025 18:06:08.992 INFO [main] org.apache.catalina.startup.HostConfig.deployDirectory Deploying web application directory [/home/infoetu/baptiste.lavogiez.etu/ctp-web/tomcat/webapps/ctp-2025]
15-Dec-2025 18:06:09.059 INFO [main] org.apache.jasper.servlet.TldScanner.scanJars At least one JAR was scanned for TLDs yet contained no TLDs. Enable debug logging for this logger for a complete list of JARs that were scanned but no TLDs were found in them. Skipping unneeded JARs during scanning can improve startup time and JSP compilation time.
15-Dec-2025 18:06:09.060 INFO [main] org.apache.catalina.startup.HostConfig.deployDirectory Deployment of web application directory [/home/infoetu/baptiste.lavogiez.etu/ctp-web/tomcat/webapps/ctp-2025] has finished in [68] ms
15-Dec-2025 18:06:09.060 INFO [main] org.apache.catalina.startup.HostConfig.deployDirectory Deploying web application directory [/home/infoetu/baptiste.lavogiez.etu/ctp-web/tomcat/webapps/manager]
15-Dec-2025 18:06:09.109 INFO [main] org.apache.jasper.servlet.TldScanner.scanJars At least one JAR was scanned for TLDs yet contained no TLDs. Enable debug logging for this logger for a complete list of JARs that were scanned but no TLDs were found in them. Skipping unneeded JARs during scanning can improve startup time and JSP compilation time.
15-Dec-2025 18:06:09.112 INFO [main] org.apache.catalina.startup.HostConfig.deployDirectory Deployment of web application directory [/home/infoetu/baptiste.lavogiez.etu/ctp-web/tomcat/webapps/manager] has finished in [52] ms
15-Dec-2025 18:06:09.113 INFO [main] org.apache.catalina.startup.HostConfig.deployDirectory Deploying web application directory [/home/infoetu/baptiste.lavogiez.etu/ctp-web/tomcat/webapps/host-manager]
15-Dec-2025 18:06:09.157 INFO [main] org.apache.jasper.servlet.TldScanner.scanJars At least one JAR was scanned for TLDs yet contained no TLDs. Enable debug logging for this logger for a complete list of JARs that were scanned but no TLDs were found in them. Skipping unneeded JARs during scanning can improve startup time and JSP compilation time.
15-Dec-2025 18:06:09.158 INFO [main] org.apache.catalina.startup.HostConfig.deployDirectory Deployment of web application directory [/home/infoetu/baptiste.lavogiez.etu/ctp-web/tomcat/webapps/host-manager] has finished in [45] ms
15-Dec-2025 18:06:09.158 INFO [main] org.apache.catalina.startup.HostConfig.deployDirectory Deploying web application directory [/home/infoetu/baptiste.lavogiez.etu/ctp-web/tomcat/webapps/vide]
15-Dec-2025 18:06:09.205 INFO [main] org.apache.jasper.servlet.TldScanner.scanJars At least one JAR was scanned for TLDs yet contained no TLDs. Enable debug logging for this logger for a complete list of JARs that were scanned but no TLDs were found in them. Skipping unneeded JARs during scanning can improve startup time and JSP compilation time.
15-Dec-2025 18:06:09.206 INFO [main] org.apache.catalina.startup.HostConfig.deployDirectory Deployment of web application directory [/home/infoetu/baptiste.lavogiez.etu/ctp-web/tomcat/webapps/vide] has finished in [48] ms
15-Dec-2025 18:06:09.206 INFO [main] org.apache.catalina.startup.HostConfig.deployDirectory Deploying web application directory [/home/infoetu/baptiste.lavogiez.etu/ctp-web/tomcat/webapps/examples]
15-Dec-2025 18:06:09.334 INFO [main] org.apache.jasper.servlet.TldScanner.scanJars At least one JAR was scanned for TLDs yet contained no TLDs. Enable debug logging for this logger for a complete list of JARs that were scanned but no TLDs were found in them. Skipping unneeded JARs during scanning can improve startup time and JSP compilation time.
15-Dec-2025 18:06:09.346 INFO [main] org.apache.catalina.startup.HostConfig.deployDirectory Deployment of web application directory [/home/infoetu/baptiste.lavogiez.etu/ctp-web/tomcat/webapps/examples] has finished in [140] ms
15-Dec-2025 18:06:09.347 INFO [main] org.apache.catalina.startup.HostConfig.deployDirectory Deploying web application directory [/home/infoetu/baptiste.lavogiez.etu/ctp-web/tomcat/webapps/ctp]
15-Dec-2025 18:06:09.396 INFO [main] org.apache.jasper.servlet.TldScanner.scanJars At least one JAR was scanned for TLDs yet contained no TLDs. Enable debug logging for this logger for a complete list of JARs that were scanned but no TLDs were found in them. Skipping unneeded JARs during scanning can improve startup time and JSP compilation time.
15-Dec-2025 18:06:09.397 INFO [main] org.apache.catalina.startup.HostConfig.deployDirectory Deployment of web application directory [/home/infoetu/baptiste.lavogiez.etu/ctp-web/tomcat/webapps/ctp] has finished in [50] ms
15-Dec-2025 18:06:09.399 INFO [main] org.apache.coyote.AbstractProtocol.start Starting ProtocolHandler ["http-nio-8080"]
15-Dec-2025 18:06:09.404 INFO [main] org.apache.catalina.startup.Catalina.start Server startup in [658] milliseconds
15-Dec-2025 18:07:12.309 INFO [Thread-1] org.apache.coyote.AbstractProtocol.pause Pausing ProtocolHandler ["http-nio-8080"]
15-Dec-2025 18:07:12.315 INFO [Thread-1] org.apache.catalina.core.StandardService.stopInternal Stopping service [Catalina]
15-Dec-2025 18:07:12.335 INFO [Thread-1] org.apache.coyote.AbstractProtocol.stop Stopping ProtocolHandler ["http-nio-8080"]
15-Dec-2025 18:07:12.338 INFO [Thread-1] org.apache.coyote.AbstractProtocol.destroy Destroying ProtocolHandler ["http-nio-8080"]
15-Dec-2025 18:07:13.401 INFO [main] org.apache.catalina.startup.VersionLoggerListener.log Server version name:   Apache Tomcat/11.0.13
15-Dec-2025 18:07:13.403 INFO [main] org.apache.catalina.startup.VersionLoggerListener.log Server built:          Oct 10 2025 13:57:31 UTC
15-Dec-2025 18:07:13.403 INFO [main] org.apache.catalina.startup.VersionLoggerListener.log Server version number: 11.0.13.0
15-Dec-2025 18:07:13.403 INFO [main] org.apache.catalina.startup.VersionLoggerListener.log OS Name:               Linux
15-Dec-2025 18:07:13.403 INFO [main] org.apache.catalina.startup.VersionLoggerListener.log OS Version:            6.12.43+deb13-amd64
15-Dec-2025 18:07:13.403 INFO [main] org.apache.catalina.startup.VersionLoggerListener.log Architecture:          amd64
15-Dec-2025 18:07:13.403 INFO [main] org.apache.catalina.startup.VersionLoggerListener.log Java Home:             /usr/lib/jvm/java-21-openjdk-amd64
15-Dec-2025 18:07:13.403 INFO [main] org.apache.catalina.startup.VersionLoggerListener.log JVM Version:           21.0.9+10-Debian-1deb13u1
15-Dec-2025 18:07:13.404 INFO [main] org.apache.catalina.startup.VersionLoggerListener.log JVM Vendor:            Debian
15-Dec-2025 18:07:13.404 INFO [main] org.apache.catalina.startup.VersionLoggerListener.log CATALINA_BASE:         /home/infoetu/baptiste.lavogiez.etu/ctp-web/tomcat
15-Dec-2025 18:07:13.404 INFO [main] org.apache.catalina.startup.VersionLoggerListener.log CATALINA_HOME:         /home/infoetu/baptiste.lavogiez.etu/ctp-web/tomcat
15-Dec-2025 18:07:13.407 INFO [main] org.apache.catalina.startup.VersionLoggerListener.log Command line argument: -Djava.util.logging.config.file=/home/infoetu/baptiste.lavogiez.etu/ctp-web/tomcat/conf/logging.properties
15-Dec-2025 18:07:13.408 INFO [main] org.apache.catalina.startup.VersionLoggerListener.log Command line argument: -Djava.util.logging.manager=org.apache.juli.ClassLoaderLogManager
15-Dec-2025 18:07:13.408 INFO [main] org.apache.catalina.startup.VersionLoggerListener.log Command line argument: -Djdk.tls.ephemeralDHKeySize=2048
15-Dec-2025 18:07:13.408 INFO [main] org.apache.catalina.startup.VersionLoggerListener.log Command line argument: -Dorg.apache.catalina.security.SecurityListener.UMASK=0027
15-Dec-2025 18:07:13.408 INFO [main] org.apache.catalina.startup.VersionLoggerListener.log Command line argument: --add-opens=java.base/java.lang=ALL-UNNAMED
15-Dec-2025 18:07:13.408 INFO [main] org.apache.catalina.startup.VersionLoggerListener.log Command line argument: --add-opens=java.base/java.lang.reflect=ALL-UNNAMED
15-Dec-2025 18:07:13.408 INFO [main] org.apache.catalina.startup.VersionLoggerListener.log Command line argument: --add-opens=java.base/java.io=ALL-UNNAMED
15-Dec-2025 18:07:13.408 INFO [main] org.apache.catalina.startup.VersionLoggerListener.log Command line argument: --add-opens=java.base/java.util=ALL-UNNAMED
15-Dec-2025 18:07:13.408 INFO [main] org.apache.catalina.startup.VersionLoggerListener.log Command line argument: --add-opens=java.base/java.util.concurrent=ALL-UNNAMED
15-Dec-2025 18:07:13.408 INFO [main] org.apache.catalina.startup.VersionLoggerListener.log Command line argument: --add-opens=java.rmi/sun.rmi.transport=ALL-UNNAMED
15-Dec-2025 18:07:13.408 INFO [main] org.apache.catalina.startup.VersionLoggerListener.log Command line argument: --enable-native-access=ALL-UNNAMED
15-Dec-2025 18:07:13.408 INFO [main] org.apache.catalina.startup.VersionLoggerListener.log Command line argument: -Dcatalina.base=/home/infoetu/baptiste.lavogiez.etu/ctp-web/tomcat
15-Dec-2025 18:07:13.408 INFO [main] org.apache.catalina.startup.VersionLoggerListener.log Command line argument: -Dcatalina.home=/home/infoetu/baptiste.lavogiez.etu/ctp-web/tomcat
15-Dec-2025 18:07:13.408 INFO [main] org.apache.catalina.startup.VersionLoggerListener.log Command line argument: -Djava.io.tmpdir=/home/infoetu/baptiste.lavogiez.etu/ctp-web/tomcat/temp
15-Dec-2025 18:07:13.409 INFO [main] org.apache.catalina.core.AprLifecycleListener.lifecycleEvent The Apache Tomcat Native library which allows using OpenSSL was not found on the java.library.path: [/usr/java/packages/lib:/usr/lib/x86_64-linux-gnu/jni:/lib/x86_64-linux-gnu:/usr/lib/x86_64-linux-gnu:/usr/lib/jni:/lib:/usr/lib]
15-Dec-2025 18:07:13.525 INFO [main] org.apache.coyote.AbstractProtocol.init Initializing ProtocolHandler ["http-nio-8080"]
15-Dec-2025 18:07:13.533 INFO [main] org.apache.catalina.startup.Catalina.load Server initialization in [204] milliseconds
15-Dec-2025 18:07:13.550 INFO [main] org.apache.catalina.core.StandardService.startInternal Starting service [Catalina]
15-Dec-2025 18:07:13.550 INFO [main] org.apache.catalina.core.StandardEngine.startInternal Starting Servlet engine: [Apache Tomcat/11.0.13]
15-Dec-2025 18:07:13.555 INFO [main] org.apache.catalina.startup.HostConfig.deployDirectory Deploying web application directory [/home/infoetu/baptiste.lavogiez.etu/ctp-web/tomcat/webapps/ROOT]
15-Dec-2025 18:07:13.713 INFO [main] org.apache.jasper.servlet.TldScanner.scanJars At least one JAR was scanned for TLDs yet contained no TLDs. Enable debug logging for this logger for a complete list of JARs that were scanned but no TLDs were found in them. Skipping unneeded JARs during scanning can improve startup time and JSP compilation time.
15-Dec-2025 18:07:13.727 INFO [main] org.apache.catalina.startup.HostConfig.deployDirectory Deployment of web application directory [/home/infoetu/baptiste.lavogiez.etu/ctp-web/tomcat/webapps/ROOT] has finished in [172] ms
15-Dec-2025 18:07:13.727 INFO [main] org.apache.catalina.startup.HostConfig.deployDirectory Deploying web application directory [/home/infoetu/baptiste.lavogiez.etu/ctp-web/tomcat/webapps/docs]
15-Dec-2025 18:07:13.777 INFO [main] org.apache.jasper.servlet.TldScanner.scanJars At least one JAR was scanned for TLDs yet contained no TLDs. Enable debug logging for this logger for a complete list of JARs that were scanned but no TLDs were found in them. Skipping unneeded JARs during scanning can improve startup time and JSP compilation time.
15-Dec-2025 18:07:13.778 INFO [main] org.apache.catalina.startup.HostConfig.deployDirectory Deployment of web application directory [/home/infoetu/baptiste.lavogiez.etu/ctp-web/tomcat/webapps/docs] has finished in [51] ms
15-Dec-2025 18:07:13.778 INFO [main] org.apache.catalina.startup.HostConfig.deployDirectory Deploying web application directory [/home/infoetu/baptiste.lavogiez.etu/ctp-web/tomcat/webapps/ctp-2025]
15-Dec-2025 18:07:13.856 INFO [main] org.apache.jasper.servlet.TldScanner.scanJars At least one JAR was scanned for TLDs yet contained no TLDs. Enable debug logging for this logger for a complete list of JARs that were scanned but no TLDs were found in them. Skipping unneeded JARs during scanning can improve startup time and JSP compilation time.
15-Dec-2025 18:07:13.858 INFO [main] org.apache.catalina.startup.HostConfig.deployDirectory Deployment of web application directory [/home/infoetu/baptiste.lavogiez.etu/ctp-web/tomcat/webapps/ctp-2025] has finished in [80] ms
15-Dec-2025 18:07:13.858 INFO [main] org.apache.catalina.startup.HostConfig.deployDirectory Deploying web application directory [/home/infoetu/baptiste.lavogiez.etu/ctp-web/tomcat/webapps/manager]
15-Dec-2025 18:07:13.905 INFO [main] org.apache.jasper.servlet.TldScanner.scanJars At least one JAR was scanned for TLDs yet contained no TLDs. Enable debug logging for this logger for a complete list of JARs that were scanned but no TLDs were found in them. Skipping unneeded JARs during scanning can improve startup time and JSP compilation time.
15-Dec-2025 18:07:13.908 INFO [main] org.apache.catalina.startup.HostConfig.deployDirectory Deployment of web application directory [/home/infoetu/baptiste.lavogiez.etu/ctp-web/tomcat/webapps/manager] has finished in [49] ms
15-Dec-2025 18:07:13.908 INFO [main] org.apache.catalina.startup.HostConfig.deployDirectory Deploying web application directory [/home/infoetu/baptiste.lavogiez.etu/ctp-web/tomcat/webapps/host-manager]
15-Dec-2025 18:07:13.951 INFO [main] org.apache.jasper.servlet.TldScanner.scanJars At least one JAR was scanned for TLDs yet contained no TLDs. Enable debug logging for this logger for a complete list of JARs that were scanned but no TLDs were found in them. Skipping unneeded JARs during scanning can improve startup time and JSP compilation time.
15-Dec-2025 18:07:13.952 INFO [main] org.apache.catalina.startup.HostConfig.deployDirectory Deployment of web application directory [/home/infoetu/baptiste.lavogiez.etu/ctp-web/tomcat/webapps/host-manager] has finished in [44] ms
15-Dec-2025 18:07:13.952 INFO [main] org.apache.catalina.startup.HostConfig.deployDirectory Deploying web application directory [/home/infoetu/baptiste.lavogiez.etu/ctp-web/tomcat/webapps/vide]
15-Dec-2025 18:07:14.004 INFO [main] org.apache.jasper.servlet.TldScanner.scanJars At least one JAR was scanned for TLDs yet contained no TLDs. Enable debug logging for this logger for a complete list of JARs that were scanned but no TLDs were found in them. Skipping unneeded JARs during scanning can improve startup time and JSP compilation time.
15-Dec-2025 18:07:14.006 INFO [main] org.apache.catalina.startup.HostConfig.deployDirectory Deployment of web application directory [/home/infoetu/baptiste.lavogiez.etu/ctp-web/tomcat/webapps/vide] has finished in [54] ms
15-Dec-2025 18:07:14.006 INFO [main] org.apache.catalina.startup.HostConfig.deployDirectory Deploying web application directory [/home/infoetu/baptiste.lavogiez.etu/ctp-web/tomcat/webapps/examples]
15-Dec-2025 18:07:14.222 INFO [main] org.apache.jasper.servlet.TldScanner.scanJars At least one JAR was scanned for TLDs yet contained no TLDs. Enable debug logging for this logger for a complete list of JARs that were scanned but no TLDs were found in them. Skipping unneeded JARs during scanning can improve startup time and JSP compilation time.
15-Dec-2025 18:07:14.237 INFO [main] org.apache.catalina.startup.HostConfig.deployDirectory Deployment of web application directory [/home/infoetu/baptiste.lavogiez.etu/ctp-web/tomcat/webapps/examples] has finished in [231] ms
15-Dec-2025 18:07:14.238 INFO [main] org.apache.catalina.startup.HostConfig.deployDirectory Deploying web application directory [/home/infoetu/baptiste.lavogiez.etu/ctp-web/tomcat/webapps/ctp]
15-Dec-2025 18:07:14.302 INFO [main] org.apache.jasper.servlet.TldScanner.scanJars At least one JAR was scanned for TLDs yet contained no TLDs. Enable debug logging for this logger for a complete list of JARs that were scanned but no TLDs were found in them. Skipping unneeded JARs during scanning can improve startup time and JSP compilation time.
15-Dec-2025 18:07:14.303 INFO [main] org.apache.catalina.startup.HostConfig.deployDirectory Deployment of web application directory [/home/infoetu/baptiste.lavogiez.etu/ctp-web/tomcat/webapps/ctp] has finished in [66] ms
15-Dec-2025 18:07:14.305 INFO [main] org.apache.coyote.AbstractProtocol.start Starting ProtocolHandler ["http-nio-8080"]
15-Dec-2025 18:07:14.310 INFO [main] org.apache.catalina.startup.Catalina.start Server startup in [776] milliseconds
15-Dec-2025 18:07:47.294 INFO [Thread-1] org.apache.coyote.AbstractProtocol.pause Pausing ProtocolHandler ["http-nio-8080"]
15-Dec-2025 18:07:47.297 INFO [Thread-1] org.apache.catalina.core.StandardService.stopInternal Stopping service [Catalina]
15-Dec-2025 18:07:47.327 INFO [Thread-1] org.apache.coyote.AbstractProtocol.stop Stopping ProtocolHandler ["http-nio-8080"]
15-Dec-2025 18:07:47.329 INFO [Thread-1] org.apache.coyote.AbstractProtocol.destroy Destroying ProtocolHandler ["http-nio-8080"]
15-Dec-2025 18:07:48.442 INFO [main] org.apache.catalina.startup.VersionLoggerListener.log Server version name:   Apache Tomcat/11.0.13
15-Dec-2025 18:07:48.444 INFO [main] org.apache.catalina.startup.VersionLoggerListener.log Server built:          Oct 10 2025 13:57:31 UTC
15-Dec-2025 18:07:48.444 INFO [main] org.apache.catalina.startup.VersionLoggerListener.log Server version number: 11.0.13.0
15-Dec-2025 18:07:48.444 INFO [main] org.apache.catalina.startup.VersionLoggerListener.log OS Name:               Linux
15-Dec-2025 18:07:48.444 INFO [main] org.apache.catalina.startup.VersionLoggerListener.log OS Version:            6.12.43+deb13-amd64
15-Dec-2025 18:07:48.444 INFO [main] org.apache.catalina.startup.VersionLoggerListener.log Architecture:          amd64
15-Dec-2025 18:07:48.444 INFO [main] org.apache.catalina.startup.VersionLoggerListener.log Java Home:             /usr/lib/jvm/java-21-openjdk-amd64
15-Dec-2025 18:07:48.444 INFO [main] org.apache.catalina.startup.VersionLoggerListener.log JVM Version:           21.0.9+10-Debian-1deb13u1
15-Dec-2025 18:07:48.444 INFO [main] org.apache.catalina.startup.VersionLoggerListener.log JVM Vendor:            Debian
15-Dec-2025 18:07:48.444 INFO [main] org.apache.catalina.startup.VersionLoggerListener.log CATALINA_BASE:         /home/infoetu/baptiste.lavogiez.etu/ctp-web/tomcat
15-Dec-2025 18:07:48.444 INFO [main] org.apache.catalina.startup.VersionLoggerListener.log CATALINA_HOME:         /home/infoetu/baptiste.lavogiez.etu/ctp-web/tomcat
15-Dec-2025 18:07:48.448 INFO [main] org.apache.catalina.startup.VersionLoggerListener.log Command line argument: -Djava.util.logging.config.file=/home/infoetu/baptiste.lavogiez.etu/ctp-web/tomcat/conf/logging.properties
15-Dec-2025 18:07:48.449 INFO [main] org.apache.catalina.startup.VersionLoggerListener.log Command line argument: -Djava.util.logging.manager=org.apache.juli.ClassLoaderLogManager
15-Dec-2025 18:07:48.449 INFO [main] org.apache.catalina.startup.VersionLoggerListener.log Command line argument: -Djdk.tls.ephemeralDHKeySize=2048
15-Dec-2025 18:07:48.449 INFO [main] org.apache.catalina.startup.VersionLoggerListener.log Command line argument: -Dorg.apache.catalina.security.SecurityListener.UMASK=0027
15-Dec-2025 18:07:48.449 INFO [main] org.apache.catalina.startup.VersionLoggerListener.log Command line argument: --add-opens=java.base/java.lang=ALL-UNNAMED
15-Dec-2025 18:07:48.449 INFO [main] org.apache.catalina.startup.VersionLoggerListener.log Command line argument: --add-opens=java.base/java.lang.reflect=ALL-UNNAMED
15-Dec-2025 18:07:48.449 INFO [main] org.apache.catalina.startup.VersionLoggerListener.log Command line argument: --add-opens=java.base/java.io=ALL-UNNAMED
15-Dec-2025 18:07:48.449 INFO [main] org.apache.catalina.startup.VersionLoggerListener.log Command line argument: --add-opens=java.base/java.util=ALL-UNNAMED
15-Dec-2025 18:07:48.449 INFO [main] org.apache.catalina.startup.VersionLoggerListener.log Command line argument: --add-opens=java.base/java.util.concurrent=ALL-UNNAMED
15-Dec-2025 18:07:48.449 INFO [main] org.apache.catalina.startup.VersionLoggerListener.log Command line argument: --add-opens=java.rmi/sun.rmi.transport=ALL-UNNAMED
15-Dec-2025 18:07:48.449 INFO [main] org.apache.catalina.startup.VersionLoggerListener.log Command line argument: --enable-native-access=ALL-UNNAMED
15-Dec-2025 18:07:48.449 INFO [main] org.apache.catalina.startup.VersionLoggerListener.log Command line argument: -Dcatalina.base=/home/infoetu/baptiste.lavogiez.etu/ctp-web/tomcat
15-Dec-2025 18:07:48.449 INFO [main] org.apache.catalina.startup.VersionLoggerListener.log Command line argument: -Dcatalina.home=/home/infoetu/baptiste.lavogiez.etu/ctp-web/tomcat
15-Dec-2025 18:07:48.449 INFO [main] org.apache.catalina.startup.VersionLoggerListener.log Command line argument: -Djava.io.tmpdir=/home/infoetu/baptiste.lavogiez.etu/ctp-web/tomcat/temp
15-Dec-2025 18:07:48.450 INFO [main] org.apache.catalina.core.AprLifecycleListener.lifecycleEvent The Apache Tomcat Native library which allows using OpenSSL was not found on the java.library.path: [/usr/java/packages/lib:/usr/lib/x86_64-linux-gnu/jni:/lib/x86_64-linux-gnu:/usr/lib/x86_64-linux-gnu:/usr/lib/jni:/lib:/usr/lib]
15-Dec-2025 18:07:48.566 INFO [main] org.apache.coyote.AbstractProtocol.init Initializing ProtocolHandler ["http-nio-8080"]
15-Dec-2025 18:07:48.574 INFO [main] org.apache.catalina.startup.Catalina.load Server initialization in [203] milliseconds
15-Dec-2025 18:07:48.591 INFO [main] org.apache.catalina.core.StandardService.startInternal Starting service [Catalina]
15-Dec-2025 18:07:48.592 INFO [main] org.apache.catalina.core.StandardEngine.startInternal Starting Servlet engine: [Apache Tomcat/11.0.13]
15-Dec-2025 18:07:48.596 INFO [main] org.apache.catalina.startup.HostConfig.deployDirectory Deploying web application directory [/home/infoetu/baptiste.lavogiez.etu/ctp-web/tomcat/webapps/ROOT]
15-Dec-2025 18:07:48.756 INFO [main] org.apache.jasper.servlet.TldScanner.scanJars At least one JAR was scanned for TLDs yet contained no TLDs. Enable debug logging for this logger for a complete list of JARs that were scanned but no TLDs were found in them. Skipping unneeded JARs during scanning can improve startup time and JSP compilation time.
15-Dec-2025 18:07:48.770 INFO [main] org.apache.catalina.startup.HostConfig.deployDirectory Deployment of web application directory [/home/infoetu/baptiste.lavogiez.etu/ctp-web/tomcat/webapps/ROOT] has finished in [174] ms
15-Dec-2025 18:07:48.770 INFO [main] org.apache.catalina.startup.HostConfig.deployDirectory Deploying web application directory [/home/infoetu/baptiste.lavogiez.etu/ctp-web/tomcat/webapps/docs]
15-Dec-2025 18:07:48.820 INFO [main] org.apache.jasper.servlet.TldScanner.scanJars At least one JAR was scanned for TLDs yet contained no TLDs. Enable debug logging for this logger for a complete list of JARs that were scanned but no TLDs were found in them. Skipping unneeded JARs during scanning can improve startup time and JSP compilation time.
15-Dec-2025 18:07:48.821 INFO [main] org.apache.catalina.startup.HostConfig.deployDirectory Deployment of web application directory [/home/infoetu/baptiste.lavogiez.etu/ctp-web/tomcat/webapps/docs] has finished in [51] ms
15-Dec-2025 18:07:48.821 INFO [main] org.apache.catalina.startup.HostConfig.deployDirectory Deploying web application directory [/home/infoetu/baptiste.lavogiez.etu/ctp-web/tomcat/webapps/ctp-2025]
15-Dec-2025 18:07:48.893 INFO [main] org.apache.jasper.servlet.TldScanner.scanJars At least one JAR was scanned for TLDs yet contained no TLDs. Enable debug logging for this logger for a complete list of JARs that were scanned but no TLDs were found in them. Skipping unneeded JARs during scanning can improve startup time and JSP compilation time.
15-Dec-2025 18:07:48.894 INFO [main] org.apache.catalina.startup.HostConfig.deployDirectory Deployment of web application directory [/home/infoetu/baptiste.lavogiez.etu/ctp-web/tomcat/webapps/ctp-2025] has finished in [73] ms
15-Dec-2025 18:07:48.895 INFO [main] org.apache.catalina.startup.HostConfig.deployDirectory Deploying web application directory [/home/infoetu/baptiste.lavogiez.etu/ctp-web/tomcat/webapps/manager]
15-Dec-2025 18:07:48.938 INFO [main] org.apache.jasper.servlet.TldScanner.scanJars At least one JAR was scanned for TLDs yet contained no TLDs. Enable debug logging for this logger for a complete list of JARs that were scanned but no TLDs were found in them. Skipping unneeded JARs during scanning can improve startup time and JSP compilation time.
15-Dec-2025 18:07:48.941 INFO [main] org.apache.catalina.startup.HostConfig.deployDirectory Deployment of web application directory [/home/infoetu/baptiste.lavogiez.etu/ctp-web/tomcat/webapps/manager] has finished in [46] ms
15-Dec-2025 18:07:48.941 INFO [main] org.apache.catalina.startup.HostConfig.deployDirectory Deploying web application directory [/home/infoetu/baptiste.lavogiez.etu/ctp-web/tomcat/webapps/host-manager]
15-Dec-2025 18:07:48.984 INFO [main] org.apache.jasper.servlet.TldScanner.scanJars At least one JAR was scanned for TLDs yet contained no TLDs. Enable debug logging for this logger for a complete list of JARs that were scanned but no TLDs were found in them. Skipping unneeded JARs during scanning can improve startup time and JSP compilation time.
15-Dec-2025 18:07:48.985 INFO [main] org.apache.catalina.startup.HostConfig.deployDirectory Deployment of web application directory [/home/infoetu/baptiste.lavogiez.etu/ctp-web/tomcat/webapps/host-manager] has finished in [43] ms
15-Dec-2025 18:07:48.985 INFO [main] org.apache.catalina.startup.HostConfig.deployDirectory Deploying web application directory [/home/infoetu/baptiste.lavogiez.etu/ctp-web/tomcat/webapps/vide]
15-Dec-2025 18:07:49.031 INFO [main] org.apache.jasper.servlet.TldScanner.scanJars At least one JAR was scanned for TLDs yet contained no TLDs. Enable debug logging for this logger for a complete list of JARs that were scanned but no TLDs were found in them. Skipping unneeded JARs during scanning can improve startup time and JSP compilation time.
15-Dec-2025 18:07:49.031 INFO [main] org.apache.catalina.startup.HostConfig.deployDirectory Deployment of web application directory [/home/infoetu/baptiste.lavogiez.etu/ctp-web/tomcat/webapps/vide] has finished in [46] ms
15-Dec-2025 18:07:49.031 INFO [main] org.apache.catalina.startup.HostConfig.deployDirectory Deploying web application directory [/home/infoetu/baptiste.lavogiez.etu/ctp-web/tomcat/webapps/examples]
15-Dec-2025 18:07:49.162 INFO [main] org.apache.jasper.servlet.TldScanner.scanJars At least one JAR was scanned for TLDs yet contained no TLDs. Enable debug logging for this logger for a complete list of JARs that were scanned but no TLDs were found in them. Skipping unneeded JARs during scanning can improve startup time and JSP compilation time.
15-Dec-2025 18:07:49.175 INFO [main] org.apache.catalina.startup.HostConfig.deployDirectory Deployment of web application directory [/home/infoetu/baptiste.lavogiez.etu/ctp-web/tomcat/webapps/examples] has finished in [144] ms
15-Dec-2025 18:07:49.176 INFO [main] org.apache.catalina.startup.HostConfig.deployDirectory Deploying web application directory [/home/infoetu/baptiste.lavogiez.etu/ctp-web/tomcat/webapps/ctp]
15-Dec-2025 18:07:49.225 INFO [main] org.apache.jasper.servlet.TldScanner.scanJars At least one JAR was scanned for TLDs yet contained no TLDs. Enable debug logging for this logger for a complete list of JARs that were scanned but no TLDs were found in them. Skipping unneeded JARs during scanning can improve startup time and JSP compilation time.
15-Dec-2025 18:07:49.225 INFO [main] org.apache.catalina.startup.HostConfig.deployDirectory Deployment of web application directory [/home/infoetu/baptiste.lavogiez.etu/ctp-web/tomcat/webapps/ctp] has finished in [50] ms
15-Dec-2025 18:07:49.228 INFO [main] org.apache.coyote.AbstractProtocol.start Starting ProtocolHandler ["http-nio-8080"]
15-Dec-2025 18:07:49.232 INFO [main] org.apache.catalina.startup.Catalina.start Server startup in [657] milliseconds
15-Dec-2025 18:08:48.552 INFO [Thread-1] org.apache.coyote.AbstractProtocol.pause Pausing ProtocolHandler ["http-nio-8080"]
15-Dec-2025 18:08:48.557 INFO [Thread-1] org.apache.catalina.core.StandardService.stopInternal Stopping service [Catalina]
15-Dec-2025 18:08:48.574 INFO [Thread-1] org.apache.coyote.AbstractProtocol.stop Stopping ProtocolHandler ["http-nio-8080"]
15-Dec-2025 18:08:48.581 INFO [Thread-1] org.apache.coyote.AbstractProtocol.destroy Destroying ProtocolHandler ["http-nio-8080"]
15-Dec-2025 18:08:49.916 INFO [main] org.apache.catalina.startup.VersionLoggerListener.log Server version name:   Apache Tomcat/11.0.13
15-Dec-2025 18:08:49.918 INFO [main] org.apache.catalina.startup.VersionLoggerListener.log Server built:          Oct 10 2025 13:57:31 UTC
15-Dec-2025 18:08:49.918 INFO [main] org.apache.catalina.startup.VersionLoggerListener.log Server version number: 11.0.13.0
15-Dec-2025 18:08:49.918 INFO [main] org.apache.catalina.startup.VersionLoggerListener.log OS Name:               Linux
15-Dec-2025 18:08:49.918 INFO [main] org.apache.catalina.startup.VersionLoggerListener.log OS Version:            6.12.43+deb13-amd64
15-Dec-2025 18:08:49.918 INFO [main] org.apache.catalina.startup.VersionLoggerListener.log Architecture:          amd64
15-Dec-2025 18:08:49.918 INFO [main] org.apache.catalina.startup.VersionLoggerListener.log Java Home:             /usr/lib/jvm/java-21-openjdk-amd64
15-Dec-2025 18:08:49.918 INFO [main] org.apache.catalina.startup.VersionLoggerListener.log JVM Version:           21.0.9+10-Debian-1deb13u1
15-Dec-2025 18:08:49.918 INFO [main] org.apache.catalina.startup.VersionLoggerListener.log JVM Vendor:            Debian
15-Dec-2025 18:08:49.918 INFO [main] org.apache.catalina.startup.VersionLoggerListener.log CATALINA_BASE:         /home/infoetu/baptiste.lavogiez.etu/ctp-web/tomcat
15-Dec-2025 18:08:49.918 INFO [main] org.apache.catalina.startup.VersionLoggerListener.log CATALINA_HOME:         /home/infoetu/baptiste.lavogiez.etu/ctp-web/tomcat
15-Dec-2025 18:08:49.923 INFO [main] org.apache.catalina.startup.VersionLoggerListener.log Command line argument: -Djava.util.logging.config.file=/home/infoetu/baptiste.lavogiez.etu/ctp-web/tomcat/conf/logging.properties
15-Dec-2025 18:08:49.923 INFO [main] org.apache.catalina.startup.VersionLoggerListener.log Command line argument: -Djava.util.logging.manager=org.apache.juli.ClassLoaderLogManager
15-Dec-2025 18:08:49.923 INFO [main] org.apache.catalina.startup.VersionLoggerListener.log Command line argument: -Djdk.tls.ephemeralDHKeySize=2048
15-Dec-2025 18:08:49.923 INFO [main] org.apache.catalina.startup.VersionLoggerListener.log Command line argument: -Dorg.apache.catalina.security.SecurityListener.UMASK=0027
15-Dec-2025 18:08:49.923 INFO [main] org.apache.catalina.startup.VersionLoggerListener.log Command line argument: --add-opens=java.base/java.lang=ALL-UNNAMED
15-Dec-2025 18:08:49.923 INFO [main] org.apache.catalina.startup.VersionLoggerListener.log Command line argument: --add-opens=java.base/java.lang.reflect=ALL-UNNAMED
15-Dec-2025 18:08:49.923 INFO [main] org.apache.catalina.startup.VersionLoggerListener.log Command line argument: --add-opens=java.base/java.io=ALL-UNNAMED
15-Dec-2025 18:08:49.923 INFO [main] org.apache.catalina.startup.VersionLoggerListener.log Command line argument: --add-opens=java.base/java.util=ALL-UNNAMED
15-Dec-2025 18:08:49.923 INFO [main] org.apache.catalina.startup.VersionLoggerListener.log Command line argument: --add-opens=java.base/java.util.concurrent=ALL-UNNAMED
15-Dec-2025 18:08:49.923 INFO [main] org.apache.catalina.startup.VersionLoggerListener.log Command line argument: --add-opens=java.rmi/sun.rmi.transport=ALL-UNNAMED
15-Dec-2025 18:08:49.923 INFO [main] org.apache.catalina.startup.VersionLoggerListener.log Command line argument: --enable-native-access=ALL-UNNAMED
15-Dec-2025 18:08:49.923 INFO [main] org.apache.catalina.startup.VersionLoggerListener.log Command line argument: -Dcatalina.base=/home/infoetu/baptiste.lavogiez.etu/ctp-web/tomcat
15-Dec-2025 18:08:49.923 INFO [main] org.apache.catalina.startup.VersionLoggerListener.log Command line argument: -Dcatalina.home=/home/infoetu/baptiste.lavogiez.etu/ctp-web/tomcat
15-Dec-2025 18:08:49.923 INFO [main] org.apache.catalina.startup.VersionLoggerListener.log Command line argument: -Djava.io.tmpdir=/home/infoetu/baptiste.lavogiez.etu/ctp-web/tomcat/temp
15-Dec-2025 18:08:49.924 INFO [main] org.apache.catalina.core.AprLifecycleListener.lifecycleEvent The Apache Tomcat Native library which allows using OpenSSL was not found on the java.library.path: [/usr/java/packages/lib:/usr/lib/x86_64-linux-gnu/jni:/lib/x86_64-linux-gnu:/usr/lib/x86_64-linux-gnu:/usr/lib/jni:/lib:/usr/lib]
15-Dec-2025 18:08:50.047 INFO [main] org.apache.coyote.AbstractProtocol.init Initializing ProtocolHandler ["http-nio-8080"]
15-Dec-2025 18:08:50.055 INFO [main] org.apache.catalina.startup.Catalina.load Server initialization in [214] milliseconds
15-Dec-2025 18:08:50.073 INFO [main] org.apache.catalina.core.StandardService.startInternal Starting service [Catalina]
15-Dec-2025 18:08:50.073 INFO [main] org.apache.catalina.core.StandardEngine.startInternal Starting Servlet engine: [Apache Tomcat/11.0.13]
15-Dec-2025 18:08:50.077 INFO [main] org.apache.catalina.startup.HostConfig.deployDirectory Deploying web application directory [/home/infoetu/baptiste.lavogiez.etu/ctp-web/tomcat/webapps/ROOT]
15-Dec-2025 18:08:50.243 INFO [main] org.apache.jasper.servlet.TldScanner.scanJars At least one JAR was scanned for TLDs yet contained no TLDs. Enable debug logging for this logger for a complete list of JARs that were scanned but no TLDs were found in them. Skipping unneeded JARs during scanning can improve startup time and JSP compilation time.
15-Dec-2025 18:08:50.257 INFO [main] org.apache.catalina.startup.HostConfig.deployDirectory Deployment of web application directory [/home/infoetu/baptiste.lavogiez.etu/ctp-web/tomcat/webapps/ROOT] has finished in [180] ms
15-Dec-2025 18:08:50.257 INFO [main] org.apache.catalina.startup.HostConfig.deployDirectory Deploying web application directory [/home/infoetu/baptiste.lavogiez.etu/ctp-web/tomcat/webapps/docs]
15-Dec-2025 18:08:50.305 INFO [main] org.apache.jasper.servlet.TldScanner.scanJars At least one JAR was scanned for TLDs yet contained no TLDs. Enable debug logging for this logger for a complete list of JARs that were scanned but no TLDs were found in them. Skipping unneeded JARs during scanning can improve startup time and JSP compilation time.
15-Dec-2025 18:08:50.306 INFO [main] org.apache.catalina.startup.HostConfig.deployDirectory Deployment of web application directory [/home/infoetu/baptiste.lavogiez.etu/ctp-web/tomcat/webapps/docs] has finished in [49] ms
15-Dec-2025 18:08:50.306 INFO [main] org.apache.catalina.startup.HostConfig.deployDirectory Deploying web application directory [/home/infoetu/baptiste.lavogiez.etu/ctp-web/tomcat/webapps/ctp-2025]
15-Dec-2025 18:08:50.384 INFO [main] org.apache.jasper.servlet.TldScanner.scanJars At least one JAR was scanned for TLDs yet contained no TLDs. Enable debug logging for this logger for a complete list of JARs that were scanned but no TLDs were found in them. Skipping unneeded JARs during scanning can improve startup time and JSP compilation time.
15-Dec-2025 18:08:50.386 INFO [main] org.apache.catalina.startup.HostConfig.deployDirectory Deployment of web application directory [/home/infoetu/baptiste.lavogiez.etu/ctp-web/tomcat/webapps/ctp-2025] has finished in [80] ms
15-Dec-2025 18:08:50.386 INFO [main] org.apache.catalina.startup.HostConfig.deployDirectory Deploying web application directory [/home/infoetu/baptiste.lavogiez.etu/ctp-web/tomcat/webapps/manager]
15-Dec-2025 18:08:50.433 INFO [main] org.apache.jasper.servlet.TldScanner.scanJars At least one JAR was scanned for TLDs yet contained no TLDs. Enable debug logging for this logger for a complete list of JARs that were scanned but no TLDs were found in them. Skipping unneeded JARs during scanning can improve startup time and JSP compilation time.
15-Dec-2025 18:08:50.436 INFO [main] org.apache.catalina.startup.HostConfig.deployDirectory Deployment of web application directory [/home/infoetu/baptiste.lavogiez.etu/ctp-web/tomcat/webapps/manager] has finished in [50] ms
15-Dec-2025 18:08:50.436 INFO [main] org.apache.catalina.startup.HostConfig.deployDirectory Deploying web application directory [/home/infoetu/baptiste.lavogiez.etu/ctp-web/tomcat/webapps/host-manager]
15-Dec-2025 18:08:50.481 INFO [main] org.apache.jasper.servlet.TldScanner.scanJars At least one JAR was scanned for TLDs yet contained no TLDs. Enable debug logging for this logger for a complete list of JARs that were scanned but no TLDs were found in them. Skipping unneeded JARs during scanning can improve startup time and JSP compilation time.
15-Dec-2025 18:08:50.482 INFO [main] org.apache.catalina.startup.HostConfig.deployDirectory Deployment of web application directory [/home/infoetu/baptiste.lavogiez.etu/ctp-web/tomcat/webapps/host-manager] has finished in [46] ms
15-Dec-2025 18:08:50.482 INFO [main] org.apache.catalina.startup.HostConfig.deployDirectory Deploying web application directory [/home/infoetu/baptiste.lavogiez.etu/ctp-web/tomcat/webapps/vide]
15-Dec-2025 18:08:50.535 INFO [main] org.apache.jasper.servlet.TldScanner.scanJars At least one JAR was scanned for TLDs yet contained no TLDs. Enable debug logging for this logger for a complete list of JARs that were scanned but no TLDs were found in them. Skipping unneeded JARs during scanning can improve startup time and JSP compilation time.
15-Dec-2025 18:08:50.536 INFO [main] org.apache.catalina.startup.HostConfig.deployDirectory Deployment of web application directory [/home/infoetu/baptiste.lavogiez.etu/ctp-web/tomcat/webapps/vide] has finished in [54] ms
15-Dec-2025 18:08:50.536 INFO [main] org.apache.catalina.startup.HostConfig.deployDirectory Deploying web application directory [/home/infoetu/baptiste.lavogiez.etu/ctp-web/tomcat/webapps/examples]
15-Dec-2025 18:08:50.747 INFO [main] org.apache.jasper.servlet.TldScanner.scanJars At least one JAR was scanned for TLDs yet contained no TLDs. Enable debug logging for this logger for a complete list of JARs that were scanned but no TLDs were found in them. Skipping unneeded JARs during scanning can improve startup time and JSP compilation time.
15-Dec-2025 18:08:50.762 INFO [main] org.apache.catalina.startup.HostConfig.deployDirectory Deployment of web application directory [/home/infoetu/baptiste.lavogiez.etu/ctp-web/tomcat/webapps/examples] has finished in [226] ms
15-Dec-2025 18:08:50.762 INFO [main] org.apache.catalina.startup.HostConfig.deployDirectory Deploying web application directory [/home/infoetu/baptiste.lavogiez.etu/ctp-web/tomcat/webapps/ctp]
15-Dec-2025 18:08:50.826 INFO [main] org.apache.jasper.servlet.TldScanner.scanJars At least one JAR was scanned for TLDs yet contained no TLDs. Enable debug logging for this logger for a complete list of JARs that were scanned but no TLDs were found in them. Skipping unneeded JARs during scanning can improve startup time and JSP compilation time.
15-Dec-2025 18:08:50.827 INFO [main] org.apache.catalina.startup.HostConfig.deployDirectory Deployment of web application directory [/home/infoetu/baptiste.lavogiez.etu/ctp-web/tomcat/webapps/ctp] has finished in [65] ms
15-Dec-2025 18:08:50.829 INFO [main] org.apache.coyote.AbstractProtocol.start Starting ProtocolHandler ["http-nio-8080"]
15-Dec-2025 18:08:50.834 INFO [main] org.apache.catalina.startup.Catalina.start Server startup in [778] milliseconds
15-Dec-2025 18:09:09.161 INFO [Thread-1] org.apache.coyote.AbstractProtocol.pause Pausing ProtocolHandler ["http-nio-8080"]
15-Dec-2025 18:09:09.168 INFO [Thread-1] org.apache.catalina.core.StandardService.stopInternal Stopping service [Catalina]
15-Dec-2025 18:09:09.191 INFO [Thread-1] org.apache.coyote.AbstractProtocol.stop Stopping ProtocolHandler ["http-nio-8080"]
15-Dec-2025 18:09:09.201 INFO [Thread-1] org.apache.coyote.AbstractProtocol.destroy Destroying ProtocolHandler ["http-nio-8080"]
15-Dec-2025 18:09:10.036 INFO [main] org.apache.catalina.startup.VersionLoggerListener.log Server version name:   Apache Tomcat/11.0.13
15-Dec-2025 18:09:10.037 INFO [main] org.apache.catalina.startup.VersionLoggerListener.log Server built:          Oct 10 2025 13:57:31 UTC
15-Dec-2025 18:09:10.038 INFO [main] org.apache.catalina.startup.VersionLoggerListener.log Server version number: 11.0.13.0
15-Dec-2025 18:09:10.038 INFO [main] org.apache.catalina.startup.VersionLoggerListener.log OS Name:               Linux
15-Dec-2025 18:09:10.038 INFO [main] org.apache.catalina.startup.VersionLoggerListener.log OS Version:            6.12.43+deb13-amd64
15-Dec-2025 18:09:10.038 INFO [main] org.apache.catalina.startup.VersionLoggerListener.log Architecture:          amd64
15-Dec-2025 18:09:10.038 INFO [main] org.apache.catalina.startup.VersionLoggerListener.log Java Home:             /usr/lib/jvm/java-21-openjdk-amd64
15-Dec-2025 18:09:10.038 INFO [main] org.apache.catalina.startup.VersionLoggerListener.log JVM Version:           21.0.9+10-Debian-1deb13u1
15-Dec-2025 18:09:10.038 INFO [main] org.apache.catalina.startup.VersionLoggerListener.log JVM Vendor:            Debian
15-Dec-2025 18:09:10.038 INFO [main] org.apache.catalina.startup.VersionLoggerListener.log CATALINA_BASE:         /home/infoetu/baptiste.lavogiez.etu/ctp-web/tomcat
15-Dec-2025 18:09:10.038 INFO [main] org.apache.catalina.startup.VersionLoggerListener.log CATALINA_HOME:         /home/infoetu/baptiste.lavogiez.etu/ctp-web/tomcat
15-Dec-2025 18:09:10.042 INFO [main] org.apache.catalina.startup.VersionLoggerListener.log Command line argument: -Djava.util.logging.config.file=/home/infoetu/baptiste.lavogiez.etu/ctp-web/tomcat/conf/logging.properties
15-Dec-2025 18:09:10.042 INFO [main] org.apache.catalina.startup.VersionLoggerListener.log Command line argument: -Djava.util.logging.manager=org.apache.juli.ClassLoaderLogManager
15-Dec-2025 18:09:10.042 INFO [main] org.apache.catalina.startup.VersionLoggerListener.log Command line argument: -Djdk.tls.ephemeralDHKeySize=2048
15-Dec-2025 18:09:10.042 INFO [main] org.apache.catalina.startup.VersionLoggerListener.log Command line argument: -Dorg.apache.catalina.security.SecurityListener.UMASK=0027
15-Dec-2025 18:09:10.042 INFO [main] org.apache.catalina.startup.VersionLoggerListener.log Command line argument: --add-opens=java.base/java.lang=ALL-UNNAMED
15-Dec-2025 18:09:10.042 INFO [main] org.apache.catalina.startup.VersionLoggerListener.log Command line argument: --add-opens=java.base/java.lang.reflect=ALL-UNNAMED
15-Dec-2025 18:09:10.042 INFO [main] org.apache.catalina.startup.VersionLoggerListener.log Command line argument: --add-opens=java.base/java.io=ALL-UNNAMED
15-Dec-2025 18:09:10.042 INFO [main] org.apache.catalina.startup.VersionLoggerListener.log Command line argument: --add-opens=java.base/java.util=ALL-UNNAMED
15-Dec-2025 18:09:10.042 INFO [main] org.apache.catalina.startup.VersionLoggerListener.log Command line argument: --add-opens=java.base/java.util.concurrent=ALL-UNNAMED
15-Dec-2025 18:09:10.042 INFO [main] org.apache.catalina.startup.VersionLoggerListener.log Command line argument: --add-opens=java.rmi/sun.rmi.transport=ALL-UNNAMED
15-Dec-2025 18:09:10.042 INFO [main] org.apache.catalina.startup.VersionLoggerListener.log Command line argument: --enable-native-access=ALL-UNNAMED
15-Dec-2025 18:09:10.042 INFO [main] org.apache.catalina.startup.VersionLoggerListener.log Command line argument: -Dcatalina.base=/home/infoetu/baptiste.lavogiez.etu/ctp-web/tomcat
15-Dec-2025 18:09:10.043 INFO [main] org.apache.catalina.startup.VersionLoggerListener.log Command line argument: -Dcatalina.home=/home/infoetu/baptiste.lavogiez.etu/ctp-web/tomcat
15-Dec-2025 18:09:10.043 INFO [main] org.apache.catalina.startup.VersionLoggerListener.log Command line argument: -Djava.io.tmpdir=/home/infoetu/baptiste.lavogiez.etu/ctp-web/tomcat/temp
15-Dec-2025 18:09:10.043 INFO [main] org.apache.catalina.core.AprLifecycleListener.lifecycleEvent The Apache Tomcat Native library which allows using OpenSSL was not found on the java.library.path: [/usr/java/packages/lib:/usr/lib/x86_64-linux-gnu/jni:/lib/x86_64-linux-gnu:/usr/lib/x86_64-linux-gnu:/usr/lib/jni:/lib:/usr/lib]
15-Dec-2025 18:09:10.159 INFO [main] org.apache.coyote.AbstractProtocol.init Initializing ProtocolHandler ["http-nio-8080"]
15-Dec-2025 18:09:10.171 INFO [main] org.apache.catalina.startup.Catalina.load Server initialization in [206] milliseconds
15-Dec-2025 18:09:10.187 INFO [main] org.apache.catalina.core.StandardService.startInternal Starting service [Catalina]
15-Dec-2025 18:09:10.187 INFO [main] org.apache.catalina.core.StandardEngine.startInternal Starting Servlet engine: [Apache Tomcat/11.0.13]
15-Dec-2025 18:09:10.192 INFO [main] org.apache.catalina.startup.HostConfig.deployDirectory Deploying web application directory [/home/infoetu/baptiste.lavogiez.etu/ctp-web/tomcat/webapps/ROOT]
15-Dec-2025 18:09:10.368 INFO [main] org.apache.jasper.servlet.TldScanner.scanJars At least one JAR was scanned for TLDs yet contained no TLDs. Enable debug logging for this logger for a complete list of JARs that were scanned but no TLDs were found in them. Skipping unneeded JARs during scanning can improve startup time and JSP compilation time.
15-Dec-2025 18:09:10.382 INFO [main] org.apache.catalina.startup.HostConfig.deployDirectory Deployment of web application directory [/home/infoetu/baptiste.lavogiez.etu/ctp-web/tomcat/webapps/ROOT] has finished in [189] ms
15-Dec-2025 18:09:10.382 INFO [main] org.apache.catalina.startup.HostConfig.deployDirectory Deploying web application directory [/home/infoetu/baptiste.lavogiez.etu/ctp-web/tomcat/webapps/docs]
15-Dec-2025 18:09:10.429 INFO [main] org.apache.jasper.servlet.TldScanner.scanJars At least one JAR was scanned for TLDs yet contained no TLDs. Enable debug logging for this logger for a complete list of JARs that were scanned but no TLDs were found in them. Skipping unneeded JARs during scanning can improve startup time and JSP compilation time.
15-Dec-2025 18:09:10.430 INFO [main] org.apache.catalina.startup.HostConfig.deployDirectory Deployment of web application directory [/home/infoetu/baptiste.lavogiez.etu/ctp-web/tomcat/webapps/docs] has finished in [48] ms
15-Dec-2025 18:09:10.430 INFO [main] org.apache.catalina.startup.HostConfig.deployDirectory Deploying web application directory [/home/infoetu/baptiste.lavogiez.etu/ctp-web/tomcat/webapps/ctp-2025]
15-Dec-2025 18:09:10.503 INFO [main] org.apache.jasper.servlet.TldScanner.scanJars At least one JAR was scanned for TLDs yet contained no TLDs. Enable debug logging for this logger for a complete list of JARs that were scanned but no TLDs were found in them. Skipping unneeded JARs during scanning can improve startup time and JSP compilation time.
15-Dec-2025 18:09:10.505 INFO [main] org.apache.catalina.startup.HostConfig.deployDirectory Deployment of web application directory [/home/infoetu/baptiste.lavogiez.etu/ctp-web/tomcat/webapps/ctp-2025] has finished in [74] ms
15-Dec-2025 18:09:10.505 INFO [main] org.apache.catalina.startup.HostConfig.deployDirectory Deploying web application directory [/home/infoetu/baptiste.lavogiez.etu/ctp-web/tomcat/webapps/manager]
15-Dec-2025 18:09:10.548 INFO [main] org.apache.jasper.servlet.TldScanner.scanJars At least one JAR was scanned for TLDs yet contained no TLDs. Enable debug logging for this logger for a complete list of JARs that were scanned but no TLDs were found in them. Skipping unneeded JARs during scanning can improve startup time and JSP compilation time.
15-Dec-2025 18:09:10.551 INFO [main] org.apache.catalina.startup.HostConfig.deployDirectory Deployment of web application directory [/home/infoetu/baptiste.lavogiez.etu/ctp-web/tomcat/webapps/manager] has finished in [46] ms
15-Dec-2025 18:09:10.551 INFO [main] org.apache.catalina.startup.HostConfig.deployDirectory Deploying web application directory [/home/infoetu/baptiste.lavogiez.etu/ctp-web/tomcat/webapps/host-manager]
15-Dec-2025 18:09:10.593 INFO [main] org.apache.jasper.servlet.TldScanner.scanJars At least one JAR was scanned for TLDs yet contained no TLDs. Enable debug logging for this logger for a complete list of JARs that were scanned but no TLDs were found in them. Skipping unneeded JARs during scanning can improve startup time and JSP compilation time.
15-Dec-2025 18:09:10.594 INFO [main] org.apache.catalina.startup.HostConfig.deployDirectory Deployment of web application directory [/home/infoetu/baptiste.lavogiez.etu/ctp-web/tomcat/webapps/host-manager] has finished in [43] ms
15-Dec-2025 18:09:10.594 INFO [main] org.apache.catalina.startup.HostConfig.deployDirectory Deploying web application directory [/home/infoetu/baptiste.lavogiez.etu/ctp-web/tomcat/webapps/vide]
15-Dec-2025 18:09:10.639 INFO [main] org.apache.jasper.servlet.TldScanner.scanJars At least one JAR was scanned for TLDs yet contained no TLDs. Enable debug logging for this logger for a complete list of JARs that were scanned but no TLDs were found in them. Skipping unneeded JARs during scanning can improve startup time and JSP compilation time.
15-Dec-2025 18:09:10.640 INFO [main] org.apache.catalina.startup.HostConfig.deployDirectory Deployment of web application directory [/home/infoetu/baptiste.lavogiez.etu/ctp-web/tomcat/webapps/vide] has finished in [46] ms
15-Dec-2025 18:09:10.640 INFO [main] org.apache.catalina.startup.HostConfig.deployDirectory Deploying web application directory [/home/infoetu/baptiste.lavogiez.etu/ctp-web/tomcat/webapps/examples]
15-Dec-2025 18:09:10.779 INFO [main] org.apache.jasper.servlet.TldScanner.scanJars At least one JAR was scanned for TLDs yet contained no TLDs. Enable debug logging for this logger for a complete list of JARs that were scanned but no TLDs were found in them. Skipping unneeded JARs during scanning can improve startup time and JSP compilation time.
15-Dec-2025 18:09:10.792 INFO [main] org.apache.catalina.startup.HostConfig.deployDirectory Deployment of web application directory [/home/infoetu/baptiste.lavogiez.etu/ctp-web/tomcat/webapps/examples] has finished in [152] ms
15-Dec-2025 18:09:10.792 INFO [main] org.apache.catalina.startup.HostConfig.deployDirectory Deploying web application directory [/home/infoetu/baptiste.lavogiez.etu/ctp-web/tomcat/webapps/ctp]
15-Dec-2025 18:09:10.840 INFO [main] org.apache.jasper.servlet.TldScanner.scanJars At least one JAR was scanned for TLDs yet contained no TLDs. Enable debug logging for this logger for a complete list of JARs that were scanned but no TLDs were found in them. Skipping unneeded JARs during scanning can improve startup time and JSP compilation time.
15-Dec-2025 18:09:10.841 INFO [main] org.apache.catalina.startup.HostConfig.deployDirectory Deployment of web application directory [/home/infoetu/baptiste.lavogiez.etu/ctp-web/tomcat/webapps/ctp] has finished in [49] ms
15-Dec-2025 18:09:10.843 INFO [main] org.apache.coyote.AbstractProtocol.start Starting ProtocolHandler ["http-nio-8080"]
15-Dec-2025 18:09:10.848 INFO [main] org.apache.catalina.startup.Catalina.start Server startup in [676] milliseconds
15-Dec-2025 18:09:37.570 INFO [Thread-1] org.apache.coyote.AbstractProtocol.pause Pausing ProtocolHandler ["http-nio-8080"]
15-Dec-2025 18:09:37.575 INFO [Thread-1] org.apache.catalina.core.StandardService.stopInternal Stopping service [Catalina]
15-Dec-2025 18:09:37.594 INFO [Thread-1] org.apache.coyote.AbstractProtocol.stop Stopping ProtocolHandler ["http-nio-8080"]
15-Dec-2025 18:09:37.598 INFO [Thread-1] org.apache.coyote.AbstractProtocol.destroy Destroying ProtocolHandler ["http-nio-8080"]
15-Dec-2025 18:09:38.519 INFO [main] org.apache.catalina.startup.VersionLoggerListener.log Server version name:   Apache Tomcat/11.0.13
15-Dec-2025 18:09:38.521 INFO [main] org.apache.catalina.startup.VersionLoggerListener.log Server built:          Oct 10 2025 13:57:31 UTC
15-Dec-2025 18:09:38.521 INFO [main] org.apache.catalina.startup.VersionLoggerListener.log Server version number: 11.0.13.0
15-Dec-2025 18:09:38.521 INFO [main] org.apache.catalina.startup.VersionLoggerListener.log OS Name:               Linux
15-Dec-2025 18:09:38.521 INFO [main] org.apache.catalina.startup.VersionLoggerListener.log OS Version:            6.12.43+deb13-amd64
15-Dec-2025 18:09:38.521 INFO [main] org.apache.catalina.startup.VersionLoggerListener.log Architecture:          amd64
15-Dec-2025 18:09:38.521 INFO [main] org.apache.catalina.startup.VersionLoggerListener.log Java Home:             /usr/lib/jvm/java-21-openjdk-amd64
15-Dec-2025 18:09:38.521 INFO [main] org.apache.catalina.startup.VersionLoggerListener.log JVM Version:           21.0.9+10-Debian-1deb13u1
15-Dec-2025 18:09:38.521 INFO [main] org.apache.catalina.startup.VersionLoggerListener.log JVM Vendor:            Debian
15-Dec-2025 18:09:38.521 INFO [main] org.apache.catalina.startup.VersionLoggerListener.log CATALINA_BASE:         /home/infoetu/baptiste.lavogiez.etu/ctp-web/tomcat
15-Dec-2025 18:09:38.521 INFO [main] org.apache.catalina.startup.VersionLoggerListener.log CATALINA_HOME:         /home/infoetu/baptiste.lavogiez.etu/ctp-web/tomcat
15-Dec-2025 18:09:38.525 INFO [main] org.apache.catalina.startup.VersionLoggerListener.log Command line argument: -Djava.util.logging.config.file=/home/infoetu/baptiste.lavogiez.etu/ctp-web/tomcat/conf/logging.properties
15-Dec-2025 18:09:38.525 INFO [main] org.apache.catalina.startup.VersionLoggerListener.log Command line argument: -Djava.util.logging.manager=org.apache.juli.ClassLoaderLogManager
15-Dec-2025 18:09:38.525 INFO [main] org.apache.catalina.startup.VersionLoggerListener.log Command line argument: -Djdk.tls.ephemeralDHKeySize=2048
15-Dec-2025 18:09:38.525 INFO [main] org.apache.catalina.startup.VersionLoggerListener.log Command line argument: -Dorg.apache.catalina.security.SecurityListener.UMASK=0027
15-Dec-2025 18:09:38.525 INFO [main] org.apache.catalina.startup.VersionLoggerListener.log Command line argument: --add-opens=java.base/java.lang=ALL-UNNAMED
15-Dec-2025 18:09:38.526 INFO [main] org.apache.catalina.startup.VersionLoggerListener.log Command line argument: --add-opens=java.base/java.lang.reflect=ALL-UNNAMED
15-Dec-2025 18:09:38.526 INFO [main] org.apache.catalina.startup.VersionLoggerListener.log Command line argument: --add-opens=java.base/java.io=ALL-UNNAMED
15-Dec-2025 18:09:38.526 INFO [main] org.apache.catalina.startup.VersionLoggerListener.log Command line argument: --add-opens=java.base/java.util=ALL-UNNAMED
15-Dec-2025 18:09:38.526 INFO [main] org.apache.catalina.startup.VersionLoggerListener.log Command line argument: --add-opens=java.base/java.util.concurrent=ALL-UNNAMED
15-Dec-2025 18:09:38.526 INFO [main] org.apache.catalina.startup.VersionLoggerListener.log Command line argument: --add-opens=java.rmi/sun.rmi.transport=ALL-UNNAMED
15-Dec-2025 18:09:38.526 INFO [main] org.apache.catalina.startup.VersionLoggerListener.log Command line argument: --enable-native-access=ALL-UNNAMED
15-Dec-2025 18:09:38.526 INFO [main] org.apache.catalina.startup.VersionLoggerListener.log Command line argument: -Dcatalina.base=/home/infoetu/baptiste.lavogiez.etu/ctp-web/tomcat
15-Dec-2025 18:09:38.526 INFO [main] org.apache.catalina.startup.VersionLoggerListener.log Command line argument: -Dcatalina.home=/home/infoetu/baptiste.lavogiez.etu/ctp-web/tomcat
15-Dec-2025 18:09:38.526 INFO [main] org.apache.catalina.startup.VersionLoggerListener.log Command line argument: -Djava.io.tmpdir=/home/infoetu/baptiste.lavogiez.etu/ctp-web/tomcat/temp
15-Dec-2025 18:09:38.527 INFO [main] org.apache.catalina.core.AprLifecycleListener.lifecycleEvent The Apache Tomcat Native library which allows using OpenSSL was not found on the java.library.path: [/usr/java/packages/lib:/usr/lib/x86_64-linux-gnu/jni:/lib/x86_64-linux-gnu:/usr/lib/x86_64-linux-gnu:/usr/lib/jni:/lib:/usr/lib]
15-Dec-2025 18:09:38.647 INFO [main] org.apache.coyote.AbstractProtocol.init Initializing ProtocolHandler ["http-nio-8080"]
15-Dec-2025 18:09:38.656 INFO [main] org.apache.catalina.startup.Catalina.load Server initialization in [212] milliseconds
15-Dec-2025 18:09:38.673 INFO [main] org.apache.catalina.core.StandardService.startInternal Starting service [Catalina]
15-Dec-2025 18:09:38.673 INFO [main] org.apache.catalina.core.StandardEngine.startInternal Starting Servlet engine: [Apache Tomcat/11.0.13]
15-Dec-2025 18:09:38.678 INFO [main] org.apache.catalina.startup.HostConfig.deployDirectory Deploying web application directory [/home/infoetu/baptiste.lavogiez.etu/ctp-web/tomcat/webapps/ROOT]
15-Dec-2025 18:09:38.843 INFO [main] org.apache.jasper.servlet.TldScanner.scanJars At least one JAR was scanned for TLDs yet contained no TLDs. Enable debug logging for this logger for a complete list of JARs that were scanned but no TLDs were found in them. Skipping unneeded JARs during scanning can improve startup time and JSP compilation time.
15-Dec-2025 18:09:38.857 INFO [main] org.apache.catalina.startup.HostConfig.deployDirectory Deployment of web application directory [/home/infoetu/baptiste.lavogiez.etu/ctp-web/tomcat/webapps/ROOT] has finished in [178] ms
15-Dec-2025 18:09:38.857 INFO [main] org.apache.catalina.startup.HostConfig.deployDirectory Deploying web application directory [/home/infoetu/baptiste.lavogiez.etu/ctp-web/tomcat/webapps/docs]
15-Dec-2025 18:09:38.907 INFO [main] org.apache.jasper.servlet.TldScanner.scanJars At least one JAR was scanned for TLDs yet contained no TLDs. Enable debug logging for this logger for a complete list of JARs that were scanned but no TLDs were found in them. Skipping unneeded JARs during scanning can improve startup time and JSP compilation time.
15-Dec-2025 18:09:38.907 INFO [main] org.apache.catalina.startup.HostConfig.deployDirectory Deployment of web application directory [/home/infoetu/baptiste.lavogiez.etu/ctp-web/tomcat/webapps/docs] has finished in [50] ms
15-Dec-2025 18:09:38.908 INFO [main] org.apache.catalina.startup.HostConfig.deployDirectory Deploying web application directory [/home/infoetu/baptiste.lavogiez.etu/ctp-web/tomcat/webapps/ctp-2025]
15-Dec-2025 18:09:38.982 INFO [main] org.apache.jasper.servlet.TldScanner.scanJars At least one JAR was scanned for TLDs yet contained no TLDs. Enable debug logging for this logger for a complete list of JARs that were scanned but no TLDs were found in them. Skipping unneeded JARs during scanning can improve startup time and JSP compilation time.
15-Dec-2025 18:09:38.983 INFO [main] org.apache.catalina.startup.HostConfig.deployDirectory Deployment of web application directory [/home/infoetu/baptiste.lavogiez.etu/ctp-web/tomcat/webapps/ctp-2025] has finished in [76] ms
15-Dec-2025 18:09:38.983 INFO [main] org.apache.catalina.startup.HostConfig.deployDirectory Deploying web application directory [/home/infoetu/baptiste.lavogiez.etu/ctp-web/tomcat/webapps/manager]
15-Dec-2025 18:09:39.031 INFO [main] org.apache.jasper.servlet.TldScanner.scanJars At least one JAR was scanned for TLDs yet contained no TLDs. Enable debug logging for this logger for a complete list of JARs that were scanned but no TLDs were found in them. Skipping unneeded JARs during scanning can improve startup time and JSP compilation time.
15-Dec-2025 18:09:39.034 INFO [main] org.apache.catalina.startup.HostConfig.deployDirectory Deployment of web application directory [/home/infoetu/baptiste.lavogiez.etu/ctp-web/tomcat/webapps/manager] has finished in [50] ms
15-Dec-2025 18:09:39.034 INFO [main] org.apache.catalina.startup.HostConfig.deployDirectory Deploying web application directory [/home/infoetu/baptiste.lavogiez.etu/ctp-web/tomcat/webapps/host-manager]
15-Dec-2025 18:09:39.077 INFO [main] org.apache.jasper.servlet.TldScanner.scanJars At least one JAR was scanned for TLDs yet contained no TLDs. Enable debug logging for this logger for a complete list of JARs that were scanned but no TLDs were found in them. Skipping unneeded JARs during scanning can improve startup time and JSP compilation time.
15-Dec-2025 18:09:39.077 INFO [main] org.apache.catalina.startup.HostConfig.deployDirectory Deployment of web application directory [/home/infoetu/baptiste.lavogiez.etu/ctp-web/tomcat/webapps/host-manager] has finished in [43] ms
15-Dec-2025 18:09:39.078 INFO [main] org.apache.catalina.startup.HostConfig.deployDirectory Deploying web application directory [/home/infoetu/baptiste.lavogiez.etu/ctp-web/tomcat/webapps/vide]
15-Dec-2025 18:09:39.127 INFO [main] org.apache.jasper.servlet.TldScanner.scanJars At least one JAR was scanned for TLDs yet contained no TLDs. Enable debug logging for this logger for a complete list of JARs that were scanned but no TLDs were found in them. Skipping unneeded JARs during scanning can improve startup time and JSP compilation time.
15-Dec-2025 18:09:39.127 INFO [main] org.apache.catalina.startup.HostConfig.deployDirectory Deployment of web application directory [/home/infoetu/baptiste.lavogiez.etu/ctp-web/tomcat/webapps/vide] has finished in [49] ms
15-Dec-2025 18:09:39.128 INFO [main] org.apache.catalina.startup.HostConfig.deployDirectory Deploying web application directory [/home/infoetu/baptiste.lavogiez.etu/ctp-web/tomcat/webapps/examples]
15-Dec-2025 18:09:39.282 INFO [main] org.apache.jasper.servlet.TldScanner.scanJars At least one JAR was scanned for TLDs yet contained no TLDs. Enable debug logging for this logger for a complete list of JARs that were scanned but no TLDs were found in them. Skipping unneeded JARs during scanning can improve startup time and JSP compilation time.
15-Dec-2025 18:09:39.295 INFO [main] org.apache.catalina.startup.HostConfig.deployDirectory Deployment of web application directory [/home/infoetu/baptiste.lavogiez.etu/ctp-web/tomcat/webapps/examples] has finished in [167] ms
15-Dec-2025 18:09:39.295 INFO [main] org.apache.catalina.startup.HostConfig.deployDirectory Deploying web application directory [/home/infoetu/baptiste.lavogiez.etu/ctp-web/tomcat/webapps/ctp]
15-Dec-2025 18:09:39.344 INFO [main] org.apache.jasper.servlet.TldScanner.scanJars At least one JAR was scanned for TLDs yet contained no TLDs. Enable debug logging for this logger for a complete list of JARs that were scanned but no TLDs were found in them. Skipping unneeded JARs during scanning can improve startup time and JSP compilation time.
15-Dec-2025 18:09:39.345 INFO [main] org.apache.catalina.startup.HostConfig.deployDirectory Deployment of web application directory [/home/infoetu/baptiste.lavogiez.etu/ctp-web/tomcat/webapps/ctp] has finished in [50] ms
15-Dec-2025 18:09:39.347 INFO [main] org.apache.coyote.AbstractProtocol.start Starting ProtocolHandler ["http-nio-8080"]
15-Dec-2025 18:09:39.352 INFO [main] org.apache.catalina.startup.Catalina.start Server startup in [695] milliseconds
15-Dec-2025 18:13:37.760 INFO [Thread-1] org.apache.coyote.AbstractProtocol.pause Pausing ProtocolHandler ["http-nio-8080"]
15-Dec-2025 18:13:37.763 INFO [Thread-1] org.apache.catalina.core.StandardService.stopInternal Stopping service [Catalina]
15-Dec-2025 18:13:37.796 INFO [Thread-1] org.apache.coyote.AbstractProtocol.stop Stopping ProtocolHandler ["http-nio-8080"]
15-Dec-2025 18:13:37.805 INFO [Thread-1] org.apache.coyote.AbstractProtocol.destroy Destroying ProtocolHandler ["http-nio-8080"]
15-Dec-2025 18:13:38.645 INFO [main] org.apache.catalina.startup.VersionLoggerListener.log Server version name:   Apache Tomcat/11.0.13
15-Dec-2025 18:13:38.647 INFO [main] org.apache.catalina.startup.VersionLoggerListener.log Server built:          Oct 10 2025 13:57:31 UTC
15-Dec-2025 18:13:38.647 INFO [main] org.apache.catalina.startup.VersionLoggerListener.log Server version number: 11.0.13.0
15-Dec-2025 18:13:38.647 INFO [main] org.apache.catalina.startup.VersionLoggerListener.log OS Name:               Linux
15-Dec-2025 18:13:38.647 INFO [main] org.apache.catalina.startup.VersionLoggerListener.log OS Version:            6.12.43+deb13-amd64
15-Dec-2025 18:13:38.647 INFO [main] org.apache.catalina.startup.VersionLoggerListener.log Architecture:          amd64
15-Dec-2025 18:13:38.647 INFO [main] org.apache.catalina.startup.VersionLoggerListener.log Java Home:             /usr/lib/jvm/java-21-openjdk-amd64
15-Dec-2025 18:13:38.647 INFO [main] org.apache.catalina.startup.VersionLoggerListener.log JVM Version:           21.0.9+10-Debian-1deb13u1
15-Dec-2025 18:13:38.647 INFO [main] org.apache.catalina.startup.VersionLoggerListener.log JVM Vendor:            Debian
15-Dec-2025 18:13:38.647 INFO [main] org.apache.catalina.startup.VersionLoggerListener.log CATALINA_BASE:         /home/infoetu/baptiste.lavogiez.etu/ctp-web/tomcat
15-Dec-2025 18:13:38.648 INFO [main] org.apache.catalina.startup.VersionLoggerListener.log CATALINA_HOME:         /home/infoetu/baptiste.lavogiez.etu/ctp-web/tomcat
15-Dec-2025 18:13:38.651 INFO [main] org.apache.catalina.startup.VersionLoggerListener.log Command line argument: -Djava.util.logging.config.file=/home/infoetu/baptiste.lavogiez.etu/ctp-web/tomcat/conf/logging.properties
15-Dec-2025 18:13:38.652 INFO [main] org.apache.catalina.startup.VersionLoggerListener.log Command line argument: -Djava.util.logging.manager=org.apache.juli.ClassLoaderLogManager
15-Dec-2025 18:13:38.652 INFO [main] org.apache.catalina.startup.VersionLoggerListener.log Command line argument: -Djdk.tls.ephemeralDHKeySize=2048
15-Dec-2025 18:13:38.652 INFO [main] org.apache.catalina.startup.VersionLoggerListener.log Command line argument: -Dorg.apache.catalina.security.SecurityListener.UMASK=0027
15-Dec-2025 18:13:38.652 INFO [main] org.apache.catalina.startup.VersionLoggerListener.log Command line argument: --add-opens=java.base/java.lang=ALL-UNNAMED
15-Dec-2025 18:13:38.652 INFO [main] org.apache.catalina.startup.VersionLoggerListener.log Command line argument: --add-opens=java.base/java.lang.reflect=ALL-UNNAMED
15-Dec-2025 18:13:38.652 INFO [main] org.apache.catalina.startup.VersionLoggerListener.log Command line argument: --add-opens=java.base/java.io=ALL-UNNAMED
15-Dec-2025 18:13:38.652 INFO [main] org.apache.catalina.startup.VersionLoggerListener.log Command line argument: --add-opens=java.base/java.util=ALL-UNNAMED
15-Dec-2025 18:13:38.652 INFO [main] org.apache.catalina.startup.VersionLoggerListener.log Command line argument: --add-opens=java.base/java.util.concurrent=ALL-UNNAMED
15-Dec-2025 18:13:38.652 INFO [main] org.apache.catalina.startup.VersionLoggerListener.log Command line argument: --add-opens=java.rmi/sun.rmi.transport=ALL-UNNAMED
15-Dec-2025 18:13:38.652 INFO [main] org.apache.catalina.startup.VersionLoggerListener.log Command line argument: --enable-native-access=ALL-UNNAMED
15-Dec-2025 18:13:38.652 INFO [main] org.apache.catalina.startup.VersionLoggerListener.log Command line argument: -Dcatalina.base=/home/infoetu/baptiste.lavogiez.etu/ctp-web/tomcat
15-Dec-2025 18:13:38.652 INFO [main] org.apache.catalina.startup.VersionLoggerListener.log Command line argument: -Dcatalina.home=/home/infoetu/baptiste.lavogiez.etu/ctp-web/tomcat
15-Dec-2025 18:13:38.652 INFO [main] org.apache.catalina.startup.VersionLoggerListener.log Command line argument: -Djava.io.tmpdir=/home/infoetu/baptiste.lavogiez.etu/ctp-web/tomcat/temp
15-Dec-2025 18:13:38.653 INFO [main] org.apache.catalina.core.AprLifecycleListener.lifecycleEvent The Apache Tomcat Native library which allows using OpenSSL was not found on the java.library.path: [/usr/java/packages/lib:/usr/lib/x86_64-linux-gnu/jni:/lib/x86_64-linux-gnu:/usr/lib/x86_64-linux-gnu:/usr/lib/jni:/lib:/usr/lib]
15-Dec-2025 18:13:38.769 INFO [main] org.apache.coyote.AbstractProtocol.init Initializing ProtocolHandler ["http-nio-8080"]
15-Dec-2025 18:13:38.778 INFO [main] org.apache.catalina.startup.Catalina.load Server initialization in [213] milliseconds
15-Dec-2025 18:13:38.795 INFO [main] org.apache.catalina.core.StandardService.startInternal Starting service [Catalina]
15-Dec-2025 18:13:38.795 INFO [main] org.apache.catalina.core.StandardEngine.startInternal Starting Servlet engine: [Apache Tomcat/11.0.13]
15-Dec-2025 18:13:38.800 INFO [main] org.apache.catalina.startup.HostConfig.deployDirectory Deploying web application directory [/home/infoetu/baptiste.lavogiez.etu/ctp-web/tomcat/webapps/ROOT]
15-Dec-2025 18:13:38.968 INFO [main] org.apache.jasper.servlet.TldScanner.scanJars At least one JAR was scanned for TLDs yet contained no TLDs. Enable debug logging for this logger for a complete list of JARs that were scanned but no TLDs were found in them. Skipping unneeded JARs during scanning can improve startup time and JSP compilation time.
15-Dec-2025 18:13:38.982 INFO [main] org.apache.catalina.startup.HostConfig.deployDirectory Deployment of web application directory [/home/infoetu/baptiste.lavogiez.etu/ctp-web/tomcat/webapps/ROOT] has finished in [182] ms
15-Dec-2025 18:13:38.982 INFO [main] org.apache.catalina.startup.HostConfig.deployDirectory Deploying web application directory [/home/infoetu/baptiste.lavogiez.etu/ctp-web/tomcat/webapps/docs]
15-Dec-2025 18:13:39.031 INFO [main] org.apache.jasper.servlet.TldScanner.scanJars At least one JAR was scanned for TLDs yet contained no TLDs. Enable debug logging for this logger for a complete list of JARs that were scanned but no TLDs were found in them. Skipping unneeded JARs during scanning can improve startup time and JSP compilation time.
15-Dec-2025 18:13:39.032 INFO [main] org.apache.catalina.startup.HostConfig.deployDirectory Deployment of web application directory [/home/infoetu/baptiste.lavogiez.etu/ctp-web/tomcat/webapps/docs] has finished in [49] ms
15-Dec-2025 18:13:39.032 INFO [main] org.apache.catalina.startup.HostConfig.deployDirectory Deploying web application directory [/home/infoetu/baptiste.lavogiez.etu/ctp-web/tomcat/webapps/ctp-2025]
15-Dec-2025 18:13:39.107 INFO [main] org.apache.jasper.servlet.TldScanner.scanJars At least one JAR was scanned for TLDs yet contained no TLDs. Enable debug logging for this logger for a complete list of JARs that were scanned but no TLDs were found in them. Skipping unneeded JARs during scanning can improve startup time and JSP compilation time.
15-Dec-2025 18:13:39.109 INFO [main] org.apache.catalina.startup.HostConfig.deployDirectory Deployment of web application directory [/home/infoetu/baptiste.lavogiez.etu/ctp-web/tomcat/webapps/ctp-2025] has finished in [77] ms
15-Dec-2025 18:13:39.109 INFO [main] org.apache.catalina.startup.HostConfig.deployDirectory Deploying web application directory [/home/infoetu/baptiste.lavogiez.etu/ctp-web/tomcat/webapps/manager]
15-Dec-2025 18:13:39.156 INFO [main] org.apache.jasper.servlet.TldScanner.scanJars At least one JAR was scanned for TLDs yet contained no TLDs. Enable debug logging for this logger for a complete list of JARs that were scanned but no TLDs were found in them. Skipping unneeded JARs during scanning can improve startup time and JSP compilation time.
15-Dec-2025 18:13:39.158 INFO [main] org.apache.catalina.startup.HostConfig.deployDirectory Deployment of web application directory [/home/infoetu/baptiste.lavogiez.etu/ctp-web/tomcat/webapps/manager] has finished in [49] ms
15-Dec-2025 18:13:39.158 INFO [main] org.apache.catalina.startup.HostConfig.deployDirectory Deploying web application directory [/home/infoetu/baptiste.lavogiez.etu/ctp-web/tomcat/webapps/host-manager]
15-Dec-2025 18:13:39.202 INFO [main] org.apache.jasper.servlet.TldScanner.scanJars At least one JAR was scanned for TLDs yet contained no TLDs. Enable debug logging for this logger for a complete list of JARs that were scanned but no TLDs were found in them. Skipping unneeded JARs during scanning can improve startup time and JSP compilation time.
15-Dec-2025 18:13:39.203 INFO [main] org.apache.catalina.startup.HostConfig.deployDirectory Deployment of web application directory [/home/infoetu/baptiste.lavogiez.etu/ctp-web/tomcat/webapps/host-manager] has finished in [45] ms
15-Dec-2025 18:13:39.203 INFO [main] org.apache.catalina.startup.HostConfig.deployDirectory Deploying web application directory [/home/infoetu/baptiste.lavogiez.etu/ctp-web/tomcat/webapps/vide]
15-Dec-2025 18:13:39.254 INFO [main] org.apache.jasper.servlet.TldScanner.scanJars At least one JAR was scanned for TLDs yet contained no TLDs. Enable debug logging for this logger for a complete list of JARs that were scanned but no TLDs were found in them. Skipping unneeded JARs during scanning can improve startup time and JSP compilation time.
15-Dec-2025 18:13:39.254 INFO [main] org.apache.catalina.startup.HostConfig.deployDirectory Deployment of web application directory [/home/infoetu/baptiste.lavogiez.etu/ctp-web/tomcat/webapps/vide] has finished in [51] ms
15-Dec-2025 18:13:39.254 INFO [main] org.apache.catalina.startup.HostConfig.deployDirectory Deploying web application directory [/home/infoetu/baptiste.lavogiez.etu/ctp-web/tomcat/webapps/examples]
15-Dec-2025 18:13:39.461 INFO [main] org.apache.jasper.servlet.TldScanner.scanJars At least one JAR was scanned for TLDs yet contained no TLDs. Enable debug logging for this logger for a complete list of JARs that were scanned but no TLDs were found in them. Skipping unneeded JARs during scanning can improve startup time and JSP compilation time.
15-Dec-2025 18:13:39.473 INFO [main] org.apache.catalina.startup.HostConfig.deployDirectory Deployment of web application directory [/home/infoetu/baptiste.lavogiez.etu/ctp-web/tomcat/webapps/examples] has finished in [219] ms
15-Dec-2025 18:13:39.473 INFO [main] org.apache.catalina.startup.HostConfig.deployDirectory Deploying web application directory [/home/infoetu/baptiste.lavogiez.etu/ctp-web/tomcat/webapps/ctp]
15-Dec-2025 18:13:39.536 INFO [main] org.apache.jasper.servlet.TldScanner.scanJars At least one JAR was scanned for TLDs yet contained no TLDs. Enable debug logging for this logger for a complete list of JARs that were scanned but no TLDs were found in them. Skipping unneeded JARs during scanning can improve startup time and JSP compilation time.
15-Dec-2025 18:13:39.537 INFO [main] org.apache.catalina.startup.HostConfig.deployDirectory Deployment of web application directory [/home/infoetu/baptiste.lavogiez.etu/ctp-web/tomcat/webapps/ctp] has finished in [64] ms
15-Dec-2025 18:13:39.539 INFO [main] org.apache.coyote.AbstractProtocol.start Starting ProtocolHandler ["http-nio-8080"]
15-Dec-2025 18:13:39.544 INFO [main] org.apache.catalina.startup.Catalina.start Server startup in [766] milliseconds
15-Dec-2025 18:22:38.330 INFO [Thread-1] org.apache.coyote.AbstractProtocol.pause Pausing ProtocolHandler ["http-nio-8080"]
15-Dec-2025 18:22:38.333 INFO [Thread-1] org.apache.catalina.core.StandardService.stopInternal Stopping service [Catalina]
15-Dec-2025 18:22:38.362 INFO [Thread-1] org.apache.coyote.AbstractProtocol.stop Stopping ProtocolHandler ["http-nio-8080"]
15-Dec-2025 18:22:38.365 INFO [Thread-1] org.apache.coyote.AbstractProtocol.destroy Destroying ProtocolHandler ["http-nio-8080"]
