12-Dec-2025 13:22:29.418 INFO [main] org.apache.catalina.startup.VersionLoggerListener.log Server version name:   Apache Tomcat/11.0.13
12-Dec-2025 13:22:29.420 INFO [main] org.apache.catalina.startup.VersionLoggerListener.log Server built:          Oct 10 2025 13:57:31 UTC
12-Dec-2025 13:22:29.420 INFO [main] org.apache.catalina.startup.VersionLoggerListener.log Server version number: 11.0.13.0
12-Dec-2025 13:22:29.421 INFO [main] org.apache.catalina.startup.VersionLoggerListener.log OS Name:               Linux
12-Dec-2025 13:22:29.421 INFO [main] org.apache.catalina.startup.VersionLoggerListener.log OS Version:            6.1.0-40-amd64
12-Dec-2025 13:22:29.421 INFO [main] org.apache.catalina.startup.VersionLoggerListener.log Architecture:          amd64
12-Dec-2025 13:22:29.421 INFO [main] org.apache.catalina.startup.VersionLoggerListener.log Java Home:             /usr/lib/jvm/java-17-openjdk-amd64
12-Dec-2025 13:22:29.421 INFO [main] org.apache.catalina.startup.VersionLoggerListener.log JVM Version:           17.0.17+10-Debian-1deb12u1
12-Dec-2025 13:22:29.421 INFO [main] org.apache.catalina.startup.VersionLoggerListener.log JVM Vendor:            Debian
12-Dec-2025 13:22:29.421 INFO [main] org.apache.catalina.startup.VersionLoggerListener.log CATALINA_BASE:         /home/infoetu/baptiste.lavogiez.etu/ctp-web/tomcat
12-Dec-2025 13:22:29.421 INFO [main] org.apache.catalina.startup.VersionLoggerListener.log CATALINA_HOME:         /home/infoetu/baptiste.lavogiez.etu/ctp-web/tomcat
12-Dec-2025 13:22:29.434 INFO [main] org.apache.catalina.startup.VersionLoggerListener.log Command line argument: -Djava.util.logging.config.file=/home/infoetu/baptiste.lavogiez.etu/ctp-web/tomcat/conf/logging.properties
12-Dec-2025 13:22:29.434 INFO [main] org.apache.catalina.startup.VersionLoggerListener.log Command line argument: -Djava.util.logging.manager=org.apache.juli.ClassLoaderLogManager
12-Dec-2025 13:22:29.434 INFO [main] org.apache.catalina.startup.VersionLoggerListener.log Command line argument: -Djdk.tls.ephemeralDHKeySize=2048
12-Dec-2025 13:22:29.434 INFO [main] org.apache.catalina.startup.VersionLoggerListener.log Command line argument: -Dorg.apache.catalina.security.SecurityListener.UMASK=0027
12-Dec-2025 13:22:29.434 INFO [main] org.apache.catalina.startup.VersionLoggerListener.log Command line argument: --add-opens=java.base/java.lang=ALL-UNNAMED
12-Dec-2025 13:22:29.434 INFO [main] org.apache.catalina.startup.VersionLoggerListener.log Command line argument: --add-opens=java.base/java.lang.reflect=ALL-UNNAMED
12-Dec-2025 13:22:29.434 INFO [main] org.apache.catalina.startup.VersionLoggerListener.log Command line argument: --add-opens=java.base/java.io=ALL-UNNAMED
12-Dec-2025 13:22:29.434 INFO [main] org.apache.catalina.startup.VersionLoggerListener.log Command line argument: --add-opens=java.base/java.util=ALL-UNNAMED
12-Dec-2025 13:22:29.434 INFO [main] org.apache.catalina.startup.VersionLoggerListener.log Command line argument: --add-opens=java.base/java.util.concurrent=ALL-UNNAMED
12-Dec-2025 13:22:29.434 INFO [main] org.apache.catalina.startup.VersionLoggerListener.log Command line argument: --add-opens=java.rmi/sun.rmi.transport=ALL-UNNAMED
12-Dec-2025 13:22:29.434 INFO [main] org.apache.catalina.startup.VersionLoggerListener.log Command line argument: --enable-native-access=ALL-UNNAMED
12-Dec-2025 13:22:29.434 INFO [main] org.apache.catalina.startup.VersionLoggerListener.log Command line argument: -Dcatalina.base=/home/infoetu/baptiste.lavogiez.etu/ctp-web/tomcat
12-Dec-2025 13:22:29.434 INFO [main] org.apache.catalina.startup.VersionLoggerListener.log Command line argument: -Dcatalina.home=/home/infoetu/baptiste.lavogiez.etu/ctp-web/tomcat
12-Dec-2025 13:22:29.434 INFO [main] org.apache.catalina.startup.VersionLoggerListener.log Command line argument: -Djava.io.tmpdir=/home/infoetu/baptiste.lavogiez.etu/ctp-web/tomcat/temp
12-Dec-2025 13:22:29.436 INFO [main] org.apache.catalina.core.AprLifecycleListener.lifecycleEvent The Apache Tomcat Native library which allows using OpenSSL was not found on the java.library.path: [/usr/java/packages/lib:/usr/lib/x86_64-linux-gnu/jni:/lib/x86_64-linux-gnu:/usr/lib/x86_64-linux-gnu:/usr/lib/jni:/lib:/usr/lib]
12-Dec-2025 13:22:29.565 INFO [main] org.apache.coyote.AbstractProtocol.init Initializing ProtocolHandler ["http-nio-8080"]
12-Dec-2025 13:22:29.585 INFO [main] org.apache.catalina.startup.Catalina.load Server initialization in [278] milliseconds
12-Dec-2025 13:22:29.607 INFO [main] org.apache.catalina.core.StandardService.startInternal Starting service [Catalina]
12-Dec-2025 13:22:29.608 INFO [main] org.apache.catalina.core.StandardEngine.startInternal Starting Servlet engine: [Apache Tomcat/11.0.13]
12-Dec-2025 13:22:29.615 INFO [main] org.apache.catalina.startup.HostConfig.deployDirectory Deploying web application directory [/home/infoetu/baptiste.lavogiez.etu/ctp-web/tomcat/webapps/ROOT]
12-Dec-2025 13:22:29.846 INFO [main] org.apache.jasper.servlet.TldScanner.scanJars At least one JAR was scanned for TLDs yet contained no TLDs. Enable debug logging for this logger for a complete list of JARs that were scanned but no TLDs were found in them. Skipping unneeded JARs during scanning can improve startup time and JSP compilation time.
12-Dec-2025 13:22:29.869 INFO [main] org.apache.catalina.startup.HostConfig.deployDirectory Deployment of web application directory [/home/infoetu/baptiste.lavogiez.etu/ctp-web/tomcat/webapps/ROOT] has finished in [254] ms
12-Dec-2025 13:22:29.870 INFO [main] org.apache.catalina.startup.HostConfig.deployDirectory Deploying web application directory [/home/infoetu/baptiste.lavogiez.etu/ctp-web/tomcat/webapps/docs]
12-Dec-2025 13:22:29.928 INFO [main] org.apache.jasper.servlet.TldScanner.scanJars At least one JAR was scanned for TLDs yet contained no TLDs. Enable debug logging for this logger for a complete list of JARs that were scanned but no TLDs were found in them. Skipping unneeded JARs during scanning can improve startup time and JSP compilation time.
12-Dec-2025 13:22:29.929 INFO [main] org.apache.catalina.startup.HostConfig.deployDirectory Deployment of web application directory [/home/infoetu/baptiste.lavogiez.etu/ctp-web/tomcat/webapps/docs] has finished in [59] ms
12-Dec-2025 13:22:29.929 INFO [main] org.apache.catalina.startup.HostConfig.deployDirectory Deploying web application directory [/home/infoetu/baptiste.lavogiez.etu/ctp-web/tomcat/webapps/manager]
12-Dec-2025 13:22:29.984 INFO [main] org.apache.jasper.servlet.TldScanner.scanJars At least one JAR was scanned for TLDs yet contained no TLDs. Enable debug logging for this logger for a complete list of JARs that were scanned but no TLDs were found in them. Skipping unneeded JARs during scanning can improve startup time and JSP compilation time.
12-Dec-2025 13:22:29.987 INFO [main] org.apache.catalina.startup.HostConfig.deployDirectory Deployment of web application directory [/home/infoetu/baptiste.lavogiez.etu/ctp-web/tomcat/webapps/manager] has finished in [58] ms
12-Dec-2025 13:22:29.987 INFO [main] org.apache.catalina.startup.HostConfig.deployDirectory Deploying web application directory [/home/infoetu/baptiste.lavogiez.etu/ctp-web/tomcat/webapps/host-manager]
12-Dec-2025 13:22:30.036 INFO [main] org.apache.jasper.servlet.TldScanner.scanJars At least one JAR was scanned for TLDs yet contained no TLDs. Enable debug logging for this logger for a complete list of JARs that were scanned but no TLDs were found in them. Skipping unneeded JARs during scanning can improve startup time and JSP compilation time.
12-Dec-2025 13:22:30.037 INFO [main] org.apache.catalina.startup.HostConfig.deployDirectory Deployment of web application directory [/home/infoetu/baptiste.lavogiez.etu/ctp-web/tomcat/webapps/host-manager] has finished in [50] ms
12-Dec-2025 13:22:30.038 INFO [main] org.apache.catalina.startup.HostConfig.deployDirectory Deploying web application directory [/home/infoetu/baptiste.lavogiez.etu/ctp-web/tomcat/webapps/vide]
12-Dec-2025 13:22:30.097 INFO [main] org.apache.jasper.servlet.TldScanner.scanJars At least one JAR was scanned for TLDs yet contained no TLDs. Enable debug logging for this logger for a complete list of JARs that were scanned but no TLDs were found in them. Skipping unneeded JARs during scanning can improve startup time and JSP compilation time.
12-Dec-2025 13:22:30.099 INFO [main] org.apache.catalina.startup.HostConfig.deployDirectory Deployment of web application directory [/home/infoetu/baptiste.lavogiez.etu/ctp-web/tomcat/webapps/vide] has finished in [61] ms
12-Dec-2025 13:22:30.099 INFO [main] org.apache.catalina.startup.HostConfig.deployDirectory Deploying web application directory [/home/infoetu/baptiste.lavogiez.etu/ctp-web/tomcat/webapps/examples]
12-Dec-2025 13:22:30.311 INFO [main] org.apache.jasper.servlet.TldScanner.scanJars At least one JAR was scanned for TLDs yet contained no TLDs. Enable debug logging for this logger for a complete list of JARs that were scanned but no TLDs were found in them. Skipping unneeded JARs during scanning can improve startup time and JSP compilation time.
12-Dec-2025 13:22:30.335 INFO [main] org.apache.catalina.startup.HostConfig.deployDirectory Deployment of web application directory [/home/infoetu/baptiste.lavogiez.etu/ctp-web/tomcat/webapps/examples] has finished in [236] ms
12-Dec-2025 13:22:30.335 INFO [main] org.apache.catalina.startup.HostConfig.deployDirectory Deploying web application directory [/home/infoetu/baptiste.lavogiez.etu/ctp-web/tomcat/webapps/ctp]
12-Dec-2025 13:22:30.423 INFO [main] org.apache.jasper.servlet.TldScanner.scanJars At least one JAR was scanned for TLDs yet contained no TLDs. Enable debug logging for this logger for a complete list of JARs that were scanned but no TLDs were found in them. Skipping unneeded JARs during scanning can improve startup time and JSP compilation time.
12-Dec-2025 13:22:30.425 INFO [main] org.apache.catalina.startup.HostConfig.deployDirectory Deployment of web application directory [/home/infoetu/baptiste.lavogiez.etu/ctp-web/tomcat/webapps/ctp] has finished in [90] ms
12-Dec-2025 13:22:30.428 INFO [main] org.apache.coyote.AbstractProtocol.start Starting ProtocolHandler ["http-nio-8080"]
12-Dec-2025 13:22:30.439 INFO [main] org.apache.catalina.startup.Catalina.start Server startup in [853] milliseconds
12-Dec-2025 13:23:20.492 INFO [Catalina-utility-1] org.apache.catalina.core.StandardContext.reload Reloading Context with name [/ctp] has started
12-Dec-2025 13:23:20.558 INFO [Catalina-utility-1] org.apache.jasper.servlet.TldScanner.scanJars At least one JAR was scanned for TLDs yet contained no TLDs. Enable debug logging for this logger for a complete list of JARs that were scanned but no TLDs were found in them. Skipping unneeded JARs during scanning can improve startup time and JSP compilation time.
12-Dec-2025 13:23:20.559 INFO [Catalina-utility-1] org.apache.catalina.core.StandardContext.reload Reloading Context with name [/ctp] is completed
12-Dec-2025 13:24:00.589 INFO [Catalina-utility-1] org.apache.catalina.core.StandardContext.reload Reloading Context with name [/ctp] has started
12-Dec-2025 13:24:00.655 INFO [Catalina-utility-1] org.apache.jasper.servlet.TldScanner.scanJars At least one JAR was scanned for TLDs yet contained no TLDs. Enable debug logging for this logger for a complete list of JARs that were scanned but no TLDs were found in them. Skipping unneeded JARs during scanning can improve startup time and JSP compilation time.
12-Dec-2025 13:24:00.656 INFO [Catalina-utility-1] org.apache.catalina.core.StandardContext.reload Reloading Context with name [/ctp] is completed
12-Dec-2025 13:24:10.661 INFO [Catalina-utility-2] org.apache.catalina.core.StandardContext.reload Reloading Context with name [/ctp] has started
12-Dec-2025 13:24:10.722 INFO [Catalina-utility-2] org.apache.jasper.servlet.TldScanner.scanJars At least one JAR was scanned for TLDs yet contained no TLDs. Enable debug logging for this logger for a complete list of JARs that were scanned but no TLDs were found in them. Skipping unneeded JARs during scanning can improve startup time and JSP compilation time.
12-Dec-2025 13:24:10.722 INFO [Catalina-utility-2] org.apache.catalina.core.StandardContext.reload Reloading Context with name [/ctp] is completed
12-Dec-2025 13:24:14.886 INFO [Thread-1] org.apache.coyote.AbstractProtocol.pause Pausing ProtocolHandler ["http-nio-8080"]
12-Dec-2025 13:24:14.890 INFO [Thread-1] org.apache.catalina.core.StandardService.stopInternal Stopping service [Catalina]
12-Dec-2025 13:24:14.901 INFO [Thread-1] org.apache.coyote.AbstractProtocol.stop Stopping ProtocolHandler ["http-nio-8080"]
12-Dec-2025 13:24:14.912 INFO [Thread-1] org.apache.coyote.AbstractProtocol.destroy Destroying ProtocolHandler ["http-nio-8080"]
12-Dec-2025 13:24:15.700 INFO [main] org.apache.catalina.startup.VersionLoggerListener.log Server version name:   Apache Tomcat/11.0.13
12-Dec-2025 13:24:15.702 INFO [main] org.apache.catalina.startup.VersionLoggerListener.log Server built:          Oct 10 2025 13:57:31 UTC
12-Dec-2025 13:24:15.702 INFO [main] org.apache.catalina.startup.VersionLoggerListener.log Server version number: 11.0.13.0
12-Dec-2025 13:24:15.702 INFO [main] org.apache.catalina.startup.VersionLoggerListener.log OS Name:               Linux
12-Dec-2025 13:24:15.702 INFO [main] org.apache.catalina.startup.VersionLoggerListener.log OS Version:            6.1.0-40-amd64
12-Dec-2025 13:24:15.702 INFO [main] org.apache.catalina.startup.VersionLoggerListener.log Architecture:          amd64
12-Dec-2025 13:24:15.702 INFO [main] org.apache.catalina.startup.VersionLoggerListener.log Java Home:             /usr/lib/jvm/java-17-openjdk-amd64
12-Dec-2025 13:24:15.703 INFO [main] org.apache.catalina.startup.VersionLoggerListener.log JVM Version:           17.0.17+10-Debian-1deb12u1
12-Dec-2025 13:24:15.703 INFO [main] org.apache.catalina.startup.VersionLoggerListener.log JVM Vendor:            Debian
12-Dec-2025 13:24:15.703 INFO [main] org.apache.catalina.startup.VersionLoggerListener.log CATALINA_BASE:         /home/infoetu/baptiste.lavogiez.etu/ctp-web/tomcat
12-Dec-2025 13:24:15.703 INFO [main] org.apache.catalina.startup.VersionLoggerListener.log CATALINA_HOME:         /home/infoetu/baptiste.lavogiez.etu/ctp-web/tomcat
12-Dec-2025 13:24:15.707 INFO [main] org.apache.catalina.startup.VersionLoggerListener.log Command line argument: -Djava.util.logging.config.file=/home/infoetu/baptiste.lavogiez.etu/ctp-web/tomcat/conf/logging.properties
12-Dec-2025 13:24:15.707 INFO [main] org.apache.catalina.startup.VersionLoggerListener.log Command line argument: -Djava.util.logging.manager=org.apache.juli.ClassLoaderLogManager
12-Dec-2025 13:24:15.707 INFO [main] org.apache.catalina.startup.VersionLoggerListener.log Command line argument: -Djdk.tls.ephemeralDHKeySize=2048
12-Dec-2025 13:24:15.707 INFO [main] org.apache.catalina.startup.VersionLoggerListener.log Command line argument: -Dorg.apache.catalina.security.SecurityListener.UMASK=0027
12-Dec-2025 13:24:15.707 INFO [main] org.apache.catalina.startup.VersionLoggerListener.log Command line argument: --add-opens=java.base/java.lang=ALL-UNNAMED
12-Dec-2025 13:24:15.707 INFO [main] org.apache.catalina.startup.VersionLoggerListener.log Command line argument: --add-opens=java.base/java.lang.reflect=ALL-UNNAMED
12-Dec-2025 13:24:15.707 INFO [main] org.apache.catalina.startup.VersionLoggerListener.log Command line argument: --add-opens=java.base/java.io=ALL-UNNAMED
12-Dec-2025 13:24:15.707 INFO [main] org.apache.catalina.startup.VersionLoggerListener.log Command line argument: --add-opens=java.base/java.util=ALL-UNNAMED
12-Dec-2025 13:24:15.707 INFO [main] org.apache.catalina.startup.VersionLoggerListener.log Command line argument: --add-opens=java.base/java.util.concurrent=ALL-UNNAMED
12-Dec-2025 13:24:15.707 INFO [main] org.apache.catalina.startup.VersionLoggerListener.log Command line argument: --add-opens=java.rmi/sun.rmi.transport=ALL-UNNAMED
12-Dec-2025 13:24:15.707 INFO [main] org.apache.catalina.startup.VersionLoggerListener.log Command line argument: --enable-native-access=ALL-UNNAMED
12-Dec-2025 13:24:15.708 INFO [main] org.apache.catalina.startup.VersionLoggerListener.log Command line argument: -Dcatalina.base=/home/infoetu/baptiste.lavogiez.etu/ctp-web/tomcat
12-Dec-2025 13:24:15.708 INFO [main] org.apache.catalina.startup.VersionLoggerListener.log Command line argument: -Dcatalina.home=/home/infoetu/baptiste.lavogiez.etu/ctp-web/tomcat
12-Dec-2025 13:24:15.708 INFO [main] org.apache.catalina.startup.VersionLoggerListener.log Command line argument: -Djava.io.tmpdir=/home/infoetu/baptiste.lavogiez.etu/ctp-web/tomcat/temp
12-Dec-2025 13:24:15.708 INFO [main] org.apache.catalina.core.AprLifecycleListener.lifecycleEvent The Apache Tomcat Native library which allows using OpenSSL was not found on the java.library.path: [/usr/java/packages/lib:/usr/lib/x86_64-linux-gnu/jni:/lib/x86_64-linux-gnu:/usr/lib/x86_64-linux-gnu:/usr/lib/jni:/lib:/usr/lib]
12-Dec-2025 13:24:15.849 INFO [main] org.apache.coyote.AbstractProtocol.init Initializing ProtocolHandler ["http-nio-8080"]
12-Dec-2025 13:24:15.861 INFO [main] org.apache.catalina.startup.Catalina.load Server initialization in [242] milliseconds
12-Dec-2025 13:24:15.886 INFO [main] org.apache.catalina.core.StandardService.startInternal Starting service [Catalina]
12-Dec-2025 13:24:15.886 INFO [main] org.apache.catalina.core.StandardEngine.startInternal Starting Servlet engine: [Apache Tomcat/11.0.13]
12-Dec-2025 13:24:15.891 INFO [main] org.apache.catalina.startup.HostConfig.deployDirectory Deploying web application directory [/home/infoetu/baptiste.lavogiez.etu/ctp-web/tomcat/webapps/ROOT]
12-Dec-2025 13:24:16.095 INFO [main] org.apache.jasper.servlet.TldScanner.scanJars At least one JAR was scanned for TLDs yet contained no TLDs. Enable debug logging for this logger for a complete list of JARs that were scanned but no TLDs were found in them. Skipping unneeded JARs during scanning can improve startup time and JSP compilation time.
12-Dec-2025 13:24:16.115 INFO [main] org.apache.catalina.startup.HostConfig.deployDirectory Deployment of web application directory [/home/infoetu/baptiste.lavogiez.etu/ctp-web/tomcat/webapps/ROOT] has finished in [223] ms
12-Dec-2025 13:24:16.115 INFO [main] org.apache.catalina.startup.HostConfig.deployDirectory Deploying web application directory [/home/infoetu/baptiste.lavogiez.etu/ctp-web/tomcat/webapps/docs]
12-Dec-2025 13:24:16.175 INFO [main] org.apache.jasper.servlet.TldScanner.scanJars At least one JAR was scanned for TLDs yet contained no TLDs. Enable debug logging for this logger for a complete list of JARs that were scanned but no TLDs were found in them. Skipping unneeded JARs during scanning can improve startup time and JSP compilation time.
12-Dec-2025 13:24:16.176 INFO [main] org.apache.catalina.startup.HostConfig.deployDirectory Deployment of web application directory [/home/infoetu/baptiste.lavogiez.etu/ctp-web/tomcat/webapps/docs] has finished in [61] ms
12-Dec-2025 13:24:16.177 INFO [main] org.apache.catalina.startup.HostConfig.deployDirectory Deploying web application directory [/home/infoetu/baptiste.lavogiez.etu/ctp-web/tomcat/webapps/manager]
12-Dec-2025 13:24:16.228 INFO [main] org.apache.jasper.servlet.TldScanner.scanJars At least one JAR was scanned for TLDs yet contained no TLDs. Enable debug logging for this logger for a complete list of JARs that were scanned but no TLDs were found in them. Skipping unneeded JARs during scanning can improve startup time and JSP compilation time.
12-Dec-2025 13:24:16.231 INFO [main] org.apache.catalina.startup.HostConfig.deployDirectory Deployment of web application directory [/home/infoetu/baptiste.lavogiez.etu/ctp-web/tomcat/webapps/manager] has finished in [55] ms
12-Dec-2025 13:24:16.231 INFO [main] org.apache.catalina.startup.HostConfig.deployDirectory Deploying web application directory [/home/infoetu/baptiste.lavogiez.etu/ctp-web/tomcat/webapps/host-manager]
12-Dec-2025 13:24:16.280 INFO [main] org.apache.jasper.servlet.TldScanner.scanJars At least one JAR was scanned for TLDs yet contained no TLDs. Enable debug logging for this logger for a complete list of JARs that were scanned but no TLDs were found in them. Skipping unneeded JARs during scanning can improve startup time and JSP compilation time.
12-Dec-2025 13:24:16.281 INFO [main] org.apache.catalina.startup.HostConfig.deployDirectory Deployment of web application directory [/home/infoetu/baptiste.lavogiez.etu/ctp-web/tomcat/webapps/host-manager] has finished in [50] ms
12-Dec-2025 13:24:16.281 INFO [main] org.apache.catalina.startup.HostConfig.deployDirectory Deploying web application directory [/home/infoetu/baptiste.lavogiez.etu/ctp-web/tomcat/webapps/vide]
12-Dec-2025 13:24:16.336 INFO [main] org.apache.jasper.servlet.TldScanner.scanJars At least one JAR was scanned for TLDs yet contained no TLDs. Enable debug logging for this logger for a complete list of JARs that were scanned but no TLDs were found in them. Skipping unneeded JARs during scanning can improve startup time and JSP compilation time.
12-Dec-2025 13:24:16.338 INFO [main] org.apache.catalina.startup.HostConfig.deployDirectory Deployment of web application directory [/home/infoetu/baptiste.lavogiez.etu/ctp-web/tomcat/webapps/vide] has finished in [56] ms
12-Dec-2025 13:24:16.338 INFO [main] org.apache.catalina.startup.HostConfig.deployDirectory Deploying web application directory [/home/infoetu/baptiste.lavogiez.etu/ctp-web/tomcat/webapps/examples]
12-Dec-2025 13:24:16.499 INFO [main] org.apache.jasper.servlet.TldScanner.scanJars At least one JAR was scanned for TLDs yet contained no TLDs. Enable debug logging for this logger for a complete list of JARs that were scanned but no TLDs were found in them. Skipping unneeded JARs during scanning can improve startup time and JSP compilation time.
12-Dec-2025 13:24:16.511 INFO [main] org.apache.catalina.startup.HostConfig.deployDirectory Deployment of web application directory [/home/infoetu/baptiste.lavogiez.etu/ctp-web/tomcat/webapps/examples] has finished in [173] ms
12-Dec-2025 13:24:16.512 INFO [main] org.apache.catalina.startup.HostConfig.deployDirectory Deploying web application directory [/home/infoetu/baptiste.lavogiez.etu/ctp-web/tomcat/webapps/ctp]
12-Dec-2025 13:24:16.569 INFO [main] org.apache.jasper.servlet.TldScanner.scanJars At least one JAR was scanned for TLDs yet contained no TLDs. Enable debug logging for this logger for a complete list of JARs that were scanned but no TLDs were found in them. Skipping unneeded JARs during scanning can improve startup time and JSP compilation time.
12-Dec-2025 13:24:16.571 INFO [main] org.apache.catalina.startup.HostConfig.deployDirectory Deployment of web application directory [/home/infoetu/baptiste.lavogiez.etu/ctp-web/tomcat/webapps/ctp] has finished in [59] ms
12-Dec-2025 13:24:16.574 INFO [main] org.apache.coyote.AbstractProtocol.start Starting ProtocolHandler ["http-nio-8080"]
12-Dec-2025 13:24:16.580 INFO [main] org.apache.catalina.startup.Catalina.start Server startup in [719] milliseconds
12-Dec-2025 13:24:41.871 INFO [Thread-1] org.apache.coyote.AbstractProtocol.pause Pausing ProtocolHandler ["http-nio-8080"]
12-Dec-2025 13:24:41.874 INFO [Thread-1] org.apache.catalina.core.StandardService.stopInternal Stopping service [Catalina]
12-Dec-2025 13:24:41.932 INFO [Thread-1] org.apache.coyote.AbstractProtocol.stop Stopping ProtocolHandler ["http-nio-8080"]
12-Dec-2025 13:24:41.938 INFO [Thread-1] org.apache.coyote.AbstractProtocol.destroy Destroying ProtocolHandler ["http-nio-8080"]
12-Dec-2025 13:24:42.896 INFO [main] org.apache.catalina.startup.VersionLoggerListener.log Server version name:   Apache Tomcat/11.0.13
12-Dec-2025 13:24:42.898 INFO [main] org.apache.catalina.startup.VersionLoggerListener.log Server built:          Oct 10 2025 13:57:31 UTC
12-Dec-2025 13:24:42.898 INFO [main] org.apache.catalina.startup.VersionLoggerListener.log Server version number: 11.0.13.0
12-Dec-2025 13:24:42.898 INFO [main] org.apache.catalina.startup.VersionLoggerListener.log OS Name:               Linux
12-Dec-2025 13:24:42.898 INFO [main] org.apache.catalina.startup.VersionLoggerListener.log OS Version:            6.1.0-40-amd64
12-Dec-2025 13:24:42.898 INFO [main] org.apache.catalina.startup.VersionLoggerListener.log Architecture:          amd64
12-Dec-2025 13:24:42.898 INFO [main] org.apache.catalina.startup.VersionLoggerListener.log Java Home:             /usr/lib/jvm/java-17-openjdk-amd64
12-Dec-2025 13:24:42.898 INFO [main] org.apache.catalina.startup.VersionLoggerListener.log JVM Version:           17.0.17+10-Debian-1deb12u1
12-Dec-2025 13:24:42.898 INFO [main] org.apache.catalina.startup.VersionLoggerListener.log JVM Vendor:            Debian
12-Dec-2025 13:24:42.898 INFO [main] org.apache.catalina.startup.VersionLoggerListener.log CATALINA_BASE:         /home/infoetu/baptiste.lavogiez.etu/ctp-web/tomcat
12-Dec-2025 13:24:42.899 INFO [main] org.apache.catalina.startup.VersionLoggerListener.log CATALINA_HOME:         /home/infoetu/baptiste.lavogiez.etu/ctp-web/tomcat
12-Dec-2025 13:24:42.902 INFO [main] org.apache.catalina.startup.VersionLoggerListener.log Command line argument: -Djava.util.logging.config.file=/home/infoetu/baptiste.lavogiez.etu/ctp-web/tomcat/conf/logging.properties
12-Dec-2025 13:24:42.902 INFO [main] org.apache.catalina.startup.VersionLoggerListener.log Command line argument: -Djava.util.logging.manager=org.apache.juli.ClassLoaderLogManager
12-Dec-2025 13:24:42.902 INFO [main] org.apache.catalina.startup.VersionLoggerListener.log Command line argument: -Djdk.tls.ephemeralDHKeySize=2048
12-Dec-2025 13:24:42.902 INFO [main] org.apache.catalina.startup.VersionLoggerListener.log Command line argument: -Dorg.apache.catalina.security.SecurityListener.UMASK=0027
12-Dec-2025 13:24:42.903 INFO [main] org.apache.catalina.startup.VersionLoggerListener.log Command line argument: --add-opens=java.base/java.lang=ALL-UNNAMED
12-Dec-2025 13:24:42.903 INFO [main] org.apache.catalina.startup.VersionLoggerListener.log Command line argument: --add-opens=java.base/java.lang.reflect=ALL-UNNAMED
12-Dec-2025 13:24:42.903 INFO [main] org.apache.catalina.startup.VersionLoggerListener.log Command line argument: --add-opens=java.base/java.io=ALL-UNNAMED
12-Dec-2025 13:24:42.903 INFO [main] org.apache.catalina.startup.VersionLoggerListener.log Command line argument: --add-opens=java.base/java.util=ALL-UNNAMED
12-Dec-2025 13:24:42.903 INFO [main] org.apache.catalina.startup.VersionLoggerListener.log Command line argument: --add-opens=java.base/java.util.concurrent=ALL-UNNAMED
12-Dec-2025 13:24:42.903 INFO [main] org.apache.catalina.startup.VersionLoggerListener.log Command line argument: --add-opens=java.rmi/sun.rmi.transport=ALL-UNNAMED
12-Dec-2025 13:24:42.903 INFO [main] org.apache.catalina.startup.VersionLoggerListener.log Command line argument: --enable-native-access=ALL-UNNAMED
12-Dec-2025 13:24:42.903 INFO [main] org.apache.catalina.startup.VersionLoggerListener.log Command line argument: -Dcatalina.base=/home/infoetu/baptiste.lavogiez.etu/ctp-web/tomcat
12-Dec-2025 13:24:42.903 INFO [main] org.apache.catalina.startup.VersionLoggerListener.log Command line argument: -Dcatalina.home=/home/infoetu/baptiste.lavogiez.etu/ctp-web/tomcat
12-Dec-2025 13:24:42.903 INFO [main] org.apache.catalina.startup.VersionLoggerListener.log Command line argument: -Djava.io.tmpdir=/home/infoetu/baptiste.lavogiez.etu/ctp-web/tomcat/temp
12-Dec-2025 13:24:42.904 INFO [main] org.apache.catalina.core.AprLifecycleListener.lifecycleEvent The Apache Tomcat Native library which allows using OpenSSL was not found on the java.library.path: [/usr/java/packages/lib:/usr/lib/x86_64-linux-gnu/jni:/lib/x86_64-linux-gnu:/usr/lib/x86_64-linux-gnu:/usr/lib/jni:/lib:/usr/lib]
12-Dec-2025 13:24:43.027 INFO [main] org.apache.coyote.AbstractProtocol.init Initializing ProtocolHandler ["http-nio-8080"]
12-Dec-2025 13:24:43.037 INFO [main] org.apache.catalina.startup.Catalina.load Server initialization in [222] milliseconds
12-Dec-2025 13:24:43.059 INFO [main] org.apache.catalina.core.StandardService.startInternal Starting service [Catalina]
12-Dec-2025 13:24:43.059 INFO [main] org.apache.catalina.core.StandardEngine.startInternal Starting Servlet engine: [Apache Tomcat/11.0.13]
12-Dec-2025 13:24:43.066 INFO [main] org.apache.catalina.startup.HostConfig.deployDirectory Deploying web application directory [/home/infoetu/baptiste.lavogiez.etu/ctp-web/tomcat/webapps/ROOT]
12-Dec-2025 13:24:43.265 INFO [main] org.apache.jasper.servlet.TldScanner.scanJars At least one JAR was scanned for TLDs yet contained no TLDs. Enable debug logging for this logger for a complete list of JARs that were scanned but no TLDs were found in them. Skipping unneeded JARs during scanning can improve startup time and JSP compilation time.
12-Dec-2025 13:24:43.285 INFO [main] org.apache.catalina.startup.HostConfig.deployDirectory Deployment of web application directory [/home/infoetu/baptiste.lavogiez.etu/ctp-web/tomcat/webapps/ROOT] has finished in [218] ms
12-Dec-2025 13:24:43.285 INFO [main] org.apache.catalina.startup.HostConfig.deployDirectory Deploying web application directory [/home/infoetu/baptiste.lavogiez.etu/ctp-web/tomcat/webapps/docs]
12-Dec-2025 13:24:43.346 INFO [main] org.apache.jasper.servlet.TldScanner.scanJars At least one JAR was scanned for TLDs yet contained no TLDs. Enable debug logging for this logger for a complete list of JARs that were scanned but no TLDs were found in them. Skipping unneeded JARs during scanning can improve startup time and JSP compilation time.
12-Dec-2025 13:24:43.347 INFO [main] org.apache.catalina.startup.HostConfig.deployDirectory Deployment of web application directory [/home/infoetu/baptiste.lavogiez.etu/ctp-web/tomcat/webapps/docs] has finished in [62] ms
12-Dec-2025 13:24:43.347 INFO [main] org.apache.catalina.startup.HostConfig.deployDirectory Deploying web application directory [/home/infoetu/baptiste.lavogiez.etu/ctp-web/tomcat/webapps/manager]
12-Dec-2025 13:24:43.403 INFO [main] org.apache.jasper.servlet.TldScanner.scanJars At least one JAR was scanned for TLDs yet contained no TLDs. Enable debug logging for this logger for a complete list of JARs that were scanned but no TLDs were found in them. Skipping unneeded JARs during scanning can improve startup time and JSP compilation time.
12-Dec-2025 13:24:43.406 INFO [main] org.apache.catalina.startup.HostConfig.deployDirectory Deployment of web application directory [/home/infoetu/baptiste.lavogiez.etu/ctp-web/tomcat/webapps/manager] has finished in [59] ms
12-Dec-2025 13:24:43.406 INFO [main] org.apache.catalina.startup.HostConfig.deployDirectory Deploying web application directory [/home/infoetu/baptiste.lavogiez.etu/ctp-web/tomcat/webapps/host-manager]
12-Dec-2025 13:24:43.451 INFO [main] org.apache.jasper.servlet.TldScanner.scanJars At least one JAR was scanned for TLDs yet contained no TLDs. Enable debug logging for this logger for a complete list of JARs that were scanned but no TLDs were found in them. Skipping unneeded JARs during scanning can improve startup time and JSP compilation time.
12-Dec-2025 13:24:43.452 INFO [main] org.apache.catalina.startup.HostConfig.deployDirectory Deployment of web application directory [/home/infoetu/baptiste.lavogiez.etu/ctp-web/tomcat/webapps/host-manager] has finished in [46] ms
12-Dec-2025 13:24:43.452 INFO [main] org.apache.catalina.startup.HostConfig.deployDirectory Deploying web application directory [/home/infoetu/baptiste.lavogiez.etu/ctp-web/tomcat/webapps/vide]
12-Dec-2025 13:24:43.507 INFO [main] org.apache.jasper.servlet.TldScanner.scanJars At least one JAR was scanned for TLDs yet contained no TLDs. Enable debug logging for this logger for a complete list of JARs that were scanned but no TLDs were found in them. Skipping unneeded JARs during scanning can improve startup time and JSP compilation time.
12-Dec-2025 13:24:43.509 INFO [main] org.apache.catalina.startup.HostConfig.deployDirectory Deployment of web application directory [/home/infoetu/baptiste.lavogiez.etu/ctp-web/tomcat/webapps/vide] has finished in [57] ms
12-Dec-2025 13:24:43.509 INFO [main] org.apache.catalina.startup.HostConfig.deployDirectory Deploying web application directory [/home/infoetu/baptiste.lavogiez.etu/ctp-web/tomcat/webapps/examples]
12-Dec-2025 13:24:43.673 INFO [main] org.apache.jasper.servlet.TldScanner.scanJars At least one JAR was scanned for TLDs yet contained no TLDs. Enable debug logging for this logger for a complete list of JARs that were scanned but no TLDs were found in them. Skipping unneeded JARs during scanning can improve startup time and JSP compilation time.
12-Dec-2025 13:24:43.689 INFO [main] org.apache.catalina.startup.HostConfig.deployDirectory Deployment of web application directory [/home/infoetu/baptiste.lavogiez.etu/ctp-web/tomcat/webapps/examples] has finished in [179] ms
12-Dec-2025 13:24:43.689 INFO [main] org.apache.catalina.startup.HostConfig.deployDirectory Deploying web application directory [/home/infoetu/baptiste.lavogiez.etu/ctp-web/tomcat/webapps/ctp]
12-Dec-2025 13:24:43.757 INFO [main] org.apache.jasper.servlet.TldScanner.scanJars At least one JAR was scanned for TLDs yet contained no TLDs. Enable debug logging for this logger for a complete list of JARs that were scanned but no TLDs were found in them. Skipping unneeded JARs during scanning can improve startup time and JSP compilation time.
12-Dec-2025 13:24:43.759 INFO [main] org.apache.catalina.startup.HostConfig.deployDirectory Deployment of web application directory [/home/infoetu/baptiste.lavogiez.etu/ctp-web/tomcat/webapps/ctp] has finished in [70] ms
12-Dec-2025 13:24:43.762 INFO [main] org.apache.coyote.AbstractProtocol.start Starting ProtocolHandler ["http-nio-8080"]
12-Dec-2025 13:24:43.768 INFO [main] org.apache.catalina.startup.Catalina.start Server startup in [730] milliseconds
12-Dec-2025 13:25:13.079 INFO [Thread-1] org.apache.coyote.AbstractProtocol.pause Pausing ProtocolHandler ["http-nio-8080"]
12-Dec-2025 13:25:13.082 INFO [Thread-1] org.apache.catalina.core.StandardService.stopInternal Stopping service [Catalina]
12-Dec-2025 13:25:13.104 INFO [Thread-1] org.apache.coyote.AbstractProtocol.stop Stopping ProtocolHandler ["http-nio-8080"]
12-Dec-2025 13:25:13.116 INFO [Thread-1] org.apache.coyote.AbstractProtocol.destroy Destroying ProtocolHandler ["http-nio-8080"]
12-Dec-2025 13:25:14.070 INFO [main] org.apache.catalina.startup.VersionLoggerListener.log Server version name:   Apache Tomcat/11.0.13
12-Dec-2025 13:25:14.072 INFO [main] org.apache.catalina.startup.VersionLoggerListener.log Server built:          Oct 10 2025 13:57:31 UTC
12-Dec-2025 13:25:14.072 INFO [main] org.apache.catalina.startup.VersionLoggerListener.log Server version number: 11.0.13.0
12-Dec-2025 13:25:14.072 INFO [main] org.apache.catalina.startup.VersionLoggerListener.log OS Name:               Linux
12-Dec-2025 13:25:14.072 INFO [main] org.apache.catalina.startup.VersionLoggerListener.log OS Version:            6.1.0-40-amd64
12-Dec-2025 13:25:14.072 INFO [main] org.apache.catalina.startup.VersionLoggerListener.log Architecture:          amd64
12-Dec-2025 13:25:14.072 INFO [main] org.apache.catalina.startup.VersionLoggerListener.log Java Home:             /usr/lib/jvm/java-17-openjdk-amd64
12-Dec-2025 13:25:14.072 INFO [main] org.apache.catalina.startup.VersionLoggerListener.log JVM Version:           17.0.17+10-Debian-1deb12u1
12-Dec-2025 13:25:14.073 INFO [main] org.apache.catalina.startup.VersionLoggerListener.log JVM Vendor:            Debian
12-Dec-2025 13:25:14.073 INFO [main] org.apache.catalina.startup.VersionLoggerListener.log CATALINA_BASE:         /home/infoetu/baptiste.lavogiez.etu/ctp-web/tomcat
12-Dec-2025 13:25:14.073 INFO [main] org.apache.catalina.startup.VersionLoggerListener.log CATALINA_HOME:         /home/infoetu/baptiste.lavogiez.etu/ctp-web/tomcat
12-Dec-2025 13:25:14.077 INFO [main] org.apache.catalina.startup.VersionLoggerListener.log Command line argument: -Djava.util.logging.config.file=/home/infoetu/baptiste.lavogiez.etu/ctp-web/tomcat/conf/logging.properties
12-Dec-2025 13:25:14.077 INFO [main] org.apache.catalina.startup.VersionLoggerListener.log Command line argument: -Djava.util.logging.manager=org.apache.juli.ClassLoaderLogManager
12-Dec-2025 13:25:14.077 INFO [main] org.apache.catalina.startup.VersionLoggerListener.log Command line argument: -Djdk.tls.ephemeralDHKeySize=2048
12-Dec-2025 13:25:14.077 INFO [main] org.apache.catalina.startup.VersionLoggerListener.log Command line argument: -Dorg.apache.catalina.security.SecurityListener.UMASK=0027
12-Dec-2025 13:25:14.077 INFO [main] org.apache.catalina.startup.VersionLoggerListener.log Command line argument: --add-opens=java.base/java.lang=ALL-UNNAMED
12-Dec-2025 13:25:14.077 INFO [main] org.apache.catalina.startup.VersionLoggerListener.log Command line argument: --add-opens=java.base/java.lang.reflect=ALL-UNNAMED
12-Dec-2025 13:25:14.077 INFO [main] org.apache.catalina.startup.VersionLoggerListener.log Command line argument: --add-opens=java.base/java.io=ALL-UNNAMED
12-Dec-2025 13:25:14.077 INFO [main] org.apache.catalina.startup.VersionLoggerListener.log Command line argument: --add-opens=java.base/java.util=ALL-UNNAMED
12-Dec-2025 13:25:14.077 INFO [main] org.apache.catalina.startup.VersionLoggerListener.log Command line argument: --add-opens=java.base/java.util.concurrent=ALL-UNNAMED
12-Dec-2025 13:25:14.077 INFO [main] org.apache.catalina.startup.VersionLoggerListener.log Command line argument: --add-opens=java.rmi/sun.rmi.transport=ALL-UNNAMED
12-Dec-2025 13:25:14.077 INFO [main] org.apache.catalina.startup.VersionLoggerListener.log Command line argument: --enable-native-access=ALL-UNNAMED
12-Dec-2025 13:25:14.077 INFO [main] org.apache.catalina.startup.VersionLoggerListener.log Command line argument: -Dcatalina.base=/home/infoetu/baptiste.lavogiez.etu/ctp-web/tomcat
12-Dec-2025 13:25:14.077 INFO [main] org.apache.catalina.startup.VersionLoggerListener.log Command line argument: -Dcatalina.home=/home/infoetu/baptiste.lavogiez.etu/ctp-web/tomcat
12-Dec-2025 13:25:14.078 INFO [main] org.apache.catalina.startup.VersionLoggerListener.log Command line argument: -Djava.io.tmpdir=/home/infoetu/baptiste.lavogiez.etu/ctp-web/tomcat/temp
12-Dec-2025 13:25:14.078 INFO [main] org.apache.catalina.core.AprLifecycleListener.lifecycleEvent The Apache Tomcat Native library which allows using OpenSSL was not found on the java.library.path: [/usr/java/packages/lib:/usr/lib/x86_64-linux-gnu/jni:/lib/x86_64-linux-gnu:/usr/lib/x86_64-linux-gnu:/usr/lib/jni:/lib:/usr/lib]
12-Dec-2025 13:25:14.200 INFO [main] org.apache.coyote.AbstractProtocol.init Initializing ProtocolHandler ["http-nio-8080"]
12-Dec-2025 13:25:14.211 INFO [main] org.apache.catalina.startup.Catalina.load Server initialization in [222] milliseconds
12-Dec-2025 13:25:14.234 INFO [main] org.apache.catalina.core.StandardService.startInternal Starting service [Catalina]
12-Dec-2025 13:25:14.234 INFO [main] org.apache.catalina.core.StandardEngine.startInternal Starting Servlet engine: [Apache Tomcat/11.0.13]
12-Dec-2025 13:25:14.239 INFO [main] org.apache.catalina.startup.HostConfig.deployDirectory Deploying web application directory [/home/infoetu/baptiste.lavogiez.etu/ctp-web/tomcat/webapps/ROOT]
12-Dec-2025 13:25:14.447 INFO [main] org.apache.jasper.servlet.TldScanner.scanJars At least one JAR was scanned for TLDs yet contained no TLDs. Enable debug logging for this logger for a complete list of JARs that were scanned but no TLDs were found in them. Skipping unneeded JARs during scanning can improve startup time and JSP compilation time.
12-Dec-2025 13:25:14.472 INFO [main] org.apache.catalina.startup.HostConfig.deployDirectory Deployment of web application directory [/home/infoetu/baptiste.lavogiez.etu/ctp-web/tomcat/webapps/ROOT] has finished in [232] ms
12-Dec-2025 13:25:14.472 INFO [main] org.apache.catalina.startup.HostConfig.deployDirectory Deploying web application directory [/home/infoetu/baptiste.lavogiez.etu/ctp-web/tomcat/webapps/docs]
12-Dec-2025 13:25:14.549 INFO [main] org.apache.jasper.servlet.TldScanner.scanJars At least one JAR was scanned for TLDs yet contained no TLDs. Enable debug logging for this logger for a complete list of JARs that were scanned but no TLDs were found in them. Skipping unneeded JARs during scanning can improve startup time and JSP compilation time.
12-Dec-2025 13:25:14.550 INFO [main] org.apache.catalina.startup.HostConfig.deployDirectory Deployment of web application directory [/home/infoetu/baptiste.lavogiez.etu/ctp-web/tomcat/webapps/docs] has finished in [78] ms
12-Dec-2025 13:25:14.550 INFO [main] org.apache.catalina.startup.HostConfig.deployDirectory Deploying web application directory [/home/infoetu/baptiste.lavogiez.etu/ctp-web/tomcat/webapps/manager]
12-Dec-2025 13:25:14.601 INFO [main] org.apache.jasper.servlet.TldScanner.scanJars At least one JAR was scanned for TLDs yet contained no TLDs. Enable debug logging for this logger for a complete list of JARs that were scanned but no TLDs were found in them. Skipping unneeded JARs during scanning can improve startup time and JSP compilation time.
12-Dec-2025 13:25:14.604 INFO [main] org.apache.catalina.startup.HostConfig.deployDirectory Deployment of web application directory [/home/infoetu/baptiste.lavogiez.etu/ctp-web/tomcat/webapps/manager] has finished in [54] ms
12-Dec-2025 13:25:14.604 INFO [main] org.apache.catalina.startup.HostConfig.deployDirectory Deploying web application directory [/home/infoetu/baptiste.lavogiez.etu/ctp-web/tomcat/webapps/host-manager]
12-Dec-2025 13:25:14.652 INFO [main] org.apache.jasper.servlet.TldScanner.scanJars At least one JAR was scanned for TLDs yet contained no TLDs. Enable debug logging for this logger for a complete list of JARs that were scanned but no TLDs were found in them. Skipping unneeded JARs during scanning can improve startup time and JSP compilation time.
12-Dec-2025 13:25:14.653 INFO [main] org.apache.catalina.startup.HostConfig.deployDirectory Deployment of web application directory [/home/infoetu/baptiste.lavogiez.etu/ctp-web/tomcat/webapps/host-manager] has finished in [49] ms
12-Dec-2025 13:25:14.653 INFO [main] org.apache.catalina.startup.HostConfig.deployDirectory Deploying web application directory [/home/infoetu/baptiste.lavogiez.etu/ctp-web/tomcat/webapps/vide]
12-Dec-2025 13:25:14.707 INFO [main] org.apache.jasper.servlet.TldScanner.scanJars At least one JAR was scanned for TLDs yet contained no TLDs. Enable debug logging for this logger for a complete list of JARs that were scanned but no TLDs were found in them. Skipping unneeded JARs during scanning can improve startup time and JSP compilation time.
12-Dec-2025 13:25:14.709 INFO [main] org.apache.catalina.startup.HostConfig.deployDirectory Deployment of web application directory [/home/infoetu/baptiste.lavogiez.etu/ctp-web/tomcat/webapps/vide] has finished in [56] ms
12-Dec-2025 13:25:14.709 INFO [main] org.apache.catalina.startup.HostConfig.deployDirectory Deploying web application directory [/home/infoetu/baptiste.lavogiez.etu/ctp-web/tomcat/webapps/examples]
12-Dec-2025 13:25:14.890 INFO [main] org.apache.jasper.servlet.TldScanner.scanJars At least one JAR was scanned for TLDs yet contained no TLDs. Enable debug logging for this logger for a complete list of JARs that were scanned but no TLDs were found in them. Skipping unneeded JARs during scanning can improve startup time and JSP compilation time.
12-Dec-2025 13:25:14.903 INFO [main] org.apache.catalina.startup.HostConfig.deployDirectory Deployment of web application directory [/home/infoetu/baptiste.lavogiez.etu/ctp-web/tomcat/webapps/examples] has finished in [194] ms
12-Dec-2025 13:25:14.903 INFO [main] org.apache.catalina.startup.HostConfig.deployDirectory Deploying web application directory [/home/infoetu/baptiste.lavogiez.etu/ctp-web/tomcat/webapps/ctp]
12-Dec-2025 13:25:14.976 INFO [main] org.apache.jasper.servlet.TldScanner.scanJars At least one JAR was scanned for TLDs yet contained no TLDs. Enable debug logging for this logger for a complete list of JARs that were scanned but no TLDs were found in them. Skipping unneeded JARs during scanning can improve startup time and JSP compilation time.
12-Dec-2025 13:25:14.977 INFO [main] org.apache.catalina.startup.HostConfig.deployDirectory Deployment of web application directory [/home/infoetu/baptiste.lavogiez.etu/ctp-web/tomcat/webapps/ctp] has finished in [74] ms
12-Dec-2025 13:25:14.979 INFO [main] org.apache.coyote.AbstractProtocol.start Starting ProtocolHandler ["http-nio-8080"]
12-Dec-2025 13:25:14.986 INFO [main] org.apache.catalina.startup.Catalina.start Server startup in [775] milliseconds
12-Dec-2025 13:27:01.633 INFO [Thread-1] org.apache.coyote.AbstractProtocol.pause Pausing ProtocolHandler ["http-nio-8080"]
12-Dec-2025 13:27:01.635 INFO [Thread-1] org.apache.catalina.core.StandardService.stopInternal Stopping service [Catalina]
12-Dec-2025 13:27:01.664 INFO [Thread-1] org.apache.coyote.AbstractProtocol.stop Stopping ProtocolHandler ["http-nio-8080"]
12-Dec-2025 13:27:01.668 INFO [Thread-1] org.apache.coyote.AbstractProtocol.destroy Destroying ProtocolHandler ["http-nio-8080"]
12-Dec-2025 13:32:01.274 INFO [main] org.apache.catalina.startup.VersionLoggerListener.log Server version name:   Apache Tomcat/11.0.13
12-Dec-2025 13:32:01.277 INFO [main] org.apache.catalina.startup.VersionLoggerListener.log Server built:          Oct 10 2025 13:57:31 UTC
12-Dec-2025 13:32:01.277 INFO [main] org.apache.catalina.startup.VersionLoggerListener.log Server version number: 11.0.13.0
12-Dec-2025 13:32:01.277 INFO [main] org.apache.catalina.startup.VersionLoggerListener.log OS Name:               Linux
12-Dec-2025 13:32:01.277 INFO [main] org.apache.catalina.startup.VersionLoggerListener.log OS Version:            6.1.0-40-amd64
12-Dec-2025 13:32:01.277 INFO [main] org.apache.catalina.startup.VersionLoggerListener.log Architecture:          amd64
12-Dec-2025 13:32:01.277 INFO [main] org.apache.catalina.startup.VersionLoggerListener.log Java Home:             /usr/lib/jvm/java-17-openjdk-amd64
12-Dec-2025 13:32:01.277 INFO [main] org.apache.catalina.startup.VersionLoggerListener.log JVM Version:           17.0.17+10-Debian-1deb12u1
12-Dec-2025 13:32:01.277 INFO [main] org.apache.catalina.startup.VersionLoggerListener.log JVM Vendor:            Debian
12-Dec-2025 13:32:01.277 INFO [main] org.apache.catalina.startup.VersionLoggerListener.log CATALINA_BASE:         /home/infoetu/baptiste.lavogiez.etu/ctp-web/tomcat
12-Dec-2025 13:32:01.277 INFO [main] org.apache.catalina.startup.VersionLoggerListener.log CATALINA_HOME:         /home/infoetu/baptiste.lavogiez.etu/ctp-web/tomcat
12-Dec-2025 13:32:01.283 INFO [main] org.apache.catalina.startup.VersionLoggerListener.log Command line argument: -Djava.util.logging.config.file=/home/infoetu/baptiste.lavogiez.etu/ctp-web/tomcat/conf/logging.properties
12-Dec-2025 13:32:01.283 INFO [main] org.apache.catalina.startup.VersionLoggerListener.log Command line argument: -Djava.util.logging.manager=org.apache.juli.ClassLoaderLogManager
12-Dec-2025 13:32:01.283 INFO [main] org.apache.catalina.startup.VersionLoggerListener.log Command line argument: -Djdk.tls.ephemeralDHKeySize=2048
12-Dec-2025 13:32:01.283 INFO [main] org.apache.catalina.startup.VersionLoggerListener.log Command line argument: -Dorg.apache.catalina.security.SecurityListener.UMASK=0027
12-Dec-2025 13:32:01.283 INFO [main] org.apache.catalina.startup.VersionLoggerListener.log Command line argument: --add-opens=java.base/java.lang=ALL-UNNAMED
12-Dec-2025 13:32:01.283 INFO [main] org.apache.catalina.startup.VersionLoggerListener.log Command line argument: --add-opens=java.base/java.lang.reflect=ALL-UNNAMED
12-Dec-2025 13:32:01.283 INFO [main] org.apache.catalina.startup.VersionLoggerListener.log Command line argument: --add-opens=java.base/java.io=ALL-UNNAMED
12-Dec-2025 13:32:01.283 INFO [main] org.apache.catalina.startup.VersionLoggerListener.log Command line argument: --add-opens=java.base/java.util=ALL-UNNAMED
12-Dec-2025 13:32:01.284 INFO [main] org.apache.catalina.startup.VersionLoggerListener.log Command line argument: --add-opens=java.base/java.util.concurrent=ALL-UNNAMED
12-Dec-2025 13:32:01.284 INFO [main] org.apache.catalina.startup.VersionLoggerListener.log Command line argument: --add-opens=java.rmi/sun.rmi.transport=ALL-UNNAMED
12-Dec-2025 13:32:01.284 INFO [main] org.apache.catalina.startup.VersionLoggerListener.log Command line argument: --enable-native-access=ALL-UNNAMED
12-Dec-2025 13:32:01.284 INFO [main] org.apache.catalina.startup.VersionLoggerListener.log Command line argument: -Dcatalina.base=/home/infoetu/baptiste.lavogiez.etu/ctp-web/tomcat
12-Dec-2025 13:32:01.284 INFO [main] org.apache.catalina.startup.VersionLoggerListener.log Command line argument: -Dcatalina.home=/home/infoetu/baptiste.lavogiez.etu/ctp-web/tomcat
12-Dec-2025 13:32:01.284 INFO [main] org.apache.catalina.startup.VersionLoggerListener.log Command line argument: -Djava.io.tmpdir=/home/infoetu/baptiste.lavogiez.etu/ctp-web/tomcat/temp
12-Dec-2025 13:32:01.286 INFO [main] org.apache.catalina.core.AprLifecycleListener.lifecycleEvent The Apache Tomcat Native library which allows using OpenSSL was not found on the java.library.path: [/usr/java/packages/lib:/usr/lib/x86_64-linux-gnu/jni:/lib/x86_64-linux-gnu:/usr/lib/x86_64-linux-gnu:/usr/lib/jni:/lib:/usr/lib]
12-Dec-2025 13:32:01.403 INFO [main] org.apache.coyote.AbstractProtocol.init Initializing ProtocolHandler ["http-nio-8080"]
12-Dec-2025 13:32:01.423 INFO [main] org.apache.catalina.startup.Catalina.load Server initialization in [292] milliseconds
12-Dec-2025 13:32:01.449 INFO [main] org.apache.catalina.core.StandardService.startInternal Starting service [Catalina]
12-Dec-2025 13:32:01.449 INFO [main] org.apache.catalina.core.StandardEngine.startInternal Starting Servlet engine: [Apache Tomcat/11.0.13]
12-Dec-2025 13:32:01.457 INFO [main] org.apache.catalina.startup.HostConfig.deployDirectory Deploying web application directory [/home/infoetu/baptiste.lavogiez.etu/ctp-web/tomcat/webapps/ROOT]
12-Dec-2025 13:32:01.681 INFO [main] org.apache.jasper.servlet.TldScanner.scanJars At least one JAR was scanned for TLDs yet contained no TLDs. Enable debug logging for this logger for a complete list of JARs that were scanned but no TLDs were found in them. Skipping unneeded JARs during scanning can improve startup time and JSP compilation time.
12-Dec-2025 13:32:01.707 INFO [main] org.apache.catalina.startup.HostConfig.deployDirectory Deployment of web application directory [/home/infoetu/baptiste.lavogiez.etu/ctp-web/tomcat/webapps/ROOT] has finished in [249] ms
12-Dec-2025 13:32:01.707 INFO [main] org.apache.catalina.startup.HostConfig.deployDirectory Deploying web application directory [/home/infoetu/baptiste.lavogiez.etu/ctp-web/tomcat/webapps/docs]
12-Dec-2025 13:32:01.763 INFO [main] org.apache.jasper.servlet.TldScanner.scanJars At least one JAR was scanned for TLDs yet contained no TLDs. Enable debug logging for this logger for a complete list of JARs that were scanned but no TLDs were found in them. Skipping unneeded JARs during scanning can improve startup time and JSP compilation time.
12-Dec-2025 13:32:01.764 INFO [main] org.apache.catalina.startup.HostConfig.deployDirectory Deployment of web application directory [/home/infoetu/baptiste.lavogiez.etu/ctp-web/tomcat/webapps/docs] has finished in [57] ms
12-Dec-2025 13:32:01.764 INFO [main] org.apache.catalina.startup.HostConfig.deployDirectory Deploying web application directory [/home/infoetu/baptiste.lavogiez.etu/ctp-web/tomcat/webapps/manager]
12-Dec-2025 13:32:01.818 INFO [main] org.apache.jasper.servlet.TldScanner.scanJars At least one JAR was scanned for TLDs yet contained no TLDs. Enable debug logging for this logger for a complete list of JARs that were scanned but no TLDs were found in them. Skipping unneeded JARs during scanning can improve startup time and JSP compilation time.
12-Dec-2025 13:32:01.821 INFO [main] org.apache.catalina.startup.HostConfig.deployDirectory Deployment of web application directory [/home/infoetu/baptiste.lavogiez.etu/ctp-web/tomcat/webapps/manager] has finished in [57] ms
12-Dec-2025 13:32:01.822 INFO [main] org.apache.catalina.startup.HostConfig.deployDirectory Deploying web application directory [/home/infoetu/baptiste.lavogiez.etu/ctp-web/tomcat/webapps/host-manager]
12-Dec-2025 13:32:01.870 INFO [main] org.apache.jasper.servlet.TldScanner.scanJars At least one JAR was scanned for TLDs yet contained no TLDs. Enable debug logging for this logger for a complete list of JARs that were scanned but no TLDs were found in them. Skipping unneeded JARs during scanning can improve startup time and JSP compilation time.
12-Dec-2025 13:32:01.872 INFO [main] org.apache.catalina.startup.HostConfig.deployDirectory Deployment of web application directory [/home/infoetu/baptiste.lavogiez.etu/ctp-web/tomcat/webapps/host-manager] has finished in [49] ms
12-Dec-2025 13:32:01.872 INFO [main] org.apache.catalina.startup.HostConfig.deployDirectory Deploying web application directory [/home/infoetu/baptiste.lavogiez.etu/ctp-web/tomcat/webapps/vide]
12-Dec-2025 13:32:01.932 INFO [main] org.apache.jasper.servlet.TldScanner.scanJars At least one JAR was scanned for TLDs yet contained no TLDs. Enable debug logging for this logger for a complete list of JARs that were scanned but no TLDs were found in them. Skipping unneeded JARs during scanning can improve startup time and JSP compilation time.
12-Dec-2025 13:32:01.937 INFO [main] org.apache.catalina.startup.HostConfig.deployDirectory Deployment of web application directory [/home/infoetu/baptiste.lavogiez.etu/ctp-web/tomcat/webapps/vide] has finished in [65] ms
12-Dec-2025 13:32:01.937 INFO [main] org.apache.catalina.startup.HostConfig.deployDirectory Deploying web application directory [/home/infoetu/baptiste.lavogiez.etu/ctp-web/tomcat/webapps/examples]
12-Dec-2025 13:32:02.189 INFO [main] org.apache.jasper.servlet.TldScanner.scanJars At least one JAR was scanned for TLDs yet contained no TLDs. Enable debug logging for this logger for a complete list of JARs that were scanned but no TLDs were found in them. Skipping unneeded JARs during scanning can improve startup time and JSP compilation time.
12-Dec-2025 13:32:02.204 INFO [main] org.apache.catalina.startup.HostConfig.deployDirectory Deployment of web application directory [/home/infoetu/baptiste.lavogiez.etu/ctp-web/tomcat/webapps/examples] has finished in [267] ms
12-Dec-2025 13:32:02.205 INFO [main] org.apache.catalina.startup.HostConfig.deployDirectory Deploying web application directory [/home/infoetu/baptiste.lavogiez.etu/ctp-web/tomcat/webapps/ctp]
12-Dec-2025 13:32:02.279 INFO [main] org.apache.jasper.servlet.TldScanner.scanJars At least one JAR was scanned for TLDs yet contained no TLDs. Enable debug logging for this logger for a complete list of JARs that were scanned but no TLDs were found in them. Skipping unneeded JARs during scanning can improve startup time and JSP compilation time.
12-Dec-2025 13:32:02.280 INFO [main] org.apache.catalina.startup.HostConfig.deployDirectory Deployment of web application directory [/home/infoetu/baptiste.lavogiez.etu/ctp-web/tomcat/webapps/ctp] has finished in [75] ms
12-Dec-2025 13:32:02.282 INFO [main] org.apache.coyote.AbstractProtocol.start Starting ProtocolHandler ["http-nio-8080"]
12-Dec-2025 13:32:02.291 INFO [main] org.apache.catalina.startup.Catalina.start Server startup in [868] milliseconds
12-Dec-2025 13:32:22.359 INFO [Catalina-utility-2] org.apache.catalina.core.StandardContext.reload Reloading Context with name [/ctp] has started
12-Dec-2025 13:32:22.451 INFO [Catalina-utility-2] org.apache.jasper.servlet.TldScanner.scanJars At least one JAR was scanned for TLDs yet contained no TLDs. Enable debug logging for this logger for a complete list of JARs that were scanned but no TLDs were found in them. Skipping unneeded JARs during scanning can improve startup time and JSP compilation time.
12-Dec-2025 13:32:22.452 INFO [Catalina-utility-2] org.apache.catalina.core.StandardContext.reload Reloading Context with name [/ctp] is completed
12-Dec-2025 13:39:42.876 INFO [Catalina-utility-1] org.apache.catalina.core.StandardContext.reload Reloading Context with name [/ctp] has started
12-Dec-2025 13:39:42.954 INFO [Catalina-utility-1] org.apache.jasper.servlet.TldScanner.scanJars At least one JAR was scanned for TLDs yet contained no TLDs. Enable debug logging for this logger for a complete list of JARs that were scanned but no TLDs were found in them. Skipping unneeded JARs during scanning can improve startup time and JSP compilation time.
12-Dec-2025 13:39:42.955 INFO [Catalina-utility-1] org.apache.catalina.core.StandardContext.reload Reloading Context with name [/ctp] is completed
12-Dec-2025 13:40:19.881 INFO [Thread-1] org.apache.coyote.AbstractProtocol.pause Pausing ProtocolHandler ["http-nio-8080"]
12-Dec-2025 13:40:19.882 INFO [Thread-1] org.apache.catalina.core.StandardService.stopInternal Stopping service [Catalina]
12-Dec-2025 13:40:19.898 INFO [Thread-1] org.apache.coyote.AbstractProtocol.stop Stopping ProtocolHandler ["http-nio-8080"]
12-Dec-2025 13:40:19.906 INFO [Thread-1] org.apache.coyote.AbstractProtocol.destroy Destroying ProtocolHandler ["http-nio-8080"]
12-Dec-2025 13:40:20.737 INFO [main] org.apache.catalina.startup.VersionLoggerListener.log Server version name:   Apache Tomcat/11.0.13
12-Dec-2025 13:40:20.739 INFO [main] org.apache.catalina.startup.VersionLoggerListener.log Server built:          Oct 10 2025 13:57:31 UTC
12-Dec-2025 13:40:20.739 INFO [main] org.apache.catalina.startup.VersionLoggerListener.log Server version number: 11.0.13.0
12-Dec-2025 13:40:20.739 INFO [main] org.apache.catalina.startup.VersionLoggerListener.log OS Name:               Linux
12-Dec-2025 13:40:20.739 INFO [main] org.apache.catalina.startup.VersionLoggerListener.log OS Version:            6.1.0-40-amd64
12-Dec-2025 13:40:20.739 INFO [main] org.apache.catalina.startup.VersionLoggerListener.log Architecture:          amd64
12-Dec-2025 13:40:20.739 INFO [main] org.apache.catalina.startup.VersionLoggerListener.log Java Home:             /usr/lib/jvm/java-17-openjdk-amd64
12-Dec-2025 13:40:20.739 INFO [main] org.apache.catalina.startup.VersionLoggerListener.log JVM Version:           17.0.17+10-Debian-1deb12u1
12-Dec-2025 13:40:20.739 INFO [main] org.apache.catalina.startup.VersionLoggerListener.log JVM Vendor:            Debian
12-Dec-2025 13:40:20.739 INFO [main] org.apache.catalina.startup.VersionLoggerListener.log CATALINA_BASE:         /home/infoetu/baptiste.lavogiez.etu/ctp-web/tomcat
12-Dec-2025 13:40:20.739 INFO [main] org.apache.catalina.startup.VersionLoggerListener.log CATALINA_HOME:         /home/infoetu/baptiste.lavogiez.etu/ctp-web/tomcat
12-Dec-2025 13:40:20.743 INFO [main] org.apache.catalina.startup.VersionLoggerListener.log Command line argument: -Djava.util.logging.config.file=/home/infoetu/baptiste.lavogiez.etu/ctp-web/tomcat/conf/logging.properties
12-Dec-2025 13:40:20.743 INFO [main] org.apache.catalina.startup.VersionLoggerListener.log Command line argument: -Djava.util.logging.manager=org.apache.juli.ClassLoaderLogManager
12-Dec-2025 13:40:20.743 INFO [main] org.apache.catalina.startup.VersionLoggerListener.log Command line argument: -Djdk.tls.ephemeralDHKeySize=2048
12-Dec-2025 13:40:20.743 INFO [main] org.apache.catalina.startup.VersionLoggerListener.log Command line argument: -Dorg.apache.catalina.security.SecurityListener.UMASK=0027
12-Dec-2025 13:40:20.743 INFO [main] org.apache.catalina.startup.VersionLoggerListener.log Command line argument: --add-opens=java.base/java.lang=ALL-UNNAMED
12-Dec-2025 13:40:20.743 INFO [main] org.apache.catalina.startup.VersionLoggerListener.log Command line argument: --add-opens=java.base/java.lang.reflect=ALL-UNNAMED
12-Dec-2025 13:40:20.743 INFO [main] org.apache.catalina.startup.VersionLoggerListener.log Command line argument: --add-opens=java.base/java.io=ALL-UNNAMED
12-Dec-2025 13:40:20.743 INFO [main] org.apache.catalina.startup.VersionLoggerListener.log Command line argument: --add-opens=java.base/java.util=ALL-UNNAMED
12-Dec-2025 13:40:20.743 INFO [main] org.apache.catalina.startup.VersionLoggerListener.log Command line argument: --add-opens=java.base/java.util.concurrent=ALL-UNNAMED
12-Dec-2025 13:40:20.743 INFO [main] org.apache.catalina.startup.VersionLoggerListener.log Command line argument: --add-opens=java.rmi/sun.rmi.transport=ALL-UNNAMED
12-Dec-2025 13:40:20.743 INFO [main] org.apache.catalina.startup.VersionLoggerListener.log Command line argument: --enable-native-access=ALL-UNNAMED
12-Dec-2025 13:40:20.744 INFO [main] org.apache.catalina.startup.VersionLoggerListener.log Command line argument: -Dcatalina.base=/home/infoetu/baptiste.lavogiez.etu/ctp-web/tomcat
12-Dec-2025 13:40:20.744 INFO [main] org.apache.catalina.startup.VersionLoggerListener.log Command line argument: -Dcatalina.home=/home/infoetu/baptiste.lavogiez.etu/ctp-web/tomcat
12-Dec-2025 13:40:20.744 INFO [main] org.apache.catalina.startup.VersionLoggerListener.log Command line argument: -Djava.io.tmpdir=/home/infoetu/baptiste.lavogiez.etu/ctp-web/tomcat/temp
12-Dec-2025 13:40:20.744 INFO [main] org.apache.catalina.core.AprLifecycleListener.lifecycleEvent The Apache Tomcat Native library which allows using OpenSSL was not found on the java.library.path: [/usr/java/packages/lib:/usr/lib/x86_64-linux-gnu/jni:/lib/x86_64-linux-gnu:/usr/lib/x86_64-linux-gnu:/usr/lib/jni:/lib:/usr/lib]
12-Dec-2025 13:40:20.848 INFO [main] org.apache.coyote.AbstractProtocol.init Initializing ProtocolHandler ["http-nio-8080"]
12-Dec-2025 13:40:20.862 INFO [main] org.apache.catalina.startup.Catalina.load Server initialization in [201] milliseconds
12-Dec-2025 13:40:20.881 INFO [main] org.apache.catalina.core.StandardService.startInternal Starting service [Catalina]
12-Dec-2025 13:40:20.881 INFO [main] org.apache.catalina.core.StandardEngine.startInternal Starting Servlet engine: [Apache Tomcat/11.0.13]
12-Dec-2025 13:40:20.886 INFO [main] org.apache.catalina.startup.HostConfig.deployDirectory Deploying web application directory [/home/infoetu/baptiste.lavogiez.etu/ctp-web/tomcat/webapps/ROOT]
12-Dec-2025 13:40:21.051 INFO [main] org.apache.jasper.servlet.TldScanner.scanJars At least one JAR was scanned for TLDs yet contained no TLDs. Enable debug logging for this logger for a complete list of JARs that were scanned but no TLDs were found in them. Skipping unneeded JARs during scanning can improve startup time and JSP compilation time.
12-Dec-2025 13:40:21.069 INFO [main] org.apache.catalina.startup.HostConfig.deployDirectory Deployment of web application directory [/home/infoetu/baptiste.lavogiez.etu/ctp-web/tomcat/webapps/ROOT] has finished in [182] ms
12-Dec-2025 13:40:21.069 INFO [main] org.apache.catalina.startup.HostConfig.deployDirectory Deploying web application directory [/home/infoetu/baptiste.lavogiez.etu/ctp-web/tomcat/webapps/docs]
12-Dec-2025 13:40:21.121 INFO [main] org.apache.jasper.servlet.TldScanner.scanJars At least one JAR was scanned for TLDs yet contained no TLDs. Enable debug logging for this logger for a complete list of JARs that were scanned but no TLDs were found in them. Skipping unneeded JARs during scanning can improve startup time and JSP compilation time.
12-Dec-2025 13:40:21.122 INFO [main] org.apache.catalina.startup.HostConfig.deployDirectory Deployment of web application directory [/home/infoetu/baptiste.lavogiez.etu/ctp-web/tomcat/webapps/docs] has finished in [53] ms
12-Dec-2025 13:40:21.122 INFO [main] org.apache.catalina.startup.HostConfig.deployDirectory Deploying web application directory [/home/infoetu/baptiste.lavogiez.etu/ctp-web/tomcat/webapps/manager]
12-Dec-2025 13:40:21.172 INFO [main] org.apache.jasper.servlet.TldScanner.scanJars At least one JAR was scanned for TLDs yet contained no TLDs. Enable debug logging for this logger for a complete list of JARs that were scanned but no TLDs were found in them. Skipping unneeded JARs during scanning can improve startup time and JSP compilation time.
12-Dec-2025 13:40:21.175 INFO [main] org.apache.catalina.startup.HostConfig.deployDirectory Deployment of web application directory [/home/infoetu/baptiste.lavogiez.etu/ctp-web/tomcat/webapps/manager] has finished in [53] ms
12-Dec-2025 13:40:21.176 INFO [main] org.apache.catalina.startup.HostConfig.deployDirectory Deploying web application directory [/home/infoetu/baptiste.lavogiez.etu/ctp-web/tomcat/webapps/host-manager]
12-Dec-2025 13:40:21.222 INFO [main] org.apache.jasper.servlet.TldScanner.scanJars At least one JAR was scanned for TLDs yet contained no TLDs. Enable debug logging for this logger for a complete list of JARs that were scanned but no TLDs were found in them. Skipping unneeded JARs during scanning can improve startup time and JSP compilation time.
12-Dec-2025 13:40:21.223 INFO [main] org.apache.catalina.startup.HostConfig.deployDirectory Deployment of web application directory [/home/infoetu/baptiste.lavogiez.etu/ctp-web/tomcat/webapps/host-manager] has finished in [47] ms
12-Dec-2025 13:40:21.223 INFO [main] org.apache.catalina.startup.HostConfig.deployDirectory Deploying web application directory [/home/infoetu/baptiste.lavogiez.etu/ctp-web/tomcat/webapps/vide]
12-Dec-2025 13:40:21.279 INFO [main] org.apache.jasper.servlet.TldScanner.scanJars At least one JAR was scanned for TLDs yet contained no TLDs. Enable debug logging for this logger for a complete list of JARs that were scanned but no TLDs were found in them. Skipping unneeded JARs during scanning can improve startup time and JSP compilation time.
12-Dec-2025 13:40:21.281 INFO [main] org.apache.catalina.startup.HostConfig.deployDirectory Deployment of web application directory [/home/infoetu/baptiste.lavogiez.etu/ctp-web/tomcat/webapps/vide] has finished in [58] ms
12-Dec-2025 13:40:21.281 INFO [main] org.apache.catalina.startup.HostConfig.deployDirectory Deploying web application directory [/home/infoetu/baptiste.lavogiez.etu/ctp-web/tomcat/webapps/examples]
12-Dec-2025 13:40:21.485 INFO [main] org.apache.jasper.servlet.TldScanner.scanJars At least one JAR was scanned for TLDs yet contained no TLDs. Enable debug logging for this logger for a complete list of JARs that were scanned but no TLDs were found in them. Skipping unneeded JARs during scanning can improve startup time and JSP compilation time.
12-Dec-2025 13:40:21.500 INFO [main] org.apache.catalina.startup.HostConfig.deployDirectory Deployment of web application directory [/home/infoetu/baptiste.lavogiez.etu/ctp-web/tomcat/webapps/examples] has finished in [219] ms
12-Dec-2025 13:40:21.500 INFO [main] org.apache.catalina.startup.HostConfig.deployDirectory Deploying web application directory [/home/infoetu/baptiste.lavogiez.etu/ctp-web/tomcat/webapps/ctp]
12-Dec-2025 13:40:21.565 INFO [main] org.apache.jasper.servlet.TldScanner.scanJars At least one JAR was scanned for TLDs yet contained no TLDs. Enable debug logging for this logger for a complete list of JARs that were scanned but no TLDs were found in them. Skipping unneeded JARs during scanning can improve startup time and JSP compilation time.
12-Dec-2025 13:40:21.566 INFO [main] org.apache.catalina.startup.HostConfig.deployDirectory Deployment of web application directory [/home/infoetu/baptiste.lavogiez.etu/ctp-web/tomcat/webapps/ctp] has finished in [66] ms
12-Dec-2025 13:40:21.569 INFO [main] org.apache.coyote.AbstractProtocol.start Starting ProtocolHandler ["http-nio-8080"]
12-Dec-2025 13:40:21.576 INFO [main] org.apache.catalina.startup.Catalina.start Server startup in [714] milliseconds
12-Dec-2025 13:40:51.589 INFO [Catalina-utility-2] org.apache.catalina.core.StandardContext.reload Reloading Context with name [/ctp] has started
12-Dec-2025 13:40:51.675 INFO [Catalina-utility-2] org.apache.jasper.servlet.TldScanner.scanJars At least one JAR was scanned for TLDs yet contained no TLDs. Enable debug logging for this logger for a complete list of JARs that were scanned but no TLDs were found in them. Skipping unneeded JARs during scanning can improve startup time and JSP compilation time.
12-Dec-2025 13:40:51.676 INFO [Catalina-utility-2] org.apache.catalina.core.StandardContext.reload Reloading Context with name [/ctp] is completed
12-Dec-2025 13:40:55.544 INFO [Thread-1] org.apache.coyote.AbstractProtocol.pause Pausing ProtocolHandler ["http-nio-8080"]
12-Dec-2025 13:40:55.546 INFO [Thread-1] org.apache.catalina.core.StandardService.stopInternal Stopping service [Catalina]
12-Dec-2025 13:40:55.561 INFO [Thread-1] org.apache.coyote.AbstractProtocol.stop Stopping ProtocolHandler ["http-nio-8080"]
12-Dec-2025 13:40:55.569 INFO [Thread-1] org.apache.coyote.AbstractProtocol.destroy Destroying ProtocolHandler ["http-nio-8080"]
12-Dec-2025 13:40:56.576 INFO [main] org.apache.catalina.startup.VersionLoggerListener.log Server version name:   Apache Tomcat/11.0.13
12-Dec-2025 13:40:56.578 INFO [main] org.apache.catalina.startup.VersionLoggerListener.log Server built:          Oct 10 2025 13:57:31 UTC
12-Dec-2025 13:40:56.578 INFO [main] org.apache.catalina.startup.VersionLoggerListener.log Server version number: 11.0.13.0
12-Dec-2025 13:40:56.578 INFO [main] org.apache.catalina.startup.VersionLoggerListener.log OS Name:               Linux
12-Dec-2025 13:40:56.578 INFO [main] org.apache.catalina.startup.VersionLoggerListener.log OS Version:            6.1.0-40-amd64
12-Dec-2025 13:40:56.578 INFO [main] org.apache.catalina.startup.VersionLoggerListener.log Architecture:          amd64
12-Dec-2025 13:40:56.578 INFO [main] org.apache.catalina.startup.VersionLoggerListener.log Java Home:             /usr/lib/jvm/java-17-openjdk-amd64
12-Dec-2025 13:40:56.578 INFO [main] org.apache.catalina.startup.VersionLoggerListener.log JVM Version:           17.0.17+10-Debian-1deb12u1
12-Dec-2025 13:40:56.578 INFO [main] org.apache.catalina.startup.VersionLoggerListener.log JVM Vendor:            Debian
12-Dec-2025 13:40:56.578 INFO [main] org.apache.catalina.startup.VersionLoggerListener.log CATALINA_BASE:         /home/infoetu/baptiste.lavogiez.etu/ctp-web/tomcat
12-Dec-2025 13:40:56.579 INFO [main] org.apache.catalina.startup.VersionLoggerListener.log CATALINA_HOME:         /home/infoetu/baptiste.lavogiez.etu/ctp-web/tomcat
12-Dec-2025 13:40:56.582 INFO [main] org.apache.catalina.startup.VersionLoggerListener.log Command line argument: -Djava.util.logging.config.file=/home/infoetu/baptiste.lavogiez.etu/ctp-web/tomcat/conf/logging.properties
12-Dec-2025 13:40:56.582 INFO [main] org.apache.catalina.startup.VersionLoggerListener.log Command line argument: -Djava.util.logging.manager=org.apache.juli.ClassLoaderLogManager
12-Dec-2025 13:40:56.582 INFO [main] org.apache.catalina.startup.VersionLoggerListener.log Command line argument: -Djdk.tls.ephemeralDHKeySize=2048
12-Dec-2025 13:40:56.582 INFO [main] org.apache.catalina.startup.VersionLoggerListener.log Command line argument: -Dorg.apache.catalina.security.SecurityListener.UMASK=0027
12-Dec-2025 13:40:56.582 INFO [main] org.apache.catalina.startup.VersionLoggerListener.log Command line argument: --add-opens=java.base/java.lang=ALL-UNNAMED
12-Dec-2025 13:40:56.583 INFO [main] org.apache.catalina.startup.VersionLoggerListener.log Command line argument: --add-opens=java.base/java.lang.reflect=ALL-UNNAMED
12-Dec-2025 13:40:56.583 INFO [main] org.apache.catalina.startup.VersionLoggerListener.log Command line argument: --add-opens=java.base/java.io=ALL-UNNAMED
12-Dec-2025 13:40:56.583 INFO [main] org.apache.catalina.startup.VersionLoggerListener.log Command line argument: --add-opens=java.base/java.util=ALL-UNNAMED
12-Dec-2025 13:40:56.583 INFO [main] org.apache.catalina.startup.VersionLoggerListener.log Command line argument: --add-opens=java.base/java.util.concurrent=ALL-UNNAMED
12-Dec-2025 13:40:56.583 INFO [main] org.apache.catalina.startup.VersionLoggerListener.log Command line argument: --add-opens=java.rmi/sun.rmi.transport=ALL-UNNAMED
12-Dec-2025 13:40:56.583 INFO [main] org.apache.catalina.startup.VersionLoggerListener.log Command line argument: --enable-native-access=ALL-UNNAMED
12-Dec-2025 13:40:56.583 INFO [main] org.apache.catalina.startup.VersionLoggerListener.log Command line argument: -Dcatalina.base=/home/infoetu/baptiste.lavogiez.etu/ctp-web/tomcat
12-Dec-2025 13:40:56.583 INFO [main] org.apache.catalina.startup.VersionLoggerListener.log Command line argument: -Dcatalina.home=/home/infoetu/baptiste.lavogiez.etu/ctp-web/tomcat
12-Dec-2025 13:40:56.583 INFO [main] org.apache.catalina.startup.VersionLoggerListener.log Command line argument: -Djava.io.tmpdir=/home/infoetu/baptiste.lavogiez.etu/ctp-web/tomcat/temp
12-Dec-2025 13:40:56.584 INFO [main] org.apache.catalina.core.AprLifecycleListener.lifecycleEvent The Apache Tomcat Native library which allows using OpenSSL was not found on the java.library.path: [/usr/java/packages/lib:/usr/lib/x86_64-linux-gnu/jni:/lib/x86_64-linux-gnu:/usr/lib/x86_64-linux-gnu:/usr/lib/jni:/lib:/usr/lib]
12-Dec-2025 13:40:56.687 INFO [main] org.apache.coyote.AbstractProtocol.init Initializing ProtocolHandler ["http-nio-8080"]
12-Dec-2025 13:40:56.701 INFO [main] org.apache.catalina.startup.Catalina.load Server initialization in [199] milliseconds
12-Dec-2025 13:40:56.719 INFO [main] org.apache.catalina.core.StandardService.startInternal Starting service [Catalina]
12-Dec-2025 13:40:56.719 INFO [main] org.apache.catalina.core.StandardEngine.startInternal Starting Servlet engine: [Apache Tomcat/11.0.13]
12-Dec-2025 13:40:56.724 INFO [main] org.apache.catalina.startup.HostConfig.deployDirectory Deploying web application directory [/home/infoetu/baptiste.lavogiez.etu/ctp-web/tomcat/webapps/ROOT]
12-Dec-2025 13:40:56.901 INFO [main] org.apache.jasper.servlet.TldScanner.scanJars At least one JAR was scanned for TLDs yet contained no TLDs. Enable debug logging for this logger for a complete list of JARs that were scanned but no TLDs were found in them. Skipping unneeded JARs during scanning can improve startup time and JSP compilation time.
12-Dec-2025 13:40:56.919 INFO [main] org.apache.catalina.startup.HostConfig.deployDirectory Deployment of web application directory [/home/infoetu/baptiste.lavogiez.etu/ctp-web/tomcat/webapps/ROOT] has finished in [195] ms
12-Dec-2025 13:40:56.920 INFO [main] org.apache.catalina.startup.HostConfig.deployDirectory Deploying web application directory [/home/infoetu/baptiste.lavogiez.etu/ctp-web/tomcat/webapps/docs]
12-Dec-2025 13:40:56.972 INFO [main] org.apache.jasper.servlet.TldScanner.scanJars At least one JAR was scanned for TLDs yet contained no TLDs. Enable debug logging for this logger for a complete list of JARs that were scanned but no TLDs were found in them. Skipping unneeded JARs during scanning can improve startup time and JSP compilation time.
12-Dec-2025 13:40:56.973 INFO [main] org.apache.catalina.startup.HostConfig.deployDirectory Deployment of web application directory [/home/infoetu/baptiste.lavogiez.etu/ctp-web/tomcat/webapps/docs] has finished in [53] ms
12-Dec-2025 13:40:56.973 INFO [main] org.apache.catalina.startup.HostConfig.deployDirectory Deploying web application directory [/home/infoetu/baptiste.lavogiez.etu/ctp-web/tomcat/webapps/manager]
12-Dec-2025 13:40:57.023 INFO [main] org.apache.jasper.servlet.TldScanner.scanJars At least one JAR was scanned for TLDs yet contained no TLDs. Enable debug logging for this logger for a complete list of JARs that were scanned but no TLDs were found in them. Skipping unneeded JARs during scanning can improve startup time and JSP compilation time.
12-Dec-2025 13:40:57.026 INFO [main] org.apache.catalina.startup.HostConfig.deployDirectory Deployment of web application directory [/home/infoetu/baptiste.lavogiez.etu/ctp-web/tomcat/webapps/manager] has finished in [53] ms
12-Dec-2025 13:40:57.026 INFO [main] org.apache.catalina.startup.HostConfig.deployDirectory Deploying web application directory [/home/infoetu/baptiste.lavogiez.etu/ctp-web/tomcat/webapps/host-manager]
12-Dec-2025 13:40:57.072 INFO [main] org.apache.jasper.servlet.TldScanner.scanJars At least one JAR was scanned for TLDs yet contained no TLDs. Enable debug logging for this logger for a complete list of JARs that were scanned but no TLDs were found in them. Skipping unneeded JARs during scanning can improve startup time and JSP compilation time.
12-Dec-2025 13:40:57.073 INFO [main] org.apache.catalina.startup.HostConfig.deployDirectory Deployment of web application directory [/home/infoetu/baptiste.lavogiez.etu/ctp-web/tomcat/webapps/host-manager] has finished in [47] ms
12-Dec-2025 13:40:57.073 INFO [main] org.apache.catalina.startup.HostConfig.deployDirectory Deploying web application directory [/home/infoetu/baptiste.lavogiez.etu/ctp-web/tomcat/webapps/vide]
12-Dec-2025 13:40:57.128 INFO [main] org.apache.jasper.servlet.TldScanner.scanJars At least one JAR was scanned for TLDs yet contained no TLDs. Enable debug logging for this logger for a complete list of JARs that were scanned but no TLDs were found in them. Skipping unneeded JARs during scanning can improve startup time and JSP compilation time.
12-Dec-2025 13:40:57.130 INFO [main] org.apache.catalina.startup.HostConfig.deployDirectory Deployment of web application directory [/home/infoetu/baptiste.lavogiez.etu/ctp-web/tomcat/webapps/vide] has finished in [57] ms
12-Dec-2025 13:40:57.130 INFO [main] org.apache.catalina.startup.HostConfig.deployDirectory Deploying web application directory [/home/infoetu/baptiste.lavogiez.etu/ctp-web/tomcat/webapps/examples]
12-Dec-2025 13:40:57.326 INFO [main] org.apache.jasper.servlet.TldScanner.scanJars At least one JAR was scanned for TLDs yet contained no TLDs. Enable debug logging for this logger for a complete list of JARs that were scanned but no TLDs were found in them. Skipping unneeded JARs during scanning can improve startup time and JSP compilation time.
12-Dec-2025 13:40:57.340 INFO [main] org.apache.catalina.startup.HostConfig.deployDirectory Deployment of web application directory [/home/infoetu/baptiste.lavogiez.etu/ctp-web/tomcat/webapps/examples] has finished in [210] ms
12-Dec-2025 13:40:57.340 INFO [main] org.apache.catalina.startup.HostConfig.deployDirectory Deploying web application directory [/home/infoetu/baptiste.lavogiez.etu/ctp-web/tomcat/webapps/ctp]
12-Dec-2025 13:40:57.405 INFO [main] org.apache.jasper.servlet.TldScanner.scanJars At least one JAR was scanned for TLDs yet contained no TLDs. Enable debug logging for this logger for a complete list of JARs that were scanned but no TLDs were found in them. Skipping unneeded JARs during scanning can improve startup time and JSP compilation time.
12-Dec-2025 13:40:57.406 INFO [main] org.apache.catalina.startup.HostConfig.deployDirectory Deployment of web application directory [/home/infoetu/baptiste.lavogiez.etu/ctp-web/tomcat/webapps/ctp] has finished in [66] ms
12-Dec-2025 13:40:57.408 INFO [main] org.apache.coyote.AbstractProtocol.start Starting ProtocolHandler ["http-nio-8080"]
12-Dec-2025 13:40:57.415 INFO [main] org.apache.catalina.startup.Catalina.start Server startup in [713] milliseconds
12-Dec-2025 13:44:37.595 INFO [Catalina-utility-1] org.apache.catalina.core.StandardContext.reload Reloading Context with name [/ctp] has started
12-Dec-2025 13:44:37.690 INFO [Catalina-utility-1] org.apache.jasper.servlet.TldScanner.scanJars At least one JAR was scanned for TLDs yet contained no TLDs. Enable debug logging for this logger for a complete list of JARs that were scanned but no TLDs were found in them. Skipping unneeded JARs during scanning can improve startup time and JSP compilation time.
12-Dec-2025 13:44:37.691 INFO [Catalina-utility-1] org.apache.catalina.core.StandardContext.reload Reloading Context with name [/ctp] is completed
12-Dec-2025 16:20:11.402 INFO [Thread-1] org.apache.coyote.AbstractProtocol.pause Pausing ProtocolHandler ["http-nio-8080"]
12-Dec-2025 16:20:11.403 INFO [Thread-1] org.apache.catalina.core.StandardService.stopInternal Stopping service [Catalina]
12-Dec-2025 16:20:11.425 INFO [Thread-1] org.apache.coyote.AbstractProtocol.stop Stopping ProtocolHandler ["http-nio-8080"]
12-Dec-2025 16:20:11.436 INFO [Thread-1] org.apache.coyote.AbstractProtocol.destroy Destroying ProtocolHandler ["http-nio-8080"]
12-Dec-2025 16:45:00.264 INFO [main] org.apache.catalina.startup.VersionLoggerListener.log Server version name:   Apache Tomcat/11.0.13
12-Dec-2025 16:45:00.267 INFO [main] org.apache.catalina.startup.VersionLoggerListener.log Server built:          Oct 10 2025 13:57:31 UTC
12-Dec-2025 16:45:00.267 INFO [main] org.apache.catalina.startup.VersionLoggerListener.log Server version number: 11.0.13.0
12-Dec-2025 16:45:00.267 INFO [main] org.apache.catalina.startup.VersionLoggerListener.log OS Name:               Linux
12-Dec-2025 16:45:00.267 INFO [main] org.apache.catalina.startup.VersionLoggerListener.log OS Version:            6.1.0-40-amd64
12-Dec-2025 16:45:00.267 INFO [main] org.apache.catalina.startup.VersionLoggerListener.log Architecture:          amd64
12-Dec-2025 16:45:00.267 INFO [main] org.apache.catalina.startup.VersionLoggerListener.log Java Home:             /usr/lib/jvm/java-17-openjdk-amd64
12-Dec-2025 16:45:00.267 INFO [main] org.apache.catalina.startup.VersionLoggerListener.log JVM Version:           17.0.17+10-Debian-1deb12u1
12-Dec-2025 16:45:00.267 INFO [main] org.apache.catalina.startup.VersionLoggerListener.log JVM Vendor:            Debian
12-Dec-2025 16:45:00.267 INFO [main] org.apache.catalina.startup.VersionLoggerListener.log CATALINA_BASE:         /home/infoetu/baptiste.lavogiez.etu/ctp-web/tomcat
12-Dec-2025 16:45:00.267 INFO [main] org.apache.catalina.startup.VersionLoggerListener.log CATALINA_HOME:         /home/infoetu/baptiste.lavogiez.etu/ctp-web/tomcat
12-Dec-2025 16:45:00.274 INFO [main] org.apache.catalina.startup.VersionLoggerListener.log Command line argument: -Djava.util.logging.config.file=/home/infoetu/baptiste.lavogiez.etu/ctp-web/tomcat/conf/logging.properties
12-Dec-2025 16:45:00.274 INFO [main] org.apache.catalina.startup.VersionLoggerListener.log Command line argument: -Djava.util.logging.manager=org.apache.juli.ClassLoaderLogManager
12-Dec-2025 16:45:00.274 INFO [main] org.apache.catalina.startup.VersionLoggerListener.log Command line argument: -Djdk.tls.ephemeralDHKeySize=2048
12-Dec-2025 16:45:00.274 INFO [main] org.apache.catalina.startup.VersionLoggerListener.log Command line argument: -Dorg.apache.catalina.security.SecurityListener.UMASK=0027
12-Dec-2025 16:45:00.274 INFO [main] org.apache.catalina.startup.VersionLoggerListener.log Command line argument: --add-opens=java.base/java.lang=ALL-UNNAMED
12-Dec-2025 16:45:00.274 INFO [main] org.apache.catalina.startup.VersionLoggerListener.log Command line argument: --add-opens=java.base/java.lang.reflect=ALL-UNNAMED
12-Dec-2025 16:45:00.274 INFO [main] org.apache.catalina.startup.VersionLoggerListener.log Command line argument: --add-opens=java.base/java.io=ALL-UNNAMED
12-Dec-2025 16:45:00.274 INFO [main] org.apache.catalina.startup.VersionLoggerListener.log Command line argument: --add-opens=java.base/java.util=ALL-UNNAMED
12-Dec-2025 16:45:00.275 INFO [main] org.apache.catalina.startup.VersionLoggerListener.log Command line argument: --add-opens=java.base/java.util.concurrent=ALL-UNNAMED
12-Dec-2025 16:45:00.275 INFO [main] org.apache.catalina.startup.VersionLoggerListener.log Command line argument: --add-opens=java.rmi/sun.rmi.transport=ALL-UNNAMED
12-Dec-2025 16:45:00.275 INFO [main] org.apache.catalina.startup.VersionLoggerListener.log Command line argument: --enable-native-access=ALL-UNNAMED
12-Dec-2025 16:45:00.275 INFO [main] org.apache.catalina.startup.VersionLoggerListener.log Command line argument: -Dcatalina.base=/home/infoetu/baptiste.lavogiez.etu/ctp-web/tomcat
12-Dec-2025 16:45:00.275 INFO [main] org.apache.catalina.startup.VersionLoggerListener.log Command line argument: -Dcatalina.home=/home/infoetu/baptiste.lavogiez.etu/ctp-web/tomcat
12-Dec-2025 16:45:00.275 INFO [main] org.apache.catalina.startup.VersionLoggerListener.log Command line argument: -Djava.io.tmpdir=/home/infoetu/baptiste.lavogiez.etu/ctp-web/tomcat/temp
12-Dec-2025 16:45:00.278 INFO [main] org.apache.catalina.core.AprLifecycleListener.lifecycleEvent The Apache Tomcat Native library which allows using OpenSSL was not found on the java.library.path: [/usr/java/packages/lib:/usr/lib/x86_64-linux-gnu/jni:/lib/x86_64-linux-gnu:/usr/lib/x86_64-linux-gnu:/usr/lib/jni:/lib:/usr/lib]
12-Dec-2025 16:45:00.423 INFO [main] org.apache.coyote.AbstractProtocol.init Initializing ProtocolHandler ["http-nio-8080"]
12-Dec-2025 16:45:00.438 INFO [main] org.apache.catalina.startup.Catalina.load Server initialization in [357] milliseconds
12-Dec-2025 16:45:00.463 INFO [main] org.apache.catalina.core.StandardService.startInternal Starting service [Catalina]
12-Dec-2025 16:45:00.463 INFO [main] org.apache.catalina.core.StandardEngine.startInternal Starting Servlet engine: [Apache Tomcat/11.0.13]
12-Dec-2025 16:45:00.472 INFO [main] org.apache.catalina.startup.HostConfig.deployDirectory Deploying web application directory [/home/infoetu/baptiste.lavogiez.etu/ctp-web/tomcat/webapps/ROOT]
12-Dec-2025 16:45:00.753 INFO [main] org.apache.jasper.servlet.TldScanner.scanJars At least one JAR was scanned for TLDs yet contained no TLDs. Enable debug logging for this logger for a complete list of JARs that were scanned but no TLDs were found in them. Skipping unneeded JARs during scanning can improve startup time and JSP compilation time.
12-Dec-2025 16:45:00.782 INFO [main] org.apache.catalina.startup.HostConfig.deployDirectory Deployment of web application directory [/home/infoetu/baptiste.lavogiez.etu/ctp-web/tomcat/webapps/ROOT] has finished in [309] ms
12-Dec-2025 16:45:00.782 INFO [main] org.apache.catalina.startup.HostConfig.deployDirectory Deploying web application directory [/home/infoetu/baptiste.lavogiez.etu/ctp-web/tomcat/webapps/docs]
12-Dec-2025 16:45:00.843 INFO [main] org.apache.jasper.servlet.TldScanner.scanJars At least one JAR was scanned for TLDs yet contained no TLDs. Enable debug logging for this logger for a complete list of JARs that were scanned but no TLDs were found in them. Skipping unneeded JARs during scanning can improve startup time and JSP compilation time.
12-Dec-2025 16:45:00.844 INFO [main] org.apache.catalina.startup.HostConfig.deployDirectory Deployment of web application directory [/home/infoetu/baptiste.lavogiez.etu/ctp-web/tomcat/webapps/docs] has finished in [62] ms
12-Dec-2025 16:45:00.844 INFO [main] org.apache.catalina.startup.HostConfig.deployDirectory Deploying web application directory [/home/infoetu/baptiste.lavogiez.etu/ctp-web/tomcat/webapps/manager]
12-Dec-2025 16:45:00.902 INFO [main] org.apache.jasper.servlet.TldScanner.scanJars At least one JAR was scanned for TLDs yet contained no TLDs. Enable debug logging for this logger for a complete list of JARs that were scanned but no TLDs were found in them. Skipping unneeded JARs during scanning can improve startup time and JSP compilation time.
12-Dec-2025 16:45:00.905 INFO [main] org.apache.catalina.startup.HostConfig.deployDirectory Deployment of web application directory [/home/infoetu/baptiste.lavogiez.etu/ctp-web/tomcat/webapps/manager] has finished in [61] ms
12-Dec-2025 16:45:00.905 INFO [main] org.apache.catalina.startup.HostConfig.deployDirectory Deploying web application directory [/home/infoetu/baptiste.lavogiez.etu/ctp-web/tomcat/webapps/host-manager]
12-Dec-2025 16:45:00.963 INFO [main] org.apache.jasper.servlet.TldScanner.scanJars At least one JAR was scanned for TLDs yet contained no TLDs. Enable debug logging for this logger for a complete list of JARs that were scanned but no TLDs were found in them. Skipping unneeded JARs during scanning can improve startup time and JSP compilation time.
12-Dec-2025 16:45:00.964 INFO [main] org.apache.catalina.startup.HostConfig.deployDirectory Deployment of web application directory [/home/infoetu/baptiste.lavogiez.etu/ctp-web/tomcat/webapps/host-manager] has finished in [59] ms
12-Dec-2025 16:45:00.964 INFO [main] org.apache.catalina.startup.HostConfig.deployDirectory Deploying web application directory [/home/infoetu/baptiste.lavogiez.etu/ctp-web/tomcat/webapps/vide]
12-Dec-2025 16:45:01.038 INFO [main] org.apache.jasper.servlet.TldScanner.scanJars At least one JAR was scanned for TLDs yet contained no TLDs. Enable debug logging for this logger for a complete list of JARs that were scanned but no TLDs were found in them. Skipping unneeded JARs during scanning can improve startup time and JSP compilation time.
12-Dec-2025 16:45:01.049 INFO [main] org.apache.catalina.startup.HostConfig.deployDirectory Deployment of web application directory [/home/infoetu/baptiste.lavogiez.etu/ctp-web/tomcat/webapps/vide] has finished in [85] ms
12-Dec-2025 16:45:01.050 INFO [main] org.apache.catalina.startup.HostConfig.deployDirectory Deploying web application directory [/home/infoetu/baptiste.lavogiez.etu/ctp-web/tomcat/webapps/examples]
12-Dec-2025 16:45:01.319 INFO [main] org.apache.jasper.servlet.TldScanner.scanJars At least one JAR was scanned for TLDs yet contained no TLDs. Enable debug logging for this logger for a complete list of JARs that were scanned but no TLDs were found in them. Skipping unneeded JARs during scanning can improve startup time and JSP compilation time.
12-Dec-2025 16:45:01.342 INFO [main] org.apache.catalina.startup.HostConfig.deployDirectory Deployment of web application directory [/home/infoetu/baptiste.lavogiez.etu/ctp-web/tomcat/webapps/examples] has finished in [292] ms
12-Dec-2025 16:45:01.342 INFO [main] org.apache.catalina.startup.HostConfig.deployDirectory Deploying web application directory [/home/infoetu/baptiste.lavogiez.etu/ctp-web/tomcat/webapps/ctp]
12-Dec-2025 16:45:01.439 INFO [main] org.apache.jasper.servlet.TldScanner.scanJars At least one JAR was scanned for TLDs yet contained no TLDs. Enable debug logging for this logger for a complete list of JARs that were scanned but no TLDs were found in them. Skipping unneeded JARs during scanning can improve startup time and JSP compilation time.
12-Dec-2025 16:45:01.440 INFO [main] org.apache.catalina.startup.HostConfig.deployDirectory Deployment of web application directory [/home/infoetu/baptiste.lavogiez.etu/ctp-web/tomcat/webapps/ctp] has finished in [98] ms
12-Dec-2025 16:45:01.443 INFO [main] org.apache.coyote.AbstractProtocol.start Starting ProtocolHandler ["http-nio-8080"]
12-Dec-2025 16:45:01.460 INFO [main] org.apache.catalina.startup.Catalina.start Server startup in [1021] milliseconds
12-Dec-2025 16:45:11.458 INFO [Catalina-utility-2] org.apache.catalina.core.StandardContext.reload Reloading Context with name [/ctp] has started
12-Dec-2025 16:45:11.586 INFO [Catalina-utility-2] org.apache.jasper.servlet.TldScanner.scanJars At least one JAR was scanned for TLDs yet contained no TLDs. Enable debug logging for this logger for a complete list of JARs that were scanned but no TLDs were found in them. Skipping unneeded JARs during scanning can improve startup time and JSP compilation time.
12-Dec-2025 16:45:11.587 INFO [Catalina-utility-2] org.apache.catalina.core.StandardContext.reload Reloading Context with name [/ctp] is completed
12-Dec-2025 16:45:41.614 INFO [Catalina-utility-2] org.apache.catalina.core.StandardContext.reload Reloading Context with name [/ctp] has started
12-Dec-2025 16:45:41.690 INFO [Catalina-utility-2] org.apache.jasper.servlet.TldScanner.scanJars At least one JAR was scanned for TLDs yet contained no TLDs. Enable debug logging for this logger for a complete list of JARs that were scanned but no TLDs were found in them. Skipping unneeded JARs during scanning can improve startup time and JSP compilation time.
12-Dec-2025 16:45:41.690 INFO [Catalina-utility-2] org.apache.catalina.core.StandardContext.reload Reloading Context with name [/ctp] is completed
12-Dec-2025 16:45:51.700 INFO [Catalina-utility-2] org.apache.catalina.core.StandardContext.reload Reloading Context with name [/ctp] has started
12-Dec-2025 16:45:51.779 INFO [Catalina-utility-2] org.apache.jasper.servlet.TldScanner.scanJars At least one JAR was scanned for TLDs yet contained no TLDs. Enable debug logging for this logger for a complete list of JARs that were scanned but no TLDs were found in them. Skipping unneeded JARs during scanning can improve startup time and JSP compilation time.
12-Dec-2025 16:45:51.779 INFO [Catalina-utility-2] org.apache.catalina.core.StandardContext.reload Reloading Context with name [/ctp] is completed
12-Dec-2025 16:46:01.783 INFO [Catalina-utility-1] org.apache.catalina.core.StandardContext.reload Reloading Context with name [/ctp] has started
12-Dec-2025 16:46:01.853 INFO [Catalina-utility-1] org.apache.jasper.servlet.TldScanner.scanJars At least one JAR was scanned for TLDs yet contained no TLDs. Enable debug logging for this logger for a complete list of JARs that were scanned but no TLDs were found in them. Skipping unneeded JARs during scanning can improve startup time and JSP compilation time.
12-Dec-2025 16:46:01.854 INFO [Catalina-utility-1] org.apache.catalina.core.StandardContext.reload Reloading Context with name [/ctp] is completed
12-Dec-2025 16:46:11.862 INFO [Catalina-utility-1] org.apache.catalina.core.StandardContext.reload Reloading Context with name [/ctp] has started
12-Dec-2025 16:46:11.929 INFO [Catalina-utility-1] org.apache.jasper.servlet.TldScanner.scanJars At least one JAR was scanned for TLDs yet contained no TLDs. Enable debug logging for this logger for a complete list of JARs that were scanned but no TLDs were found in them. Skipping unneeded JARs during scanning can improve startup time and JSP compilation time.
12-Dec-2025 16:46:11.930 INFO [Catalina-utility-1] org.apache.catalina.core.StandardContext.reload Reloading Context with name [/ctp] is completed
12-Dec-2025 16:46:21.936 INFO [Catalina-utility-2] org.apache.catalina.core.StandardContext.reload Reloading Context with name [/ctp] has started
12-Dec-2025 16:46:21.994 INFO [Catalina-utility-2] org.apache.jasper.servlet.TldScanner.scanJars At least one JAR was scanned for TLDs yet contained no TLDs. Enable debug logging for this logger for a complete list of JARs that were scanned but no TLDs were found in them. Skipping unneeded JARs during scanning can improve startup time and JSP compilation time.
12-Dec-2025 16:46:21.994 INFO [Catalina-utility-2] org.apache.catalina.core.StandardContext.reload Reloading Context with name [/ctp] is completed
12-Dec-2025 16:46:32.003 INFO [Catalina-utility-1] org.apache.catalina.core.StandardContext.reload Reloading Context with name [/ctp] has started
12-Dec-2025 16:46:32.077 INFO [Catalina-utility-1] org.apache.jasper.servlet.TldScanner.scanJars At least one JAR was scanned for TLDs yet contained no TLDs. Enable debug logging for this logger for a complete list of JARs that were scanned but no TLDs were found in them. Skipping unneeded JARs during scanning can improve startup time and JSP compilation time.
12-Dec-2025 16:46:32.077 INFO [Catalina-utility-1] org.apache.catalina.core.StandardContext.reload Reloading Context with name [/ctp] is completed
12-Dec-2025 16:46:42.081 INFO [Catalina-utility-1] org.apache.catalina.core.StandardContext.reload Reloading Context with name [/ctp] has started
12-Dec-2025 16:46:42.140 INFO [Catalina-utility-1] org.apache.jasper.servlet.TldScanner.scanJars At least one JAR was scanned for TLDs yet contained no TLDs. Enable debug logging for this logger for a complete list of JARs that were scanned but no TLDs were found in them. Skipping unneeded JARs during scanning can improve startup time and JSP compilation time.
12-Dec-2025 16:46:42.140 INFO [Catalina-utility-1] org.apache.catalina.core.StandardContext.reload Reloading Context with name [/ctp] is completed
12-Dec-2025 16:46:52.145 INFO [Catalina-utility-2] org.apache.catalina.core.StandardContext.reload Reloading Context with name [/ctp] has started
12-Dec-2025 16:46:52.215 INFO [Catalina-utility-2] org.apache.jasper.servlet.TldScanner.scanJars At least one JAR was scanned for TLDs yet contained no TLDs. Enable debug logging for this logger for a complete list of JARs that were scanned but no TLDs were found in them. Skipping unneeded JARs during scanning can improve startup time and JSP compilation time.
12-Dec-2025 16:46:52.216 INFO [Catalina-utility-2] org.apache.catalina.core.StandardContext.reload Reloading Context with name [/ctp] is completed
12-Dec-2025 16:47:02.224 INFO [Catalina-utility-2] org.apache.catalina.core.StandardContext.reload Reloading Context with name [/ctp] has started
12-Dec-2025 16:47:02.292 INFO [Catalina-utility-2] org.apache.jasper.servlet.TldScanner.scanJars At least one JAR was scanned for TLDs yet contained no TLDs. Enable debug logging for this logger for a complete list of JARs that were scanned but no TLDs were found in them. Skipping unneeded JARs during scanning can improve startup time and JSP compilation time.
12-Dec-2025 16:47:02.292 INFO [Catalina-utility-2] org.apache.catalina.core.StandardContext.reload Reloading Context with name [/ctp] is completed
12-Dec-2025 16:47:34.889 INFO [Thread-1] org.apache.coyote.AbstractProtocol.pause Pausing ProtocolHandler ["http-nio-8080"]
12-Dec-2025 16:47:34.905 INFO [Thread-1] org.apache.catalina.core.StandardService.stopInternal Stopping service [Catalina]
12-Dec-2025 16:47:34.924 INFO [Thread-1] org.apache.coyote.AbstractProtocol.stop Stopping ProtocolHandler ["http-nio-8080"]
12-Dec-2025 16:47:34.929 INFO [Thread-1] org.apache.coyote.AbstractProtocol.destroy Destroying ProtocolHandler ["http-nio-8080"]
12-Dec-2025 16:47:35.595 INFO [main] org.apache.catalina.startup.VersionLoggerListener.log Server version name:   Apache Tomcat/11.0.13
12-Dec-2025 16:47:35.597 INFO [main] org.apache.catalina.startup.VersionLoggerListener.log Server built:          Oct 10 2025 13:57:31 UTC
12-Dec-2025 16:47:35.597 INFO [main] org.apache.catalina.startup.VersionLoggerListener.log Server version number: 11.0.13.0
12-Dec-2025 16:47:35.597 INFO [main] org.apache.catalina.startup.VersionLoggerListener.log OS Name:               Linux
12-Dec-2025 16:47:35.597 INFO [main] org.apache.catalina.startup.VersionLoggerListener.log OS Version:            6.1.0-40-amd64
12-Dec-2025 16:47:35.597 INFO [main] org.apache.catalina.startup.VersionLoggerListener.log Architecture:          amd64
12-Dec-2025 16:47:35.598 INFO [main] org.apache.catalina.startup.VersionLoggerListener.log Java Home:             /usr/lib/jvm/java-17-openjdk-amd64
12-Dec-2025 16:47:35.598 INFO [main] org.apache.catalina.startup.VersionLoggerListener.log JVM Version:           17.0.17+10-Debian-1deb12u1
12-Dec-2025 16:47:35.598 INFO [main] org.apache.catalina.startup.VersionLoggerListener.log JVM Vendor:            Debian
12-Dec-2025 16:47:35.598 INFO [main] org.apache.catalina.startup.VersionLoggerListener.log CATALINA_BASE:         /home/infoetu/baptiste.lavogiez.etu/ctp-web/tomcat
12-Dec-2025 16:47:35.598 INFO [main] org.apache.catalina.startup.VersionLoggerListener.log CATALINA_HOME:         /home/infoetu/baptiste.lavogiez.etu/ctp-web/tomcat
12-Dec-2025 16:47:35.602 INFO [main] org.apache.catalina.startup.VersionLoggerListener.log Command line argument: -Djava.util.logging.config.file=/home/infoetu/baptiste.lavogiez.etu/ctp-web/tomcat/conf/logging.properties
12-Dec-2025 16:47:35.602 INFO [main] org.apache.catalina.startup.VersionLoggerListener.log Command line argument: -Djava.util.logging.manager=org.apache.juli.ClassLoaderLogManager
12-Dec-2025 16:47:35.602 INFO [main] org.apache.catalina.startup.VersionLoggerListener.log Command line argument: -Djdk.tls.ephemeralDHKeySize=2048
12-Dec-2025 16:47:35.602 INFO [main] org.apache.catalina.startup.VersionLoggerListener.log Command line argument: -Dorg.apache.catalina.security.SecurityListener.UMASK=0027
12-Dec-2025 16:47:35.602 INFO [main] org.apache.catalina.startup.VersionLoggerListener.log Command line argument: --add-opens=java.base/java.lang=ALL-UNNAMED
12-Dec-2025 16:47:35.602 INFO [main] org.apache.catalina.startup.VersionLoggerListener.log Command line argument: --add-opens=java.base/java.lang.reflect=ALL-UNNAMED
12-Dec-2025 16:47:35.602 INFO [main] org.apache.catalina.startup.VersionLoggerListener.log Command line argument: --add-opens=java.base/java.io=ALL-UNNAMED
12-Dec-2025 16:47:35.603 INFO [main] org.apache.catalina.startup.VersionLoggerListener.log Command line argument: --add-opens=java.base/java.util=ALL-UNNAMED
12-Dec-2025 16:47:35.603 INFO [main] org.apache.catalina.startup.VersionLoggerListener.log Command line argument: --add-opens=java.base/java.util.concurrent=ALL-UNNAMED
12-Dec-2025 16:47:35.603 INFO [main] org.apache.catalina.startup.VersionLoggerListener.log Command line argument: --add-opens=java.rmi/sun.rmi.transport=ALL-UNNAMED
12-Dec-2025 16:47:35.603 INFO [main] org.apache.catalina.startup.VersionLoggerListener.log Command line argument: --enable-native-access=ALL-UNNAMED
12-Dec-2025 16:47:35.603 INFO [main] org.apache.catalina.startup.VersionLoggerListener.log Command line argument: -Dcatalina.base=/home/infoetu/baptiste.lavogiez.etu/ctp-web/tomcat
12-Dec-2025 16:47:35.603 INFO [main] org.apache.catalina.startup.VersionLoggerListener.log Command line argument: -Dcatalina.home=/home/infoetu/baptiste.lavogiez.etu/ctp-web/tomcat
12-Dec-2025 16:47:35.603 INFO [main] org.apache.catalina.startup.VersionLoggerListener.log Command line argument: -Djava.io.tmpdir=/home/infoetu/baptiste.lavogiez.etu/ctp-web/tomcat/temp
12-Dec-2025 16:47:35.603 INFO [main] org.apache.catalina.core.AprLifecycleListener.lifecycleEvent The Apache Tomcat Native library which allows using OpenSSL was not found on the java.library.path: [/usr/java/packages/lib:/usr/lib/x86_64-linux-gnu/jni:/lib/x86_64-linux-gnu:/usr/lib/x86_64-linux-gnu:/usr/lib/jni:/lib:/usr/lib]
12-Dec-2025 16:47:35.703 INFO [main] org.apache.coyote.AbstractProtocol.init Initializing ProtocolHandler ["http-nio-8080"]
12-Dec-2025 16:47:35.717 INFO [main] org.apache.catalina.startup.Catalina.load Server initialization in [189] milliseconds
12-Dec-2025 16:47:35.733 INFO [main] org.apache.catalina.core.StandardService.startInternal Starting service [Catalina]
12-Dec-2025 16:47:35.733 INFO [main] org.apache.catalina.core.StandardEngine.startInternal Starting Servlet engine: [Apache Tomcat/11.0.13]
12-Dec-2025 16:47:35.738 INFO [main] org.apache.catalina.startup.HostConfig.deployDirectory Deploying web application directory [/home/infoetu/baptiste.lavogiez.etu/ctp-web/tomcat/webapps/ROOT]
12-Dec-2025 16:47:35.890 INFO [main] org.apache.jasper.servlet.TldScanner.scanJars At least one JAR was scanned for TLDs yet contained no TLDs. Enable debug logging for this logger for a complete list of JARs that were scanned but no TLDs were found in them. Skipping unneeded JARs during scanning can improve startup time and JSP compilation time.
12-Dec-2025 16:47:35.906 INFO [main] org.apache.catalina.startup.HostConfig.deployDirectory Deployment of web application directory [/home/infoetu/baptiste.lavogiez.etu/ctp-web/tomcat/webapps/ROOT] has finished in [168] ms
12-Dec-2025 16:47:35.906 INFO [main] org.apache.catalina.startup.HostConfig.deployDirectory Deploying web application directory [/home/infoetu/baptiste.lavogiez.etu/ctp-web/tomcat/webapps/docs]
12-Dec-2025 16:47:35.957 INFO [main] org.apache.jasper.servlet.TldScanner.scanJars At least one JAR was scanned for TLDs yet contained no TLDs. Enable debug logging for this logger for a complete list of JARs that were scanned but no TLDs were found in them. Skipping unneeded JARs during scanning can improve startup time and JSP compilation time.
12-Dec-2025 16:47:35.958 INFO [main] org.apache.catalina.startup.HostConfig.deployDirectory Deployment of web application directory [/home/infoetu/baptiste.lavogiez.etu/ctp-web/tomcat/webapps/docs] has finished in [52] ms
12-Dec-2025 16:47:35.958 INFO [main] org.apache.catalina.startup.HostConfig.deployDirectory Deploying web application directory [/home/infoetu/baptiste.lavogiez.etu/ctp-web/tomcat/webapps/manager]
12-Dec-2025 16:47:36.009 INFO [main] org.apache.jasper.servlet.TldScanner.scanJars At least one JAR was scanned for TLDs yet contained no TLDs. Enable debug logging for this logger for a complete list of JARs that were scanned but no TLDs were found in them. Skipping unneeded JARs during scanning can improve startup time and JSP compilation time.
12-Dec-2025 16:47:36.012 INFO [main] org.apache.catalina.startup.HostConfig.deployDirectory Deployment of web application directory [/home/infoetu/baptiste.lavogiez.etu/ctp-web/tomcat/webapps/manager] has finished in [54] ms
12-Dec-2025 16:47:36.012 INFO [main] org.apache.catalina.startup.HostConfig.deployDirectory Deploying web application directory [/home/infoetu/baptiste.lavogiez.etu/ctp-web/tomcat/webapps/host-manager]
12-Dec-2025 16:47:36.059 INFO [main] org.apache.jasper.servlet.TldScanner.scanJars At least one JAR was scanned for TLDs yet contained no TLDs. Enable debug logging for this logger for a complete list of JARs that were scanned but no TLDs were found in them. Skipping unneeded JARs during scanning can improve startup time and JSP compilation time.
12-Dec-2025 16:47:36.060 INFO [main] org.apache.catalina.startup.HostConfig.deployDirectory Deployment of web application directory [/home/infoetu/baptiste.lavogiez.etu/ctp-web/tomcat/webapps/host-manager] has finished in [48] ms
12-Dec-2025 16:47:36.060 INFO [main] org.apache.catalina.startup.HostConfig.deployDirectory Deploying web application directory [/home/infoetu/baptiste.lavogiez.etu/ctp-web/tomcat/webapps/vide]
12-Dec-2025 16:47:36.118 INFO [main] org.apache.jasper.servlet.TldScanner.scanJars At least one JAR was scanned for TLDs yet contained no TLDs. Enable debug logging for this logger for a complete list of JARs that were scanned but no TLDs were found in them. Skipping unneeded JARs during scanning can improve startup time and JSP compilation time.
12-Dec-2025 16:47:36.120 INFO [main] org.apache.catalina.startup.HostConfig.deployDirectory Deployment of web application directory [/home/infoetu/baptiste.lavogiez.etu/ctp-web/tomcat/webapps/vide] has finished in [59] ms
12-Dec-2025 16:47:36.120 INFO [main] org.apache.catalina.startup.HostConfig.deployDirectory Deploying web application directory [/home/infoetu/baptiste.lavogiez.etu/ctp-web/tomcat/webapps/examples]
12-Dec-2025 16:47:36.314 INFO [main] org.apache.jasper.servlet.TldScanner.scanJars At least one JAR was scanned for TLDs yet contained no TLDs. Enable debug logging for this logger for a complete list of JARs that were scanned but no TLDs were found in them. Skipping unneeded JARs during scanning can improve startup time and JSP compilation time.
12-Dec-2025 16:47:36.330 INFO [main] org.apache.catalina.startup.HostConfig.deployDirectory Deployment of web application directory [/home/infoetu/baptiste.lavogiez.etu/ctp-web/tomcat/webapps/examples] has finished in [210] ms
12-Dec-2025 16:47:36.330 INFO [main] org.apache.catalina.startup.HostConfig.deployDirectory Deploying web application directory [/home/infoetu/baptiste.lavogiez.etu/ctp-web/tomcat/webapps/ctp]
12-Dec-2025 16:47:36.398 INFO [main] org.apache.jasper.servlet.TldScanner.scanJars At least one JAR was scanned for TLDs yet contained no TLDs. Enable debug logging for this logger for a complete list of JARs that were scanned but no TLDs were found in them. Skipping unneeded JARs during scanning can improve startup time and JSP compilation time.
12-Dec-2025 16:47:36.400 INFO [main] org.apache.catalina.startup.HostConfig.deployDirectory Deployment of web application directory [/home/infoetu/baptiste.lavogiez.etu/ctp-web/tomcat/webapps/ctp] has finished in [70] ms
12-Dec-2025 16:47:36.402 INFO [main] org.apache.coyote.AbstractProtocol.start Starting ProtocolHandler ["http-nio-8080"]
12-Dec-2025 16:47:36.410 INFO [main] org.apache.catalina.startup.Catalina.start Server startup in [693] milliseconds
12-Dec-2025 16:48:16.431 INFO [Catalina-utility-2] org.apache.catalina.core.StandardContext.reload Reloading Context with name [/ctp] has started
12-Dec-2025 16:48:16.507 INFO [Catalina-utility-2] org.apache.jasper.servlet.TldScanner.scanJars At least one JAR was scanned for TLDs yet contained no TLDs. Enable debug logging for this logger for a complete list of JARs that were scanned but no TLDs were found in them. Skipping unneeded JARs during scanning can improve startup time and JSP compilation time.
12-Dec-2025 16:48:16.508 INFO [Catalina-utility-2] org.apache.catalina.core.StandardContext.reload Reloading Context with name [/ctp] is completed
12-Dec-2025 16:48:26.512 INFO [Catalina-utility-2] org.apache.catalina.core.StandardContext.reload Reloading Context with name [/ctp] has started
12-Dec-2025 16:48:26.589 INFO [Catalina-utility-2] org.apache.jasper.servlet.TldScanner.scanJars At least one JAR was scanned for TLDs yet contained no TLDs. Enable debug logging for this logger for a complete list of JARs that were scanned but no TLDs were found in them. Skipping unneeded JARs during scanning can improve startup time and JSP compilation time.
12-Dec-2025 16:48:26.590 INFO [Catalina-utility-2] org.apache.catalina.core.StandardContext.reload Reloading Context with name [/ctp] is completed
12-Dec-2025 16:48:43.848 INFO [Thread-1] org.apache.coyote.AbstractProtocol.pause Pausing ProtocolHandler ["http-nio-8080"]
12-Dec-2025 16:48:43.850 INFO [Thread-1] org.apache.catalina.core.StandardService.stopInternal Stopping service [Catalina]
12-Dec-2025 16:48:43.870 INFO [Thread-1] org.apache.coyote.AbstractProtocol.stop Stopping ProtocolHandler ["http-nio-8080"]
12-Dec-2025 16:48:43.883 INFO [Thread-1] org.apache.coyote.AbstractProtocol.destroy Destroying ProtocolHandler ["http-nio-8080"]
12-Dec-2025 16:48:44.705 INFO [main] org.apache.catalina.startup.VersionLoggerListener.log Server version name:   Apache Tomcat/11.0.13
12-Dec-2025 16:48:44.707 INFO [main] org.apache.catalina.startup.VersionLoggerListener.log Server built:          Oct 10 2025 13:57:31 UTC
12-Dec-2025 16:48:44.707 INFO [main] org.apache.catalina.startup.VersionLoggerListener.log Server version number: 11.0.13.0
12-Dec-2025 16:48:44.707 INFO [main] org.apache.catalina.startup.VersionLoggerListener.log OS Name:               Linux
12-Dec-2025 16:48:44.707 INFO [main] org.apache.catalina.startup.VersionLoggerListener.log OS Version:            6.1.0-40-amd64
12-Dec-2025 16:48:44.707 INFO [main] org.apache.catalina.startup.VersionLoggerListener.log Architecture:          amd64
12-Dec-2025 16:48:44.707 INFO [main] org.apache.catalina.startup.VersionLoggerListener.log Java Home:             /usr/lib/jvm/java-17-openjdk-amd64
12-Dec-2025 16:48:44.707 INFO [main] org.apache.catalina.startup.VersionLoggerListener.log JVM Version:           17.0.17+10-Debian-1deb12u1
12-Dec-2025 16:48:44.707 INFO [main] org.apache.catalina.startup.VersionLoggerListener.log JVM Vendor:            Debian
12-Dec-2025 16:48:44.707 INFO [main] org.apache.catalina.startup.VersionLoggerListener.log CATALINA_BASE:         /home/infoetu/baptiste.lavogiez.etu/ctp-web/tomcat
12-Dec-2025 16:48:44.707 INFO [main] org.apache.catalina.startup.VersionLoggerListener.log CATALINA_HOME:         /home/infoetu/baptiste.lavogiez.etu/ctp-web/tomcat
12-Dec-2025 16:48:44.711 INFO [main] org.apache.catalina.startup.VersionLoggerListener.log Command line argument: -Djava.util.logging.config.file=/home/infoetu/baptiste.lavogiez.etu/ctp-web/tomcat/conf/logging.properties
12-Dec-2025 16:48:44.711 INFO [main] org.apache.catalina.startup.VersionLoggerListener.log Command line argument: -Djava.util.logging.manager=org.apache.juli.ClassLoaderLogManager
12-Dec-2025 16:48:44.711 INFO [main] org.apache.catalina.startup.VersionLoggerListener.log Command line argument: -Djdk.tls.ephemeralDHKeySize=2048
12-Dec-2025 16:48:44.711 INFO [main] org.apache.catalina.startup.VersionLoggerListener.log Command line argument: -Dorg.apache.catalina.security.SecurityListener.UMASK=0027
12-Dec-2025 16:48:44.711 INFO [main] org.apache.catalina.startup.VersionLoggerListener.log Command line argument: --add-opens=java.base/java.lang=ALL-UNNAMED
12-Dec-2025 16:48:44.711 INFO [main] org.apache.catalina.startup.VersionLoggerListener.log Command line argument: --add-opens=java.base/java.lang.reflect=ALL-UNNAMED
12-Dec-2025 16:48:44.711 INFO [main] org.apache.catalina.startup.VersionLoggerListener.log Command line argument: --add-opens=java.base/java.io=ALL-UNNAMED
12-Dec-2025 16:48:44.712 INFO [main] org.apache.catalina.startup.VersionLoggerListener.log Command line argument: --add-opens=java.base/java.util=ALL-UNNAMED
12-Dec-2025 16:48:44.712 INFO [main] org.apache.catalina.startup.VersionLoggerListener.log Command line argument: --add-opens=java.base/java.util.concurrent=ALL-UNNAMED
12-Dec-2025 16:48:44.712 INFO [main] org.apache.catalina.startup.VersionLoggerListener.log Command line argument: --add-opens=java.rmi/sun.rmi.transport=ALL-UNNAMED
12-Dec-2025 16:48:44.712 INFO [main] org.apache.catalina.startup.VersionLoggerListener.log Command line argument: --enable-native-access=ALL-UNNAMED
12-Dec-2025 16:48:44.712 INFO [main] org.apache.catalina.startup.VersionLoggerListener.log Command line argument: -Dcatalina.base=/home/infoetu/baptiste.lavogiez.etu/ctp-web/tomcat
12-Dec-2025 16:48:44.712 INFO [main] org.apache.catalina.startup.VersionLoggerListener.log Command line argument: -Dcatalina.home=/home/infoetu/baptiste.lavogiez.etu/ctp-web/tomcat
12-Dec-2025 16:48:44.712 INFO [main] org.apache.catalina.startup.VersionLoggerListener.log Command line argument: -Djava.io.tmpdir=/home/infoetu/baptiste.lavogiez.etu/ctp-web/tomcat/temp
12-Dec-2025 16:48:44.712 INFO [main] org.apache.catalina.core.AprLifecycleListener.lifecycleEvent The Apache Tomcat Native library which allows using OpenSSL was not found on the java.library.path: [/usr/java/packages/lib:/usr/lib/x86_64-linux-gnu/jni:/lib/x86_64-linux-gnu:/usr/lib/x86_64-linux-gnu:/usr/lib/jni:/lib:/usr/lib]
12-Dec-2025 16:48:44.809 INFO [main] org.apache.coyote.AbstractProtocol.init Initializing ProtocolHandler ["http-nio-8080"]
12-Dec-2025 16:48:44.822 INFO [main] org.apache.catalina.startup.Catalina.load Server initialization in [187] milliseconds
12-Dec-2025 16:48:44.839 INFO [main] org.apache.catalina.core.StandardService.startInternal Starting service [Catalina]
12-Dec-2025 16:48:44.839 INFO [main] org.apache.catalina.core.StandardEngine.startInternal Starting Servlet engine: [Apache Tomcat/11.0.13]
12-Dec-2025 16:48:44.844 INFO [main] org.apache.catalina.startup.HostConfig.deployDirectory Deploying web application directory [/home/infoetu/baptiste.lavogiez.etu/ctp-web/tomcat/webapps/ROOT]
12-Dec-2025 16:48:44.995 INFO [main] org.apache.jasper.servlet.TldScanner.scanJars At least one JAR was scanned for TLDs yet contained no TLDs. Enable debug logging for this logger for a complete list of JARs that were scanned but no TLDs were found in them. Skipping unneeded JARs during scanning can improve startup time and JSP compilation time.
12-Dec-2025 16:48:45.011 INFO [main] org.apache.catalina.startup.HostConfig.deployDirectory Deployment of web application directory [/home/infoetu/baptiste.lavogiez.etu/ctp-web/tomcat/webapps/ROOT] has finished in [166] ms
12-Dec-2025 16:48:45.011 INFO [main] org.apache.catalina.startup.HostConfig.deployDirectory Deploying web application directory [/home/infoetu/baptiste.lavogiez.etu/ctp-web/tomcat/webapps/docs]
12-Dec-2025 16:48:45.060 INFO [main] org.apache.jasper.servlet.TldScanner.scanJars At least one JAR was scanned for TLDs yet contained no TLDs. Enable debug logging for this logger for a complete list of JARs that were scanned but no TLDs were found in them. Skipping unneeded JARs during scanning can improve startup time and JSP compilation time.
12-Dec-2025 16:48:45.061 INFO [main] org.apache.catalina.startup.HostConfig.deployDirectory Deployment of web application directory [/home/infoetu/baptiste.lavogiez.etu/ctp-web/tomcat/webapps/docs] has finished in [50] ms
12-Dec-2025 16:48:45.061 INFO [main] org.apache.catalina.startup.HostConfig.deployDirectory Deploying web application directory [/home/infoetu/baptiste.lavogiez.etu/ctp-web/tomcat/webapps/manager]
12-Dec-2025 16:48:45.113 INFO [main] org.apache.jasper.servlet.TldScanner.scanJars At least one JAR was scanned for TLDs yet contained no TLDs. Enable debug logging for this logger for a complete list of JARs that were scanned but no TLDs were found in them. Skipping unneeded JARs during scanning can improve startup time and JSP compilation time.
12-Dec-2025 16:48:45.116 INFO [main] org.apache.catalina.startup.HostConfig.deployDirectory Deployment of web application directory [/home/infoetu/baptiste.lavogiez.etu/ctp-web/tomcat/webapps/manager] has finished in [55] ms
12-Dec-2025 16:48:45.116 INFO [main] org.apache.catalina.startup.HostConfig.deployDirectory Deploying web application directory [/home/infoetu/baptiste.lavogiez.etu/ctp-web/tomcat/webapps/host-manager]
12-Dec-2025 16:48:45.169 INFO [main] org.apache.jasper.servlet.TldScanner.scanJars At least one JAR was scanned for TLDs yet contained no TLDs. Enable debug logging for this logger for a complete list of JARs that were scanned but no TLDs were found in them. Skipping unneeded JARs during scanning can improve startup time and JSP compilation time.
12-Dec-2025 16:48:45.170 INFO [main] org.apache.catalina.startup.HostConfig.deployDirectory Deployment of web application directory [/home/infoetu/baptiste.lavogiez.etu/ctp-web/tomcat/webapps/host-manager] has finished in [54] ms
12-Dec-2025 16:48:45.170 INFO [main] org.apache.catalina.startup.HostConfig.deployDirectory Deploying web application directory [/home/infoetu/baptiste.lavogiez.etu/ctp-web/tomcat/webapps/vide]
12-Dec-2025 16:48:45.226 INFO [main] org.apache.jasper.servlet.TldScanner.scanJars At least one JAR was scanned for TLDs yet contained no TLDs. Enable debug logging for this logger for a complete list of JARs that were scanned but no TLDs were found in them. Skipping unneeded JARs during scanning can improve startup time and JSP compilation time.
12-Dec-2025 16:48:45.228 INFO [main] org.apache.catalina.startup.HostConfig.deployDirectory Deployment of web application directory [/home/infoetu/baptiste.lavogiez.etu/ctp-web/tomcat/webapps/vide] has finished in [58] ms
12-Dec-2025 16:48:45.228 INFO [main] org.apache.catalina.startup.HostConfig.deployDirectory Deploying web application directory [/home/infoetu/baptiste.lavogiez.etu/ctp-web/tomcat/webapps/examples]
12-Dec-2025 16:48:45.426 INFO [main] org.apache.jasper.servlet.TldScanner.scanJars At least one JAR was scanned for TLDs yet contained no TLDs. Enable debug logging for this logger for a complete list of JARs that were scanned but no TLDs were found in them. Skipping unneeded JARs during scanning can improve startup time and JSP compilation time.
12-Dec-2025 16:48:45.439 INFO [main] org.apache.catalina.startup.HostConfig.deployDirectory Deployment of web application directory [/home/infoetu/baptiste.lavogiez.etu/ctp-web/tomcat/webapps/examples] has finished in [211] ms
12-Dec-2025 16:48:45.439 INFO [main] org.apache.catalina.startup.HostConfig.deployDirectory Deploying web application directory [/home/infoetu/baptiste.lavogiez.etu/ctp-web/tomcat/webapps/ctp]
12-Dec-2025 16:48:45.503 INFO [main] org.apache.jasper.servlet.TldScanner.scanJars At least one JAR was scanned for TLDs yet contained no TLDs. Enable debug logging for this logger for a complete list of JARs that were scanned but no TLDs were found in them. Skipping unneeded JARs during scanning can improve startup time and JSP compilation time.
12-Dec-2025 16:48:45.504 INFO [main] org.apache.catalina.startup.HostConfig.deployDirectory Deployment of web application directory [/home/infoetu/baptiste.lavogiez.etu/ctp-web/tomcat/webapps/ctp] has finished in [65] ms
12-Dec-2025 16:48:45.506 INFO [main] org.apache.coyote.AbstractProtocol.start Starting ProtocolHandler ["http-nio-8080"]
12-Dec-2025 16:48:45.512 INFO [main] org.apache.catalina.startup.Catalina.start Server startup in [690] milliseconds
12-Dec-2025 16:49:15.527 INFO [Catalina-utility-2] org.apache.catalina.core.StandardContext.reload Reloading Context with name [/ctp] has started
12-Dec-2025 16:49:15.595 INFO [Catalina-utility-2] org.apache.jasper.servlet.TldScanner.scanJars At least one JAR was scanned for TLDs yet contained no TLDs. Enable debug logging for this logger for a complete list of JARs that were scanned but no TLDs were found in them. Skipping unneeded JARs during scanning can improve startup time and JSP compilation time.
12-Dec-2025 16:49:15.596 INFO [Catalina-utility-2] org.apache.catalina.core.StandardContext.reload Reloading Context with name [/ctp] is completed
12-Dec-2025 16:49:45.619 INFO [Catalina-utility-2] org.apache.catalina.core.StandardContext.reload Reloading Context with name [/ctp] has started
12-Dec-2025 16:49:45.710 INFO [Catalina-utility-2] org.apache.jasper.servlet.TldScanner.scanJars At least one JAR was scanned for TLDs yet contained no TLDs. Enable debug logging for this logger for a complete list of JARs that were scanned but no TLDs were found in them. Skipping unneeded JARs during scanning can improve startup time and JSP compilation time.
12-Dec-2025 16:49:45.711 INFO [Catalina-utility-2] org.apache.catalina.core.StandardContext.reload Reloading Context with name [/ctp] is completed
12-Dec-2025 16:49:55.717 INFO [Catalina-utility-1] org.apache.catalina.core.StandardContext.reload Reloading Context with name [/ctp] has started
12-Dec-2025 16:49:55.782 INFO [Catalina-utility-1] org.apache.jasper.servlet.TldScanner.scanJars At least one JAR was scanned for TLDs yet contained no TLDs. Enable debug logging for this logger for a complete list of JARs that were scanned but no TLDs were found in them. Skipping unneeded JARs during scanning can improve startup time and JSP compilation time.
12-Dec-2025 16:49:55.782 INFO [Catalina-utility-1] org.apache.catalina.core.StandardContext.reload Reloading Context with name [/ctp] is completed
12-Dec-2025 16:49:56.695 INFO [Thread-1] org.apache.coyote.AbstractProtocol.pause Pausing ProtocolHandler ["http-nio-8080"]
12-Dec-2025 16:49:56.697 INFO [Thread-1] org.apache.catalina.core.StandardService.stopInternal Stopping service [Catalina]
12-Dec-2025 16:49:56.715 INFO [Thread-1] org.apache.coyote.AbstractProtocol.stop Stopping ProtocolHandler ["http-nio-8080"]
12-Dec-2025 16:49:56.720 INFO [Thread-1] org.apache.coyote.AbstractProtocol.destroy Destroying ProtocolHandler ["http-nio-8080"]
12-Dec-2025 16:49:57.531 INFO [main] org.apache.catalina.startup.VersionLoggerListener.log Server version name:   Apache Tomcat/11.0.13
12-Dec-2025 16:49:57.533 INFO [main] org.apache.catalina.startup.VersionLoggerListener.log Server built:          Oct 10 2025 13:57:31 UTC
12-Dec-2025 16:49:57.533 INFO [main] org.apache.catalina.startup.VersionLoggerListener.log Server version number: 11.0.13.0
12-Dec-2025 16:49:57.533 INFO [main] org.apache.catalina.startup.VersionLoggerListener.log OS Name:               Linux
12-Dec-2025 16:49:57.533 INFO [main] org.apache.catalina.startup.VersionLoggerListener.log OS Version:            6.1.0-40-amd64
12-Dec-2025 16:49:57.533 INFO [main] org.apache.catalina.startup.VersionLoggerListener.log Architecture:          amd64
12-Dec-2025 16:49:57.533 INFO [main] org.apache.catalina.startup.VersionLoggerListener.log Java Home:             /usr/lib/jvm/java-17-openjdk-amd64
12-Dec-2025 16:49:57.533 INFO [main] org.apache.catalina.startup.VersionLoggerListener.log JVM Version:           17.0.17+10-Debian-1deb12u1
12-Dec-2025 16:49:57.533 INFO [main] org.apache.catalina.startup.VersionLoggerListener.log JVM Vendor:            Debian
12-Dec-2025 16:49:57.533 INFO [main] org.apache.catalina.startup.VersionLoggerListener.log CATALINA_BASE:         /home/infoetu/baptiste.lavogiez.etu/ctp-web/tomcat
12-Dec-2025 16:49:57.533 INFO [main] org.apache.catalina.startup.VersionLoggerListener.log CATALINA_HOME:         /home/infoetu/baptiste.lavogiez.etu/ctp-web/tomcat
12-Dec-2025 16:49:57.537 INFO [main] org.apache.catalina.startup.VersionLoggerListener.log Command line argument: -Djava.util.logging.config.file=/home/infoetu/baptiste.lavogiez.etu/ctp-web/tomcat/conf/logging.properties
12-Dec-2025 16:49:57.537 INFO [main] org.apache.catalina.startup.VersionLoggerListener.log Command line argument: -Djava.util.logging.manager=org.apache.juli.ClassLoaderLogManager
12-Dec-2025 16:49:57.537 INFO [main] org.apache.catalina.startup.VersionLoggerListener.log Command line argument: -Djdk.tls.ephemeralDHKeySize=2048
12-Dec-2025 16:49:57.537 INFO [main] org.apache.catalina.startup.VersionLoggerListener.log Command line argument: -Dorg.apache.catalina.security.SecurityListener.UMASK=0027
12-Dec-2025 16:49:57.537 INFO [main] org.apache.catalina.startup.VersionLoggerListener.log Command line argument: --add-opens=java.base/java.lang=ALL-UNNAMED
12-Dec-2025 16:49:57.537 INFO [main] org.apache.catalina.startup.VersionLoggerListener.log Command line argument: --add-opens=java.base/java.lang.reflect=ALL-UNNAMED
12-Dec-2025 16:49:57.537 INFO [main] org.apache.catalina.startup.VersionLoggerListener.log Command line argument: --add-opens=java.base/java.io=ALL-UNNAMED
12-Dec-2025 16:49:57.537 INFO [main] org.apache.catalina.startup.VersionLoggerListener.log Command line argument: --add-opens=java.base/java.util=ALL-UNNAMED
12-Dec-2025 16:49:57.537 INFO [main] org.apache.catalina.startup.VersionLoggerListener.log Command line argument: --add-opens=java.base/java.util.concurrent=ALL-UNNAMED
12-Dec-2025 16:49:57.537 INFO [main] org.apache.catalina.startup.VersionLoggerListener.log Command line argument: --add-opens=java.rmi/sun.rmi.transport=ALL-UNNAMED
12-Dec-2025 16:49:57.538 INFO [main] org.apache.catalina.startup.VersionLoggerListener.log Command line argument: --enable-native-access=ALL-UNNAMED
12-Dec-2025 16:49:57.538 INFO [main] org.apache.catalina.startup.VersionLoggerListener.log Command line argument: -Dcatalina.base=/home/infoetu/baptiste.lavogiez.etu/ctp-web/tomcat
12-Dec-2025 16:49:57.538 INFO [main] org.apache.catalina.startup.VersionLoggerListener.log Command line argument: -Dcatalina.home=/home/infoetu/baptiste.lavogiez.etu/ctp-web/tomcat
12-Dec-2025 16:49:57.538 INFO [main] org.apache.catalina.startup.VersionLoggerListener.log Command line argument: -Djava.io.tmpdir=/home/infoetu/baptiste.lavogiez.etu/ctp-web/tomcat/temp
12-Dec-2025 16:49:57.538 INFO [main] org.apache.catalina.core.AprLifecycleListener.lifecycleEvent The Apache Tomcat Native library which allows using OpenSSL was not found on the java.library.path: [/usr/java/packages/lib:/usr/lib/x86_64-linux-gnu/jni:/lib/x86_64-linux-gnu:/usr/lib/x86_64-linux-gnu:/usr/lib/jni:/lib:/usr/lib]
12-Dec-2025 16:49:57.635 INFO [main] org.apache.coyote.AbstractProtocol.init Initializing ProtocolHandler ["http-nio-8080"]
12-Dec-2025 16:49:57.648 INFO [main] org.apache.catalina.startup.Catalina.load Server initialization in [185] milliseconds
12-Dec-2025 16:49:57.664 INFO [main] org.apache.catalina.core.StandardService.startInternal Starting service [Catalina]
12-Dec-2025 16:49:57.664 INFO [main] org.apache.catalina.core.StandardEngine.startInternal Starting Servlet engine: [Apache Tomcat/11.0.13]
12-Dec-2025 16:49:57.669 INFO [main] org.apache.catalina.startup.HostConfig.deployDirectory Deploying web application directory [/home/infoetu/baptiste.lavogiez.etu/ctp-web/tomcat/webapps/ROOT]
12-Dec-2025 16:49:57.829 INFO [main] org.apache.jasper.servlet.TldScanner.scanJars At least one JAR was scanned for TLDs yet contained no TLDs. Enable debug logging for this logger for a complete list of JARs that were scanned but no TLDs were found in them. Skipping unneeded JARs during scanning can improve startup time and JSP compilation time.
12-Dec-2025 16:49:57.844 INFO [main] org.apache.catalina.startup.HostConfig.deployDirectory Deployment of web application directory [/home/infoetu/baptiste.lavogiez.etu/ctp-web/tomcat/webapps/ROOT] has finished in [175] ms
12-Dec-2025 16:49:57.845 INFO [main] org.apache.catalina.startup.HostConfig.deployDirectory Deploying web application directory [/home/infoetu/baptiste.lavogiez.etu/ctp-web/tomcat/webapps/docs]
12-Dec-2025 16:49:57.894 INFO [main] org.apache.jasper.servlet.TldScanner.scanJars At least one JAR was scanned for TLDs yet contained no TLDs. Enable debug logging for this logger for a complete list of JARs that were scanned but no TLDs were found in them. Skipping unneeded JARs during scanning can improve startup time and JSP compilation time.
12-Dec-2025 16:49:57.894 INFO [main] org.apache.catalina.startup.HostConfig.deployDirectory Deployment of web application directory [/home/infoetu/baptiste.lavogiez.etu/ctp-web/tomcat/webapps/docs] has finished in [49] ms
12-Dec-2025 16:49:57.895 INFO [main] org.apache.catalina.startup.HostConfig.deployDirectory Deploying web application directory [/home/infoetu/baptiste.lavogiez.etu/ctp-web/tomcat/webapps/manager]
12-Dec-2025 16:49:57.945 INFO [main] org.apache.jasper.servlet.TldScanner.scanJars At least one JAR was scanned for TLDs yet contained no TLDs. Enable debug logging for this logger for a complete list of JARs that were scanned but no TLDs were found in them. Skipping unneeded JARs during scanning can improve startup time and JSP compilation time.
12-Dec-2025 16:49:57.947 INFO [main] org.apache.catalina.startup.HostConfig.deployDirectory Deployment of web application directory [/home/infoetu/baptiste.lavogiez.etu/ctp-web/tomcat/webapps/manager] has finished in [52] ms
12-Dec-2025 16:49:57.947 INFO [main] org.apache.catalina.startup.HostConfig.deployDirectory Deploying web application directory [/home/infoetu/baptiste.lavogiez.etu/ctp-web/tomcat/webapps/host-manager]
12-Dec-2025 16:49:57.993 INFO [main] org.apache.jasper.servlet.TldScanner.scanJars At least one JAR was scanned for TLDs yet contained no TLDs. Enable debug logging for this logger for a complete list of JARs that were scanned but no TLDs were found in them. Skipping unneeded JARs during scanning can improve startup time and JSP compilation time.
12-Dec-2025 16:49:57.994 INFO [main] org.apache.catalina.startup.HostConfig.deployDirectory Deployment of web application directory [/home/infoetu/baptiste.lavogiez.etu/ctp-web/tomcat/webapps/host-manager] has finished in [47] ms
12-Dec-2025 16:49:57.994 INFO [main] org.apache.catalina.startup.HostConfig.deployDirectory Deploying web application directory [/home/infoetu/baptiste.lavogiez.etu/ctp-web/tomcat/webapps/vide]
12-Dec-2025 16:49:58.048 INFO [main] org.apache.jasper.servlet.TldScanner.scanJars At least one JAR was scanned for TLDs yet contained no TLDs. Enable debug logging for this logger for a complete list of JARs that were scanned but no TLDs were found in them. Skipping unneeded JARs during scanning can improve startup time and JSP compilation time.
12-Dec-2025 16:49:58.050 INFO [main] org.apache.catalina.startup.HostConfig.deployDirectory Deployment of web application directory [/home/infoetu/baptiste.lavogiez.etu/ctp-web/tomcat/webapps/vide] has finished in [56] ms
12-Dec-2025 16:49:58.050 INFO [main] org.apache.catalina.startup.HostConfig.deployDirectory Deploying web application directory [/home/infoetu/baptiste.lavogiez.etu/ctp-web/tomcat/webapps/examples]
12-Dec-2025 16:49:58.245 INFO [main] org.apache.jasper.servlet.TldScanner.scanJars At least one JAR was scanned for TLDs yet contained no TLDs. Enable debug logging for this logger for a complete list of JARs that were scanned but no TLDs were found in them. Skipping unneeded JARs during scanning can improve startup time and JSP compilation time.
12-Dec-2025 16:49:58.257 INFO [main] org.apache.catalina.startup.HostConfig.deployDirectory Deployment of web application directory [/home/infoetu/baptiste.lavogiez.etu/ctp-web/tomcat/webapps/examples] has finished in [207] ms
12-Dec-2025 16:49:58.257 INFO [main] org.apache.catalina.startup.HostConfig.deployDirectory Deploying web application directory [/home/infoetu/baptiste.lavogiez.etu/ctp-web/tomcat/webapps/ctp]
12-Dec-2025 16:49:58.321 INFO [main] org.apache.jasper.servlet.TldScanner.scanJars At least one JAR was scanned for TLDs yet contained no TLDs. Enable debug logging for this logger for a complete list of JARs that were scanned but no TLDs were found in them. Skipping unneeded JARs during scanning can improve startup time and JSP compilation time.
12-Dec-2025 16:49:58.322 INFO [main] org.apache.catalina.startup.HostConfig.deployDirectory Deployment of web application directory [/home/infoetu/baptiste.lavogiez.etu/ctp-web/tomcat/webapps/ctp] has finished in [64] ms
12-Dec-2025 16:49:58.323 INFO [main] org.apache.coyote.AbstractProtocol.start Starting ProtocolHandler ["http-nio-8080"]
12-Dec-2025 16:49:58.329 INFO [main] org.apache.catalina.startup.Catalina.start Server startup in [681] milliseconds
12-Dec-2025 16:50:18.334 INFO [Catalina-utility-1] org.apache.catalina.core.StandardContext.reload Reloading Context with name [/ctp] has started
12-Dec-2025 16:50:18.419 INFO [Catalina-utility-1] org.apache.jasper.servlet.TldScanner.scanJars At least one JAR was scanned for TLDs yet contained no TLDs. Enable debug logging for this logger for a complete list of JARs that were scanned but no TLDs were found in them. Skipping unneeded JARs during scanning can improve startup time and JSP compilation time.
12-Dec-2025 16:50:18.420 INFO [Catalina-utility-1] org.apache.catalina.core.StandardContext.reload Reloading Context with name [/ctp] is completed
12-Dec-2025 16:50:28.426 INFO [Catalina-utility-1] org.apache.catalina.core.StandardContext.reload Reloading Context with name [/ctp] has started
12-Dec-2025 16:50:28.502 INFO [Catalina-utility-1] org.apache.jasper.servlet.TldScanner.scanJars At least one JAR was scanned for TLDs yet contained no TLDs. Enable debug logging for this logger for a complete list of JARs that were scanned but no TLDs were found in them. Skipping unneeded JARs during scanning can improve startup time and JSP compilation time.
12-Dec-2025 16:50:28.503 INFO [Catalina-utility-1] org.apache.catalina.core.StandardContext.reload Reloading Context with name [/ctp] is completed
12-Dec-2025 16:50:46.479 INFO [Thread-1] org.apache.coyote.AbstractProtocol.pause Pausing ProtocolHandler ["http-nio-8080"]
12-Dec-2025 16:50:46.481 INFO [Thread-1] org.apache.catalina.core.StandardService.stopInternal Stopping service [Catalina]
12-Dec-2025 16:50:46.507 INFO [Thread-1] org.apache.coyote.AbstractProtocol.stop Stopping ProtocolHandler ["http-nio-8080"]
12-Dec-2025 16:50:46.514 INFO [Thread-1] org.apache.coyote.AbstractProtocol.destroy Destroying ProtocolHandler ["http-nio-8080"]
12-Dec-2025 16:50:47.317 INFO [main] org.apache.catalina.startup.VersionLoggerListener.log Server version name:   Apache Tomcat/11.0.13
12-Dec-2025 16:50:47.319 INFO [main] org.apache.catalina.startup.VersionLoggerListener.log Server built:          Oct 10 2025 13:57:31 UTC
12-Dec-2025 16:50:47.319 INFO [main] org.apache.catalina.startup.VersionLoggerListener.log Server version number: 11.0.13.0
12-Dec-2025 16:50:47.319 INFO [main] org.apache.catalina.startup.VersionLoggerListener.log OS Name:               Linux
12-Dec-2025 16:50:47.319 INFO [main] org.apache.catalina.startup.VersionLoggerListener.log OS Version:            6.1.0-40-amd64
12-Dec-2025 16:50:47.319 INFO [main] org.apache.catalina.startup.VersionLoggerListener.log Architecture:          amd64
12-Dec-2025 16:50:47.319 INFO [main] org.apache.catalina.startup.VersionLoggerListener.log Java Home:             /usr/lib/jvm/java-17-openjdk-amd64
12-Dec-2025 16:50:47.320 INFO [main] org.apache.catalina.startup.VersionLoggerListener.log JVM Version:           17.0.17+10-Debian-1deb12u1
12-Dec-2025 16:50:47.320 INFO [main] org.apache.catalina.startup.VersionLoggerListener.log JVM Vendor:            Debian
12-Dec-2025 16:50:47.320 INFO [main] org.apache.catalina.startup.VersionLoggerListener.log CATALINA_BASE:         /home/infoetu/baptiste.lavogiez.etu/ctp-web/tomcat
12-Dec-2025 16:50:47.320 INFO [main] org.apache.catalina.startup.VersionLoggerListener.log CATALINA_HOME:         /home/infoetu/baptiste.lavogiez.etu/ctp-web/tomcat
12-Dec-2025 16:50:47.323 INFO [main] org.apache.catalina.startup.VersionLoggerListener.log Command line argument: -Djava.util.logging.config.file=/home/infoetu/baptiste.lavogiez.etu/ctp-web/tomcat/conf/logging.properties
12-Dec-2025 16:50:47.323 INFO [main] org.apache.catalina.startup.VersionLoggerListener.log Command line argument: -Djava.util.logging.manager=org.apache.juli.ClassLoaderLogManager
12-Dec-2025 16:50:47.324 INFO [main] org.apache.catalina.startup.VersionLoggerListener.log Command line argument: -Djdk.tls.ephemeralDHKeySize=2048
12-Dec-2025 16:50:47.324 INFO [main] org.apache.catalina.startup.VersionLoggerListener.log Command line argument: -Dorg.apache.catalina.security.SecurityListener.UMASK=0027
12-Dec-2025 16:50:47.324 INFO [main] org.apache.catalina.startup.VersionLoggerListener.log Command line argument: --add-opens=java.base/java.lang=ALL-UNNAMED
12-Dec-2025 16:50:47.324 INFO [main] org.apache.catalina.startup.VersionLoggerListener.log Command line argument: --add-opens=java.base/java.lang.reflect=ALL-UNNAMED
12-Dec-2025 16:50:47.324 INFO [main] org.apache.catalina.startup.VersionLoggerListener.log Command line argument: --add-opens=java.base/java.io=ALL-UNNAMED
12-Dec-2025 16:50:47.324 INFO [main] org.apache.catalina.startup.VersionLoggerListener.log Command line argument: --add-opens=java.base/java.util=ALL-UNNAMED
12-Dec-2025 16:50:47.324 INFO [main] org.apache.catalina.startup.VersionLoggerListener.log Command line argument: --add-opens=java.base/java.util.concurrent=ALL-UNNAMED
12-Dec-2025 16:50:47.324 INFO [main] org.apache.catalina.startup.VersionLoggerListener.log Command line argument: --add-opens=java.rmi/sun.rmi.transport=ALL-UNNAMED
12-Dec-2025 16:50:47.324 INFO [main] org.apache.catalina.startup.VersionLoggerListener.log Command line argument: --enable-native-access=ALL-UNNAMED
12-Dec-2025 16:50:47.324 INFO [main] org.apache.catalina.startup.VersionLoggerListener.log Command line argument: -Dcatalina.base=/home/infoetu/baptiste.lavogiez.etu/ctp-web/tomcat
12-Dec-2025 16:50:47.324 INFO [main] org.apache.catalina.startup.VersionLoggerListener.log Command line argument: -Dcatalina.home=/home/infoetu/baptiste.lavogiez.etu/ctp-web/tomcat
12-Dec-2025 16:50:47.324 INFO [main] org.apache.catalina.startup.VersionLoggerListener.log Command line argument: -Djava.io.tmpdir=/home/infoetu/baptiste.lavogiez.etu/ctp-web/tomcat/temp
12-Dec-2025 16:50:47.325 INFO [main] org.apache.catalina.core.AprLifecycleListener.lifecycleEvent The Apache Tomcat Native library which allows using OpenSSL was not found on the java.library.path: [/usr/java/packages/lib:/usr/lib/x86_64-linux-gnu/jni:/lib/x86_64-linux-gnu:/usr/lib/x86_64-linux-gnu:/usr/lib/jni:/lib:/usr/lib]
12-Dec-2025 16:50:47.418 INFO [main] org.apache.coyote.AbstractProtocol.init Initializing ProtocolHandler ["http-nio-8080"]
12-Dec-2025 16:50:47.431 INFO [main] org.apache.catalina.startup.Catalina.load Server initialization in [182] milliseconds
12-Dec-2025 16:50:47.450 INFO [main] org.apache.catalina.core.StandardService.startInternal Starting service [Catalina]
12-Dec-2025 16:50:47.450 INFO [main] org.apache.catalina.core.StandardEngine.startInternal Starting Servlet engine: [Apache Tomcat/11.0.13]
12-Dec-2025 16:50:47.454 INFO [main] org.apache.catalina.startup.HostConfig.deployDirectory Deploying web application directory [/home/infoetu/baptiste.lavogiez.etu/ctp-web/tomcat/webapps/ROOT]
12-Dec-2025 16:50:47.614 INFO [main] org.apache.jasper.servlet.TldScanner.scanJars At least one JAR was scanned for TLDs yet contained no TLDs. Enable debug logging for this logger for a complete list of JARs that were scanned but no TLDs were found in them. Skipping unneeded JARs during scanning can improve startup time and JSP compilation time.
12-Dec-2025 16:50:47.630 INFO [main] org.apache.catalina.startup.HostConfig.deployDirectory Deployment of web application directory [/home/infoetu/baptiste.lavogiez.etu/ctp-web/tomcat/webapps/ROOT] has finished in [176] ms
12-Dec-2025 16:50:47.630 INFO [main] org.apache.catalina.startup.HostConfig.deployDirectory Deploying web application directory [/home/infoetu/baptiste.lavogiez.etu/ctp-web/tomcat/webapps/docs]
12-Dec-2025 16:50:47.680 INFO [main] org.apache.jasper.servlet.TldScanner.scanJars At least one JAR was scanned for TLDs yet contained no TLDs. Enable debug logging for this logger for a complete list of JARs that were scanned but no TLDs were found in them. Skipping unneeded JARs during scanning can improve startup time and JSP compilation time.
12-Dec-2025 16:50:47.681 INFO [main] org.apache.catalina.startup.HostConfig.deployDirectory Deployment of web application directory [/home/infoetu/baptiste.lavogiez.etu/ctp-web/tomcat/webapps/docs] has finished in [50] ms
12-Dec-2025 16:50:47.681 INFO [main] org.apache.catalina.startup.HostConfig.deployDirectory Deploying web application directory [/home/infoetu/baptiste.lavogiez.etu/ctp-web/tomcat/webapps/manager]
12-Dec-2025 16:50:47.731 INFO [main] org.apache.jasper.servlet.TldScanner.scanJars At least one JAR was scanned for TLDs yet contained no TLDs. Enable debug logging for this logger for a complete list of JARs that were scanned but no TLDs were found in them. Skipping unneeded JARs during scanning can improve startup time and JSP compilation time.
12-Dec-2025 16:50:47.734 INFO [main] org.apache.catalina.startup.HostConfig.deployDirectory Deployment of web application directory [/home/infoetu/baptiste.lavogiez.etu/ctp-web/tomcat/webapps/manager] has finished in [53] ms
12-Dec-2025 16:50:47.734 INFO [main] org.apache.catalina.startup.HostConfig.deployDirectory Deploying web application directory [/home/infoetu/baptiste.lavogiez.etu/ctp-web/tomcat/webapps/host-manager]
12-Dec-2025 16:50:47.781 INFO [main] org.apache.jasper.servlet.TldScanner.scanJars At least one JAR was scanned for TLDs yet contained no TLDs. Enable debug logging for this logger for a complete list of JARs that were scanned but no TLDs were found in them. Skipping unneeded JARs during scanning can improve startup time and JSP compilation time.
12-Dec-2025 16:50:47.782 INFO [main] org.apache.catalina.startup.HostConfig.deployDirectory Deployment of web application directory [/home/infoetu/baptiste.lavogiez.etu/ctp-web/tomcat/webapps/host-manager] has finished in [48] ms
12-Dec-2025 16:50:47.782 INFO [main] org.apache.catalina.startup.HostConfig.deployDirectory Deploying web application directory [/home/infoetu/baptiste.lavogiez.etu/ctp-web/tomcat/webapps/vide]
12-Dec-2025 16:50:47.837 INFO [main] org.apache.jasper.servlet.TldScanner.scanJars At least one JAR was scanned for TLDs yet contained no TLDs. Enable debug logging for this logger for a complete list of JARs that were scanned but no TLDs were found in them. Skipping unneeded JARs during scanning can improve startup time and JSP compilation time.
12-Dec-2025 16:50:47.839 INFO [main] org.apache.catalina.startup.HostConfig.deployDirectory Deployment of web application directory [/home/infoetu/baptiste.lavogiez.etu/ctp-web/tomcat/webapps/vide] has finished in [57] ms
12-Dec-2025 16:50:47.839 INFO [main] org.apache.catalina.startup.HostConfig.deployDirectory Deploying web application directory [/home/infoetu/baptiste.lavogiez.etu/ctp-web/tomcat/webapps/examples]
12-Dec-2025 16:50:48.037 INFO [main] org.apache.jasper.servlet.TldScanner.scanJars At least one JAR was scanned for TLDs yet contained no TLDs. Enable debug logging for this logger for a complete list of JARs that were scanned but no TLDs were found in them. Skipping unneeded JARs during scanning can improve startup time and JSP compilation time.
12-Dec-2025 16:50:48.050 INFO [main] org.apache.catalina.startup.HostConfig.deployDirectory Deployment of web application directory [/home/infoetu/baptiste.lavogiez.etu/ctp-web/tomcat/webapps/examples] has finished in [211] ms
12-Dec-2025 16:50:48.050 INFO [main] org.apache.catalina.startup.HostConfig.deployDirectory Deploying web application directory [/home/infoetu/baptiste.lavogiez.etu/ctp-web/tomcat/webapps/ctp]
12-Dec-2025 16:50:48.127 INFO [main] org.apache.jasper.servlet.TldScanner.scanJars At least one JAR was scanned for TLDs yet contained no TLDs. Enable debug logging for this logger for a complete list of JARs that were scanned but no TLDs were found in them. Skipping unneeded JARs during scanning can improve startup time and JSP compilation time.
12-Dec-2025 16:50:48.127 INFO [main] org.apache.catalina.startup.HostConfig.deployDirectory Deployment of web application directory [/home/infoetu/baptiste.lavogiez.etu/ctp-web/tomcat/webapps/ctp] has finished in [77] ms
12-Dec-2025 16:50:48.129 INFO [main] org.apache.coyote.AbstractProtocol.start Starting ProtocolHandler ["http-nio-8080"]
12-Dec-2025 16:50:48.136 INFO [main] org.apache.catalina.startup.Catalina.start Server startup in [704] milliseconds
12-Dec-2025 16:52:28.201 INFO [Catalina-utility-1] org.apache.catalina.core.StandardContext.reload Reloading Context with name [/ctp] has started
12-Dec-2025 16:52:28.304 INFO [Catalina-utility-1] org.apache.jasper.servlet.TldScanner.scanJars At least one JAR was scanned for TLDs yet contained no TLDs. Enable debug logging for this logger for a complete list of JARs that were scanned but no TLDs were found in them. Skipping unneeded JARs during scanning can improve startup time and JSP compilation time.
12-Dec-2025 16:52:28.305 INFO [Catalina-utility-1] org.apache.catalina.core.StandardContext.reload Reloading Context with name [/ctp] is completed
12-Dec-2025 16:52:38.309 INFO [Catalina-utility-2] org.apache.catalina.core.StandardContext.reload Reloading Context with name [/ctp] has started
12-Dec-2025 16:52:38.376 INFO [Catalina-utility-2] org.apache.jasper.servlet.TldScanner.scanJars At least one JAR was scanned for TLDs yet contained no TLDs. Enable debug logging for this logger for a complete list of JARs that were scanned but no TLDs were found in them. Skipping unneeded JARs during scanning can improve startup time and JSP compilation time.
12-Dec-2025 16:52:38.377 INFO [Catalina-utility-2] org.apache.catalina.core.StandardContext.reload Reloading Context with name [/ctp] is completed
12-Dec-2025 16:52:48.390 INFO [Catalina-utility-1] org.apache.catalina.core.StandardContext.reload Reloading Context with name [/ctp] has started
12-Dec-2025 16:52:48.463 INFO [Catalina-utility-1] org.apache.jasper.servlet.TldScanner.scanJars At least one JAR was scanned for TLDs yet contained no TLDs. Enable debug logging for this logger for a complete list of JARs that were scanned but no TLDs were found in them. Skipping unneeded JARs during scanning can improve startup time and JSP compilation time.
12-Dec-2025 16:52:48.464 INFO [Catalina-utility-1] org.apache.catalina.core.StandardContext.reload Reloading Context with name [/ctp] is completed
12-Dec-2025 16:53:28.483 INFO [Catalina-utility-2] org.apache.catalina.core.StandardContext.reload Reloading Context with name [/ctp] has started
12-Dec-2025 16:53:28.556 INFO [Catalina-utility-2] org.apache.jasper.servlet.TldScanner.scanJars At least one JAR was scanned for TLDs yet contained no TLDs. Enable debug logging for this logger for a complete list of JARs that were scanned but no TLDs were found in them. Skipping unneeded JARs during scanning can improve startup time and JSP compilation time.
12-Dec-2025 16:53:28.557 INFO [Catalina-utility-2] org.apache.catalina.core.StandardContext.reload Reloading Context with name [/ctp] is completed
12-Dec-2025 16:53:38.560 INFO [Catalina-utility-2] org.apache.catalina.core.StandardContext.reload Reloading Context with name [/ctp] has started
12-Dec-2025 16:53:38.627 INFO [Catalina-utility-2] org.apache.jasper.servlet.TldScanner.scanJars At least one JAR was scanned for TLDs yet contained no TLDs. Enable debug logging for this logger for a complete list of JARs that were scanned but no TLDs were found in them. Skipping unneeded JARs during scanning can improve startup time and JSP compilation time.
12-Dec-2025 16:53:38.628 INFO [Catalina-utility-2] org.apache.catalina.core.StandardContext.reload Reloading Context with name [/ctp] is completed
12-Dec-2025 16:53:48.638 INFO [Catalina-utility-1] org.apache.catalina.core.StandardContext.reload Reloading Context with name [/ctp] has started
12-Dec-2025 16:53:48.692 INFO [Catalina-utility-1] org.apache.jasper.servlet.TldScanner.scanJars At least one JAR was scanned for TLDs yet contained no TLDs. Enable debug logging for this logger for a complete list of JARs that were scanned but no TLDs were found in them. Skipping unneeded JARs during scanning can improve startup time and JSP compilation time.
12-Dec-2025 16:53:48.693 INFO [Catalina-utility-1] org.apache.catalina.core.StandardContext.reload Reloading Context with name [/ctp] is completed
12-Dec-2025 16:53:58.697 INFO [Catalina-utility-2] org.apache.catalina.core.StandardContext.reload Reloading Context with name [/ctp] has started
12-Dec-2025 16:53:58.750 INFO [Catalina-utility-2] org.apache.jasper.servlet.TldScanner.scanJars At least one JAR was scanned for TLDs yet contained no TLDs. Enable debug logging for this logger for a complete list of JARs that were scanned but no TLDs were found in them. Skipping unneeded JARs during scanning can improve startup time and JSP compilation time.
12-Dec-2025 16:53:58.751 INFO [Catalina-utility-2] org.apache.catalina.core.StandardContext.reload Reloading Context with name [/ctp] is completed
12-Dec-2025 16:54:08.756 INFO [Catalina-utility-1] org.apache.catalina.core.StandardContext.reload Reloading Context with name [/ctp] has started
12-Dec-2025 16:54:08.832 INFO [Catalina-utility-1] org.apache.jasper.servlet.TldScanner.scanJars At least one JAR was scanned for TLDs yet contained no TLDs. Enable debug logging for this logger for a complete list of JARs that were scanned but no TLDs were found in them. Skipping unneeded JARs during scanning can improve startup time and JSP compilation time.
12-Dec-2025 16:54:08.833 INFO [Catalina-utility-1] org.apache.catalina.core.StandardContext.reload Reloading Context with name [/ctp] is completed
12-Dec-2025 16:54:34.313 INFO [Thread-1] org.apache.coyote.AbstractProtocol.pause Pausing ProtocolHandler ["http-nio-8080"]
12-Dec-2025 16:54:34.314 INFO [Thread-1] org.apache.catalina.core.StandardService.stopInternal Stopping service [Catalina]
12-Dec-2025 16:54:34.333 INFO [Thread-1] org.apache.coyote.AbstractProtocol.stop Stopping ProtocolHandler ["http-nio-8080"]
12-Dec-2025 16:54:34.337 INFO [Thread-1] org.apache.coyote.AbstractProtocol.destroy Destroying ProtocolHandler ["http-nio-8080"]
12-Dec-2025 16:54:35.152 INFO [main] org.apache.catalina.startup.VersionLoggerListener.log Server version name:   Apache Tomcat/11.0.13
12-Dec-2025 16:54:35.153 INFO [main] org.apache.catalina.startup.VersionLoggerListener.log Server built:          Oct 10 2025 13:57:31 UTC
12-Dec-2025 16:54:35.154 INFO [main] org.apache.catalina.startup.VersionLoggerListener.log Server version number: 11.0.13.0
12-Dec-2025 16:54:35.154 INFO [main] org.apache.catalina.startup.VersionLoggerListener.log OS Name:               Linux
12-Dec-2025 16:54:35.154 INFO [main] org.apache.catalina.startup.VersionLoggerListener.log OS Version:            6.1.0-40-amd64
12-Dec-2025 16:54:35.154 INFO [main] org.apache.catalina.startup.VersionLoggerListener.log Architecture:          amd64
12-Dec-2025 16:54:35.154 INFO [main] org.apache.catalina.startup.VersionLoggerListener.log Java Home:             /usr/lib/jvm/java-17-openjdk-amd64
12-Dec-2025 16:54:35.154 INFO [main] org.apache.catalina.startup.VersionLoggerListener.log JVM Version:           17.0.17+10-Debian-1deb12u1
12-Dec-2025 16:54:35.154 INFO [main] org.apache.catalina.startup.VersionLoggerListener.log JVM Vendor:            Debian
12-Dec-2025 16:54:35.154 INFO [main] org.apache.catalina.startup.VersionLoggerListener.log CATALINA_BASE:         /home/infoetu/baptiste.lavogiez.etu/ctp-web/tomcat
12-Dec-2025 16:54:35.154 INFO [main] org.apache.catalina.startup.VersionLoggerListener.log CATALINA_HOME:         /home/infoetu/baptiste.lavogiez.etu/ctp-web/tomcat
12-Dec-2025 16:54:35.158 INFO [main] org.apache.catalina.startup.VersionLoggerListener.log Command line argument: -Djava.util.logging.config.file=/home/infoetu/baptiste.lavogiez.etu/ctp-web/tomcat/conf/logging.properties
12-Dec-2025 16:54:35.158 INFO [main] org.apache.catalina.startup.VersionLoggerListener.log Command line argument: -Djava.util.logging.manager=org.apache.juli.ClassLoaderLogManager
12-Dec-2025 16:54:35.158 INFO [main] org.apache.catalina.startup.VersionLoggerListener.log Command line argument: -Djdk.tls.ephemeralDHKeySize=2048
12-Dec-2025 16:54:35.158 INFO [main] org.apache.catalina.startup.VersionLoggerListener.log Command line argument: -Dorg.apache.catalina.security.SecurityListener.UMASK=0027
12-Dec-2025 16:54:35.158 INFO [main] org.apache.catalina.startup.VersionLoggerListener.log Command line argument: --add-opens=java.base/java.lang=ALL-UNNAMED
12-Dec-2025 16:54:35.158 INFO [main] org.apache.catalina.startup.VersionLoggerListener.log Command line argument: --add-opens=java.base/java.lang.reflect=ALL-UNNAMED
12-Dec-2025 16:54:35.158 INFO [main] org.apache.catalina.startup.VersionLoggerListener.log Command line argument: --add-opens=java.base/java.io=ALL-UNNAMED
12-Dec-2025 16:54:35.158 INFO [main] org.apache.catalina.startup.VersionLoggerListener.log Command line argument: --add-opens=java.base/java.util=ALL-UNNAMED
12-Dec-2025 16:54:35.158 INFO [main] org.apache.catalina.startup.VersionLoggerListener.log Command line argument: --add-opens=java.base/java.util.concurrent=ALL-UNNAMED
12-Dec-2025 16:54:35.158 INFO [main] org.apache.catalina.startup.VersionLoggerListener.log Command line argument: --add-opens=java.rmi/sun.rmi.transport=ALL-UNNAMED
12-Dec-2025 16:54:35.158 INFO [main] org.apache.catalina.startup.VersionLoggerListener.log Command line argument: --enable-native-access=ALL-UNNAMED
12-Dec-2025 16:54:35.158 INFO [main] org.apache.catalina.startup.VersionLoggerListener.log Command line argument: -Dcatalina.base=/home/infoetu/baptiste.lavogiez.etu/ctp-web/tomcat
12-Dec-2025 16:54:35.158 INFO [main] org.apache.catalina.startup.VersionLoggerListener.log Command line argument: -Dcatalina.home=/home/infoetu/baptiste.lavogiez.etu/ctp-web/tomcat
12-Dec-2025 16:54:35.158 INFO [main] org.apache.catalina.startup.VersionLoggerListener.log Command line argument: -Djava.io.tmpdir=/home/infoetu/baptiste.lavogiez.etu/ctp-web/tomcat/temp
12-Dec-2025 16:54:35.159 INFO [main] org.apache.catalina.core.AprLifecycleListener.lifecycleEvent The Apache Tomcat Native library which allows using OpenSSL was not found on the java.library.path: [/usr/java/packages/lib:/usr/lib/x86_64-linux-gnu/jni:/lib/x86_64-linux-gnu:/usr/lib/x86_64-linux-gnu:/usr/lib/jni:/lib:/usr/lib]
12-Dec-2025 16:54:35.251 INFO [main] org.apache.coyote.AbstractProtocol.init Initializing ProtocolHandler ["http-nio-8080"]
12-Dec-2025 16:54:35.267 INFO [main] org.apache.catalina.startup.Catalina.load Server initialization in [183] milliseconds
12-Dec-2025 16:54:35.285 INFO [main] org.apache.catalina.core.StandardService.startInternal Starting service [Catalina]
12-Dec-2025 16:54:35.285 INFO [main] org.apache.catalina.core.StandardEngine.startInternal Starting Servlet engine: [Apache Tomcat/11.0.13]
12-Dec-2025 16:54:35.289 INFO [main] org.apache.catalina.startup.HostConfig.deployDirectory Deploying web application directory [/home/infoetu/baptiste.lavogiez.etu/ctp-web/tomcat/webapps/ROOT]
12-Dec-2025 16:54:35.456 INFO [main] org.apache.jasper.servlet.TldScanner.scanJars At least one JAR was scanned for TLDs yet contained no TLDs. Enable debug logging for this logger for a complete list of JARs that were scanned but no TLDs were found in them. Skipping unneeded JARs during scanning can improve startup time and JSP compilation time.
12-Dec-2025 16:54:35.471 INFO [main] org.apache.catalina.startup.HostConfig.deployDirectory Deployment of web application directory [/home/infoetu/baptiste.lavogiez.etu/ctp-web/tomcat/webapps/ROOT] has finished in [182] ms
12-Dec-2025 16:54:35.471 INFO [main] org.apache.catalina.startup.HostConfig.deployDirectory Deploying web application directory [/home/infoetu/baptiste.lavogiez.etu/ctp-web/tomcat/webapps/docs]
12-Dec-2025 16:54:35.521 INFO [main] org.apache.jasper.servlet.TldScanner.scanJars At least one JAR was scanned for TLDs yet contained no TLDs. Enable debug logging for this logger for a complete list of JARs that were scanned but no TLDs were found in them. Skipping unneeded JARs during scanning can improve startup time and JSP compilation time.
12-Dec-2025 16:54:35.522 INFO [main] org.apache.catalina.startup.HostConfig.deployDirectory Deployment of web application directory [/home/infoetu/baptiste.lavogiez.etu/ctp-web/tomcat/webapps/docs] has finished in [51] ms
12-Dec-2025 16:54:35.522 INFO [main] org.apache.catalina.startup.HostConfig.deployDirectory Deploying web application directory [/home/infoetu/baptiste.lavogiez.etu/ctp-web/tomcat/webapps/manager]
12-Dec-2025 16:54:35.572 INFO [main] org.apache.jasper.servlet.TldScanner.scanJars At least one JAR was scanned for TLDs yet contained no TLDs. Enable debug logging for this logger for a complete list of JARs that were scanned but no TLDs were found in them. Skipping unneeded JARs during scanning can improve startup time and JSP compilation time.
12-Dec-2025 16:54:35.574 INFO [main] org.apache.catalina.startup.HostConfig.deployDirectory Deployment of web application directory [/home/infoetu/baptiste.lavogiez.etu/ctp-web/tomcat/webapps/manager] has finished in [52] ms
12-Dec-2025 16:54:35.574 INFO [main] org.apache.catalina.startup.HostConfig.deployDirectory Deploying web application directory [/home/infoetu/baptiste.lavogiez.etu/ctp-web/tomcat/webapps/host-manager]
12-Dec-2025 16:54:35.622 INFO [main] org.apache.jasper.servlet.TldScanner.scanJars At least one JAR was scanned for TLDs yet contained no TLDs. Enable debug logging for this logger for a complete list of JARs that were scanned but no TLDs were found in them. Skipping unneeded JARs during scanning can improve startup time and JSP compilation time.
12-Dec-2025 16:54:35.623 INFO [main] org.apache.catalina.startup.HostConfig.deployDirectory Deployment of web application directory [/home/infoetu/baptiste.lavogiez.etu/ctp-web/tomcat/webapps/host-manager] has finished in [49] ms
12-Dec-2025 16:54:35.624 INFO [main] org.apache.catalina.startup.HostConfig.deployDirectory Deploying web application directory [/home/infoetu/baptiste.lavogiez.etu/ctp-web/tomcat/webapps/vide]
12-Dec-2025 16:54:35.683 INFO [main] org.apache.jasper.servlet.TldScanner.scanJars At least one JAR was scanned for TLDs yet contained no TLDs. Enable debug logging for this logger for a complete list of JARs that were scanned but no TLDs were found in them. Skipping unneeded JARs during scanning can improve startup time and JSP compilation time.
12-Dec-2025 16:54:35.684 INFO [main] org.apache.catalina.startup.HostConfig.deployDirectory Deployment of web application directory [/home/infoetu/baptiste.lavogiez.etu/ctp-web/tomcat/webapps/vide] has finished in [60] ms
12-Dec-2025 16:54:35.684 INFO [main] org.apache.catalina.startup.HostConfig.deployDirectory Deploying web application directory [/home/infoetu/baptiste.lavogiez.etu/ctp-web/tomcat/webapps/examples]
12-Dec-2025 16:54:35.892 INFO [main] org.apache.jasper.servlet.TldScanner.scanJars At least one JAR was scanned for TLDs yet contained no TLDs. Enable debug logging for this logger for a complete list of JARs that were scanned but no TLDs were found in them. Skipping unneeded JARs during scanning can improve startup time and JSP compilation time.
12-Dec-2025 16:54:35.904 INFO [main] org.apache.catalina.startup.HostConfig.deployDirectory Deployment of web application directory [/home/infoetu/baptiste.lavogiez.etu/ctp-web/tomcat/webapps/examples] has finished in [220] ms
12-Dec-2025 16:54:35.904 INFO [main] org.apache.catalina.startup.HostConfig.deployDirectory Deploying web application directory [/home/infoetu/baptiste.lavogiez.etu/ctp-web/tomcat/webapps/ctp]
12-Dec-2025 16:54:35.974 INFO [main] org.apache.jasper.servlet.TldScanner.scanJars At least one JAR was scanned for TLDs yet contained no TLDs. Enable debug logging for this logger for a complete list of JARs that were scanned but no TLDs were found in them. Skipping unneeded JARs during scanning can improve startup time and JSP compilation time.
12-Dec-2025 16:54:35.976 INFO [main] org.apache.catalina.startup.HostConfig.deployDirectory Deployment of web application directory [/home/infoetu/baptiste.lavogiez.etu/ctp-web/tomcat/webapps/ctp] has finished in [72] ms
12-Dec-2025 16:54:35.978 INFO [main] org.apache.coyote.AbstractProtocol.start Starting ProtocolHandler ["http-nio-8080"]
12-Dec-2025 16:54:35.984 INFO [main] org.apache.catalina.startup.Catalina.start Server startup in [716] milliseconds
12-Dec-2025 16:55:26.012 INFO [Catalina-utility-2] org.apache.catalina.core.StandardContext.reload Reloading Context with name [/ctp] has started
12-Dec-2025 16:55:26.077 INFO [Catalina-utility-2] org.apache.jasper.servlet.TldScanner.scanJars At least one JAR was scanned for TLDs yet contained no TLDs. Enable debug logging for this logger for a complete list of JARs that were scanned but no TLDs were found in them. Skipping unneeded JARs during scanning can improve startup time and JSP compilation time.
12-Dec-2025 16:55:26.078 INFO [Catalina-utility-2] org.apache.catalina.core.StandardContext.reload Reloading Context with name [/ctp] is completed
12-Dec-2025 16:55:36.088 INFO [Catalina-utility-2] org.apache.catalina.core.StandardContext.reload Reloading Context with name [/ctp] has started
12-Dec-2025 16:55:36.185 INFO [Catalina-utility-2] org.apache.jasper.servlet.TldScanner.scanJars At least one JAR was scanned for TLDs yet contained no TLDs. Enable debug logging for this logger for a complete list of JARs that were scanned but no TLDs were found in them. Skipping unneeded JARs during scanning can improve startup time and JSP compilation time.
12-Dec-2025 16:55:36.186 INFO [Catalina-utility-2] org.apache.catalina.core.StandardContext.reload Reloading Context with name [/ctp] is completed
12-Dec-2025 16:55:46.195 INFO [Catalina-utility-2] org.apache.catalina.core.StandardContext.reload Reloading Context with name [/ctp] has started
12-Dec-2025 16:55:46.262 INFO [Catalina-utility-2] org.apache.jasper.servlet.TldScanner.scanJars At least one JAR was scanned for TLDs yet contained no TLDs. Enable debug logging for this logger for a complete list of JARs that were scanned but no TLDs were found in them. Skipping unneeded JARs during scanning can improve startup time and JSP compilation time.
12-Dec-2025 16:55:46.263 INFO [Catalina-utility-2] org.apache.catalina.core.StandardContext.reload Reloading Context with name [/ctp] is completed
12-Dec-2025 16:55:56.273 INFO [Catalina-utility-1] org.apache.catalina.core.StandardContext.reload Reloading Context with name [/ctp] has started
12-Dec-2025 16:55:56.337 INFO [Catalina-utility-1] org.apache.jasper.servlet.TldScanner.scanJars At least one JAR was scanned for TLDs yet contained no TLDs. Enable debug logging for this logger for a complete list of JARs that were scanned but no TLDs were found in them. Skipping unneeded JARs during scanning can improve startup time and JSP compilation time.
12-Dec-2025 16:55:56.337 INFO [Catalina-utility-1] org.apache.catalina.core.StandardContext.reload Reloading Context with name [/ctp] is completed
12-Dec-2025 16:56:06.342 INFO [Catalina-utility-1] org.apache.catalina.core.StandardContext.reload Reloading Context with name [/ctp] has started
12-Dec-2025 16:56:06.401 INFO [Catalina-utility-1] org.apache.jasper.servlet.TldScanner.scanJars At least one JAR was scanned for TLDs yet contained no TLDs. Enable debug logging for this logger for a complete list of JARs that were scanned but no TLDs were found in them. Skipping unneeded JARs during scanning can improve startup time and JSP compilation time.
12-Dec-2025 16:56:06.402 INFO [Catalina-utility-1] org.apache.catalina.core.StandardContext.reload Reloading Context with name [/ctp] is completed
12-Dec-2025 16:56:36.420 INFO [Catalina-utility-2] org.apache.catalina.core.StandardContext.reload Reloading Context with name [/ctp] has started
12-Dec-2025 16:56:36.503 INFO [Catalina-utility-2] org.apache.jasper.servlet.TldScanner.scanJars At least one JAR was scanned for TLDs yet contained no TLDs. Enable debug logging for this logger for a complete list of JARs that were scanned but no TLDs were found in them. Skipping unneeded JARs during scanning can improve startup time and JSP compilation time.
12-Dec-2025 16:56:36.504 INFO [Catalina-utility-2] org.apache.catalina.core.StandardContext.reload Reloading Context with name [/ctp] is completed
12-Dec-2025 16:58:06.569 INFO [Catalina-utility-1] org.apache.catalina.core.StandardContext.reload Reloading Context with name [/ctp] has started
12-Dec-2025 16:58:06.649 INFO [Catalina-utility-1] org.apache.jasper.servlet.TldScanner.scanJars At least one JAR was scanned for TLDs yet contained no TLDs. Enable debug logging for this logger for a complete list of JARs that were scanned but no TLDs were found in them. Skipping unneeded JARs during scanning can improve startup time and JSP compilation time.
12-Dec-2025 16:58:06.650 INFO [Catalina-utility-1] org.apache.catalina.core.StandardContext.reload Reloading Context with name [/ctp] is completed
12-Dec-2025 16:58:16.652 INFO [Catalina-utility-1] org.apache.catalina.core.StandardContext.reload Reloading Context with name [/ctp] has started
12-Dec-2025 16:58:16.714 INFO [Catalina-utility-1] org.apache.jasper.servlet.TldScanner.scanJars At least one JAR was scanned for TLDs yet contained no TLDs. Enable debug logging for this logger for a complete list of JARs that were scanned but no TLDs were found in them. Skipping unneeded JARs during scanning can improve startup time and JSP compilation time.
12-Dec-2025 16:58:16.715 INFO [Catalina-utility-1] org.apache.catalina.core.StandardContext.reload Reloading Context with name [/ctp] is completed
12-Dec-2025 16:58:26.721 INFO [Catalina-utility-2] org.apache.catalina.core.StandardContext.reload Reloading Context with name [/ctp] has started
12-Dec-2025 16:58:26.795 INFO [Catalina-utility-2] org.apache.jasper.servlet.TldScanner.scanJars At least one JAR was scanned for TLDs yet contained no TLDs. Enable debug logging for this logger for a complete list of JARs that were scanned but no TLDs were found in them. Skipping unneeded JARs during scanning can improve startup time and JSP compilation time.
12-Dec-2025 16:58:26.796 INFO [Catalina-utility-2] org.apache.catalina.core.StandardContext.reload Reloading Context with name [/ctp] is completed
12-Dec-2025 16:58:36.806 INFO [Catalina-utility-1] org.apache.catalina.core.StandardContext.reload Reloading Context with name [/ctp] has started
12-Dec-2025 16:58:36.880 INFO [Catalina-utility-1] org.apache.jasper.servlet.TldScanner.scanJars At least one JAR was scanned for TLDs yet contained no TLDs. Enable debug logging for this logger for a complete list of JARs that were scanned but no TLDs were found in them. Skipping unneeded JARs during scanning can improve startup time and JSP compilation time.
12-Dec-2025 16:58:36.880 INFO [Catalina-utility-1] org.apache.catalina.core.StandardContext.reload Reloading Context with name [/ctp] is completed
12-Dec-2025 16:58:46.887 INFO [Catalina-utility-1] org.apache.catalina.core.StandardContext.reload Reloading Context with name [/ctp] has started
12-Dec-2025 16:58:46.949 INFO [Catalina-utility-1] org.apache.jasper.servlet.TldScanner.scanJars At least one JAR was scanned for TLDs yet contained no TLDs. Enable debug logging for this logger for a complete list of JARs that were scanned but no TLDs were found in them. Skipping unneeded JARs during scanning can improve startup time and JSP compilation time.
12-Dec-2025 16:58:46.950 INFO [Catalina-utility-1] org.apache.catalina.core.StandardContext.reload Reloading Context with name [/ctp] is completed
12-Dec-2025 16:58:56.958 INFO [Catalina-utility-1] org.apache.catalina.core.StandardContext.reload Reloading Context with name [/ctp] has started
12-Dec-2025 16:58:57.022 INFO [Catalina-utility-1] org.apache.jasper.servlet.TldScanner.scanJars At least one JAR was scanned for TLDs yet contained no TLDs. Enable debug logging for this logger for a complete list of JARs that were scanned but no TLDs were found in them. Skipping unneeded JARs during scanning can improve startup time and JSP compilation time.
12-Dec-2025 16:58:57.023 INFO [Catalina-utility-1] org.apache.catalina.core.StandardContext.reload Reloading Context with name [/ctp] is completed
12-Dec-2025 16:59:07.026 INFO [Catalina-utility-1] org.apache.catalina.core.StandardContext.reload Reloading Context with name [/ctp] has started
12-Dec-2025 16:59:07.108 INFO [Catalina-utility-1] org.apache.jasper.servlet.TldScanner.scanJars At least one JAR was scanned for TLDs yet contained no TLDs. Enable debug logging for this logger for a complete list of JARs that were scanned but no TLDs were found in them. Skipping unneeded JARs during scanning can improve startup time and JSP compilation time.
12-Dec-2025 16:59:07.108 INFO [Catalina-utility-1] org.apache.catalina.core.StandardContext.reload Reloading Context with name [/ctp] is completed
12-Dec-2025 16:59:17.112 INFO [Catalina-utility-1] org.apache.catalina.core.StandardContext.reload Reloading Context with name [/ctp] has started
12-Dec-2025 16:59:17.177 INFO [Catalina-utility-1] org.apache.jasper.servlet.TldScanner.scanJars At least one JAR was scanned for TLDs yet contained no TLDs. Enable debug logging for this logger for a complete list of JARs that were scanned but no TLDs were found in them. Skipping unneeded JARs during scanning can improve startup time and JSP compilation time.
12-Dec-2025 16:59:17.177 INFO [Catalina-utility-1] org.apache.catalina.core.StandardContext.reload Reloading Context with name [/ctp] is completed
12-Dec-2025 16:59:27.182 INFO [Catalina-utility-2] org.apache.catalina.core.StandardContext.reload Reloading Context with name [/ctp] has started
12-Dec-2025 16:59:27.242 INFO [Catalina-utility-2] org.apache.jasper.servlet.TldScanner.scanJars At least one JAR was scanned for TLDs yet contained no TLDs. Enable debug logging for this logger for a complete list of JARs that were scanned but no TLDs were found in them. Skipping unneeded JARs during scanning can improve startup time and JSP compilation time.
12-Dec-2025 16:59:27.242 INFO [Catalina-utility-2] org.apache.catalina.core.StandardContext.reload Reloading Context with name [/ctp] is completed
12-Dec-2025 16:59:37.251 INFO [Catalina-utility-2] org.apache.catalina.core.StandardContext.reload Reloading Context with name [/ctp] has started
12-Dec-2025 16:59:37.318 INFO [Catalina-utility-2] org.apache.jasper.servlet.TldScanner.scanJars At least one JAR was scanned for TLDs yet contained no TLDs. Enable debug logging for this logger for a complete list of JARs that were scanned but no TLDs were found in them. Skipping unneeded JARs during scanning can improve startup time and JSP compilation time.
12-Dec-2025 16:59:37.319 INFO [Catalina-utility-2] org.apache.catalina.core.StandardContext.reload Reloading Context with name [/ctp] is completed
12-Dec-2025 16:59:47.325 INFO [Catalina-utility-1] org.apache.catalina.core.StandardContext.reload Reloading Context with name [/ctp] has started
12-Dec-2025 16:59:47.404 INFO [Catalina-utility-1] org.apache.jasper.servlet.TldScanner.scanJars At least one JAR was scanned for TLDs yet contained no TLDs. Enable debug logging for this logger for a complete list of JARs that were scanned but no TLDs were found in them. Skipping unneeded JARs during scanning can improve startup time and JSP compilation time.
12-Dec-2025 16:59:47.405 INFO [Catalina-utility-1] org.apache.catalina.core.StandardContext.reload Reloading Context with name [/ctp] is completed
12-Dec-2025 16:59:56.009 INFO [Thread-1] org.apache.coyote.AbstractProtocol.pause Pausing ProtocolHandler ["http-nio-8080"]
12-Dec-2025 16:59:56.011 INFO [Thread-1] org.apache.catalina.core.StandardService.stopInternal Stopping service [Catalina]
12-Dec-2025 16:59:56.031 INFO [Thread-1] org.apache.coyote.AbstractProtocol.stop Stopping ProtocolHandler ["http-nio-8080"]
12-Dec-2025 16:59:56.044 INFO [Thread-1] org.apache.coyote.AbstractProtocol.destroy Destroying ProtocolHandler ["http-nio-8080"]
12-Dec-2025 16:59:56.897 INFO [main] org.apache.catalina.startup.VersionLoggerListener.log Server version name:   Apache Tomcat/11.0.13
12-Dec-2025 16:59:56.899 INFO [main] org.apache.catalina.startup.VersionLoggerListener.log Server built:          Oct 10 2025 13:57:31 UTC
12-Dec-2025 16:59:56.899 INFO [main] org.apache.catalina.startup.VersionLoggerListener.log Server version number: 11.0.13.0
12-Dec-2025 16:59:56.899 INFO [main] org.apache.catalina.startup.VersionLoggerListener.log OS Name:               Linux
12-Dec-2025 16:59:56.899 INFO [main] org.apache.catalina.startup.VersionLoggerListener.log OS Version:            6.1.0-40-amd64
12-Dec-2025 16:59:56.899 INFO [main] org.apache.catalina.startup.VersionLoggerListener.log Architecture:          amd64
12-Dec-2025 16:59:56.899 INFO [main] org.apache.catalina.startup.VersionLoggerListener.log Java Home:             /usr/lib/jvm/java-17-openjdk-amd64
12-Dec-2025 16:59:56.899 INFO [main] org.apache.catalina.startup.VersionLoggerListener.log JVM Version:           17.0.17+10-Debian-1deb12u1
12-Dec-2025 16:59:56.899 INFO [main] org.apache.catalina.startup.VersionLoggerListener.log JVM Vendor:            Debian
12-Dec-2025 16:59:56.899 INFO [main] org.apache.catalina.startup.VersionLoggerListener.log CATALINA_BASE:         /home/infoetu/baptiste.lavogiez.etu/ctp-web/tomcat
12-Dec-2025 16:59:56.899 INFO [main] org.apache.catalina.startup.VersionLoggerListener.log CATALINA_HOME:         /home/infoetu/baptiste.lavogiez.etu/ctp-web/tomcat
12-Dec-2025 16:59:56.903 INFO [main] org.apache.catalina.startup.VersionLoggerListener.log Command line argument: -Djava.util.logging.config.file=/home/infoetu/baptiste.lavogiez.etu/ctp-web/tomcat/conf/logging.properties
12-Dec-2025 16:59:56.903 INFO [main] org.apache.catalina.startup.VersionLoggerListener.log Command line argument: -Djava.util.logging.manager=org.apache.juli.ClassLoaderLogManager
12-Dec-2025 16:59:56.903 INFO [main] org.apache.catalina.startup.VersionLoggerListener.log Command line argument: -Djdk.tls.ephemeralDHKeySize=2048
12-Dec-2025 16:59:56.903 INFO [main] org.apache.catalina.startup.VersionLoggerListener.log Command line argument: -Dorg.apache.catalina.security.SecurityListener.UMASK=0027
12-Dec-2025 16:59:56.904 INFO [main] org.apache.catalina.startup.VersionLoggerListener.log Command line argument: --add-opens=java.base/java.lang=ALL-UNNAMED
12-Dec-2025 16:59:56.904 INFO [main] org.apache.catalina.startup.VersionLoggerListener.log Command line argument: --add-opens=java.base/java.lang.reflect=ALL-UNNAMED
12-Dec-2025 16:59:56.904 INFO [main] org.apache.catalina.startup.VersionLoggerListener.log Command line argument: --add-opens=java.base/java.io=ALL-UNNAMED
12-Dec-2025 16:59:56.904 INFO [main] org.apache.catalina.startup.VersionLoggerListener.log Command line argument: --add-opens=java.base/java.util=ALL-UNNAMED
12-Dec-2025 16:59:56.904 INFO [main] org.apache.catalina.startup.VersionLoggerListener.log Command line argument: --add-opens=java.base/java.util.concurrent=ALL-UNNAMED
12-Dec-2025 16:59:56.904 INFO [main] org.apache.catalina.startup.VersionLoggerListener.log Command line argument: --add-opens=java.rmi/sun.rmi.transport=ALL-UNNAMED
12-Dec-2025 16:59:56.904 INFO [main] org.apache.catalina.startup.VersionLoggerListener.log Command line argument: --enable-native-access=ALL-UNNAMED
12-Dec-2025 16:59:56.904 INFO [main] org.apache.catalina.startup.VersionLoggerListener.log Command line argument: -Dcatalina.base=/home/infoetu/baptiste.lavogiez.etu/ctp-web/tomcat
12-Dec-2025 16:59:56.904 INFO [main] org.apache.catalina.startup.VersionLoggerListener.log Command line argument: -Dcatalina.home=/home/infoetu/baptiste.lavogiez.etu/ctp-web/tomcat
12-Dec-2025 16:59:56.904 INFO [main] org.apache.catalina.startup.VersionLoggerListener.log Command line argument: -Djava.io.tmpdir=/home/infoetu/baptiste.lavogiez.etu/ctp-web/tomcat/temp
12-Dec-2025 16:59:56.904 INFO [main] org.apache.catalina.core.AprLifecycleListener.lifecycleEvent The Apache Tomcat Native library which allows using OpenSSL was not found on the java.library.path: [/usr/java/packages/lib:/usr/lib/x86_64-linux-gnu/jni:/lib/x86_64-linux-gnu:/usr/lib/x86_64-linux-gnu:/usr/lib/jni:/lib:/usr/lib]
12-Dec-2025 16:59:56.997 INFO [main] org.apache.coyote.AbstractProtocol.init Initializing ProtocolHandler ["http-nio-8080"]
12-Dec-2025 16:59:57.010 INFO [main] org.apache.catalina.startup.Catalina.load Server initialization in [181] milliseconds
12-Dec-2025 16:59:57.028 INFO [main] org.apache.catalina.core.StandardService.startInternal Starting service [Catalina]
12-Dec-2025 16:59:57.028 INFO [main] org.apache.catalina.core.StandardEngine.startInternal Starting Servlet engine: [Apache Tomcat/11.0.13]
12-Dec-2025 16:59:57.034 INFO [main] org.apache.catalina.startup.HostConfig.deployDirectory Deploying web application directory [/home/infoetu/baptiste.lavogiez.etu/ctp-web/tomcat/webapps/ROOT]
12-Dec-2025 16:59:57.198 INFO [main] org.apache.jasper.servlet.TldScanner.scanJars At least one JAR was scanned for TLDs yet contained no TLDs. Enable debug logging for this logger for a complete list of JARs that were scanned but no TLDs were found in them. Skipping unneeded JARs during scanning can improve startup time and JSP compilation time.
12-Dec-2025 16:59:57.214 INFO [main] org.apache.catalina.startup.HostConfig.deployDirectory Deployment of web application directory [/home/infoetu/baptiste.lavogiez.etu/ctp-web/tomcat/webapps/ROOT] has finished in [180] ms
12-Dec-2025 16:59:57.214 INFO [main] org.apache.catalina.startup.HostConfig.deployDirectory Deploying web application directory [/home/infoetu/baptiste.lavogiez.etu/ctp-web/tomcat/webapps/docs]
12-Dec-2025 16:59:57.268 INFO [main] org.apache.jasper.servlet.TldScanner.scanJars At least one JAR was scanned for TLDs yet contained no TLDs. Enable debug logging for this logger for a complete list of JARs that were scanned but no TLDs were found in them. Skipping unneeded JARs during scanning can improve startup time and JSP compilation time.
12-Dec-2025 16:59:57.269 INFO [main] org.apache.catalina.startup.HostConfig.deployDirectory Deployment of web application directory [/home/infoetu/baptiste.lavogiez.etu/ctp-web/tomcat/webapps/docs] has finished in [55] ms
12-Dec-2025 16:59:57.270 INFO [main] org.apache.catalina.startup.HostConfig.deployDirectory Deploying web application directory [/home/infoetu/baptiste.lavogiez.etu/ctp-web/tomcat/webapps/manager]
12-Dec-2025 16:59:57.321 INFO [main] org.apache.jasper.servlet.TldScanner.scanJars At least one JAR was scanned for TLDs yet contained no TLDs. Enable debug logging for this logger for a complete list of JARs that were scanned but no TLDs were found in them. Skipping unneeded JARs during scanning can improve startup time and JSP compilation time.
12-Dec-2025 16:59:57.323 INFO [main] org.apache.catalina.startup.HostConfig.deployDirectory Deployment of web application directory [/home/infoetu/baptiste.lavogiez.etu/ctp-web/tomcat/webapps/manager] has finished in [53] ms
12-Dec-2025 16:59:57.324 INFO [main] org.apache.catalina.startup.HostConfig.deployDirectory Deploying web application directory [/home/infoetu/baptiste.lavogiez.etu/ctp-web/tomcat/webapps/host-manager]
12-Dec-2025 16:59:57.371 INFO [main] org.apache.jasper.servlet.TldScanner.scanJars At least one JAR was scanned for TLDs yet contained no TLDs. Enable debug logging for this logger for a complete list of JARs that were scanned but no TLDs were found in them. Skipping unneeded JARs during scanning can improve startup time and JSP compilation time.
12-Dec-2025 16:59:57.372 INFO [main] org.apache.catalina.startup.HostConfig.deployDirectory Deployment of web application directory [/home/infoetu/baptiste.lavogiez.etu/ctp-web/tomcat/webapps/host-manager] has finished in [48] ms
12-Dec-2025 16:59:57.373 INFO [main] org.apache.catalina.startup.HostConfig.deployDirectory Deploying web application directory [/home/infoetu/baptiste.lavogiez.etu/ctp-web/tomcat/webapps/vide]
12-Dec-2025 16:59:57.430 INFO [main] org.apache.jasper.servlet.TldScanner.scanJars At least one JAR was scanned for TLDs yet contained no TLDs. Enable debug logging for this logger for a complete list of JARs that were scanned but no TLDs were found in them. Skipping unneeded JARs during scanning can improve startup time and JSP compilation time.
12-Dec-2025 16:59:57.432 INFO [main] org.apache.catalina.startup.HostConfig.deployDirectory Deployment of web application directory [/home/infoetu/baptiste.lavogiez.etu/ctp-web/tomcat/webapps/vide] has finished in [59] ms
12-Dec-2025 16:59:57.432 INFO [main] org.apache.catalina.startup.HostConfig.deployDirectory Deploying web application directory [/home/infoetu/baptiste.lavogiez.etu/ctp-web/tomcat/webapps/examples]
12-Dec-2025 16:59:57.632 INFO [main] org.apache.jasper.servlet.TldScanner.scanJars At least one JAR was scanned for TLDs yet contained no TLDs. Enable debug logging for this logger for a complete list of JARs that were scanned but no TLDs were found in them. Skipping unneeded JARs during scanning can improve startup time and JSP compilation time.
12-Dec-2025 16:59:57.645 INFO [main] org.apache.catalina.startup.HostConfig.deployDirectory Deployment of web application directory [/home/infoetu/baptiste.lavogiez.etu/ctp-web/tomcat/webapps/examples] has finished in [213] ms
12-Dec-2025 16:59:57.646 INFO [main] org.apache.catalina.startup.HostConfig.deployDirectory Deploying web application directory [/home/infoetu/baptiste.lavogiez.etu/ctp-web/tomcat/webapps/ctp]
12-Dec-2025 16:59:57.711 INFO [main] org.apache.jasper.servlet.TldScanner.scanJars At least one JAR was scanned for TLDs yet contained no TLDs. Enable debug logging for this logger for a complete list of JARs that were scanned but no TLDs were found in them. Skipping unneeded JARs during scanning can improve startup time and JSP compilation time.
12-Dec-2025 16:59:57.712 INFO [main] org.apache.catalina.startup.HostConfig.deployDirectory Deployment of web application directory [/home/infoetu/baptiste.lavogiez.etu/ctp-web/tomcat/webapps/ctp] has finished in [66] ms
12-Dec-2025 16:59:57.714 INFO [main] org.apache.coyote.AbstractProtocol.start Starting ProtocolHandler ["http-nio-8080"]
12-Dec-2025 16:59:57.719 INFO [main] org.apache.catalina.startup.Catalina.start Server startup in [709] milliseconds
12-Dec-2025 17:01:17.769 INFO [Catalina-utility-2] org.apache.catalina.core.StandardContext.reload Reloading Context with name [/ctp] has started
12-Dec-2025 17:01:17.852 INFO [Catalina-utility-2] org.apache.jasper.servlet.TldScanner.scanJars At least one JAR was scanned for TLDs yet contained no TLDs. Enable debug logging for this logger for a complete list of JARs that were scanned but no TLDs were found in them. Skipping unneeded JARs during scanning can improve startup time and JSP compilation time.
12-Dec-2025 17:01:17.852 INFO [Catalina-utility-2] org.apache.catalina.core.StandardContext.reload Reloading Context with name [/ctp] is completed
12-Dec-2025 17:01:27.856 INFO [Catalina-utility-1] org.apache.catalina.core.StandardContext.reload Reloading Context with name [/ctp] has started
12-Dec-2025 17:01:27.924 INFO [Catalina-utility-1] org.apache.jasper.servlet.TldScanner.scanJars At least one JAR was scanned for TLDs yet contained no TLDs. Enable debug logging for this logger for a complete list of JARs that were scanned but no TLDs were found in them. Skipping unneeded JARs during scanning can improve startup time and JSP compilation time.
12-Dec-2025 17:01:27.924 INFO [Catalina-utility-1] org.apache.catalina.core.StandardContext.reload Reloading Context with name [/ctp] is completed
12-Dec-2025 17:01:37.930 INFO [Catalina-utility-2] org.apache.catalina.core.StandardContext.reload Reloading Context with name [/ctp] has started
12-Dec-2025 17:01:38.010 INFO [Catalina-utility-2] org.apache.jasper.servlet.TldScanner.scanJars At least one JAR was scanned for TLDs yet contained no TLDs. Enable debug logging for this logger for a complete list of JARs that were scanned but no TLDs were found in them. Skipping unneeded JARs during scanning can improve startup time and JSP compilation time.
12-Dec-2025 17:01:38.011 INFO [Catalina-utility-2] org.apache.catalina.core.StandardContext.reload Reloading Context with name [/ctp] is completed
12-Dec-2025 17:04:08.140 INFO [Catalina-utility-1] org.apache.catalina.core.StandardContext.reload Reloading Context with name [/ctp] has started
12-Dec-2025 17:04:08.249 INFO [Catalina-utility-1] org.apache.jasper.servlet.TldScanner.scanJars At least one JAR was scanned for TLDs yet contained no TLDs. Enable debug logging for this logger for a complete list of JARs that were scanned but no TLDs were found in them. Skipping unneeded JARs during scanning can improve startup time and JSP compilation time.
12-Dec-2025 17:04:08.250 INFO [Catalina-utility-1] org.apache.catalina.core.StandardContext.reload Reloading Context with name [/ctp] is completed
12-Dec-2025 17:04:18.254 INFO [Catalina-utility-1] org.apache.catalina.core.StandardContext.reload Reloading Context with name [/ctp] has started
12-Dec-2025 17:04:18.320 INFO [Catalina-utility-1] org.apache.jasper.servlet.TldScanner.scanJars At least one JAR was scanned for TLDs yet contained no TLDs. Enable debug logging for this logger for a complete list of JARs that were scanned but no TLDs were found in them. Skipping unneeded JARs during scanning can improve startup time and JSP compilation time.
12-Dec-2025 17:04:18.321 INFO [Catalina-utility-1] org.apache.catalina.core.StandardContext.reload Reloading Context with name [/ctp] is completed
12-Dec-2025 17:04:28.325 INFO [Catalina-utility-2] org.apache.catalina.core.StandardContext.reload Reloading Context with name [/ctp] has started
12-Dec-2025 17:04:28.398 INFO [Catalina-utility-2] org.apache.jasper.servlet.TldScanner.scanJars At least one JAR was scanned for TLDs yet contained no TLDs. Enable debug logging for this logger for a complete list of JARs that were scanned but no TLDs were found in them. Skipping unneeded JARs during scanning can improve startup time and JSP compilation time.
12-Dec-2025 17:04:28.398 INFO [Catalina-utility-2] org.apache.catalina.core.StandardContext.reload Reloading Context with name [/ctp] is completed
12-Dec-2025 17:05:08.429 INFO [Catalina-utility-2] org.apache.catalina.core.StandardContext.reload Reloading Context with name [/ctp] has started
12-Dec-2025 17:05:08.506 INFO [Catalina-utility-2] org.apache.jasper.servlet.TldScanner.scanJars At least one JAR was scanned for TLDs yet contained no TLDs. Enable debug logging for this logger for a complete list of JARs that were scanned but no TLDs were found in them. Skipping unneeded JARs during scanning can improve startup time and JSP compilation time.
12-Dec-2025 17:05:08.506 INFO [Catalina-utility-2] org.apache.catalina.core.StandardContext.reload Reloading Context with name [/ctp] is completed
12-Dec-2025 17:05:18.511 INFO [Catalina-utility-1] org.apache.catalina.core.StandardContext.reload Reloading Context with name [/ctp] has started
12-Dec-2025 17:05:18.577 INFO [Catalina-utility-1] org.apache.jasper.servlet.TldScanner.scanJars At least one JAR was scanned for TLDs yet contained no TLDs. Enable debug logging for this logger for a complete list of JARs that were scanned but no TLDs were found in them. Skipping unneeded JARs during scanning can improve startup time and JSP compilation time.
12-Dec-2025 17:05:18.578 INFO [Catalina-utility-1] org.apache.catalina.core.StandardContext.reload Reloading Context with name [/ctp] is completed
12-Dec-2025 17:05:28.581 INFO [Catalina-utility-1] org.apache.catalina.core.StandardContext.reload Reloading Context with name [/ctp] has started
12-Dec-2025 17:05:28.643 INFO [Catalina-utility-1] org.apache.jasper.servlet.TldScanner.scanJars At least one JAR was scanned for TLDs yet contained no TLDs. Enable debug logging for this logger for a complete list of JARs that were scanned but no TLDs were found in them. Skipping unneeded JARs during scanning can improve startup time and JSP compilation time.
12-Dec-2025 17:05:28.644 INFO [Catalina-utility-1] org.apache.catalina.core.StandardContext.reload Reloading Context with name [/ctp] is completed
12-Dec-2025 17:05:48.654 INFO [Catalina-utility-2] org.apache.catalina.core.StandardContext.reload Reloading Context with name [/ctp] has started
12-Dec-2025 17:05:48.722 INFO [Catalina-utility-2] org.apache.jasper.servlet.TldScanner.scanJars At least one JAR was scanned for TLDs yet contained no TLDs. Enable debug logging for this logger for a complete list of JARs that were scanned but no TLDs were found in them. Skipping unneeded JARs during scanning can improve startup time and JSP compilation time.
12-Dec-2025 17:05:48.723 INFO [Catalina-utility-2] org.apache.catalina.core.StandardContext.reload Reloading Context with name [/ctp] is completed
12-Dec-2025 17:05:58.735 INFO [Catalina-utility-2] org.apache.catalina.core.StandardContext.reload Reloading Context with name [/ctp] has started
12-Dec-2025 17:05:58.796 INFO [Catalina-utility-2] org.apache.jasper.servlet.TldScanner.scanJars At least one JAR was scanned for TLDs yet contained no TLDs. Enable debug logging for this logger for a complete list of JARs that were scanned but no TLDs were found in them. Skipping unneeded JARs during scanning can improve startup time and JSP compilation time.
12-Dec-2025 17:05:58.797 INFO [Catalina-utility-2] org.apache.catalina.core.StandardContext.reload Reloading Context with name [/ctp] is completed
12-Dec-2025 17:06:08.804 INFO [Catalina-utility-2] org.apache.catalina.core.StandardContext.reload Reloading Context with name [/ctp] has started
12-Dec-2025 17:06:08.888 INFO [Catalina-utility-2] org.apache.jasper.servlet.TldScanner.scanJars At least one JAR was scanned for TLDs yet contained no TLDs. Enable debug logging for this logger for a complete list of JARs that were scanned but no TLDs were found in them. Skipping unneeded JARs during scanning can improve startup time and JSP compilation time.
12-Dec-2025 17:06:08.889 INFO [Catalina-utility-2] org.apache.catalina.core.StandardContext.reload Reloading Context with name [/ctp] is completed
12-Dec-2025 17:06:18.892 INFO [Catalina-utility-2] org.apache.catalina.core.StandardContext.reload Reloading Context with name [/ctp] has started
12-Dec-2025 17:06:18.967 INFO [Catalina-utility-2] org.apache.jasper.servlet.TldScanner.scanJars At least one JAR was scanned for TLDs yet contained no TLDs. Enable debug logging for this logger for a complete list of JARs that were scanned but no TLDs were found in them. Skipping unneeded JARs during scanning can improve startup time and JSP compilation time.
12-Dec-2025 17:06:18.967 INFO [Catalina-utility-2] org.apache.catalina.core.StandardContext.reload Reloading Context with name [/ctp] is completed
12-Dec-2025 17:06:28.971 INFO [Catalina-utility-2] org.apache.catalina.core.StandardContext.reload Reloading Context with name [/ctp] has started
12-Dec-2025 17:06:29.041 INFO [Catalina-utility-2] org.apache.jasper.servlet.TldScanner.scanJars At least one JAR was scanned for TLDs yet contained no TLDs. Enable debug logging for this logger for a complete list of JARs that were scanned but no TLDs were found in them. Skipping unneeded JARs during scanning can improve startup time and JSP compilation time.
12-Dec-2025 17:06:29.042 INFO [Catalina-utility-2] org.apache.catalina.core.StandardContext.reload Reloading Context with name [/ctp] is completed
12-Dec-2025 17:06:39.046 INFO [Catalina-utility-2] org.apache.catalina.core.StandardContext.reload Reloading Context with name [/ctp] has started
12-Dec-2025 17:06:39.116 INFO [Catalina-utility-2] org.apache.jasper.servlet.TldScanner.scanJars At least one JAR was scanned for TLDs yet contained no TLDs. Enable debug logging for this logger for a complete list of JARs that were scanned but no TLDs were found in them. Skipping unneeded JARs during scanning can improve startup time and JSP compilation time.
12-Dec-2025 17:06:39.117 INFO [Catalina-utility-2] org.apache.catalina.core.StandardContext.reload Reloading Context with name [/ctp] is completed
12-Dec-2025 17:06:47.115 INFO [Thread-1] org.apache.coyote.AbstractProtocol.pause Pausing ProtocolHandler ["http-nio-8080"]
12-Dec-2025 17:06:47.116 INFO [Thread-1] org.apache.catalina.core.StandardService.stopInternal Stopping service [Catalina]
12-Dec-2025 17:06:47.135 INFO [Thread-1] org.apache.coyote.AbstractProtocol.stop Stopping ProtocolHandler ["http-nio-8080"]
12-Dec-2025 17:06:47.139 INFO [Thread-1] org.apache.coyote.AbstractProtocol.destroy Destroying ProtocolHandler ["http-nio-8080"]
12-Dec-2025 17:06:47.968 INFO [main] org.apache.catalina.startup.VersionLoggerListener.log Server version name:   Apache Tomcat/11.0.13
12-Dec-2025 17:06:47.970 INFO [main] org.apache.catalina.startup.VersionLoggerListener.log Server built:          Oct 10 2025 13:57:31 UTC
12-Dec-2025 17:06:47.970 INFO [main] org.apache.catalina.startup.VersionLoggerListener.log Server version number: 11.0.13.0
12-Dec-2025 17:06:47.970 INFO [main] org.apache.catalina.startup.VersionLoggerListener.log OS Name:               Linux
12-Dec-2025 17:06:47.971 INFO [main] org.apache.catalina.startup.VersionLoggerListener.log OS Version:            6.1.0-40-amd64
12-Dec-2025 17:06:47.971 INFO [main] org.apache.catalina.startup.VersionLoggerListener.log Architecture:          amd64
12-Dec-2025 17:06:47.971 INFO [main] org.apache.catalina.startup.VersionLoggerListener.log Java Home:             /usr/lib/jvm/java-17-openjdk-amd64
12-Dec-2025 17:06:47.971 INFO [main] org.apache.catalina.startup.VersionLoggerListener.log JVM Version:           17.0.17+10-Debian-1deb12u1
12-Dec-2025 17:06:47.971 INFO [main] org.apache.catalina.startup.VersionLoggerListener.log JVM Vendor:            Debian
12-Dec-2025 17:06:47.971 INFO [main] org.apache.catalina.startup.VersionLoggerListener.log CATALINA_BASE:         /home/infoetu/baptiste.lavogiez.etu/ctp-web/tomcat
12-Dec-2025 17:06:47.971 INFO [main] org.apache.catalina.startup.VersionLoggerListener.log CATALINA_HOME:         /home/infoetu/baptiste.lavogiez.etu/ctp-web/tomcat
12-Dec-2025 17:06:47.974 INFO [main] org.apache.catalina.startup.VersionLoggerListener.log Command line argument: -Djava.util.logging.config.file=/home/infoetu/baptiste.lavogiez.etu/ctp-web/tomcat/conf/logging.properties
12-Dec-2025 17:06:47.974 INFO [main] org.apache.catalina.startup.VersionLoggerListener.log Command line argument: -Djava.util.logging.manager=org.apache.juli.ClassLoaderLogManager
12-Dec-2025 17:06:47.975 INFO [main] org.apache.catalina.startup.VersionLoggerListener.log Command line argument: -Djdk.tls.ephemeralDHKeySize=2048
12-Dec-2025 17:06:47.975 INFO [main] org.apache.catalina.startup.VersionLoggerListener.log Command line argument: -Dorg.apache.catalina.security.SecurityListener.UMASK=0027
12-Dec-2025 17:06:47.975 INFO [main] org.apache.catalina.startup.VersionLoggerListener.log Command line argument: --add-opens=java.base/java.lang=ALL-UNNAMED
12-Dec-2025 17:06:47.975 INFO [main] org.apache.catalina.startup.VersionLoggerListener.log Command line argument: --add-opens=java.base/java.lang.reflect=ALL-UNNAMED
12-Dec-2025 17:06:47.975 INFO [main] org.apache.catalina.startup.VersionLoggerListener.log Command line argument: --add-opens=java.base/java.io=ALL-UNNAMED
12-Dec-2025 17:06:47.975 INFO [main] org.apache.catalina.startup.VersionLoggerListener.log Command line argument: --add-opens=java.base/java.util=ALL-UNNAMED
12-Dec-2025 17:06:47.975 INFO [main] org.apache.catalina.startup.VersionLoggerListener.log Command line argument: --add-opens=java.base/java.util.concurrent=ALL-UNNAMED
12-Dec-2025 17:06:47.975 INFO [main] org.apache.catalina.startup.VersionLoggerListener.log Command line argument: --add-opens=java.rmi/sun.rmi.transport=ALL-UNNAMED
12-Dec-2025 17:06:47.975 INFO [main] org.apache.catalina.startup.VersionLoggerListener.log Command line argument: --enable-native-access=ALL-UNNAMED
12-Dec-2025 17:06:47.975 INFO [main] org.apache.catalina.startup.VersionLoggerListener.log Command line argument: -Dcatalina.base=/home/infoetu/baptiste.lavogiez.etu/ctp-web/tomcat
12-Dec-2025 17:06:47.975 INFO [main] org.apache.catalina.startup.VersionLoggerListener.log Command line argument: -Dcatalina.home=/home/infoetu/baptiste.lavogiez.etu/ctp-web/tomcat
12-Dec-2025 17:06:47.975 INFO [main] org.apache.catalina.startup.VersionLoggerListener.log Command line argument: -Djava.io.tmpdir=/home/infoetu/baptiste.lavogiez.etu/ctp-web/tomcat/temp
12-Dec-2025 17:06:47.976 INFO [main] org.apache.catalina.core.AprLifecycleListener.lifecycleEvent The Apache Tomcat Native library which allows using OpenSSL was not found on the java.library.path: [/usr/java/packages/lib:/usr/lib/x86_64-linux-gnu/jni:/lib/x86_64-linux-gnu:/usr/lib/x86_64-linux-gnu:/usr/lib/jni:/lib:/usr/lib]
12-Dec-2025 17:06:48.073 INFO [main] org.apache.coyote.AbstractProtocol.init Initializing ProtocolHandler ["http-nio-8080"]
12-Dec-2025 17:06:48.087 INFO [main] org.apache.catalina.startup.Catalina.load Server initialization in [189] milliseconds
12-Dec-2025 17:06:48.104 INFO [main] org.apache.catalina.core.StandardService.startInternal Starting service [Catalina]
12-Dec-2025 17:06:48.104 INFO [main] org.apache.catalina.core.StandardEngine.startInternal Starting Servlet engine: [Apache Tomcat/11.0.13]
12-Dec-2025 17:06:48.110 INFO [main] org.apache.catalina.startup.HostConfig.deployDirectory Deploying web application directory [/home/infoetu/baptiste.lavogiez.etu/ctp-web/tomcat/webapps/ROOT]
12-Dec-2025 17:06:48.265 INFO [main] org.apache.jasper.servlet.TldScanner.scanJars At least one JAR was scanned for TLDs yet contained no TLDs. Enable debug logging for this logger for a complete list of JARs that were scanned but no TLDs were found in them. Skipping unneeded JARs during scanning can improve startup time and JSP compilation time.
12-Dec-2025 17:06:48.281 INFO [main] org.apache.catalina.startup.HostConfig.deployDirectory Deployment of web application directory [/home/infoetu/baptiste.lavogiez.etu/ctp-web/tomcat/webapps/ROOT] has finished in [170] ms
12-Dec-2025 17:06:48.281 INFO [main] org.apache.catalina.startup.HostConfig.deployDirectory Deploying web application directory [/home/infoetu/baptiste.lavogiez.etu/ctp-web/tomcat/webapps/docs]
12-Dec-2025 17:06:48.329 INFO [main] org.apache.jasper.servlet.TldScanner.scanJars At least one JAR was scanned for TLDs yet contained no TLDs. Enable debug logging for this logger for a complete list of JARs that were scanned but no TLDs were found in them. Skipping unneeded JARs during scanning can improve startup time and JSP compilation time.
12-Dec-2025 17:06:48.330 INFO [main] org.apache.catalina.startup.HostConfig.deployDirectory Deployment of web application directory [/home/infoetu/baptiste.lavogiez.etu/ctp-web/tomcat/webapps/docs] has finished in [49] ms
12-Dec-2025 17:06:48.330 INFO [main] org.apache.catalina.startup.HostConfig.deployDirectory Deploying web application directory [/home/infoetu/baptiste.lavogiez.etu/ctp-web/tomcat/webapps/manager]
12-Dec-2025 17:06:48.382 INFO [main] org.apache.jasper.servlet.TldScanner.scanJars At least one JAR was scanned for TLDs yet contained no TLDs. Enable debug logging for this logger for a complete list of JARs that were scanned but no TLDs were found in them. Skipping unneeded JARs during scanning can improve startup time and JSP compilation time.
12-Dec-2025 17:06:48.385 INFO [main] org.apache.catalina.startup.HostConfig.deployDirectory Deployment of web application directory [/home/infoetu/baptiste.lavogiez.etu/ctp-web/tomcat/webapps/manager] has finished in [55] ms
12-Dec-2025 17:06:48.385 INFO [main] org.apache.catalina.startup.HostConfig.deployDirectory Deploying web application directory [/home/infoetu/baptiste.lavogiez.etu/ctp-web/tomcat/webapps/host-manager]
12-Dec-2025 17:06:48.432 INFO [main] org.apache.jasper.servlet.TldScanner.scanJars At least one JAR was scanned for TLDs yet contained no TLDs. Enable debug logging for this logger for a complete list of JARs that were scanned but no TLDs were found in them. Skipping unneeded JARs during scanning can improve startup time and JSP compilation time.
12-Dec-2025 17:06:48.433 INFO [main] org.apache.catalina.startup.HostConfig.deployDirectory Deployment of web application directory [/home/infoetu/baptiste.lavogiez.etu/ctp-web/tomcat/webapps/host-manager] has finished in [48] ms
12-Dec-2025 17:06:48.433 INFO [main] org.apache.catalina.startup.HostConfig.deployDirectory Deploying web application directory [/home/infoetu/baptiste.lavogiez.etu/ctp-web/tomcat/webapps/vide]
12-Dec-2025 17:06:48.488 INFO [main] org.apache.jasper.servlet.TldScanner.scanJars At least one JAR was scanned for TLDs yet contained no TLDs. Enable debug logging for this logger for a complete list of JARs that were scanned but no TLDs were found in them. Skipping unneeded JARs during scanning can improve startup time and JSP compilation time.
12-Dec-2025 17:06:48.490 INFO [main] org.apache.catalina.startup.HostConfig.deployDirectory Deployment of web application directory [/home/infoetu/baptiste.lavogiez.etu/ctp-web/tomcat/webapps/vide] has finished in [57] ms
12-Dec-2025 17:06:48.490 INFO [main] org.apache.catalina.startup.HostConfig.deployDirectory Deploying web application directory [/home/infoetu/baptiste.lavogiez.etu/ctp-web/tomcat/webapps/examples]
12-Dec-2025 17:06:48.691 INFO [main] org.apache.jasper.servlet.TldScanner.scanJars At least one JAR was scanned for TLDs yet contained no TLDs. Enable debug logging for this logger for a complete list of JARs that were scanned but no TLDs were found in them. Skipping unneeded JARs during scanning can improve startup time and JSP compilation time.
12-Dec-2025 17:06:48.703 INFO [main] org.apache.catalina.startup.HostConfig.deployDirectory Deployment of web application directory [/home/infoetu/baptiste.lavogiez.etu/ctp-web/tomcat/webapps/examples] has finished in [213] ms
12-Dec-2025 17:06:48.703 INFO [main] org.apache.catalina.startup.HostConfig.deployDirectory Deploying web application directory [/home/infoetu/baptiste.lavogiez.etu/ctp-web/tomcat/webapps/ctp]
12-Dec-2025 17:06:48.771 INFO [main] org.apache.jasper.servlet.TldScanner.scanJars At least one JAR was scanned for TLDs yet contained no TLDs. Enable debug logging for this logger for a complete list of JARs that were scanned but no TLDs were found in them. Skipping unneeded JARs during scanning can improve startup time and JSP compilation time.
12-Dec-2025 17:06:48.772 INFO [main] org.apache.catalina.startup.HostConfig.deployDirectory Deployment of web application directory [/home/infoetu/baptiste.lavogiez.etu/ctp-web/tomcat/webapps/ctp] has finished in [69] ms
12-Dec-2025 17:06:48.774 INFO [main] org.apache.coyote.AbstractProtocol.start Starting ProtocolHandler ["http-nio-8080"]
12-Dec-2025 17:06:48.780 INFO [main] org.apache.catalina.startup.Catalina.start Server startup in [692] milliseconds
12-Dec-2025 17:07:18.797 INFO [Catalina-utility-2] org.apache.catalina.core.StandardContext.reload Reloading Context with name [/ctp] has started
12-Dec-2025 17:07:18.873 INFO [Catalina-utility-2] org.apache.jasper.servlet.TldScanner.scanJars At least one JAR was scanned for TLDs yet contained no TLDs. Enable debug logging for this logger for a complete list of JARs that were scanned but no TLDs were found in them. Skipping unneeded JARs during scanning can improve startup time and JSP compilation time.
12-Dec-2025 17:07:18.874 INFO [Catalina-utility-2] org.apache.catalina.core.StandardContext.reload Reloading Context with name [/ctp] is completed
12-Dec-2025 17:07:23.139 INFO [Thread-1] org.apache.coyote.AbstractProtocol.pause Pausing ProtocolHandler ["http-nio-8080"]
12-Dec-2025 17:07:23.141 INFO [Thread-1] org.apache.catalina.core.StandardService.stopInternal Stopping service [Catalina]
12-Dec-2025 17:07:23.163 INFO [Thread-1] org.apache.coyote.AbstractProtocol.stop Stopping ProtocolHandler ["http-nio-8080"]
12-Dec-2025 17:07:23.174 INFO [Thread-1] org.apache.coyote.AbstractProtocol.destroy Destroying ProtocolHandler ["http-nio-8080"]
12-Dec-2025 17:07:26.679 INFO [main] org.apache.catalina.startup.VersionLoggerListener.log Server version name:   Apache Tomcat/11.0.13
12-Dec-2025 17:07:26.681 INFO [main] org.apache.catalina.startup.VersionLoggerListener.log Server built:          Oct 10 2025 13:57:31 UTC
12-Dec-2025 17:07:26.681 INFO [main] org.apache.catalina.startup.VersionLoggerListener.log Server version number: 11.0.13.0
12-Dec-2025 17:07:26.681 INFO [main] org.apache.catalina.startup.VersionLoggerListener.log OS Name:               Linux
12-Dec-2025 17:07:26.681 INFO [main] org.apache.catalina.startup.VersionLoggerListener.log OS Version:            6.1.0-40-amd64
12-Dec-2025 17:07:26.681 INFO [main] org.apache.catalina.startup.VersionLoggerListener.log Architecture:          amd64
12-Dec-2025 17:07:26.681 INFO [main] org.apache.catalina.startup.VersionLoggerListener.log Java Home:             /usr/lib/jvm/java-17-openjdk-amd64
12-Dec-2025 17:07:26.681 INFO [main] org.apache.catalina.startup.VersionLoggerListener.log JVM Version:           17.0.17+10-Debian-1deb12u1
12-Dec-2025 17:07:26.682 INFO [main] org.apache.catalina.startup.VersionLoggerListener.log JVM Vendor:            Debian
12-Dec-2025 17:07:26.682 INFO [main] org.apache.catalina.startup.VersionLoggerListener.log CATALINA_BASE:         /home/infoetu/baptiste.lavogiez.etu/ctp-web/tomcat
12-Dec-2025 17:07:26.682 INFO [main] org.apache.catalina.startup.VersionLoggerListener.log CATALINA_HOME:         /home/infoetu/baptiste.lavogiez.etu/ctp-web/tomcat
12-Dec-2025 17:07:26.685 INFO [main] org.apache.catalina.startup.VersionLoggerListener.log Command line argument: -Djava.util.logging.config.file=/home/infoetu/baptiste.lavogiez.etu/ctp-web/tomcat/conf/logging.properties
12-Dec-2025 17:07:26.685 INFO [main] org.apache.catalina.startup.VersionLoggerListener.log Command line argument: -Djava.util.logging.manager=org.apache.juli.ClassLoaderLogManager
12-Dec-2025 17:07:26.686 INFO [main] org.apache.catalina.startup.VersionLoggerListener.log Command line argument: -Djdk.tls.ephemeralDHKeySize=2048
12-Dec-2025 17:07:26.686 INFO [main] org.apache.catalina.startup.VersionLoggerListener.log Command line argument: -Dorg.apache.catalina.security.SecurityListener.UMASK=0027
12-Dec-2025 17:07:26.686 INFO [main] org.apache.catalina.startup.VersionLoggerListener.log Command line argument: --add-opens=java.base/java.lang=ALL-UNNAMED
12-Dec-2025 17:07:26.686 INFO [main] org.apache.catalina.startup.VersionLoggerListener.log Command line argument: --add-opens=java.base/java.lang.reflect=ALL-UNNAMED
12-Dec-2025 17:07:26.686 INFO [main] org.apache.catalina.startup.VersionLoggerListener.log Command line argument: --add-opens=java.base/java.io=ALL-UNNAMED
12-Dec-2025 17:07:26.686 INFO [main] org.apache.catalina.startup.VersionLoggerListener.log Command line argument: --add-opens=java.base/java.util=ALL-UNNAMED
12-Dec-2025 17:07:26.686 INFO [main] org.apache.catalina.startup.VersionLoggerListener.log Command line argument: --add-opens=java.base/java.util.concurrent=ALL-UNNAMED
12-Dec-2025 17:07:26.686 INFO [main] org.apache.catalina.startup.VersionLoggerListener.log Command line argument: --add-opens=java.rmi/sun.rmi.transport=ALL-UNNAMED
12-Dec-2025 17:07:26.686 INFO [main] org.apache.catalina.startup.VersionLoggerListener.log Command line argument: --enable-native-access=ALL-UNNAMED
12-Dec-2025 17:07:26.686 INFO [main] org.apache.catalina.startup.VersionLoggerListener.log Command line argument: -Dcatalina.base=/home/infoetu/baptiste.lavogiez.etu/ctp-web/tomcat
12-Dec-2025 17:07:26.686 INFO [main] org.apache.catalina.startup.VersionLoggerListener.log Command line argument: -Dcatalina.home=/home/infoetu/baptiste.lavogiez.etu/ctp-web/tomcat
12-Dec-2025 17:07:26.686 INFO [main] org.apache.catalina.startup.VersionLoggerListener.log Command line argument: -Djava.io.tmpdir=/home/infoetu/baptiste.lavogiez.etu/ctp-web/tomcat/temp
12-Dec-2025 17:07:26.687 INFO [main] org.apache.catalina.core.AprLifecycleListener.lifecycleEvent The Apache Tomcat Native library which allows using OpenSSL was not found on the java.library.path: [/usr/java/packages/lib:/usr/lib/x86_64-linux-gnu/jni:/lib/x86_64-linux-gnu:/usr/lib/x86_64-linux-gnu:/usr/lib/jni:/lib:/usr/lib]
12-Dec-2025 17:07:26.780 INFO [main] org.apache.coyote.AbstractProtocol.init Initializing ProtocolHandler ["http-nio-8080"]
12-Dec-2025 17:07:26.793 INFO [main] org.apache.catalina.startup.Catalina.load Server initialization in [181] milliseconds
12-Dec-2025 17:07:26.810 INFO [main] org.apache.catalina.core.StandardService.startInternal Starting service [Catalina]
12-Dec-2025 17:07:26.810 INFO [main] org.apache.catalina.core.StandardEngine.startInternal Starting Servlet engine: [Apache Tomcat/11.0.13]
12-Dec-2025 17:07:26.814 INFO [main] org.apache.catalina.startup.HostConfig.deployDirectory Deploying web application directory [/home/infoetu/baptiste.lavogiez.etu/ctp-web/tomcat/webapps/ROOT]
12-Dec-2025 17:07:26.970 INFO [main] org.apache.jasper.servlet.TldScanner.scanJars At least one JAR was scanned for TLDs yet contained no TLDs. Enable debug logging for this logger for a complete list of JARs that were scanned but no TLDs were found in them. Skipping unneeded JARs during scanning can improve startup time and JSP compilation time.
12-Dec-2025 17:07:26.986 INFO [main] org.apache.catalina.startup.HostConfig.deployDirectory Deployment of web application directory [/home/infoetu/baptiste.lavogiez.etu/ctp-web/tomcat/webapps/ROOT] has finished in [171] ms
12-Dec-2025 17:07:26.986 INFO [main] org.apache.catalina.startup.HostConfig.deployDirectory Deploying web application directory [/home/infoetu/baptiste.lavogiez.etu/ctp-web/tomcat/webapps/docs]
12-Dec-2025 17:07:27.035 INFO [main] org.apache.jasper.servlet.TldScanner.scanJars At least one JAR was scanned for TLDs yet contained no TLDs. Enable debug logging for this logger for a complete list of JARs that were scanned but no TLDs were found in them. Skipping unneeded JARs during scanning can improve startup time and JSP compilation time.
12-Dec-2025 17:07:27.035 INFO [main] org.apache.catalina.startup.HostConfig.deployDirectory Deployment of web application directory [/home/infoetu/baptiste.lavogiez.etu/ctp-web/tomcat/webapps/docs] has finished in [49] ms
12-Dec-2025 17:07:27.036 INFO [main] org.apache.catalina.startup.HostConfig.deployDirectory Deploying web application directory [/home/infoetu/baptiste.lavogiez.etu/ctp-web/tomcat/webapps/manager]
12-Dec-2025 17:07:27.084 INFO [main] org.apache.jasper.servlet.TldScanner.scanJars At least one JAR was scanned for TLDs yet contained no TLDs. Enable debug logging for this logger for a complete list of JARs that were scanned but no TLDs were found in them. Skipping unneeded JARs during scanning can improve startup time and JSP compilation time.
12-Dec-2025 17:07:27.087 INFO [main] org.apache.catalina.startup.HostConfig.deployDirectory Deployment of web application directory [/home/infoetu/baptiste.lavogiez.etu/ctp-web/tomcat/webapps/manager] has finished in [51] ms
12-Dec-2025 17:07:27.087 INFO [main] org.apache.catalina.startup.HostConfig.deployDirectory Deploying web application directory [/home/infoetu/baptiste.lavogiez.etu/ctp-web/tomcat/webapps/host-manager]
12-Dec-2025 17:07:27.133 INFO [main] org.apache.jasper.servlet.TldScanner.scanJars At least one JAR was scanned for TLDs yet contained no TLDs. Enable debug logging for this logger for a complete list of JARs that were scanned but no TLDs were found in them. Skipping unneeded JARs during scanning can improve startup time and JSP compilation time.
12-Dec-2025 17:07:27.135 INFO [main] org.apache.catalina.startup.HostConfig.deployDirectory Deployment of web application directory [/home/infoetu/baptiste.lavogiez.etu/ctp-web/tomcat/webapps/host-manager] has finished in [47] ms
12-Dec-2025 17:07:27.135 INFO [main] org.apache.catalina.startup.HostConfig.deployDirectory Deploying web application directory [/home/infoetu/baptiste.lavogiez.etu/ctp-web/tomcat/webapps/vide]
12-Dec-2025 17:07:27.185 INFO [main] org.apache.jasper.servlet.TldScanner.scanJars At least one JAR was scanned for TLDs yet contained no TLDs. Enable debug logging for this logger for a complete list of JARs that were scanned but no TLDs were found in them. Skipping unneeded JARs during scanning can improve startup time and JSP compilation time.
12-Dec-2025 17:07:27.186 INFO [main] org.apache.catalina.startup.HostConfig.deployDirectory Deployment of web application directory [/home/infoetu/baptiste.lavogiez.etu/ctp-web/tomcat/webapps/vide] has finished in [51] ms
12-Dec-2025 17:07:27.186 INFO [main] org.apache.catalina.startup.HostConfig.deployDirectory Deploying web application directory [/home/infoetu/baptiste.lavogiez.etu/ctp-web/tomcat/webapps/examples]
12-Dec-2025 17:07:27.315 INFO [main] org.apache.jasper.servlet.TldScanner.scanJars At least one JAR was scanned for TLDs yet contained no TLDs. Enable debug logging for this logger for a complete list of JARs that were scanned but no TLDs were found in them. Skipping unneeded JARs during scanning can improve startup time and JSP compilation time.
12-Dec-2025 17:07:27.330 INFO [main] org.apache.catalina.startup.HostConfig.deployDirectory Deployment of web application directory [/home/infoetu/baptiste.lavogiez.etu/ctp-web/tomcat/webapps/examples] has finished in [144] ms
12-Dec-2025 17:07:27.330 INFO [main] org.apache.catalina.startup.HostConfig.deployDirectory Deploying web application directory [/home/infoetu/baptiste.lavogiez.etu/ctp-web/tomcat/webapps/ctp]
12-Dec-2025 17:07:27.398 INFO [main] org.apache.jasper.servlet.TldScanner.scanJars At least one JAR was scanned for TLDs yet contained no TLDs. Enable debug logging for this logger for a complete list of JARs that were scanned but no TLDs were found in them. Skipping unneeded JARs during scanning can improve startup time and JSP compilation time.
12-Dec-2025 17:07:27.399 INFO [main] org.apache.catalina.startup.HostConfig.deployDirectory Deployment of web application directory [/home/infoetu/baptiste.lavogiez.etu/ctp-web/tomcat/webapps/ctp] has finished in [69] ms
12-Dec-2025 17:07:27.401 INFO [main] org.apache.coyote.AbstractProtocol.start Starting ProtocolHandler ["http-nio-8080"]
12-Dec-2025 17:07:27.407 INFO [main] org.apache.catalina.startup.Catalina.start Server startup in [613] milliseconds
12-Dec-2025 17:09:07.956 INFO [Catalina-utility-1] org.apache.catalina.core.StandardContext.reload Reloading Context with name [/ctp] has started
12-Dec-2025 17:09:09.790 INFO [Catalina-utility-1] org.apache.jasper.servlet.TldScanner.scanJars At least one JAR was scanned for TLDs yet contained no TLDs. Enable debug logging for this logger for a complete list of JARs that were scanned but no TLDs were found in them. Skipping unneeded JARs during scanning can improve startup time and JSP compilation time.
12-Dec-2025 17:09:09.791 INFO [Catalina-utility-1] org.apache.catalina.core.StandardContext.reload Reloading Context with name [/ctp] is completed
12-Dec-2025 17:09:35.890 INFO [Catalina-utility-1] org.apache.catalina.core.StandardContext.reload Reloading Context with name [/ctp] has started
12-Dec-2025 17:09:37.325 INFO [Catalina-utility-1] org.apache.jasper.servlet.TldScanner.scanJars At least one JAR was scanned for TLDs yet contained no TLDs. Enable debug logging for this logger for a complete list of JARs that were scanned but no TLDs were found in them. Skipping unneeded JARs during scanning can improve startup time and JSP compilation time.
12-Dec-2025 17:09:37.327 INFO [Catalina-utility-1] org.apache.catalina.core.StandardContext.reload Reloading Context with name [/ctp] is completed
12-Dec-2025 17:10:24.268 INFO [Catalina-utility-1] org.apache.catalina.core.StandardContext.reload Reloading Context with name [/ctp] has started
12-Dec-2025 17:10:24.389 INFO [Catalina-utility-1] org.apache.jasper.servlet.TldScanner.scanJars At least one JAR was scanned for TLDs yet contained no TLDs. Enable debug logging for this logger for a complete list of JARs that were scanned but no TLDs were found in them. Skipping unneeded JARs during scanning can improve startup time and JSP compilation time.
12-Dec-2025 17:10:24.390 INFO [Catalina-utility-1] org.apache.catalina.core.StandardContext.reload Reloading Context with name [/ctp] is completed
12-Dec-2025 17:10:31.436 INFO [Thread-1] org.apache.coyote.AbstractProtocol.pause Pausing ProtocolHandler ["http-nio-8080"]
12-Dec-2025 17:10:31.437 INFO [Thread-1] org.apache.catalina.core.StandardService.stopInternal Stopping service [Catalina]
12-Dec-2025 17:10:31.459 INFO [Thread-1] org.apache.coyote.AbstractProtocol.stop Stopping ProtocolHandler ["http-nio-8080"]
12-Dec-2025 17:10:31.471 INFO [Thread-1] org.apache.coyote.AbstractProtocol.destroy Destroying ProtocolHandler ["http-nio-8080"]
12-Dec-2025 17:10:32.325 INFO [main] org.apache.catalina.startup.VersionLoggerListener.log Server version name:   Apache Tomcat/11.0.13
12-Dec-2025 17:10:32.327 INFO [main] org.apache.catalina.startup.VersionLoggerListener.log Server built:          Oct 10 2025 13:57:31 UTC
12-Dec-2025 17:10:32.327 INFO [main] org.apache.catalina.startup.VersionLoggerListener.log Server version number: 11.0.13.0
12-Dec-2025 17:10:32.327 INFO [main] org.apache.catalina.startup.VersionLoggerListener.log OS Name:               Linux
12-Dec-2025 17:10:32.327 INFO [main] org.apache.catalina.startup.VersionLoggerListener.log OS Version:            6.1.0-40-amd64
12-Dec-2025 17:10:32.327 INFO [main] org.apache.catalina.startup.VersionLoggerListener.log Architecture:          amd64
12-Dec-2025 17:10:32.327 INFO [main] org.apache.catalina.startup.VersionLoggerListener.log Java Home:             /usr/lib/jvm/java-17-openjdk-amd64
12-Dec-2025 17:10:32.327 INFO [main] org.apache.catalina.startup.VersionLoggerListener.log JVM Version:           17.0.17+10-Debian-1deb12u1
12-Dec-2025 17:10:32.328 INFO [main] org.apache.catalina.startup.VersionLoggerListener.log JVM Vendor:            Debian
12-Dec-2025 17:10:32.328 INFO [main] org.apache.catalina.startup.VersionLoggerListener.log CATALINA_BASE:         /home/infoetu/baptiste.lavogiez.etu/ctp-web/tomcat
12-Dec-2025 17:10:32.328 INFO [main] org.apache.catalina.startup.VersionLoggerListener.log CATALINA_HOME:         /home/infoetu/baptiste.lavogiez.etu/ctp-web/tomcat
12-Dec-2025 17:10:32.332 INFO [main] org.apache.catalina.startup.VersionLoggerListener.log Command line argument: -Djava.util.logging.config.file=/home/infoetu/baptiste.lavogiez.etu/ctp-web/tomcat/conf/logging.properties
12-Dec-2025 17:10:32.332 INFO [main] org.apache.catalina.startup.VersionLoggerListener.log Command line argument: -Djava.util.logging.manager=org.apache.juli.ClassLoaderLogManager
12-Dec-2025 17:10:32.332 INFO [main] org.apache.catalina.startup.VersionLoggerListener.log Command line argument: -Djdk.tls.ephemeralDHKeySize=2048
12-Dec-2025 17:10:32.332 INFO [main] org.apache.catalina.startup.VersionLoggerListener.log Command line argument: -Dorg.apache.catalina.security.SecurityListener.UMASK=0027
12-Dec-2025 17:10:32.332 INFO [main] org.apache.catalina.startup.VersionLoggerListener.log Command line argument: --add-opens=java.base/java.lang=ALL-UNNAMED
12-Dec-2025 17:10:32.332 INFO [main] org.apache.catalina.startup.VersionLoggerListener.log Command line argument: --add-opens=java.base/java.lang.reflect=ALL-UNNAMED
12-Dec-2025 17:10:32.332 INFO [main] org.apache.catalina.startup.VersionLoggerListener.log Command line argument: --add-opens=java.base/java.io=ALL-UNNAMED
12-Dec-2025 17:10:32.332 INFO [main] org.apache.catalina.startup.VersionLoggerListener.log Command line argument: --add-opens=java.base/java.util=ALL-UNNAMED
12-Dec-2025 17:10:32.332 INFO [main] org.apache.catalina.startup.VersionLoggerListener.log Command line argument: --add-opens=java.base/java.util.concurrent=ALL-UNNAMED
12-Dec-2025 17:10:32.332 INFO [main] org.apache.catalina.startup.VersionLoggerListener.log Command line argument: --add-opens=java.rmi/sun.rmi.transport=ALL-UNNAMED
12-Dec-2025 17:10:32.332 INFO [main] org.apache.catalina.startup.VersionLoggerListener.log Command line argument: --enable-native-access=ALL-UNNAMED
12-Dec-2025 17:10:32.332 INFO [main] org.apache.catalina.startup.VersionLoggerListener.log Command line argument: -Dcatalina.base=/home/infoetu/baptiste.lavogiez.etu/ctp-web/tomcat
12-Dec-2025 17:10:32.332 INFO [main] org.apache.catalina.startup.VersionLoggerListener.log Command line argument: -Dcatalina.home=/home/infoetu/baptiste.lavogiez.etu/ctp-web/tomcat
12-Dec-2025 17:10:32.332 INFO [main] org.apache.catalina.startup.VersionLoggerListener.log Command line argument: -Djava.io.tmpdir=/home/infoetu/baptiste.lavogiez.etu/ctp-web/tomcat/temp
12-Dec-2025 17:10:32.333 INFO [main] org.apache.catalina.core.AprLifecycleListener.lifecycleEvent The Apache Tomcat Native library which allows using OpenSSL was not found on the java.library.path: [/usr/java/packages/lib:/usr/lib/x86_64-linux-gnu/jni:/lib/x86_64-linux-gnu:/usr/lib/x86_64-linux-gnu:/usr/lib/jni:/lib:/usr/lib]
12-Dec-2025 17:10:32.427 INFO [main] org.apache.coyote.AbstractProtocol.init Initializing ProtocolHandler ["http-nio-8080"]
12-Dec-2025 17:10:32.440 INFO [main] org.apache.catalina.startup.Catalina.load Server initialization in [183] milliseconds
12-Dec-2025 17:10:32.456 INFO [main] org.apache.catalina.core.StandardService.startInternal Starting service [Catalina]
12-Dec-2025 17:10:32.456 INFO [main] org.apache.catalina.core.StandardEngine.startInternal Starting Servlet engine: [Apache Tomcat/11.0.13]
12-Dec-2025 17:10:32.461 INFO [main] org.apache.catalina.startup.HostConfig.deployDirectory Deploying web application directory [/home/infoetu/baptiste.lavogiez.etu/ctp-web/tomcat/webapps/ROOT]
12-Dec-2025 17:10:32.613 INFO [main] org.apache.jasper.servlet.TldScanner.scanJars At least one JAR was scanned for TLDs yet contained no TLDs. Enable debug logging for this logger for a complete list of JARs that were scanned but no TLDs were found in them. Skipping unneeded JARs during scanning can improve startup time and JSP compilation time.
12-Dec-2025 17:10:32.630 INFO [main] org.apache.catalina.startup.HostConfig.deployDirectory Deployment of web application directory [/home/infoetu/baptiste.lavogiez.etu/ctp-web/tomcat/webapps/ROOT] has finished in [168] ms
12-Dec-2025 17:10:32.630 INFO [main] org.apache.catalina.startup.HostConfig.deployDirectory Deploying web application directory [/home/infoetu/baptiste.lavogiez.etu/ctp-web/tomcat/webapps/docs]
12-Dec-2025 17:10:32.683 INFO [main] org.apache.jasper.servlet.TldScanner.scanJars At least one JAR was scanned for TLDs yet contained no TLDs. Enable debug logging for this logger for a complete list of JARs that were scanned but no TLDs were found in them. Skipping unneeded JARs during scanning can improve startup time and JSP compilation time.
12-Dec-2025 17:10:32.684 INFO [main] org.apache.catalina.startup.HostConfig.deployDirectory Deployment of web application directory [/home/infoetu/baptiste.lavogiez.etu/ctp-web/tomcat/webapps/docs] has finished in [54] ms
12-Dec-2025 17:10:32.684 INFO [main] org.apache.catalina.startup.HostConfig.deployDirectory Deploying web application directory [/home/infoetu/baptiste.lavogiez.etu/ctp-web/tomcat/webapps/manager]
12-Dec-2025 17:10:32.734 INFO [main] org.apache.jasper.servlet.TldScanner.scanJars At least one JAR was scanned for TLDs yet contained no TLDs. Enable debug logging for this logger for a complete list of JARs that were scanned but no TLDs were found in them. Skipping unneeded JARs during scanning can improve startup time and JSP compilation time.
12-Dec-2025 17:10:32.737 INFO [main] org.apache.catalina.startup.HostConfig.deployDirectory Deployment of web application directory [/home/infoetu/baptiste.lavogiez.etu/ctp-web/tomcat/webapps/manager] has finished in [53] ms
12-Dec-2025 17:10:32.737 INFO [main] org.apache.catalina.startup.HostConfig.deployDirectory Deploying web application directory [/home/infoetu/baptiste.lavogiez.etu/ctp-web/tomcat/webapps/host-manager]
12-Dec-2025 17:10:32.783 INFO [main] org.apache.jasper.servlet.TldScanner.scanJars At least one JAR was scanned for TLDs yet contained no TLDs. Enable debug logging for this logger for a complete list of JARs that were scanned but no TLDs were found in them. Skipping unneeded JARs during scanning can improve startup time and JSP compilation time.
12-Dec-2025 17:10:32.784 INFO [main] org.apache.catalina.startup.HostConfig.deployDirectory Deployment of web application directory [/home/infoetu/baptiste.lavogiez.etu/ctp-web/tomcat/webapps/host-manager] has finished in [47] ms
12-Dec-2025 17:10:32.784 INFO [main] org.apache.catalina.startup.HostConfig.deployDirectory Deploying web application directory [/home/infoetu/baptiste.lavogiez.etu/ctp-web/tomcat/webapps/vide]
12-Dec-2025 17:10:32.838 INFO [main] org.apache.jasper.servlet.TldScanner.scanJars At least one JAR was scanned for TLDs yet contained no TLDs. Enable debug logging for this logger for a complete list of JARs that were scanned but no TLDs were found in them. Skipping unneeded JARs during scanning can improve startup time and JSP compilation time.
12-Dec-2025 17:10:32.840 INFO [main] org.apache.catalina.startup.HostConfig.deployDirectory Deployment of web application directory [/home/infoetu/baptiste.lavogiez.etu/ctp-web/tomcat/webapps/vide] has finished in [56] ms
12-Dec-2025 17:10:32.840 INFO [main] org.apache.catalina.startup.HostConfig.deployDirectory Deploying web application directory [/home/infoetu/baptiste.lavogiez.etu/ctp-web/tomcat/webapps/examples]
12-Dec-2025 17:10:33.039 INFO [main] org.apache.jasper.servlet.TldScanner.scanJars At least one JAR was scanned for TLDs yet contained no TLDs. Enable debug logging for this logger for a complete list of JARs that were scanned but no TLDs were found in them. Skipping unneeded JARs during scanning can improve startup time and JSP compilation time.
12-Dec-2025 17:10:33.052 INFO [main] org.apache.catalina.startup.HostConfig.deployDirectory Deployment of web application directory [/home/infoetu/baptiste.lavogiez.etu/ctp-web/tomcat/webapps/examples] has finished in [212] ms
12-Dec-2025 17:10:33.052 INFO [main] org.apache.catalina.startup.HostConfig.deployDirectory Deploying web application directory [/home/infoetu/baptiste.lavogiez.etu/ctp-web/tomcat/webapps/ctp]
12-Dec-2025 17:10:33.118 INFO [main] org.apache.jasper.servlet.TldScanner.scanJars At least one JAR was scanned for TLDs yet contained no TLDs. Enable debug logging for this logger for a complete list of JARs that were scanned but no TLDs were found in them. Skipping unneeded JARs during scanning can improve startup time and JSP compilation time.
12-Dec-2025 17:10:33.119 INFO [main] org.apache.catalina.startup.HostConfig.deployDirectory Deployment of web application directory [/home/infoetu/baptiste.lavogiez.etu/ctp-web/tomcat/webapps/ctp] has finished in [67] ms
12-Dec-2025 17:10:33.121 INFO [main] org.apache.coyote.AbstractProtocol.start Starting ProtocolHandler ["http-nio-8080"]
12-Dec-2025 17:10:33.130 INFO [main] org.apache.catalina.startup.Catalina.start Server startup in [689] milliseconds
12-Dec-2025 17:11:07.420 INFO [Thread-1] org.apache.coyote.AbstractProtocol.pause Pausing ProtocolHandler ["http-nio-8080"]
12-Dec-2025 17:11:07.422 INFO [Thread-1] org.apache.catalina.core.StandardService.stopInternal Stopping service [Catalina]
12-Dec-2025 17:11:07.439 INFO [Thread-1] org.apache.coyote.AbstractProtocol.stop Stopping ProtocolHandler ["http-nio-8080"]
12-Dec-2025 17:11:07.445 INFO [Thread-1] org.apache.coyote.AbstractProtocol.destroy Destroying ProtocolHandler ["http-nio-8080"]
12-Dec-2025 17:11:10.659 INFO [main] org.apache.catalina.startup.VersionLoggerListener.log Server version name:   Apache Tomcat/11.0.13
12-Dec-2025 17:11:10.661 INFO [main] org.apache.catalina.startup.VersionLoggerListener.log Server built:          Oct 10 2025 13:57:31 UTC
12-Dec-2025 17:11:10.661 INFO [main] org.apache.catalina.startup.VersionLoggerListener.log Server version number: 11.0.13.0
12-Dec-2025 17:11:10.661 INFO [main] org.apache.catalina.startup.VersionLoggerListener.log OS Name:               Linux
12-Dec-2025 17:11:10.661 INFO [main] org.apache.catalina.startup.VersionLoggerListener.log OS Version:            6.1.0-40-amd64
12-Dec-2025 17:11:10.661 INFO [main] org.apache.catalina.startup.VersionLoggerListener.log Architecture:          amd64
12-Dec-2025 17:11:10.662 INFO [main] org.apache.catalina.startup.VersionLoggerListener.log Java Home:             /usr/lib/jvm/java-17-openjdk-amd64
12-Dec-2025 17:11:10.662 INFO [main] org.apache.catalina.startup.VersionLoggerListener.log JVM Version:           17.0.17+10-Debian-1deb12u1
12-Dec-2025 17:11:10.662 INFO [main] org.apache.catalina.startup.VersionLoggerListener.log JVM Vendor:            Debian
12-Dec-2025 17:11:10.662 INFO [main] org.apache.catalina.startup.VersionLoggerListener.log CATALINA_BASE:         /home/infoetu/baptiste.lavogiez.etu/ctp-web/tomcat
12-Dec-2025 17:11:10.662 INFO [main] org.apache.catalina.startup.VersionLoggerListener.log CATALINA_HOME:         /home/infoetu/baptiste.lavogiez.etu/ctp-web/tomcat
12-Dec-2025 17:11:10.665 INFO [main] org.apache.catalina.startup.VersionLoggerListener.log Command line argument: -Djava.util.logging.config.file=/home/infoetu/baptiste.lavogiez.etu/ctp-web/tomcat/conf/logging.properties
12-Dec-2025 17:11:10.665 INFO [main] org.apache.catalina.startup.VersionLoggerListener.log Command line argument: -Djava.util.logging.manager=org.apache.juli.ClassLoaderLogManager
12-Dec-2025 17:11:10.665 INFO [main] org.apache.catalina.startup.VersionLoggerListener.log Command line argument: -Djdk.tls.ephemeralDHKeySize=2048
12-Dec-2025 17:11:10.665 INFO [main] org.apache.catalina.startup.VersionLoggerListener.log Command line argument: -Dorg.apache.catalina.security.SecurityListener.UMASK=0027
12-Dec-2025 17:11:10.665 INFO [main] org.apache.catalina.startup.VersionLoggerListener.log Command line argument: --add-opens=java.base/java.lang=ALL-UNNAMED
12-Dec-2025 17:11:10.665 INFO [main] org.apache.catalina.startup.VersionLoggerListener.log Command line argument: --add-opens=java.base/java.lang.reflect=ALL-UNNAMED
12-Dec-2025 17:11:10.666 INFO [main] org.apache.catalina.startup.VersionLoggerListener.log Command line argument: --add-opens=java.base/java.io=ALL-UNNAMED
12-Dec-2025 17:11:10.666 INFO [main] org.apache.catalina.startup.VersionLoggerListener.log Command line argument: --add-opens=java.base/java.util=ALL-UNNAMED
12-Dec-2025 17:11:10.666 INFO [main] org.apache.catalina.startup.VersionLoggerListener.log Command line argument: --add-opens=java.base/java.util.concurrent=ALL-UNNAMED
12-Dec-2025 17:11:10.666 INFO [main] org.apache.catalina.startup.VersionLoggerListener.log Command line argument: --add-opens=java.rmi/sun.rmi.transport=ALL-UNNAMED
12-Dec-2025 17:11:10.666 INFO [main] org.apache.catalina.startup.VersionLoggerListener.log Command line argument: --enable-native-access=ALL-UNNAMED
12-Dec-2025 17:11:10.666 INFO [main] org.apache.catalina.startup.VersionLoggerListener.log Command line argument: -Dcatalina.base=/home/infoetu/baptiste.lavogiez.etu/ctp-web/tomcat
12-Dec-2025 17:11:10.666 INFO [main] org.apache.catalina.startup.VersionLoggerListener.log Command line argument: -Dcatalina.home=/home/infoetu/baptiste.lavogiez.etu/ctp-web/tomcat
12-Dec-2025 17:11:10.666 INFO [main] org.apache.catalina.startup.VersionLoggerListener.log Command line argument: -Djava.io.tmpdir=/home/infoetu/baptiste.lavogiez.etu/ctp-web/tomcat/temp
12-Dec-2025 17:11:10.667 INFO [main] org.apache.catalina.core.AprLifecycleListener.lifecycleEvent The Apache Tomcat Native library which allows using OpenSSL was not found on the java.library.path: [/usr/java/packages/lib:/usr/lib/x86_64-linux-gnu/jni:/lib/x86_64-linux-gnu:/usr/lib/x86_64-linux-gnu:/usr/lib/jni:/lib:/usr/lib]
12-Dec-2025 17:11:10.761 INFO [main] org.apache.coyote.AbstractProtocol.init Initializing ProtocolHandler ["http-nio-8080"]
12-Dec-2025 17:11:10.774 INFO [main] org.apache.catalina.startup.Catalina.load Server initialization in [183] milliseconds
12-Dec-2025 17:11:10.790 INFO [main] org.apache.catalina.core.StandardService.startInternal Starting service [Catalina]
12-Dec-2025 17:11:10.790 INFO [main] org.apache.catalina.core.StandardEngine.startInternal Starting Servlet engine: [Apache Tomcat/11.0.13]
12-Dec-2025 17:11:10.795 INFO [main] org.apache.catalina.startup.HostConfig.deployDirectory Deploying web application directory [/home/infoetu/baptiste.lavogiez.etu/ctp-web/tomcat/webapps/ROOT]
12-Dec-2025 17:11:10.954 INFO [main] org.apache.jasper.servlet.TldScanner.scanJars At least one JAR was scanned for TLDs yet contained no TLDs. Enable debug logging for this logger for a complete list of JARs that were scanned but no TLDs were found in them. Skipping unneeded JARs during scanning can improve startup time and JSP compilation time.
12-Dec-2025 17:11:10.970 INFO [main] org.apache.catalina.startup.HostConfig.deployDirectory Deployment of web application directory [/home/infoetu/baptiste.lavogiez.etu/ctp-web/tomcat/webapps/ROOT] has finished in [175] ms
12-Dec-2025 17:11:10.971 INFO [main] org.apache.catalina.startup.HostConfig.deployDirectory Deploying web application directory [/home/infoetu/baptiste.lavogiez.etu/ctp-web/tomcat/webapps/docs]
12-Dec-2025 17:11:11.021 INFO [main] org.apache.jasper.servlet.TldScanner.scanJars At least one JAR was scanned for TLDs yet contained no TLDs. Enable debug logging for this logger for a complete list of JARs that were scanned but no TLDs were found in them. Skipping unneeded JARs during scanning can improve startup time and JSP compilation time.
12-Dec-2025 17:11:11.022 INFO [main] org.apache.catalina.startup.HostConfig.deployDirectory Deployment of web application directory [/home/infoetu/baptiste.lavogiez.etu/ctp-web/tomcat/webapps/docs] has finished in [51] ms
12-Dec-2025 17:11:11.022 INFO [main] org.apache.catalina.startup.HostConfig.deployDirectory Deploying web application directory [/home/infoetu/baptiste.lavogiez.etu/ctp-web/tomcat/webapps/manager]
12-Dec-2025 17:11:11.078 INFO [main] org.apache.jasper.servlet.TldScanner.scanJars At least one JAR was scanned for TLDs yet contained no TLDs. Enable debug logging for this logger for a complete list of JARs that were scanned but no TLDs were found in them. Skipping unneeded JARs during scanning can improve startup time and JSP compilation time.
12-Dec-2025 17:11:11.080 INFO [main] org.apache.catalina.startup.HostConfig.deployDirectory Deployment of web application directory [/home/infoetu/baptiste.lavogiez.etu/ctp-web/tomcat/webapps/manager] has finished in [58] ms
12-Dec-2025 17:11:11.080 INFO [main] org.apache.catalina.startup.HostConfig.deployDirectory Deploying web application directory [/home/infoetu/baptiste.lavogiez.etu/ctp-web/tomcat/webapps/host-manager]
12-Dec-2025 17:11:11.129 INFO [main] org.apache.jasper.servlet.TldScanner.scanJars At least one JAR was scanned for TLDs yet contained no TLDs. Enable debug logging for this logger for a complete list of JARs that were scanned but no TLDs were found in them. Skipping unneeded JARs during scanning can improve startup time and JSP compilation time.
12-Dec-2025 17:11:11.130 INFO [main] org.apache.catalina.startup.HostConfig.deployDirectory Deployment of web application directory [/home/infoetu/baptiste.lavogiez.etu/ctp-web/tomcat/webapps/host-manager] has finished in [49] ms
12-Dec-2025 17:11:11.130 INFO [main] org.apache.catalina.startup.HostConfig.deployDirectory Deploying web application directory [/home/infoetu/baptiste.lavogiez.etu/ctp-web/tomcat/webapps/vide]
12-Dec-2025 17:11:11.179 INFO [main] org.apache.jasper.servlet.TldScanner.scanJars At least one JAR was scanned for TLDs yet contained no TLDs. Enable debug logging for this logger for a complete list of JARs that were scanned but no TLDs were found in them. Skipping unneeded JARs during scanning can improve startup time and JSP compilation time.
12-Dec-2025 17:11:11.181 INFO [main] org.apache.catalina.startup.HostConfig.deployDirectory Deployment of web application directory [/home/infoetu/baptiste.lavogiez.etu/ctp-web/tomcat/webapps/vide] has finished in [51] ms
12-Dec-2025 17:11:11.181 INFO [main] org.apache.catalina.startup.HostConfig.deployDirectory Deploying web application directory [/home/infoetu/baptiste.lavogiez.etu/ctp-web/tomcat/webapps/examples]
12-Dec-2025 17:11:11.326 INFO [main] org.apache.jasper.servlet.TldScanner.scanJars At least one JAR was scanned for TLDs yet contained no TLDs. Enable debug logging for this logger for a complete list of JARs that were scanned but no TLDs were found in them. Skipping unneeded JARs during scanning can improve startup time and JSP compilation time.
12-Dec-2025 17:11:11.339 INFO [main] org.apache.catalina.startup.HostConfig.deployDirectory Deployment of web application directory [/home/infoetu/baptiste.lavogiez.etu/ctp-web/tomcat/webapps/examples] has finished in [157] ms
12-Dec-2025 17:11:11.339 INFO [main] org.apache.catalina.startup.HostConfig.deployDirectory Deploying web application directory [/home/infoetu/baptiste.lavogiez.etu/ctp-web/tomcat/webapps/ctp]
12-Dec-2025 17:11:11.410 INFO [main] org.apache.jasper.servlet.TldScanner.scanJars At least one JAR was scanned for TLDs yet contained no TLDs. Enable debug logging for this logger for a complete list of JARs that were scanned but no TLDs were found in them. Skipping unneeded JARs during scanning can improve startup time and JSP compilation time.
12-Dec-2025 17:11:11.411 INFO [main] org.apache.catalina.startup.HostConfig.deployDirectory Deployment of web application directory [/home/infoetu/baptiste.lavogiez.etu/ctp-web/tomcat/webapps/ctp] has finished in [72] ms
12-Dec-2025 17:11:11.413 INFO [main] org.apache.coyote.AbstractProtocol.start Starting ProtocolHandler ["http-nio-8080"]
12-Dec-2025 17:11:11.419 INFO [main] org.apache.catalina.startup.Catalina.start Server startup in [645] milliseconds
12-Dec-2025 17:14:01.568 INFO [Catalina-utility-2] org.apache.catalina.core.StandardContext.reload Reloading Context with name [/ctp] has started
12-Dec-2025 17:14:01.656 INFO [Catalina-utility-2] org.apache.jasper.servlet.TldScanner.scanJars At least one JAR was scanned for TLDs yet contained no TLDs. Enable debug logging for this logger for a complete list of JARs that were scanned but no TLDs were found in them. Skipping unneeded JARs during scanning can improve startup time and JSP compilation time.
12-Dec-2025 17:14:01.657 INFO [Catalina-utility-2] org.apache.catalina.core.StandardContext.reload Reloading Context with name [/ctp] is completed
12-Dec-2025 17:14:11.667 INFO [Catalina-utility-2] org.apache.catalina.core.StandardContext.reload Reloading Context with name [/ctp] has started
12-Dec-2025 17:14:11.737 INFO [Catalina-utility-2] org.apache.jasper.servlet.TldScanner.scanJars At least one JAR was scanned for TLDs yet contained no TLDs. Enable debug logging for this logger for a complete list of JARs that were scanned but no TLDs were found in them. Skipping unneeded JARs during scanning can improve startup time and JSP compilation time.
12-Dec-2025 17:14:11.737 INFO [Catalina-utility-2] org.apache.catalina.core.StandardContext.reload Reloading Context with name [/ctp] is completed
12-Dec-2025 17:15:11.775 INFO [Catalina-utility-1] org.apache.catalina.core.StandardContext.reload Reloading Context with name [/ctp] has started
12-Dec-2025 17:15:11.861 INFO [Catalina-utility-1] org.apache.jasper.servlet.TldScanner.scanJars At least one JAR was scanned for TLDs yet contained no TLDs. Enable debug logging for this logger for a complete list of JARs that were scanned but no TLDs were found in them. Skipping unneeded JARs during scanning can improve startup time and JSP compilation time.
12-Dec-2025 17:15:11.861 INFO [Catalina-utility-1] org.apache.catalina.core.StandardContext.reload Reloading Context with name [/ctp] is completed
12-Dec-2025 17:15:21.870 INFO [Catalina-utility-1] org.apache.catalina.core.StandardContext.reload Reloading Context with name [/ctp] has started
12-Dec-2025 17:15:21.935 INFO [Catalina-utility-1] org.apache.jasper.servlet.TldScanner.scanJars At least one JAR was scanned for TLDs yet contained no TLDs. Enable debug logging for this logger for a complete list of JARs that were scanned but no TLDs were found in them. Skipping unneeded JARs during scanning can improve startup time and JSP compilation time.
12-Dec-2025 17:15:21.935 INFO [Catalina-utility-1] org.apache.catalina.core.StandardContext.reload Reloading Context with name [/ctp] is completed
12-Dec-2025 17:15:31.944 INFO [Catalina-utility-1] org.apache.catalina.core.StandardContext.reload Reloading Context with name [/ctp] has started
12-Dec-2025 17:15:32.006 INFO [Catalina-utility-1] org.apache.jasper.servlet.TldScanner.scanJars At least one JAR was scanned for TLDs yet contained no TLDs. Enable debug logging for this logger for a complete list of JARs that were scanned but no TLDs were found in them. Skipping unneeded JARs during scanning can improve startup time and JSP compilation time.
12-Dec-2025 17:15:32.007 INFO [Catalina-utility-1] org.apache.catalina.core.StandardContext.reload Reloading Context with name [/ctp] is completed
12-Dec-2025 17:16:22.044 INFO [Catalina-utility-2] org.apache.catalina.core.StandardContext.reload Reloading Context with name [/ctp] has started
12-Dec-2025 17:16:22.141 INFO [Catalina-utility-2] org.apache.jasper.servlet.TldScanner.scanJars At least one JAR was scanned for TLDs yet contained no TLDs. Enable debug logging for this logger for a complete list of JARs that were scanned but no TLDs were found in them. Skipping unneeded JARs during scanning can improve startup time and JSP compilation time.
12-Dec-2025 17:16:22.142 INFO [Catalina-utility-2] org.apache.catalina.core.StandardContext.reload Reloading Context with name [/ctp] is completed
12-Dec-2025 17:17:52.219 INFO [Catalina-utility-1] org.apache.catalina.core.StandardContext.reload Reloading Context with name [/ctp] has started
12-Dec-2025 17:17:52.289 INFO [Catalina-utility-1] org.apache.jasper.servlet.TldScanner.scanJars At least one JAR was scanned for TLDs yet contained no TLDs. Enable debug logging for this logger for a complete list of JARs that were scanned but no TLDs were found in them. Skipping unneeded JARs during scanning can improve startup time and JSP compilation time.
12-Dec-2025 17:17:52.290 INFO [Catalina-utility-1] org.apache.catalina.core.StandardContext.reload Reloading Context with name [/ctp] is completed
12-Dec-2025 17:18:02.292 INFO [Catalina-utility-2] org.apache.catalina.core.StandardContext.reload Reloading Context with name [/ctp] has started
12-Dec-2025 17:18:02.347 INFO [Catalina-utility-2] org.apache.jasper.servlet.TldScanner.scanJars At least one JAR was scanned for TLDs yet contained no TLDs. Enable debug logging for this logger for a complete list of JARs that were scanned but no TLDs were found in them. Skipping unneeded JARs during scanning can improve startup time and JSP compilation time.
12-Dec-2025 17:18:02.348 INFO [Catalina-utility-2] org.apache.catalina.core.StandardContext.reload Reloading Context with name [/ctp] is completed
12-Dec-2025 17:19:22.421 INFO [Catalina-utility-1] org.apache.catalina.core.StandardContext.reload Reloading Context with name [/ctp] has started
12-Dec-2025 17:19:22.514 INFO [Catalina-utility-1] org.apache.jasper.servlet.TldScanner.scanJars At least one JAR was scanned for TLDs yet contained no TLDs. Enable debug logging for this logger for a complete list of JARs that were scanned but no TLDs were found in them. Skipping unneeded JARs during scanning can improve startup time and JSP compilation time.
12-Dec-2025 17:19:22.515 INFO [Catalina-utility-1] org.apache.catalina.core.StandardContext.reload Reloading Context with name [/ctp] is completed
12-Dec-2025 17:19:32.522 INFO [Catalina-utility-1] org.apache.catalina.core.StandardContext.reload Reloading Context with name [/ctp] has started
12-Dec-2025 17:19:32.587 INFO [Catalina-utility-1] org.apache.jasper.servlet.TldScanner.scanJars At least one JAR was scanned for TLDs yet contained no TLDs. Enable debug logging for this logger for a complete list of JARs that were scanned but no TLDs were found in them. Skipping unneeded JARs during scanning can improve startup time and JSP compilation time.
12-Dec-2025 17:19:32.588 INFO [Catalina-utility-1] org.apache.catalina.core.StandardContext.reload Reloading Context with name [/ctp] is completed
12-Dec-2025 17:19:42.591 INFO [Catalina-utility-1] org.apache.catalina.core.StandardContext.reload Reloading Context with name [/ctp] has started
12-Dec-2025 17:19:42.884 INFO [Catalina-utility-1] org.apache.jasper.servlet.TldScanner.scanJars At least one JAR was scanned for TLDs yet contained no TLDs. Enable debug logging for this logger for a complete list of JARs that were scanned but no TLDs were found in them. Skipping unneeded JARs during scanning can improve startup time and JSP compilation time.
12-Dec-2025 17:19:42.885 INFO [Catalina-utility-1] org.apache.catalina.core.StandardContext.reload Reloading Context with name [/ctp] is completed
12-Dec-2025 17:19:52.889 INFO [Catalina-utility-1] org.apache.catalina.core.StandardContext.reload Reloading Context with name [/ctp] has started
12-Dec-2025 17:19:53.177 INFO [Catalina-utility-1] org.apache.jasper.servlet.TldScanner.scanJars At least one JAR was scanned for TLDs yet contained no TLDs. Enable debug logging for this logger for a complete list of JARs that were scanned but no TLDs were found in them. Skipping unneeded JARs during scanning can improve startup time and JSP compilation time.
12-Dec-2025 17:19:53.178 INFO [Catalina-utility-1] org.apache.catalina.core.StandardContext.reload Reloading Context with name [/ctp] is completed
12-Dec-2025 17:20:03.181 INFO [Catalina-utility-2] org.apache.catalina.core.StandardContext.reload Reloading Context with name [/ctp] has started
12-Dec-2025 17:20:03.269 INFO [Catalina-utility-2] org.apache.jasper.servlet.TldScanner.scanJars At least one JAR was scanned for TLDs yet contained no TLDs. Enable debug logging for this logger for a complete list of JARs that were scanned but no TLDs were found in them. Skipping unneeded JARs during scanning can improve startup time and JSP compilation time.
12-Dec-2025 17:20:03.270 INFO [Catalina-utility-2] org.apache.catalina.core.StandardContext.reload Reloading Context with name [/ctp] is completed
12-Dec-2025 17:21:23.317 INFO [Catalina-utility-1] org.apache.catalina.core.StandardContext.reload Reloading Context with name [/ctp] has started
12-Dec-2025 17:21:23.397 INFO [Catalina-utility-1] org.apache.jasper.servlet.TldScanner.scanJars At least one JAR was scanned for TLDs yet contained no TLDs. Enable debug logging for this logger for a complete list of JARs that were scanned but no TLDs were found in them. Skipping unneeded JARs during scanning can improve startup time and JSP compilation time.
12-Dec-2025 17:21:23.398 INFO [Catalina-utility-1] org.apache.catalina.core.StandardContext.reload Reloading Context with name [/ctp] is completed
12-Dec-2025 17:21:33.405 INFO [Catalina-utility-1] org.apache.catalina.core.StandardContext.reload Reloading Context with name [/ctp] has started
12-Dec-2025 17:21:33.469 INFO [Catalina-utility-1] org.apache.jasper.servlet.TldScanner.scanJars At least one JAR was scanned for TLDs yet contained no TLDs. Enable debug logging for this logger for a complete list of JARs that were scanned but no TLDs were found in them. Skipping unneeded JARs during scanning can improve startup time and JSP compilation time.
12-Dec-2025 17:21:33.469 INFO [Catalina-utility-1] org.apache.catalina.core.StandardContext.reload Reloading Context with name [/ctp] is completed
12-Dec-2025 17:23:43.564 INFO [Catalina-utility-1] org.apache.catalina.core.StandardContext.reload Reloading Context with name [/ctp] has started
12-Dec-2025 17:23:43.643 INFO [Catalina-utility-1] org.apache.jasper.servlet.TldScanner.scanJars At least one JAR was scanned for TLDs yet contained no TLDs. Enable debug logging for this logger for a complete list of JARs that were scanned but no TLDs were found in them. Skipping unneeded JARs during scanning can improve startup time and JSP compilation time.
12-Dec-2025 17:23:43.644 INFO [Catalina-utility-1] org.apache.catalina.core.StandardContext.reload Reloading Context with name [/ctp] is completed
12-Dec-2025 17:27:33.850 INFO [Catalina-utility-2] org.apache.catalina.core.StandardContext.reload Reloading Context with name [/ctp] has started
12-Dec-2025 17:27:33.945 INFO [Catalina-utility-2] org.apache.jasper.servlet.TldScanner.scanJars At least one JAR was scanned for TLDs yet contained no TLDs. Enable debug logging for this logger for a complete list of JARs that were scanned but no TLDs were found in them. Skipping unneeded JARs during scanning can improve startup time and JSP compilation time.
12-Dec-2025 17:27:33.946 INFO [Catalina-utility-2] org.apache.catalina.core.StandardContext.reload Reloading Context with name [/ctp] is completed
12-Dec-2025 17:27:43.950 INFO [Catalina-utility-2] org.apache.catalina.core.StandardContext.reload Reloading Context with name [/ctp] has started
12-Dec-2025 17:27:44.010 INFO [Catalina-utility-2] org.apache.jasper.servlet.TldScanner.scanJars At least one JAR was scanned for TLDs yet contained no TLDs. Enable debug logging for this logger for a complete list of JARs that were scanned but no TLDs were found in them. Skipping unneeded JARs during scanning can improve startup time and JSP compilation time.
12-Dec-2025 17:27:44.010 INFO [Catalina-utility-2] org.apache.catalina.core.StandardContext.reload Reloading Context with name [/ctp] is completed
12-Dec-2025 17:27:54.013 INFO [Catalina-utility-2] org.apache.catalina.core.StandardContext.reload Reloading Context with name [/ctp] has started
12-Dec-2025 17:27:54.073 INFO [Catalina-utility-2] org.apache.jasper.servlet.TldScanner.scanJars At least one JAR was scanned for TLDs yet contained no TLDs. Enable debug logging for this logger for a complete list of JARs that were scanned but no TLDs were found in them. Skipping unneeded JARs during scanning can improve startup time and JSP compilation time.
12-Dec-2025 17:27:54.073 INFO [Catalina-utility-2] org.apache.catalina.core.StandardContext.reload Reloading Context with name [/ctp] is completed
12-Dec-2025 17:28:04.077 INFO [Catalina-utility-1] org.apache.catalina.core.StandardContext.reload Reloading Context with name [/ctp] has started
12-Dec-2025 17:28:04.139 INFO [Catalina-utility-1] org.apache.jasper.servlet.TldScanner.scanJars At least one JAR was scanned for TLDs yet contained no TLDs. Enable debug logging for this logger for a complete list of JARs that were scanned but no TLDs were found in them. Skipping unneeded JARs during scanning can improve startup time and JSP compilation time.
12-Dec-2025 17:28:04.139 INFO [Catalina-utility-1] org.apache.catalina.core.StandardContext.reload Reloading Context with name [/ctp] is completed
12-Dec-2025 17:28:14.149 INFO [Catalina-utility-2] org.apache.catalina.core.StandardContext.reload Reloading Context with name [/ctp] has started
12-Dec-2025 17:28:14.212 INFO [Catalina-utility-2] org.apache.jasper.servlet.TldScanner.scanJars At least one JAR was scanned for TLDs yet contained no TLDs. Enable debug logging for this logger for a complete list of JARs that were scanned but no TLDs were found in them. Skipping unneeded JARs during scanning can improve startup time and JSP compilation time.
12-Dec-2025 17:28:14.213 INFO [Catalina-utility-2] org.apache.catalina.core.StandardContext.reload Reloading Context with name [/ctp] is completed
12-Dec-2025 17:28:34.226 INFO [Catalina-utility-2] org.apache.catalina.core.StandardContext.reload Reloading Context with name [/ctp] has started
12-Dec-2025 17:28:34.319 INFO [Catalina-utility-2] org.apache.jasper.servlet.TldScanner.scanJars At least one JAR was scanned for TLDs yet contained no TLDs. Enable debug logging for this logger for a complete list of JARs that were scanned but no TLDs were found in them. Skipping unneeded JARs during scanning can improve startup time and JSP compilation time.
12-Dec-2025 17:28:34.320 INFO [Catalina-utility-2] org.apache.catalina.core.StandardContext.reload Reloading Context with name [/ctp] is completed
12-Dec-2025 17:28:44.324 INFO [Catalina-utility-2] org.apache.catalina.core.StandardContext.reload Reloading Context with name [/ctp] has started
12-Dec-2025 17:28:44.388 INFO [Catalina-utility-2] org.apache.jasper.servlet.TldScanner.scanJars At least one JAR was scanned for TLDs yet contained no TLDs. Enable debug logging for this logger for a complete list of JARs that were scanned but no TLDs were found in them. Skipping unneeded JARs during scanning can improve startup time and JSP compilation time.
12-Dec-2025 17:28:44.388 INFO [Catalina-utility-2] org.apache.catalina.core.StandardContext.reload Reloading Context with name [/ctp] is completed
12-Dec-2025 17:29:44.430 INFO [Catalina-utility-2] org.apache.catalina.core.StandardContext.reload Reloading Context with name [/ctp] has started
12-Dec-2025 17:29:44.517 INFO [Catalina-utility-2] org.apache.jasper.servlet.TldScanner.scanJars At least one JAR was scanned for TLDs yet contained no TLDs. Enable debug logging for this logger for a complete list of JARs that were scanned but no TLDs were found in them. Skipping unneeded JARs during scanning can improve startup time and JSP compilation time.
12-Dec-2025 17:29:44.518 INFO [Catalina-utility-2] org.apache.catalina.core.StandardContext.reload Reloading Context with name [/ctp] is completed
12-Dec-2025 17:29:54.523 INFO [Catalina-utility-2] org.apache.catalina.core.StandardContext.reload Reloading Context with name [/ctp] has started
12-Dec-2025 17:29:54.591 INFO [Catalina-utility-2] org.apache.jasper.servlet.TldScanner.scanJars At least one JAR was scanned for TLDs yet contained no TLDs. Enable debug logging for this logger for a complete list of JARs that were scanned but no TLDs were found in them. Skipping unneeded JARs during scanning can improve startup time and JSP compilation time.
12-Dec-2025 17:29:54.591 INFO [Catalina-utility-2] org.apache.catalina.core.StandardContext.reload Reloading Context with name [/ctp] is completed
12-Dec-2025 17:44:45.357 INFO [Catalina-utility-1] org.apache.catalina.core.StandardContext.reload Reloading Context with name [/ctp] has started
12-Dec-2025 17:44:45.438 INFO [Catalina-utility-1] org.apache.jasper.servlet.TldScanner.scanJars At least one JAR was scanned for TLDs yet contained no TLDs. Enable debug logging for this logger for a complete list of JARs that were scanned but no TLDs were found in them. Skipping unneeded JARs during scanning can improve startup time and JSP compilation time.
12-Dec-2025 17:44:45.438 INFO [Catalina-utility-1] org.apache.catalina.core.StandardContext.reload Reloading Context with name [/ctp] is completed
12-Dec-2025 17:46:24.847 INFO [Thread-1] org.apache.coyote.AbstractProtocol.pause Pausing ProtocolHandler ["http-nio-8080"]
12-Dec-2025 17:46:24.848 INFO [Thread-1] org.apache.catalina.core.StandardService.stopInternal Stopping service [Catalina]
12-Dec-2025 17:46:24.857 INFO [Thread-1] org.apache.coyote.AbstractProtocol.stop Stopping ProtocolHandler ["http-nio-8080"]
12-Dec-2025 17:46:24.859 INFO [Thread-1] org.apache.coyote.AbstractProtocol.destroy Destroying ProtocolHandler ["http-nio-8080"]
