10-Feb-2026 10:08:27.502 INFO [main] org.apache.catalina.core.ApplicationContext.log ContextListener: contextInitialized()
10-Feb-2026 10:08:27.502 INFO [main] org.apache.catalina.core.ApplicationContext.log SessionListener: contextInitialized()
10-Feb-2026 10:08:27.503 INFO [main] org.apache.catalina.core.ApplicationContext.log ContextListener: attributeAdded('StockTicker', 'async.Stockticker@21075926')
10-Feb-2026 10:09:07.688 INFO [Thread-1] org.apache.catalina.core.ApplicationContext.log SessionListener: contextDestroyed()
10-Feb-2026 10:09:07.688 INFO [Thread-1] org.apache.catalina.core.ApplicationContext.log ContextListener: contextDestroyed()
10-Feb-2026 10:09:11.446 INFO [main] org.apache.catalina.core.ApplicationContext.log ContextListener: contextInitialized()
10-Feb-2026 10:09:11.446 INFO [main] org.apache.catalina.core.ApplicationContext.log SessionListener: contextInitialized()
10-Feb-2026 10:09:11.447 INFO [main] org.apache.catalina.core.ApplicationContext.log ContextListener: attributeAdded('StockTicker', 'async.Stockticker@1d1254e')
10-Feb-2026 10:34:02.351 INFO [main] org.apache.catalina.core.ApplicationContext.log ContextListener: contextInitialized()
10-Feb-2026 10:34:02.351 INFO [main] org.apache.catalina.core.ApplicationContext.log SessionListener: contextInitialized()
10-Feb-2026 10:34:02.352 INFO [main] org.apache.catalina.core.ApplicationContext.log ContextListener: attributeAdded('StockTicker', 'async.Stockticker@58d7fb91')
10-Feb-2026 10:34:32.126 INFO [http-nio-8080-exec-1] org.apache.catalina.core.ApplicationContext.log Marking servlet [controller.Control] as unavailable
10-Feb-2026 10:34:32.127 SEVERE [http-nio-8080-exec-1] org.apache.catalina.core.StandardWrapperValve.invoke Allocate exception for servlet [controller.Control]
	java.lang.UnsupportedClassVersionError: controller/Control has been compiled by a more recent version of the Java Runtime (class file version 65.0), this version of the Java Runtime only recognizes class file versions up to 61.0 (unable to load class [controller.Control])
		at org.apache.catalina.loader.WebappClassLoaderBase.findClassInternal(WebappClassLoaderBase.java:2170)
		at org.apache.catalina.loader.WebappClassLoaderBase.findClass(WebappClassLoaderBase.java:693)
		at org.apache.catalina.loader.WebappClassLoaderBase.loadClass(WebappClassLoaderBase.java:1186)
		at org.apache.catalina.loader.WebappClassLoaderBase.loadClass(WebappClassLoaderBase.java:1056)
		at org.apache.catalina.core.DefaultInstanceManager.loadClass(DefaultInstanceManager.java:474)
		at org.apache.catalina.core.DefaultInstanceManager.loadClassMaybePrivileged(DefaultInstanceManager.java:457)
		at org.apache.catalina.core.DefaultInstanceManager.newInstance(DefaultInstanceManager.java:139)
		at org.apache.catalina.core.StandardWrapper.loadServlet(StandardWrapper.java:753)
		at org.apache.catalina.core.StandardWrapper.allocate(StandardWrapper.java:571)
		at org.apache.catalina.core.StandardWrapperValve.invoke(StandardWrapperValve.java:113)
		at org.apache.catalina.core.StandardContextValve.invoke(StandardContextValve.java:77)
		at org.apache.catalina.authenticator.AuthenticatorBase.invoke(AuthenticatorBase.java:482)
		at org.apache.catalina.core.StandardHostValve.invoke(StandardHostValve.java:113)
		at org.apache.catalina.valves.ErrorReportValve.invoke(ErrorReportValve.java:83)
		at org.apache.catalina.valves.AbstractAccessLogValve.invoke(AbstractAccessLogValve.java:654)
		at org.apache.catalina.core.StandardEngineValve.invoke(StandardEngineValve.java:72)
		at org.apache.catalina.connector.CoyoteAdapter.service(CoyoteAdapter.java:341)
		at org.apache.coyote.http11.Http11Processor.service(Http11Processor.java:397)
		at org.apache.coyote.AbstractProcessorLight.process(AbstractProcessorLight.java:63)
		at org.apache.coyote.AbstractProtocol$ConnectionHandler.process(AbstractProtocol.java:903)
		at org.apache.tomcat.util.net.NioEndpoint$SocketProcessor.doRun(NioEndpoint.java:1778)
		at org.apache.tomcat.util.net.SocketProcessorBase.run(SocketProcessorBase.java:52)
		at org.apache.tomcat.util.threads.ThreadPoolExecutor.runWorker(ThreadPoolExecutor.java:946)
		at org.apache.tomcat.util.threads.ThreadPoolExecutor$Worker.run(ThreadPoolExecutor.java:480)
		at org.apache.tomcat.util.threads.TaskThread$WrappingRunnable.run(TaskThread.java:57)
		at java.base/java.lang.Thread.run(Thread.java:840)
10-Feb-2026 10:34:51.203 INFO [Thread-1] org.apache.catalina.core.ApplicationContext.log SessionListener: contextDestroyed()
10-Feb-2026 10:34:51.203 INFO [Thread-1] org.apache.catalina.core.ApplicationContext.log ContextListener: contextDestroyed()
10-Feb-2026 10:34:54.972 INFO [main] org.apache.catalina.core.ApplicationContext.log ContextListener: contextInitialized()
10-Feb-2026 10:34:54.972 INFO [main] org.apache.catalina.core.ApplicationContext.log SessionListener: contextInitialized()
10-Feb-2026 10:34:54.973 INFO [main] org.apache.catalina.core.ApplicationContext.log ContextListener: attributeAdded('StockTicker', 'async.Stockticker@2d37dc78')
10-Feb-2026 12:25:35.302 INFO [main] org.apache.catalina.core.ApplicationContext.log ContextListener: contextInitialized()
10-Feb-2026 12:25:35.302 INFO [main] org.apache.catalina.core.ApplicationContext.log SessionListener: contextInitialized()
10-Feb-2026 12:25:35.303 INFO [main] org.apache.catalina.core.ApplicationContext.log ContextListener: attributeAdded('StockTicker', 'async.Stockticker@163fc3e4')
10-Feb-2026 12:25:43.149 SEVERE [http-nio-8080-exec-1] org.apache.catalina.core.StandardWrapperValve.invoke Servlet.service() for servlet [controller.ReservationControl] in context with path [/ctp] threw exception
	java.lang.NumberFormatException: Cannot parse null string
		at java.base/java.lang.Integer.parseInt(Integer.java:630)
		at java.base/java.lang.Integer.parseInt(Integer.java:786)
		at controller.ReservationControl.doGet(ReservationControl.java:27)
		at jakarta.servlet.http.HttpServlet.service(HttpServlet.java:622)
		at jakarta.servlet.http.HttpServlet.service(HttpServlet.java:710)
		at org.apache.catalina.core.ApplicationFilterChain.doFilter(ApplicationFilterChain.java:128)
		at org.apache.tomcat.websocket.server.WsFilter.doFilter(WsFilter.java:53)
		at org.apache.catalina.core.ApplicationFilterChain.doFilter(ApplicationFilterChain.java:107)
		at org.apache.catalina.core.StandardWrapperValve.invoke(StandardWrapperValve.java:165)
		at org.apache.catalina.core.StandardContextValve.invoke(StandardContextValve.java:77)
		at org.apache.catalina.authenticator.AuthenticatorBase.invoke(AuthenticatorBase.java:482)
		at org.apache.catalina.core.StandardHostValve.invoke(StandardHostValve.java:113)
		at org.apache.catalina.valves.ErrorReportValve.invoke(ErrorReportValve.java:83)
		at org.apache.catalina.valves.AbstractAccessLogValve.invoke(AbstractAccessLogValve.java:654)
		at org.apache.catalina.core.StandardEngineValve.invoke(StandardEngineValve.java:72)
		at org.apache.catalina.connector.CoyoteAdapter.service(CoyoteAdapter.java:341)
		at org.apache.coyote.http11.Http11Processor.service(Http11Processor.java:397)
		at org.apache.coyote.AbstractProcessorLight.process(AbstractProcessorLight.java:63)
		at org.apache.coyote.AbstractProtocol$ConnectionHandler.process(AbstractProtocol.java:903)
		at org.apache.tomcat.util.net.NioEndpoint$SocketProcessor.doRun(NioEndpoint.java:1778)
		at org.apache.tomcat.util.net.SocketProcessorBase.run(SocketProcessorBase.java:52)
		at org.apache.tomcat.util.threads.ThreadPoolExecutor.runWorker(ThreadPoolExecutor.java:946)
		at org.apache.tomcat.util.threads.ThreadPoolExecutor$Worker.run(ThreadPoolExecutor.java:480)
		at org.apache.tomcat.util.threads.TaskThread$WrappingRunnable.run(TaskThread.java:57)
		at java.base/java.lang.Thread.run(Thread.java:840)
10-Feb-2026 12:26:12.082 SEVERE [http-nio-8080-exec-3] org.apache.catalina.core.StandardWrapperValve.invoke Servlet.service() for servlet [controller.ReservationControl] in context with path [/ctp] threw exception
	java.lang.NumberFormatException: Cannot parse null string
		at java.base/java.lang.Integer.parseInt(Integer.java:630)
		at java.base/java.lang.Integer.parseInt(Integer.java:786)
		at controller.ReservationControl.doGet(ReservationControl.java:27)
		at jakarta.servlet.http.HttpServlet.service(HttpServlet.java:622)
		at jakarta.servlet.http.HttpServlet.service(HttpServlet.java:710)
		at org.apache.catalina.core.ApplicationFilterChain.doFilter(ApplicationFilterChain.java:128)
		at org.apache.tomcat.websocket.server.WsFilter.doFilter(WsFilter.java:53)
		at org.apache.catalina.core.ApplicationFilterChain.doFilter(ApplicationFilterChain.java:107)
		at org.apache.catalina.core.StandardWrapperValve.invoke(StandardWrapperValve.java:165)
		at org.apache.catalina.core.StandardContextValve.invoke(StandardContextValve.java:77)
		at org.apache.catalina.authenticator.AuthenticatorBase.invoke(AuthenticatorBase.java:482)
		at org.apache.catalina.core.StandardHostValve.invoke(StandardHostValve.java:113)
		at org.apache.catalina.valves.ErrorReportValve.invoke(ErrorReportValve.java:83)
		at org.apache.catalina.valves.AbstractAccessLogValve.invoke(AbstractAccessLogValve.java:654)
		at org.apache.catalina.core.StandardEngineValve.invoke(StandardEngineValve.java:72)
		at org.apache.catalina.connector.CoyoteAdapter.service(CoyoteAdapter.java:341)
		at org.apache.coyote.http11.Http11Processor.service(Http11Processor.java:397)
		at org.apache.coyote.AbstractProcessorLight.process(AbstractProcessorLight.java:63)
		at org.apache.coyote.AbstractProtocol$ConnectionHandler.process(AbstractProtocol.java:903)
		at org.apache.tomcat.util.net.NioEndpoint$SocketProcessor.doRun(NioEndpoint.java:1778)
		at org.apache.tomcat.util.net.SocketProcessorBase.run(SocketProcessorBase.java:52)
		at org.apache.tomcat.util.threads.ThreadPoolExecutor.runWorker(ThreadPoolExecutor.java:946)
		at org.apache.tomcat.util.threads.ThreadPoolExecutor$Worker.run(ThreadPoolExecutor.java:480)
		at org.apache.tomcat.util.threads.TaskThread$WrappingRunnable.run(TaskThread.java:57)
		at java.base/java.lang.Thread.run(Thread.java:840)
10-Feb-2026 12:26:12.655 SEVERE [http-nio-8080-exec-4] org.apache.catalina.core.StandardWrapperValve.invoke Servlet.service() for servlet [controller.ReservationControl] in context with path [/ctp] threw exception
	java.lang.NumberFormatException: Cannot parse null string
		at java.base/java.lang.Integer.parseInt(Integer.java:630)
		at java.base/java.lang.Integer.parseInt(Integer.java:786)
		at controller.ReservationControl.doGet(ReservationControl.java:27)
		at jakarta.servlet.http.HttpServlet.service(HttpServlet.java:622)
		at jakarta.servlet.http.HttpServlet.service(HttpServlet.java:710)
		at org.apache.catalina.core.ApplicationFilterChain.doFilter(ApplicationFilterChain.java:128)
		at org.apache.tomcat.websocket.server.WsFilter.doFilter(WsFilter.java:53)
		at org.apache.catalina.core.ApplicationFilterChain.doFilter(ApplicationFilterChain.java:107)
		at org.apache.catalina.core.StandardWrapperValve.invoke(StandardWrapperValve.java:165)
		at org.apache.catalina.core.StandardContextValve.invoke(StandardContextValve.java:77)
		at org.apache.catalina.authenticator.AuthenticatorBase.invoke(AuthenticatorBase.java:482)
		at org.apache.catalina.core.StandardHostValve.invoke(StandardHostValve.java:113)
		at org.apache.catalina.valves.ErrorReportValve.invoke(ErrorReportValve.java:83)
		at org.apache.catalina.valves.AbstractAccessLogValve.invoke(AbstractAccessLogValve.java:654)
		at org.apache.catalina.core.StandardEngineValve.invoke(StandardEngineValve.java:72)
		at org.apache.catalina.connector.CoyoteAdapter.service(CoyoteAdapter.java:341)
		at org.apache.coyote.http11.Http11Processor.service(Http11Processor.java:397)
		at org.apache.coyote.AbstractProcessorLight.process(AbstractProcessorLight.java:63)
		at org.apache.coyote.AbstractProtocol$ConnectionHandler.process(AbstractProtocol.java:903)
		at org.apache.tomcat.util.net.NioEndpoint$SocketProcessor.doRun(NioEndpoint.java:1778)
		at org.apache.tomcat.util.net.SocketProcessorBase.run(SocketProcessorBase.java:52)
		at org.apache.tomcat.util.threads.ThreadPoolExecutor.runWorker(ThreadPoolExecutor.java:946)
		at org.apache.tomcat.util.threads.ThreadPoolExecutor$Worker.run(ThreadPoolExecutor.java:480)
		at org.apache.tomcat.util.threads.TaskThread$WrappingRunnable.run(TaskThread.java:57)
		at java.base/java.lang.Thread.run(Thread.java:840)
10-Feb-2026 12:26:43.406 SEVERE [http-nio-8080-exec-5] org.apache.catalina.core.StandardWrapperValve.invoke Servlet.service() for servlet [controller.ReservationControl] in context with path [/ctp] threw exception
	java.lang.NumberFormatException: Cannot parse null string
		at java.base/java.lang.Integer.parseInt(Integer.java:630)
		at java.base/java.lang.Integer.parseInt(Integer.java:786)
		at controller.ReservationControl.doGet(ReservationControl.java:27)
		at jakarta.servlet.http.HttpServlet.service(HttpServlet.java:622)
		at jakarta.servlet.http.HttpServlet.service(HttpServlet.java:710)
		at org.apache.catalina.core.ApplicationFilterChain.doFilter(ApplicationFilterChain.java:128)
		at org.apache.tomcat.websocket.server.WsFilter.doFilter(WsFilter.java:53)
		at org.apache.catalina.core.ApplicationFilterChain.doFilter(ApplicationFilterChain.java:107)
		at org.apache.catalina.core.StandardWrapperValve.invoke(StandardWrapperValve.java:165)
		at org.apache.catalina.core.StandardContextValve.invoke(StandardContextValve.java:77)
		at org.apache.catalina.authenticator.AuthenticatorBase.invoke(AuthenticatorBase.java:482)
		at org.apache.catalina.core.StandardHostValve.invoke(StandardHostValve.java:113)
		at org.apache.catalina.valves.ErrorReportValve.invoke(ErrorReportValve.java:83)
		at org.apache.catalina.valves.AbstractAccessLogValve.invoke(AbstractAccessLogValve.java:654)
		at org.apache.catalina.core.StandardEngineValve.invoke(StandardEngineValve.java:72)
		at org.apache.catalina.connector.CoyoteAdapter.service(CoyoteAdapter.java:341)
		at org.apache.coyote.http11.Http11Processor.service(Http11Processor.java:397)
		at org.apache.coyote.AbstractProcessorLight.process(AbstractProcessorLight.java:63)
		at org.apache.coyote.AbstractProtocol$ConnectionHandler.process(AbstractProtocol.java:903)
		at org.apache.tomcat.util.net.NioEndpoint$SocketProcessor.doRun(NioEndpoint.java:1778)
		at org.apache.tomcat.util.net.SocketProcessorBase.run(SocketProcessorBase.java:52)
		at org.apache.tomcat.util.threads.ThreadPoolExecutor.runWorker(ThreadPoolExecutor.java:946)
		at org.apache.tomcat.util.threads.ThreadPoolExecutor$Worker.run(ThreadPoolExecutor.java:480)
		at org.apache.tomcat.util.threads.TaskThread$WrappingRunnable.run(TaskThread.java:57)
		at java.base/java.lang.Thread.run(Thread.java:840)
10-Feb-2026 12:26:55.792 SEVERE [http-nio-8080-exec-7] org.apache.catalina.core.StandardWrapperValve.invoke Servlet.service() for servlet [controller.ReservationControl] in context with path [/ctp] threw exception
	java.lang.NumberFormatException: Cannot parse null string
		at java.base/java.lang.Integer.parseInt(Integer.java:630)
		at java.base/java.lang.Integer.parseInt(Integer.java:786)
		at controller.ReservationControl.doGet(ReservationControl.java:27)
		at jakarta.servlet.http.HttpServlet.service(HttpServlet.java:622)
		at jakarta.servlet.http.HttpServlet.service(HttpServlet.java:710)
		at org.apache.catalina.core.ApplicationFilterChain.doFilter(ApplicationFilterChain.java:128)
		at org.apache.tomcat.websocket.server.WsFilter.doFilter(WsFilter.java:53)
		at org.apache.catalina.core.ApplicationFilterChain.doFilter(ApplicationFilterChain.java:107)
		at org.apache.catalina.core.StandardWrapperValve.invoke(StandardWrapperValve.java:165)
		at org.apache.catalina.core.StandardContextValve.invoke(StandardContextValve.java:77)
		at org.apache.catalina.authenticator.AuthenticatorBase.invoke(AuthenticatorBase.java:482)
		at org.apache.catalina.core.StandardHostValve.invoke(StandardHostValve.java:113)
		at org.apache.catalina.valves.ErrorReportValve.invoke(ErrorReportValve.java:83)
		at org.apache.catalina.valves.AbstractAccessLogValve.invoke(AbstractAccessLogValve.java:654)
		at org.apache.catalina.core.StandardEngineValve.invoke(StandardEngineValve.java:72)
		at org.apache.catalina.connector.CoyoteAdapter.service(CoyoteAdapter.java:341)
		at org.apache.coyote.http11.Http11Processor.service(Http11Processor.java:397)
		at org.apache.coyote.AbstractProcessorLight.process(AbstractProcessorLight.java:63)
		at org.apache.coyote.AbstractProtocol$ConnectionHandler.process(AbstractProtocol.java:903)
		at org.apache.tomcat.util.net.NioEndpoint$SocketProcessor.doRun(NioEndpoint.java:1778)
		at org.apache.tomcat.util.net.SocketProcessorBase.run(SocketProcessorBase.java:52)
		at org.apache.tomcat.util.threads.ThreadPoolExecutor.runWorker(ThreadPoolExecutor.java:946)
		at org.apache.tomcat.util.threads.ThreadPoolExecutor$Worker.run(ThreadPoolExecutor.java:480)
		at org.apache.tomcat.util.threads.TaskThread$WrappingRunnable.run(TaskThread.java:57)
		at java.base/java.lang.Thread.run(Thread.java:840)
10-Feb-2026 12:27:11.682 SEVERE [http-nio-8080-exec-8] org.apache.catalina.core.StandardWrapperValve.invoke Servlet.service() for servlet [controller.ReservationControl] in context with path [/ctp] threw exception
	java.lang.NumberFormatException: Cannot parse null string
		at java.base/java.lang.Integer.parseInt(Integer.java:630)
		at java.base/java.lang.Integer.parseInt(Integer.java:786)
		at controller.ReservationControl.doGet(ReservationControl.java:27)
		at jakarta.servlet.http.HttpServlet.service(HttpServlet.java:622)
		at jakarta.servlet.http.HttpServlet.service(HttpServlet.java:710)
		at org.apache.catalina.core.ApplicationFilterChain.doFilter(ApplicationFilterChain.java:128)
		at org.apache.tomcat.websocket.server.WsFilter.doFilter(WsFilter.java:53)
		at org.apache.catalina.core.ApplicationFilterChain.doFilter(ApplicationFilterChain.java:107)
		at org.apache.catalina.core.StandardWrapperValve.invoke(StandardWrapperValve.java:165)
		at org.apache.catalina.core.StandardContextValve.invoke(StandardContextValve.java:77)
		at org.apache.catalina.authenticator.AuthenticatorBase.invoke(AuthenticatorBase.java:482)
		at org.apache.catalina.core.StandardHostValve.invoke(StandardHostValve.java:113)
		at org.apache.catalina.valves.ErrorReportValve.invoke(ErrorReportValve.java:83)
		at org.apache.catalina.valves.AbstractAccessLogValve.invoke(AbstractAccessLogValve.java:654)
		at org.apache.catalina.core.StandardEngineValve.invoke(StandardEngineValve.java:72)
		at org.apache.catalina.connector.CoyoteAdapter.service(CoyoteAdapter.java:341)
		at org.apache.coyote.http11.Http11Processor.service(Http11Processor.java:397)
		at org.apache.coyote.AbstractProcessorLight.process(AbstractProcessorLight.java:63)
		at org.apache.coyote.AbstractProtocol$ConnectionHandler.process(AbstractProtocol.java:903)
		at org.apache.tomcat.util.net.NioEndpoint$SocketProcessor.doRun(NioEndpoint.java:1778)
		at org.apache.tomcat.util.net.SocketProcessorBase.run(SocketProcessorBase.java:52)
		at org.apache.tomcat.util.threads.ThreadPoolExecutor.runWorker(ThreadPoolExecutor.java:946)
		at org.apache.tomcat.util.threads.ThreadPoolExecutor$Worker.run(ThreadPoolExecutor.java:480)
		at org.apache.tomcat.util.threads.TaskThread$WrappingRunnable.run(TaskThread.java:57)
		at java.base/java.lang.Thread.run(Thread.java:840)
10-Feb-2026 12:27:55.379 INFO [Thread-1] org.apache.catalina.core.ApplicationContext.log SessionListener: contextDestroyed()
10-Feb-2026 12:27:55.379 INFO [Thread-1] org.apache.catalina.core.ApplicationContext.log ContextListener: contextDestroyed()
10-Feb-2026 12:28:03.464 INFO [main] org.apache.catalina.core.ApplicationContext.log ContextListener: contextInitialized()
10-Feb-2026 12:28:03.464 INFO [main] org.apache.catalina.core.ApplicationContext.log SessionListener: contextInitialized()
10-Feb-2026 12:28:03.465 INFO [main] org.apache.catalina.core.ApplicationContext.log ContextListener: attributeAdded('StockTicker', 'async.Stockticker@33af77e9')
10-Feb-2026 12:28:03.650 SEVERE [http-nio-8080-exec-1] org.apache.catalina.core.StandardWrapperValve.invoke Servlet.service() for servlet [controller.ReservationControl] in context with path [/ctp] threw exception
	java.lang.NumberFormatException: Cannot parse null string
		at java.base/java.lang.Integer.parseInt(Integer.java:630)
		at java.base/java.lang.Integer.parseInt(Integer.java:786)
		at controller.ReservationControl.doGet(ReservationControl.java:30)
		at jakarta.servlet.http.HttpServlet.service(HttpServlet.java:622)
		at jakarta.servlet.http.HttpServlet.service(HttpServlet.java:710)
		at org.apache.catalina.core.ApplicationFilterChain.doFilter(ApplicationFilterChain.java:128)
		at org.apache.tomcat.websocket.server.WsFilter.doFilter(WsFilter.java:53)
		at org.apache.catalina.core.ApplicationFilterChain.doFilter(ApplicationFilterChain.java:107)
		at org.apache.catalina.core.StandardWrapperValve.invoke(StandardWrapperValve.java:165)
		at org.apache.catalina.core.StandardContextValve.invoke(StandardContextValve.java:77)
		at org.apache.catalina.authenticator.AuthenticatorBase.invoke(AuthenticatorBase.java:482)
		at org.apache.catalina.core.StandardHostValve.invoke(StandardHostValve.java:113)
		at org.apache.catalina.valves.ErrorReportValve.invoke(ErrorReportValve.java:83)
		at org.apache.catalina.valves.AbstractAccessLogValve.invoke(AbstractAccessLogValve.java:654)
		at org.apache.catalina.core.StandardEngineValve.invoke(StandardEngineValve.java:72)
		at org.apache.catalina.connector.CoyoteAdapter.service(CoyoteAdapter.java:341)
		at org.apache.coyote.http11.Http11Processor.service(Http11Processor.java:397)
		at org.apache.coyote.AbstractProcessorLight.process(AbstractProcessorLight.java:63)
		at org.apache.coyote.AbstractProtocol$ConnectionHandler.process(AbstractProtocol.java:903)
		at org.apache.tomcat.util.net.NioEndpoint$SocketProcessor.doRun(NioEndpoint.java:1778)
		at org.apache.tomcat.util.net.SocketProcessorBase.run(SocketProcessorBase.java:52)
		at org.apache.tomcat.util.threads.ThreadPoolExecutor.runWorker(ThreadPoolExecutor.java:946)
		at org.apache.tomcat.util.threads.ThreadPoolExecutor$Worker.run(ThreadPoolExecutor.java:480)
		at org.apache.tomcat.util.threads.TaskThread$WrappingRunnable.run(TaskThread.java:57)
		at java.base/java.lang.Thread.run(Thread.java:840)
10-Feb-2026 12:28:04.267 SEVERE [http-nio-8080-exec-2] org.apache.catalina.core.StandardWrapperValve.invoke Servlet.service() for servlet [controller.ReservationControl] in context with path [/ctp] threw exception
	java.lang.NumberFormatException: Cannot parse null string
		at java.base/java.lang.Integer.parseInt(Integer.java:630)
		at java.base/java.lang.Integer.parseInt(Integer.java:786)
		at controller.ReservationControl.doGet(ReservationControl.java:30)
		at jakarta.servlet.http.HttpServlet.service(HttpServlet.java:622)
		at jakarta.servlet.http.HttpServlet.service(HttpServlet.java:710)
		at org.apache.catalina.core.ApplicationFilterChain.doFilter(ApplicationFilterChain.java:128)
		at org.apache.tomcat.websocket.server.WsFilter.doFilter(WsFilter.java:53)
		at org.apache.catalina.core.ApplicationFilterChain.doFilter(ApplicationFilterChain.java:107)
		at org.apache.catalina.core.StandardWrapperValve.invoke(StandardWrapperValve.java:165)
		at org.apache.catalina.core.StandardContextValve.invoke(StandardContextValve.java:77)
		at org.apache.catalina.authenticator.AuthenticatorBase.invoke(AuthenticatorBase.java:482)
		at org.apache.catalina.core.StandardHostValve.invoke(StandardHostValve.java:113)
		at org.apache.catalina.valves.ErrorReportValve.invoke(ErrorReportValve.java:83)
		at org.apache.catalina.valves.AbstractAccessLogValve.invoke(AbstractAccessLogValve.java:654)
		at org.apache.catalina.core.StandardEngineValve.invoke(StandardEngineValve.java:72)
		at org.apache.catalina.connector.CoyoteAdapter.service(CoyoteAdapter.java:341)
		at org.apache.coyote.http11.Http11Processor.service(Http11Processor.java:397)
		at org.apache.coyote.AbstractProcessorLight.process(AbstractProcessorLight.java:63)
		at org.apache.coyote.AbstractProtocol$ConnectionHandler.process(AbstractProtocol.java:903)
		at org.apache.tomcat.util.net.NioEndpoint$SocketProcessor.doRun(NioEndpoint.java:1778)
		at org.apache.tomcat.util.net.SocketProcessorBase.run(SocketProcessorBase.java:52)
		at org.apache.tomcat.util.threads.ThreadPoolExecutor.runWorker(ThreadPoolExecutor.java:946)
		at org.apache.tomcat.util.threads.ThreadPoolExecutor$Worker.run(ThreadPoolExecutor.java:480)
		at org.apache.tomcat.util.threads.TaskThread$WrappingRunnable.run(TaskThread.java:57)
		at java.base/java.lang.Thread.run(Thread.java:840)
10-Feb-2026 12:29:30.563 INFO [Thread-1] org.apache.catalina.core.ApplicationContext.log SessionListener: contextDestroyed()
10-Feb-2026 12:29:30.563 INFO [Thread-1] org.apache.catalina.core.ApplicationContext.log ContextListener: contextDestroyed()
10-Feb-2026 12:29:34.637 INFO [main] org.apache.catalina.core.ApplicationContext.log ContextListener: contextInitialized()
10-Feb-2026 12:29:34.637 INFO [main] org.apache.catalina.core.ApplicationContext.log SessionListener: contextInitialized()
10-Feb-2026 12:29:34.638 INFO [main] org.apache.catalina.core.ApplicationContext.log ContextListener: attributeAdded('StockTicker', 'async.Stockticker@58d7fb91')
10-Feb-2026 12:29:34.827 SEVERE [http-nio-8080-exec-1] org.apache.catalina.core.StandardWrapperValve.invoke Servlet.service() for servlet [controller.ReservationControl] in context with path [/ctp] threw exception
	java.lang.NumberFormatException: Cannot parse null string
		at java.base/java.lang.Integer.parseInt(Integer.java:630)
		at java.base/java.lang.Integer.parseInt(Integer.java:786)
		at controller.ReservationControl.doGet(ReservationControl.java:30)
		at jakarta.servlet.http.HttpServlet.service(HttpServlet.java:622)
		at jakarta.servlet.http.HttpServlet.service(HttpServlet.java:710)
		at org.apache.catalina.core.ApplicationFilterChain.doFilter(ApplicationFilterChain.java:128)
		at org.apache.tomcat.websocket.server.WsFilter.doFilter(WsFilter.java:53)
		at org.apache.catalina.core.ApplicationFilterChain.doFilter(ApplicationFilterChain.java:107)
		at org.apache.catalina.core.StandardWrapperValve.invoke(StandardWrapperValve.java:165)
		at org.apache.catalina.core.StandardContextValve.invoke(StandardContextValve.java:77)
		at org.apache.catalina.authenticator.AuthenticatorBase.invoke(AuthenticatorBase.java:482)
		at org.apache.catalina.core.StandardHostValve.invoke(StandardHostValve.java:113)
		at org.apache.catalina.valves.ErrorReportValve.invoke(ErrorReportValve.java:83)
		at org.apache.catalina.valves.AbstractAccessLogValve.invoke(AbstractAccessLogValve.java:654)
		at org.apache.catalina.core.StandardEngineValve.invoke(StandardEngineValve.java:72)
		at org.apache.catalina.connector.CoyoteAdapter.service(CoyoteAdapter.java:341)
		at org.apache.coyote.http11.Http11Processor.service(Http11Processor.java:397)
		at org.apache.coyote.AbstractProcessorLight.process(AbstractProcessorLight.java:63)
		at org.apache.coyote.AbstractProtocol$ConnectionHandler.process(AbstractProtocol.java:903)
		at org.apache.tomcat.util.net.NioEndpoint$SocketProcessor.doRun(NioEndpoint.java:1778)
		at org.apache.tomcat.util.net.SocketProcessorBase.run(SocketProcessorBase.java:52)
		at org.apache.tomcat.util.threads.ThreadPoolExecutor.runWorker(ThreadPoolExecutor.java:946)
		at org.apache.tomcat.util.threads.ThreadPoolExecutor$Worker.run(ThreadPoolExecutor.java:480)
		at org.apache.tomcat.util.threads.TaskThread$WrappingRunnable.run(TaskThread.java:57)
		at java.base/java.lang.Thread.run(Thread.java:840)
10-Feb-2026 12:29:35.387 SEVERE [http-nio-8080-exec-2] org.apache.catalina.core.StandardWrapperValve.invoke Servlet.service() for servlet [controller.ReservationControl] in context with path [/ctp] threw exception
	java.lang.NumberFormatException: Cannot parse null string
		at java.base/java.lang.Integer.parseInt(Integer.java:630)
		at java.base/java.lang.Integer.parseInt(Integer.java:786)
		at controller.ReservationControl.doGet(ReservationControl.java:30)
		at jakarta.servlet.http.HttpServlet.service(HttpServlet.java:622)
		at jakarta.servlet.http.HttpServlet.service(HttpServlet.java:710)
		at org.apache.catalina.core.ApplicationFilterChain.doFilter(ApplicationFilterChain.java:128)
		at org.apache.tomcat.websocket.server.WsFilter.doFilter(WsFilter.java:53)
		at org.apache.catalina.core.ApplicationFilterChain.doFilter(ApplicationFilterChain.java:107)
		at org.apache.catalina.core.StandardWrapperValve.invoke(StandardWrapperValve.java:165)
		at org.apache.catalina.core.StandardContextValve.invoke(StandardContextValve.java:77)
		at org.apache.catalina.authenticator.AuthenticatorBase.invoke(AuthenticatorBase.java:482)
		at org.apache.catalina.core.StandardHostValve.invoke(StandardHostValve.java:113)
		at org.apache.catalina.valves.ErrorReportValve.invoke(ErrorReportValve.java:83)
		at org.apache.catalina.valves.AbstractAccessLogValve.invoke(AbstractAccessLogValve.java:654)
		at org.apache.catalina.core.StandardEngineValve.invoke(StandardEngineValve.java:72)
		at org.apache.catalina.connector.CoyoteAdapter.service(CoyoteAdapter.java:341)
		at org.apache.coyote.http11.Http11Processor.service(Http11Processor.java:397)
		at org.apache.coyote.AbstractProcessorLight.process(AbstractProcessorLight.java:63)
		at org.apache.coyote.AbstractProtocol$ConnectionHandler.process(AbstractProtocol.java:903)
		at org.apache.tomcat.util.net.NioEndpoint$SocketProcessor.doRun(NioEndpoint.java:1778)
		at org.apache.tomcat.util.net.SocketProcessorBase.run(SocketProcessorBase.java:52)
		at org.apache.tomcat.util.threads.ThreadPoolExecutor.runWorker(ThreadPoolExecutor.java:946)
		at org.apache.tomcat.util.threads.ThreadPoolExecutor$Worker.run(ThreadPoolExecutor.java:480)
		at org.apache.tomcat.util.threads.TaskThread$WrappingRunnable.run(TaskThread.java:57)
		at java.base/java.lang.Thread.run(Thread.java:840)
10-Feb-2026 12:30:23.972 SEVERE [http-nio-8080-exec-3] org.apache.catalina.core.StandardWrapperValve.invoke Servlet.service() for servlet [controller.ReservationControl] in context with path [/ctp] threw exception
	java.lang.NumberFormatException: Cannot parse null string
		at java.base/java.lang.Integer.parseInt(Integer.java:630)
		at java.base/java.lang.Integer.parseInt(Integer.java:786)
		at controller.ReservationControl.doGet(ReservationControl.java:30)
		at jakarta.servlet.http.HttpServlet.service(HttpServlet.java:622)
		at jakarta.servlet.http.HttpServlet.service(HttpServlet.java:710)
		at org.apache.catalina.core.ApplicationFilterChain.doFilter(ApplicationFilterChain.java:128)
		at org.apache.tomcat.websocket.server.WsFilter.doFilter(WsFilter.java:53)
		at org.apache.catalina.core.ApplicationFilterChain.doFilter(ApplicationFilterChain.java:107)
		at org.apache.catalina.core.StandardWrapperValve.invoke(StandardWrapperValve.java:165)
		at org.apache.catalina.core.StandardContextValve.invoke(StandardContextValve.java:77)
		at org.apache.catalina.authenticator.AuthenticatorBase.invoke(AuthenticatorBase.java:482)
		at org.apache.catalina.core.StandardHostValve.invoke(StandardHostValve.java:113)
		at org.apache.catalina.valves.ErrorReportValve.invoke(ErrorReportValve.java:83)
		at org.apache.catalina.valves.AbstractAccessLogValve.invoke(AbstractAccessLogValve.java:654)
		at org.apache.catalina.core.StandardEngineValve.invoke(StandardEngineValve.java:72)
		at org.apache.catalina.connector.CoyoteAdapter.service(CoyoteAdapter.java:341)
		at org.apache.coyote.http11.Http11Processor.service(Http11Processor.java:397)
		at org.apache.coyote.AbstractProcessorLight.process(AbstractProcessorLight.java:63)
		at org.apache.coyote.AbstractProtocol$ConnectionHandler.process(AbstractProtocol.java:903)
		at org.apache.tomcat.util.net.NioEndpoint$SocketProcessor.doRun(NioEndpoint.java:1778)
		at org.apache.tomcat.util.net.SocketProcessorBase.run(SocketProcessorBase.java:52)
		at org.apache.tomcat.util.threads.ThreadPoolExecutor.runWorker(ThreadPoolExecutor.java:946)
		at org.apache.tomcat.util.threads.ThreadPoolExecutor$Worker.run(ThreadPoolExecutor.java:480)
		at org.apache.tomcat.util.threads.TaskThread$WrappingRunnable.run(TaskThread.java:57)
		at java.base/java.lang.Thread.run(Thread.java:840)
10-Feb-2026 12:30:24.690 SEVERE [http-nio-8080-exec-4] org.apache.catalina.core.StandardWrapperValve.invoke Servlet.service() for servlet [controller.ReservationControl] in context with path [/ctp] threw exception
	java.lang.NumberFormatException: Cannot parse null string
		at java.base/java.lang.Integer.parseInt(Integer.java:630)
		at java.base/java.lang.Integer.parseInt(Integer.java:786)
		at controller.ReservationControl.doGet(ReservationControl.java:30)
		at jakarta.servlet.http.HttpServlet.service(HttpServlet.java:622)
		at jakarta.servlet.http.HttpServlet.service(HttpServlet.java:710)
		at org.apache.catalina.core.ApplicationFilterChain.doFilter(ApplicationFilterChain.java:128)
		at org.apache.tomcat.websocket.server.WsFilter.doFilter(WsFilter.java:53)
		at org.apache.catalina.core.ApplicationFilterChain.doFilter(ApplicationFilterChain.java:107)
		at org.apache.catalina.core.StandardWrapperValve.invoke(StandardWrapperValve.java:165)
		at org.apache.catalina.core.StandardContextValve.invoke(StandardContextValve.java:77)
		at org.apache.catalina.authenticator.AuthenticatorBase.invoke(AuthenticatorBase.java:482)
		at org.apache.catalina.core.StandardHostValve.invoke(StandardHostValve.java:113)
		at org.apache.catalina.valves.ErrorReportValve.invoke(ErrorReportValve.java:83)
		at org.apache.catalina.valves.AbstractAccessLogValve.invoke(AbstractAccessLogValve.java:654)
		at org.apache.catalina.core.StandardEngineValve.invoke(StandardEngineValve.java:72)
		at org.apache.catalina.connector.CoyoteAdapter.service(CoyoteAdapter.java:341)
		at org.apache.coyote.http11.Http11Processor.service(Http11Processor.java:397)
		at org.apache.coyote.AbstractProcessorLight.process(AbstractProcessorLight.java:63)
		at org.apache.coyote.AbstractProtocol$ConnectionHandler.process(AbstractProtocol.java:903)
		at org.apache.tomcat.util.net.NioEndpoint$SocketProcessor.doRun(NioEndpoint.java:1778)
		at org.apache.tomcat.util.net.SocketProcessorBase.run(SocketProcessorBase.java:52)
		at org.apache.tomcat.util.threads.ThreadPoolExecutor.runWorker(ThreadPoolExecutor.java:946)
		at org.apache.tomcat.util.threads.ThreadPoolExecutor$Worker.run(ThreadPoolExecutor.java:480)
		at org.apache.tomcat.util.threads.TaskThread$WrappingRunnable.run(TaskThread.java:57)
		at java.base/java.lang.Thread.run(Thread.java:840)
10-Feb-2026 12:30:25.207 INFO [Thread-1] org.apache.catalina.core.ApplicationContext.log SessionListener: contextDestroyed()
10-Feb-2026 12:30:25.207 INFO [Thread-1] org.apache.catalina.core.ApplicationContext.log ContextListener: contextDestroyed()
10-Feb-2026 12:30:28.766 INFO [main] org.apache.catalina.core.ApplicationContext.log ContextListener: contextInitialized()
10-Feb-2026 12:30:28.766 INFO [main] org.apache.catalina.core.ApplicationContext.log SessionListener: contextInitialized()
10-Feb-2026 12:30:28.767 INFO [main] org.apache.catalina.core.ApplicationContext.log ContextListener: attributeAdded('StockTicker', 'async.Stockticker@2d37dc78')
10-Feb-2026 12:30:28.949 SEVERE [http-nio-8080-exec-1] org.apache.catalina.core.StandardWrapperValve.invoke Servlet.service() for servlet [controller.ReservationControl] in context with path [/ctp] threw exception
	java.lang.NumberFormatException: Cannot parse null string
		at java.base/java.lang.Integer.parseInt(Integer.java:630)
		at java.base/java.lang.Integer.parseInt(Integer.java:786)
		at controller.ReservationControl.doGet(ReservationControl.java:30)
		at jakarta.servlet.http.HttpServlet.service(HttpServlet.java:622)
		at jakarta.servlet.http.HttpServlet.service(HttpServlet.java:710)
		at org.apache.catalina.core.ApplicationFilterChain.doFilter(ApplicationFilterChain.java:128)
		at org.apache.tomcat.websocket.server.WsFilter.doFilter(WsFilter.java:53)
		at org.apache.catalina.core.ApplicationFilterChain.doFilter(ApplicationFilterChain.java:107)
		at org.apache.catalina.core.StandardWrapperValve.invoke(StandardWrapperValve.java:165)
		at org.apache.catalina.core.StandardContextValve.invoke(StandardContextValve.java:77)
		at org.apache.catalina.authenticator.AuthenticatorBase.invoke(AuthenticatorBase.java:482)
		at org.apache.catalina.core.StandardHostValve.invoke(StandardHostValve.java:113)
		at org.apache.catalina.valves.ErrorReportValve.invoke(ErrorReportValve.java:83)
		at org.apache.catalina.valves.AbstractAccessLogValve.invoke(AbstractAccessLogValve.java:654)
		at org.apache.catalina.core.StandardEngineValve.invoke(StandardEngineValve.java:72)
		at org.apache.catalina.connector.CoyoteAdapter.service(CoyoteAdapter.java:341)
		at org.apache.coyote.http11.Http11Processor.service(Http11Processor.java:397)
		at org.apache.coyote.AbstractProcessorLight.process(AbstractProcessorLight.java:63)
		at org.apache.coyote.AbstractProtocol$ConnectionHandler.process(AbstractProtocol.java:903)
		at org.apache.tomcat.util.net.NioEndpoint$SocketProcessor.doRun(NioEndpoint.java:1778)
		at org.apache.tomcat.util.net.SocketProcessorBase.run(SocketProcessorBase.java:52)
		at org.apache.tomcat.util.threads.ThreadPoolExecutor.runWorker(ThreadPoolExecutor.java:946)
		at org.apache.tomcat.util.threads.ThreadPoolExecutor$Worker.run(ThreadPoolExecutor.java:480)
		at org.apache.tomcat.util.threads.TaskThread$WrappingRunnable.run(TaskThread.java:57)
		at java.base/java.lang.Thread.run(Thread.java:840)
10-Feb-2026 12:32:27.890 INFO [Thread-1] org.apache.catalina.core.ApplicationContext.log SessionListener: contextDestroyed()
10-Feb-2026 12:32:27.890 INFO [Thread-1] org.apache.catalina.core.ApplicationContext.log ContextListener: contextDestroyed()
10-Feb-2026 12:32:31.736 INFO [main] org.apache.catalina.core.ApplicationContext.log ContextListener: contextInitialized()
10-Feb-2026 12:32:31.736 INFO [main] org.apache.catalina.core.ApplicationContext.log SessionListener: contextInitialized()
10-Feb-2026 12:32:31.737 INFO [main] org.apache.catalina.core.ApplicationContext.log ContextListener: attributeAdded('StockTicker', 'async.Stockticker@58d7fb91')
10-Feb-2026 12:32:32.383 SEVERE [http-nio-8080-exec-1] org.apache.catalina.core.ApplicationDispatcher.invoke Servlet.service() for servlet [jsp] threw exception
	org.apache.jasper.JasperException: Unable to compile class for JSP: 

An error occurred at line: [23] in the jsp file: [/WEB-INF/view/liste.jsp]
Invalid character constant
20:     out.println("<td>");
21:     out.println(reservation);
22:     out.println("</td>");
23:     out.println("<a href='reservations?action=voir&rno='"+i+'>Voir<a>');
24:     out.println("<td>");
25:     out.println("</td>");
26:     out.println("</tr>");


Stacktrace:
		at org.apache.jasper.compiler.DefaultErrorHandler.javacError(DefaultErrorHandler.java:70)
		at org.apache.jasper.compiler.ErrorDispatcher.javacError(ErrorDispatcher.java:189)
		at org.apache.jasper.compiler.JDTCompiler.generateClass(JDTCompiler.java:523)
		at org.apache.jasper.compiler.Compiler.compile(Compiler.java:367)
		at org.apache.jasper.compiler.Compiler.compile(Compiler.java:339)
		at org.apache.jasper.compiler.Compiler.compile(Compiler.java:325)
		at org.apache.jasper.JspCompilationContext.compile(JspCompilationContext.java:585)
		at org.apache.jasper.servlet.JspServletWrapper.service(JspServletWrapper.java:368)
		at org.apache.jasper.servlet.JspServlet.serviceJspFile(JspServlet.java:330)
		at org.apache.jasper.servlet.JspServlet.service(JspServlet.java:281)
		at jakarta.servlet.http.HttpServlet.service(HttpServlet.java:710)
		at org.apache.catalina.core.ApplicationFilterChain.doFilter(ApplicationFilterChain.java:128)
		at org.apache.tomcat.websocket.server.WsFilter.doFilter(WsFilter.java:53)
		at org.apache.catalina.core.ApplicationFilterChain.doFilter(ApplicationFilterChain.java:107)
		at org.apache.catalina.core.ApplicationDispatcher.invoke(ApplicationDispatcher.java:513)
		at org.apache.catalina.core.ApplicationDispatcher.processRequest(ApplicationDispatcher.java:333)
		at org.apache.catalina.core.ApplicationDispatcher.forward(ApplicationDispatcher.java:262)
		at controller.ReservationControl.doGet(ReservationControl.java:50)
		at jakarta.servlet.http.HttpServlet.service(HttpServlet.java:622)
		at jakarta.servlet.http.HttpServlet.service(HttpServlet.java:710)
		at org.apache.catalina.core.ApplicationFilterChain.doFilter(ApplicationFilterChain.java:128)
		at org.apache.tomcat.websocket.server.WsFilter.doFilter(WsFilter.java:53)
		at org.apache.catalina.core.ApplicationFilterChain.doFilter(ApplicationFilterChain.java:107)
		at org.apache.catalina.core.StandardWrapperValve.invoke(StandardWrapperValve.java:165)
		at org.apache.catalina.core.StandardContextValve.invoke(StandardContextValve.java:77)
		at org.apache.catalina.authenticator.AuthenticatorBase.invoke(AuthenticatorBase.java:482)
		at org.apache.catalina.core.StandardHostValve.invoke(StandardHostValve.java:113)
		at org.apache.catalina.valves.ErrorReportValve.invoke(ErrorReportValve.java:83)
		at org.apache.catalina.valves.AbstractAccessLogValve.invoke(AbstractAccessLogValve.java:654)
		at org.apache.catalina.core.StandardEngineValve.invoke(StandardEngineValve.java:72)
		at org.apache.catalina.connector.CoyoteAdapter.service(CoyoteAdapter.java:341)
		at org.apache.coyote.http11.Http11Processor.service(Http11Processor.java:397)
		at org.apache.coyote.AbstractProcessorLight.process(AbstractProcessorLight.java:63)
		at org.apache.coyote.AbstractProtocol$ConnectionHandler.process(AbstractProtocol.java:903)
		at org.apache.tomcat.util.net.NioEndpoint$SocketProcessor.doRun(NioEndpoint.java:1778)
		at org.apache.tomcat.util.net.SocketProcessorBase.run(SocketProcessorBase.java:52)
		at org.apache.tomcat.util.threads.ThreadPoolExecutor.runWorker(ThreadPoolExecutor.java:946)
		at org.apache.tomcat.util.threads.ThreadPoolExecutor$Worker.run(ThreadPoolExecutor.java:480)
		at org.apache.tomcat.util.threads.TaskThread$WrappingRunnable.run(TaskThread.java:57)
		at java.base/java.lang.Thread.run(Thread.java:840)
10-Feb-2026 12:32:32.383 SEVERE [http-nio-8080-exec-1] org.apache.catalina.core.StandardWrapperValve.invoke Servlet.service() for servlet [controller.ReservationControl] in context with path [/ctp] threw exception [Unable to compile class for JSP: 

An error occurred at line: [23] in the jsp file: [/WEB-INF/view/liste.jsp]
Invalid character constant
20:     out.println("<td>");
21:     out.println(reservation);
22:     out.println("</td>");
23:     out.println("<a href='reservations?action=voir&rno='"+i+'>Voir<a>');
24:     out.println("<td>");
25:     out.println("</td>");
26:     out.println("</tr>");


Stacktrace:] with root cause
	org.apache.jasper.JasperException: Unable to compile class for JSP: 

An error occurred at line: [23] in the jsp file: [/WEB-INF/view/liste.jsp]
Invalid character constant
20:     out.println("<td>");
21:     out.println(reservation);
22:     out.println("</td>");
23:     out.println("<a href='reservations?action=voir&rno='"+i+'>Voir<a>');
24:     out.println("<td>");
25:     out.println("</td>");
26:     out.println("</tr>");


Stacktrace:
		at org.apache.jasper.compiler.DefaultErrorHandler.javacError(DefaultErrorHandler.java:70)
		at org.apache.jasper.compiler.ErrorDispatcher.javacError(ErrorDispatcher.java:189)
		at org.apache.jasper.compiler.JDTCompiler.generateClass(JDTCompiler.java:523)
		at org.apache.jasper.compiler.Compiler.compile(Compiler.java:367)
		at org.apache.jasper.compiler.Compiler.compile(Compiler.java:339)
		at org.apache.jasper.compiler.Compiler.compile(Compiler.java:325)
		at org.apache.jasper.JspCompilationContext.compile(JspCompilationContext.java:585)
		at org.apache.jasper.servlet.JspServletWrapper.service(JspServletWrapper.java:368)
		at org.apache.jasper.servlet.JspServlet.serviceJspFile(JspServlet.java:330)
		at org.apache.jasper.servlet.JspServlet.service(JspServlet.java:281)
		at jakarta.servlet.http.HttpServlet.service(HttpServlet.java:710)
		at org.apache.catalina.core.ApplicationFilterChain.doFilter(ApplicationFilterChain.java:128)
		at org.apache.tomcat.websocket.server.WsFilter.doFilter(WsFilter.java:53)
		at org.apache.catalina.core.ApplicationFilterChain.doFilter(ApplicationFilterChain.java:107)
		at org.apache.catalina.core.ApplicationDispatcher.invoke(ApplicationDispatcher.java:513)
		at org.apache.catalina.core.ApplicationDispatcher.processRequest(ApplicationDispatcher.java:333)
		at org.apache.catalina.core.ApplicationDispatcher.forward(ApplicationDispatcher.java:262)
		at controller.ReservationControl.doGet(ReservationControl.java:50)
		at jakarta.servlet.http.HttpServlet.service(HttpServlet.java:622)
		at jakarta.servlet.http.HttpServlet.service(HttpServlet.java:710)
		at org.apache.catalina.core.ApplicationFilterChain.doFilter(ApplicationFilterChain.java:128)
		at org.apache.tomcat.websocket.server.WsFilter.doFilter(WsFilter.java:53)
		at org.apache.catalina.core.ApplicationFilterChain.doFilter(ApplicationFilterChain.java:107)
		at org.apache.catalina.core.StandardWrapperValve.invoke(StandardWrapperValve.java:165)
		at org.apache.catalina.core.StandardContextValve.invoke(StandardContextValve.java:77)
		at org.apache.catalina.authenticator.AuthenticatorBase.invoke(AuthenticatorBase.java:482)
		at org.apache.catalina.core.StandardHostValve.invoke(StandardHostValve.java:113)
		at org.apache.catalina.valves.ErrorReportValve.invoke(ErrorReportValve.java:83)
		at org.apache.catalina.valves.AbstractAccessLogValve.invoke(AbstractAccessLogValve.java:654)
		at org.apache.catalina.core.StandardEngineValve.invoke(StandardEngineValve.java:72)
		at org.apache.catalina.connector.CoyoteAdapter.service(CoyoteAdapter.java:341)
		at org.apache.coyote.http11.Http11Processor.service(Http11Processor.java:397)
		at org.apache.coyote.AbstractProcessorLight.process(AbstractProcessorLight.java:63)
		at org.apache.coyote.AbstractProtocol$ConnectionHandler.process(AbstractProtocol.java:903)
		at org.apache.tomcat.util.net.NioEndpoint$SocketProcessor.doRun(NioEndpoint.java:1778)
		at org.apache.tomcat.util.net.SocketProcessorBase.run(SocketProcessorBase.java:52)
		at org.apache.tomcat.util.threads.ThreadPoolExecutor.runWorker(ThreadPoolExecutor.java:946)
		at org.apache.tomcat.util.threads.ThreadPoolExecutor$Worker.run(ThreadPoolExecutor.java:480)
		at org.apache.tomcat.util.threads.TaskThread$WrappingRunnable.run(TaskThread.java:57)
		at java.base/java.lang.Thread.run(Thread.java:840)
10-Feb-2026 12:33:11.901 SEVERE [http-nio-8080-exec-2] org.apache.catalina.core.ApplicationDispatcher.invoke Servlet.service() for servlet [jsp] threw exception
	org.apache.jasper.JasperException: Unable to compile class for JSP: 

An error occurred at line: [20] in the jsp file: [/WEB-INF/view/liste.jsp]
Invalid character constant
17:     out.println("<td>");
18:     out.println(reservation);
19:     out.println("</td>");
20:     out.println("<a href='reservations?action=voir&rno='"+i+'>Voir<a>');
21:     out.println("<td>");
22:     out.println("</td>");
23:     out.println("</tr>");


Stacktrace:
		at org.apache.jasper.compiler.DefaultErrorHandler.javacError(DefaultErrorHandler.java:70)
		at org.apache.jasper.compiler.ErrorDispatcher.javacError(ErrorDispatcher.java:189)
		at org.apache.jasper.compiler.JDTCompiler.generateClass(JDTCompiler.java:523)
		at org.apache.jasper.compiler.Compiler.compile(Compiler.java:367)
		at org.apache.jasper.compiler.Compiler.compile(Compiler.java:339)
		at org.apache.jasper.compiler.Compiler.compile(Compiler.java:325)
		at org.apache.jasper.JspCompilationContext.compile(JspCompilationContext.java:585)
		at org.apache.jasper.servlet.JspServletWrapper.service(JspServletWrapper.java:368)
		at org.apache.jasper.servlet.JspServlet.serviceJspFile(JspServlet.java:330)
		at org.apache.jasper.servlet.JspServlet.service(JspServlet.java:281)
		at jakarta.servlet.http.HttpServlet.service(HttpServlet.java:710)
		at org.apache.catalina.core.ApplicationFilterChain.doFilter(ApplicationFilterChain.java:128)
		at org.apache.tomcat.websocket.server.WsFilter.doFilter(WsFilter.java:53)
		at org.apache.catalina.core.ApplicationFilterChain.doFilter(ApplicationFilterChain.java:107)
		at org.apache.catalina.core.ApplicationDispatcher.invoke(ApplicationDispatcher.java:513)
		at org.apache.catalina.core.ApplicationDispatcher.processRequest(ApplicationDispatcher.java:333)
		at org.apache.catalina.core.ApplicationDispatcher.forward(ApplicationDispatcher.java:262)
		at controller.ReservationControl.doGet(ReservationControl.java:50)
		at jakarta.servlet.http.HttpServlet.service(HttpServlet.java:622)
		at jakarta.servlet.http.HttpServlet.service(HttpServlet.java:710)
		at org.apache.catalina.core.ApplicationFilterChain.doFilter(ApplicationFilterChain.java:128)
		at org.apache.tomcat.websocket.server.WsFilter.doFilter(WsFilter.java:53)
		at org.apache.catalina.core.ApplicationFilterChain.doFilter(ApplicationFilterChain.java:107)
		at org.apache.catalina.core.StandardWrapperValve.invoke(StandardWrapperValve.java:165)
		at org.apache.catalina.core.StandardContextValve.invoke(StandardContextValve.java:77)
		at org.apache.catalina.authenticator.AuthenticatorBase.invoke(AuthenticatorBase.java:482)
		at org.apache.catalina.core.StandardHostValve.invoke(StandardHostValve.java:113)
		at org.apache.catalina.valves.ErrorReportValve.invoke(ErrorReportValve.java:83)
		at org.apache.catalina.valves.AbstractAccessLogValve.invoke(AbstractAccessLogValve.java:654)
		at org.apache.catalina.core.StandardEngineValve.invoke(StandardEngineValve.java:72)
		at org.apache.catalina.connector.CoyoteAdapter.service(CoyoteAdapter.java:341)
		at org.apache.coyote.http11.Http11Processor.service(Http11Processor.java:397)
		at org.apache.coyote.AbstractProcessorLight.process(AbstractProcessorLight.java:63)
		at org.apache.coyote.AbstractProtocol$ConnectionHandler.process(AbstractProtocol.java:903)
		at org.apache.tomcat.util.net.NioEndpoint$SocketProcessor.doRun(NioEndpoint.java:1778)
		at org.apache.tomcat.util.net.SocketProcessorBase.run(SocketProcessorBase.java:52)
		at org.apache.tomcat.util.threads.ThreadPoolExecutor.runWorker(ThreadPoolExecutor.java:946)
		at org.apache.tomcat.util.threads.ThreadPoolExecutor$Worker.run(ThreadPoolExecutor.java:480)
		at org.apache.tomcat.util.threads.TaskThread$WrappingRunnable.run(TaskThread.java:57)
		at java.base/java.lang.Thread.run(Thread.java:840)
10-Feb-2026 12:33:11.901 SEVERE [http-nio-8080-exec-2] org.apache.catalina.core.StandardWrapperValve.invoke Servlet.service() for servlet [controller.ReservationControl] in context with path [/ctp] threw exception [Unable to compile class for JSP: 

An error occurred at line: [20] in the jsp file: [/WEB-INF/view/liste.jsp]
Invalid character constant
17:     out.println("<td>");
18:     out.println(reservation);
19:     out.println("</td>");
20:     out.println("<a href='reservations?action=voir&rno='"+i+'>Voir<a>');
21:     out.println("<td>");
22:     out.println("</td>");
23:     out.println("</tr>");


Stacktrace:] with root cause
	org.apache.jasper.JasperException: Unable to compile class for JSP: 

An error occurred at line: [20] in the jsp file: [/WEB-INF/view/liste.jsp]
Invalid character constant
17:     out.println("<td>");
18:     out.println(reservation);
19:     out.println("</td>");
20:     out.println("<a href='reservations?action=voir&rno='"+i+'>Voir<a>');
21:     out.println("<td>");
22:     out.println("</td>");
23:     out.println("</tr>");


Stacktrace:
		at org.apache.jasper.compiler.DefaultErrorHandler.javacError(DefaultErrorHandler.java:70)
		at org.apache.jasper.compiler.ErrorDispatcher.javacError(ErrorDispatcher.java:189)
		at org.apache.jasper.compiler.JDTCompiler.generateClass(JDTCompiler.java:523)
		at org.apache.jasper.compiler.Compiler.compile(Compiler.java:367)
		at org.apache.jasper.compiler.Compiler.compile(Compiler.java:339)
		at org.apache.jasper.compiler.Compiler.compile(Compiler.java:325)
		at org.apache.jasper.JspCompilationContext.compile(JspCompilationContext.java:585)
		at org.apache.jasper.servlet.JspServletWrapper.service(JspServletWrapper.java:368)
		at org.apache.jasper.servlet.JspServlet.serviceJspFile(JspServlet.java:330)
		at org.apache.jasper.servlet.JspServlet.service(JspServlet.java:281)
		at jakarta.servlet.http.HttpServlet.service(HttpServlet.java:710)
		at org.apache.catalina.core.ApplicationFilterChain.doFilter(ApplicationFilterChain.java:128)
		at org.apache.tomcat.websocket.server.WsFilter.doFilter(WsFilter.java:53)
		at org.apache.catalina.core.ApplicationFilterChain.doFilter(ApplicationFilterChain.java:107)
		at org.apache.catalina.core.ApplicationDispatcher.invoke(ApplicationDispatcher.java:513)
		at org.apache.catalina.core.ApplicationDispatcher.processRequest(ApplicationDispatcher.java:333)
		at org.apache.catalina.core.ApplicationDispatcher.forward(ApplicationDispatcher.java:262)
		at controller.ReservationControl.doGet(ReservationControl.java:50)
		at jakarta.servlet.http.HttpServlet.service(HttpServlet.java:622)
		at jakarta.servlet.http.HttpServlet.service(HttpServlet.java:710)
		at org.apache.catalina.core.ApplicationFilterChain.doFilter(ApplicationFilterChain.java:128)
		at org.apache.tomcat.websocket.server.WsFilter.doFilter(WsFilter.java:53)
		at org.apache.catalina.core.ApplicationFilterChain.doFilter(ApplicationFilterChain.java:107)
		at org.apache.catalina.core.StandardWrapperValve.invoke(StandardWrapperValve.java:165)
		at org.apache.catalina.core.StandardContextValve.invoke(StandardContextValve.java:77)
		at org.apache.catalina.authenticator.AuthenticatorBase.invoke(AuthenticatorBase.java:482)
		at org.apache.catalina.core.StandardHostValve.invoke(StandardHostValve.java:113)
		at org.apache.catalina.valves.ErrorReportValve.invoke(ErrorReportValve.java:83)
		at org.apache.catalina.valves.AbstractAccessLogValve.invoke(AbstractAccessLogValve.java:654)
		at org.apache.catalina.core.StandardEngineValve.invoke(StandardEngineValve.java:72)
		at org.apache.catalina.connector.CoyoteAdapter.service(CoyoteAdapter.java:341)
		at org.apache.coyote.http11.Http11Processor.service(Http11Processor.java:397)
		at org.apache.coyote.AbstractProcessorLight.process(AbstractProcessorLight.java:63)
		at org.apache.coyote.AbstractProtocol$ConnectionHandler.process(AbstractProtocol.java:903)
		at org.apache.tomcat.util.net.NioEndpoint$SocketProcessor.doRun(NioEndpoint.java:1778)
		at org.apache.tomcat.util.net.SocketProcessorBase.run(SocketProcessorBase.java:52)
		at org.apache.tomcat.util.threads.ThreadPoolExecutor.runWorker(ThreadPoolExecutor.java:946)
		at org.apache.tomcat.util.threads.ThreadPoolExecutor$Worker.run(ThreadPoolExecutor.java:480)
		at org.apache.tomcat.util.threads.TaskThread$WrappingRunnable.run(TaskThread.java:57)
		at java.base/java.lang.Thread.run(Thread.java:840)
10-Feb-2026 12:33:12.539 SEVERE [http-nio-8080-exec-3] org.apache.catalina.core.ApplicationDispatcher.invoke Servlet.service() for servlet [jsp] threw exception
	java.lang.ClassNotFoundException: org.apache.jsp.WEB_002dINF.view.liste_jsp
		at java.base/java.net.URLClassLoader.findClass(URLClassLoader.java:445)
		at org.apache.jasper.servlet.JasperLoader.loadClass(JasperLoader.java:93)
		at org.apache.jasper.servlet.JasperLoader.loadClass(JasperLoader.java:47)
		at org.apache.catalina.core.DefaultInstanceManager.newInstance(DefaultInstanceManager.java:147)
		at org.apache.jasper.servlet.JspServletWrapper.getServlet(JspServletWrapper.java:163)
		at org.apache.jasper.servlet.JspServletWrapper.service(JspServletWrapper.java:382)
		at org.apache.jasper.servlet.JspServlet.serviceJspFile(JspServlet.java:330)
		at org.apache.jasper.servlet.JspServlet.service(JspServlet.java:281)
		at jakarta.servlet.http.HttpServlet.service(HttpServlet.java:710)
		at org.apache.catalina.core.ApplicationFilterChain.doFilter(ApplicationFilterChain.java:128)
		at org.apache.tomcat.websocket.server.WsFilter.doFilter(WsFilter.java:53)
		at org.apache.catalina.core.ApplicationFilterChain.doFilter(ApplicationFilterChain.java:107)
		at org.apache.catalina.core.ApplicationDispatcher.invoke(ApplicationDispatcher.java:513)
		at org.apache.catalina.core.ApplicationDispatcher.processRequest(ApplicationDispatcher.java:333)
		at org.apache.catalina.core.ApplicationDispatcher.forward(ApplicationDispatcher.java:262)
		at controller.ReservationControl.doGet(ReservationControl.java:50)
		at jakarta.servlet.http.HttpServlet.service(HttpServlet.java:622)
		at jakarta.servlet.http.HttpServlet.service(HttpServlet.java:710)
		at org.apache.catalina.core.ApplicationFilterChain.doFilter(ApplicationFilterChain.java:128)
		at org.apache.tomcat.websocket.server.WsFilter.doFilter(WsFilter.java:53)
		at org.apache.catalina.core.ApplicationFilterChain.doFilter(ApplicationFilterChain.java:107)
		at org.apache.catalina.core.StandardWrapperValve.invoke(StandardWrapperValve.java:165)
		at org.apache.catalina.core.StandardContextValve.invoke(StandardContextValve.java:77)
		at org.apache.catalina.authenticator.AuthenticatorBase.invoke(AuthenticatorBase.java:482)
		at org.apache.catalina.core.StandardHostValve.invoke(StandardHostValve.java:113)
		at org.apache.catalina.valves.ErrorReportValve.invoke(ErrorReportValve.java:83)
		at org.apache.catalina.valves.AbstractAccessLogValve.invoke(AbstractAccessLogValve.java:654)
		at org.apache.catalina.core.StandardEngineValve.invoke(StandardEngineValve.java:72)
		at org.apache.catalina.connector.CoyoteAdapter.service(CoyoteAdapter.java:341)
		at org.apache.coyote.http11.Http11Processor.service(Http11Processor.java:397)
		at org.apache.coyote.AbstractProcessorLight.process(AbstractProcessorLight.java:63)
		at org.apache.coyote.AbstractProtocol$ConnectionHandler.process(AbstractProtocol.java:903)
		at org.apache.tomcat.util.net.NioEndpoint$SocketProcessor.doRun(NioEndpoint.java:1778)
		at org.apache.tomcat.util.net.SocketProcessorBase.run(SocketProcessorBase.java:52)
		at org.apache.tomcat.util.threads.ThreadPoolExecutor.runWorker(ThreadPoolExecutor.java:946)
		at org.apache.tomcat.util.threads.ThreadPoolExecutor$Worker.run(ThreadPoolExecutor.java:480)
		at org.apache.tomcat.util.threads.TaskThread$WrappingRunnable.run(TaskThread.java:57)
		at java.base/java.lang.Thread.run(Thread.java:840)
10-Feb-2026 12:33:12.539 SEVERE [http-nio-8080-exec-3] org.apache.catalina.core.StandardWrapperValve.invoke Servlet.service() for servlet [controller.ReservationControl] in context with path [/ctp] threw exception [org.apache.jasper.JasperException: java.lang.ClassNotFoundException: org.apache.jsp.WEB_002dINF.view.liste_jsp] with root cause
	java.lang.ClassNotFoundException: org.apache.jsp.WEB_002dINF.view.liste_jsp
		at java.base/java.net.URLClassLoader.findClass(URLClassLoader.java:445)
		at org.apache.jasper.servlet.JasperLoader.loadClass(JasperLoader.java:93)
		at org.apache.jasper.servlet.JasperLoader.loadClass(JasperLoader.java:47)
		at org.apache.catalina.core.DefaultInstanceManager.newInstance(DefaultInstanceManager.java:147)
		at org.apache.jasper.servlet.JspServletWrapper.getServlet(JspServletWrapper.java:163)
		at org.apache.jasper.servlet.JspServletWrapper.service(JspServletWrapper.java:382)
		at org.apache.jasper.servlet.JspServlet.serviceJspFile(JspServlet.java:330)
		at org.apache.jasper.servlet.JspServlet.service(JspServlet.java:281)
		at jakarta.servlet.http.HttpServlet.service(HttpServlet.java:710)
		at org.apache.catalina.core.ApplicationFilterChain.doFilter(ApplicationFilterChain.java:128)
		at org.apache.tomcat.websocket.server.WsFilter.doFilter(WsFilter.java:53)
		at org.apache.catalina.core.ApplicationFilterChain.doFilter(ApplicationFilterChain.java:107)
		at org.apache.catalina.core.ApplicationDispatcher.invoke(ApplicationDispatcher.java:513)
		at org.apache.catalina.core.ApplicationDispatcher.processRequest(ApplicationDispatcher.java:333)
		at org.apache.catalina.core.ApplicationDispatcher.forward(ApplicationDispatcher.java:262)
		at controller.ReservationControl.doGet(ReservationControl.java:50)
		at jakarta.servlet.http.HttpServlet.service(HttpServlet.java:622)
		at jakarta.servlet.http.HttpServlet.service(HttpServlet.java:710)
		at org.apache.catalina.core.ApplicationFilterChain.doFilter(ApplicationFilterChain.java:128)
		at org.apache.tomcat.websocket.server.WsFilter.doFilter(WsFilter.java:53)
		at org.apache.catalina.core.ApplicationFilterChain.doFilter(ApplicationFilterChain.java:107)
		at org.apache.catalina.core.StandardWrapperValve.invoke(StandardWrapperValve.java:165)
		at org.apache.catalina.core.StandardContextValve.invoke(StandardContextValve.java:77)
		at org.apache.catalina.authenticator.AuthenticatorBase.invoke(AuthenticatorBase.java:482)
		at org.apache.catalina.core.StandardHostValve.invoke(StandardHostValve.java:113)
		at org.apache.catalina.valves.ErrorReportValve.invoke(ErrorReportValve.java:83)
		at org.apache.catalina.valves.AbstractAccessLogValve.invoke(AbstractAccessLogValve.java:654)
		at org.apache.catalina.core.StandardEngineValve.invoke(StandardEngineValve.java:72)
		at org.apache.catalina.connector.CoyoteAdapter.service(CoyoteAdapter.java:341)
		at org.apache.coyote.http11.Http11Processor.service(Http11Processor.java:397)
		at org.apache.coyote.AbstractProcessorLight.process(AbstractProcessorLight.java:63)
		at org.apache.coyote.AbstractProtocol$ConnectionHandler.process(AbstractProtocol.java:903)
		at org.apache.tomcat.util.net.NioEndpoint$SocketProcessor.doRun(NioEndpoint.java:1778)
		at org.apache.tomcat.util.net.SocketProcessorBase.run(SocketProcessorBase.java:52)
		at org.apache.tomcat.util.threads.ThreadPoolExecutor.runWorker(ThreadPoolExecutor.java:946)
		at org.apache.tomcat.util.threads.ThreadPoolExecutor$Worker.run(ThreadPoolExecutor.java:480)
		at org.apache.tomcat.util.threads.TaskThread$WrappingRunnable.run(TaskThread.java:57)
		at java.base/java.lang.Thread.run(Thread.java:840)
10-Feb-2026 12:33:30.486 INFO [Thread-1] org.apache.catalina.core.ApplicationContext.log SessionListener: contextDestroyed()
10-Feb-2026 12:33:30.486 INFO [Thread-1] org.apache.catalina.core.ApplicationContext.log ContextListener: contextDestroyed()
10-Feb-2026 12:33:34.228 INFO [main] org.apache.catalina.core.ApplicationContext.log ContextListener: contextInitialized()
10-Feb-2026 12:33:34.228 INFO [main] org.apache.catalina.core.ApplicationContext.log SessionListener: contextInitialized()
10-Feb-2026 12:33:34.229 INFO [main] org.apache.catalina.core.ApplicationContext.log ContextListener: attributeAdded('StockTicker', 'async.Stockticker@2d37dc78')
10-Feb-2026 12:34:20.268 INFO [Thread-1] org.apache.catalina.core.ApplicationContext.log SessionListener: contextDestroyed()
10-Feb-2026 12:34:20.268 INFO [Thread-1] org.apache.catalina.core.ApplicationContext.log ContextListener: contextDestroyed()
10-Feb-2026 12:34:23.717 INFO [main] org.apache.catalina.core.ApplicationContext.log ContextListener: contextInitialized()
10-Feb-2026 12:34:23.717 INFO [main] org.apache.catalina.core.ApplicationContext.log SessionListener: contextInitialized()
10-Feb-2026 12:34:23.718 INFO [main] org.apache.catalina.core.ApplicationContext.log ContextListener: attributeAdded('StockTicker', 'async.Stockticker@163fc3e4')
10-Feb-2026 12:34:26.191 SEVERE [http-nio-8080-exec-3] org.apache.catalina.core.StandardWrapperValve.invoke Servlet.service() for servlet [controller.ReservationControl] in context with path [/ctp] threw exception
	java.lang.NumberFormatException: For input string: ""
		at java.base/java.lang.NumberFormatException.forInputString(NumberFormatException.java:67)
		at java.base/java.lang.Integer.parseInt(Integer.java:678)
		at java.base/java.lang.Integer.parseInt(Integer.java:786)
		at controller.ReservationControl.doGet(ReservationControl.java:30)
		at jakarta.servlet.http.HttpServlet.service(HttpServlet.java:622)
		at jakarta.servlet.http.HttpServlet.service(HttpServlet.java:710)
		at org.apache.catalina.core.ApplicationFilterChain.doFilter(ApplicationFilterChain.java:128)
		at org.apache.tomcat.websocket.server.WsFilter.doFilter(WsFilter.java:53)
		at org.apache.catalina.core.ApplicationFilterChain.doFilter(ApplicationFilterChain.java:107)
		at org.apache.catalina.core.StandardWrapperValve.invoke(StandardWrapperValve.java:165)
		at org.apache.catalina.core.StandardContextValve.invoke(StandardContextValve.java:77)
		at org.apache.catalina.authenticator.AuthenticatorBase.invoke(AuthenticatorBase.java:482)
		at org.apache.catalina.core.StandardHostValve.invoke(StandardHostValve.java:113)
		at org.apache.catalina.valves.ErrorReportValve.invoke(ErrorReportValve.java:83)
		at org.apache.catalina.valves.AbstractAccessLogValve.invoke(AbstractAccessLogValve.java:654)
		at org.apache.catalina.core.StandardEngineValve.invoke(StandardEngineValve.java:72)
		at org.apache.catalina.connector.CoyoteAdapter.service(CoyoteAdapter.java:341)
		at org.apache.coyote.http11.Http11Processor.service(Http11Processor.java:397)
		at org.apache.coyote.AbstractProcessorLight.process(AbstractProcessorLight.java:63)
		at org.apache.coyote.AbstractProtocol$ConnectionHandler.process(AbstractProtocol.java:903)
		at org.apache.tomcat.util.net.NioEndpoint$SocketProcessor.doRun(NioEndpoint.java:1778)
		at org.apache.tomcat.util.net.SocketProcessorBase.run(SocketProcessorBase.java:52)
		at org.apache.tomcat.util.threads.ThreadPoolExecutor.runWorker(ThreadPoolExecutor.java:946)
		at org.apache.tomcat.util.threads.ThreadPoolExecutor$Worker.run(ThreadPoolExecutor.java:480)
		at org.apache.tomcat.util.threads.TaskThread$WrappingRunnable.run(TaskThread.java:57)
		at java.base/java.lang.Thread.run(Thread.java:840)
                                                                                                                                                                                                                                                  10-Feb-2026 12:50:56.655 INFO [Thread-1] org.apache.catalina.core.ApplicationContext.log SessionListener: contextDestroyed()
10-Feb-2026 12:50:56.655 INFO [Thread-1] org.apache.catalina.core.ApplicationContext.log ContextListener: contextDestroyed()
10-Feb-2026 12:51:00.467 INFO [main] org.apache.catalina.core.ApplicationContext.log ContextListener: contextInitialized()
10-Feb-2026 12:51:00.467 INFO [main] org.apache.catalina.core.ApplicationContext.log SessionListener: contextInitialized()
10-Feb-2026 12:51:00.468 INFO [main] org.apache.catalina.core.ApplicationContext.log ContextListener: attributeAdded('StockTicker', 'async.Stockticker@2d37dc78')
10-Feb-2026 12:51:04.446 SEVERE [http-nio-8080-exec-2] org.apache.catalina.core.ApplicationDispatcher.invoke Servlet.service() for servlet [jsp] threw exception
	java.lang.ClassCastException: class model.Reservation cannot be cast to class java.lang.String (model.Reservation is in unnamed module of loader org.apache.catalina.loader.ParallelWebappClassLoader @5c33b337; java.lang.String is in module java.base of loader 'bootstrap')
		at org.apache.jsp.WEB_002dINF.view.liste_jsp._jspService(liste_jsp.java:140)
		at org.apache.jasper.runtime.HttpJspBase.service(HttpJspBase.java:64)
		at jakarta.servlet.http.HttpServlet.service(HttpServlet.java:710)
		at org.apache.jasper.servlet.JspServletWrapper.service(JspServletWrapper.java:428)
		at org.apache.jasper.servlet.JspServlet.serviceJspFile(JspServlet.java:330)
		at org.apache.jasper.servlet.JspServlet.service(JspServlet.java:281)
		at jakarta.servlet.http.HttpServlet.service(HttpServlet.java:710)
		at org.apache.catalina.core.ApplicationFilterChain.doFilter(ApplicationFilterChain.java:128)
		at org.apache.tomcat.websocket.server.WsFilter.doFilter(WsFilter.java:53)
		at org.apache.catalina.core.ApplicationFilterChain.doFilter(ApplicationFilterChain.java:107)
		at org.apache.catalina.core.ApplicationDispatcher.invoke(ApplicationDispatcher.java:513)
		at org.apache.catalina.core.ApplicationDispatcher.processRequest(ApplicationDispatcher.java:333)
		at org.apache.catalina.core.ApplicationDispatcher.forward(ApplicationDispatcher.java:262)
		at controller.ReservationControl.doGet(ReservationControl.java:51)
		at jakarta.servlet.http.HttpServlet.service(HttpServlet.java:622)
		at jakarta.servlet.http.HttpServlet.service(HttpServlet.java:710)
		at org.apache.catalina.core.ApplicationFilterChain.doFilter(ApplicationFilterChain.java:128)
		at org.apache.tomcat.websocket.server.WsFilter.doFilter(WsFilter.java:53)
		at org.apache.catalina.core.ApplicationFilterChain.doFilter(ApplicationFilterChain.java:107)
		at org.apache.catalina.core.StandardWrapperValve.invoke(StandardWrapperValve.java:165)
		at org.apache.catalina.core.StandardContextValve.invoke(StandardContextValve.java:77)
		at org.apache.catalina.authenticator.AuthenticatorBase.invoke(AuthenticatorBase.java:482)
		at org.apache.catalina.core.StandardHostValve.invoke(StandardHostValve.java:113)
		at org.apache.catalina.valves.ErrorReportValve.invoke(ErrorReportValve.java:83)
		at org.apache.catalina.valves.AbstractAccessLogValve.invoke(AbstractAccessLogValve.java:654)
		at org.apache.catalina.core.StandardEngineValve.invoke(StandardEngineValve.java:72)
		at org.apache.catalina.connector.CoyoteAdapter.service(CoyoteAdapter.java:341)
		at org.apache.coyote.http11.Http11Processor.service(Http11Processor.java:397)
		at org.apache.coyote.AbstractProcessorLight.process(AbstractProcessorLight.java:63)
		at org.apache.coyote.AbstractProtocol$ConnectionHandler.process(AbstractProtocol.java:903)
		at org.apache.tomcat.util.net.NioEndpoint$SocketProcessor.doRun(NioEndpoint.java:1778)
		at org.apache.tomcat.util.net.SocketProcessorBase.run(SocketProcessorBase.java:52)
		at org.apache.tomcat.util.threads.ThreadPoolExecutor.runWorker(ThreadPoolExecutor.java:946)
		at org.apache.tomcat.util.threads.ThreadPoolExecutor$Worker.run(ThreadPoolExecutor.java:480)
		at org.apache.tomcat.util.threads.TaskThread$WrappingRunnable.run(TaskThread.java:57)
		at java.base/java.lang.Thread.run(Thread.java:840)
10-Feb-2026 12:51:04.446 SEVERE [http-nio-8080-exec-2] org.apache.catalina.core.StandardWrapperValve.invoke Servlet.service() for servlet [controller.ReservationControl] in context with path [/ctp] threw exception [An exception occurred processing [WEB-INF/view/liste.jsp] at line [15]

12: <% 
13: List<String> reservations = (List<String>) request.getAttribute("reservations");
14: int i = 0 ;
15: for(String reservation : reservations) {
16:     out.println("<tr>");
17:     out.println("<td>");
18:     out.println(reservation);


Stacktrace:] with root cause
	java.lang.ClassCastException: class model.Reservation cannot be cast to class java.lang.String (model.Reservation is in unnamed module of loader org.apache.catalina.loader.ParallelWebappClassLoader @5c33b337; java.lang.String is in module java.base of loader 'bootstrap')
		at org.apache.jsp.WEB_002dINF.view.liste_jsp._jspService(liste_jsp.java:140)
		at org.apache.jasper.runtime.HttpJspBase.service(HttpJspBase.java:64)
		at jakarta.servlet.http.HttpServlet.service(HttpServlet.java:710)
		at org.apache.jasper.servlet.JspServletWrapper.service(JspServletWrapper.java:428)
		at org.apache.jasper.servlet.JspServlet.serviceJspFile(JspServlet.java:330)
		at org.apache.jasper.servlet.JspServlet.service(JspServlet.java:281)
		at jakarta.servlet.http.HttpServlet.service(HttpServlet.java:710)
		at org.apache.catalina.core.ApplicationFilterChain.doFilter(ApplicationFilterChain.java:128)
		at org.apache.tomcat.websocket.server.WsFilter.doFilter(WsFilter.java:53)
		at org.apache.catalina.core.ApplicationFilterChain.doFilter(ApplicationFilterChain.java:107)
		at org.apache.catalina.core.ApplicationDispatcher.invoke(ApplicationDispatcher.java:513)
		at org.apache.catalina.core.ApplicationDispatcher.processRequest(ApplicationDispatcher.java:333)
		at org.apache.catalina.core.ApplicationDispatcher.forward(ApplicationDispatcher.java:262)
		at controller.ReservationControl.doGet(ReservationControl.java:51)
		at jakarta.servlet.http.HttpServlet.service(HttpServlet.java:622)
		at jakarta.servlet.http.HttpServlet.service(HttpServlet.java:710)
		at org.apache.catalina.core.ApplicationFilterChain.doFilter(ApplicationFilterChain.java:128)
		at org.apache.tomcat.websocket.server.WsFilter.doFilter(WsFilter.java:53)
		at org.apache.catalina.core.ApplicationFilterChain.doFilter(ApplicationFilterChain.java:107)
		at org.apache.catalina.core.StandardWrapperValve.invoke(StandardWrapperValve.java:165)
		at org.apache.catalina.core.StandardContextValve.invoke(StandardContextValve.java:77)
		at org.apache.catalina.authenticator.AuthenticatorBase.invoke(AuthenticatorBase.java:482)
		at org.apache.catalina.core.StandardHostValve.invoke(StandardHostValve.java:113)
		at org.apache.catalina.valves.ErrorReportValve.invoke(ErrorReportValve.java:83)
		at org.apache.catalina.valves.AbstractAccessLogValve.invoke(AbstractAccessLogValve.java:654)
		at org.apache.catalina.core.StandardEngineValve.invoke(StandardEngineValve.java:72)
		at org.apache.catalina.connector.CoyoteAdapter.service(CoyoteAdapter.java:341)
		at org.apache.coyote.http11.Http11Processor.service(Http11Processor.java:397)
		at org.apache.coyote.AbstractProcessorLight.process(AbstractProcessorLight.java:63)
		at org.apache.coyote.AbstractProtocol$ConnectionHandler.process(AbstractProtocol.java:903)
		at org.apache.tomcat.util.net.NioEndpoint$SocketProcessor.doRun(NioEndpoint.java:1778)
		at org.apache.tomcat.util.net.SocketProcessorBase.run(SocketProcessorBase.java:52)
		at org.apache.tomcat.util.threads.ThreadPoolExecutor.runWorker(ThreadPoolExecutor.java:946)
		at org.apache.tomcat.util.threads.ThreadPoolExecutor$Worker.run(ThreadPoolExecutor.java:480)
		at org.apache.tomcat.util.threads.TaskThread$WrappingRunnable.run(TaskThread.java:57)
		at java.base/java.lang.Thread.run(Thread.java:840)
10-Feb-2026 12:52:52.021 INFO [Thread-1] org.apache.catalina.core.ApplicationContext.log SessionListener: contextDestroyed()
10-Feb-2026 12:52:52.021 INFO [Thread-1] org.apache.catalina.core.ApplicationContext.log ContextListener: contextDestroyed()
10-Feb-2026 12:52:57.910 INFO [main] org.apache.catalina.core.ApplicationContext.log ContextListener: contextInitialized()
10-Feb-2026 12:52:57.910 INFO [main] org.apache.catalina.core.ApplicationContext.log SessionListener: contextInitialized()
10-Feb-2026 12:52:57.911 INFO [main] org.apache.catalina.core.ApplicationContext.log ContextListener: attributeAdded('StockTicker', 'async.Stockticker@163fc3e4')
10-Feb-2026 12:53:11.882 SEVERE [http-nio-8080-exec-2] org.apache.catalina.core.ApplicationDispatcher.invoke Servlet.service() for servlet [jsp] threw exception
	java.lang.ClassCastException: class model.Reservation cannot be cast to class java.lang.String (model.Reservation is in unnamed module of loader org.apache.catalina.loader.ParallelWebappClassLoader @3391fffa; java.lang.String is in module java.base of loader 'bootstrap')
		at org.apache.jsp.WEB_002dINF.view.voir_jsp._jspService(voir_jsp.java:136)
		at org.apache.jasper.runtime.HttpJspBase.service(HttpJspBase.java:64)
		at jakarta.servlet.http.HttpServlet.service(HttpServlet.java:710)
		at org.apache.jasper.servlet.JspServletWrapper.service(JspServletWrapper.java:428)
		at org.apache.jasper.servlet.JspServlet.serviceJspFile(JspServlet.java:330)
		at org.apache.jasper.servlet.JspServlet.service(JspServlet.java:281)
		at jakarta.servlet.http.HttpServlet.service(HttpServlet.java:710)
		at org.apache.catalina.core.ApplicationFilterChain.doFilter(ApplicationFilterChain.java:128)
		at org.apache.tomcat.websocket.server.WsFilter.doFilter(WsFilter.java:53)
		at org.apache.catalina.core.ApplicationFilterChain.doFilter(ApplicationFilterChain.java:107)
		at org.apache.catalina.core.ApplicationDispatcher.invoke(ApplicationDispatcher.java:513)
		at org.apache.catalina.core.ApplicationDispatcher.processRequest(ApplicationDispatcher.java:333)
		at org.apache.catalina.core.ApplicationDispatcher.forward(ApplicationDispatcher.java:262)
		at controller.ReservationControl.doGet(ReservationControl.java:52)
		at jakarta.servlet.http.HttpServlet.service(HttpServlet.java:622)
		at jakarta.servlet.http.HttpServlet.service(HttpServlet.java:710)
		at org.apache.catalina.core.ApplicationFilterChain.doFilter(ApplicationFilterChain.java:128)
		at org.apache.tomcat.websocket.server.WsFilter.doFilter(WsFilter.java:53)
		at org.apache.catalina.core.ApplicationFilterChain.doFilter(ApplicationFilterChain.java:107)
		at org.apache.catalina.core.StandardWrapperValve.invoke(StandardWrapperValve.java:165)
		at org.apache.catalina.core.StandardContextValve.invoke(StandardContextValve.java:77)
		at org.apache.catalina.authenticator.AuthenticatorBase.invoke(AuthenticatorBase.java:482)
		at org.apache.catalina.core.StandardHostValve.invoke(StandardHostValve.java:113)
		at org.apache.catalina.valves.ErrorReportValve.invoke(ErrorReportValve.java:83)
		at org.apache.catalina.valves.AbstractAccessLogValve.invoke(AbstractAccessLogValve.java:654)
		at org.apache.catalina.core.StandardEngineValve.invoke(StandardEngineValve.java:72)
		at org.apache.catalina.connector.CoyoteAdapter.service(CoyoteAdapter.java:341)
		at org.apache.coyote.http11.Http11Processor.service(Http11Processor.java:397)
		at org.apache.coyote.AbstractProcessorLight.process(AbstractProcessorLight.java:63)
		at org.apache.coyote.AbstractProtocol$ConnectionHandler.process(AbstractProtocol.java:903)
		at org.apache.tomcat.util.net.NioEndpoint$SocketProcessor.doRun(NioEndpoint.java:1778)
		at org.apache.tomcat.util.net.SocketProcessorBase.run(SocketProcessorBase.java:52)
		at org.apache.tomcat.util.threads.ThreadPoolExecutor.runWorker(ThreadPoolExecutor.java:946)
		at org.apache.tomcat.util.threads.ThreadPoolExecutor$Worker.run(ThreadPoolExecutor.java:480)
		at org.apache.tomcat.util.threads.TaskThread$WrappingRunnable.run(TaskThread.java:57)
		at java.base/java.lang.Thread.run(Thread.java:840)
10-Feb-2026 12:53:11.882 SEVERE [http-nio-8080-exec-2] org.apache.catalina.core.StandardWrapperValve.invoke Servlet.service() for servlet [controller.ReservationControl] in context with path [/ctp] threw exception [An exception occurred processing [WEB-INF/view/voir.jsp] at line [11]

8: <jsp:include page="menu.jsp"/>
9: 
10: <%
11: String reservation = (String) request.getAttribute("reservation");
12: %>
13: 
14: <h2>Réservations</h2>


Stacktrace:] with root cause
	java.lang.ClassCastException: class model.Reservation cannot be cast to class java.lang.String (model.Reservation is in unnamed module of loader org.apache.catalina.loader.ParallelWebappClassLoader @3391fffa; java.lang.String is in module java.base of loader 'bootstrap')
		at org.apache.jsp.WEB_002dINF.view.voir_jsp._jspService(voir_jsp.java:136)
		at org.apache.jasper.runtime.HttpJspBase.service(HttpJspBase.java:64)
		at jakarta.servlet.http.HttpServlet.service(HttpServlet.java:710)
		at org.apache.jasper.servlet.JspServletWrapper.service(JspServletWrapper.java:428)
		at org.apache.jasper.servlet.JspServlet.serviceJspFile(JspServlet.java:330)
		at org.apache.jasper.servlet.JspServlet.service(JspServlet.java:281)
		at jakarta.servlet.http.HttpServlet.service(HttpServlet.java:710)
		at org.apache.catalina.core.ApplicationFilterChain.doFilter(ApplicationFilterChain.java:128)
		at org.apache.tomcat.websocket.server.WsFilter.doFilter(WsFilter.java:53)
		at org.apache.catalina.core.ApplicationFilterChain.doFilter(ApplicationFilterChain.java:107)
		at org.apache.catalina.core.ApplicationDispatcher.invoke(ApplicationDispatcher.java:513)
		at org.apache.catalina.core.ApplicationDispatcher.processRequest(ApplicationDispatcher.java:333)
		at org.apache.catalina.core.ApplicationDispatcher.forward(ApplicationDispatcher.java:262)
		at controller.ReservationControl.doGet(ReservationControl.java:52)
		at jakarta.servlet.http.HttpServlet.service(HttpServlet.java:622)
		at jakarta.servlet.http.HttpServlet.service(HttpServlet.java:710)
		at org.apache.catalina.core.ApplicationFilterChain.doFilter(ApplicationFilterChain.java:128)
		at org.apache.tomcat.websocket.server.WsFilter.doFilter(WsFilter.java:53)
		at org.apache.catalina.core.ApplicationFilterChain.doFilter(ApplicationFilterChain.java:107)
		at org.apache.catalina.core.StandardWrapperValve.invoke(StandardWrapperValve.java:165)
		at org.apache.catalina.core.StandardContextValve.invoke(StandardContextValve.java:77)
		at org.apache.catalina.authenticator.AuthenticatorBase.invoke(AuthenticatorBase.java:482)
		at org.apache.catalina.core.StandardHostValve.invoke(StandardHostValve.java:113)
		at org.apache.catalina.valves.ErrorReportValve.invoke(ErrorReportValve.java:83)
		at org.apache.catalina.valves.AbstractAccessLogValve.invoke(AbstractAccessLogValve.java:654)
		at org.apache.catalina.core.StandardEngineValve.invoke(StandardEngineValve.java:72)
		at org.apache.catalina.connector.CoyoteAdapter.service(CoyoteAdapter.java:341)
		at org.apache.coyote.http11.Http11Processor.service(Http11Processor.java:397)
		at org.apache.coyote.AbstractProcessorLight.process(AbstractProcessorLight.java:63)
		at org.apache.coyote.AbstractProtocol$ConnectionHandler.process(AbstractProtocol.java:903)
		at org.apache.tomcat.util.net.NioEndpoint$SocketProcessor.doRun(NioEndpoint.java:1778)
		at org.apache.tomcat.util.net.SocketProcessorBase.run(SocketProcessorBase.java:52)
		at org.apache.tomcat.util.threads.ThreadPoolExecutor.runWorker(ThreadPoolExecutor.java:946)
		at org.apache.tomcat.util.threads.ThreadPoolExecutor$Worker.run(ThreadPoolExecutor.java:480)
		at org.apache.tomcat.util.threads.TaskThread$WrappingRunnable.run(TaskThread.java:57)
		at java.base/java.lang.Thread.run(Thread.java:840)
10-Feb-2026 12:54:56.845 SEVERE [http-nio-8080-exec-7] org.apache.catalina.core.StandardWrapperValve.invoke Servlet.service() for servlet [controller.ReservationControl] in context with path [/ctp] threw exception
	java.lang.NumberFormatException: Cannot parse null string
		at java.base/java.lang.Integer.parseInt(Integer.java:630)
		at java.base/java.lang.Integer.parseInt(Integer.java:786)
		at controller.ReservationControl.doGet(ReservationControl.java:31)
		at jakarta.servlet.http.HttpServlet.service(HttpServlet.java:622)
		at jakarta.servlet.http.HttpServlet.service(HttpServlet.java:710)
		at org.apache.catalina.core.ApplicationFilterChain.doFilter(ApplicationFilterChain.java:128)
		at org.apache.tomcat.websocket.server.WsFilter.doFilter(WsFilter.java:53)
		at org.apache.catalina.core.ApplicationFilterChain.doFilter(ApplicationFilterChain.java:107)
		at org.apache.catalina.core.StandardWrapperValve.invoke(StandardWrapperValve.java:165)
		at org.apache.catalina.core.StandardContextValve.invoke(StandardContextValve.java:77)
		at org.apache.catalina.authenticator.AuthenticatorBase.invoke(AuthenticatorBase.java:482)
		at org.apache.catalina.core.StandardHostValve.invoke(StandardHostValve.java:113)
		at org.apache.catalina.valves.ErrorReportValve.invoke(ErrorReportValve.java:83)
		at org.apache.catalina.valves.AbstractAccessLogValve.invoke(AbstractAccessLogValve.java:654)
		at org.apache.catalina.core.StandardEngineValve.invoke(StandardEngineValve.java:72)
		at org.apache.catalina.connector.CoyoteAdapter.service(CoyoteAdapter.java:341)
		at org.apache.coyote.http11.Http11Processor.service(Http11Processor.java:397)
		at org.apache.coyote.AbstractProcessorLight.process(AbstractProcessorLight.java:63)
		at org.apache.coyote.AbstractProtocol$ConnectionHandler.process(AbstractProtocol.java:903)
		at org.apache.tomcat.util.net.NioEndpoint$SocketProcessor.doRun(NioEndpoint.java:1778)
		at org.apache.tomcat.util.net.SocketProcessorBase.run(SocketProcessorBase.java:52)
		at org.apache.tomcat.util.threads.ThreadPoolExecutor.runWorker(ThreadPoolExecutor.java:946)
		at org.apache.tomcat.util.threads.ThreadPoolExecutor$Worker.run(ThreadPoolExecutor.java:480)
		at org.apache.tomcat.util.threads.TaskThread$WrappingRunnable.run(TaskThread.java:57)
		at java.base/java.lang.Thread.run(Thread.java:840)
10-Feb-2026 12:54:58.513 SEVERE [http-nio-8080-exec-8] org.apache.catalina.core.StandardWrapperValve.invoke Servlet.service() for servlet [controller.ReservationControl] in context with path [/ctp] threw exception
	java.lang.NumberFormatException: Cannot parse null string
		at java.base/java.lang.Integer.parseInt(Integer.java:630)
		at java.base/java.lang.Integer.parseInt(Integer.java:786)
		at controller.ReservationControl.doGet(ReservationControl.java:31)
		at jakarta.servlet.http.HttpServlet.service(HttpServlet.java:622)
		at jakarta.servlet.http.HttpServlet.service(HttpServlet.java:710)
		at org.apache.catalina.core.ApplicationFilterChain.doFilter(ApplicationFilterChain.java:128)
		at org.apache.tomcat.websocket.server.WsFilter.doFilter(WsFilter.java:53)
		at org.apache.catalina.core.ApplicationFilterChain.doFilter(ApplicationFilterChain.java:107)
		at org.apache.catalina.core.StandardWrapperValve.invoke(StandardWrapperValve.java:165)
		at org.apache.catalina.core.StandardContextValve.invoke(StandardContextValve.java:77)
		at org.apache.catalina.authenticator.AuthenticatorBase.invoke(AuthenticatorBase.java:482)
		at org.apache.catalina.core.StandardHostValve.invoke(StandardHostValve.java:113)
		at org.apache.catalina.valves.ErrorReportValve.invoke(ErrorReportValve.java:83)
		at org.apache.catalina.valves.AbstractAccessLogValve.invoke(AbstractAccessLogValve.java:654)
		at org.apache.catalina.core.StandardEngineValve.invoke(StandardEngineValve.java:72)
		at org.apache.catalina.connector.CoyoteAdapter.service(CoyoteAdapter.java:341)
		at org.apache.coyote.http11.Http11Processor.service(Http11Processor.java:397)
		at org.apache.coyote.AbstractProcessorLight.process(AbstractProcessorLight.java:63)
		at org.apache.coyote.AbstractProtocol$ConnectionHandler.process(AbstractProtocol.java:903)
		at org.apache.tomcat.util.net.NioEndpoint$SocketProcessor.doRun(NioEndpoint.java:1778)
		at org.apache.tomcat.util.net.SocketProcessorBase.run(SocketProcessorBase.java:52)
		at org.apache.tomcat.util.threads.ThreadPoolExecutor.runWorker(ThreadPoolExecutor.java:946)
		at org.apache.tomcat.util.threads.ThreadPoolExecutor$Worker.run(ThreadPoolExecutor.java:480)
		at org.apache.tomcat.util.threads.TaskThread$WrappingRunnable.run(TaskThread.java:57)
		at java.base/java.lang.Thread.run(Thread.java:840)
10-Feb-2026 13:01:19.893 INFO [Thread-1] org.apache.catalina.core.ApplicationContext.log SessionListener: contextDestroyed()
10-Feb-2026 13:01:19.893 INFO [Thread-1] org.apache.catalina.core.ApplicationContext.log ContextListener: contextDestroyed()
10-Feb-2026 13:01:23.749 INFO [main] org.apache.catalina.core.ApplicationContext.log ContextListener: contextInitialized()
10-Feb-2026 13:01:23.750 INFO [main] org.apache.catalina.core.ApplicationContext.log SessionListener: contextInitialized()
10-Feb-2026 13:01:23.751 INFO [main] org.apache.catalina.core.ApplicationContext.log ContextListener: attributeAdded('StockTicker', 'async.Stockticker@6cca8d49')
10-Feb-2026 13:01:25.422 SEVERE [http-nio-8080-exec-1] org.apache.catalina.core.ApplicationDispatcher.invoke Servlet.service() for servlet [jsp] threw exception
	java.lang.NullPointerException: Cannot invoke "java.util.List.iterator()" because "clients" is null
		at org.apache.jsp.WEB_002dINF.view.formulaire_jsp._jspService(formulaire_jsp.java:155)
		at org.apache.jasper.runtime.HttpJspBase.service(HttpJspBase.java:64)
		at jakarta.servlet.http.HttpServlet.service(HttpServlet.java:710)
		at org.apache.jasper.servlet.JspServletWrapper.service(JspServletWrapper.java:428)
		at org.apache.jasper.servlet.JspServlet.serviceJspFile(JspServlet.java:330)
		at org.apache.jasper.servlet.JspServlet.service(JspServlet.java:281)
		at jakarta.servlet.http.HttpServlet.service(HttpServlet.java:710)
		at org.apache.catalina.core.ApplicationFilterChain.doFilter(ApplicationFilterChain.java:128)
		at org.apache.tomcat.websocket.server.WsFilter.doFilter(WsFilter.java:53)
		at org.apache.catalina.core.ApplicationFilterChain.doFilter(ApplicationFilterChain.java:107)
		at org.apache.catalina.core.ApplicationDispatcher.invoke(ApplicationDispatcher.java:513)
		at org.apache.catalina.core.ApplicationDispatcher.processRequest(ApplicationDispatcher.java:333)
		at org.apache.catalina.core.ApplicationDispatcher.forward(ApplicationDispatcher.java:262)
		at controller.ReservationControl.doGet(ReservationControl.java:59)
		at jakarta.servlet.http.HttpServlet.service(HttpServlet.java:622)
		at jakarta.servlet.http.HttpServlet.service(HttpServlet.java:710)
		at org.apache.catalina.core.ApplicationFilterChain.doFilter(ApplicationFilterChain.java:128)
		at org.apache.tomcat.websocket.server.WsFilter.doFilter(WsFilter.java:53)
		at org.apache.catalina.core.ApplicationFilterChain.doFilter(ApplicationFilterChain.java:107)
		at org.apache.catalina.core.StandardWrapperValve.invoke(StandardWrapperValve.java:165)
		at org.apache.catalina.core.StandardContextValve.invoke(StandardContextValve.java:77)
		at org.apache.catalina.authenticator.AuthenticatorBase.invoke(AuthenticatorBase.java:482)
		at org.apache.catalina.core.StandardHostValve.invoke(StandardHostValve.java:113)
		at org.apache.catalina.valves.ErrorReportValve.invoke(ErrorReportValve.java:83)
		at org.apache.catalina.valves.AbstractAccessLogValve.invoke(AbstractAccessLogValve.java:654)
		at org.apache.catalina.core.StandardEngineValve.invoke(StandardEngineValve.java:72)
		at org.apache.catalina.connector.CoyoteAdapter.service(CoyoteAdapter.java:341)
		at org.apache.coyote.http11.Http11Processor.service(Http11Processor.java:397)
		at org.apache.coyote.AbstractProcessorLight.process(AbstractProcessorLight.java:63)
		at org.apache.coyote.AbstractProtocol$ConnectionHandler.process(AbstractProtocol.java:903)
		at org.apache.tomcat.util.net.NioEndpoint$SocketProcessor.doRun(NioEndpoint.java:1778)
		at org.apache.tomcat.util.net.SocketProcessorBase.run(SocketProcessorBase.java:52)
		at org.apache.tomcat.util.threads.ThreadPoolExecutor.runWorker(ThreadPoolExecutor.java:946)
		at org.apache.tomcat.util.threads.ThreadPoolExecutor$Worker.run(ThreadPoolExecutor.java:480)
		at org.apache.tomcat.util.threads.TaskThread$WrappingRunnable.run(TaskThread.java:57)
		at java.base/java.lang.Thread.run(Thread.java:840)
10-Feb-2026 13:01:25.422 SEVERE [http-nio-8080-exec-1] org.apache.catalina.core.StandardWrapperValve.invoke Servlet.service() for servlet [controller.ReservationControl] in context with path [/ctp] threw exception [An exception occurred processing [/WEB-INF/view/formulaire.jsp] at line [26]

23:     List<Client> clients = (List<Client>) request.getAttribute("clients");
24:     %>
25:     <select name='cno'>
26:     <% for(Client c : clients) { %>
27:         <option value='<%= c.getCno() %>'><%= c.getNom() %></option>
28:     <% } %>
29:     </select>


Stacktrace:] with root cause
	java.lang.NullPointerException: Cannot invoke "java.util.List.iterator()" because "clients" is null
		at org.apache.jsp.WEB_002dINF.view.formulaire_jsp._jspService(formulaire_jsp.java:155)
		at org.apache.jasper.runtime.HttpJspBase.service(HttpJspBase.java:64)
		at jakarta.servlet.http.HttpServlet.service(HttpServlet.java:710)
		at org.apache.jasper.servlet.JspServletWrapper.service(JspServletWrapper.java:428)
		at org.apache.jasper.servlet.JspServlet.serviceJspFile(JspServlet.java:330)
		at org.apache.jasper.servlet.JspServlet.service(JspServlet.java:281)
		at jakarta.servlet.http.HttpServlet.service(HttpServlet.java:710)
		at org.apache.catalina.core.ApplicationFilterChain.doFilter(ApplicationFilterChain.java:128)
		at org.apache.tomcat.websocket.server.WsFilter.doFilter(WsFilter.java:53)
		at org.apache.catalina.core.ApplicationFilterChain.doFilter(ApplicationFilterChain.java:107)
		at org.apache.catalina.core.ApplicationDispatcher.invoke(ApplicationDispatcher.java:513)
		at org.apache.catalina.core.ApplicationDispatcher.processRequest(ApplicationDispatcher.java:333)
		at org.apache.catalina.core.ApplicationDispatcher.forward(ApplicationDispatcher.java:262)
		at controller.ReservationControl.doGet(ReservationControl.java:59)
		at jakarta.servlet.http.HttpServlet.service(HttpServlet.java:622)
		at jakarta.servlet.http.HttpServlet.service(HttpServlet.java:710)
		at org.apache.catalina.core.ApplicationFilterChain.doFilter(ApplicationFilterChain.java:128)
		at org.apache.tomcat.websocket.server.WsFilter.doFilter(WsFilter.java:53)
		at org.apache.catalina.core.ApplicationFilterChain.doFilter(ApplicationFilterChain.java:107)
		at org.apache.catalina.core.StandardWrapperValve.invoke(StandardWrapperValve.java:165)
		at org.apache.catalina.core.StandardContextValve.invoke(StandardContextValve.java:77)
		at org.apache.catalina.authenticator.AuthenticatorBase.invoke(AuthenticatorBase.java:482)
		at org.apache.catalina.core.StandardHostValve.invoke(StandardHostValve.java:113)
		at org.apache.catalina.valves.ErrorReportValve.invoke(ErrorReportValve.java:83)
		at org.apache.catalina.valves.AbstractAccessLogValve.invoke(AbstractAccessLogValve.java:654)
		at org.apache.catalina.core.StandardEngineValve.invoke(StandardEngineValve.java:72)
		at org.apache.catalina.connector.CoyoteAdapter.service(CoyoteAdapter.java:341)
		at org.apache.coyote.http11.Http11Processor.service(Http11Processor.java:397)
		at org.apache.coyote.AbstractProcessorLight.process(AbstractProcessorLight.java:63)
		at org.apache.coyote.AbstractProtocol$ConnectionHandler.process(AbstractProtocol.java:903)
		at org.apache.tomcat.util.net.NioEndpoint$SocketProcessor.doRun(NioEndpoint.java:1778)
		at org.apache.tomcat.util.net.SocketProcessorBase.run(SocketProcessorBase.java:52)
		at org.apache.tomcat.util.threads.ThreadPoolExecutor.runWorker(ThreadPoolExecutor.java:946)
		at org.apache.tomcat.util.threads.ThreadPoolExecutor$Worker.run(ThreadPoolExecutor.java:480)
		at org.apache.tomcat.util.threads.TaskThread$WrappingRunnable.run(TaskThread.java:57)
		at java.base/java.lang.Thread.run(Thread.java:840)
10-Feb-2026 13:04:19.807 SEVERE [http-nio-8080-exec-2] org.apache.catalina.core.ApplicationDispatcher.invoke Servlet.service() for servlet [jsp] threw exception
	java.lang.NullPointerException: Cannot invoke "java.util.List.iterator()" because "clients" is null
		at org.apache.jsp.WEB_002dINF.view.formulaire_jsp._jspService(formulaire_jsp.java:155)
		at org.apache.jasper.runtime.HttpJspBase.service(HttpJspBase.java:64)
		at jakarta.servlet.http.HttpServlet.service(HttpServlet.java:710)
		at org.apache.jasper.servlet.JspServletWrapper.service(JspServletWrapper.java:428)
		at org.apache.jasper.servlet.JspServlet.serviceJspFile(JspServlet.java:330)
		at org.apache.jasper.servlet.JspServlet.service(JspServlet.java:281)
		at jakarta.servlet.http.HttpServlet.service(HttpServlet.java:710)
		at org.apache.catalina.core.ApplicationFilterChain.doFilter(ApplicationFilterChain.java:128)
		at org.apache.tomcat.websocket.server.WsFilter.doFilter(WsFilter.java:53)
		at org.apache.catalina.core.ApplicationFilterChain.doFilter(ApplicationFilterChain.java:107)
		at org.apache.catalina.core.ApplicationDispatcher.invoke(ApplicationDispatcher.java:513)
		at org.apache.catalina.core.ApplicationDispatcher.processRequest(ApplicationDispatcher.java:333)
		at org.apache.catalina.core.ApplicationDispatcher.forward(ApplicationDispatcher.java:262)
		at controller.ReservationControl.doGet(ReservationControl.java:59)
		at jakarta.servlet.http.HttpServlet.service(HttpServlet.java:622)
		at jakarta.servlet.http.HttpServlet.service(HttpServlet.java:710)
		at org.apache.catalina.core.ApplicationFilterChain.doFilter(ApplicationFilterChain.java:128)
		at org.apache.tomcat.websocket.server.WsFilter.doFilter(WsFilter.java:53)
		at org.apache.catalina.core.ApplicationFilterChain.doFilter(ApplicationFilterChain.java:107)
		at org.apache.catalina.core.StandardWrapperValve.invoke(StandardWrapperValve.java:165)
		at org.apache.catalina.core.StandardContextValve.invoke(StandardContextValve.java:77)
		at org.apache.catalina.authenticator.AuthenticatorBase.invoke(AuthenticatorBase.java:482)
		at org.apache.catalina.core.StandardHostValve.invoke(StandardHostValve.java:113)
		at org.apache.catalina.valves.ErrorReportValve.invoke(ErrorReportValve.java:83)
		at org.apache.catalina.valves.AbstractAccessLogValve.invoke(AbstractAccessLogValve.java:654)
		at org.apache.catalina.core.StandardEngineValve.invoke(StandardEngineValve.java:72)
		at org.apache.catalina.connector.CoyoteAdapter.service(CoyoteAdapter.java:341)
		at org.apache.coyote.http11.Http11Processor.service(Http11Processor.java:397)
		at org.apache.coyote.AbstractProcessorLight.process(AbstractProcessorLight.java:63)
		at org.apache.coyote.AbstractProtocol$ConnectionHandler.process(AbstractProtocol.java:903)
		at org.apache.tomcat.util.net.NioEndpoint$SocketProcessor.doRun(NioEndpoint.java:1778)
		at org.apache.tomcat.util.net.SocketProcessorBase.run(SocketProcessorBase.java:52)
		at org.apache.tomcat.util.threads.ThreadPoolExecutor.runWorker(ThreadPoolExecutor.java:946)
		at org.apache.tomcat.util.threads.ThreadPoolExecutor$Worker.run(ThreadPoolExecutor.java:480)
		at org.apache.tomcat.util.threads.TaskThread$WrappingRunnable.run(TaskThread.java:57)
		at java.base/java.lang.Thread.run(Thread.java:840)
10-Feb-2026 13:04:19.807 SEVERE [http-nio-8080-exec-2] org.apache.catalina.core.StandardWrapperValve.invoke Servlet.service() for servlet [controller.ReservationControl] in context with path [/ctp] threw exception [An exception occurred processing [/WEB-INF/view/formulaire.jsp] at line [26]

23:     List<Client> clients = (List<Client>) request.getAttribute("clients");
24:     %>
25:     <select name='cno'>
26:     <% for(Client c : clients) { %>
27:         <option value='<%= c.getCno() %>'><%= c.getNom() %></option>
28:     <% } %>
29:     </select>


Stacktrace:] with root cause
	java.lang.NullPointerException: Cannot invoke "java.util.List.iterator()" because "clients" is null
		at org.apache.jsp.WEB_002dINF.view.formulaire_jsp._jspService(formulaire_jsp.java:155)
		at org.apache.jasper.runtime.HttpJspBase.service(HttpJspBase.java:64)
		at jakarta.servlet.http.HttpServlet.service(HttpServlet.java:710)
		at org.apache.jasper.servlet.JspServletWrapper.service(JspServletWrapper.java:428)
		at org.apache.jasper.servlet.JspServlet.serviceJspFile(JspServlet.java:330)
		at org.apache.jasper.servlet.JspServlet.service(JspServlet.java:281)
		at jakarta.servlet.http.HttpServlet.service(HttpServlet.java:710)
		at org.apache.catalina.core.ApplicationFilterChain.doFilter(ApplicationFilterChain.java:128)
		at org.apache.tomcat.websocket.server.WsFilter.doFilter(WsFilter.java:53)
		at org.apache.catalina.core.ApplicationFilterChain.doFilter(ApplicationFilterChain.java:107)
		at org.apache.catalina.core.ApplicationDispatcher.invoke(ApplicationDispatcher.java:513)
		at org.apache.catalina.core.ApplicationDispatcher.processRequest(ApplicationDispatcher.java:333)
		at org.apache.catalina.core.ApplicationDispatcher.forward(ApplicationDispatcher.java:262)
		at controller.ReservationControl.doGet(ReservationControl.java:59)
		at jakarta.servlet.http.HttpServlet.service(HttpServlet.java:622)
		at jakarta.servlet.http.HttpServlet.service(HttpServlet.java:710)
		at org.apache.catalina.core.ApplicationFilterChain.doFilter(ApplicationFilterChain.java:128)
		at org.apache.tomcat.websocket.server.WsFilter.doFilter(WsFilter.java:53)
		at org.apache.catalina.core.ApplicationFilterChain.doFilter(ApplicationFilterChain.java:107)
		at org.apache.catalina.core.StandardWrapperValve.invoke(StandardWrapperValve.java:165)
		at org.apache.catalina.core.StandardContextValve.invoke(StandardContextValve.java:77)
		at org.apache.catalina.authenticator.AuthenticatorBase.invoke(AuthenticatorBase.java:482)
		at org.apache.catalina.core.StandardHostValve.invoke(StandardHostValve.java:113)
		at org.apache.catalina.valves.ErrorReportValve.invoke(ErrorReportValve.java:83)
		at org.apache.catalina.valves.AbstractAccessLogValve.invoke(AbstractAccessLogValve.java:654)
		at org.apache.catalina.core.StandardEngineValve.invoke(StandardEngineValve.java:72)
		at org.apache.catalina.connector.CoyoteAdapter.service(CoyoteAdapter.java:341)
		at org.apache.coyote.http11.Http11Processor.service(Http11Processor.java:397)
		at org.apache.coyote.AbstractProcessorLight.process(AbstractProcessorLight.java:63)
		at org.apache.coyote.AbstractProtocol$ConnectionHandler.process(AbstractProtocol.java:903)
		at org.apache.tomcat.util.net.NioEndpoint$SocketProcessor.doRun(NioEndpoint.java:1778)
		at org.apache.tomcat.util.net.SocketProcessorBase.run(SocketProcessorBase.java:52)
		at org.apache.tomcat.util.threads.ThreadPoolExecutor.runWorker(ThreadPoolExecutor.java:946)
		at org.apache.tomcat.util.threads.ThreadPoolExecutor$Worker.run(ThreadPoolExecutor.java:480)
		at org.apache.tomcat.util.threads.TaskThread$WrappingRunnable.run(TaskThread.java:57)
		at java.base/java.lang.Thread.run(Thread.java:840)
10-Feb-2026 13:04:20.455 SEVERE [http-nio-8080-exec-3] org.apache.catalina.core.ApplicationDispatcher.invoke Servlet.service() for servlet [jsp] threw exception
	java.lang.NullPointerException: Cannot invoke "java.util.List.iterator()" because "clients" is null
		at org.apache.jsp.WEB_002dINF.view.formulaire_jsp._jspService(formulaire_jsp.java:155)
		at org.apache.jasper.runtime.HttpJspBase.service(HttpJspBase.java:64)
		at jakarta.servlet.http.HttpServlet.service(HttpServlet.java:710)
		at org.apache.jasper.servlet.JspServletWrapper.service(JspServletWrapper.java:428)
		at org.apache.jasper.servlet.JspServlet.serviceJspFile(JspServlet.java:330)
		at org.apache.jasper.servlet.JspServlet.service(JspServlet.java:281)
		at jakarta.servlet.http.HttpServlet.service(HttpServlet.java:710)
		at org.apache.catalina.core.ApplicationFilterChain.doFilter(ApplicationFilterChain.java:128)
		at org.apache.tomcat.websocket.server.WsFilter.doFilter(WsFilter.java:53)
		at org.apache.catalina.core.ApplicationFilterChain.doFilter(ApplicationFilterChain.java:107)
		at org.apache.catalina.core.ApplicationDispatcher.invoke(ApplicationDispatcher.java:513)
		at org.apache.catalina.core.ApplicationDispatcher.processRequest(ApplicationDispatcher.java:333)
		at org.apache.catalina.core.ApplicationDispatcher.forward(ApplicationDispatcher.java:262)
		at controller.ReservationControl.doGet(ReservationControl.java:59)
		at jakarta.servlet.http.HttpServlet.service(HttpServlet.java:622)
		at jakarta.servlet.http.HttpServlet.service(HttpServlet.java:710)
		at org.apache.catalina.core.ApplicationFilterChain.doFilter(ApplicationFilterChain.java:128)
		at org.apache.tomcat.websocket.server.WsFilter.doFilter(WsFilter.java:53)
		at org.apache.catalina.core.ApplicationFilterChain.doFilter(ApplicationFilterChain.java:107)
		at org.apache.catalina.core.StandardWrapperValve.invoke(StandardWrapperValve.java:165)
		at org.apache.catalina.core.StandardContextValve.invoke(StandardContextValve.java:77)
		at org.apache.catalina.authenticator.AuthenticatorBase.invoke(AuthenticatorBase.java:482)
		at org.apache.catalina.core.StandardHostValve.invoke(StandardHostValve.java:113)
		at org.apache.catalina.valves.ErrorReportValve.invoke(ErrorReportValve.java:83)
		at org.apache.catalina.valves.AbstractAccessLogValve.invoke(AbstractAccessLogValve.java:654)
		at org.apache.catalina.core.StandardEngineValve.invoke(StandardEngineValve.java:72)
		at org.apache.catalina.connector.CoyoteAdapter.service(CoyoteAdapter.java:341)
		at org.apache.coyote.http11.Http11Processor.service(Http11Processor.java:397)
		at org.apache.coyote.AbstractProcessorLight.process(AbstractProcessorLight.java:63)
		at org.apache.coyote.AbstractProtocol$ConnectionHandler.process(AbstractProtocol.java:903)
		at org.apache.tomcat.util.net.NioEndpoint$SocketProcessor.doRun(NioEndpoint.java:1778)
		at org.apache.tomcat.util.net.SocketProcessorBase.run(SocketProcessorBase.java:52)
		at org.apache.tomcat.util.threads.ThreadPoolExecutor.runWorker(ThreadPoolExecutor.java:946)
		at org.apache.tomcat.util.threads.ThreadPoolExecutor$Worker.run(ThreadPoolExecutor.java:480)
		at org.apache.tomcat.util.threads.TaskThread$WrappingRunnable.run(TaskThread.java:57)
		at java.base/java.lang.Thread.run(Thread.java:840)
10-Feb-2026 13:04:20.455 SEVERE [http-nio-8080-exec-3] org.apache.catalina.core.StandardWrapperValve.invoke Servlet.service() for servlet [controller.ReservationControl] in context with path [/ctp] threw exception [An exception occurred processing [/WEB-INF/view/formulaire.jsp] at line [26]

23:     List<Client> clients = (List<Client>) request.getAttribute("clients");
24:     %>
25:     <select name='cno'>
26:     <% for(Client c : clients) { %>
27:         <option value='<%= c.getCno() %>'><%= c.getNom() %></option>
28:     <% } %>
29:     </select>


Stacktrace:] with root cause
	java.lang.NullPointerException: Cannot invoke "java.util.List.iterator()" because "clients" is null
		at org.apache.jsp.WEB_002dINF.view.formulaire_jsp._jspService(formulaire_jsp.java:155)
		at org.apache.jasper.runtime.HttpJspBase.service(HttpJspBase.java:64)
		at jakarta.servlet.http.HttpServlet.service(HttpServlet.java:710)
		at org.apache.jasper.servlet.JspServletWrapper.service(JspServletWrapper.java:428)
		at org.apache.jasper.servlet.JspServlet.serviceJspFile(JspServlet.java:330)
		at org.apache.jasper.servlet.JspServlet.service(JspServlet.java:281)
		at jakarta.servlet.http.HttpServlet.service(HttpServlet.java:710)
		at org.apache.catalina.core.ApplicationFilterChain.doFilter(ApplicationFilterChain.java:128)
		at org.apache.tomcat.websocket.server.WsFilter.doFilter(WsFilter.java:53)
		at org.apache.catalina.core.ApplicationFilterChain.doFilter(ApplicationFilterChain.java:107)
		at org.apache.catalina.core.ApplicationDispatcher.invoke(ApplicationDispatcher.java:513)
		at org.apache.catalina.core.ApplicationDispatcher.processRequest(ApplicationDispatcher.java:333)
		at org.apache.catalina.core.ApplicationDispatcher.forward(ApplicationDispatcher.java:262)
		at controller.ReservationControl.doGet(ReservationControl.java:59)
		at jakarta.servlet.http.HttpServlet.service(HttpServlet.java:622)
		at jakarta.servlet.http.HttpServlet.service(HttpServlet.java:710)
		at org.apache.catalina.core.ApplicationFilterChain.doFilter(ApplicationFilterChain.java:128)
		at org.apache.tomcat.websocket.server.WsFilter.doFilter(WsFilter.java:53)
		at org.apache.catalina.core.ApplicationFilterChain.doFilter(ApplicationFilterChain.java:107)
		at org.apache.catalina.core.StandardWrapperValve.invoke(StandardWrapperValve.java:165)
		at org.apache.catalina.core.StandardContextValve.invoke(StandardContextValve.java:77)
		at org.apache.catalina.authenticator.AuthenticatorBase.invoke(AuthenticatorBase.java:482)
		at org.apache.catalina.core.StandardHostValve.invoke(StandardHostValve.java:113)
		at org.apache.catalina.valves.ErrorReportValve.invoke(ErrorReportValve.java:83)
		at org.apache.catalina.valves.AbstractAccessLogValve.invoke(AbstractAccessLogValve.java:654)
		at org.apache.catalina.core.StandardEngineValve.invoke(StandardEngineValve.java:72)
		at org.apache.catalina.connector.CoyoteAdapter.service(CoyoteAdapter.java:341)
		at org.apache.coyote.http11.Http11Processor.service(Http11Processor.java:397)
		at org.apache.coyote.AbstractProcessorLight.process(AbstractProcessorLight.java:63)
		at org.apache.coyote.AbstractProtocol$ConnectionHandler.process(AbstractProtocol.java:903)
		at org.apache.tomcat.util.net.NioEndpoint$SocketProcessor.doRun(NioEndpoint.java:1778)
		at org.apache.tomcat.util.net.SocketProcessorBase.run(SocketProcessorBase.java:52)
		at org.apache.tomcat.util.threads.ThreadPoolExecutor.runWorker(ThreadPoolExecutor.java:946)
		at org.apache.tomcat.util.threads.ThreadPoolExecutor$Worker.run(ThreadPoolExecutor.java:480)
		at org.apache.tomcat.util.threads.TaskThread$WrappingRunnable.run(TaskThread.java:57)
		at java.base/java.lang.Thread.run(Thread.java:840)
10-Feb-2026 13:05:18.388 INFO [Thread-1] org.apache.catalina.core.ApplicationContext.log SessionListener: contextDestroyed()
10-Feb-2026 13:05:18.388 INFO [Thread-1] org.apache.catalina.core.ApplicationContext.log ContextListener: contextDestroyed()
10-Feb-2026 13:05:21.970 INFO [main] org.apache.catalina.core.ApplicationContext.log ContextListener: contextInitialized()
10-Feb-2026 13:05:21.971 INFO [main] org.apache.catalina.core.ApplicationContext.log SessionListener: contextInitialized()
10-Feb-2026 13:05:21.972 INFO [main] org.apache.catalina.core.ApplicationContext.log ContextListener: attributeAdded('StockTicker', 'async.Stockticker@163fc3e4')
10-Feb-2026 13:14:10.390 INFO [Thread-1] org.apache.catalina.core.ApplicationContext.log SessionListener: contextDestroyed()
10-Feb-2026 13:14:10.390 INFO [Thread-1] org.apache.catalina.core.ApplicationContext.log ContextListener: contextDestroyed()
10-Feb-2026 13:14:14.029 INFO [main] org.apache.catalina.core.ApplicationContext.log ContextListener: contextInitialized()
10-Feb-2026 13:14:14.029 INFO [main] org.apache.catalina.core.ApplicationContext.log SessionListener: contextInitialized()
10-Feb-2026 13:14:14.030 INFO [main] org.apache.catalina.core.ApplicationContext.log ContextListener: attributeAdded('StockTicker', 'async.Stockticker@58d7fb91')
10-Feb-2026 13:19:59.985 INFO [Thread-1] org.apache.catalina.core.ApplicationContext.log SessionListener: contextDestroyed()
10-Feb-2026 13:19:59.985 INFO [Thread-1] org.apache.catalina.core.ApplicationContext.log ContextListener: contextDestroyed()
10-Feb-2026 13:20:03.564 INFO [main] org.apache.catalina.core.ApplicationContext.log ContextListener: contextInitialized()
10-Feb-2026 13:20:03.564 INFO [main] org.apache.catalina.core.ApplicationContext.log SessionListener: contextInitialized()
10-Feb-2026 13:20:03.565 INFO [main] org.apache.catalina.core.ApplicationContext.log ContextListener: attributeAdded('StockTicker', 'async.Stockticker@58d7fb91')
10-Feb-2026 13:21:22.472 INFO [Thread-1] org.apache.catalina.core.ApplicationContext.log SessionListener: contextDestroyed()
10-Feb-2026 13:21:22.472 INFO [Thread-1] org.apache.catalina.core.ApplicationContext.log ContextListener: contextDestroyed()
10-Feb-2026 13:21:26.213 INFO [main] org.apache.catalina.core.ApplicationContext.log ContextListener: contextInitialized()
10-Feb-2026 13:21:26.213 INFO [main] org.apache.catalina.core.ApplicationContext.log SessionListener: contextInitialized()
10-Feb-2026 13:21:26.214 INFO [main] org.apache.catalina.core.ApplicationContext.log ContextListener: attributeAdded('StockTicker', 'async.Stockticker@58d7fb91')
10-Feb-2026 13:23:41.130 INFO [Thread-1] org.apache.catalina.core.ApplicationContext.log SessionListener: contextDestroyed()
10-Feb-2026 13:23:41.130 INFO [Thread-1] org.apache.catalina.core.ApplicationContext.log ContextListener: contextDestroyed()
10-Feb-2026 13:23:46.719 INFO [main] org.apache.catalina.core.ApplicationContext.log ContextListener: contextInitialized()
10-Feb-2026 13:23:46.719 INFO [main] org.apache.catalina.core.ApplicationContext.log SessionListener: contextInitialized()
10-Feb-2026 13:23:46.720 INFO [main] org.apache.catalina.core.ApplicationContext.log ContextListener: attributeAdded('StockTicker', 'async.Stockticker@515130a4')
10-Feb-2026 13:27:37.445 INFO [Thread-1] org.apache.catalina.core.ApplicationContext.log SessionListener: contextDestroyed()
10-Feb-2026 13:27:37.445 INFO [Thread-1] org.apache.catalina.core.ApplicationContext.log ContextListener: contextDestroyed()
10-Feb-2026 14:58:53.274 INFO [main] org.apache.catalina.core.ApplicationContext.log ContextListener: contextInitialized()
10-Feb-2026 14:58:53.274 INFO [main] org.apache.catalina.core.ApplicationContext.log SessionListener: contextInitialized()
10-Feb-2026 14:58:53.275 INFO [main] org.apache.catalina.core.ApplicationContext.log ContextListener: attributeAdded('StockTicker', 'async.Stockticker@3999f490')
10-Feb-2026 15:01:45.008 INFO [Thread-1] org.apache.catalina.core.ApplicationContext.log SessionListener: contextDestroyed()
10-Feb-2026 15:01:45.009 INFO [Thread-1] org.apache.catalina.core.ApplicationContext.log ContextListener: contextDestroyed()
10-Feb-2026 15:01:48.434 INFO [main] org.apache.catalina.core.ApplicationContext.log ContextListener: contextInitialized()
10-Feb-2026 15:01:48.434 INFO [main] org.apache.catalina.core.ApplicationContext.log SessionListener: contextInitialized()
10-Feb-2026 15:01:48.435 INFO [main] org.apache.catalina.core.ApplicationContext.log ContextListener: attributeAdded('StockTicker', 'async.Stockticker@515130a4')
10-Feb-2026 15:01:48.961 INFO [Thread-1] org.apache.catalina.core.ApplicationContext.log SessionListener: contextDestroyed()
10-Feb-2026 15:01:48.961 INFO [Thread-1] org.apache.catalina.core.ApplicationContext.log ContextListener: contextDestroyed()
10-Feb-2026 15:01:52.189 INFO [main] org.apache.catalina.core.ApplicationContext.log ContextListener: contextInitialized()
10-Feb-2026 15:01:52.189 INFO [main] org.apache.catalina.core.ApplicationContext.log SessionListener: contextInitialized()
10-Feb-2026 15:01:52.190 INFO [main] org.apache.catalina.core.ApplicationContext.log ContextListener: attributeAdded('StockTicker', 'async.Stockticker@515130a4')
10-Feb-2026 15:03:05.398 INFO [Thread-1] org.apache.catalina.core.ApplicationContext.log SessionListener: contextDestroyed()
10-Feb-2026 15:03:05.398 INFO [Thread-1] org.apache.catalina.core.ApplicationContext.log ContextListener: contextDestroyed()
10-Feb-2026 15:03:12.149 INFO [main] org.apache.catalina.core.ApplicationContext.log ContextListener: contextInitialized()
10-Feb-2026 15:03:12.149 INFO [main] org.apache.catalina.core.ApplicationContext.log SessionListener: contextInitialized()
10-Feb-2026 15:03:12.150 INFO [main] org.apache.catalina.core.ApplicationContext.log ContextListener: attributeAdded('StockTicker', 'async.Stockticker@58d7fb91')
10-Feb-2026 15:06:37.978 INFO [Thread-1] org.apache.catalina.core.ApplicationContext.log SessionListener: contextDestroyed()
10-Feb-2026 15:06:37.978 INFO [Thread-1] org.apache.catalina.core.ApplicationContext.log ContextListener: contextDestroyed()
10-Feb-2026 16:53:10.695 INFO [main] org.apache.catalina.core.ApplicationContext.log ContextListener: contextInitialized()
10-Feb-2026 16:53:10.695 INFO [main] org.apache.catalina.core.ApplicationContext.log SessionListener: contextInitialized()
10-Feb-2026 16:53:10.698 INFO [main] org.apache.catalina.core.ApplicationContext.log ContextListener: attributeAdded('StockTicker', 'async.Stockticker@36be660')
10-Feb-2026 16:54:05.194 INFO [Thread-1] org.apache.catalina.core.ApplicationContext.log SessionListener: contextDestroyed()
10-Feb-2026 16:54:05.194 INFO [Thread-1] org.apache.catalina.core.ApplicationContext.log ContextListener: contextDestroyed()
10-Feb-2026 16:54:08.714 INFO [main] org.apache.catalina.core.ApplicationContext.log ContextListener: contextInitialized()
10-Feb-2026 16:54:08.714 INFO [main] org.apache.catalina.core.ApplicationContext.log SessionListener: contextInitialized()
10-Feb-2026 16:54:08.719 INFO [main] org.apache.catalina.core.ApplicationContext.log ContextListener: attributeAdded('StockTicker', 'async.Stockticker@1410009a')
10-Feb-2026 17:03:04.427 SEVERE [http-nio-8080-exec-4] org.apache.catalina.core.StandardWrapperValve.invoke Servlet.service() for servlet [controller.ReservationControl] in context with path [/ctp2] threw exception
	java.lang.NumberFormatException: Cannot parse null string
		at java.base/java.lang.Integer.parseInt(Integer.java:630)
		at java.base/java.lang.Integer.parseInt(Integer.java:786)
		at controller.ReservationControl.doGet(ReservationControl.java:35)
		at jakarta.servlet.http.HttpServlet.service(HttpServlet.java:622)
		at jakarta.servlet.http.HttpServlet.service(HttpServlet.java:710)
		at org.apache.catalina.core.ApplicationFilterChain.doFilter(ApplicationFilterChain.java:128)
		at org.apache.tomcat.websocket.server.WsFilter.doFilter(WsFilter.java:53)
		at org.apache.catalina.core.ApplicationFilterChain.doFilter(ApplicationFilterChain.java:107)
		at org.apache.catalina.core.StandardWrapperValve.invoke(StandardWrapperValve.java:165)
		at org.apache.catalina.core.StandardContextValve.invoke(StandardContextValve.java:77)
		at org.apache.catalina.authenticator.AuthenticatorBase.invoke(AuthenticatorBase.java:482)
		at org.apache.catalina.core.StandardHostValve.invoke(StandardHostValve.java:113)
		at org.apache.catalina.valves.ErrorReportValve.invoke(ErrorReportValve.java:83)
		at org.apache.catalina.valves.AbstractAccessLogValve.invoke(AbstractAccessLogValve.java:654)
		at org.apache.catalina.core.StandardEngineValve.invoke(StandardEngineValve.java:72)
		at org.apache.catalina.connector.CoyoteAdapter.service(CoyoteAdapter.java:341)
		at org.apache.coyote.http11.Http11Processor.service(Http11Processor.java:397)
		at org.apache.coyote.AbstractProcessorLight.process(AbstractProcessorLight.java:63)
		at org.apache.coyote.AbstractProtocol$ConnectionHandler.process(AbstractProtocol.java:903)
		at org.apache.tomcat.util.net.NioEndpoint$SocketProcessor.doRun(NioEndpoint.java:1778)
		at org.apache.tomcat.util.net.SocketProcessorBase.run(SocketProcessorBase.java:52)
		at org.apache.tomcat.util.threads.ThreadPoolExecutor.runWorker(ThreadPoolExecutor.java:946)
		at org.apache.tomcat.util.threads.ThreadPoolExecutor$Worker.run(ThreadPoolExecutor.java:480)
		at org.apache.tomcat.util.threads.TaskThread$WrappingRunnable.run(TaskThread.java:57)
		at java.base/java.lang.Thread.run(Thread.java:840)
10-Feb-2026 17:04:32.527 SEVERE [http-nio-8080-exec-7] org.apache.catalina.core.ApplicationDispatcher.invoke Servlet.service() for servlet [jsp] threw exception
	org.apache.jasper.JasperException: Unable to compile class for JSP: 

An error occurred at line: [18] in the jsp file: [/WEB-INF/view/liste.jsp]
Syntax error on token "reservation", return expected
15: for(Reservation reservation : reservations) { %>
16:     <tr>
17:     <td>
18:     <% reservation%>
19:     </td>
20:     <td>
21:     <a href='reservations?action=voir&rno='


An error occurred at line: [18] in the jsp file: [/WEB-INF/view/liste.jsp]
Void methods cannot return a value
15: for(Reservation reservation : reservations) { %>
16:     <tr>
17:     <td>
18:     <% reservation%>
19:     </td>
20:     <td>
21:     <a href='reservations?action=voir&rno='


An error occurred at line: [164] in the generated java file: [/home/infoetu/baptiste.lavogiez.etu/BUT2/Semestre2/Webdev/tomcat/work/Catalina/localhost/ctp2/org/apache/jsp/WEB_002dINF/view/liste_jsp.java]
Syntax error, insert "}" to complete Block

An error occurred at line: [181] in the generated java file: [/home/infoetu/baptiste.lavogiez.etu/BUT2/Semestre2/Webdev/tomcat/work/Catalina/localhost/ctp2/org/apache/jsp/WEB_002dINF/view/liste_jsp.java]
Syntax error on token "}", delete this token

An error occurred at line: [182] in the generated java file: [/home/infoetu/baptiste.lavogiez.etu/BUT2/Semestre2/Webdev/tomcat/work/Catalina/localhost/ctp2/org/apache/jsp/WEB_002dINF/view/liste_jsp.java]
Syntax error, insert "}" to complete ClassBody

Stacktrace:
		at org.apache.jasper.compiler.DefaultErrorHandler.javacError(DefaultErrorHandler.java:70)
		at org.apache.jasper.compiler.ErrorDispatcher.javacError(ErrorDispatcher.java:189)
		at org.apache.jasper.compiler.JDTCompiler.generateClass(JDTCompiler.java:523)
		at org.apache.jasper.compiler.Compiler.compile(Compiler.java:367)
		at org.apache.jasper.compiler.Compiler.compile(Compiler.java:339)
		at org.apache.jasper.compiler.Compiler.compile(Compiler.java:325)
		at org.apache.jasper.JspCompilationContext.compile(JspCompilationContext.java:585)
		at org.apache.jasper.servlet.JspServletWrapper.service(JspServletWrapper.java:368)
		at org.apache.jasper.servlet.JspServlet.serviceJspFile(JspServlet.java:330)
		at org.apache.jasper.servlet.JspServlet.service(JspServlet.java:281)
		at jakarta.servlet.http.HttpServlet.service(HttpServlet.java:710)
		at org.apache.catalina.core.ApplicationFilterChain.doFilter(ApplicationFilterChain.java:128)
		at org.apache.tomcat.websocket.server.WsFilter.doFilter(WsFilter.java:53)
		at org.apache.catalina.core.ApplicationFilterChain.doFilter(ApplicationFilterChain.java:107)
		at org.apache.catalina.core.ApplicationDispatcher.invoke(ApplicationDispatcher.java:513)
		at org.apache.catalina.core.ApplicationDispatcher.processRequest(ApplicationDispatcher.java:333)
		at org.apache.catalina.core.ApplicationDispatcher.forward(ApplicationDispatcher.java:262)
		at controller.ReservationControl.doGet(ReservationControl.java:63)
		at jakarta.servlet.http.HttpServlet.service(HttpServlet.java:622)
		at jakarta.servlet.http.HttpServlet.service(HttpServlet.java:710)
		at org.apache.catalina.core.ApplicationFilterChain.doFilter(ApplicationFilterChain.java:128)
		at org.apache.tomcat.websocket.server.WsFilter.doFilter(WsFilter.java:53)
		at org.apache.catalina.core.ApplicationFilterChain.doFilter(ApplicationFilterChain.java:107)
		at org.apache.catalina.core.StandardWrapperValve.invoke(StandardWrapperValve.java:165)
		at org.apache.catalina.core.StandardContextValve.invoke(StandardContextValve.java:77)
		at org.apache.catalina.authenticator.AuthenticatorBase.invoke(AuthenticatorBase.java:482)
		at org.apache.catalina.core.StandardHostValve.invoke(StandardHostValve.java:113)
		at org.apache.catalina.valves.ErrorReportValve.invoke(ErrorReportValve.java:83)
		at org.apache.catalina.valves.AbstractAccessLogValve.invoke(AbstractAccessLogValve.java:654)
		at org.apache.catalina.core.StandardEngineValve.invoke(StandardEngineValve.java:72)
		at org.apache.catalina.connector.CoyoteAdapter.service(CoyoteAdapter.java:341)
		at org.apache.coyote.http11.Http11Processor.service(Http11Processor.java:397)
		at org.apache.coyote.AbstractProcessorLight.process(AbstractProcessorLight.java:63)
		at org.apache.coyote.AbstractProtocol$ConnectionHandler.process(AbstractProtocol.java:903)
		at org.apache.tomcat.util.net.NioEndpoint$SocketProcessor.doRun(NioEndpoint.java:1778)
		at org.apache.tomcat.util.net.SocketProcessorBase.run(SocketProcessorBase.java:52)
		at org.apache.tomcat.util.threads.ThreadPoolExecutor.runWorker(ThreadPoolExecutor.java:946)
		at org.apache.tomcat.util.threads.ThreadPoolExecutor$Worker.run(ThreadPoolExecutor.java:480)
		at org.apache.tomcat.util.threads.TaskThread$WrappingRunnable.run(TaskThread.java:57)
		at java.base/java.lang.Thread.run(Thread.java:840)
10-Feb-2026 17:04:32.528 SEVERE [http-nio-8080-exec-7] org.apache.catalina.core.StandardWrapperValve.invoke Servlet.service() for servlet [controller.ReservationControl] in context with path [/ctp2] threw exception [Unable to compile class for JSP: 

An error occurred at line: [18] in the jsp file: [/WEB-INF/view/liste.jsp]
Syntax error on token "reservation", return expected
15: for(Reservation reservation : reservations) { %>
16:     <tr>
17:     <td>
18:     <% reservation%>
19:     </td>
20:     <td>
21:     <a href='reservations?action=voir&rno='


An error occurred at line: [18] in the jsp file: [/WEB-INF/view/liste.jsp]
Void methods cannot return a value
15: for(Reservation reservation : reservations) { %>
16:     <tr>
17:     <td>
18:     <% reservation%>
19:     </td>
20:     <td>
21:     <a href='reservations?action=voir&rno='


An error occurred at line: [164] in the generated java file: [/home/infoetu/baptiste.lavogiez.etu/BUT2/Semestre2/Webdev/tomcat/work/Catalina/localhost/ctp2/org/apache/jsp/WEB_002dINF/view/liste_jsp.java]
Syntax error, insert "}" to complete Block

An error occurred at line: [181] in the generated java file: [/home/infoetu/baptiste.lavogiez.etu/BUT2/Semestre2/Webdev/tomcat/work/Catalina/localhost/ctp2/org/apache/jsp/WEB_002dINF/view/liste_jsp.java]
Syntax error on token "}", delete this token

An error occurred at line: [182] in the generated java file: [/home/infoetu/baptiste.lavogiez.etu/BUT2/Semestre2/Webdev/tomcat/work/Catalina/localhost/ctp2/org/apache/jsp/WEB_002dINF/view/liste_jsp.java]
Syntax error, insert "}" to complete ClassBody

Stacktrace:] with root cause
	org.apache.jasper.JasperException: Unable to compile class for JSP: 

An error occurred at line: [18] in the jsp file: [/WEB-INF/view/liste.jsp]
Syntax error on token "reservation", return expected
15: for(Reservation reservation : reservations) { %>
16:     <tr>
17:     <td>
18:     <% reservation%>
19:     </td>
20:     <td>
21:     <a href='reservations?action=voir&rno='


An error occurred at line: [18] in the jsp file: [/WEB-INF/view/liste.jsp]
Void methods cannot return a value
15: for(Reservation reservation : reservations) { %>
16:     <tr>
17:     <td>
18:     <% reservation%>
19:     </td>
20:     <td>
21:     <a href='reservations?action=voir&rno='


An error occurred at line: [164] in the generated java file: [/home/infoetu/baptiste.lavogiez.etu/BUT2/Semestre2/Webdev/tomcat/work/Catalina/localhost/ctp2/org/apache/jsp/WEB_002dINF/view/liste_jsp.java]
Syntax error, insert "}" to complete Block

An error occurred at line: [181] in the generated java file: [/home/infoetu/baptiste.lavogiez.etu/BUT2/Semestre2/Webdev/tomcat/work/Catalina/localhost/ctp2/org/apache/jsp/WEB_002dINF/view/liste_jsp.java]
Syntax error on token "}", delete this token

An error occurred at line: [182] in the generated java file: [/home/infoetu/baptiste.lavogiez.etu/BUT2/Semestre2/Webdev/tomcat/work/Catalina/localhost/ctp2/org/apache/jsp/WEB_002dINF/view/liste_jsp.java]
Syntax error, insert "}" to complete ClassBody

Stacktrace:
		at org.apache.jasper.compiler.DefaultErrorHandler.javacError(DefaultErrorHandler.java:70)
		at org.apache.jasper.compiler.ErrorDispatcher.javacError(ErrorDispatcher.java:189)
		at org.apache.jasper.compiler.JDTCompiler.generateClass(JDTCompiler.java:523)
		at org.apache.jasper.compiler.Compiler.compile(Compiler.java:367)
		at org.apache.jasper.compiler.Compiler.compile(Compiler.java:339)
		at org.apache.jasper.compiler.Compiler.compile(Compiler.java:325)
		at org.apache.jasper.JspCompilationContext.compile(JspCompilationContext.java:585)
		at org.apache.jasper.servlet.JspServletWrapper.service(JspServletWrapper.java:368)
		at org.apache.jasper.servlet.JspServlet.serviceJspFile(JspServlet.java:330)
		at org.apache.jasper.servlet.JspServlet.service(JspServlet.java:281)
		at jakarta.servlet.http.HttpServlet.service(HttpServlet.java:710)
		at org.apache.catalina.core.ApplicationFilterChain.doFilter(ApplicationFilterChain.java:128)
		at org.apache.tomcat.websocket.server.WsFilter.doFilter(WsFilter.java:53)
		at org.apache.catalina.core.ApplicationFilterChain.doFilter(ApplicationFilterChain.java:107)
		at org.apache.catalina.core.ApplicationDispatcher.invoke(ApplicationDispatcher.java:513)
		at org.apache.catalina.core.ApplicationDispatcher.processRequest(ApplicationDispatcher.java:333)
		at org.apache.catalina.core.ApplicationDispatcher.forward(ApplicationDispatcher.java:262)
		at controller.ReservationControl.doGet(ReservationControl.java:63)
		at jakarta.servlet.http.HttpServlet.service(HttpServlet.java:622)
		at jakarta.servlet.http.HttpServlet.service(HttpServlet.java:710)
		at org.apache.catalina.core.ApplicationFilterChain.doFilter(ApplicationFilterChain.java:128)
		at org.apache.tomcat.websocket.server.WsFilter.doFilter(WsFilter.java:53)
		at org.apache.catalina.core.ApplicationFilterChain.doFilter(ApplicationFilterChain.java:107)
		at org.apache.catalina.core.StandardWrapperValve.invoke(StandardWrapperValve.java:165)
		at org.apache.catalina.core.StandardContextValve.invoke(StandardContextValve.java:77)
		at org.apache.catalina.authenticator.AuthenticatorBase.invoke(AuthenticatorBase.java:482)
		at org.apache.catalina.core.StandardHostValve.invoke(StandardHostValve.java:113)
		at org.apache.catalina.valves.ErrorReportValve.invoke(ErrorReportValve.java:83)
		at org.apache.catalina.valves.AbstractAccessLogValve.invoke(AbstractAccessLogValve.java:654)
		at org.apache.catalina.core.StandardEngineValve.invoke(StandardEngineValve.java:72)
		at org.apache.catalina.connector.CoyoteAdapter.service(CoyoteAdapter.java:341)
		at org.apache.coyote.http11.Http11Processor.service(Http11Processor.java:397)
		at org.apache.coyote.AbstractProcessorLight.process(AbstractProcessorLight.java:63)
		at org.apache.coyote.AbstractProtocol$ConnectionHandler.process(AbstractProtocol.java:903)
		at org.apache.tomcat.util.net.NioEndpoint$SocketProcessor.doRun(NioEndpoint.java:1778)
		at org.apache.tomcat.util.net.SocketProcessorBase.run(SocketProcessorBase.java:52)
		at org.apache.tomcat.util.threads.ThreadPoolExecutor.runWorker(ThreadPoolExecutor.java:946)
		at org.apache.tomcat.util.threads.ThreadPoolExecutor$Worker.run(ThreadPoolExecutor.java:480)
		at org.apache.tomcat.util.threads.TaskThread$WrappingRunnable.run(TaskThread.java:57)
		at java.base/java.lang.Thread.run(Thread.java:840)
10-Feb-2026 17:05:32.993 SEVERE [http-nio-8080-exec-8] org.apache.catalina.core.ApplicationDispatcher.invoke Servlet.service() for servlet [jsp] threw exception
	org.apache.jasper.JasperException: Unable to compile class for JSP: 

An error occurred at line: [18] in the jsp file: [/WEB-INF/view/liste.jsp]
Syntax error on token "reservation", return expected
15: for(Reservation reservation : reservations) { %>
16:     <tr>
17:     <td>
18:     <% reservation%>
19:     </td>
20:     <td>
21:     <a href='reservations?action=voir&rno=<% i%>'>Voir</a>


An error occurred at line: [18] in the jsp file: [/WEB-INF/view/liste.jsp]
Void methods cannot return a value
15: for(Reservation reservation : reservations) { %>
16:     <tr>
17:     <td>
18:     <% reservation%>
19:     </td>
20:     <td>
21:     <a href='reservations?action=voir&rno=<% i%>'>Voir</a>


An error occurred at line: [21] in the jsp file: [/WEB-INF/view/liste.jsp]
i cannot be resolved to a type
18:     <% reservation%>
19:     </td>
20:     <td>
21:     <a href='reservations?action=voir&rno=<% i%>'>Voir</a>
22:     <td>
23:     </tr>
24:     <%-- out.println("<tr>");


An error occurred at line: [21] in the jsp file: [/WEB-INF/view/liste.jsp]
Duplicate local variable out
18:     <% reservation%>
19:     </td>
20:     <td>
21:     <a href='reservations?action=voir&rno=<% i%>'>Voir</a>
22:     <td>
23:     </tr>
24:     <%-- out.println("<tr>");


An error occurred at line: [21] in the jsp file: [/WEB-INF/view/liste.jsp]
Syntax error on token ".", ; expected
18:     <% reservation%>
19:     </td>
20:     <td>
21:     <a href='reservations?action=voir&rno=<% i%>'>Voir</a>
22:     <td>
23:     </tr>
24:     <%-- out.println("<tr>");


An error occurred at line: [21] in the jsp file: [/WEB-INF/view/liste.jsp]
The method write(String) is undefined for the type liste_jsp
18:     <% reservation%>
19:     </td>
20:     <td>
21:     <a href='reservations?action=voir&rno=<% i%>'>Voir</a>
22:     <td>
23:     </tr>
24:     <%-- out.println("<tr>");


Stacktrace:
		at org.apache.jasper.compiler.DefaultErrorHandler.javacError(DefaultErrorHandler.java:70)
		at org.apache.jasper.compiler.ErrorDispatcher.javacError(ErrorDispatcher.java:189)
		at org.apache.jasper.compiler.JDTCompiler.generateClass(JDTCompiler.java:523)
		at org.apache.jasper.compiler.Compiler.compile(Compiler.java:367)
		at org.apache.jasper.compiler.Compiler.compile(Compiler.java:339)
		at org.apache.jasper.compiler.Compiler.compile(Compiler.java:325)
		at org.apache.jasper.JspCompilationContext.compile(JspCompilationContext.java:585)
		at org.apache.jasper.servlet.JspServletWrapper.service(JspServletWrapper.java:368)
		at org.apache.jasper.servlet.JspServlet.serviceJspFile(JspServlet.java:330)
		at org.apache.jasper.servlet.JspServlet.service(JspServlet.java:281)
		at jakarta.servlet.http.HttpServlet.service(HttpServlet.java:710)
		at org.apache.catalina.core.ApplicationFilterChain.doFilter(ApplicationFilterChain.java:128)
		at org.apache.tomcat.websocket.server.WsFilter.doFilter(WsFilter.java:53)
		at org.apache.catalina.core.ApplicationFilterChain.doFilter(ApplicationFilterChain.java:107)
		at org.apache.catalina.core.ApplicationDispatcher.invoke(ApplicationDispatcher.java:513)
		at org.apache.catalina.core.ApplicationDispatcher.processRequest(ApplicationDispatcher.java:333)
		at org.apache.catalina.core.ApplicationDispatcher.forward(ApplicationDispatcher.java:262)
		at controller.ReservationControl.doGet(ReservationControl.java:63)
		at jakarta.servlet.http.HttpServlet.service(HttpServlet.java:622)
		at jakarta.servlet.http.HttpServlet.service(HttpServlet.java:710)
		at org.apache.catalina.core.ApplicationFilterChain.doFilter(ApplicationFilterChain.java:128)
		at org.apache.tomcat.websocket.server.WsFilter.doFilter(WsFilter.java:53)
		at org.apache.catalina.core.ApplicationFilterChain.doFilter(ApplicationFilterChain.java:107)
		at org.apache.catalina.core.StandardWrapperValve.invoke(StandardWrapperValve.java:165)
		at org.apache.catalina.core.StandardContextValve.invoke(StandardContextValve.java:77)
		at org.apache.catalina.authenticator.AuthenticatorBase.invoke(AuthenticatorBase.java:482)
		at org.apache.catalina.core.StandardHostValve.invoke(StandardHostValve.java:113)
		at org.apache.catalina.valves.ErrorReportValve.invoke(ErrorReportValve.java:83)
		at org.apache.catalina.valves.AbstractAccessLogValve.invoke(AbstractAccessLogValve.java:654)
		at org.apache.catalina.core.StandardEngineValve.invoke(StandardEngineValve.java:72)
		at org.apache.catalina.connector.CoyoteAdapter.service(CoyoteAdapter.java:341)
		at org.apache.coyote.http11.Http11Processor.service(Http11Processor.java:397)
		at org.apache.coyote.AbstractProcessorLight.process(AbstractProcessorLight.java:63)
		at org.apache.coyote.AbstractProtocol$ConnectionHandler.process(AbstractProtocol.java:903)
		at org.apache.tomcat.util.net.NioEndpoint$SocketProcessor.doRun(NioEndpoint.java:1778)
		at org.apache.tomcat.util.net.SocketProcessorBase.run(SocketProcessorBase.java:52)
		at org.apache.tomcat.util.threads.ThreadPoolExecutor.runWorker(ThreadPoolExecutor.java:946)
		at org.apache.tomcat.util.threads.ThreadPoolExecutor$Worker.run(ThreadPoolExecutor.java:480)
		at org.apache.tomcat.util.threads.TaskThread$WrappingRunnable.run(TaskThread.java:57)
		at java.base/java.lang.Thread.run(Thread.java:840)
10-Feb-2026 17:05:32.993 SEVERE [http-nio-8080-exec-8] org.apache.catalina.core.StandardWrapperValve.invoke Servlet.service() for servlet [controller.ReservationControl] in context with path [/ctp2] threw exception [Unable to compile class for JSP: 

An error occurred at line: [18] in the jsp file: [/WEB-INF/view/liste.jsp]
Syntax error on token "reservation", return expected
15: for(Reservation reservation : reservations) { %>
16:     <tr>
17:     <td>
18:     <% reservation%>
19:     </td>
20:     <td>
21:     <a href='reservations?action=voir&rno=<% i%>'>Voir</a>


An error occurred at line: [18] in the jsp file: [/WEB-INF/view/liste.jsp]
Void methods cannot return a value
15: for(Reservation reservation : reservations) { %>
16:     <tr>
17:     <td>
18:     <% reservation%>
19:     </td>
20:     <td>
21:     <a href='reservations?action=voir&rno=<% i%>'>Voir</a>


An error occurred at line: [21] in the jsp file: [/WEB-INF/view/liste.jsp]
i cannot be resolved to a type
18:     <% reservation%>
19:     </td>
20:     <td>
21:     <a href='reservations?action=voir&rno=<% i%>'>Voir</a>
22:     <td>
23:     </tr>
24:     <%-- out.println("<tr>");


An error occurred at line: [21] in the jsp file: [/WEB-INF/view/liste.jsp]
Duplicate local variable out
18:     <% reservation%>
19:     </td>
20:     <td>
21:     <a href='reservations?action=voir&rno=<% i%>'>Voir</a>
22:     <td>
23:     </tr>
24:     <%-- out.println("<tr>");


An error occurred at line: [21] in the jsp file: [/WEB-INF/view/liste.jsp]
Syntax error on token ".", ; expected
18:     <% reservation%>
19:     </td>
20:     <td>
21:     <a href='reservations?action=voir&rno=<% i%>'>Voir</a>
22:     <td>
23:     </tr>
24:     <%-- out.println("<tr>");


An error occurred at line: [21] in the jsp file: [/WEB-INF/view/liste.jsp]
The method write(String) is undefined for the type liste_jsp
18:     <% reservation%>
19:     </td>
20:     <td>
21:     <a href='reservations?action=voir&rno=<% i%>'>Voir</a>
22:     <td>
23:     </tr>
24:     <%-- out.println("<tr>");


Stacktrace:] with root cause
	org.apache.jasper.JasperException: Unable to compile class for JSP: 

An error occurred at line: [18] in the jsp file: [/WEB-INF/view/liste.jsp]
Syntax error on token "reservation", return expected
15: for(Reservation reservation : reservations) { %>
16:     <tr>
17:     <td>
18:     <% reservation%>
19:     </td>
20:     <td>
21:     <a href='reservations?action=voir&rno=<% i%>'>Voir</a>


An error occurred at line: [18] in the jsp file: [/WEB-INF/view/liste.jsp]
Void methods cannot return a value
15: for(Reservation reservation : reservations) { %>
16:     <tr>
17:     <td>
18:     <% reservation%>
19:     </td>
20:     <td>
21:     <a href='reservations?action=voir&rno=<% i%>'>Voir</a>


An error occurred at line: [21] in the jsp file: [/WEB-INF/view/liste.jsp]
i cannot be resolved to a type
18:     <% reservation%>
19:     </td>
20:     <td>
21:     <a href='reservations?action=voir&rno=<% i%>'>Voir</a>
22:     <td>
23:     </tr>
24:     <%-- out.println("<tr>");


An error occurred at line: [21] in the jsp file: [/WEB-INF/view/liste.jsp]
Duplicate local variable out
18:     <% reservation%>
19:     </td>
20:     <td>
21:     <a href='reservations?action=voir&rno=<% i%>'>Voir</a>
22:     <td>
23:     </tr>
24:     <%-- out.println("<tr>");


An error occurred at line: [21] in the jsp file: [/WEB-INF/view/liste.jsp]
Syntax error on token ".", ; expected
18:     <% reservation%>
19:     </td>
20:     <td>
21:     <a href='reservations?action=voir&rno=<% i%>'>Voir</a>
22:     <td>
23:     </tr>
24:     <%-- out.println("<tr>");


An error occurred at line: [21] in the jsp file: [/WEB-INF/view/liste.jsp]
The method write(String) is undefined for the type liste_jsp
18:     <% reservation%>
19:     </td>
20:     <td>
21:     <a href='reservations?action=voir&rno=<% i%>'>Voir</a>
22:     <td>
23:     </tr>
24:     <%-- out.println("<tr>");


Stacktrace:
		at org.apache.jasper.compiler.DefaultErrorHandler.javacError(DefaultErrorHandler.java:70)
		at org.apache.jasper.compiler.ErrorDispatcher.javacError(ErrorDispatcher.java:189)
		at org.apache.jasper.compiler.JDTCompiler.generateClass(JDTCompiler.java:523)
		at org.apache.jasper.compiler.Compiler.compile(Compiler.java:367)
		at org.apache.jasper.compiler.Compiler.compile(Compiler.java:339)
		at org.apache.jasper.compiler.Compiler.compile(Compiler.java:325)
		at org.apache.jasper.JspCompilationContext.compile(JspCompilationContext.java:585)
		at org.apache.jasper.servlet.JspServletWrapper.service(JspServletWrapper.java:368)
		at org.apache.jasper.servlet.JspServlet.serviceJspFile(JspServlet.java:330)
		at org.apache.jasper.servlet.JspServlet.service(JspServlet.java:281)
		at jakarta.servlet.http.HttpServlet.service(HttpServlet.java:710)
		at org.apache.catalina.core.ApplicationFilterChain.doFilter(ApplicationFilterChain.java:128)
		at org.apache.tomcat.websocket.server.WsFilter.doFilter(WsFilter.java:53)
		at org.apache.catalina.core.ApplicationFilterChain.doFilter(ApplicationFilterChain.java:107)
		at org.apache.catalina.core.ApplicationDispatcher.invoke(ApplicationDispatcher.java:513)
		at org.apache.catalina.core.ApplicationDispatcher.processRequest(ApplicationDispatcher.java:333)
		at org.apache.catalina.core.ApplicationDispatcher.forward(ApplicationDispatcher.java:262)
		at controller.ReservationControl.doGet(ReservationControl.java:63)
		at jakarta.servlet.http.HttpServlet.service(HttpServlet.java:622)
		at jakarta.servlet.http.HttpServlet.service(HttpServlet.java:710)
		at org.apache.catalina.core.ApplicationFilterChain.doFilter(ApplicationFilterChain.java:128)
		at org.apache.tomcat.websocket.server.WsFilter.doFilter(WsFilter.java:53)
		at org.apache.catalina.core.ApplicationFilterChain.doFilter(ApplicationFilterChain.java:107)
		at org.apache.catalina.core.StandardWrapperValve.invoke(StandardWrapperValve.java:165)
		at org.apache.catalina.core.StandardContextValve.invoke(StandardContextValve.java:77)
		at org.apache.catalina.authenticator.AuthenticatorBase.invoke(AuthenticatorBase.java:482)
		at org.apache.catalina.core.StandardHostValve.invoke(StandardHostValve.java:113)
		at org.apache.catalina.valves.ErrorReportValve.invoke(ErrorReportValve.java:83)
		at org.apache.catalina.valves.AbstractAccessLogValve.invoke(AbstractAccessLogValve.java:654)
		at org.apache.catalina.core.StandardEngineValve.invoke(StandardEngineValve.java:72)
		at org.apache.catalina.connector.CoyoteAdapter.service(CoyoteAdapter.java:341)
		at org.apache.coyote.http11.Http11Processor.service(Http11Processor.java:397)
		at org.apache.coyote.AbstractProcessorLight.process(AbstractProcessorLight.java:63)
		at org.apache.coyote.AbstractProtocol$ConnectionHandler.process(AbstractProtocol.java:903)
		at org.apache.tomcat.util.net.NioEndpoint$SocketProcessor.doRun(NioEndpoint.java:1778)
		at org.apache.tomcat.util.net.SocketProcessorBase.run(SocketProcessorBase.java:52)
		at org.apache.tomcat.util.threads.ThreadPoolExecutor.runWorker(ThreadPoolExecutor.java:946)
		at org.apache.tomcat.util.threads.ThreadPoolExecutor$Worker.run(ThreadPoolExecutor.java:480)
		at org.apache.tomcat.util.threads.TaskThread$WrappingRunnable.run(TaskThread.java:57)
		at java.base/java.lang.Thread.run(Thread.java:840)
10-Feb-2026 17:06:46.034 SEVERE [http-nio-8080-exec-1] org.apache.catalina.core.ApplicationDispatcher.invoke Servlet.service() for servlet [jsp] threw exception
	org.apache.jasper.JasperException: Unable to compile class for JSP: 

An error occurred at line: [24] in the jsp file: [/WEB-INF/view/liste.jsp]
The method getType_Repas() is undefined for the type Reservation
21:     <%= reservation.getHeure()%>
22:     </td>
23:     <td>
24:     <%= reservation.getType_Repas()%>
25:     </td>
26:     <td>
27:     <a href='reservations?action=voir&rno=<%= i%>'>Voir</a>


Stacktrace:
		at org.apache.jasper.compiler.DefaultErrorHandler.javacError(DefaultErrorHandler.java:70)
		at org.apache.jasper.compiler.ErrorDispatcher.javacError(ErrorDispatcher.java:189)
		at org.apache.jasper.compiler.JDTCompiler.generateClass(JDTCompiler.java:523)
		at org.apache.jasper.compiler.Compiler.compile(Compiler.java:367)
		at org.apache.jasper.compiler.Compiler.compile(Compiler.java:339)
		at org.apache.jasper.compiler.Compiler.compile(Compiler.java:325)
		at org.apache.jasper.JspCompilationContext.compile(JspCompilationContext.java:585)
		at org.apache.jasper.servlet.JspServletWrapper.service(JspServletWrapper.java:368)
		at org.apache.jasper.servlet.JspServlet.serviceJspFile(JspServlet.java:330)
		at org.apache.jasper.servlet.JspServlet.service(JspServlet.java:281)
		at jakarta.servlet.http.HttpServlet.service(HttpServlet.java:710)
		at org.apache.catalina.core.ApplicationFilterChain.doFilter(ApplicationFilterChain.java:128)
		at org.apache.tomcat.websocket.server.WsFilter.doFilter(WsFilter.java:53)
		at org.apache.catalina.core.ApplicationFilterChain.doFilter(ApplicationFilterChain.java:107)
		at org.apache.catalina.core.ApplicationDispatcher.invoke(ApplicationDispatcher.java:513)
		at org.apache.catalina.core.ApplicationDispatcher.processRequest(ApplicationDispatcher.java:333)
		at org.apache.catalina.core.ApplicationDispatcher.forward(ApplicationDispatcher.java:262)
		at controller.ReservationControl.doGet(ReservationControl.java:63)
		at jakarta.servlet.http.HttpServlet.service(HttpServlet.java:622)
		at jakarta.servlet.http.HttpServlet.service(HttpServlet.java:710)
		at org.apache.catalina.core.ApplicationFilterChain.doFilter(ApplicationFilterChain.java:128)
		at org.apache.tomcat.websocket.server.WsFilter.doFilter(WsFilter.java:53)
		at org.apache.catalina.core.ApplicationFilterChain.doFilter(ApplicationFilterChain.java:107)
		at org.apache.catalina.core.StandardWrapperValve.invoke(StandardWrapperValve.java:165)
		at org.apache.catalina.core.StandardContextValve.invoke(StandardContextValve.java:77)
		at org.apache.catalina.authenticator.AuthenticatorBase.invoke(AuthenticatorBase.java:482)
		at org.apache.catalina.core.StandardHostValve.invoke(StandardHostValve.java:113)
		at org.apache.catalina.valves.ErrorReportValve.invoke(ErrorReportValve.java:83)
		at org.apache.catalina.valves.AbstractAccessLogValve.invoke(AbstractAccessLogValve.java:654)
		at org.apache.catalina.core.StandardEngineValve.invoke(StandardEngineValve.java:72)
		at org.apache.catalina.connector.CoyoteAdapter.service(CoyoteAdapter.java:341)
		at org.apache.coyote.http11.Http11Processor.service(Http11Processor.java:397)
		at org.apache.coyote.AbstractProcessorLight.process(AbstractProcessorLight.java:63)
		at org.apache.coyote.AbstractProtocol$ConnectionHandler.process(AbstractProtocol.java:903)
		at org.apache.tomcat.util.net.NioEndpoint$SocketProcessor.doRun(NioEndpoint.java:1778)
		at org.apache.tomcat.util.net.SocketProcessorBase.run(SocketProcessorBase.java:52)
		at org.apache.tomcat.util.threads.ThreadPoolExecutor.runWorker(ThreadPoolExecutor.java:946)
		at org.apache.tomcat.util.threads.ThreadPoolExecutor$Worker.run(ThreadPoolExecutor.java:480)
		at org.apache.tomcat.util.threads.TaskThread$WrappingRunnable.run(TaskThread.java:57)
		at java.base/java.lang.Thread.run(Thread.java:840)
10-Feb-2026 17:06:46.034 SEVERE [http-nio-8080-exec-1] org.apache.catalina.core.StandardWrapperValve.invoke Servlet.service() for servlet [controller.ReservationControl] in context with path [/ctp2] threw exception [Unable to compile class for JSP: 

An error occurred at line: [24] in the jsp file: [/WEB-INF/view/liste.jsp]
The method getType_Repas() is undefined for the type Reservation
21:     <%= reservation.getHeure()%>
22:     </td>
23:     <td>
24:     <%= reservation.getType_Repas()%>
25:     </td>
26:     <td>
27:     <a href='reservations?action=voir&rno=<%= i%>'>Voir</a>


Stacktrace:] with root cause
	org.apache.jasper.JasperException: Unable to compile class for JSP: 

An error occurred at line: [24] in the jsp file: [/WEB-INF/view/liste.jsp]
The method getType_Repas() is undefined for the type Reservation
21:     <%= reservation.getHeure()%>
22:     </td>
23:     <td>
24:     <%= reservation.getType_Repas()%>
25:     </td>
26:     <td>
27:     <a href='reservations?action=voir&rno=<%= i%>'>Voir</a>


Stacktrace:
		at org.apache.jasper.compiler.DefaultErrorHandler.javacError(DefaultErrorHandler.java:70)
		at org.apache.jasper.compiler.ErrorDispatcher.javacError(ErrorDispatcher.java:189)
		at org.apache.jasper.compiler.JDTCompiler.generateClass(JDTCompiler.java:523)
		at org.apache.jasper.compiler.Compiler.compile(Compiler.java:367)
		at org.apache.jasper.compiler.Compiler.compile(Compiler.java:339)
		at org.apache.jasper.compiler.Compiler.compile(Compiler.java:325)
		at org.apache.jasper.JspCompilationContext.compile(JspCompilationContext.java:585)
		at org.apache.jasper.servlet.JspServletWrapper.service(JspServletWrapper.java:368)
		at org.apache.jasper.servlet.JspServlet.serviceJspFile(JspServlet.java:330)
		at org.apache.jasper.servlet.JspServlet.service(JspServlet.java:281)
		at jakarta.servlet.http.HttpServlet.service(HttpServlet.java:710)
		at org.apache.catalina.core.ApplicationFilterChain.doFilter(ApplicationFilterChain.java:128)
		at org.apache.tomcat.websocket.server.WsFilter.doFilter(WsFilter.java:53)
		at org.apache.catalina.core.ApplicationFilterChain.doFilter(ApplicationFilterChain.java:107)
		at org.apache.catalina.core.ApplicationDispatcher.invoke(ApplicationDispatcher.java:513)
		at org.apache.catalina.core.ApplicationDispatcher.processRequest(ApplicationDispatcher.java:333)
		at org.apache.catalina.core.ApplicationDispatcher.forward(ApplicationDispatcher.java:262)
		at controller.ReservationControl.doGet(ReservationControl.java:63)
		at jakarta.servlet.http.HttpServlet.service(HttpServlet.java:622)
		at jakarta.servlet.http.HttpServlet.service(HttpServlet.java:710)
		at org.apache.catalina.core.ApplicationFilterChain.doFilter(ApplicationFilterChain.java:128)
		at org.apache.tomcat.websocket.server.WsFilter.doFilter(WsFilter.java:53)
		at org.apache.catalina.core.ApplicationFilterChain.doFilter(ApplicationFilterChain.java:107)
		at org.apache.catalina.core.StandardWrapperValve.invoke(StandardWrapperValve.java:165)
		at org.apache.catalina.core.StandardContextValve.invoke(StandardContextValve.java:77)
		at org.apache.catalina.authenticator.AuthenticatorBase.invoke(AuthenticatorBase.java:482)
		at org.apache.catalina.core.StandardHostValve.invoke(StandardHostValve.java:113)
		at org.apache.catalina.valves.ErrorReportValve.invoke(ErrorReportValve.java:83)
		at org.apache.catalina.valves.AbstractAccessLogValve.invoke(AbstractAccessLogValve.java:654)
		at org.apache.catalina.core.StandardEngineValve.invoke(StandardEngineValve.java:72)
		at org.apache.catalina.connector.CoyoteAdapter.service(CoyoteAdapter.java:341)
		at org.apache.coyote.http11.Http11Processor.service(Http11Processor.java:397)
		at org.apache.coyote.AbstractProcessorLight.process(AbstractProcessorLight.java:63)
		at org.apache.coyote.AbstractProtocol$ConnectionHandler.process(AbstractProtocol.java:903)
		at org.apache.tomcat.util.net.NioEndpoint$SocketProcessor.doRun(NioEndpoint.java:1778)
		at org.apache.tomcat.util.net.SocketProcessorBase.run(SocketProcessorBase.java:52)
		at org.apache.tomcat.util.threads.ThreadPoolExecutor.runWorker(ThreadPoolExecutor.java:946)
		at org.apache.tomcat.util.threads.ThreadPoolExecutor$Worker.run(ThreadPoolExecutor.java:480)
		at org.apache.tomcat.util.threads.TaskThread$WrappingRunnable.run(TaskThread.java:57)
		at java.base/java.lang.Thread.run(Thread.java:840)
10-Feb-2026 17:10:12.537 INFO [Thread-1] org.apache.catalina.core.ApplicationContext.log SessionListener: contextDestroyed()
10-Feb-2026 17:10:12.537 INFO [Thread-1] org.apache.catalina.core.ApplicationContext.log ContextListener: contextDestroyed()
10-Feb-2026 17:10:16.060 INFO [main] org.apache.catalina.core.ApplicationContext.log ContextListener: contextInitialized()
10-Feb-2026 17:10:16.060 INFO [main] org.apache.catalina.core.ApplicationContext.log SessionListener: contextInitialized()
10-Feb-2026 17:10:16.061 INFO [main] org.apache.catalina.core.ApplicationContext.log ContextListener: attributeAdded('StockTicker', 'async.Stockticker@1410009a')
10-Feb-2026 17:13:23.749 INFO [Thread-1] org.apache.catalina.core.ApplicationContext.log SessionListener: contextDestroyed()
10-Feb-2026 17:13:23.749 INFO [Thread-1] org.apache.catalina.core.ApplicationContext.log ContextListener: contextDestroyed()
