15-Dec-2025 13:03:56.637 INFO [main] org.apache.catalina.core.ApplicationContext.log ContextListener: contextInitialized()
15-Dec-2025 13:03:56.637 INFO [main] org.apache.catalina.core.ApplicationContext.log SessionListener: contextInitialized()
15-Dec-2025 13:03:56.638 INFO [main] org.apache.catalina.core.ApplicationContext.log ContextListener: attributeAdded('StockTicker', 'async.Stockticker@4337afd')
15-Dec-2025 13:26:11.023 INFO [Thread-1] org.apache.catalina.core.ApplicationContext.log SessionListener: contextDestroyed()
15-Dec-2025 13:26:11.024 INFO [Thread-1] org.apache.catalina.core.ApplicationContext.log ContextListener: contextDestroyed()
15-Dec-2025 15:51:55.421 INFO [main] org.apache.catalina.core.ApplicationContext.log ContextListener: contextInitialized()
15-Dec-2025 15:51:55.421 INFO [main] org.apache.catalina.core.ApplicationContext.log SessionListener: contextInitialized()
15-Dec-2025 15:51:55.422 INFO [main] org.apache.catalina.core.ApplicationContext.log ContextListener: attributeAdded('StockTicker', 'async.Stockticker@4337afd')
15-Dec-2025 16:13:36.523 INFO [Thread-1] org.apache.catalina.core.ApplicationContext.log SessionListener: contextDestroyed()
15-Dec-2025 16:13:36.523 INFO [Thread-1] org.apache.catalina.core.ApplicationContext.log ContextListener: contextDestroyed()
15-Dec-2025 16:23:19.137 INFO [main] org.apache.catalina.core.ApplicationContext.log ContextListener: contextInitialized()
15-Dec-2025 16:23:19.137 INFO [main] org.apache.catalina.core.ApplicationContext.log SessionListener: contextInitialized()
15-Dec-2025 16:23:19.138 INFO [main] org.apache.catalina.core.ApplicationContext.log ContextListener: attributeAdded('StockTicker', 'async.Stockticker@e09f1b6')
15-Dec-2025 16:24:25.582 INFO [Thread-1] org.apache.catalina.core.ApplicationContext.log SessionListener: contextDestroyed()
15-Dec-2025 16:24:25.582 INFO [Thread-1] org.apache.catalina.core.ApplicationContext.log ContextListener: contextDestroyed()
15-Dec-2025 16:24:55.867 INFO [main] org.apache.catalina.core.ApplicationContext.log ContextListener: contextInitialized()
15-Dec-2025 16:24:55.867 INFO [main] org.apache.catalina.core.ApplicationContext.log SessionListener: contextInitialized()
15-Dec-2025 16:24:55.868 INFO [main] org.apache.catalina.core.ApplicationContext.log ContextListener: attributeAdded('StockTicker', 'async.Stockticker@11b32a14')
15-Dec-2025 16:39:57.212 INFO [Thread-1] org.apache.catalina.core.ApplicationContext.log SessionListener: contextDestroyed()
15-Dec-2025 16:39:57.213 INFO [Thread-1] org.apache.catalina.core.ApplicationContext.log ContextListener: contextDestroyed()
15-Dec-2025 16:39:58.722 INFO [main] org.apache.catalina.core.ApplicationContext.log ContextListener: contextInitialized()
15-Dec-2025 16:39:58.722 INFO [main] org.apache.catalina.core.ApplicationContext.log SessionListener: contextInitialized()
15-Dec-2025 16:39:58.723 INFO [main] org.apache.catalina.core.ApplicationContext.log ContextListener: attributeAdded('StockTicker', 'async.Stockticker@74667e6a')
15-Dec-2025 16:40:22.817 INFO [Thread-1] org.apache.catalina.core.ApplicationContext.log SessionListener: contextDestroyed()
15-Dec-2025 16:40:22.818 INFO [Thread-1] org.apache.catalina.core.ApplicationContext.log ContextListener: contextDestroyed()
15-Dec-2025 16:40:25.034 INFO [main] org.apache.catalina.core.ApplicationContext.log ContextListener: contextInitialized()
15-Dec-2025 16:40:25.034 INFO [main] org.apache.catalina.core.ApplicationContext.log SessionListener: contextInitialized()
15-Dec-2025 16:40:25.035 INFO [main] org.apache.catalina.core.ApplicationContext.log ContextListener: attributeAdded('StockTicker', 'async.Stockticker@50fdf44f')
15-Dec-2025 16:42:02.540 INFO [Thread-1] org.apache.catalina.core.ApplicationContext.log SessionListener: contextDestroyed()
15-Dec-2025 16:42:02.540 INFO [Thread-1] org.apache.catalina.core.ApplicationContext.log ContextListener: contextDestroyed()
15-Dec-2025 16:42:04.325 INFO [main] org.apache.catalina.core.ApplicationContext.log ContextListener: contextInitialized()
15-Dec-2025 16:42:04.325 INFO [main] org.apache.catalina.core.ApplicationContext.log SessionListener: contextInitialized()
15-Dec-2025 16:42:04.326 INFO [main] org.apache.catalina.core.ApplicationContext.log ContextListener: attributeAdded('StockTicker', 'async.Stockticker@50fdf44f')
15-Dec-2025 16:48:36.309 INFO [Thread-1] org.apache.catalina.core.ApplicationContext.log SessionListener: contextDestroyed()
15-Dec-2025 16:48:36.309 INFO [Thread-1] org.apache.catalina.core.ApplicationContext.log ContextListener: contextDestroyed()
15-Dec-2025 16:48:37.962 INFO [main] org.apache.catalina.core.ApplicationContext.log ContextListener: contextInitialized()
15-Dec-2025 16:48:37.962 INFO [main] org.apache.catalina.core.ApplicationContext.log SessionListener: contextInitialized()
15-Dec-2025 16:48:37.963 INFO [main] org.apache.catalina.core.ApplicationContext.log ContextListener: attributeAdded('StockTicker', 'async.Stockticker@7b222230')
15-Dec-2025 16:48:40.176 SEVERE [http-nio-8080-exec-3] org.apache.catalina.core.StandardWrapperValve.invoke Servlet.service() for servlet [ServletMenu] in context with path [/ctp-2025] threw exception
	java.lang.NullPointerException: Cannot invoke "String.equals(Object)" because "<local7>" is null
		at ServletMenu.service(ServletMenu.java:40)
		at jakarta.servlet.http.HttpServlet.service(HttpServlet.java:710)
		at org.apache.catalina.core.ApplicationFilterChain.doFilter(ApplicationFilterChain.java:128)
		at org.apache.tomcat.websocket.server.WsFilter.doFilter(WsFilter.java:53)
		at org.apache.catalina.core.ApplicationFilterChain.doFilter(ApplicationFilterChain.java:107)
		at org.apache.catalina.core.StandardWrapperValve.invoke(StandardWrapperValve.java:165)
		at org.apache.catalina.core.StandardContextValve.invoke(StandardContextValve.java:77)
		at org.apache.catalina.authenticator.AuthenticatorBase.invoke(AuthenticatorBase.java:482)
		at org.apache.catalina.core.StandardHostValve.invoke(StandardHostValve.java:113)
		at org.apache.catalina.valves.ErrorReportValve.invoke(ErrorReportValve.java:83)
		at org.apache.catalina.valves.AbstractAccessLogValve.invoke(AbstractAccessLogValve.java:654)
		at org.apache.catalina.core.StandardEngineValve.invoke(StandardEngineValve.java:72)
		at org.apache.catalina.connector.CoyoteAdapter.service(CoyoteAdapter.java:341)
		at org.apache.coyote.http11.Http11Processor.service(Http11Processor.java:397)
		at org.apache.coyote.AbstractProcessorLight.process(AbstractProcessorLight.java:63)
		at org.apache.coyote.AbstractProtocol$ConnectionHandler.process(AbstractProtocol.java:903)
		at org.apache.tomcat.util.net.NioEndpoint$SocketProcessor.doRun(NioEndpoint.java:1778)
		at org.apache.tomcat.util.net.SocketProcessorBase.run(SocketProcessorBase.java:52)
		at org.apache.tomcat.util.threads.ThreadPoolExecutor.runWorker(ThreadPoolExecutor.java:946)
		at org.apache.tomcat.util.threads.ThreadPoolExecutor$Worker.run(ThreadPoolExecutor.java:480)
		at org.apache.tomcat.util.threads.TaskThread$WrappingRunnable.run(TaskThread.java:57)
		at java.base/java.lang.Thread.run(Thread.java:1583)
15-Dec-2025 16:48:46.478 SEVERE [http-nio-8080-exec-5] org.apache.catalina.core.StandardWrapperValve.invoke Servlet.service() for servlet [ServletMenu] in context with path [/ctp-2025] threw exception
	java.lang.NullPointerException: Cannot invoke "String.equals(Object)" because "<local7>" is null
		at ServletMenu.service(ServletMenu.java:40)
		at jakarta.servlet.http.HttpServlet.service(HttpServlet.java:710)
		at org.apache.catalina.core.ApplicationFilterChain.doFilter(ApplicationFilterChain.java:128)
		at org.apache.tomcat.websocket.server.WsFilter.doFilter(WsFilter.java:53)
		at org.apache.catalina.core.ApplicationFilterChain.doFilter(ApplicationFilterChain.java:107)
		at org.apache.catalina.core.StandardWrapperValve.invoke(StandardWrapperValve.java:165)
		at org.apache.catalina.core.StandardContextValve.invoke(StandardContextValve.java:77)
		at org.apache.catalina.authenticator.AuthenticatorBase.invoke(AuthenticatorBase.java:482)
		at org.apache.catalina.core.StandardHostValve.invoke(StandardHostValve.java:113)
		at org.apache.catalina.valves.ErrorReportValve.invoke(ErrorReportValve.java:83)
		at org.apache.catalina.valves.AbstractAccessLogValve.invoke(AbstractAccessLogValve.java:654)
		at org.apache.catalina.core.StandardEngineValve.invoke(StandardEngineValve.java:72)
		at org.apache.catalina.connector.CoyoteAdapter.service(CoyoteAdapter.java:341)
		at org.apache.coyote.http11.Http11Processor.service(Http11Processor.java:397)
		at org.apache.coyote.AbstractProcessorLight.process(AbstractProcessorLight.java:63)
		at org.apache.coyote.AbstractProtocol$ConnectionHandler.process(AbstractProtocol.java:903)
		at org.apache.tomcat.util.net.NioEndpoint$SocketProcessor.doRun(NioEndpoint.java:1778)
		at org.apache.tomcat.util.net.SocketProcessorBase.run(SocketProcessorBase.java:52)
		at org.apache.tomcat.util.threads.ThreadPoolExecutor.runWorker(ThreadPoolExecutor.java:946)
		at org.apache.tomcat.util.threads.ThreadPoolExecutor$Worker.run(ThreadPoolExecutor.java:480)
		at org.apache.tomcat.util.threads.TaskThread$WrappingRunnable.run(TaskThread.java:57)
		at java.base/java.lang.Thread.run(Thread.java:1583)
15-Dec-2025 16:49:35.312 INFO [Thread-1] org.apache.catalina.core.ApplicationContext.log SessionListener: contextDestroyed()
15-Dec-2025 16:49:35.312 INFO [Thread-1] org.apache.catalina.core.ApplicationContext.log ContextListener: contextDestroyed()
15-Dec-2025 16:49:37.099 INFO [main] org.apache.catalina.core.ApplicationContext.log ContextListener: contextInitialized()
15-Dec-2025 16:49:37.099 INFO [main] org.apache.catalina.core.ApplicationContext.log SessionListener: contextInitialized()
15-Dec-2025 16:49:37.100 INFO [main] org.apache.catalina.core.ApplicationContext.log ContextListener: attributeAdded('StockTicker', 'async.Stockticker@7b222230')
15-Dec-2025 16:50:30.136 INFO [Thread-1] org.apache.catalina.core.ApplicationContext.log SessionListener: contextDestroyed()
15-Dec-2025 16:50:30.136 INFO [Thread-1] org.apache.catalina.core.ApplicationContext.log ContextListener: contextDestroyed()
15-Dec-2025 16:50:31.841 INFO [main] org.apache.catalina.core.ApplicationContext.log ContextListener: contextInitialized()
15-Dec-2025 16:50:31.841 INFO [main] org.apache.catalina.core.ApplicationContext.log SessionListener: contextInitialized()
15-Dec-2025 16:50:31.842 INFO [main] org.apache.catalina.core.ApplicationContext.log ContextListener: attributeAdded('StockTicker', 'async.Stockticker@7b222230')
15-Dec-2025 16:50:54.868 INFO [Thread-1] org.apache.catalina.core.ApplicationContext.log SessionListener: contextDestroyed()
15-Dec-2025 16:50:54.868 INFO [Thread-1] org.apache.catalina.core.ApplicationContext.log ContextListener: contextDestroyed()
15-Dec-2025 16:50:56.494 INFO [main] org.apache.catalina.core.ApplicationContext.log ContextListener: contextInitialized()
15-Dec-2025 16:50:56.494 INFO [main] org.apache.catalina.core.ApplicationContext.log SessionListener: contextInitialized()
15-Dec-2025 16:50:56.495 INFO [main] org.apache.catalina.core.ApplicationContext.log ContextListener: attributeAdded('StockTicker', 'async.Stockticker@72028a45')
15-Dec-2025 16:51:43.846 INFO [Thread-1] org.apache.catalina.core.ApplicationContext.log SessionListener: contextDestroyed()
15-Dec-2025 16:51:43.846 INFO [Thread-1] org.apache.catalina.core.ApplicationContext.log ContextListener: contextDestroyed()
15-Dec-2025 16:51:45.501 INFO [main] org.apache.catalina.core.ApplicationContext.log ContextListener: contextInitialized()
15-Dec-2025 16:51:45.501 INFO [main] org.apache.catalina.core.ApplicationContext.log SessionListener: contextInitialized()
15-Dec-2025 16:51:45.502 INFO [main] org.apache.catalina.core.ApplicationContext.log ContextListener: attributeAdded('StockTicker', 'async.Stockticker@50fdf44f')
15-Dec-2025 16:52:27.575 INFO [Thread-1] org.apache.catalina.core.ApplicationContext.log SessionListener: contextDestroyed()
15-Dec-2025 16:52:27.575 INFO [Thread-1] org.apache.catalina.core.ApplicationContext.log ContextListener: contextDestroyed()
15-Dec-2025 16:52:29.347 INFO [main] org.apache.catalina.core.ApplicationContext.log ContextListener: contextInitialized()
15-Dec-2025 16:52:29.347 INFO [main] org.apache.catalina.core.ApplicationContext.log SessionListener: contextInitialized()
15-Dec-2025 16:52:29.348 INFO [main] org.apache.catalina.core.ApplicationContext.log ContextListener: attributeAdded('StockTicker', 'async.Stockticker@7b222230')
15-Dec-2025 16:52:56.279 INFO [Thread-1] org.apache.catalina.core.ApplicationContext.log SessionListener: contextDestroyed()
15-Dec-2025 16:52:56.279 INFO [Thread-1] org.apache.catalina.core.ApplicationContext.log ContextListener: contextDestroyed()
15-Dec-2025 16:52:57.841 INFO [main] org.apache.catalina.core.ApplicationContext.log ContextListener: contextInitialized()
15-Dec-2025 16:52:57.841 INFO [main] org.apache.catalina.core.ApplicationContext.log SessionListener: contextInitialized()
15-Dec-2025 16:52:57.842 INFO [main] org.apache.catalina.core.ApplicationContext.log ContextListener: attributeAdded('StockTicker', 'async.Stockticker@7b222230')
15-Dec-2025 16:53:11.042 INFO [Thread-1] org.apache.catalina.core.ApplicationContext.log SessionListener: contextDestroyed()
15-Dec-2025 16:53:11.042 INFO [Thread-1] org.apache.catalina.core.ApplicationContext.log ContextListener: contextDestroyed()
15-Dec-2025 16:53:12.636 INFO [main] org.apache.catalina.core.ApplicationContext.log ContextListener: contextInitialized()
15-Dec-2025 16:53:12.636 INFO [main] org.apache.catalina.core.ApplicationContext.log SessionListener: contextInitialized()
15-Dec-2025 16:53:12.637 INFO [main] org.apache.catalina.core.ApplicationContext.log ContextListener: attributeAdded('StockTicker', 'async.Stockticker@7b222230')
15-Dec-2025 16:57:33.144 INFO [Thread-1] org.apache.catalina.core.ApplicationContext.log SessionListener: contextDestroyed()
15-Dec-2025 16:57:33.145 INFO [Thread-1] org.apache.catalina.core.ApplicationContext.log ContextListener: contextDestroyed()
15-Dec-2025 16:57:35.139 INFO [main] org.apache.catalina.core.ApplicationContext.log ContextListener: contextInitialized()
15-Dec-2025 16:57:35.139 INFO [main] org.apache.catalina.core.ApplicationContext.log SessionListener: contextInitialized()
15-Dec-2025 16:57:35.140 INFO [main] org.apache.catalina.core.ApplicationContext.log ContextListener: attributeAdded('StockTicker', 'async.Stockticker@364b1061')
15-Dec-2025 16:57:35.553 SEVERE [http-nio-8080-exec-1] org.apache.catalina.core.StandardWrapperValve.invoke Servlet.service() for servlet [ServletMenu] in context with path [/ctp-2025] threw exception
	java.lang.NullPointerException: Cannot invoke "String.equals(Object)" because "<local7>" is null
		at ServletMenu.service(ServletMenu.java:40)
		at jakarta.servlet.http.HttpServlet.service(HttpServlet.java:710)
		at org.apache.catalina.core.ApplicationFilterChain.doFilter(ApplicationFilterChain.java:128)
		at org.apache.tomcat.websocket.server.WsFilter.doFilter(WsFilter.java:53)
		at org.apache.catalina.core.ApplicationFilterChain.doFilter(ApplicationFilterChain.java:107)
		at org.apache.catalina.core.StandardWrapperValve.invoke(StandardWrapperValve.java:165)
		at org.apache.catalina.core.StandardContextValve.invoke(StandardContextValve.java:77)
		at org.apache.catalina.authenticator.AuthenticatorBase.invoke(AuthenticatorBase.java:482)
		at org.apache.catalina.core.StandardHostValve.invoke(StandardHostValve.java:113)
		at org.apache.catalina.valves.ErrorReportValve.invoke(ErrorReportValve.java:83)
		at org.apache.catalina.valves.AbstractAccessLogValve.invoke(AbstractAccessLogValve.java:654)
		at org.apache.catalina.core.StandardEngineValve.invoke(StandardEngineValve.java:72)
		at org.apache.catalina.connector.CoyoteAdapter.service(CoyoteAdapter.java:341)
		at org.apache.coyote.http11.Http11Processor.service(Http11Processor.java:397)
		at org.apache.coyote.AbstractProcessorLight.process(AbstractProcessorLight.java:63)
		at org.apache.coyote.AbstractProtocol$ConnectionHandler.process(AbstractProtocol.java:903)
		at org.apache.tomcat.util.net.NioEndpoint$SocketProcessor.doRun(NioEndpoint.java:1778)
		at org.apache.tomcat.util.net.SocketProcessorBase.run(SocketProcessorBase.java:52)
		at org.apache.tomcat.util.threads.ThreadPoolExecutor.runWorker(ThreadPoolExecutor.java:946)
		at org.apache.tomcat.util.threads.ThreadPoolExecutor$Worker.run(ThreadPoolExecutor.java:480)
		at org.apache.tomcat.util.threads.TaskThread$WrappingRunnable.run(TaskThread.java:57)
		at java.base/java.lang.Thread.run(Thread.java:1583)
15-Dec-2025 16:57:36.332 SEVERE [http-nio-8080-exec-7] org.apache.catalina.core.StandardWrapperValve.invoke Servlet.service() for servlet [ServletMenu] in context with path [/ctp-2025] threw exception
	java.lang.NullPointerException: Cannot invoke "String.equals(Object)" because "<local7>" is null
		at ServletMenu.service(ServletMenu.java:40)
		at jakarta.servlet.http.HttpServlet.service(HttpServlet.java:710)
		at org.apache.catalina.core.ApplicationFilterChain.doFilter(ApplicationFilterChain.java:128)
		at org.apache.tomcat.websocket.server.WsFilter.doFilter(WsFilter.java:53)
		at org.apache.catalina.core.ApplicationFilterChain.doFilter(ApplicationFilterChain.java:107)
		at org.apache.catalina.core.StandardWrapperValve.invoke(StandardWrapperValve.java:165)
		at org.apache.catalina.core.StandardContextValve.invoke(StandardContextValve.java:77)
		at org.apache.catalina.authenticator.AuthenticatorBase.invoke(AuthenticatorBase.java:482)
		at org.apache.catalina.core.StandardHostValve.invoke(StandardHostValve.java:113)
		at org.apache.catalina.valves.ErrorReportValve.invoke(ErrorReportValve.java:83)
		at org.apache.catalina.valves.AbstractAccessLogValve.invoke(AbstractAccessLogValve.java:654)
		at org.apache.catalina.core.StandardEngineValve.invoke(StandardEngineValve.java:72)
		at org.apache.catalina.connector.CoyoteAdapter.service(CoyoteAdapter.java:341)
		at org.apache.coyote.http11.Http11Processor.service(Http11Processor.java:397)
		at org.apache.coyote.AbstractProcessorLight.process(AbstractProcessorLight.java:63)
		at org.apache.coyote.AbstractProtocol$ConnectionHandler.process(AbstractProtocol.java:903)
		at org.apache.tomcat.util.net.NioEndpoint$SocketProcessor.doRun(NioEndpoint.java:1778)
		at org.apache.tomcat.util.net.SocketProcessorBase.run(SocketProcessorBase.java:52)
		at org.apache.tomcat.util.threads.ThreadPoolExecutor.runWorker(ThreadPoolExecutor.java:946)
		at org.apache.tomcat.util.threads.ThreadPoolExecutor$Worker.run(ThreadPoolExecutor.java:480)
		at org.apache.tomcat.util.threads.TaskThread$WrappingRunnable.run(TaskThread.java:57)
		at java.base/java.lang.Thread.run(Thread.java:1583)
15-Dec-2025 16:57:36.744 SEVERE [http-nio-8080-exec-5] org.apache.catalina.core.StandardWrapperValve.invoke Servlet.service() for servlet [ServletMenu] in context with path [/ctp-2025] threw exception
	java.lang.NullPointerException: Cannot invoke "String.equals(Object)" because "<local7>" is null
		at ServletMenu.service(ServletMenu.java:40)
		at jakarta.servlet.http.HttpServlet.service(HttpServlet.java:710)
		at org.apache.catalina.core.ApplicationFilterChain.doFilter(ApplicationFilterChain.java:128)
		at org.apache.tomcat.websocket.server.WsFilter.doFilter(WsFilter.java:53)
		at org.apache.catalina.core.ApplicationFilterChain.doFilter(ApplicationFilterChain.java:107)
		at org.apache.catalina.core.StandardWrapperValve.invoke(StandardWrapperValve.java:165)
		at org.apache.catalina.core.StandardContextValve.invoke(StandardContextValve.java:77)
		at org.apache.catalina.authenticator.AuthenticatorBase.invoke(AuthenticatorBase.java:482)
		at org.apache.catalina.core.StandardHostValve.invoke(StandardHostValve.java:113)
		at org.apache.catalina.valves.ErrorReportValve.invoke(ErrorReportValve.java:83)
		at org.apache.catalina.valves.AbstractAccessLogValve.invoke(AbstractAccessLogValve.java:654)
		at org.apache.catalina.core.StandardEngineValve.invoke(StandardEngineValve.java:72)
		at org.apache.catalina.connector.CoyoteAdapter.service(CoyoteAdapter.java:341)
		at org.apache.coyote.http11.Http11Processor.service(Http11Processor.java:397)
		at org.apache.coyote.AbstractProcessorLight.process(AbstractProcessorLight.java:63)
		at org.apache.coyote.AbstractProtocol$ConnectionHandler.process(AbstractProtocol.java:903)
		at org.apache.tomcat.util.net.NioEndpoint$SocketProcessor.doRun(NioEndpoint.java:1778)
		at org.apache.tomcat.util.net.SocketProcessorBase.run(SocketProcessorBase.java:52)
		at org.apache.tomcat.util.threads.ThreadPoolExecutor.runWorker(ThreadPoolExecutor.java:946)
		at org.apache.tomcat.util.threads.ThreadPoolExecutor$Worker.run(ThreadPoolExecutor.java:480)
		at org.apache.tomcat.util.threads.TaskThread$WrappingRunnable.run(TaskThread.java:57)
		at java.base/java.lang.Thread.run(Thread.java:1583)
15-Dec-2025 16:58:00.407 INFO [Thread-1] org.apache.catalina.core.ApplicationContext.log SessionListener: contextDestroyed()
15-Dec-2025 16:58:00.407 INFO [Thread-1] org.apache.catalina.core.ApplicationContext.log ContextListener: contextDestroyed()
15-Dec-2025 16:58:01.912 INFO [main] org.apache.catalina.core.ApplicationContext.log ContextListener: contextInitialized()
15-Dec-2025 16:58:01.912 INFO [main] org.apache.catalina.core.ApplicationContext.log SessionListener: contextInitialized()
15-Dec-2025 16:58:01.913 INFO [main] org.apache.catalina.core.ApplicationContext.log ContextListener: attributeAdded('StockTicker', 'async.Stockticker@364b1061')
15-Dec-2025 16:58:48.921 INFO [Thread-1] org.apache.catalina.core.ApplicationContext.log SessionListener: contextDestroyed()
15-Dec-2025 16:58:48.921 INFO [Thread-1] org.apache.catalina.core.ApplicationContext.log ContextListener: contextDestroyed()
15-Dec-2025 16:58:50.683 INFO [main] org.apache.catalina.core.ApplicationContext.log ContextListener: contextInitialized()
15-Dec-2025 16:58:50.683 INFO [main] org.apache.catalina.core.ApplicationContext.log SessionListener: contextInitialized()
15-Dec-2025 16:58:50.684 INFO [main] org.apache.catalina.core.ApplicationContext.log ContextListener: attributeAdded('StockTicker', 'async.Stockticker@364b1061')
15-Dec-2025 16:59:23.105 INFO [Thread-1] org.apache.catalina.core.ApplicationContext.log SessionListener: contextDestroyed()
15-Dec-2025 16:59:23.105 INFO [Thread-1] org.apache.catalina.core.ApplicationContext.log ContextListener: contextDestroyed()
15-Dec-2025 16:59:24.638 INFO [main] org.apache.catalina.core.ApplicationContext.log ContextListener: contextInitialized()
15-Dec-2025 16:59:24.638 INFO [main] org.apache.catalina.core.ApplicationContext.log SessionListener: contextInitialized()
15-Dec-2025 16:59:24.639 INFO [main] org.apache.catalina.core.ApplicationContext.log ContextListener: attributeAdded('StockTicker', 'async.Stockticker@364b1061')
15-Dec-2025 17:13:51.799 INFO [Thread-1] org.apache.catalina.core.ApplicationContext.log SessionListener: contextDestroyed()
15-Dec-2025 17:13:51.799 INFO [Thread-1] org.apache.catalina.core.ApplicationContext.log ContextListener: contextDestroyed()
15-Dec-2025 17:13:53.446 INFO [main] org.apache.catalina.core.ApplicationContext.log ContextListener: contextInitialized()
15-Dec-2025 17:13:53.446 INFO [main] org.apache.catalina.core.ApplicationContext.log SessionListener: contextInitialized()
15-Dec-2025 17:13:53.447 INFO [main] org.apache.catalina.core.ApplicationContext.log ContextListener: attributeAdded('StockTicker', 'async.Stockticker@50fdf44f')
15-Dec-2025 17:13:53.938 SEVERE [http-nio-8080-exec-1] org.apache.catalina.core.StandardWrapperValve.invoke Servlet.service() for servlet [ServletMenu] in context with path [/ctp-2025] threw exception
	java.lang.NullPointerException: Cannot invoke "String.equals(Object)" because "<local7>" is null
		at ServletMenu.service(ServletMenu.java:40)
		at jakarta.servlet.http.HttpServlet.service(HttpServlet.java:710)
		at org.apache.catalina.core.ApplicationFilterChain.doFilter(ApplicationFilterChain.java:128)
		at org.apache.tomcat.websocket.server.WsFilter.doFilter(WsFilter.java:53)
		at org.apache.catalina.core.ApplicationFilterChain.doFilter(ApplicationFilterChain.java:107)
		at org.apache.catalina.core.StandardWrapperValve.invoke(StandardWrapperValve.java:165)
		at org.apache.catalina.core.StandardContextValve.invoke(StandardContextValve.java:77)
		at org.apache.catalina.authenticator.AuthenticatorBase.invoke(AuthenticatorBase.java:482)
		at org.apache.catalina.core.StandardHostValve.invoke(StandardHostValve.java:113)
		at org.apache.catalina.valves.ErrorReportValve.invoke(ErrorReportValve.java:83)
		at org.apache.catalina.valves.AbstractAccessLogValve.invoke(AbstractAccessLogValve.java:654)
		at org.apache.catalina.core.StandardEngineValve.invoke(StandardEngineValve.java:72)
		at org.apache.catalina.connector.CoyoteAdapter.service(CoyoteAdapter.java:341)
		at org.apache.coyote.http11.Http11Processor.service(Http11Processor.java:397)
		at org.apache.coyote.AbstractProcessorLight.process(AbstractProcessorLight.java:63)
		at org.apache.coyote.AbstractProtocol$ConnectionHandler.process(AbstractProtocol.java:903)
		at org.apache.tomcat.util.net.NioEndpoint$SocketProcessor.doRun(NioEndpoint.java:1778)
		at org.apache.tomcat.util.net.SocketProcessorBase.run(SocketProcessorBase.java:52)
		at org.apache.tomcat.util.threads.ThreadPoolExecutor.runWorker(ThreadPoolExecutor.java:946)
		at org.apache.tomcat.util.threads.ThreadPoolExecutor$Worker.run(ThreadPoolExecutor.java:480)
		at org.apache.tomcat.util.threads.TaskThread$WrappingRunnable.run(TaskThread.java:57)
		at java.base/java.lang.Thread.run(Thread.java:1583)
15-Dec-2025 17:13:54.408 SEVERE [http-nio-8080-exec-3] org.apache.catalina.core.StandardWrapperValve.invoke Servlet.service() for servlet [ServletMenu] in context with path [/ctp-2025] threw exception
	java.lang.NullPointerException: Cannot invoke "String.equals(Object)" because "<local7>" is null
		at ServletMenu.service(ServletMenu.java:40)
		at jakarta.servlet.http.HttpServlet.service(HttpServlet.java:710)
		at org.apache.catalina.core.ApplicationFilterChain.doFilter(ApplicationFilterChain.java:128)
		at org.apache.tomcat.websocket.server.WsFilter.doFilter(WsFilter.java:53)
		at org.apache.catalina.core.ApplicationFilterChain.doFilter(ApplicationFilterChain.java:107)
		at org.apache.catalina.core.StandardWrapperValve.invoke(StandardWrapperValve.java:165)
		at org.apache.catalina.core.StandardContextValve.invoke(StandardContextValve.java:77)
		at org.apache.catalina.authenticator.AuthenticatorBase.invoke(AuthenticatorBase.java:482)
		at org.apache.catalina.core.StandardHostValve.invoke(StandardHostValve.java:113)
		at org.apache.catalina.valves.ErrorReportValve.invoke(ErrorReportValve.java:83)
		at org.apache.catalina.valves.AbstractAccessLogValve.invoke(AbstractAccessLogValve.java:654)
		at org.apache.catalina.core.StandardEngineValve.invoke(StandardEngineValve.java:72)
		at org.apache.catalina.connector.CoyoteAdapter.service(CoyoteAdapter.java:341)
		at org.apache.coyote.http11.Http11Processor.service(Http11Processor.java:397)
		at org.apache.coyote.AbstractProcessorLight.process(AbstractProcessorLight.java:63)
		at org.apache.coyote.AbstractProtocol$ConnectionHandler.process(AbstractProtocol.java:903)
		at org.apache.tomcat.util.net.NioEndpoint$SocketProcessor.doRun(NioEndpoint.java:1778)
		at org.apache.tomcat.util.net.SocketProcessorBase.run(SocketProcessorBase.java:52)
		at org.apache.tomcat.util.threads.ThreadPoolExecutor.runWorker(ThreadPoolExecutor.java:946)
		at org.apache.tomcat.util.threads.ThreadPoolExecutor$Worker.run(ThreadPoolExecutor.java:480)
		at org.apache.tomcat.util.threads.TaskThread$WrappingRunnable.run(TaskThread.java:57)
		at java.base/java.lang.Thread.run(Thread.java:1583)
15-Dec-2025 17:13:54.650 SEVERE [http-nio-8080-exec-4] org.apache.catalina.core.StandardWrapperValve.invoke Servlet.service() for servlet [ServletMenu] in context with path [/ctp-2025] threw exception
	java.lang.NullPointerException: Cannot invoke "String.equals(Object)" because "<local7>" is null
		at ServletMenu.service(ServletMenu.java:40)
		at jakarta.servlet.http.HttpServlet.service(HttpServlet.java:710)
		at org.apache.catalina.core.ApplicationFilterChain.doFilter(ApplicationFilterChain.java:128)
		at org.apache.tomcat.websocket.server.WsFilter.doFilter(WsFilter.java:53)
		at org.apache.catalina.core.ApplicationFilterChain.doFilter(ApplicationFilterChain.java:107)
		at org.apache.catalina.core.StandardWrapperValve.invoke(StandardWrapperValve.java:165)
		at org.apache.catalina.core.StandardContextValve.invoke(StandardContextValve.java:77)
		at org.apache.catalina.authenticator.AuthenticatorBase.invoke(AuthenticatorBase.java:482)
		at org.apache.catalina.core.StandardHostValve.invoke(StandardHostValve.java:113)
		at org.apache.catalina.valves.ErrorReportValve.invoke(ErrorReportValve.java:83)
		at org.apache.catalina.valves.AbstractAccessLogValve.invoke(AbstractAccessLogValve.java:654)
		at org.apache.catalina.core.StandardEngineValve.invoke(StandardEngineValve.java:72)
		at org.apache.catalina.connector.CoyoteAdapter.service(CoyoteAdapter.java:341)
		at org.apache.coyote.http11.Http11Processor.service(Http11Processor.java:397)
		at org.apache.coyote.AbstractProcessorLight.process(AbstractProcessorLight.java:63)
		at org.apache.coyote.AbstractProtocol$ConnectionHandler.process(AbstractProtocol.java:903)
		at org.apache.tomcat.util.net.NioEndpoint$SocketProcessor.doRun(NioEndpoint.java:1778)
		at org.apache.tomcat.util.net.SocketProcessorBase.run(SocketProcessorBase.java:52)
		at org.apache.tomcat.util.threads.ThreadPoolExecutor.runWorker(ThreadPoolExecutor.java:946)
		at org.apache.tomcat.util.threads.ThreadPoolExecutor$Worker.run(ThreadPoolExecutor.java:480)
		at org.apache.tomcat.util.threads.TaskThread$WrappingRunnable.run(TaskThread.java:57)
		at java.base/java.lang.Thread.run(Thread.java:1583)
15-Dec-2025 17:13:54.819 SEVERE [http-nio-8080-exec-9] org.apache.catalina.core.StandardWrapperValve.invoke Servlet.service() for servlet [ServletMenu] in context with path [/ctp-2025] threw exception
	java.lang.NullPointerException: Cannot invoke "String.equals(Object)" because "<local7>" is null
		at ServletMenu.service(ServletMenu.java:40)
		at jakarta.servlet.http.HttpServlet.service(HttpServlet.java:710)
		at org.apache.catalina.core.ApplicationFilterChain.doFilter(ApplicationFilterChain.java:128)
		at org.apache.tomcat.websocket.server.WsFilter.doFilter(WsFilter.java:53)
		at org.apache.catalina.core.ApplicationFilterChain.doFilter(ApplicationFilterChain.java:107)
		at org.apache.catalina.core.StandardWrapperValve.invoke(StandardWrapperValve.java:165)
		at org.apache.catalina.core.StandardContextValve.invoke(StandardContextValve.java:77)
		at org.apache.catalina.authenticator.AuthenticatorBase.invoke(AuthenticatorBase.java:482)
		at org.apache.catalina.core.StandardHostValve.invoke(StandardHostValve.java:113)
		at org.apache.catalina.valves.ErrorReportValve.invoke(ErrorReportValve.java:83)
		at org.apache.catalina.valves.AbstractAccessLogValve.invoke(AbstractAccessLogValve.java:654)
		at org.apache.catalina.core.StandardEngineValve.invoke(StandardEngineValve.java:72)
		at org.apache.catalina.connector.CoyoteAdapter.service(CoyoteAdapter.java:341)
		at org.apache.coyote.http11.Http11Processor.service(Http11Processor.java:397)
		at org.apache.coyote.AbstractProcessorLight.process(AbstractProcessorLight.java:63)
		at org.apache.coyote.AbstractProtocol$ConnectionHandler.process(AbstractProtocol.java:903)
		at org.apache.tomcat.util.net.NioEndpoint$SocketProcessor.doRun(NioEndpoint.java:1778)
		at org.apache.tomcat.util.net.SocketProcessorBase.run(SocketProcessorBase.java:52)
		at org.apache.tomcat.util.threads.ThreadPoolExecutor.runWorker(ThreadPoolExecutor.java:946)
		at org.apache.tomcat.util.threads.ThreadPoolExecutor$Worker.run(ThreadPoolExecutor.java:480)
		at org.apache.tomcat.util.threads.TaskThread$WrappingRunnable.run(TaskThread.java:57)
		at java.base/java.lang.Thread.run(Thread.java:1583)
15-Dec-2025 17:21:02.323 INFO [Thread-1] org.apache.catalina.core.ApplicationContext.log SessionListener: contextDestroyed()
15-Dec-2025 17:21:02.323 INFO [Thread-1] org.apache.catalina.core.ApplicationContext.log ContextListener: contextDestroyed()
15-Dec-2025 17:21:04.092 INFO [main] org.apache.catalina.core.ApplicationContext.log ContextListener: contextInitialized()
15-Dec-2025 17:21:04.092 INFO [main] org.apache.catalina.core.ApplicationContext.log SessionListener: contextInitialized()
15-Dec-2025 17:21:04.093 INFO [main] org.apache.catalina.core.ApplicationContext.log ContextListener: attributeAdded('StockTicker', 'async.Stockticker@2c30c81d')
15-Dec-2025 17:21:04.416 SEVERE [http-nio-8080-exec-1] org.apache.catalina.core.StandardWrapperValve.invoke Servlet.service() for servlet [ServletMenu] in context with path [/ctp-2025] threw exception
	java.lang.NullPointerException: Cannot invoke "String.equals(Object)" because "<local7>" is null
		at ServletMenu.service(ServletMenu.java:40)
		at jakarta.servlet.http.HttpServlet.service(HttpServlet.java:710)
		at org.apache.catalina.core.ApplicationFilterChain.doFilter(ApplicationFilterChain.java:128)
		at org.apache.tomcat.websocket.server.WsFilter.doFilter(WsFilter.java:53)
		at org.apache.catalina.core.ApplicationFilterChain.doFilter(ApplicationFilterChain.java:107)
		at org.apache.catalina.core.StandardWrapperValve.invoke(StandardWrapperValve.java:165)
		at org.apache.catalina.core.StandardContextValve.invoke(StandardContextValve.java:77)
		at org.apache.catalina.authenticator.AuthenticatorBase.invoke(AuthenticatorBase.java:482)
		at org.apache.catalina.core.StandardHostValve.invoke(StandardHostValve.java:113)
		at org.apache.catalina.valves.ErrorReportValve.invoke(ErrorReportValve.java:83)
		at org.apache.catalina.valves.AbstractAccessLogValve.invoke(AbstractAccessLogValve.java:654)
		at org.apache.catalina.core.StandardEngineValve.invoke(StandardEngineValve.java:72)
		at org.apache.catalina.connector.CoyoteAdapter.service(CoyoteAdapter.java:341)
		at org.apache.coyote.http11.Http11Processor.service(Http11Processor.java:397)
		at org.apache.coyote.AbstractProcessorLight.process(AbstractProcessorLight.java:63)
		at org.apache.coyote.AbstractProtocol$ConnectionHandler.process(AbstractProtocol.java:903)
		at org.apache.tomcat.util.net.NioEndpoint$SocketProcessor.doRun(NioEndpoint.java:1778)
		at org.apache.tomcat.util.net.SocketProcessorBase.run(SocketProcessorBase.java:52)
		at org.apache.tomcat.util.threads.ThreadPoolExecutor.runWorker(ThreadPoolExecutor.java:946)
		at org.apache.tomcat.util.threads.ThreadPoolExecutor$Worker.run(ThreadPoolExecutor.java:480)
		at org.apache.tomcat.util.threads.TaskThread$WrappingRunnable.run(TaskThread.java:57)
		at java.base/java.lang.Thread.run(Thread.java:1583)
15-Dec-2025 17:21:04.870 SEVERE [http-nio-8080-exec-2] org.apache.catalina.core.StandardWrapperValve.invoke Servlet.service() for servlet [ServletMenu] in context with path [/ctp-2025] threw exception
	java.lang.NullPointerException: Cannot invoke "String.equals(Object)" because "<local7>" is null
		at ServletMenu.service(ServletMenu.java:40)
		at jakarta.servlet.http.HttpServlet.service(HttpServlet.java:710)
		at org.apache.catalina.core.ApplicationFilterChain.doFilter(ApplicationFilterChain.java:128)
		at org.apache.tomcat.websocket.server.WsFilter.doFilter(WsFilter.java:53)
		at org.apache.catalina.core.ApplicationFilterChain.doFilter(ApplicationFilterChain.java:107)
		at org.apache.catalina.core.StandardWrapperValve.invoke(StandardWrapperValve.java:165)
		at org.apache.catalina.core.StandardContextValve.invoke(StandardContextValve.java:77)
		at org.apache.catalina.authenticator.AuthenticatorBase.invoke(AuthenticatorBase.java:482)
		at org.apache.catalina.core.StandardHostValve.invoke(StandardHostValve.java:113)
		at org.apache.catalina.valves.ErrorReportValve.invoke(ErrorReportValve.java:83)
		at org.apache.catalina.valves.AbstractAccessLogValve.invoke(AbstractAccessLogValve.java:654)
		at org.apache.catalina.core.StandardEngineValve.invoke(StandardEngineValve.java:72)
		at org.apache.catalina.connector.CoyoteAdapter.service(CoyoteAdapter.java:341)
		at org.apache.coyote.http11.Http11Processor.service(Http11Processor.java:397)
		at org.apache.coyote.AbstractProcessorLight.process(AbstractProcessorLight.java:63)
		at org.apache.coyote.AbstractProtocol$ConnectionHandler.process(AbstractProtocol.java:903)
		at org.apache.tomcat.util.net.NioEndpoint$SocketProcessor.doRun(NioEndpoint.java:1778)
		at org.apache.tomcat.util.net.SocketProcessorBase.run(SocketProcessorBase.java:52)
		at org.apache.tomcat.util.threads.ThreadPoolExecutor.runWorker(ThreadPoolExecutor.java:946)
		at org.apache.tomcat.util.threads.ThreadPoolExecutor$Worker.run(ThreadPoolExecutor.java:480)
		at org.apache.tomcat.util.threads.TaskThread$WrappingRunnable.run(TaskThread.java:57)
		at java.base/java.lang.Thread.run(Thread.java:1583)
15-Dec-2025 17:21:05.086 SEVERE [http-nio-8080-exec-3] org.apache.catalina.core.StandardWrapperValve.invoke Servlet.service() for servlet [ServletMenu] in context with path [/ctp-2025] threw exception
	java.lang.NullPointerException: Cannot invoke "String.equals(Object)" because "<local7>" is null
		at ServletMenu.service(ServletMenu.java:40)
		at jakarta.servlet.http.HttpServlet.service(HttpServlet.java:710)
		at org.apache.catalina.core.ApplicationFilterChain.doFilter(ApplicationFilterChain.java:128)
		at org.apache.tomcat.websocket.server.WsFilter.doFilter(WsFilter.java:53)
		at org.apache.catalina.core.ApplicationFilterChain.doFilter(ApplicationFilterChain.java:107)
		at org.apache.catalina.core.StandardWrapperValve.invoke(StandardWrapperValve.java:165)
		at org.apache.catalina.core.StandardContextValve.invoke(StandardContextValve.java:77)
		at org.apache.catalina.authenticator.AuthenticatorBase.invoke(AuthenticatorBase.java:482)
		at org.apache.catalina.core.StandardHostValve.invoke(StandardHostValve.java:113)
		at org.apache.catalina.valves.ErrorReportValve.invoke(ErrorReportValve.java:83)
		at org.apache.catalina.valves.AbstractAccessLogValve.invoke(AbstractAccessLogValve.java:654)
		at org.apache.catalina.core.StandardEngineValve.invoke(StandardEngineValve.java:72)
		at org.apache.catalina.connector.CoyoteAdapter.service(CoyoteAdapter.java:341)
		at org.apache.coyote.http11.Http11Processor.service(Http11Processor.java:397)
		at org.apache.coyote.AbstractProcessorLight.process(AbstractProcessorLight.java:63)
		at org.apache.coyote.AbstractProtocol$ConnectionHandler.process(AbstractProtocol.java:903)
		at org.apache.tomcat.util.net.NioEndpoint$SocketProcessor.doRun(NioEndpoint.java:1778)
		at org.apache.tomcat.util.net.SocketProcessorBase.run(SocketProcessorBase.java:52)
		at org.apache.tomcat.util.threads.ThreadPoolExecutor.runWorker(ThreadPoolExecutor.java:946)
		at org.apache.tomcat.util.threads.ThreadPoolExecutor$Worker.run(ThreadPoolExecutor.java:480)
		at org.apache.tomcat.util.threads.TaskThread$WrappingRunnable.run(TaskThread.java:57)
		at java.base/java.lang.Thread.run(Thread.java:1583)
15-Dec-2025 17:21:05.300 SEVERE [http-nio-8080-exec-6] org.apache.catalina.core.StandardWrapperValve.invoke Servlet.service() for servlet [ServletMenu] in context with path [/ctp-2025] threw exception
	java.lang.NullPointerException: Cannot invoke "String.equals(Object)" because "<local7>" is null
		at ServletMenu.service(ServletMenu.java:40)
		at jakarta.servlet.http.HttpServlet.service(HttpServlet.java:710)
		at org.apache.catalina.core.ApplicationFilterChain.doFilter(ApplicationFilterChain.java:128)
		at org.apache.tomcat.websocket.server.WsFilter.doFilter(WsFilter.java:53)
		at org.apache.catalina.core.ApplicationFilterChain.doFilter(ApplicationFilterChain.java:107)
		at org.apache.catalina.core.StandardWrapperValve.invoke(StandardWrapperValve.java:165)
		at org.apache.catalina.core.StandardContextValve.invoke(StandardContextValve.java:77)
		at org.apache.catalina.authenticator.AuthenticatorBase.invoke(AuthenticatorBase.java:482)
		at org.apache.catalina.core.StandardHostValve.invoke(StandardHostValve.java:113)
		at org.apache.catalina.valves.ErrorReportValve.invoke(ErrorReportValve.java:83)
		at org.apache.catalina.valves.AbstractAccessLogValve.invoke(AbstractAccessLogValve.java:654)
		at org.apache.catalina.core.StandardEngineValve.invoke(StandardEngineValve.java:72)
		at org.apache.catalina.connector.CoyoteAdapter.service(CoyoteAdapter.java:341)
		at org.apache.coyote.http11.Http11Processor.service(Http11Processor.java:397)
		at org.apache.coyote.AbstractProcessorLight.process(AbstractProcessorLight.java:63)
		at org.apache.coyote.AbstractProtocol$ConnectionHandler.process(AbstractProtocol.java:903)
		at org.apache.tomcat.util.net.NioEndpoint$SocketProcessor.doRun(NioEndpoint.java:1778)
		at org.apache.tomcat.util.net.SocketProcessorBase.run(SocketProcessorBase.java:52)
		at org.apache.tomcat.util.threads.ThreadPoolExecutor.runWorker(ThreadPoolExecutor.java:946)
		at org.apache.tomcat.util.threads.ThreadPoolExecutor$Worker.run(ThreadPoolExecutor.java:480)
		at org.apache.tomcat.util.threads.TaskThread$WrappingRunnable.run(TaskThread.java:57)
		at java.base/java.lang.Thread.run(Thread.java:1583)
15-Dec-2025 17:21:25.611 SEVERE [http-nio-8080-exec-7] org.apache.catalina.core.StandardWrapperValve.invoke Servlet.service() for servlet [ServletMenu] in context with path [/ctp-2025] threw exception
	java.lang.NullPointerException: Cannot invoke "String.equals(Object)" because "<local7>" is null
		at ServletMenu.service(ServletMenu.java:40)
		at jakarta.servlet.http.HttpServlet.service(HttpServlet.java:710)
		at org.apache.catalina.core.ApplicationFilterChain.doFilter(ApplicationFilterChain.java:128)
		at org.apache.tomcat.websocket.server.WsFilter.doFilter(WsFilter.java:53)
		at org.apache.catalina.core.ApplicationFilterChain.doFilter(ApplicationFilterChain.java:107)
		at org.apache.catalina.core.StandardWrapperValve.invoke(StandardWrapperValve.java:165)
		at org.apache.catalina.core.StandardContextValve.invoke(StandardContextValve.java:77)
		at org.apache.catalina.authenticator.AuthenticatorBase.invoke(AuthenticatorBase.java:482)
		at org.apache.catalina.core.StandardHostValve.invoke(StandardHostValve.java:113)
		at org.apache.catalina.valves.ErrorReportValve.invoke(ErrorReportValve.java:83)
		at org.apache.catalina.valves.AbstractAccessLogValve.invoke(AbstractAccessLogValve.java:654)
		at org.apache.catalina.core.StandardEngineValve.invoke(StandardEngineValve.java:72)
		at org.apache.catalina.connector.CoyoteAdapter.service(CoyoteAdapter.java:341)
		at org.apache.coyote.http11.Http11Processor.service(Http11Processor.java:397)
		at org.apache.coyote.AbstractProcessorLight.process(AbstractProcessorLight.java:63)
		at org.apache.coyote.AbstractProtocol$ConnectionHandler.process(AbstractProtocol.java:903)
		at org.apache.tomcat.util.net.NioEndpoint$SocketProcessor.doRun(NioEndpoint.java:1778)
		at org.apache.tomcat.util.net.SocketProcessorBase.run(SocketProcessorBase.java:52)
		at org.apache.tomcat.util.threads.ThreadPoolExecutor.runWorker(ThreadPoolExecutor.java:946)
		at org.apache.tomcat.util.threads.ThreadPoolExecutor$Worker.run(ThreadPoolExecutor.java:480)
		at org.apache.tomcat.util.threads.TaskThread$WrappingRunnable.run(TaskThread.java:57)
		at java.base/java.lang.Thread.run(Thread.java:1583)
15-Dec-2025 17:22:21.379 INFO [Thread-1] org.apache.catalina.core.ApplicationContext.log SessionListener: contextDestroyed()
15-Dec-2025 17:22:21.379 INFO [Thread-1] org.apache.catalina.core.ApplicationContext.log ContextListener: contextDestroyed()
15-Dec-2025 17:22:23.325 INFO [main] org.apache.catalina.core.ApplicationContext.log ContextListener: contextInitialized()
15-Dec-2025 17:22:23.326 INFO [main] org.apache.catalina.core.ApplicationContext.log SessionListener: contextInitialized()
15-Dec-2025 17:22:23.326 INFO [main] org.apache.catalina.core.ApplicationContext.log ContextListener: attributeAdded('StockTicker', 'async.Stockticker@2c30c81d')
15-Dec-2025 17:22:25.480 INFO [Thread-1] org.apache.catalina.core.ApplicationContext.log SessionListener: contextDestroyed()
15-Dec-2025 17:22:25.480 INFO [Thread-1] org.apache.catalina.core.ApplicationContext.log ContextListener: contextDestroyed()
15-Dec-2025 17:22:27.035 INFO [main] org.apache.catalina.core.ApplicationContext.log ContextListener: contextInitialized()
15-Dec-2025 17:22:27.035 INFO [main] org.apache.catalina.core.ApplicationContext.log SessionListener: contextInitialized()
15-Dec-2025 17:22:27.036 INFO [main] org.apache.catalina.core.ApplicationContext.log ContextListener: attributeAdded('StockTicker', 'async.Stockticker@2c30c81d')
15-Dec-2025 17:22:27.430 SEVERE [http-nio-8080-exec-1] org.apache.catalina.core.StandardWrapperValve.invoke Servlet.service() for servlet [ServletGererStages] in context with path [/ctp-2025] threw exception
	java.lang.NullPointerException: Cannot invoke "String.equals(Object)" because "<local5>" is null
		at ServletGererStages.service(ServletGererStages.java:36)
		at jakarta.servlet.http.HttpServlet.service(HttpServlet.java:710)
		at org.apache.catalina.core.ApplicationFilterChain.doFilter(ApplicationFilterChain.java:128)
		at org.apache.tomcat.websocket.server.WsFilter.doFilter(WsFilter.java:53)
		at org.apache.catalina.core.ApplicationFilterChain.doFilter(ApplicationFilterChain.java:107)
		at org.apache.catalina.core.StandardWrapperValve.invoke(StandardWrapperValve.java:165)
		at org.apache.catalina.core.StandardContextValve.invoke(StandardContextValve.java:77)
		at org.apache.catalina.authenticator.AuthenticatorBase.invoke(AuthenticatorBase.java:482)
		at org.apache.catalina.core.StandardHostValve.invoke(StandardHostValve.java:113)
		at org.apache.catalina.valves.ErrorReportValve.invoke(ErrorReportValve.java:83)
		at org.apache.catalina.valves.AbstractAccessLogValve.invoke(AbstractAccessLogValve.java:654)
		at org.apache.catalina.core.StandardEngineValve.invoke(StandardEngineValve.java:72)
		at org.apache.catalina.connector.CoyoteAdapter.service(CoyoteAdapter.java:341)
		at org.apache.coyote.http11.Http11Processor.service(Http11Processor.java:397)
		at org.apache.coyote.AbstractProcessorLight.process(AbstractProcessorLight.java:63)
		at org.apache.coyote.AbstractProtocol$ConnectionHandler.process(AbstractProtocol.java:903)
		at org.apache.tomcat.util.net.NioEndpoint$SocketProcessor.doRun(NioEndpoint.java:1778)
		at org.apache.tomcat.util.net.SocketProcessorBase.run(SocketProcessorBase.java:52)
		at org.apache.tomcat.util.threads.ThreadPoolExecutor.runWorker(ThreadPoolExecutor.java:946)
		at org.apache.tomcat.util.threads.ThreadPoolExecutor$Worker.run(ThreadPoolExecutor.java:480)
		at org.apache.tomcat.util.threads.TaskThread$WrappingRunnable.run(TaskThread.java:57)
		at java.base/java.lang.Thread.run(Thread.java:1583)
15-Dec-2025 17:25:45.680 INFO [Thread-1] org.apache.catalina.core.ApplicationContext.log SessionListener: contextDestroyed()
15-Dec-2025 17:25:45.680 INFO [Thread-1] org.apache.catalina.core.ApplicationContext.log ContextListener: contextDestroyed()
15-Dec-2025 17:25:47.430 INFO [main] org.apache.catalina.core.ApplicationContext.log ContextListener: contextInitialized()
15-Dec-2025 17:25:47.430 INFO [main] org.apache.catalina.core.ApplicationContext.log SessionListener: contextInitialized()
15-Dec-2025 17:25:47.431 INFO [main] org.apache.catalina.core.ApplicationContext.log ContextListener: attributeAdded('StockTicker', 'async.Stockticker@7df6d663')
15-Dec-2025 17:25:47.795 SEVERE [http-nio-8080-exec-1] org.apache.catalina.core.StandardWrapperValve.invoke Servlet.service() for servlet [ServletGererStages] in context with path [/ctp-2025] threw exception
	java.lang.NullPointerException: Cannot invoke "String.equals(Object)" because "<local5>" is null
		at ServletGererStages.service(ServletGererStages.java:36)
		at jakarta.servlet.http.HttpServlet.service(HttpServlet.java:710)
		at org.apache.catalina.core.ApplicationFilterChain.doFilter(ApplicationFilterChain.java:128)
		at org.apache.tomcat.websocket.server.WsFilter.doFilter(WsFilter.java:53)
		at org.apache.catalina.core.ApplicationFilterChain.doFilter(ApplicationFilterChain.java:107)
		at org.apache.catalina.core.StandardWrapperValve.invoke(StandardWrapperValve.java:165)
		at org.apache.catalina.core.StandardContextValve.invoke(StandardContextValve.java:77)
		at org.apache.catalina.authenticator.AuthenticatorBase.invoke(AuthenticatorBase.java:482)
		at org.apache.catalina.core.StandardHostValve.invoke(StandardHostValve.java:113)
		at org.apache.catalina.valves.ErrorReportValve.invoke(ErrorReportValve.java:83)
		at org.apache.catalina.valves.AbstractAccessLogValve.invoke(AbstractAccessLogValve.java:654)
		at org.apache.catalina.core.StandardEngineValve.invoke(StandardEngineValve.java:72)
		at org.apache.catalina.connector.CoyoteAdapter.service(CoyoteAdapter.java:341)
		at org.apache.coyote.http11.Http11Processor.service(Http11Processor.java:397)
		at org.apache.coyote.AbstractProcessorLight.process(AbstractProcessorLight.java:63)
		at org.apache.coyote.AbstractProtocol$ConnectionHandler.process(AbstractProtocol.java:903)
		at org.apache.tomcat.util.net.NioEndpoint$SocketProcessor.doRun(NioEndpoint.java:1778)
		at org.apache.tomcat.util.net.SocketProcessorBase.run(SocketProcessorBase.java:52)
		at org.apache.tomcat.util.threads.ThreadPoolExecutor.runWorker(ThreadPoolExecutor.java:946)
		at org.apache.tomcat.util.threads.ThreadPoolExecutor$Worker.run(ThreadPoolExecutor.java:480)
		at org.apache.tomcat.util.threads.TaskThread$WrappingRunnable.run(TaskThread.java:57)
		at java.base/java.lang.Thread.run(Thread.java:1583)
15-Dec-2025 17:26:07.868 INFO [Thread-1] org.apache.catalina.core.ApplicationContext.log SessionListener: contextDestroyed()
15-Dec-2025 17:26:07.868 INFO [Thread-1] org.apache.catalina.core.ApplicationContext.log ContextListener: contextDestroyed()
15-Dec-2025 17:26:09.454 INFO [main] org.apache.catalina.core.ApplicationContext.log ContextListener: contextInitialized()
15-Dec-2025 17:26:09.454 INFO [main] org.apache.catalina.core.ApplicationContext.log SessionListener: contextInitialized()
15-Dec-2025 17:26:09.455 INFO [main] org.apache.catalina.core.ApplicationContext.log ContextListener: attributeAdded('StockTicker', 'async.Stockticker@7df6d663')
15-Dec-2025 17:26:27.886 INFO [Thread-1] org.apache.catalina.core.ApplicationContext.log SessionListener: contextDestroyed()
15-Dec-2025 17:26:27.886 INFO [Thread-1] org.apache.catalina.core.ApplicationContext.log ContextListener: contextDestroyed()
15-Dec-2025 17:26:29.533 INFO [main] org.apache.catalina.core.ApplicationContext.log ContextListener: contextInitialized()
15-Dec-2025 17:26:29.533 INFO [main] org.apache.catalina.core.ApplicationContext.log SessionListener: contextInitialized()
15-Dec-2025 17:26:29.534 INFO [main] org.apache.catalina.core.ApplicationContext.log ContextListener: attributeAdded('StockTicker', 'async.Stockticker@7df6d663')
15-Dec-2025 17:26:32.034 SEVERE [http-nio-8080-exec-6] org.apache.catalina.core.StandardWrapperValve.invoke Servlet.service() for servlet [ServletGererStages] in context with path [/ctp-2025] threw exception
	java.lang.NullPointerException: Cannot invoke "String.equals(Object)" because "<local5>" is null
		at ServletGererStages.service(ServletGererStages.java:36)
		at jakarta.servlet.http.HttpServlet.service(HttpServlet.java:710)
		at org.apache.catalina.core.ApplicationFilterChain.doFilter(ApplicationFilterChain.java:128)
		at org.apache.tomcat.websocket.server.WsFilter.doFilter(WsFilter.java:53)
		at org.apache.catalina.core.ApplicationFilterChain.doFilter(ApplicationFilterChain.java:107)
		at org.apache.catalina.core.StandardWrapperValve.invoke(StandardWrapperValve.java:165)
		at org.apache.catalina.core.StandardContextValve.invoke(StandardContextValve.java:77)
		at org.apache.catalina.authenticator.AuthenticatorBase.invoke(AuthenticatorBase.java:482)
		at org.apache.catalina.core.StandardHostValve.invoke(StandardHostValve.java:113)
		at org.apache.catalina.valves.ErrorReportValve.invoke(ErrorReportValve.java:83)
		at org.apache.catalina.valves.AbstractAccessLogValve.invoke(AbstractAccessLogValve.java:654)
		at org.apache.catalina.core.StandardEngineValve.invoke(StandardEngineValve.java:72)
		at org.apache.catalina.connector.CoyoteAdapter.service(CoyoteAdapter.java:341)
		at org.apache.coyote.http11.Http11Processor.service(Http11Processor.java:397)
		at org.apache.coyote.AbstractProcessorLight.process(AbstractProcessorLight.java:63)
		at org.apache.coyote.AbstractProtocol$ConnectionHandler.process(AbstractProtocol.java:903)
		at org.apache.tomcat.util.net.NioEndpoint$SocketProcessor.doRun(NioEndpoint.java:1778)
		at org.apache.tomcat.util.net.SocketProcessorBase.run(SocketProcessorBase.java:52)
		at org.apache.tomcat.util.threads.ThreadPoolExecutor.runWorker(ThreadPoolExecutor.java:946)
		at org.apache.tomcat.util.threads.ThreadPoolExecutor$Worker.run(ThreadPoolExecutor.java:480)
		at org.apache.tomcat.util.threads.TaskThread$WrappingRunnable.run(TaskThread.java:57)
		at java.base/java.lang.Thread.run(Thread.java:1583)
15-Dec-2025 17:31:29.506 INFO [Thread-1] org.apache.catalina.core.ApplicationContext.log SessionListener: contextDestroyed()
15-Dec-2025 17:31:29.506 INFO [Thread-1] org.apache.catalina.core.ApplicationContext.log ContextListener: contextDestroyed()
15-Dec-2025 17:31:31.287 INFO [main] org.apache.catalina.core.ApplicationContext.log ContextListener: contextInitialized()
15-Dec-2025 17:31:31.287 INFO [main] org.apache.catalina.core.ApplicationContext.log SessionListener: contextInitialized()
15-Dec-2025 17:31:31.288 INFO [main] org.apache.catalina.core.ApplicationContext.log ContextListener: attributeAdded('StockTicker', 'async.Stockticker@13d019a4')
15-Dec-2025 17:31:35.166 SEVERE [http-nio-8080-exec-8] org.apache.catalina.core.StandardWrapperValve.invoke Servlet.service() for servlet [ServletGererStages] in context with path [/ctp-2025] threw exception
	java.lang.NullPointerException: Cannot invoke "String.equals(Object)" because "<local5>" is null
		at ServletGererStages.service(ServletGererStages.java:36)
		at jakarta.servlet.http.HttpServlet.service(HttpServlet.java:710)
		at org.apache.catalina.core.ApplicationFilterChain.doFilter(ApplicationFilterChain.java:128)
		at org.apache.tomcat.websocket.server.WsFilter.doFilter(WsFilter.java:53)
		at org.apache.catalina.core.ApplicationFilterChain.doFilter(ApplicationFilterChain.java:107)
		at org.apache.catalina.core.StandardWrapperValve.invoke(StandardWrapperValve.java:165)
		at org.apache.catalina.core.StandardContextValve.invoke(StandardContextValve.java:77)
		at org.apache.catalina.authenticator.AuthenticatorBase.invoke(AuthenticatorBase.java:482)
		at org.apache.catalina.core.StandardHostValve.invoke(StandardHostValve.java:113)
		at org.apache.catalina.valves.ErrorReportValve.invoke(ErrorReportValve.java:83)
		at org.apache.catalina.valves.AbstractAccessLogValve.invoke(AbstractAccessLogValve.java:654)
		at org.apache.catalina.core.StandardEngineValve.invoke(StandardEngineValve.java:72)
		at org.apache.catalina.connector.CoyoteAdapter.service(CoyoteAdapter.java:341)
		at org.apache.coyote.http11.Http11Processor.service(Http11Processor.java:397)
		at org.apache.coyote.AbstractProcessorLight.process(AbstractProcessorLight.java:63)
		at org.apache.coyote.AbstractProtocol$ConnectionHandler.process(AbstractProtocol.java:903)
		at org.apache.tomcat.util.net.NioEndpoint$SocketProcessor.doRun(NioEndpoint.java:1778)
		at org.apache.tomcat.util.net.SocketProcessorBase.run(SocketProcessorBase.java:52)
		at org.apache.tomcat.util.threads.ThreadPoolExecutor.runWorker(ThreadPoolExecutor.java:946)
		at org.apache.tomcat.util.threads.ThreadPoolExecutor$Worker.run(ThreadPoolExecutor.java:480)
		at org.apache.tomcat.util.threads.TaskThread$WrappingRunnable.run(TaskThread.java:57)
		at java.base/java.lang.Thread.run(Thread.java:1583)
15-Dec-2025 17:31:35.942 SEVERE [http-nio-8080-exec-7] org.apache.catalina.core.StandardWrapperValve.invoke Servlet.service() for servlet [ServletGererStages] in context with path [/ctp-2025] threw exception
	java.lang.NullPointerException: Cannot invoke "String.equals(Object)" because "<local5>" is null
		at ServletGererStages.service(ServletGererStages.java:36)
		at jakarta.servlet.http.HttpServlet.service(HttpServlet.java:710)
		at org.apache.catalina.core.ApplicationFilterChain.doFilter(ApplicationFilterChain.java:128)
		at org.apache.tomcat.websocket.server.WsFilter.doFilter(WsFilter.java:53)
		at org.apache.catalina.core.ApplicationFilterChain.doFilter(ApplicationFilterChain.java:107)
		at org.apache.catalina.core.StandardWrapperValve.invoke(StandardWrapperValve.java:165)
		at org.apache.catalina.core.StandardContextValve.invoke(StandardContextValve.java:77)
		at org.apache.catalina.authenticator.AuthenticatorBase.invoke(AuthenticatorBase.java:482)
		at org.apache.catalina.core.StandardHostValve.invoke(StandardHostValve.java:113)
		at org.apache.catalina.valves.ErrorReportValve.invoke(ErrorReportValve.java:83)
		at org.apache.catalina.valves.AbstractAccessLogValve.invoke(AbstractAccessLogValve.java:654)
		at org.apache.catalina.core.StandardEngineValve.invoke(StandardEngineValve.java:72)
		at org.apache.catalina.connector.CoyoteAdapter.service(CoyoteAdapter.java:341)
		at org.apache.coyote.http11.Http11Processor.service(Http11Processor.java:397)
		at org.apache.coyote.AbstractProcessorLight.process(AbstractProcessorLight.java:63)
		at org.apache.coyote.AbstractProtocol$ConnectionHandler.process(AbstractProtocol.java:903)
		at org.apache.tomcat.util.net.NioEndpoint$SocketProcessor.doRun(NioEndpoint.java:1778)
		at org.apache.tomcat.util.net.SocketProcessorBase.run(SocketProcessorBase.java:52)
		at org.apache.tomcat.util.threads.ThreadPoolExecutor.runWorker(ThreadPoolExecutor.java:946)
		at org.apache.tomcat.util.threads.ThreadPoolExecutor$Worker.run(ThreadPoolExecutor.java:480)
		at org.apache.tomcat.util.threads.TaskThread$WrappingRunnable.run(TaskThread.java:57)
		at java.base/java.lang.Thread.run(Thread.java:1583)
15-Dec-2025 17:32:01.371 SEVERE [http-nio-8080-exec-6] org.apache.catalina.core.StandardWrapperValve.invoke Servlet.service() for servlet [ServletAjouterStage] in context with path [/ctp-2025] threw exception
	java.lang.NumberFormatException: For input string: "fifo"
		at java.base/java.lang.NumberFormatException.forInputString(NumberFormatException.java:67)
		at java.base/java.lang.Integer.parseInt(Integer.java:662)
		at java.base/java.lang.Integer.parseInt(Integer.java:778)
		at ServletAjouterStage.doPost(ServletAjouterStage.java:83)
		at jakarta.servlet.http.HttpServlet.service(HttpServlet.java:649)
		at jakarta.servlet.http.HttpServlet.service(HttpServlet.java:710)
		at org.apache.catalina.core.ApplicationFilterChain.doFilter(ApplicationFilterChain.java:128)
		at org.apache.tomcat.websocket.server.WsFilter.doFilter(WsFilter.java:53)
		at org.apache.catalina.core.ApplicationFilterChain.doFilter(ApplicationFilterChain.java:107)
		at org.apache.catalina.core.StandardWrapperValve.invoke(StandardWrapperValve.java:165)
		at org.apache.catalina.core.StandardContextValve.invoke(StandardContextValve.java:77)
		at org.apache.catalina.authenticator.AuthenticatorBase.invoke(AuthenticatorBase.java:482)
		at org.apache.catalina.core.StandardHostValve.invoke(StandardHostValve.java:113)
		at org.apache.catalina.valves.ErrorReportValve.invoke(ErrorReportValve.java:83)
		at org.apache.catalina.valves.AbstractAccessLogValve.invoke(AbstractAccessLogValve.java:654)
		at org.apache.catalina.core.StandardEngineValve.invoke(StandardEngineValve.java:72)
		at org.apache.catalina.connector.CoyoteAdapter.service(CoyoteAdapter.java:341)
		at org.apache.coyote.http11.Http11Processor.service(Http11Processor.java:397)
		at org.apache.coyote.AbstractProcessorLight.process(AbstractProcessorLight.java:63)
		at org.apache.coyote.AbstractProtocol$ConnectionHandler.process(AbstractProtocol.java:903)
		at org.apache.tomcat.util.net.NioEndpoint$SocketProcessor.doRun(NioEndpoint.java:1778)
		at org.apache.tomcat.util.net.SocketProcessorBase.run(SocketProcessorBase.java:52)
		at org.apache.tomcat.util.threads.ThreadPoolExecutor.runWorker(ThreadPoolExecutor.java:946)
		at org.apache.tomcat.util.threads.ThreadPoolExecutor$Worker.run(ThreadPoolExecutor.java:480)
		at org.apache.tomcat.util.threads.TaskThread$WrappingRunnable.run(TaskThread.java:57)
		at java.base/java.lang.Thread.run(Thread.java:1583)
15-Dec-2025 17:32:30.723 INFO [Thread-1] org.apache.catalina.core.ApplicationContext.log SessionListener: contextDestroyed()
15-Dec-2025 17:32:30.723 INFO [Thread-1] org.apache.catalina.core.ApplicationContext.log ContextListener: contextDestroyed()
15-Dec-2025 17:32:32.436 INFO [main] org.apache.catalina.core.ApplicationContext.log ContextListener: contextInitialized()
15-Dec-2025 17:32:32.436 INFO [main] org.apache.catalina.core.ApplicationContext.log SessionListener: contextInitialized()
15-Dec-2025 17:32:32.436 INFO [main] org.apache.catalina.core.ApplicationContext.log ContextListener: attributeAdded('StockTicker', 'async.Stockticker@13d019a4')
15-Dec-2025 17:35:05.594 INFO [Thread-1] org.apache.catalina.core.ApplicationContext.log SessionListener: contextDestroyed()
15-Dec-2025 17:35:05.594 INFO [Thread-1] org.apache.catalina.core.ApplicationContext.log ContextListener: contextDestroyed()
15-Dec-2025 17:35:07.642 INFO [main] org.apache.catalina.core.ApplicationContext.log ContextListener: contextInitialized()
15-Dec-2025 17:35:07.642 INFO [main] org.apache.catalina.core.ApplicationContext.log SessionListener: contextInitialized()
15-Dec-2025 17:35:07.643 INFO [main] org.apache.catalina.core.ApplicationContext.log ContextListener: attributeAdded('StockTicker', 'async.Stockticker@2c30c81d')
15-Dec-2025 17:35:47.578 INFO [Thread-1] org.apache.catalina.core.ApplicationContext.log SessionListener: contextDestroyed()
15-Dec-2025 17:35:47.578 INFO [Thread-1] org.apache.catalina.core.ApplicationContext.log ContextListener: contextDestroyed()
15-Dec-2025 17:35:49.676 INFO [main] org.apache.catalina.core.ApplicationContext.log ContextListener: contextInitialized()
15-Dec-2025 17:35:49.676 INFO [main] org.apache.catalina.core.ApplicationContext.log SessionListener: contextInitialized()
15-Dec-2025 17:35:49.677 INFO [main] org.apache.catalina.core.ApplicationContext.log ContextListener: attributeAdded('StockTicker', 'async.Stockticker@2c30c81d')
15-Dec-2025 17:35:52.031 SEVERE [http-nio-8080-exec-1] org.apache.catalina.core.StandardWrapperValve.invoke Servlet.service() for servlet [ServletGererStages] in context with path [/ctp-2025] threw exception
	java.lang.NullPointerException: Cannot invoke "String.equals(Object)" because "<local5>" is null
		at ServletGererStages.service(ServletGererStages.java:36)
		at jakarta.servlet.http.HttpServlet.service(HttpServlet.java:710)
		at org.apache.catalina.core.ApplicationFilterChain.doFilter(ApplicationFilterChain.java:128)
		at org.apache.tomcat.websocket.server.WsFilter.doFilter(WsFilter.java:53)
		at org.apache.catalina.core.ApplicationFilterChain.doFilter(ApplicationFilterChain.java:107)
		at org.apache.catalina.core.StandardWrapperValve.invoke(StandardWrapperValve.java:165)
		at org.apache.catalina.core.StandardContextValve.invoke(StandardContextValve.java:77)
		at org.apache.catalina.authenticator.AuthenticatorBase.invoke(AuthenticatorBase.java:482)
		at org.apache.catalina.core.StandardHostValve.invoke(StandardHostValve.java:113)
		at org.apache.catalina.valves.ErrorReportValve.invoke(ErrorReportValve.java:83)
		at org.apache.catalina.valves.AbstractAccessLogValve.invoke(AbstractAccessLogValve.java:654)
		at org.apache.catalina.core.StandardEngineValve.invoke(StandardEngineValve.java:72)
		at org.apache.catalina.connector.CoyoteAdapter.service(CoyoteAdapter.java:341)
		at org.apache.coyote.http11.Http11Processor.service(Http11Processor.java:397)
		at org.apache.coyote.AbstractProcessorLight.process(AbstractProcessorLight.java:63)
		at org.apache.coyote.AbstractProtocol$ConnectionHandler.process(AbstractProtocol.java:903)
		at org.apache.tomcat.util.net.NioEndpoint$SocketProcessor.doRun(NioEndpoint.java:1778)
		at org.apache.tomcat.util.net.SocketProcessorBase.run(SocketProcessorBase.java:52)
		at org.apache.tomcat.util.threads.ThreadPoolExecutor.runWorker(ThreadPoolExecutor.java:946)
		at org.apache.tomcat.util.threads.ThreadPoolExecutor$Worker.run(ThreadPoolExecutor.java:480)
		at org.apache.tomcat.util.threads.TaskThread$WrappingRunnable.run(TaskThread.java:57)
		at java.base/java.lang.Thread.run(Thread.java:1583)
15-Dec-2025 17:37:18.972 SEVERE [http-nio-8080-exec-7] org.apache.catalina.core.StandardWrapperValve.invoke Servlet.service() for servlet [ServletMenu] in context with path [/ctp-2025] threw exception
	java.lang.NullPointerException: Cannot invoke "String.equals(Object)" because "<local7>" is null
		at ServletMenu.service(ServletMenu.java:40)
		at jakarta.servlet.http.HttpServlet.service(HttpServlet.java:710)
		at org.apache.catalina.core.ApplicationFilterChain.doFilter(ApplicationFilterChain.java:128)
		at org.apache.tomcat.websocket.server.WsFilter.doFilter(WsFilter.java:53)
		at org.apache.catalina.core.ApplicationFilterChain.doFilter(ApplicationFilterChain.java:107)
		at org.apache.catalina.core.StandardWrapperValve.invoke(StandardWrapperValve.java:165)
		at org.apache.catalina.core.StandardContextValve.invoke(StandardContextValve.java:77)
		at org.apache.catalina.authenticator.AuthenticatorBase.invoke(AuthenticatorBase.java:482)
		at org.apache.catalina.core.StandardHostValve.invoke(StandardHostValve.java:113)
		at org.apache.catalina.valves.ErrorReportValve.invoke(ErrorReportValve.java:83)
		at org.apache.catalina.valves.AbstractAccessLogValve.invoke(AbstractAccessLogValve.java:654)
		at org.apache.catalina.core.StandardEngineValve.invoke(StandardEngineValve.java:72)
		at org.apache.catalina.connector.CoyoteAdapter.service(CoyoteAdapter.java:341)
		at org.apache.coyote.http11.Http11Processor.service(Http11Processor.java:397)
		at org.apache.coyote.AbstractProcessorLight.process(AbstractProcessorLight.java:63)
		at org.apache.coyote.AbstractProtocol$ConnectionHandler.process(AbstractProtocol.java:903)
		at org.apache.tomcat.util.net.NioEndpoint$SocketProcessor.doRun(NioEndpoint.java:1778)
		at org.apache.tomcat.util.net.SocketProcessorBase.run(SocketProcessorBase.java:52)
		at org.apache.tomcat.util.threads.ThreadPoolExecutor.runWorker(ThreadPoolExecutor.java:946)
		at org.apache.tomcat.util.threads.ThreadPoolExecutor$Worker.run(ThreadPoolExecutor.java:480)
		at org.apache.tomcat.util.threads.TaskThread$WrappingRunnable.run(TaskThread.java:57)
		at java.base/java.lang.Thread.run(Thread.java:1583)
15-Dec-2025 17:38:28.694 INFO [Thread-1] org.apache.catalina.core.ApplicationContext.log SessionListener: contextDestroyed()
15-Dec-2025 17:38:28.694 INFO [Thread-1] org.apache.catalina.core.ApplicationContext.log ContextListener: contextDestroyed()
15-Dec-2025 17:38:30.411 INFO [main] org.apache.catalina.core.ApplicationContext.log ContextListener: contextInitialized()
15-Dec-2025 17:38:30.411 INFO [main] org.apache.catalina.core.ApplicationContext.log SessionListener: contextInitialized()
15-Dec-2025 17:38:30.412 INFO [main] org.apache.catalina.core.ApplicationContext.log ContextListener: attributeAdded('StockTicker', 'async.Stockticker@2c30c81d')
15-Dec-2025 17:38:33.575 SEVERE [http-nio-8080-exec-1] org.apache.catalina.core.StandardWrapperValve.invoke Servlet.service() for servlet [ServletModifierStage] in context with path [/ctp-2025] threw exception
	java.lang.NullPointerException: Cannot invoke "String.equals(Object)" because "<local5>" is null
		at ServletModifierStage.doGet(ServletModifierStage.java:35)
		at jakarta.servlet.http.HttpServlet.service(HttpServlet.java:622)
		at jakarta.servlet.http.HttpServlet.service(HttpServlet.java:710)
		at org.apache.catalina.core.ApplicationFilterChain.doFilter(ApplicationFilterChain.java:128)
		at org.apache.tomcat.websocket.server.WsFilter.doFilter(WsFilter.java:53)
		at org.apache.catalina.core.ApplicationFilterChain.doFilter(ApplicationFilterChain.java:107)
		at org.apache.catalina.core.StandardWrapperValve.invoke(StandardWrapperValve.java:165)
		at org.apache.catalina.core.StandardContextValve.invoke(StandardContextValve.java:77)
		at org.apache.catalina.authenticator.AuthenticatorBase.invoke(AuthenticatorBase.java:482)
		at org.apache.catalina.core.StandardHostValve.invoke(StandardHostValve.java:113)
		at org.apache.catalina.valves.ErrorReportValve.invoke(ErrorReportValve.java:83)
		at org.apache.catalina.valves.AbstractAccessLogValve.invoke(AbstractAccessLogValve.java:654)
		at org.apache.catalina.core.StandardEngineValve.invoke(StandardEngineValve.java:72)
		at org.apache.catalina.connector.CoyoteAdapter.service(CoyoteAdapter.java:341)
		at org.apache.coyote.http11.Http11Processor.service(Http11Processor.java:397)
		at org.apache.coyote.AbstractProcessorLight.process(AbstractProcessorLight.java:63)
		at org.apache.coyote.AbstractProtocol$ConnectionHandler.process(AbstractProtocol.java:903)
		at org.apache.tomcat.util.net.NioEndpoint$SocketProcessor.doRun(NioEndpoint.java:1778)
		at org.apache.tomcat.util.net.SocketProcessorBase.run(SocketProcessorBase.java:52)
		at org.apache.tomcat.util.threads.ThreadPoolExecutor.runWorker(ThreadPoolExecutor.java:946)
		at org.apache.tomcat.util.threads.ThreadPoolExecutor$Worker.run(ThreadPoolExecutor.java:480)
		at org.apache.tomcat.util.threads.TaskThread$WrappingRunnable.run(TaskThread.java:57)
		at java.base/java.lang.Thread.run(Thread.java:1583)
15-Dec-2025 17:45:17.537 INFO [Thread-1] org.apache.catalina.core.ApplicationContext.log SessionListener: contextDestroyed()
15-Dec-2025 17:45:17.537 INFO [Thread-1] org.apache.catalina.core.ApplicationContext.log ContextListener: contextDestroyed()
15-Dec-2025 17:45:19.373 INFO [main] org.apache.catalina.core.ApplicationContext.log ContextListener: contextInitialized()
15-Dec-2025 17:45:19.373 INFO [main] org.apache.catalina.core.ApplicationContext.log SessionListener: contextInitialized()
15-Dec-2025 17:45:19.374 INFO [main] org.apache.catalina.core.ApplicationContext.log ContextListener: attributeAdded('StockTicker', 'async.Stockticker@2c30c81d')
15-Dec-2025 17:45:21.502 SEVERE [http-nio-8080-exec-1] org.apache.catalina.core.StandardWrapperValve.invoke Servlet.service() for servlet [ServletModifierStage] in context with path [/ctp-2025] threw exception
	java.lang.NullPointerException: Cannot invoke "String.equals(Object)" because "<local5>" is null
		at ServletModifierStage.doGet(ServletModifierStage.java:35)
		at jakarta.servlet.http.HttpServlet.service(HttpServlet.java:622)
		at jakarta.servlet.http.HttpServlet.service(HttpServlet.java:710)
		at org.apache.catalina.core.ApplicationFilterChain.doFilter(ApplicationFilterChain.java:128)
		at org.apache.tomcat.websocket.server.WsFilter.doFilter(WsFilter.java:53)
		at org.apache.catalina.core.ApplicationFilterChain.doFilter(ApplicationFilterChain.java:107)
		at org.apache.catalina.core.StandardWrapperValve.invoke(StandardWrapperValve.java:165)
		at org.apache.catalina.core.StandardContextValve.invoke(StandardContextValve.java:77)
		at org.apache.catalina.authenticator.AuthenticatorBase.invoke(AuthenticatorBase.java:482)
		at org.apache.catalina.core.StandardHostValve.invoke(StandardHostValve.java:113)
		at org.apache.catalina.valves.ErrorReportValve.invoke(ErrorReportValve.java:83)
		at org.apache.catalina.valves.AbstractAccessLogValve.invoke(AbstractAccessLogValve.java:654)
		at org.apache.catalina.core.StandardEngineValve.invoke(StandardEngineValve.java:72)
		at org.apache.catalina.connector.CoyoteAdapter.service(CoyoteAdapter.java:341)
		at org.apache.coyote.http11.Http11Processor.service(Http11Processor.java:397)
		at org.apache.coyote.AbstractProcessorLight.process(AbstractProcessorLight.java:63)
		at org.apache.coyote.AbstractProtocol$ConnectionHandler.process(AbstractProtocol.java:903)
		at org.apache.tomcat.util.net.NioEndpoint$SocketProcessor.doRun(NioEndpoint.java:1778)
		at org.apache.tomcat.util.net.SocketProcessorBase.run(SocketProcessorBase.java:52)
		at org.apache.tomcat.util.threads.ThreadPoolExecutor.runWorker(ThreadPoolExecutor.java:946)
		at org.apache.tomcat.util.threads.ThreadPoolExecutor$Worker.run(ThreadPoolExecutor.java:480)
		at org.apache.tomcat.util.threads.TaskThread$WrappingRunnable.run(TaskThread.java:57)
		at java.base/java.lang.Thread.run(Thread.java:1583)
15-Dec-2025 17:45:56.637 INFO [Thread-1] org.apache.catalina.core.ApplicationContext.log SessionListener: contextDestroyed()
15-Dec-2025 17:45:56.638 INFO [Thread-1] org.apache.catalina.core.ApplicationContext.log ContextListener: contextDestroyed()
15-Dec-2025 17:45:58.309 INFO [main] org.apache.catalina.core.ApplicationContext.log ContextListener: contextInitialized()
15-Dec-2025 17:45:58.309 INFO [main] org.apache.catalina.core.ApplicationContext.log SessionListener: contextInitialized()
15-Dec-2025 17:45:58.310 INFO [main] org.apache.catalina.core.ApplicationContext.log ContextListener: attributeAdded('StockTicker', 'async.Stockticker@13d019a4')
15-Dec-2025 17:47:59.562 INFO [Thread-1] org.apache.catalina.core.ApplicationContext.log SessionListener: contextDestroyed()
15-Dec-2025 17:47:59.562 INFO [Thread-1] org.apache.catalina.core.ApplicationContext.log ContextListener: contextDestroyed()
15-Dec-2025 17:48:02.015 INFO [main] org.apache.catalina.core.ApplicationContext.log ContextListener: contextInitialized()
15-Dec-2025 17:48:02.015 INFO [main] org.apache.catalina.core.ApplicationContext.log SessionListener: contextInitialized()
15-Dec-2025 17:48:02.016 INFO [main] org.apache.catalina.core.ApplicationContext.log ContextListener: attributeAdded('StockTicker', 'async.Stockticker@2c30c81d')
15-Dec-2025 17:48:24.288 INFO [Thread-1] org.apache.catalina.core.ApplicationContext.log SessionListener: contextDestroyed()
15-Dec-2025 17:48:24.288 INFO [Thread-1] org.apache.catalina.core.ApplicationContext.log ContextListener: contextDestroyed()
15-Dec-2025 17:48:26.003 INFO [main] org.apache.catalina.core.ApplicationContext.log ContextListener: contextInitialized()
15-Dec-2025 17:48:26.003 INFO [main] org.apache.catalina.core.ApplicationContext.log SessionListener: contextInitialized()
15-Dec-2025 17:48:26.004 INFO [main] org.apache.catalina.core.ApplicationContext.log ContextListener: attributeAdded('StockTicker', 'async.Stockticker@2c30c81d')
15-Dec-2025 17:49:49.012 INFO [Thread-1] org.apache.catalina.core.ApplicationContext.log SessionListener: contextDestroyed()
15-Dec-2025 17:49:49.012 INFO [Thread-1] org.apache.catalina.core.ApplicationContext.log ContextListener: contextDestroyed()
15-Dec-2025 17:49:51.018 INFO [main] org.apache.catalina.core.ApplicationContext.log ContextListener: contextInitialized()
15-Dec-2025 17:49:51.018 INFO [main] org.apache.catalina.core.ApplicationContext.log SessionListener: contextInitialized()
15-Dec-2025 17:49:51.019 INFO [main] org.apache.catalina.core.ApplicationContext.log ContextListener: attributeAdded('StockTicker', 'async.Stockticker@2c30c81d')
15-Dec-2025 17:50:26.835 INFO [Thread-1] org.apache.catalina.core.ApplicationContext.log SessionListener: contextDestroyed()
15-Dec-2025 17:50:26.835 INFO [Thread-1] org.apache.catalina.core.ApplicationContext.log ContextListener: contextDestroyed()
15-Dec-2025 17:50:28.531 INFO [main] org.apache.catalina.core.ApplicationContext.log ContextListener: contextInitialized()
15-Dec-2025 17:50:28.531 INFO [main] org.apache.catalina.core.ApplicationContext.log SessionListener: contextInitialized()
15-Dec-2025 17:50:28.532 INFO [main] org.apache.catalina.core.ApplicationContext.log ContextListener: attributeAdded('StockTicker', 'async.Stockticker@2c30c81d')
15-Dec-2025 17:50:51.464 SEVERE [http-nio-8080-exec-8] org.apache.catalina.core.StandardWrapperValve.invoke Servlet.service() for servlet [ServletMenu] in context with path [/ctp-2025] threw exception
	java.lang.NullPointerException: Cannot invoke "String.equals(Object)" because "<local7>" is null
		at ServletMenu.service(ServletMenu.java:40)
		at jakarta.servlet.http.HttpServlet.service(HttpServlet.java:710)
		at org.apache.catalina.core.ApplicationFilterChain.doFilter(ApplicationFilterChain.java:128)
		at org.apache.tomcat.websocket.server.WsFilter.doFilter(WsFilter.java:53)
		at org.apache.catalina.core.ApplicationFilterChain.doFilter(ApplicationFilterChain.java:107)
		at org.apache.catalina.core.StandardWrapperValve.invoke(StandardWrapperValve.java:165)
		at org.apache.catalina.core.StandardContextValve.invoke(StandardContextValve.java:77)
		at org.apache.catalina.authenticator.AuthenticatorBase.invoke(AuthenticatorBase.java:482)
		at org.apache.catalina.core.StandardHostValve.invoke(StandardHostValve.java:113)
		at org.apache.catalina.valves.ErrorReportValve.invoke(ErrorReportValve.java:83)
		at org.apache.catalina.valves.AbstractAccessLogValve.invoke(AbstractAccessLogValve.java:654)
		at org.apache.catalina.core.StandardEngineValve.invoke(StandardEngineValve.java:72)
		at org.apache.catalina.connector.CoyoteAdapter.service(CoyoteAdapter.java:341)
		at org.apache.coyote.http11.Http11Processor.service(Http11Processor.java:397)
		at org.apache.coyote.AbstractProcessorLight.process(AbstractProcessorLight.java:63)
		at org.apache.coyote.AbstractProtocol$ConnectionHandler.process(AbstractProtocol.java:903)
		at org.apache.tomcat.util.net.NioEndpoint$SocketProcessor.doRun(NioEndpoint.java:1778)
		at org.apache.tomcat.util.net.SocketProcessorBase.run(SocketProcessorBase.java:52)
		at org.apache.tomcat.util.threads.ThreadPoolExecutor.runWorker(ThreadPoolExecutor.java:946)
		at org.apache.tomcat.util.threads.ThreadPoolExecutor$Worker.run(ThreadPoolExecutor.java:480)
		at org.apache.tomcat.util.threads.TaskThread$WrappingRunnable.run(TaskThread.java:57)
		at java.base/java.lang.Thread.run(Thread.java:1583)
15-Dec-2025 17:52:43.340 SEVERE [http-nio-8080-exec-1] org.apache.catalina.core.StandardWrapperValve.invoke Servlet.service() for servlet [ServletAjouterStage] in context with path [/ctp-2025] threw exception
	java.lang.NullPointerException: Cannot invoke "String.equals(Object)" because "<local5>" is null
		at ServletAjouterStage.doGet(ServletAjouterStage.java:35)
		at jakarta.servlet.http.HttpServlet.service(HttpServlet.java:622)
		at jakarta.servlet.http.HttpServlet.service(HttpServlet.java:710)
		at org.apache.catalina.core.ApplicationFilterChain.doFilter(ApplicationFilterChain.java:128)
		at org.apache.tomcat.websocket.server.WsFilter.doFilter(WsFilter.java:53)
		at org.apache.catalina.core.ApplicationFilterChain.doFilter(ApplicationFilterChain.java:107)
		at org.apache.catalina.core.StandardWrapperValve.invoke(StandardWrapperValve.java:165)
		at org.apache.catalina.core.StandardContextValve.invoke(StandardContextValve.java:77)
		at org.apache.catalina.authenticator.AuthenticatorBase.invoke(AuthenticatorBase.java:482)
		at org.apache.catalina.core.StandardHostValve.invoke(StandardHostValve.java:113)
		at org.apache.catalina.valves.ErrorReportValve.invoke(ErrorReportValve.java:83)
		at org.apache.catalina.valves.AbstractAccessLogValve.invoke(AbstractAccessLogValve.java:654)
		at org.apache.catalina.core.StandardEngineValve.invoke(StandardEngineValve.java:72)
		at org.apache.catalina.connector.CoyoteAdapter.service(CoyoteAdapter.java:341)
		at org.apache.coyote.http11.Http11Processor.service(Http11Processor.java:397)
		at org.apache.coyote.AbstractProcessorLight.process(AbstractProcessorLight.java:63)
		at org.apache.coyote.AbstractProtocol$ConnectionHandler.process(AbstractProtocol.java:903)
		at org.apache.tomcat.util.net.NioEndpoint$SocketProcessor.doRun(NioEndpoint.java:1778)
		at org.apache.tomcat.util.net.SocketProcessorBase.run(SocketProcessorBase.java:52)
		at org.apache.tomcat.util.threads.ThreadPoolExecutor.runWorker(ThreadPoolExecutor.java:946)
		at org.apache.tomcat.util.threads.ThreadPoolExecutor$Worker.run(ThreadPoolExecutor.java:480)
		at org.apache.tomcat.util.threads.TaskThread$WrappingRunnable.run(TaskThread.java:57)
		at java.base/java.lang.Thread.run(Thread.java:1583)
15-Dec-2025 17:53:01.255 INFO [Thread-1] org.apache.catalina.core.ApplicationContext.log SessionListener: contextDestroyed()
15-Dec-2025 17:53:01.255 INFO [Thread-1] org.apache.catalina.core.ApplicationContext.log ContextListener: contextDestroyed()
15-Dec-2025 17:53:03.311 INFO [main] org.apache.catalina.core.ApplicationContext.log ContextListener: contextInitialized()
15-Dec-2025 17:53:03.311 INFO [main] org.apache.catalina.core.ApplicationContext.log SessionListener: contextInitialized()
15-Dec-2025 17:53:03.312 INFO [main] org.apache.catalina.core.ApplicationContext.log ContextListener: attributeAdded('StockTicker', 'async.Stockticker@2c30c81d')
15-Dec-2025 17:53:04.457 SEVERE [http-nio-8080-exec-1] org.apache.catalina.core.StandardWrapperValve.invoke Servlet.service() for servlet [ServletAjouterStage] in context with path [/ctp-2025] threw exception
	java.lang.NullPointerException: Cannot invoke "String.equals(Object)" because "<local5>" is null
		at ServletAjouterStage.doGet(ServletAjouterStage.java:35)
		at jakarta.servlet.http.HttpServlet.service(HttpServlet.java:622)
		at jakarta.servlet.http.HttpServlet.service(HttpServlet.java:710)
		at org.apache.catalina.core.ApplicationFilterChain.doFilter(ApplicationFilterChain.java:128)
		at org.apache.tomcat.websocket.server.WsFilter.doFilter(WsFilter.java:53)
		at org.apache.catalina.core.ApplicationFilterChain.doFilter(ApplicationFilterChain.java:107)
		at org.apache.catalina.core.StandardWrapperValve.invoke(StandardWrapperValve.java:165)
		at org.apache.catalina.core.StandardContextValve.invoke(StandardContextValve.java:77)
		at org.apache.catalina.authenticator.AuthenticatorBase.invoke(AuthenticatorBase.java:482)
		at org.apache.catalina.core.StandardHostValve.invoke(StandardHostValve.java:113)
		at org.apache.catalina.valves.ErrorReportValve.invoke(ErrorReportValve.java:83)
		at org.apache.catalina.valves.AbstractAccessLogValve.invoke(AbstractAccessLogValve.java:654)
		at org.apache.catalina.core.StandardEngineValve.invoke(StandardEngineValve.java:72)
		at org.apache.catalina.connector.CoyoteAdapter.service(CoyoteAdapter.java:341)
		at org.apache.coyote.http11.Http11Processor.service(Http11Processor.java:397)
		at org.apache.coyote.AbstractProcessorLight.process(AbstractProcessorLight.java:63)
		at org.apache.coyote.AbstractProtocol$ConnectionHandler.process(AbstractProtocol.java:903)
		at org.apache.tomcat.util.net.NioEndpoint$SocketProcessor.doRun(NioEndpoint.java:1778)
		at org.apache.tomcat.util.net.SocketProcessorBase.run(SocketProcessorBase.java:52)
		at org.apache.tomcat.util.threads.ThreadPoolExecutor.runWorker(ThreadPoolExecutor.java:946)
		at org.apache.tomcat.util.threads.ThreadPoolExecutor$Worker.run(ThreadPoolExecutor.java:480)
		at org.apache.tomcat.util.threads.TaskThread$WrappingRunnable.run(TaskThread.java:57)
		at java.base/java.lang.Thread.run(Thread.java:1583)
15-Dec-2025 17:53:04.922 SEVERE [http-nio-8080-exec-2] org.apache.catalina.core.StandardWrapperValve.invoke Servlet.service() for servlet [ServletAjouterStage] in context with path [/ctp-2025] threw exception
	java.lang.NullPointerException: Cannot invoke "String.equals(Object)" because "<local5>" is null
		at ServletAjouterStage.doGet(ServletAjouterStage.java:35)
		at jakarta.servlet.http.HttpServlet.service(HttpServlet.java:622)
		at jakarta.servlet.http.HttpServlet.service(HttpServlet.java:710)
		at org.apache.catalina.core.ApplicationFilterChain.doFilter(ApplicationFilterChain.java:128)
		at org.apache.tomcat.websocket.server.WsFilter.doFilter(WsFilter.java:53)
		at org.apache.catalina.core.ApplicationFilterChain.doFilter(ApplicationFilterChain.java:107)
		at org.apache.catalina.core.StandardWrapperValve.invoke(StandardWrapperValve.java:165)
		at org.apache.catalina.core.StandardContextValve.invoke(StandardContextValve.java:77)
		at org.apache.catalina.authenticator.AuthenticatorBase.invoke(AuthenticatorBase.java:482)
		at org.apache.catalina.core.StandardHostValve.invoke(StandardHostValve.java:113)
		at org.apache.catalina.valves.ErrorReportValve.invoke(ErrorReportValve.java:83)
		at org.apache.catalina.valves.AbstractAccessLogValve.invoke(AbstractAccessLogValve.java:654)
		at org.apache.catalina.core.StandardEngineValve.invoke(StandardEngineValve.java:72)
		at org.apache.catalina.connector.CoyoteAdapter.service(CoyoteAdapter.java:341)
		at org.apache.coyote.http11.Http11Processor.service(Http11Processor.java:397)
		at org.apache.coyote.AbstractProcessorLight.process(AbstractProcessorLight.java:63)
		at org.apache.coyote.AbstractProtocol$ConnectionHandler.process(AbstractProtocol.java:903)
		at org.apache.tomcat.util.net.NioEndpoint$SocketProcessor.doRun(NioEndpoint.java:1778)
		at org.apache.tomcat.util.net.SocketProcessorBase.run(SocketProcessorBase.java:52)
		at org.apache.tomcat.util.threads.ThreadPoolExecutor.runWorker(ThreadPoolExecutor.java:946)
		at org.apache.tomcat.util.threads.ThreadPoolExecutor$Worker.run(ThreadPoolExecutor.java:480)
		at org.apache.tomcat.util.threads.TaskThread$WrappingRunnable.run(TaskThread.java:57)
		at java.base/java.lang.Thread.run(Thread.java:1583)
15-Dec-2025 17:53:05.129 SEVERE [http-nio-8080-exec-4] org.apache.catalina.core.StandardWrapperValve.invoke Servlet.service() for servlet [ServletAjouterStage] in context with path [/ctp-2025] threw exception
	java.lang.NullPointerException: Cannot invoke "String.equals(Object)" because "<local5>" is null
		at ServletAjouterStage.doGet(ServletAjouterStage.java:35)
		at jakarta.servlet.http.HttpServlet.service(HttpServlet.java:622)
		at jakarta.servlet.http.HttpServlet.service(HttpServlet.java:710)
		at org.apache.catalina.core.ApplicationFilterChain.doFilter(ApplicationFilterChain.java:128)
		at org.apache.tomcat.websocket.server.WsFilter.doFilter(WsFilter.java:53)
		at org.apache.catalina.core.ApplicationFilterChain.doFilter(ApplicationFilterChain.java:107)
		at org.apache.catalina.core.StandardWrapperValve.invoke(StandardWrapperValve.java:165)
		at org.apache.catalina.core.StandardContextValve.invoke(StandardContextValve.java:77)
		at org.apache.catalina.authenticator.AuthenticatorBase.invoke(AuthenticatorBase.java:482)
		at org.apache.catalina.core.StandardHostValve.invoke(StandardHostValve.java:113)
		at org.apache.catalina.valves.ErrorReportValve.invoke(ErrorReportValve.java:83)
		at org.apache.catalina.valves.AbstractAccessLogValve.invoke(AbstractAccessLogValve.java:654)
		at org.apache.catalina.core.StandardEngineValve.invoke(StandardEngineValve.java:72)
		at org.apache.catalina.connector.CoyoteAdapter.service(CoyoteAdapter.java:341)
		at org.apache.coyote.http11.Http11Processor.service(Http11Processor.java:397)
		at org.apache.coyote.AbstractProcessorLight.process(AbstractProcessorLight.java:63)
		at org.apache.coyote.AbstractProtocol$ConnectionHandler.process(AbstractProtocol.java:903)
		at org.apache.tomcat.util.net.NioEndpoint$SocketProcessor.doRun(NioEndpoint.java:1778)
		at org.apache.tomcat.util.net.SocketProcessorBase.run(SocketProcessorBase.java:52)
		at org.apache.tomcat.util.threads.ThreadPoolExecutor.runWorker(ThreadPoolExecutor.java:946)
		at org.apache.tomcat.util.threads.ThreadPoolExecutor$Worker.run(ThreadPoolExecutor.java:480)
		at org.apache.tomcat.util.threads.TaskThread$WrappingRunnable.run(TaskThread.java:57)
		at java.base/java.lang.Thread.run(Thread.java:1583)
15-Dec-2025 17:53:54.111 SEVERE [http-nio-8080-exec-10] org.apache.catalina.core.StandardWrapperValve.invoke Servlet.service() for servlet [ServletGererStages] in context with path [/ctp-2025] threw exception
	java.lang.NullPointerException: Cannot invoke "String.equals(Object)" because "<local5>" is null
		at ServletGererStages.service(ServletGererStages.java:36)
		at jakarta.servlet.http.HttpServlet.service(HttpServlet.java:710)
		at org.apache.catalina.core.ApplicationFilterChain.doFilter(ApplicationFilterChain.java:128)
		at org.apache.tomcat.websocket.server.WsFilter.doFilter(WsFilter.java:53)
		at org.apache.catalina.core.ApplicationFilterChain.doFilter(ApplicationFilterChain.java:107)
		at org.apache.catalina.core.StandardWrapperValve.invoke(StandardWrapperValve.java:165)
		at org.apache.catalina.core.StandardContextValve.invoke(StandardContextValve.java:77)
		at org.apache.catalina.authenticator.AuthenticatorBase.invoke(AuthenticatorBase.java:482)
		at org.apache.catalina.core.StandardHostValve.invoke(StandardHostValve.java:113)
		at org.apache.catalina.valves.ErrorReportValve.invoke(ErrorReportValve.java:83)
		at org.apache.catalina.valves.AbstractAccessLogValve.invoke(AbstractAccessLogValve.java:654)
		at org.apache.catalina.core.StandardEngineValve.invoke(StandardEngineValve.java:72)
		at org.apache.catalina.connector.CoyoteAdapter.service(CoyoteAdapter.java:341)
		at org.apache.coyote.http11.Http11Processor.service(Http11Processor.java:397)
		at org.apache.coyote.AbstractProcessorLight.process(AbstractProcessorLight.java:63)
		at org.apache.coyote.AbstractProtocol$ConnectionHandler.process(AbstractProtocol.java:903)
		at org.apache.tomcat.util.net.NioEndpoint$SocketProcessor.doRun(NioEndpoint.java:1778)
		at org.apache.tomcat.util.net.SocketProcessorBase.run(SocketProcessorBase.java:52)
		at org.apache.tomcat.util.threads.ThreadPoolExecutor.runWorker(ThreadPoolExecutor.java:946)
		at org.apache.tomcat.util.threads.ThreadPoolExecutor$Worker.run(ThreadPoolExecutor.java:480)
		at org.apache.tomcat.util.threads.TaskThread$WrappingRunnable.run(TaskThread.java:57)
		at java.base/java.lang.Thread.run(Thread.java:1583)
15-Dec-2025 17:54:39.119 SEVERE [http-nio-8080-exec-5] org.apache.catalina.core.StandardWrapperValve.invoke Servlet.service() for servlet [ServletMenu] in context with path [/ctp-2025] threw exception
	java.lang.NullPointerException: Cannot invoke "String.equals(Object)" because "<local7>" is null
		at ServletMenu.service(ServletMenu.java:40)
		at jakarta.servlet.http.HttpServlet.service(HttpServlet.java:710)
		at org.apache.catalina.core.ApplicationFilterChain.doFilter(ApplicationFilterChain.java:128)
		at org.apache.tomcat.websocket.server.WsFilter.doFilter(WsFilter.java:53)
		at org.apache.catalina.core.ApplicationFilterChain.doFilter(ApplicationFilterChain.java:107)
		at org.apache.catalina.core.StandardWrapperValve.invoke(StandardWrapperValve.java:165)
		at org.apache.catalina.core.StandardContextValve.invoke(StandardContextValve.java:77)
		at org.apache.catalina.authenticator.AuthenticatorBase.invoke(AuthenticatorBase.java:482)
		at org.apache.catalina.core.StandardHostValve.invoke(StandardHostValve.java:113)
		at org.apache.catalina.valves.ErrorReportValve.invoke(ErrorReportValve.java:83)
		at org.apache.catalina.valves.AbstractAccessLogValve.invoke(AbstractAccessLogValve.java:654)
		at org.apache.catalina.core.StandardEngineValve.invoke(StandardEngineValve.java:72)
		at org.apache.catalina.connector.CoyoteAdapter.service(CoyoteAdapter.java:341)
		at org.apache.coyote.http11.Http11Processor.service(Http11Processor.java:397)
		at org.apache.coyote.AbstractProcessorLight.process(AbstractProcessorLight.java:63)
		at org.apache.coyote.AbstractProtocol$ConnectionHandler.process(AbstractProtocol.java:903)
		at org.apache.tomcat.util.net.NioEndpoint$SocketProcessor.doRun(NioEndpoint.java:1778)
		at org.apache.tomcat.util.net.SocketProcessorBase.run(SocketProcessorBase.java:52)
		at org.apache.tomcat.util.threads.ThreadPoolExecutor.runWorker(ThreadPoolExecutor.java:946)
		at org.apache.tomcat.util.threads.ThreadPoolExecutor$Worker.run(ThreadPoolExecutor.java:480)
		at org.apache.tomcat.util.threads.TaskThread$WrappingRunnable.run(TaskThread.java:57)
		at java.base/java.lang.Thread.run(Thread.java:1583)
15-Dec-2025 17:54:39.967 SEVERE [http-nio-8080-exec-3] org.apache.catalina.core.StandardWrapperValve.invoke Servlet.service() for servlet [ServletMenu] in context with path [/ctp-2025] threw exception
	java.lang.NullPointerException: Cannot invoke "String.equals(Object)" because "<local7>" is null
		at ServletMenu.service(ServletMenu.java:40)
		at jakarta.servlet.http.HttpServlet.service(HttpServlet.java:710)
		at org.apache.catalina.core.ApplicationFilterChain.doFilter(ApplicationFilterChain.java:128)
		at org.apache.tomcat.websocket.server.WsFilter.doFilter(WsFilter.java:53)
		at org.apache.catalina.core.ApplicationFilterChain.doFilter(ApplicationFilterChain.java:107)
		at org.apache.catalina.core.StandardWrapperValve.invoke(StandardWrapperValve.java:165)
		at org.apache.catalina.core.StandardContextValve.invoke(StandardContextValve.java:77)
		at org.apache.catalina.authenticator.AuthenticatorBase.invoke(AuthenticatorBase.java:482)
		at org.apache.catalina.core.StandardHostValve.invoke(StandardHostValve.java:113)
		at org.apache.catalina.valves.ErrorReportValve.invoke(ErrorReportValve.java:83)
		at org.apache.catalina.valves.AbstractAccessLogValve.invoke(AbstractAccessLogValve.java:654)
		at org.apache.catalina.core.StandardEngineValve.invoke(StandardEngineValve.java:72)
		at org.apache.catalina.connector.CoyoteAdapter.service(CoyoteAdapter.java:341)
		at org.apache.coyote.http11.Http11Processor.service(Http11Processor.java:397)
		at org.apache.coyote.AbstractProcessorLight.process(AbstractProcessorLight.java:63)
		at org.apache.coyote.AbstractProtocol$ConnectionHandler.process(AbstractProtocol.java:903)
		at org.apache.tomcat.util.net.NioEndpoint$SocketProcessor.doRun(NioEndpoint.java:1778)
		at org.apache.tomcat.util.net.SocketProcessorBase.run(SocketProcessorBase.java:52)
		at org.apache.tomcat.util.threads.ThreadPoolExecutor.runWorker(ThreadPoolExecutor.java:946)
		at org.apache.tomcat.util.threads.ThreadPoolExecutor$Worker.run(ThreadPoolExecutor.java:480)
		at org.apache.tomcat.util.threads.TaskThread$WrappingRunnable.run(TaskThread.java:57)
		at java.base/java.lang.Thread.run(Thread.java:1583)
15-Dec-2025 17:55:07.002 INFO [Thread-1] org.apache.catalina.core.ApplicationContext.log SessionListener: contextDestroyed()
15-Dec-2025 17:55:07.002 INFO [Thread-1] org.apache.catalina.core.ApplicationContext.log ContextListener: contextDestroyed()
15-Dec-2025 17:55:09.254 INFO [main] org.apache.catalina.core.ApplicationContext.log ContextListener: contextInitialized()
15-Dec-2025 17:55:09.254 INFO [main] org.apache.catalina.core.ApplicationContext.log SessionListener: contextInitialized()
15-Dec-2025 17:55:09.255 INFO [main] org.apache.catalina.core.ApplicationContext.log ContextListener: attributeAdded('StockTicker', 'async.Stockticker@2c30c81d')
15-Dec-2025 17:55:11.509 SEVERE [http-nio-8080-exec-1] org.apache.catalina.core.StandardWrapperValve.invoke Servlet.service() for servlet [ServletMenu] in context with path [/ctp-2025] threw exception
	java.lang.NullPointerException: Cannot invoke "String.equals(Object)" because "<local7>" is null
		at ServletMenu.service(ServletMenu.java:41)
		at jakarta.servlet.http.HttpServlet.service(HttpServlet.java:710)
		at org.apache.catalina.core.ApplicationFilterChain.doFilter(ApplicationFilterChain.java:128)
		at org.apache.tomcat.websocket.server.WsFilter.doFilter(WsFilter.java:53)
		at org.apache.catalina.core.ApplicationFilterChain.doFilter(ApplicationFilterChain.java:107)
		at org.apache.catalina.core.StandardWrapperValve.invoke(StandardWrapperValve.java:165)
		at org.apache.catalina.core.StandardContextValve.invoke(StandardContextValve.java:77)
		at org.apache.catalina.authenticator.AuthenticatorBase.invoke(AuthenticatorBase.java:482)
		at org.apache.catalina.core.StandardHostValve.invoke(StandardHostValve.java:113)
		at org.apache.catalina.valves.ErrorReportValve.invoke(ErrorReportValve.java:83)
		at org.apache.catalina.valves.AbstractAccessLogValve.invoke(AbstractAccessLogValve.java:654)
		at org.apache.catalina.core.StandardEngineValve.invoke(StandardEngineValve.java:72)
		at org.apache.catalina.connector.CoyoteAdapter.service(CoyoteAdapter.java:341)
		at org.apache.coyote.http11.Http11Processor.service(Http11Processor.java:397)
		at org.apache.coyote.AbstractProcessorLight.process(AbstractProcessorLight.java:63)
		at org.apache.coyote.AbstractProtocol$ConnectionHandler.process(AbstractProtocol.java:903)
		at org.apache.tomcat.util.net.NioEndpoint$SocketProcessor.doRun(NioEndpoint.java:1778)
		at org.apache.tomcat.util.net.SocketProcessorBase.run(SocketProcessorBase.java:52)
		at org.apache.tomcat.util.threads.ThreadPoolExecutor.runWorker(ThreadPoolExecutor.java:946)
		at org.apache.tomcat.util.threads.ThreadPoolExecutor$Worker.run(ThreadPoolExecutor.java:480)
		at org.apache.tomcat.util.threads.TaskThread$WrappingRunnable.run(TaskThread.java:57)
		at java.base/java.lang.Thread.run(Thread.java:1583)
15-Dec-2025 17:55:14.090 SEVERE [http-nio-8080-exec-2] org.apache.catalina.core.StandardWrapperValve.invoke Servlet.service() for servlet [ServletMenu] in context with path [/ctp-2025] threw exception
	java.lang.NullPointerException: Cannot invoke "String.equals(Object)" because "<local7>" is null
		at ServletMenu.service(ServletMenu.java:41)
		at jakarta.servlet.http.HttpServlet.service(HttpServlet.java:710)
		at org.apache.catalina.core.ApplicationFilterChain.doFilter(ApplicationFilterChain.java:128)
		at org.apache.tomcat.websocket.server.WsFilter.doFilter(WsFilter.java:53)
		at org.apache.catalina.core.ApplicationFilterChain.doFilter(ApplicationFilterChain.java:107)
		at org.apache.catalina.core.StandardWrapperValve.invoke(StandardWrapperValve.java:165)
		at org.apache.catalina.core.StandardContextValve.invoke(StandardContextValve.java:77)
		at org.apache.catalina.authenticator.AuthenticatorBase.invoke(AuthenticatorBase.java:482)
		at org.apache.catalina.core.StandardHostValve.invoke(StandardHostValve.java:113)
		at org.apache.catalina.valves.ErrorReportValve.invoke(ErrorReportValve.java:83)
		at org.apache.catalina.valves.AbstractAccessLogValve.invoke(AbstractAccessLogValve.java:654)
		at org.apache.catalina.core.StandardEngineValve.invoke(StandardEngineValve.java:72)
		at org.apache.catalina.connector.CoyoteAdapter.service(CoyoteAdapter.java:341)
		at org.apache.coyote.http11.Http11Processor.service(Http11Processor.java:397)
		at org.apache.coyote.AbstractProcessorLight.process(AbstractProcessorLight.java:63)
		at org.apache.coyote.AbstractProtocol$ConnectionHandler.process(AbstractProtocol.java:903)
		at org.apache.tomcat.util.net.NioEndpoint$SocketProcessor.doRun(NioEndpoint.java:1778)
		at org.apache.tomcat.util.net.SocketProcessorBase.run(SocketProcessorBase.java:52)
		at org.apache.tomcat.util.threads.ThreadPoolExecutor.runWorker(ThreadPoolExecutor.java:946)
		at org.apache.tomcat.util.threads.ThreadPoolExecutor$Worker.run(ThreadPoolExecutor.java:480)
		at org.apache.tomcat.util.threads.TaskThread$WrappingRunnable.run(TaskThread.java:57)
		at java.base/java.lang.Thread.run(Thread.java:1583)
15-Dec-2025 17:55:56.010 INFO [Thread-1] org.apache.catalina.core.ApplicationContext.log SessionListener: contextDestroyed()
15-Dec-2025 17:55:56.010 INFO [Thread-1] org.apache.catalina.core.ApplicationContext.log ContextListener: contextDestroyed()
15-Dec-2025 17:55:57.699 INFO [main] org.apache.catalina.core.ApplicationContext.log ContextListener: contextInitialized()
15-Dec-2025 17:55:57.700 INFO [main] org.apache.catalina.core.ApplicationContext.log SessionListener: contextInitialized()
15-Dec-2025 17:55:57.701 INFO [main] org.apache.catalina.core.ApplicationContext.log ContextListener: attributeAdded('StockTicker', 'async.Stockticker@2c30c81d')
15-Dec-2025 17:56:00.211 SEVERE [http-nio-8080-exec-1] org.apache.catalina.core.StandardWrapperValve.invoke Servlet.service() for servlet [ServletMenu] in context with path [/ctp-2025] threw exception
	java.lang.NullPointerException: Cannot invoke "String.equals(Object)" because "<local7>" is null
		at ServletMenu.service(ServletMenu.java:41)
		at jakarta.servlet.http.HttpServlet.service(HttpServlet.java:710)
		at org.apache.catalina.core.ApplicationFilterChain.doFilter(ApplicationFilterChain.java:128)
		at org.apache.tomcat.websocket.server.WsFilter.doFilter(WsFilter.java:53)
		at org.apache.catalina.core.ApplicationFilterChain.doFilter(ApplicationFilterChain.java:107)
		at org.apache.catalina.core.StandardWrapperValve.invoke(StandardWrapperValve.java:165)
		at org.apache.catalina.core.StandardContextValve.invoke(StandardContextValve.java:77)
		at org.apache.catalina.authenticator.AuthenticatorBase.invoke(AuthenticatorBase.java:482)
		at org.apache.catalina.core.StandardHostValve.invoke(StandardHostValve.java:113)
		at org.apache.catalina.valves.ErrorReportValve.invoke(ErrorReportValve.java:83)
		at org.apache.catalina.valves.AbstractAccessLogValve.invoke(AbstractAccessLogValve.java:654)
		at org.apache.catalina.core.StandardEngineValve.invoke(StandardEngineValve.java:72)
		at org.apache.catalina.connector.CoyoteAdapter.service(CoyoteAdapter.java:341)
		at org.apache.coyote.http11.Http11Processor.service(Http11Processor.java:397)
		at org.apache.coyote.AbstractProcessorLight.process(AbstractProcessorLight.java:63)
		at org.apache.coyote.AbstractProtocol$ConnectionHandler.process(AbstractProtocol.java:903)
		at org.apache.tomcat.util.net.NioEndpoint$SocketProcessor.doRun(NioEndpoint.java:1778)
		at org.apache.tomcat.util.net.SocketProcessorBase.run(SocketProcessorBase.java:52)
		at org.apache.tomcat.util.threads.ThreadPoolExecutor.runWorker(ThreadPoolExecutor.java:946)
		at org.apache.tomcat.util.threads.ThreadPoolExecutor$Worker.run(ThreadPoolExecutor.java:480)
		at org.apache.tomcat.util.threads.TaskThread$WrappingRunnable.run(TaskThread.java:57)
		at java.base/java.lang.Thread.run(Thread.java:1583)
15-Dec-2025 17:56:00.879 SEVERE [http-nio-8080-exec-2] org.apache.catalina.core.StandardWrapperValve.invoke Servlet.service() for servlet [ServletMenu] in context with path [/ctp-2025] threw exception
	java.lang.NullPointerException: Cannot invoke "String.equals(Object)" because "<local7>" is null
		at ServletMenu.service(ServletMenu.java:41)
		at jakarta.servlet.http.HttpServlet.service(HttpServlet.java:710)
		at org.apache.catalina.core.ApplicationFilterChain.doFilter(ApplicationFilterChain.java:128)
		at org.apache.tomcat.websocket.server.WsFilter.doFilter(WsFilter.java:53)
		at org.apache.catalina.core.ApplicationFilterChain.doFilter(ApplicationFilterChain.java:107)
		at org.apache.catalina.core.StandardWrapperValve.invoke(StandardWrapperValve.java:165)
		at org.apache.catalina.core.StandardContextValve.invoke(StandardContextValve.java:77)
		at org.apache.catalina.authenticator.AuthenticatorBase.invoke(AuthenticatorBase.java:482)
		at org.apache.catalina.core.StandardHostValve.invoke(StandardHostValve.java:113)
		at org.apache.catalina.valves.ErrorReportValve.invoke(ErrorReportValve.java:83)
		at org.apache.catalina.valves.AbstractAccessLogValve.invoke(AbstractAccessLogValve.java:654)
		at org.apache.catalina.core.StandardEngineValve.invoke(StandardEngineValve.java:72)
		at org.apache.catalina.connector.CoyoteAdapter.service(CoyoteAdapter.java:341)
		at org.apache.coyote.http11.Http11Processor.service(Http11Processor.java:397)
		at org.apache.coyote.AbstractProcessorLight.process(AbstractProcessorLight.java:63)
		at org.apache.coyote.AbstractProtocol$ConnectionHandler.process(AbstractProtocol.java:903)
		at org.apache.tomcat.util.net.NioEndpoint$SocketProcessor.doRun(NioEndpoint.java:1778)
		at org.apache.tomcat.util.net.SocketProcessorBase.run(SocketProcessorBase.java:52)
		at org.apache.tomcat.util.threads.ThreadPoolExecutor.runWorker(ThreadPoolExecutor.java:946)
		at org.apache.tomcat.util.threads.ThreadPoolExecutor$Worker.run(ThreadPoolExecutor.java:480)
		at org.apache.tomcat.util.threads.TaskThread$WrappingRunnable.run(TaskThread.java:57)
		at java.base/java.lang.Thread.run(Thread.java:1583)
15-Dec-2025 17:56:49.982 SEVERE [http-nio-8080-exec-1] org.apache.catalina.core.StandardWrapperValve.invoke Servlet.service() for servlet [ServletMenu] in context with path [/ctp-2025] threw exception
	java.lang.NullPointerException: Cannot invoke "String.equals(Object)" because "<local7>" is null
		at ServletMenu.service(ServletMenu.java:41)
		at jakarta.servlet.http.HttpServlet.service(HttpServlet.java:710)
		at org.apache.catalina.core.ApplicationFilterChain.doFilter(ApplicationFilterChain.java:128)
		at org.apache.tomcat.websocket.server.WsFilter.doFilter(WsFilter.java:53)
		at org.apache.catalina.core.ApplicationFilterChain.doFilter(ApplicationFilterChain.java:107)
		at org.apache.catalina.core.StandardWrapperValve.invoke(StandardWrapperValve.java:165)
		at org.apache.catalina.core.StandardContextValve.invoke(StandardContextValve.java:77)
		at org.apache.catalina.authenticator.AuthenticatorBase.invoke(AuthenticatorBase.java:482)
		at org.apache.catalina.core.StandardHostValve.invoke(StandardHostValve.java:113)
		at org.apache.catalina.valves.ErrorReportValve.invoke(ErrorReportValve.java:83)
		at org.apache.catalina.valves.AbstractAccessLogValve.invoke(AbstractAccessLogValve.java:654)
		at org.apache.catalina.core.StandardEngineValve.invoke(StandardEngineValve.java:72)
		at org.apache.catalina.connector.CoyoteAdapter.service(CoyoteAdapter.java:341)
		at org.apache.coyote.http11.Http11Processor.service(Http11Processor.java:397)
		at org.apache.coyote.AbstractProcessorLight.process(AbstractProcessorLight.java:63)
		at org.apache.coyote.AbstractProtocol$ConnectionHandler.process(AbstractProtocol.java:903)
		at org.apache.tomcat.util.net.NioEndpoint$SocketProcessor.doRun(NioEndpoint.java:1778)
		at org.apache.tomcat.util.net.SocketProcessorBase.run(SocketProcessorBase.java:52)
		at org.apache.tomcat.util.threads.ThreadPoolExecutor.runWorker(ThreadPoolExecutor.java:946)
		at org.apache.tomcat.util.threads.ThreadPoolExecutor$Worker.run(ThreadPoolExecutor.java:480)
		at org.apache.tomcat.util.threads.TaskThread$WrappingRunnable.run(TaskThread.java:57)
		at java.base/java.lang.Thread.run(Thread.java:1583)
15-Dec-2025 17:57:49.534 INFO [Thread-1] org.apache.catalina.core.ApplicationContext.log SessionListener: contextDestroyed()
15-Dec-2025 17:57:49.534 INFO [Thread-1] org.apache.catalina.core.ApplicationContext.log ContextListener: contextDestroyed()
15-Dec-2025 17:57:51.483 INFO [main] org.apache.catalina.core.ApplicationContext.log ContextListener: contextInitialized()
15-Dec-2025 17:57:51.483 INFO [main] org.apache.catalina.core.ApplicationContext.log SessionListener: contextInitialized()
15-Dec-2025 17:57:51.484 INFO [main] org.apache.catalina.core.ApplicationContext.log ContextListener: attributeAdded('StockTicker', 'async.Stockticker@2c30c81d')
15-Dec-2025 17:59:14.681 INFO [Thread-1] org.apache.catalina.core.ApplicationContext.log SessionListener: contextDestroyed()
15-Dec-2025 17:59:14.681 INFO [Thread-1] org.apache.catalina.core.ApplicationContext.log ContextListener: contextDestroyed()
15-Dec-2025 17:59:16.404 INFO [main] org.apache.catalina.core.ApplicationContext.log ContextListener: contextInitialized()
15-Dec-2025 17:59:16.404 INFO [main] org.apache.catalina.core.ApplicationContext.log SessionListener: contextInitialized()
15-Dec-2025 17:59:16.405 INFO [main] org.apache.catalina.core.ApplicationContext.log ContextListener: attributeAdded('StockTicker', 'async.Stockticker@2c30c81d')
15-Dec-2025 17:59:17.349 SEVERE [http-nio-8080-exec-1] org.apache.catalina.core.StandardWrapperValve.invoke Servlet.service() for servlet [ServletMenu] in context with path [/ctp-2025] threw exception
	java.lang.NullPointerException: Cannot invoke "String.equals(Object)" because "<local7>" is null
		at ServletMenu.service(ServletMenu.java:39)
		at jakarta.servlet.http.HttpServlet.service(HttpServlet.java:710)
		at org.apache.catalina.core.ApplicationFilterChain.doFilter(ApplicationFilterChain.java:128)
		at org.apache.tomcat.websocket.server.WsFilter.doFilter(WsFilter.java:53)
		at org.apache.catalina.core.ApplicationFilterChain.doFilter(ApplicationFilterChain.java:107)
		at org.apache.catalina.core.StandardWrapperValve.invoke(StandardWrapperValve.java:165)
		at org.apache.catalina.core.StandardContextValve.invoke(StandardContextValve.java:77)
		at org.apache.catalina.authenticator.AuthenticatorBase.invoke(AuthenticatorBase.java:482)
		at org.apache.catalina.core.StandardHostValve.invoke(StandardHostValve.java:113)
		at org.apache.catalina.valves.ErrorReportValve.invoke(ErrorReportValve.java:83)
		at org.apache.catalina.valves.AbstractAccessLogValve.invoke(AbstractAccessLogValve.java:654)
		at org.apache.catalina.core.StandardEngineValve.invoke(StandardEngineValve.java:72)
		at org.apache.catalina.connector.CoyoteAdapter.service(CoyoteAdapter.java:341)
		at org.apache.coyote.http11.Http11Processor.service(Http11Processor.java:397)
		at org.apache.coyote.AbstractProcessorLight.process(AbstractProcessorLight.java:63)
		at org.apache.coyote.AbstractProtocol$ConnectionHandler.process(AbstractProtocol.java:903)
		at org.apache.tomcat.util.net.NioEndpoint$SocketProcessor.doRun(NioEndpoint.java:1778)
		at org.apache.tomcat.util.net.SocketProcessorBase.run(SocketProcessorBase.java:52)
		at org.apache.tomcat.util.threads.ThreadPoolExecutor.runWorker(ThreadPoolExecutor.java:946)
		at org.apache.tomcat.util.threads.ThreadPoolExecutor$Worker.run(ThreadPoolExecutor.java:480)
		at org.apache.tomcat.util.threads.TaskThread$WrappingRunnable.run(TaskThread.java:57)
		at java.base/java.lang.Thread.run(Thread.java:1583)
15-Dec-2025 17:59:18.345 SEVERE [http-nio-8080-exec-2] org.apache.catalina.core.StandardWrapperValve.invoke Servlet.service() for servlet [ServletMenu] in context with path [/ctp-2025] threw exception
	java.lang.NullPointerException: Cannot invoke "String.equals(Object)" because "<local7>" is null
		at ServletMenu.service(ServletMenu.java:39)
		at jakarta.servlet.http.HttpServlet.service(HttpServlet.java:710)
		at org.apache.catalina.core.ApplicationFilterChain.doFilter(ApplicationFilterChain.java:128)
		at org.apache.tomcat.websocket.server.WsFilter.doFilter(WsFilter.java:53)
		at org.apache.catalina.core.ApplicationFilterChain.doFilter(ApplicationFilterChain.java:107)
		at org.apache.catalina.core.StandardWrapperValve.invoke(StandardWrapperValve.java:165)
		at org.apache.catalina.core.StandardContextValve.invoke(StandardContextValve.java:77)
		at org.apache.catalina.authenticator.AuthenticatorBase.invoke(AuthenticatorBase.java:482)
		at org.apache.catalina.core.StandardHostValve.invoke(StandardHostValve.java:113)
		at org.apache.catalina.valves.ErrorReportValve.invoke(ErrorReportValve.java:83)
		at org.apache.catalina.valves.AbstractAccessLogValve.invoke(AbstractAccessLogValve.java:654)
		at org.apache.catalina.core.StandardEngineValve.invoke(StandardEngineValve.java:72)
		at org.apache.catalina.connector.CoyoteAdapter.service(CoyoteAdapter.java:341)
		at org.apache.coyote.http11.Http11Processor.service(Http11Processor.java:397)
		at org.apache.coyote.AbstractProcessorLight.process(AbstractProcessorLight.java:63)
		at org.apache.coyote.AbstractProtocol$ConnectionHandler.process(AbstractProtocol.java:903)
		at org.apache.tomcat.util.net.NioEndpoint$SocketProcessor.doRun(NioEndpoint.java:1778)
		at org.apache.tomcat.util.net.SocketProcessorBase.run(SocketProcessorBase.java:52)
		at org.apache.tomcat.util.threads.ThreadPoolExecutor.runWorker(ThreadPoolExecutor.java:946)
		at org.apache.tomcat.util.threads.ThreadPoolExecutor$Worker.run(ThreadPoolExecutor.java:480)
		at org.apache.tomcat.util.threads.TaskThread$WrappingRunnable.run(TaskThread.java:57)
		at java.base/java.lang.Thread.run(Thread.java:1583)
15-Dec-2025 17:59:18.551 SEVERE [http-nio-8080-exec-4] org.apache.catalina.core.StandardWrapperValve.invoke Servlet.service() for servlet [ServletMenu] in context with path [/ctp-2025] threw exception
	java.lang.NullPointerException: Cannot invoke "String.equals(Object)" because "<local7>" is null
		at ServletMenu.service(ServletMenu.java:39)
		at jakarta.servlet.http.HttpServlet.service(HttpServlet.java:710)
		at org.apache.catalina.core.ApplicationFilterChain.doFilter(ApplicationFilterChain.java:128)
		at org.apache.tomcat.websocket.server.WsFilter.doFilter(WsFilter.java:53)
		at org.apache.catalina.core.ApplicationFilterChain.doFilter(ApplicationFilterChain.java:107)
		at org.apache.catalina.core.StandardWrapperValve.invoke(StandardWrapperValve.java:165)
		at org.apache.catalina.core.StandardContextValve.invoke(StandardContextValve.java:77)
		at org.apache.catalina.authenticator.AuthenticatorBase.invoke(AuthenticatorBase.java:482)
		at org.apache.catalina.core.StandardHostValve.invoke(StandardHostValve.java:113)
		at org.apache.catalina.valves.ErrorReportValve.invoke(ErrorReportValve.java:83)
		at org.apache.catalina.valves.AbstractAccessLogValve.invoke(AbstractAccessLogValve.java:654)
		at org.apache.catalina.core.StandardEngineValve.invoke(StandardEngineValve.java:72)
		at org.apache.catalina.connector.CoyoteAdapter.service(CoyoteAdapter.java:341)
		at org.apache.coyote.http11.Http11Processor.service(Http11Processor.java:397)
		at org.apache.coyote.AbstractProcessorLight.process(AbstractProcessorLight.java:63)
		at org.apache.coyote.AbstractProtocol$ConnectionHandler.process(AbstractProtocol.java:903)
		at org.apache.tomcat.util.net.NioEndpoint$SocketProcessor.doRun(NioEndpoint.java:1778)
		at org.apache.tomcat.util.net.SocketProcessorBase.run(SocketProcessorBase.java:52)
		at org.apache.tomcat.util.threads.ThreadPoolExecutor.runWorker(ThreadPoolExecutor.java:946)
		at org.apache.tomcat.util.threads.ThreadPoolExecutor$Worker.run(ThreadPoolExecutor.java:480)
		at org.apache.tomcat.util.threads.TaskThread$WrappingRunnable.run(TaskThread.java:57)
		at java.base/java.lang.Thread.run(Thread.java:1583)
15-Dec-2025 18:01:16.876 INFO [Thread-1] org.apache.catalina.core.ApplicationContext.log SessionListener: contextDestroyed()
15-Dec-2025 18:01:16.876 INFO [Thread-1] org.apache.catalina.core.ApplicationContext.log ContextListener: contextDestroyed()
15-Dec-2025 18:01:18.618 INFO [main] org.apache.catalina.core.ApplicationContext.log ContextListener: contextInitialized()
15-Dec-2025 18:01:18.618 INFO [main] org.apache.catalina.core.ApplicationContext.log SessionListener: contextInitialized()
15-Dec-2025 18:01:18.619 INFO [main] org.apache.catalina.core.ApplicationContext.log ContextListener: attributeAdded('StockTicker', 'async.Stockticker@2c30c81d')
15-Dec-2025 18:01:18.968 SEVERE [http-nio-8080-exec-1] org.apache.catalina.core.StandardWrapperValve.invoke Servlet.service() for servlet [ServletMenu] in context with path [/ctp-2025] threw exception
	java.lang.NullPointerException: Cannot invoke "String.equals(Object)" because "<local7>" is null
		at ServletMenu.service(ServletMenu.java:39)
		at jakarta.servlet.http.HttpServlet.service(HttpServlet.java:710)
		at org.apache.catalina.core.ApplicationFilterChain.doFilter(ApplicationFilterChain.java:128)
		at org.apache.tomcat.websocket.server.WsFilter.doFilter(WsFilter.java:53)
		at org.apache.catalina.core.ApplicationFilterChain.doFilter(ApplicationFilterChain.java:107)
		at org.apache.catalina.core.StandardWrapperValve.invoke(StandardWrapperValve.java:165)
		at org.apache.catalina.core.StandardContextValve.invoke(StandardContextValve.java:77)
		at org.apache.catalina.authenticator.AuthenticatorBase.invoke(AuthenticatorBase.java:482)
		at org.apache.catalina.core.StandardHostValve.invoke(StandardHostValve.java:113)
		at org.apache.catalina.valves.ErrorReportValve.invoke(ErrorReportValve.java:83)
		at org.apache.catalina.valves.AbstractAccessLogValve.invoke(AbstractAccessLogValve.java:654)
		at org.apache.catalina.core.StandardEngineValve.invoke(StandardEngineValve.java:72)
		at org.apache.catalina.connector.CoyoteAdapter.service(CoyoteAdapter.java:341)
		at org.apache.coyote.http11.Http11Processor.service(Http11Processor.java:397)
		at org.apache.coyote.AbstractProcessorLight.process(AbstractProcessorLight.java:63)
		at org.apache.coyote.AbstractProtocol$ConnectionHandler.process(AbstractProtocol.java:903)
		at org.apache.tomcat.util.net.NioEndpoint$SocketProcessor.doRun(NioEndpoint.java:1778)
		at org.apache.tomcat.util.net.SocketProcessorBase.run(SocketProcessorBase.java:52)
		at org.apache.tomcat.util.threads.ThreadPoolExecutor.runWorker(ThreadPoolExecutor.java:946)
		at org.apache.tomcat.util.threads.ThreadPoolExecutor$Worker.run(ThreadPoolExecutor.java:480)
		at org.apache.tomcat.util.threads.TaskThread$WrappingRunnable.run(TaskThread.java:57)
		at java.base/java.lang.Thread.run(Thread.java:1583)
15-Dec-2025 18:01:19.493 SEVERE [http-nio-8080-exec-2] org.apache.catalina.core.StandardWrapperValve.invoke Servlet.service() for servlet [ServletMenu] in context with path [/ctp-2025] threw exception
	java.lang.NullPointerException: Cannot invoke "String.equals(Object)" because "<local7>" is null
		at ServletMenu.service(ServletMenu.java:39)
		at jakarta.servlet.http.HttpServlet.service(HttpServlet.java:710)
		at org.apache.catalina.core.ApplicationFilterChain.doFilter(ApplicationFilterChain.java:128)
		at org.apache.tomcat.websocket.server.WsFilter.doFilter(WsFilter.java:53)
		at org.apache.catalina.core.ApplicationFilterChain.doFilter(ApplicationFilterChain.java:107)
		at org.apache.catalina.core.StandardWrapperValve.invoke(StandardWrapperValve.java:165)
		at org.apache.catalina.core.StandardContextValve.invoke(StandardContextValve.java:77)
		at org.apache.catalina.authenticator.AuthenticatorBase.invoke(AuthenticatorBase.java:482)
		at org.apache.catalina.core.StandardHostValve.invoke(StandardHostValve.java:113)
		at org.apache.catalina.valves.ErrorReportValve.invoke(ErrorReportValve.java:83)
		at org.apache.catalina.valves.AbstractAccessLogValve.invoke(AbstractAccessLogValve.java:654)
		at org.apache.catalina.core.StandardEngineValve.invoke(StandardEngineValve.java:72)
		at org.apache.catalina.connector.CoyoteAdapter.service(CoyoteAdapter.java:341)
		at org.apache.coyote.http11.Http11Processor.service(Http11Processor.java:397)
		at org.apache.coyote.AbstractProcessorLight.process(AbstractProcessorLight.java:63)
		at org.apache.coyote.AbstractProtocol$ConnectionHandler.process(AbstractProtocol.java:903)
		at org.apache.tomcat.util.net.NioEndpoint$SocketProcessor.doRun(NioEndpoint.java:1778)
		at org.apache.tomcat.util.net.SocketProcessorBase.run(SocketProcessorBase.java:52)
		at org.apache.tomcat.util.threads.ThreadPoolExecutor.runWorker(ThreadPoolExecutor.java:946)
		at org.apache.tomcat.util.threads.ThreadPoolExecutor$Worker.run(ThreadPoolExecutor.java:480)
		at org.apache.tomcat.util.threads.TaskThread$WrappingRunnable.run(TaskThread.java:57)
		at java.base/java.lang.Thread.run(Thread.java:1583)
15-Dec-2025 18:01:19.714 SEVERE [http-nio-8080-exec-3] org.apache.catalina.core.StandardWrapperValve.invoke Servlet.service() for servlet [ServletMenu] in context with path [/ctp-2025] threw exception
	java.lang.NullPointerException: Cannot invoke "String.equals(Object)" because "<local7>" is null
		at ServletMenu.service(ServletMenu.java:39)
		at jakarta.servlet.http.HttpServlet.service(HttpServlet.java:710)
		at org.apache.catalina.core.ApplicationFilterChain.doFilter(ApplicationFilterChain.java:128)
		at org.apache.tomcat.websocket.server.WsFilter.doFilter(WsFilter.java:53)
		at org.apache.catalina.core.ApplicationFilterChain.doFilter(ApplicationFilterChain.java:107)
		at org.apache.catalina.core.StandardWrapperValve.invoke(StandardWrapperValve.java:165)
		at org.apache.catalina.core.StandardContextValve.invoke(StandardContextValve.java:77)
		at org.apache.catalina.authenticator.AuthenticatorBase.invoke(AuthenticatorBase.java:482)
		at org.apache.catalina.core.StandardHostValve.invoke(StandardHostValve.java:113)
		at org.apache.catalina.valves.ErrorReportValve.invoke(ErrorReportValve.java:83)
		at org.apache.catalina.valves.AbstractAccessLogValve.invoke(AbstractAccessLogValve.java:654)
		at org.apache.catalina.core.StandardEngineValve.invoke(StandardEngineValve.java:72)
		at org.apache.catalina.connector.CoyoteAdapter.service(CoyoteAdapter.java:341)
		at org.apache.coyote.http11.Http11Processor.service(Http11Processor.java:397)
		at org.apache.coyote.AbstractProcessorLight.process(AbstractProcessorLight.java:63)
		at org.apache.coyote.AbstractProtocol$ConnectionHandler.process(AbstractProtocol.java:903)
		at org.apache.tomcat.util.net.NioEndpoint$SocketProcessor.doRun(NioEndpoint.java:1778)
		at org.apache.tomcat.util.net.SocketProcessorBase.run(SocketProcessorBase.java:52)
		at org.apache.tomcat.util.threads.ThreadPoolExecutor.runWorker(ThreadPoolExecutor.java:946)
		at org.apache.tomcat.util.threads.ThreadPoolExecutor$Worker.run(ThreadPoolExecutor.java:480)
		at org.apache.tomcat.util.threads.TaskThread$WrappingRunnable.run(TaskThread.java:57)
		at java.base/java.lang.Thread.run(Thread.java:1583)
15-Dec-2025 18:01:39.038 SEVERE [http-nio-8080-exec-5] org.apache.catalina.core.StandardWrapperValve.invoke Servlet.service() for servlet [ServletMenu] in context with path [/ctp-2025] threw exception
	java.lang.NullPointerException: Cannot invoke "String.equals(Object)" because "<local7>" is null
		at ServletMenu.service(ServletMenu.java:39)
		at jakarta.servlet.http.HttpServlet.service(HttpServlet.java:710)
		at org.apache.catalina.core.ApplicationFilterChain.doFilter(ApplicationFilterChain.java:128)
		at org.apache.tomcat.websocket.server.WsFilter.doFilter(WsFilter.java:53)
		at org.apache.catalina.core.ApplicationFilterChain.doFilter(ApplicationFilterChain.java:107)
		at org.apache.catalina.core.StandardWrapperValve.invoke(StandardWrapperValve.java:165)
		at org.apache.catalina.core.StandardContextValve.invoke(StandardContextValve.java:77)
		at org.apache.catalina.authenticator.AuthenticatorBase.invoke(AuthenticatorBase.java:482)
		at org.apache.catalina.core.StandardHostValve.invoke(StandardHostValve.java:113)
		at org.apache.catalina.valves.ErrorReportValve.invoke(ErrorReportValve.java:83)
		at org.apache.catalina.valves.AbstractAccessLogValve.invoke(AbstractAccessLogValve.java:654)
		at org.apache.catalina.core.StandardEngineValve.invoke(StandardEngineValve.java:72)
		at org.apache.catalina.connector.CoyoteAdapter.service(CoyoteAdapter.java:341)
		at org.apache.coyote.http11.Http11Processor.service(Http11Processor.java:397)
		at org.apache.coyote.AbstractProcessorLight.process(AbstractProcessorLight.java:63)
		at org.apache.coyote.AbstractProtocol$ConnectionHandler.process(AbstractProtocol.java:903)
		at org.apache.tomcat.util.net.NioEndpoint$SocketProcessor.doRun(NioEndpoint.java:1778)
		at org.apache.tomcat.util.net.SocketProcessorBase.run(SocketProcessorBase.java:52)
		at org.apache.tomcat.util.threads.ThreadPoolExecutor.runWorker(ThreadPoolExecutor.java:946)
		at org.apache.tomcat.util.threads.ThreadPoolExecutor$Worker.run(ThreadPoolExecutor.java:480)
		at org.apache.tomcat.util.threads.TaskThread$WrappingRunnable.run(TaskThread.java:57)
		at java.base/java.lang.Thread.run(Thread.java:1583)
15-Dec-2025 18:02:00.647 INFO [Thread-1] org.apache.catalina.core.ApplicationContext.log SessionListener: contextDestroyed()
15-Dec-2025 18:02:00.647 INFO [Thread-1] org.apache.catalina.core.ApplicationContext.log ContextListener: contextDestroyed()
15-Dec-2025 18:02:02.374 INFO [main] org.apache.catalina.core.ApplicationContext.log ContextListener: contextInitialized()
15-Dec-2025 18:02:02.374 INFO [main] org.apache.catalina.core.ApplicationContext.log SessionListener: contextInitialized()
15-Dec-2025 18:02:02.375 INFO [main] org.apache.catalina.core.ApplicationContext.log ContextListener: attributeAdded('StockTicker', 'async.Stockticker@2c30c81d')
15-Dec-2025 18:02:08.957 SEVERE [http-nio-8080-exec-9] org.apache.catalina.core.StandardWrapperValve.invoke Servlet.service() for servlet [ServletMenu] in context with path [/ctp-2025] threw exception
	java.lang.NullPointerException: Cannot invoke "String.equals(Object)" because "<local7>" is null
		at ServletMenu.service(ServletMenu.java:39)
		at jakarta.servlet.http.HttpServlet.service(HttpServlet.java:710)
		at org.apache.catalina.core.ApplicationFilterChain.doFilter(ApplicationFilterChain.java:128)
		at org.apache.tomcat.websocket.server.WsFilter.doFilter(WsFilter.java:53)
		at org.apache.catalina.core.ApplicationFilterChain.doFilter(ApplicationFilterChain.java:107)
		at org.apache.catalina.core.StandardWrapperValve.invoke(StandardWrapperValve.java:165)
		at org.apache.catalina.core.StandardContextValve.invoke(StandardContextValve.java:77)
		at org.apache.catalina.authenticator.AuthenticatorBase.invoke(AuthenticatorBase.java:482)
		at org.apache.catalina.core.StandardHostValve.invoke(StandardHostValve.java:113)
		at org.apache.catalina.valves.ErrorReportValve.invoke(ErrorReportValve.java:83)
		at org.apache.catalina.valves.AbstractAccessLogValve.invoke(AbstractAccessLogValve.java:654)
		at org.apache.catalina.core.StandardEngineValve.invoke(StandardEngineValve.java:72)
		at org.apache.catalina.connector.CoyoteAdapter.service(CoyoteAdapter.java:341)
		at org.apache.coyote.http11.Http11Processor.service(Http11Processor.java:397)
		at org.apache.coyote.AbstractProcessorLight.process(AbstractProcessorLight.java:63)
		at org.apache.coyote.AbstractProtocol$ConnectionHandler.process(AbstractProtocol.java:903)
		at org.apache.tomcat.util.net.NioEndpoint$SocketProcessor.doRun(NioEndpoint.java:1778)
		at org.apache.tomcat.util.net.SocketProcessorBase.run(SocketProcessorBase.java:52)
		at org.apache.tomcat.util.threads.ThreadPoolExecutor.runWorker(ThreadPoolExecutor.java:946)
		at org.apache.tomcat.util.threads.ThreadPoolExecutor$Worker.run(ThreadPoolExecutor.java:480)
		at org.apache.tomcat.util.threads.TaskThread$WrappingRunnable.run(TaskThread.java:57)
		at java.base/java.lang.Thread.run(Thread.java:1583)
15-Dec-2025 18:03:19.872 INFO [Thread-1] org.apache.catalina.core.ApplicationContext.log SessionListener: contextDestroyed()
15-Dec-2025 18:03:19.872 INFO [Thread-1] org.apache.catalina.core.ApplicationContext.log ContextListener: contextDestroyed()
15-Dec-2025 18:03:21.611 INFO [main] org.apache.catalina.core.ApplicationContext.log ContextListener: contextInitialized()
15-Dec-2025 18:03:21.611 INFO [main] org.apache.catalina.core.ApplicationContext.log SessionListener: contextInitialized()
15-Dec-2025 18:03:21.612 INFO [main] org.apache.catalina.core.ApplicationContext.log ContextListener: attributeAdded('StockTicker', 'async.Stockticker@2c30c81d')
15-Dec-2025 18:03:22.157 SEVERE [http-nio-8080-exec-1] org.apache.catalina.core.StandardWrapperValve.invoke Servlet.service() for servlet [ServletMenu] in context with path [/ctp-2025] threw exception
	java.lang.NullPointerException: Cannot invoke "String.equals(Object)" because "<local7>" is null
		at ServletMenu.service(ServletMenu.java:39)
		at jakarta.servlet.http.HttpServlet.service(HttpServlet.java:710)
		at org.apache.catalina.core.ApplicationFilterChain.doFilter(ApplicationFilterChain.java:128)
		at org.apache.tomcat.websocket.server.WsFilter.doFilter(WsFilter.java:53)
		at org.apache.catalina.core.ApplicationFilterChain.doFilter(ApplicationFilterChain.java:107)
		at org.apache.catalina.core.StandardWrapperValve.invoke(StandardWrapperValve.java:165)
		at org.apache.catalina.core.StandardContextValve.invoke(StandardContextValve.java:77)
		at org.apache.catalina.authenticator.AuthenticatorBase.invoke(AuthenticatorBase.java:482)
		at org.apache.catalina.core.StandardHostValve.invoke(StandardHostValve.java:113)
		at org.apache.catalina.valves.ErrorReportValve.invoke(ErrorReportValve.java:83)
		at org.apache.catalina.valves.AbstractAccessLogValve.invoke(AbstractAccessLogValve.java:654)
		at org.apache.catalina.core.StandardEngineValve.invoke(StandardEngineValve.java:72)
		at org.apache.catalina.connector.CoyoteAdapter.service(CoyoteAdapter.java:341)
		at org.apache.coyote.http11.Http11Processor.service(Http11Processor.java:397)
		at org.apache.coyote.AbstractProcessorLight.process(AbstractProcessorLight.java:63)
		at org.apache.coyote.AbstractProtocol$ConnectionHandler.process(AbstractProtocol.java:903)
		at org.apache.tomcat.util.net.NioEndpoint$SocketProcessor.doRun(NioEndpoint.java:1778)
		at org.apache.tomcat.util.net.SocketProcessorBase.run(SocketProcessorBase.java:52)
		at org.apache.tomcat.util.threads.ThreadPoolExecutor.runWorker(ThreadPoolExecutor.java:946)
		at org.apache.tomcat.util.threads.ThreadPoolExecutor$Worker.run(ThreadPoolExecutor.java:480)
		at org.apache.tomcat.util.threads.TaskThread$WrappingRunnable.run(TaskThread.java:57)
		at java.base/java.lang.Thread.run(Thread.java:1583)
15-Dec-2025 18:03:22.686 SEVERE [http-nio-8080-exec-2] org.apache.catalina.core.StandardWrapperValve.invoke Servlet.service() for servlet [ServletMenu] in context with path [/ctp-2025] threw exception
	java.lang.NullPointerException: Cannot invoke "String.equals(Object)" because "<local7>" is null
		at ServletMenu.service(ServletMenu.java:39)
		at jakarta.servlet.http.HttpServlet.service(HttpServlet.java:710)
		at org.apache.catalina.core.ApplicationFilterChain.doFilter(ApplicationFilterChain.java:128)
		at org.apache.tomcat.websocket.server.WsFilter.doFilter(WsFilter.java:53)
		at org.apache.catalina.core.ApplicationFilterChain.doFilter(ApplicationFilterChain.java:107)
		at org.apache.catalina.core.StandardWrapperValve.invoke(StandardWrapperValve.java:165)
		at org.apache.catalina.core.StandardContextValve.invoke(StandardContextValve.java:77)
		at org.apache.catalina.authenticator.AuthenticatorBase.invoke(AuthenticatorBase.java:482)
		at org.apache.catalina.core.StandardHostValve.invoke(StandardHostValve.java:113)
		at org.apache.catalina.valves.ErrorReportValve.invoke(ErrorReportValve.java:83)
		at org.apache.catalina.valves.AbstractAccessLogValve.invoke(AbstractAccessLogValve.java:654)
		at org.apache.catalina.core.StandardEngineValve.invoke(StandardEngineValve.java:72)
		at org.apache.catalina.connector.CoyoteAdapter.service(CoyoteAdapter.java:341)
		at org.apache.coyote.http11.Http11Processor.service(Http11Processor.java:397)
		at org.apache.coyote.AbstractProcessorLight.process(AbstractProcessorLight.java:63)
		at org.apache.coyote.AbstractProtocol$ConnectionHandler.process(AbstractProtocol.java:903)
		at org.apache.tomcat.util.net.NioEndpoint$SocketProcessor.doRun(NioEndpoint.java:1778)
		at org.apache.tomcat.util.net.SocketProcessorBase.run(SocketProcessorBase.java:52)
		at org.apache.tomcat.util.threads.ThreadPoolExecutor.runWorker(ThreadPoolExecutor.java:946)
		at org.apache.tomcat.util.threads.ThreadPoolExecutor$Worker.run(ThreadPoolExecutor.java:480)
		at org.apache.tomcat.util.threads.TaskThread$WrappingRunnable.run(TaskThread.java:57)
		at java.base/java.lang.Thread.run(Thread.java:1583)
15-Dec-2025 18:03:22.914 SEVERE [http-nio-8080-exec-3] org.apache.catalina.core.StandardWrapperValve.invoke Servlet.service() for servlet [ServletMenu] in context with path [/ctp-2025] threw exception
	java.lang.NullPointerException: Cannot invoke "String.equals(Object)" because "<local7>" is null
		at ServletMenu.service(ServletMenu.java:39)
		at jakarta.servlet.http.HttpServlet.service(HttpServlet.java:710)
		at org.apache.catalina.core.ApplicationFilterChain.doFilter(ApplicationFilterChain.java:128)
		at org.apache.tomcat.websocket.server.WsFilter.doFilter(WsFilter.java:53)
		at org.apache.catalina.core.ApplicationFilterChain.doFilter(ApplicationFilterChain.java:107)
		at org.apache.catalina.core.StandardWrapperValve.invoke(StandardWrapperValve.java:165)
		at org.apache.catalina.core.StandardContextValve.invoke(StandardContextValve.java:77)
		at org.apache.catalina.authenticator.AuthenticatorBase.invoke(AuthenticatorBase.java:482)
		at org.apache.catalina.core.StandardHostValve.invoke(StandardHostValve.java:113)
		at org.apache.catalina.valves.ErrorReportValve.invoke(ErrorReportValve.java:83)
		at org.apache.catalina.valves.AbstractAccessLogValve.invoke(AbstractAccessLogValve.java:654)
		at org.apache.catalina.core.StandardEngineValve.invoke(StandardEngineValve.java:72)
		at org.apache.catalina.connector.CoyoteAdapter.service(CoyoteAdapter.java:341)
		at org.apache.coyote.http11.Http11Processor.service(Http11Processor.java:397)
		at org.apache.coyote.AbstractProcessorLight.process(AbstractProcessorLight.java:63)
		at org.apache.coyote.AbstractProtocol$ConnectionHandler.process(AbstractProtocol.java:903)
		at org.apache.tomcat.util.net.NioEndpoint$SocketProcessor.doRun(NioEndpoint.java:1778)
		at org.apache.tomcat.util.net.SocketProcessorBase.run(SocketProcessorBase.java:52)
		at org.apache.tomcat.util.threads.ThreadPoolExecutor.runWorker(ThreadPoolExecutor.java:946)
		at org.apache.tomcat.util.threads.ThreadPoolExecutor$Worker.run(ThreadPoolExecutor.java:480)
		at org.apache.tomcat.util.threads.TaskThread$WrappingRunnable.run(TaskThread.java:57)
		at java.base/java.lang.Thread.run(Thread.java:1583)
15-Dec-2025 18:03:23.131 SEVERE [http-nio-8080-exec-7] org.apache.catalina.core.StandardWrapperValve.invoke Servlet.service() for servlet [ServletMenu] in context with path [/ctp-2025] threw exception
	java.lang.NullPointerException: Cannot invoke "String.equals(Object)" because "<local7>" is null
		at ServletMenu.service(ServletMenu.java:39)
		at jakarta.servlet.http.HttpServlet.service(HttpServlet.java:710)
		at org.apache.catalina.core.ApplicationFilterChain.doFilter(ApplicationFilterChain.java:128)
		at org.apache.tomcat.websocket.server.WsFilter.doFilter(WsFilter.java:53)
		at org.apache.catalina.core.ApplicationFilterChain.doFilter(ApplicationFilterChain.java:107)
		at org.apache.catalina.core.StandardWrapperValve.invoke(StandardWrapperValve.java:165)
		at org.apache.catalina.core.StandardContextValve.invoke(StandardContextValve.java:77)
		at org.apache.catalina.authenticator.AuthenticatorBase.invoke(AuthenticatorBase.java:482)
		at org.apache.catalina.core.StandardHostValve.invoke(StandardHostValve.java:113)
		at org.apache.catalina.valves.ErrorReportValve.invoke(ErrorReportValve.java:83)
		at org.apache.catalina.valves.AbstractAccessLogValve.invoke(AbstractAccessLogValve.java:654)
		at org.apache.catalina.core.StandardEngineValve.invoke(StandardEngineValve.java:72)
		at org.apache.catalina.connector.CoyoteAdapter.service(CoyoteAdapter.java:341)
		at org.apache.coyote.http11.Http11Processor.service(Http11Processor.java:397)
		at org.apache.coyote.AbstractProcessorLight.process(AbstractProcessorLight.java:63)
		at org.apache.coyote.AbstractProtocol$ConnectionHandler.process(AbstractProtocol.java:903)
		at org.apache.tomcat.util.net.NioEndpoint$SocketProcessor.doRun(NioEndpoint.java:1778)
		at org.apache.tomcat.util.net.SocketProcessorBase.run(SocketProcessorBase.java:52)
		at org.apache.tomcat.util.threads.ThreadPoolExecutor.runWorker(ThreadPoolExecutor.java:946)
		at org.apache.tomcat.util.threads.ThreadPoolExecutor$Worker.run(ThreadPoolExecutor.java:480)
		at org.apache.tomcat.util.threads.TaskThread$WrappingRunnable.run(TaskThread.java:57)
		at java.base/java.lang.Thread.run(Thread.java:1583)
15-Dec-2025 18:03:23.345 SEVERE [http-nio-8080-exec-6] org.apache.catalina.core.StandardWrapperValve.invoke Servlet.service() for servlet [ServletMenu] in context with path [/ctp-2025] threw exception
	java.lang.NullPointerException: Cannot invoke "String.equals(Object)" because "<local7>" is null
		at ServletMenu.service(ServletMenu.java:39)
		at jakarta.servlet.http.HttpServlet.service(HttpServlet.java:710)
		at org.apache.catalina.core.ApplicationFilterChain.doFilter(ApplicationFilterChain.java:128)
		at org.apache.tomcat.websocket.server.WsFilter.doFilter(WsFilter.java:53)
		at org.apache.catalina.core.ApplicationFilterChain.doFilter(ApplicationFilterChain.java:107)
		at org.apache.catalina.core.StandardWrapperValve.invoke(StandardWrapperValve.java:165)
		at org.apache.catalina.core.StandardContextValve.invoke(StandardContextValve.java:77)
		at org.apache.catalina.authenticator.AuthenticatorBase.invoke(AuthenticatorBase.java:482)
		at org.apache.catalina.core.StandardHostValve.invoke(StandardHostValve.java:113)
		at org.apache.catalina.valves.ErrorReportValve.invoke(ErrorReportValve.java:83)
		at org.apache.catalina.valves.AbstractAccessLogValve.invoke(AbstractAccessLogValve.java:654)
		at org.apache.catalina.core.StandardEngineValve.invoke(StandardEngineValve.java:72)
		at org.apache.catalina.connector.CoyoteAdapter.service(CoyoteAdapter.java:341)
		at org.apache.coyote.http11.Http11Processor.service(Http11Processor.java:397)
		at org.apache.coyote.AbstractProcessorLight.process(AbstractProcessorLight.java:63)
		at org.apache.coyote.AbstractProtocol$ConnectionHandler.process(AbstractProtocol.java:903)
		at org.apache.tomcat.util.net.NioEndpoint$SocketProcessor.doRun(NioEndpoint.java:1778)
		at org.apache.tomcat.util.net.SocketProcessorBase.run(SocketProcessorBase.java:52)
		at org.apache.tomcat.util.threads.ThreadPoolExecutor.runWorker(ThreadPoolExecutor.java:946)
		at org.apache.tomcat.util.threads.ThreadPoolExecutor$Worker.run(ThreadPoolExecutor.java:480)
		at org.apache.tomcat.util.threads.TaskThread$WrappingRunnable.run(TaskThread.java:57)
		at java.base/java.lang.Thread.run(Thread.java:1583)
15-Dec-2025 18:03:23.538 SEVERE [http-nio-8080-exec-9] org.apache.catalina.core.StandardWrapperValve.invoke Servlet.service() for servlet [ServletMenu] in context with path [/ctp-2025] threw exception
	java.lang.NullPointerException: Cannot invoke "String.equals(Object)" because "<local7>" is null
		at ServletMenu.service(ServletMenu.java:39)
		at jakarta.servlet.http.HttpServlet.service(HttpServlet.java:710)
		at org.apache.catalina.core.ApplicationFilterChain.doFilter(ApplicationFilterChain.java:128)
		at org.apache.tomcat.websocket.server.WsFilter.doFilter(WsFilter.java:53)
		at org.apache.catalina.core.ApplicationFilterChain.doFilter(ApplicationFilterChain.java:107)
		at org.apache.catalina.core.StandardWrapperValve.invoke(StandardWrapperValve.java:165)
		at org.apache.catalina.core.StandardContextValve.invoke(StandardContextValve.java:77)
		at org.apache.catalina.authenticator.AuthenticatorBase.invoke(AuthenticatorBase.java:482)
		at org.apache.catalina.core.StandardHostValve.invoke(StandardHostValve.java:113)
		at org.apache.catalina.valves.ErrorReportValve.invoke(ErrorReportValve.java:83)
		at org.apache.catalina.valves.AbstractAccessLogValve.invoke(AbstractAccessLogValve.java:654)
		at org.apache.catalina.core.StandardEngineValve.invoke(StandardEngineValve.java:72)
		at org.apache.catalina.connector.CoyoteAdapter.service(CoyoteAdapter.java:341)
		at org.apache.coyote.http11.Http11Processor.service(Http11Processor.java:397)
		at org.apache.coyote.AbstractProcessorLight.process(AbstractProcessorLight.java:63)
		at org.apache.coyote.AbstractProtocol$ConnectionHandler.process(AbstractProtocol.java:903)
		at org.apache.tomcat.util.net.NioEndpoint$SocketProcessor.doRun(NioEndpoint.java:1778)
		at org.apache.tomcat.util.net.SocketProcessorBase.run(SocketProcessorBase.java:52)
		at org.apache.tomcat.util.threads.ThreadPoolExecutor.runWorker(ThreadPoolExecutor.java:946)
		at org.apache.tomcat.util.threads.ThreadPoolExecutor$Worker.run(ThreadPoolExecutor.java:480)
		at org.apache.tomcat.util.threads.TaskThread$WrappingRunnable.run(TaskThread.java:57)
		at java.base/java.lang.Thread.run(Thread.java:1583)
15-Dec-2025 18:03:23.746 SEVERE [http-nio-8080-exec-10] org.apache.catalina.core.StandardWrapperValve.invoke Servlet.service() for servlet [ServletMenu] in context with path [/ctp-2025] threw exception
	java.lang.NullPointerException: Cannot invoke "String.equals(Object)" because "<local7>" is null
		at ServletMenu.service(ServletMenu.java:39)
		at jakarta.servlet.http.HttpServlet.service(HttpServlet.java:710)
		at org.apache.catalina.core.ApplicationFilterChain.doFilter(ApplicationFilterChain.java:128)
		at org.apache.tomcat.websocket.server.WsFilter.doFilter(WsFilter.java:53)
		at org.apache.catalina.core.ApplicationFilterChain.doFilter(ApplicationFilterChain.java:107)
		at org.apache.catalina.core.StandardWrapperValve.invoke(StandardWrapperValve.java:165)
		at org.apache.catalina.core.StandardContextValve.invoke(StandardContextValve.java:77)
		at org.apache.catalina.authenticator.AuthenticatorBase.invoke(AuthenticatorBase.java:482)
		at org.apache.catalina.core.StandardHostValve.invoke(StandardHostValve.java:113)
		at org.apache.catalina.valves.ErrorReportValve.invoke(ErrorReportValve.java:83)
		at org.apache.catalina.valves.AbstractAccessLogValve.invoke(AbstractAccessLogValve.java:654)
		at org.apache.catalina.core.StandardEngineValve.invoke(StandardEngineValve.java:72)
		at org.apache.catalina.connector.CoyoteAdapter.service(CoyoteAdapter.java:341)
		at org.apache.coyote.http11.Http11Processor.service(Http11Processor.java:397)
		at org.apache.coyote.AbstractProcessorLight.process(AbstractProcessorLight.java:63)
		at org.apache.coyote.AbstractProtocol$ConnectionHandler.process(AbstractProtocol.java:903)
		at org.apache.tomcat.util.net.NioEndpoint$SocketProcessor.doRun(NioEndpoint.java:1778)
		at org.apache.tomcat.util.net.SocketProcessorBase.run(SocketProcessorBase.java:52)
		at org.apache.tomcat.util.threads.ThreadPoolExecutor.runWorker(ThreadPoolExecutor.java:946)
		at org.apache.tomcat.util.threads.ThreadPoolExecutor$Worker.run(ThreadPoolExecutor.java:480)
		at org.apache.tomcat.util.threads.TaskThread$WrappingRunnable.run(TaskThread.java:57)
		at java.base/java.lang.Thread.run(Thread.java:1583)
15-Dec-2025 18:03:24.242 SEVERE [http-nio-8080-exec-4] org.apache.catalina.core.StandardWrapperValve.invoke Servlet.service() for servlet [ServletMenu] in context with path [/ctp-2025] threw exception
	java.lang.NullPointerException: Cannot invoke "String.equals(Object)" because "<local7>" is null
		at ServletMenu.service(ServletMenu.java:39)
		at jakarta.servlet.http.HttpServlet.service(HttpServlet.java:710)
		at org.apache.catalina.core.ApplicationFilterChain.doFilter(ApplicationFilterChain.java:128)
		at org.apache.tomcat.websocket.server.WsFilter.doFilter(WsFilter.java:53)
		at org.apache.catalina.core.ApplicationFilterChain.doFilter(ApplicationFilterChain.java:107)
		at org.apache.catalina.core.StandardWrapperValve.invoke(StandardWrapperValve.java:165)
		at org.apache.catalina.core.StandardContextValve.invoke(StandardContextValve.java:77)
		at org.apache.catalina.authenticator.AuthenticatorBase.invoke(AuthenticatorBase.java:482)
		at org.apache.catalina.core.StandardHostValve.invoke(StandardHostValve.java:113)
		at org.apache.catalina.valves.ErrorReportValve.invoke(ErrorReportValve.java:83)
		at org.apache.catalina.valves.AbstractAccessLogValve.invoke(AbstractAccessLogValve.java:654)
		at org.apache.catalina.core.StandardEngineValve.invoke(StandardEngineValve.java:72)
		at org.apache.catalina.connector.CoyoteAdapter.service(CoyoteAdapter.java:341)
		at org.apache.coyote.http11.Http11Processor.service(Http11Processor.java:397)
		at org.apache.coyote.AbstractProcessorLight.process(AbstractProcessorLight.java:63)
		at org.apache.coyote.AbstractProtocol$ConnectionHandler.process(AbstractProtocol.java:903)
		at org.apache.tomcat.util.net.NioEndpoint$SocketProcessor.doRun(NioEndpoint.java:1778)
		at org.apache.tomcat.util.net.SocketProcessorBase.run(SocketProcessorBase.java:52)
		at org.apache.tomcat.util.threads.ThreadPoolExecutor.runWorker(ThreadPoolExecutor.java:946)
		at org.apache.tomcat.util.threads.ThreadPoolExecutor$Worker.run(ThreadPoolExecutor.java:480)
		at org.apache.tomcat.util.threads.TaskThread$WrappingRunnable.run(TaskThread.java:57)
		at java.base/java.lang.Thread.run(Thread.java:1583)
15-Dec-2025 18:03:24.545 SEVERE [http-nio-8080-exec-8] org.apache.catalina.core.StandardWrapperValve.invoke Servlet.service() for servlet [ServletMenu] in context with path [/ctp-2025] threw exception
	java.lang.NullPointerException: Cannot invoke "String.equals(Object)" because "<local7>" is null
		at ServletMenu.service(ServletMenu.java:39)
		at jakarta.servlet.http.HttpServlet.service(HttpServlet.java:710)
		at org.apache.catalina.core.ApplicationFilterChain.doFilter(ApplicationFilterChain.java:128)
		at org.apache.tomcat.websocket.server.WsFilter.doFilter(WsFilter.java:53)
		at org.apache.catalina.core.ApplicationFilterChain.doFilter(ApplicationFilterChain.java:107)
		at org.apache.catalina.core.StandardWrapperValve.invoke(StandardWrapperValve.java:165)
		at org.apache.catalina.core.StandardContextValve.invoke(StandardContextValve.java:77)
		at org.apache.catalina.authenticator.AuthenticatorBase.invoke(AuthenticatorBase.java:482)
		at org.apache.catalina.core.StandardHostValve.invoke(StandardHostValve.java:113)
		at org.apache.catalina.valves.ErrorReportValve.invoke(ErrorReportValve.java:83)
		at org.apache.catalina.valves.AbstractAccessLogValve.invoke(AbstractAccessLogValve.java:654)
		at org.apache.catalina.core.StandardEngineValve.invoke(StandardEngineValve.java:72)
		at org.apache.catalina.connector.CoyoteAdapter.service(CoyoteAdapter.java:341)
		at org.apache.coyote.http11.Http11Processor.service(Http11Processor.java:397)
		at org.apache.coyote.AbstractProcessorLight.process(AbstractProcessorLight.java:63)
		at org.apache.coyote.AbstractProtocol$ConnectionHandler.process(AbstractProtocol.java:903)
		at org.apache.tomcat.util.net.NioEndpoint$SocketProcessor.doRun(NioEndpoint.java:1778)
		at org.apache.tomcat.util.net.SocketProcessorBase.run(SocketProcessorBase.java:52)
		at org.apache.tomcat.util.threads.ThreadPoolExecutor.runWorker(ThreadPoolExecutor.java:946)
		at org.apache.tomcat.util.threads.ThreadPoolExecutor$Worker.run(ThreadPoolExecutor.java:480)
		at org.apache.tomcat.util.threads.TaskThread$WrappingRunnable.run(TaskThread.java:57)
		at java.base/java.lang.Thread.run(Thread.java:1583)
15-Dec-2025 18:03:46.742 INFO [Thread-1] org.apache.catalina.core.ApplicationContext.log SessionListener: contextDestroyed()
15-Dec-2025 18:03:46.742 INFO [Thread-1] org.apache.catalina.core.ApplicationContext.log ContextListener: contextDestroyed()
15-Dec-2025 18:03:48.518 INFO [main] org.apache.catalina.core.ApplicationContext.log ContextListener: contextInitialized()
15-Dec-2025 18:03:48.518 INFO [main] org.apache.catalina.core.ApplicationContext.log SessionListener: contextInitialized()
15-Dec-2025 18:03:48.519 INFO [main] org.apache.catalina.core.ApplicationContext.log ContextListener: attributeAdded('StockTicker', 'async.Stockticker@2c30c81d')
15-Dec-2025 18:05:25.348 INFO [Thread-1] org.apache.catalina.core.ApplicationContext.log SessionListener: contextDestroyed()
15-Dec-2025 18:05:25.348 INFO [Thread-1] org.apache.catalina.core.ApplicationContext.log ContextListener: contextDestroyed()
15-Dec-2025 18:05:27.192 INFO [main] org.apache.catalina.core.ApplicationContext.log ContextListener: contextInitialized()
15-Dec-2025 18:05:27.192 INFO [main] org.apache.catalina.core.ApplicationContext.log SessionListener: contextInitialized()
15-Dec-2025 18:05:27.193 INFO [main] org.apache.catalina.core.ApplicationContext.log ContextListener: attributeAdded('StockTicker', 'async.Stockticker@2c30c81d')
15-Dec-2025 18:05:31.813 SEVERE [http-nio-8080-exec-2] org.apache.catalina.core.StandardWrapperValve.invoke Servlet.service() for servlet [ServletMenu] in context with path [/ctp-2025] threw exception
	java.lang.NullPointerException: Cannot invoke "String.equals(Object)" because "<local7>" is null
		at ServletMenu.service(ServletMenu.java:39)
		at jakarta.servlet.http.HttpServlet.service(HttpServlet.java:710)
		at org.apache.catalina.core.ApplicationFilterChain.doFilter(ApplicationFilterChain.java:128)
		at org.apache.tomcat.websocket.server.WsFilter.doFilter(WsFilter.java:53)
		at org.apache.catalina.core.ApplicationFilterChain.doFilter(ApplicationFilterChain.java:107)
		at org.apache.catalina.core.StandardWrapperValve.invoke(StandardWrapperValve.java:165)
		at org.apache.catalina.core.StandardContextValve.invoke(StandardContextValve.java:77)
		at org.apache.catalina.authenticator.AuthenticatorBase.invoke(AuthenticatorBase.java:482)
		at org.apache.catalina.core.StandardHostValve.invoke(StandardHostValve.java:113)
		at org.apache.catalina.valves.ErrorReportValve.invoke(ErrorReportValve.java:83)
		at org.apache.catalina.valves.AbstractAccessLogValve.invoke(AbstractAccessLogValve.java:654)
		at org.apache.catalina.core.StandardEngineValve.invoke(StandardEngineValve.java:72)
		at org.apache.catalina.connector.CoyoteAdapter.service(CoyoteAdapter.java:341)
		at org.apache.coyote.http11.Http11Processor.service(Http11Processor.java:397)
		at org.apache.coyote.AbstractProcessorLight.process(AbstractProcessorLight.java:63)
		at org.apache.coyote.AbstractProtocol$ConnectionHandler.process(AbstractProtocol.java:903)
		at org.apache.tomcat.util.net.NioEndpoint$SocketProcessor.doRun(NioEndpoint.java:1778)
		at org.apache.tomcat.util.net.SocketProcessorBase.run(SocketProcessorBase.java:52)
		at org.apache.tomcat.util.threads.ThreadPoolExecutor.runWorker(ThreadPoolExecutor.java:946)
		at org.apache.tomcat.util.threads.ThreadPoolExecutor$Worker.run(ThreadPoolExecutor.java:480)
		at org.apache.tomcat.util.threads.TaskThread$WrappingRunnable.run(TaskThread.java:57)
		at java.base/java.lang.Thread.run(Thread.java:1583)
15-Dec-2025 18:06:07.470 INFO [Thread-1] org.apache.catalina.core.ApplicationContext.log SessionListener: contextDestroyed()
15-Dec-2025 18:06:07.470 INFO [Thread-1] org.apache.catalina.core.ApplicationContext.log ContextListener: contextDestroyed()
15-Dec-2025 18:06:09.343 INFO [main] org.apache.catalina.core.ApplicationContext.log ContextListener: contextInitialized()
15-Dec-2025 18:06:09.343 INFO [main] org.apache.catalina.core.ApplicationContext.log SessionListener: contextInitialized()
15-Dec-2025 18:06:09.343 INFO [main] org.apache.catalina.core.ApplicationContext.log ContextListener: attributeAdded('StockTicker', 'async.Stockticker@2c30c81d')
15-Dec-2025 18:06:13.702 SEVERE [http-nio-8080-exec-7] org.apache.catalina.core.StandardWrapperValve.invoke Servlet.service() for servlet [ServletMenu] in context with path [/ctp-2025] threw exception
	java.lang.NullPointerException: Cannot invoke "String.equals(Object)" because "<local7>" is null
		at ServletMenu.service(ServletMenu.java:39)
		at jakarta.servlet.http.HttpServlet.service(HttpServlet.java:710)
		at org.apache.catalina.core.ApplicationFilterChain.doFilter(ApplicationFilterChain.java:128)
		at org.apache.tomcat.websocket.server.WsFilter.doFilter(WsFilter.java:53)
		at org.apache.catalina.core.ApplicationFilterChain.doFilter(ApplicationFilterChain.java:107)
		at org.apache.catalina.core.StandardWrapperValve.invoke(StandardWrapperValve.java:165)
		at org.apache.catalina.core.StandardContextValve.invoke(StandardContextValve.java:77)
		at org.apache.catalina.authenticator.AuthenticatorBase.invoke(AuthenticatorBase.java:482)
		at org.apache.catalina.core.StandardHostValve.invoke(StandardHostValve.java:113)
		at org.apache.catalina.valves.ErrorReportValve.invoke(ErrorReportValve.java:83)
		at org.apache.catalina.valves.AbstractAccessLogValve.invoke(AbstractAccessLogValve.java:654)
		at org.apache.catalina.core.StandardEngineValve.invoke(StandardEngineValve.java:72)
		at org.apache.catalina.connector.CoyoteAdapter.service(CoyoteAdapter.java:341)
		at org.apache.coyote.http11.Http11Processor.service(Http11Processor.java:397)
		at org.apache.coyote.AbstractProcessorLight.process(AbstractProcessorLight.java:63)
		at org.apache.coyote.AbstractProtocol$ConnectionHandler.process(AbstractProtocol.java:903)
		at org.apache.tomcat.util.net.NioEndpoint$SocketProcessor.doRun(NioEndpoint.java:1778)
		at org.apache.tomcat.util.net.SocketProcessorBase.run(SocketProcessorBase.java:52)
		at org.apache.tomcat.util.threads.ThreadPoolExecutor.runWorker(ThreadPoolExecutor.java:946)
		at org.apache.tomcat.util.threads.ThreadPoolExecutor$Worker.run(ThreadPoolExecutor.java:480)
		at org.apache.tomcat.util.threads.TaskThread$WrappingRunnable.run(TaskThread.java:57)
		at java.base/java.lang.Thread.run(Thread.java:1583)
15-Dec-2025 18:06:25.642 SEVERE [http-nio-8080-exec-3] org.apache.catalina.core.StandardWrapperValve.invoke Servlet.service() for servlet [ServletMenu] in context with path [/ctp-2025] threw exception
	java.lang.NullPointerException: Cannot invoke "String.equals(Object)" because "<local7>" is null
		at ServletMenu.service(ServletMenu.java:39)
		at jakarta.servlet.http.HttpServlet.service(HttpServlet.java:710)
		at org.apache.catalina.core.ApplicationFilterChain.doFilter(ApplicationFilterChain.java:128)
		at org.apache.tomcat.websocket.server.WsFilter.doFilter(WsFilter.java:53)
		at org.apache.catalina.core.ApplicationFilterChain.doFilter(ApplicationFilterChain.java:107)
		at org.apache.catalina.core.StandardWrapperValve.invoke(StandardWrapperValve.java:165)
		at org.apache.catalina.core.StandardContextValve.invoke(StandardContextValve.java:77)
		at org.apache.catalina.authenticator.AuthenticatorBase.invoke(AuthenticatorBase.java:482)
		at org.apache.catalina.core.StandardHostValve.invoke(StandardHostValve.java:113)
		at org.apache.catalina.valves.ErrorReportValve.invoke(ErrorReportValve.java:83)
		at org.apache.catalina.valves.AbstractAccessLogValve.invoke(AbstractAccessLogValve.java:654)
		at org.apache.catalina.core.StandardEngineValve.invoke(StandardEngineValve.java:72)
		at org.apache.catalina.connector.CoyoteAdapter.service(CoyoteAdapter.java:341)
		at org.apache.coyote.http11.Http11Processor.service(Http11Processor.java:397)
		at org.apache.coyote.AbstractProcessorLight.process(AbstractProcessorLight.java:63)
		at org.apache.coyote.AbstractProtocol$ConnectionHandler.process(AbstractProtocol.java:903)
		at org.apache.tomcat.util.net.NioEndpoint$SocketProcessor.doRun(NioEndpoint.java:1778)
		at org.apache.tomcat.util.net.SocketProcessorBase.run(SocketProcessorBase.java:52)
		at org.apache.tomcat.util.threads.ThreadPoolExecutor.runWorker(ThreadPoolExecutor.java:946)
		at org.apache.tomcat.util.threads.ThreadPoolExecutor$Worker.run(ThreadPoolExecutor.java:480)
		at org.apache.tomcat.util.threads.TaskThread$WrappingRunnable.run(TaskThread.java:57)
		at java.base/java.lang.Thread.run(Thread.java:1583)
15-Dec-2025 18:07:12.324 INFO [Thread-1] org.apache.catalina.core.ApplicationContext.log SessionListener: contextDestroyed()
15-Dec-2025 18:07:12.324 INFO [Thread-1] org.apache.catalina.core.ApplicationContext.log ContextListener: contextDestroyed()
15-Dec-2025 18:07:14.232 INFO [main] org.apache.catalina.core.ApplicationContext.log ContextListener: contextInitialized()
15-Dec-2025 18:07:14.233 INFO [main] org.apache.catalina.core.ApplicationContext.log SessionListener: contextInitialized()
15-Dec-2025 18:07:14.234 INFO [main] org.apache.catalina.core.ApplicationContext.log ContextListener: attributeAdded('StockTicker', 'async.Stockticker@2c30c81d')
15-Dec-2025 18:07:14.603 SEVERE [http-nio-8080-exec-1] org.apache.catalina.core.StandardWrapperValve.invoke Servlet.service() for servlet [ServletMenu] in context with path [/ctp-2025] threw exception
	java.lang.NullPointerException: Cannot invoke "String.equals(Object)" because "<local7>" is null
		at ServletMenu.service(ServletMenu.java:39)
		at jakarta.servlet.http.HttpServlet.service(HttpServlet.java:710)
		at org.apache.catalina.core.ApplicationFilterChain.doFilter(ApplicationFilterChain.java:128)
		at org.apache.tomcat.websocket.server.WsFilter.doFilter(WsFilter.java:53)
		at org.apache.catalina.core.ApplicationFilterChain.doFilter(ApplicationFilterChain.java:107)
		at org.apache.catalina.core.StandardWrapperValve.invoke(StandardWrapperValve.java:165)
		at org.apache.catalina.core.StandardContextValve.invoke(StandardContextValve.java:77)
		at org.apache.catalina.authenticator.AuthenticatorBase.invoke(AuthenticatorBase.java:482)
		at org.apache.catalina.core.StandardHostValve.invoke(StandardHostValve.java:113)
		at org.apache.catalina.valves.ErrorReportValve.invoke(ErrorReportValve.java:83)
		at org.apache.catalina.valves.AbstractAccessLogValve.invoke(AbstractAccessLogValve.java:654)
		at org.apache.catalina.core.StandardEngineValve.invoke(StandardEngineValve.java:72)
		at org.apache.catalina.connector.CoyoteAdapter.service(CoyoteAdapter.java:341)
		at org.apache.coyote.http11.Http11Processor.service(Http11Processor.java:397)
		at org.apache.coyote.AbstractProcessorLight.process(AbstractProcessorLight.java:63)
		at org.apache.coyote.AbstractProtocol$ConnectionHandler.process(AbstractProtocol.java:903)
		at org.apache.tomcat.util.net.NioEndpoint$SocketProcessor.doRun(NioEndpoint.java:1778)
		at org.apache.tomcat.util.net.SocketProcessorBase.run(SocketProcessorBase.java:52)
		at org.apache.tomcat.util.threads.ThreadPoolExecutor.runWorker(ThreadPoolExecutor.java:946)
		at org.apache.tomcat.util.threads.ThreadPoolExecutor$Worker.run(ThreadPoolExecutor.java:480)
		at org.apache.tomcat.util.threads.TaskThread$WrappingRunnable.run(TaskThread.java:57)
		at java.base/java.lang.Thread.run(Thread.java:1583)
15-Dec-2025 18:07:15.245 SEVERE [http-nio-8080-exec-2] org.apache.catalina.core.StandardWrapperValve.invoke Servlet.service() for servlet [ServletMenu] in context with path [/ctp-2025] threw exception
	java.lang.NullPointerException: Cannot invoke "String.equals(Object)" because "<local7>" is null
		at ServletMenu.service(ServletMenu.java:39)
		at jakarta.servlet.http.HttpServlet.service(HttpServlet.java:710)
		at org.apache.catalina.core.ApplicationFilterChain.doFilter(ApplicationFilterChain.java:128)
		at org.apache.tomcat.websocket.server.WsFilter.doFilter(WsFilter.java:53)
		at org.apache.catalina.core.ApplicationFilterChain.doFilter(ApplicationFilterChain.java:107)
		at org.apache.catalina.core.StandardWrapperValve.invoke(StandardWrapperValve.java:165)
		at org.apache.catalina.core.StandardContextValve.invoke(StandardContextValve.java:77)
		at org.apache.catalina.authenticator.AuthenticatorBase.invoke(AuthenticatorBase.java:482)
		at org.apache.catalina.core.StandardHostValve.invoke(StandardHostValve.java:113)
		at org.apache.catalina.valves.ErrorReportValve.invoke(ErrorReportValve.java:83)
		at org.apache.catalina.valves.AbstractAccessLogValve.invoke(AbstractAccessLogValve.java:654)
		at org.apache.catalina.core.StandardEngineValve.invoke(StandardEngineValve.java:72)
		at org.apache.catalina.connector.CoyoteAdapter.service(CoyoteAdapter.java:341)
		at org.apache.coyote.http11.Http11Processor.service(Http11Processor.java:397)
		at org.apache.coyote.AbstractProcessorLight.process(AbstractProcessorLight.java:63)
		at org.apache.coyote.AbstractProtocol$ConnectionHandler.process(AbstractProtocol.java:903)
		at org.apache.tomcat.util.net.NioEndpoint$SocketProcessor.doRun(NioEndpoint.java:1778)
		at org.apache.tomcat.util.net.SocketProcessorBase.run(SocketProcessorBase.java:52)
		at org.apache.tomcat.util.threads.ThreadPoolExecutor.runWorker(ThreadPoolExecutor.java:946)
		at org.apache.tomcat.util.threads.ThreadPoolExecutor$Worker.run(ThreadPoolExecutor.java:480)
		at org.apache.tomcat.util.threads.TaskThread$WrappingRunnable.run(TaskThread.java:57)
		at java.base/java.lang.Thread.run(Thread.java:1583)
15-Dec-2025 18:07:15.558 SEVERE [http-nio-8080-exec-3] org.apache.catalina.core.StandardWrapperValve.invoke Servlet.service() for servlet [ServletMenu] in context with path [/ctp-2025] threw exception
	java.lang.NullPointerException: Cannot invoke "String.equals(Object)" because "<local7>" is null
		at ServletMenu.service(ServletMenu.java:39)
		at jakarta.servlet.http.HttpServlet.service(HttpServlet.java:710)
		at org.apache.catalina.core.ApplicationFilterChain.doFilter(ApplicationFilterChain.java:128)
		at org.apache.tomcat.websocket.server.WsFilter.doFilter(WsFilter.java:53)
		at org.apache.catalina.core.ApplicationFilterChain.doFilter(ApplicationFilterChain.java:107)
		at org.apache.catalina.core.StandardWrapperValve.invoke(StandardWrapperValve.java:165)
		at org.apache.catalina.core.StandardContextValve.invoke(StandardContextValve.java:77)
		at org.apache.catalina.authenticator.AuthenticatorBase.invoke(AuthenticatorBase.java:482)
		at org.apache.catalina.core.StandardHostValve.invoke(StandardHostValve.java:113)
		at org.apache.catalina.valves.ErrorReportValve.invoke(ErrorReportValve.java:83)
		at org.apache.catalina.valves.AbstractAccessLogValve.invoke(AbstractAccessLogValve.java:654)
		at org.apache.catalina.core.StandardEngineValve.invoke(StandardEngineValve.java:72)
		at org.apache.catalina.connector.CoyoteAdapter.service(CoyoteAdapter.java:341)
		at org.apache.coyote.http11.Http11Processor.service(Http11Processor.java:397)
		at org.apache.coyote.AbstractProcessorLight.process(AbstractProcessorLight.java:63)
		at org.apache.coyote.AbstractProtocol$ConnectionHandler.process(AbstractProtocol.java:903)
		at org.apache.tomcat.util.net.NioEndpoint$SocketProcessor.doRun(NioEndpoint.java:1778)
		at org.apache.tomcat.util.net.SocketProcessorBase.run(SocketProcessorBase.java:52)
		at org.apache.tomcat.util.threads.ThreadPoolExecutor.runWorker(ThreadPoolExecutor.java:946)
		at org.apache.tomcat.util.threads.ThreadPoolExecutor$Worker.run(ThreadPoolExecutor.java:480)
		at org.apache.tomcat.util.threads.TaskThread$WrappingRunnable.run(TaskThread.java:57)
		at java.base/java.lang.Thread.run(Thread.java:1583)
15-Dec-2025 18:07:20.230 SEVERE [http-nio-8080-exec-8] org.apache.catalina.core.StandardWrapperValve.invoke Servlet.service() for servlet [ServletMenu] in context with path [/ctp-2025] threw exception
	java.lang.NullPointerException: Cannot invoke "String.equals(Object)" because "<local7>" is null
		at ServletMenu.service(ServletMenu.java:39)
		at jakarta.servlet.http.HttpServlet.service(HttpServlet.java:710)
		at org.apache.catalina.core.ApplicationFilterChain.doFilter(ApplicationFilterChain.java:128)
		at org.apache.tomcat.websocket.server.WsFilter.doFilter(WsFilter.java:53)
		at org.apache.catalina.core.ApplicationFilterChain.doFilter(ApplicationFilterChain.java:107)
		at org.apache.catalina.core.StandardWrapperValve.invoke(StandardWrapperValve.java:165)
		at org.apache.catalina.core.StandardContextValve.invoke(StandardContextValve.java:77)
		at org.apache.catalina.authenticator.AuthenticatorBase.invoke(AuthenticatorBase.java:482)
		at org.apache.catalina.core.StandardHostValve.invoke(StandardHostValve.java:113)
		at org.apache.catalina.valves.ErrorReportValve.invoke(ErrorReportValve.java:83)
		at org.apache.catalina.valves.AbstractAccessLogValve.invoke(AbstractAccessLogValve.java:654)
		at org.apache.catalina.core.StandardEngineValve.invoke(StandardEngineValve.java:72)
		at org.apache.catalina.connector.CoyoteAdapter.service(CoyoteAdapter.java:341)
		at org.apache.coyote.http11.Http11Processor.service(Http11Processor.java:397)
		at org.apache.coyote.AbstractProcessorLight.process(AbstractProcessorLight.java:63)
		at org.apache.coyote.AbstractProtocol$ConnectionHandler.process(AbstractProtocol.java:903)
		at org.apache.tomcat.util.net.NioEndpoint$SocketProcessor.doRun(NioEndpoint.java:1778)
		at org.apache.tomcat.util.net.SocketProcessorBase.run(SocketProcessorBase.java:52)
		at org.apache.tomcat.util.threads.ThreadPoolExecutor.runWorker(ThreadPoolExecutor.java:946)
		at org.apache.tomcat.util.threads.ThreadPoolExecutor$Worker.run(ThreadPoolExecutor.java:480)
		at org.apache.tomcat.util.threads.TaskThread$WrappingRunnable.run(TaskThread.java:57)
		at java.base/java.lang.Thread.run(Thread.java:1583)
15-Dec-2025 18:07:37.682 SEVERE [http-nio-8080-exec-4] org.apache.catalina.core.StandardWrapperValve.invoke Servlet.service() for servlet [ServletMenu] in context with path [/ctp-2025] threw exception
	java.lang.NullPointerException: Cannot invoke "String.equals(Object)" because "<local7>" is null
		at ServletMenu.service(ServletMenu.java:39)
		at jakarta.servlet.http.HttpServlet.service(HttpServlet.java:710)
		at org.apache.catalina.core.ApplicationFilterChain.doFilter(ApplicationFilterChain.java:128)
		at org.apache.tomcat.websocket.server.WsFilter.doFilter(WsFilter.java:53)
		at org.apache.catalina.core.ApplicationFilterChain.doFilter(ApplicationFilterChain.java:107)
		at org.apache.catalina.core.StandardWrapperValve.invoke(StandardWrapperValve.java:165)
		at org.apache.catalina.core.StandardContextValve.invoke(StandardContextValve.java:77)
		at org.apache.catalina.authenticator.AuthenticatorBase.invoke(AuthenticatorBase.java:482)
		at org.apache.catalina.core.StandardHostValve.invoke(StandardHostValve.java:113)
		at org.apache.catalina.valves.ErrorReportValve.invoke(ErrorReportValve.java:83)
		at org.apache.catalina.valves.AbstractAccessLogValve.invoke(AbstractAccessLogValve.java:654)
		at org.apache.catalina.core.StandardEngineValve.invoke(StandardEngineValve.java:72)
		at org.apache.catalina.connector.CoyoteAdapter.service(CoyoteAdapter.java:341)
		at org.apache.coyote.http11.Http11Processor.service(Http11Processor.java:397)
		at org.apache.coyote.AbstractProcessorLight.process(AbstractProcessorLight.java:63)
		at org.apache.coyote.AbstractProtocol$ConnectionHandler.process(AbstractProtocol.java:903)
		at org.apache.tomcat.util.net.NioEndpoint$SocketProcessor.doRun(NioEndpoint.java:1778)
		at org.apache.tomcat.util.net.SocketProcessorBase.run(SocketProcessorBase.java:52)
		at org.apache.tomcat.util.threads.ThreadPoolExecutor.runWorker(ThreadPoolExecutor.java:946)
		at org.apache.tomcat.util.threads.ThreadPoolExecutor$Worker.run(ThreadPoolExecutor.java:480)
		at org.apache.tomcat.util.threads.TaskThread$WrappingRunnable.run(TaskThread.java:57)
		at java.base/java.lang.Thread.run(Thread.java:1583)
15-Dec-2025 18:07:47.312 INFO [Thread-1] org.apache.catalina.core.ApplicationContext.log SessionListener: contextDestroyed()
15-Dec-2025 18:07:47.312 INFO [Thread-1] org.apache.catalina.core.ApplicationContext.log ContextListener: contextDestroyed()
15-Dec-2025 18:07:49.171 INFO [main] org.apache.catalina.core.ApplicationContext.log ContextListener: contextInitialized()
15-Dec-2025 18:07:49.172 INFO [main] org.apache.catalina.core.ApplicationContext.log SessionListener: contextInitialized()
15-Dec-2025 18:07:49.173 INFO [main] org.apache.catalina.core.ApplicationContext.log ContextListener: attributeAdded('StockTicker', 'async.Stockticker@2c30c81d')
15-Dec-2025 18:07:50.764 SEVERE [http-nio-8080-exec-1] org.apache.catalina.core.StandardWrapperValve.invoke Servlet.service() for servlet [ServletMenu] in context with path [/ctp-2025] threw exception
	java.lang.IllegalStateException: Cannot create a session after the response has been committed
		at org.apache.catalina.connector.Request.doGetSession(Request.java:2708)
		at org.apache.catalina.connector.Request.getSession(Request.java:2153)
		at org.apache.catalina.connector.RequestFacade.getSession(RequestFacade.java:407)
		at ServletMenu.service(ServletMenu.java:29)
		at jakarta.servlet.http.HttpServlet.service(HttpServlet.java:710)
		at org.apache.catalina.core.ApplicationFilterChain.doFilter(ApplicationFilterChain.java:128)
		at org.apache.tomcat.websocket.server.WsFilter.doFilter(WsFilter.java:53)
		at org.apache.catalina.core.ApplicationFilterChain.doFilter(ApplicationFilterChain.java:107)
		at org.apache.catalina.core.StandardWrapperValve.invoke(StandardWrapperValve.java:165)
		at org.apache.catalina.core.StandardContextValve.invoke(StandardContextValve.java:77)
		at org.apache.catalina.authenticator.AuthenticatorBase.invoke(AuthenticatorBase.java:482)
		at org.apache.catalina.core.StandardHostValve.invoke(StandardHostValve.java:113)
		at org.apache.catalina.valves.ErrorReportValve.invoke(ErrorReportValve.java:83)
		at org.apache.catalina.valves.AbstractAccessLogValve.invoke(AbstractAccessLogValve.java:654)
		at org.apache.catalina.core.StandardEngineValve.invoke(StandardEngineValve.java:72)
		at org.apache.catalina.connector.CoyoteAdapter.service(CoyoteAdapter.java:341)
		at org.apache.coyote.http11.Http11Processor.service(Http11Processor.java:397)
		at org.apache.coyote.AbstractProcessorLight.process(AbstractProcessorLight.java:63)
		at org.apache.coyote.AbstractProtocol$ConnectionHandler.process(AbstractProtocol.java:903)
		at org.apache.tomcat.util.net.NioEndpoint$SocketProcessor.doRun(NioEndpoint.java:1778)
		at org.apache.tomcat.util.net.SocketProcessorBase.run(SocketProcessorBase.java:52)
		at org.apache.tomcat.util.threads.ThreadPoolExecutor.runWorker(ThreadPoolExecutor.java:946)
		at org.apache.tomcat.util.threads.ThreadPoolExecutor$Worker.run(ThreadPoolExecutor.java:480)
		at org.apache.tomcat.util.threads.TaskThread$WrappingRunnable.run(TaskThread.java:57)
		at java.base/java.lang.Thread.run(Thread.java:1583)
15-Dec-2025 18:07:51.422 SEVERE [http-nio-8080-exec-5] org.apache.catalina.core.StandardWrapperValve.invoke Servlet.service() for servlet [ServletMenu] in context with path [/ctp-2025] threw exception
	java.lang.IllegalStateException: Cannot create a session after the response has been committed
		at org.apache.catalina.connector.Request.doGetSession(Request.java:2708)
		at org.apache.catalina.connector.Request.getSession(Request.java:2153)
		at org.apache.catalina.connector.RequestFacade.getSession(RequestFacade.java:407)
		at ServletMenu.service(ServletMenu.java:29)
		at jakarta.servlet.http.HttpServlet.service(HttpServlet.java:710)
		at org.apache.catalina.core.ApplicationFilterChain.doFilter(ApplicationFilterChain.java:128)
		at org.apache.tomcat.websocket.server.WsFilter.doFilter(WsFilter.java:53)
		at org.apache.catalina.core.ApplicationFilterChain.doFilter(ApplicationFilterChain.java:107)
		at org.apache.catalina.core.StandardWrapperValve.invoke(StandardWrapperValve.java:165)
		at org.apache.catalina.core.StandardContextValve.invoke(StandardContextValve.java:77)
		at org.apache.catalina.authenticator.AuthenticatorBase.invoke(AuthenticatorBase.java:482)
		at org.apache.catalina.core.StandardHostValve.invoke(StandardHostValve.java:113)
		at org.apache.catalina.valves.ErrorReportValve.invoke(ErrorReportValve.java:83)
		at org.apache.catalina.valves.AbstractAccessLogValve.invoke(AbstractAccessLogValve.java:654)
		at org.apache.catalina.core.StandardEngineValve.invoke(StandardEngineValve.java:72)
		at org.apache.catalina.connector.CoyoteAdapter.service(CoyoteAdapter.java:341)
		at org.apache.coyote.http11.Http11Processor.service(Http11Processor.java:397)
		at org.apache.coyote.AbstractProcessorLight.process(AbstractProcessorLight.java:63)
		at org.apache.coyote.AbstractProtocol$ConnectionHandler.process(AbstractProtocol.java:903)
		at org.apache.tomcat.util.net.NioEndpoint$SocketProcessor.doRun(NioEndpoint.java:1778)
		at org.apache.tomcat.util.net.SocketProcessorBase.run(SocketProcessorBase.java:52)
		at org.apache.tomcat.util.threads.ThreadPoolExecutor.runWorker(ThreadPoolExecutor.java:946)
		at org.apache.tomcat.util.threads.ThreadPoolExecutor$Worker.run(ThreadPoolExecutor.java:480)
		at org.apache.tomcat.util.threads.TaskThread$WrappingRunnable.run(TaskThread.java:57)
		at java.base/java.lang.Thread.run(Thread.java:1583)
15-Dec-2025 18:07:53.949 SEVERE [http-nio-8080-exec-9] org.apache.catalina.core.StandardWrapperValve.invoke Servlet.service() for servlet [ServletMenu] in context with path [/ctp-2025] threw exception
	java.lang.IllegalStateException: Cannot create a session after the response has been committed
		at org.apache.catalina.connector.Request.doGetSession(Request.java:2708)
		at org.apache.catalina.connector.Request.getSession(Request.java:2153)
		at org.apache.catalina.connector.RequestFacade.getSession(RequestFacade.java:407)
		at ServletMenu.service(ServletMenu.java:29)
		at jakarta.servlet.http.HttpServlet.service(HttpServlet.java:710)
		at org.apache.catalina.core.ApplicationFilterChain.doFilter(ApplicationFilterChain.java:128)
		at org.apache.tomcat.websocket.server.WsFilter.doFilter(WsFilter.java:53)
		at org.apache.catalina.core.ApplicationFilterChain.doFilter(ApplicationFilterChain.java:107)
		at org.apache.catalina.core.StandardWrapperValve.invoke(StandardWrapperValve.java:165)
		at org.apache.catalina.core.StandardContextValve.invoke(StandardContextValve.java:77)
		at org.apache.catalina.authenticator.AuthenticatorBase.invoke(AuthenticatorBase.java:482)
		at org.apache.catalina.core.StandardHostValve.invoke(StandardHostValve.java:113)
		at org.apache.catalina.valves.ErrorReportValve.invoke(ErrorReportValve.java:83)
		at org.apache.catalina.valves.AbstractAccessLogValve.invoke(AbstractAccessLogValve.java:654)
		at org.apache.catalina.core.StandardEngineValve.invoke(StandardEngineValve.java:72)
		at org.apache.catalina.connector.CoyoteAdapter.service(CoyoteAdapter.java:341)
		at org.apache.coyote.http11.Http11Processor.service(Http11Processor.java:397)
		at org.apache.coyote.AbstractProcessorLight.process(AbstractProcessorLight.java:63)
		at org.apache.coyote.AbstractProtocol$ConnectionHandler.process(AbstractProtocol.java:903)
		at org.apache.tomcat.util.net.NioEndpoint$SocketProcessor.doRun(NioEndpoint.java:1778)
		at org.apache.tomcat.util.net.SocketProcessorBase.run(SocketProcessorBase.java:52)
		at org.apache.tomcat.util.threads.ThreadPoolExecutor.runWorker(ThreadPoolExecutor.java:946)
		at org.apache.tomcat.util.threads.ThreadPoolExecutor$Worker.run(ThreadPoolExecutor.java:480)
		at org.apache.tomcat.util.threads.TaskThread$WrappingRunnable.run(TaskThread.java:57)
		at java.base/java.lang.Thread.run(Thread.java:1583)
15-Dec-2025 18:07:54.526 SEVERE [http-nio-8080-exec-2] org.apache.catalina.core.StandardWrapperValve.invoke Servlet.service() for servlet [ServletMenu] in context with path [/ctp-2025] threw exception
	java.lang.IllegalStateException: Cannot create a session after the response has been committed
		at org.apache.catalina.connector.Request.doGetSession(Request.java:2708)
		at org.apache.catalina.connector.Request.getSession(Request.java:2153)
		at org.apache.catalina.connector.RequestFacade.getSession(RequestFacade.java:407)
		at ServletMenu.service(ServletMenu.java:29)
		at jakarta.servlet.http.HttpServlet.service(HttpServlet.java:710)
		at org.apache.catalina.core.ApplicationFilterChain.doFilter(ApplicationFilterChain.java:128)
		at org.apache.tomcat.websocket.server.WsFilter.doFilter(WsFilter.java:53)
		at org.apache.catalina.core.ApplicationFilterChain.doFilter(ApplicationFilterChain.java:107)
		at org.apache.catalina.core.StandardWrapperValve.invoke(StandardWrapperValve.java:165)
		at org.apache.catalina.core.StandardContextValve.invoke(StandardContextValve.java:77)
		at org.apache.catalina.authenticator.AuthenticatorBase.invoke(AuthenticatorBase.java:482)
		at org.apache.catalina.core.StandardHostValve.invoke(StandardHostValve.java:113)
		at org.apache.catalina.valves.ErrorReportValve.invoke(ErrorReportValve.java:83)
		at org.apache.catalina.valves.AbstractAccessLogValve.invoke(AbstractAccessLogValve.java:654)
		at org.apache.catalina.core.StandardEngineValve.invoke(StandardEngineValve.java:72)
		at org.apache.catalina.connector.CoyoteAdapter.service(CoyoteAdapter.java:341)
		at org.apache.coyote.http11.Http11Processor.service(Http11Processor.java:397)
		at org.apache.coyote.AbstractProcessorLight.process(AbstractProcessorLight.java:63)
		at org.apache.coyote.AbstractProtocol$ConnectionHandler.process(AbstractProtocol.java:903)
		at org.apache.tomcat.util.net.NioEndpoint$SocketProcessor.doRun(NioEndpoint.java:1778)
		at org.apache.tomcat.util.net.SocketProcessorBase.run(SocketProcessorBase.java:52)
		at org.apache.tomcat.util.threads.ThreadPoolExecutor.runWorker(ThreadPoolExecutor.java:946)
		at org.apache.tomcat.util.threads.ThreadPoolExecutor$Worker.run(ThreadPoolExecutor.java:480)
		at org.apache.tomcat.util.threads.TaskThread$WrappingRunnable.run(TaskThread.java:57)
		at java.base/java.lang.Thread.run(Thread.java:1583)
15-Dec-2025 18:08:48.565 INFO [Thread-1] org.apache.catalina.core.ApplicationContext.log SessionListener: contextDestroyed()
15-Dec-2025 18:08:48.565 INFO [Thread-1] org.apache.catalina.core.ApplicationContext.log ContextListener: contextDestroyed()
15-Dec-2025 18:08:50.758 INFO [main] org.apache.catalina.core.ApplicationContext.log ContextListener: contextInitialized()
15-Dec-2025 18:08:50.758 INFO [main] org.apache.catalina.core.ApplicationContext.log SessionListener: contextInitialized()
15-Dec-2025 18:08:50.759 INFO [main] org.apache.catalina.core.ApplicationContext.log ContextListener: attributeAdded('StockTicker', 'async.Stockticker@50fdf44f')
15-Dec-2025 18:08:51.428 SEVERE [http-nio-8080-exec-1] org.apache.catalina.core.StandardWrapperValve.invoke Servlet.service() for servlet [ServletMenu] in context with path [/ctp-2025] threw exception
	java.lang.IllegalStateException: Cannot create a session after the response has been committed
		at org.apache.catalina.connector.Request.doGetSession(Request.java:2708)
		at org.apache.catalina.connector.Request.getSession(Request.java:2153)
		at org.apache.catalina.connector.RequestFacade.getSession(RequestFacade.java:407)
		at ServletMenu.service(ServletMenu.java:29)
		at jakarta.servlet.http.HttpServlet.service(HttpServlet.java:710)
		at org.apache.catalina.core.ApplicationFilterChain.doFilter(ApplicationFilterChain.java:128)
		at org.apache.tomcat.websocket.server.WsFilter.doFilter(WsFilter.java:53)
		at org.apache.catalina.core.ApplicationFilterChain.doFilter(ApplicationFilterChain.java:107)
		at org.apache.catalina.core.StandardWrapperValve.invoke(StandardWrapperValve.java:165)
		at org.apache.catalina.core.StandardContextValve.invoke(StandardContextValve.java:77)
		at org.apache.catalina.authenticator.AuthenticatorBase.invoke(AuthenticatorBase.java:482)
		at org.apache.catalina.core.StandardHostValve.invoke(StandardHostValve.java:113)
		at org.apache.catalina.valves.ErrorReportValve.invoke(ErrorReportValve.java:83)
		at org.apache.catalina.valves.AbstractAccessLogValve.invoke(AbstractAccessLogValve.java:654)
		at org.apache.catalina.core.StandardEngineValve.invoke(StandardEngineValve.java:72)
		at org.apache.catalina.connector.CoyoteAdapter.service(CoyoteAdapter.java:341)
		at org.apache.coyote.http11.Http11Processor.service(Http11Processor.java:397)
		at org.apache.coyote.AbstractProcessorLight.process(AbstractProcessorLight.java:63)
		at org.apache.coyote.AbstractProtocol$ConnectionHandler.process(AbstractProtocol.java:903)
		at org.apache.tomcat.util.net.NioEndpoint$SocketProcessor.doRun(NioEndpoint.java:1778)
		at org.apache.tomcat.util.net.SocketProcessorBase.run(SocketProcessorBase.java:52)
		at org.apache.tomcat.util.threads.ThreadPoolExecutor.runWorker(ThreadPoolExecutor.java:946)
		at org.apache.tomcat.util.threads.ThreadPoolExecutor$Worker.run(ThreadPoolExecutor.java:480)
		at org.apache.tomcat.util.threads.TaskThread$WrappingRunnable.run(TaskThread.java:57)
		at java.base/java.lang.Thread.run(Thread.java:1583)
15-Dec-2025 18:08:53.605 SEVERE [http-nio-8080-exec-6] org.apache.catalina.core.StandardWrapperValve.invoke Servlet.service() for servlet [ServletMenu] in context with path [/ctp-2025] threw exception
	java.lang.IllegalStateException: Cannot create a session after the response has been committed
		at org.apache.catalina.connector.Request.doGetSession(Request.java:2708)
		at org.apache.catalina.connector.Request.getSession(Request.java:2153)
		at org.apache.catalina.connector.RequestFacade.getSession(RequestFacade.java:407)
		at ServletMenu.service(ServletMenu.java:29)
		at jakarta.servlet.http.HttpServlet.service(HttpServlet.java:710)
		at org.apache.catalina.core.ApplicationFilterChain.doFilter(ApplicationFilterChain.java:128)
		at org.apache.tomcat.websocket.server.WsFilter.doFilter(WsFilter.java:53)
		at org.apache.catalina.core.ApplicationFilterChain.doFilter(ApplicationFilterChain.java:107)
		at org.apache.catalina.core.StandardWrapperValve.invoke(StandardWrapperValve.java:165)
		at org.apache.catalina.core.StandardContextValve.invoke(StandardContextValve.java:77)
		at org.apache.catalina.authenticator.AuthenticatorBase.invoke(AuthenticatorBase.java:482)
		at org.apache.catalina.core.StandardHostValve.invoke(StandardHostValve.java:113)
		at org.apache.catalina.valves.ErrorReportValve.invoke(ErrorReportValve.java:83)
		at org.apache.catalina.valves.AbstractAccessLogValve.invoke(AbstractAccessLogValve.java:654)
		at org.apache.catalina.core.StandardEngineValve.invoke(StandardEngineValve.java:72)
		at org.apache.catalina.connector.CoyoteAdapter.service(CoyoteAdapter.java:341)
		at org.apache.coyote.http11.Http11Processor.service(Http11Processor.java:397)
		at org.apache.coyote.AbstractProcessorLight.process(AbstractProcessorLight.java:63)
		at org.apache.coyote.AbstractProtocol$ConnectionHandler.process(AbstractProtocol.java:903)
		at org.apache.tomcat.util.net.NioEndpoint$SocketProcessor.doRun(NioEndpoint.java:1778)
		at org.apache.tomcat.util.net.SocketProcessorBase.run(SocketProcessorBase.java:52)
		at org.apache.tomcat.util.threads.ThreadPoolExecutor.runWorker(ThreadPoolExecutor.java:946)
		at org.apache.tomcat.util.threads.ThreadPoolExecutor$Worker.run(ThreadPoolExecutor.java:480)
		at org.apache.tomcat.util.threads.TaskThread$WrappingRunnable.run(TaskThread.java:57)
		at java.base/java.lang.Thread.run(Thread.java:1583)
15-Dec-2025 18:08:56.394 SEVERE [http-nio-8080-exec-8] org.apache.catalina.core.StandardWrapperValve.invoke Servlet.service() for servlet [ServletMenu] in context with path [/ctp-2025] threw exception
	java.lang.IllegalStateException: Cannot create a session after the response has been committed
		at org.apache.catalina.connector.Request.doGetSession(Request.java:2708)
		at org.apache.catalina.connector.Request.getSession(Request.java:2153)
		at org.apache.catalina.connector.RequestFacade.getSession(RequestFacade.java:407)
		at ServletMenu.service(ServletMenu.java:29)
		at jakarta.servlet.http.HttpServlet.service(HttpServlet.java:710)
		at org.apache.catalina.core.ApplicationFilterChain.doFilter(ApplicationFilterChain.java:128)
		at org.apache.tomcat.websocket.server.WsFilter.doFilter(WsFilter.java:53)
		at org.apache.catalina.core.ApplicationFilterChain.doFilter(ApplicationFilterChain.java:107)
		at org.apache.catalina.core.StandardWrapperValve.invoke(StandardWrapperValve.java:165)
		at org.apache.catalina.core.StandardContextValve.invoke(StandardContextValve.java:77)
		at org.apache.catalina.authenticator.AuthenticatorBase.invoke(AuthenticatorBase.java:482)
		at org.apache.catalina.core.StandardHostValve.invoke(StandardHostValve.java:113)
		at org.apache.catalina.valves.ErrorReportValve.invoke(ErrorReportValve.java:83)
		at org.apache.catalina.valves.AbstractAccessLogValve.invoke(AbstractAccessLogValve.java:654)
		at org.apache.catalina.core.StandardEngineValve.invoke(StandardEngineValve.java:72)
		at org.apache.catalina.connector.CoyoteAdapter.service(CoyoteAdapter.java:341)
		at org.apache.coyote.http11.Http11Processor.service(Http11Processor.java:397)
		at org.apache.coyote.AbstractProcessorLight.process(AbstractProcessorLight.java:63)
		at org.apache.coyote.AbstractProtocol$ConnectionHandler.process(AbstractProtocol.java:903)
		at org.apache.tomcat.util.net.NioEndpoint$SocketProcessor.doRun(NioEndpoint.java:1778)
		at org.apache.tomcat.util.net.SocketProcessorBase.run(SocketProcessorBase.java:52)
		at org.apache.tomcat.util.threads.ThreadPoolExecutor.runWorker(ThreadPoolExecutor.java:946)
		at org.apache.tomcat.util.threads.ThreadPoolExecutor$Worker.run(ThreadPoolExecutor.java:480)
		at org.apache.tomcat.util.threads.TaskThread$WrappingRunnable.run(TaskThread.java:57)
		at java.base/java.lang.Thread.run(Thread.java:1583)
15-Dec-2025 18:09:09.179 INFO [Thread-1] org.apache.catalina.core.ApplicationContext.log SessionListener: contextDestroyed()
15-Dec-2025 18:09:09.179 INFO [Thread-1] org.apache.catalina.core.ApplicationContext.log ContextListener: contextDestroyed()
15-Dec-2025 18:09:10.788 INFO [main] org.apache.catalina.core.ApplicationContext.log ContextListener: contextInitialized()
15-Dec-2025 18:09:10.788 INFO [main] org.apache.catalina.core.ApplicationContext.log SessionListener: contextInitialized()
15-Dec-2025 18:09:10.789 INFO [main] org.apache.catalina.core.ApplicationContext.log ContextListener: attributeAdded('StockTicker', 'async.Stockticker@2c30c81d')
15-Dec-2025 18:09:13.016 SEVERE [http-nio-8080-exec-1] org.apache.catalina.core.StandardWrapperValve.invoke Servlet.service() for servlet [ServletMenu] in context with path [/ctp-2025] threw exception
	java.lang.NullPointerException: Cannot invoke "String.equals(Object)" because "<local7>" is null
		at ServletMenu.service(ServletMenu.java:39)
		at jakarta.servlet.http.HttpServlet.service(HttpServlet.java:710)
		at org.apache.catalina.core.ApplicationFilterChain.doFilter(ApplicationFilterChain.java:128)
		at org.apache.tomcat.websocket.server.WsFilter.doFilter(WsFilter.java:53)
		at org.apache.catalina.core.ApplicationFilterChain.doFilter(ApplicationFilterChain.java:107)
		at org.apache.catalina.core.StandardWrapperValve.invoke(StandardWrapperValve.java:165)
		at org.apache.catalina.core.StandardContextValve.invoke(StandardContextValve.java:77)
		at org.apache.catalina.authenticator.AuthenticatorBase.invoke(AuthenticatorBase.java:482)
		at org.apache.catalina.core.StandardHostValve.invoke(StandardHostValve.java:113)
		at org.apache.catalina.valves.ErrorReportValve.invoke(ErrorReportValve.java:83)
		at org.apache.catalina.valves.AbstractAccessLogValve.invoke(AbstractAccessLogValve.java:654)
		at org.apache.catalina.core.StandardEngineValve.invoke(StandardEngineValve.java:72)
		at org.apache.catalina.connector.CoyoteAdapter.service(CoyoteAdapter.java:341)
		at org.apache.coyote.http11.Http11Processor.service(Http11Processor.java:397)
		at org.apache.coyote.AbstractProcessorLight.process(AbstractProcessorLight.java:63)
		at org.apache.coyote.AbstractProtocol$ConnectionHandler.process(AbstractProtocol.java:903)
		at org.apache.tomcat.util.net.NioEndpoint$SocketProcessor.doRun(NioEndpoint.java:1778)
		at org.apache.tomcat.util.net.SocketProcessorBase.run(SocketProcessorBase.java:52)
		at org.apache.tomcat.util.threads.ThreadPoolExecutor.runWorker(ThreadPoolExecutor.java:946)
		at org.apache.tomcat.util.threads.ThreadPoolExecutor$Worker.run(ThreadPoolExecutor.java:480)
		at org.apache.tomcat.util.threads.TaskThread$WrappingRunnable.run(TaskThread.java:57)
		at java.base/java.lang.Thread.run(Thread.java:1583)
15-Dec-2025 18:09:13.390 SEVERE [http-nio-8080-exec-2] org.apache.catalina.core.StandardWrapperValve.invoke Servlet.service() for servlet [ServletMenu] in context with path [/ctp-2025] threw exception
	java.lang.NullPointerException: Cannot invoke "String.equals(Object)" because "<local7>" is null
		at ServletMenu.service(ServletMenu.java:39)
		at jakarta.servlet.http.HttpServlet.service(HttpServlet.java:710)
		at org.apache.catalina.core.ApplicationFilterChain.doFilter(ApplicationFilterChain.java:128)
		at org.apache.tomcat.websocket.server.WsFilter.doFilter(WsFilter.java:53)
		at org.apache.catalina.core.ApplicationFilterChain.doFilter(ApplicationFilterChain.java:107)
		at org.apache.catalina.core.StandardWrapperValve.invoke(StandardWrapperValve.java:165)
		at org.apache.catalina.core.StandardContextValve.invoke(StandardContextValve.java:77)
		at org.apache.catalina.authenticator.AuthenticatorBase.invoke(AuthenticatorBase.java:482)
		at org.apache.catalina.core.StandardHostValve.invoke(StandardHostValve.java:113)
		at org.apache.catalina.valves.ErrorReportValve.invoke(ErrorReportValve.java:83)
		at org.apache.catalina.valves.AbstractAccessLogValve.invoke(AbstractAccessLogValve.java:654)
		at org.apache.catalina.core.StandardEngineValve.invoke(StandardEngineValve.java:72)
		at org.apache.catalina.connector.CoyoteAdapter.service(CoyoteAdapter.java:341)
		at org.apache.coyote.http11.Http11Processor.service(Http11Processor.java:397)
		at org.apache.coyote.AbstractProcessorLight.process(AbstractProcessorLight.java:63)
		at org.apache.coyote.AbstractProtocol$ConnectionHandler.process(AbstractProtocol.java:903)
		at org.apache.tomcat.util.net.NioEndpoint$SocketProcessor.doRun(NioEndpoint.java:1778)
		at org.apache.tomcat.util.net.SocketProcessorBase.run(SocketProcessorBase.java:52)
		at org.apache.tomcat.util.threads.ThreadPoolExecutor.runWorker(ThreadPoolExecutor.java:946)
		at org.apache.tomcat.util.threads.ThreadPoolExecutor$Worker.run(ThreadPoolExecutor.java:480)
		at org.apache.tomcat.util.threads.TaskThread$WrappingRunnable.run(TaskThread.java:57)
		at java.base/java.lang.Thread.run(Thread.java:1583)
15-Dec-2025 18:09:13.606 SEVERE [http-nio-8080-exec-5] org.apache.catalina.core.StandardWrapperValve.invoke Servlet.service() for servlet [ServletMenu] in context with path [/ctp-2025] threw exception
	java.lang.NullPointerException: Cannot invoke "String.equals(Object)" because "<local7>" is null
		at ServletMenu.service(ServletMenu.java:39)
		at jakarta.servlet.http.HttpServlet.service(HttpServlet.java:710)
		at org.apache.catalina.core.ApplicationFilterChain.doFilter(ApplicationFilterChain.java:128)
		at org.apache.tomcat.websocket.server.WsFilter.doFilter(WsFilter.java:53)
		at org.apache.catalina.core.ApplicationFilterChain.doFilter(ApplicationFilterChain.java:107)
		at org.apache.catalina.core.StandardWrapperValve.invoke(StandardWrapperValve.java:165)
		at org.apache.catalina.core.StandardContextValve.invoke(StandardContextValve.java:77)
		at org.apache.catalina.authenticator.AuthenticatorBase.invoke(AuthenticatorBase.java:482)
		at org.apache.catalina.core.StandardHostValve.invoke(StandardHostValve.java:113)
		at org.apache.catalina.valves.ErrorReportValve.invoke(ErrorReportValve.java:83)
		at org.apache.catalina.valves.AbstractAccessLogValve.invoke(AbstractAccessLogValve.java:654)
		at org.apache.catalina.core.StandardEngineValve.invoke(StandardEngineValve.java:72)
		at org.apache.catalina.connector.CoyoteAdapter.service(CoyoteAdapter.java:341)
		at org.apache.coyote.http11.Http11Processor.service(Http11Processor.java:397)
		at org.apache.coyote.AbstractProcessorLight.process(AbstractProcessorLight.java:63)
		at org.apache.coyote.AbstractProtocol$ConnectionHandler.process(AbstractProtocol.java:903)
		at org.apache.tomcat.util.net.NioEndpoint$SocketProcessor.doRun(NioEndpoint.java:1778)
		at org.apache.tomcat.util.net.SocketProcessorBase.run(SocketProcessorBase.java:52)
		at org.apache.tomcat.util.threads.ThreadPoolExecutor.runWorker(ThreadPoolExecutor.java:946)
		at org.apache.tomcat.util.threads.ThreadPoolExecutor$Worker.run(ThreadPoolExecutor.java:480)
		at org.apache.tomcat.util.threads.TaskThread$WrappingRunnable.run(TaskThread.java:57)
		at java.base/java.lang.Thread.run(Thread.java:1583)
15-Dec-2025 18:09:13.862 SEVERE [http-nio-8080-exec-9] org.apache.catalina.core.StandardWrapperValve.invoke Servlet.service() for servlet [ServletMenu] in context with path [/ctp-2025] threw exception
	java.lang.NullPointerException: Cannot invoke "String.equals(Object)" because "<local7>" is null
		at ServletMenu.service(ServletMenu.java:39)
		at jakarta.servlet.http.HttpServlet.service(HttpServlet.java:710)
		at org.apache.catalina.core.ApplicationFilterChain.doFilter(ApplicationFilterChain.java:128)
		at org.apache.tomcat.websocket.server.WsFilter.doFilter(WsFilter.java:53)
		at org.apache.catalina.core.ApplicationFilterChain.doFilter(ApplicationFilterChain.java:107)
		at org.apache.catalina.core.StandardWrapperValve.invoke(StandardWrapperValve.java:165)
		at org.apache.catalina.core.StandardContextValve.invoke(StandardContextValve.java:77)
		at org.apache.catalina.authenticator.AuthenticatorBase.invoke(AuthenticatorBase.java:482)
		at org.apache.catalina.core.StandardHostValve.invoke(StandardHostValve.java:113)
		at org.apache.catalina.valves.ErrorReportValve.invoke(ErrorReportValve.java:83)
		at org.apache.catalina.valves.AbstractAccessLogValve.invoke(AbstractAccessLogValve.java:654)
		at org.apache.catalina.core.StandardEngineValve.invoke(StandardEngineValve.java:72)
		at org.apache.catalina.connector.CoyoteAdapter.service(CoyoteAdapter.java:341)
		at org.apache.coyote.http11.Http11Processor.service(Http11Processor.java:397)
		at org.apache.coyote.AbstractProcessorLight.process(AbstractProcessorLight.java:63)
		at org.apache.coyote.AbstractProtocol$ConnectionHandler.process(AbstractProtocol.java:903)
		at org.apache.tomcat.util.net.NioEndpoint$SocketProcessor.doRun(NioEndpoint.java:1778)
		at org.apache.tomcat.util.net.SocketProcessorBase.run(SocketProcessorBase.java:52)
		at org.apache.tomcat.util.threads.ThreadPoolExecutor.runWorker(ThreadPoolExecutor.java:946)
		at org.apache.tomcat.util.threads.ThreadPoolExecutor$Worker.run(ThreadPoolExecutor.java:480)
		at org.apache.tomcat.util.threads.TaskThread$WrappingRunnable.run(TaskThread.java:57)
		at java.base/java.lang.Thread.run(Thread.java:1583)
15-Dec-2025 18:09:37.584 INFO [Thread-1] org.apache.catalina.core.ApplicationContext.log SessionListener: contextDestroyed()
15-Dec-2025 18:09:37.584 INFO [Thread-1] org.apache.catalina.core.ApplicationContext.log ContextListener: contextDestroyed()
15-Dec-2025 18:09:39.291 INFO [main] org.apache.catalina.core.ApplicationContext.log ContextListener: contextInitialized()
15-Dec-2025 18:09:39.292 INFO [main] org.apache.catalina.core.ApplicationContext.log SessionListener: contextInitialized()
15-Dec-2025 18:09:39.292 INFO [main] org.apache.catalina.core.ApplicationContext.log ContextListener: attributeAdded('StockTicker', 'async.Stockticker@13d019a4')
15-Dec-2025 18:09:40.856 SEVERE [http-nio-8080-exec-1] org.apache.catalina.core.StandardWrapperValve.invoke Servlet.service() for servlet [ServletMenu] in context with path [/ctp-2025] threw exception
	java.lang.NullPointerException: Cannot invoke "String.equals(Object)" because "<local7>" is null
		at ServletMenu.service(ServletMenu.java:39)
		at jakarta.servlet.http.HttpServlet.service(HttpServlet.java:710)
		at org.apache.catalina.core.ApplicationFilterChain.doFilter(ApplicationFilterChain.java:128)
		at org.apache.tomcat.websocket.server.WsFilter.doFilter(WsFilter.java:53)
		at org.apache.catalina.core.ApplicationFilterChain.doFilter(ApplicationFilterChain.java:107)
		at org.apache.catalina.core.StandardWrapperValve.invoke(StandardWrapperValve.java:165)
		at org.apache.catalina.core.StandardContextValve.invoke(StandardContextValve.java:77)
		at org.apache.catalina.authenticator.AuthenticatorBase.invoke(AuthenticatorBase.java:482)
		at org.apache.catalina.core.StandardHostValve.invoke(StandardHostValve.java:113)
		at org.apache.catalina.valves.ErrorReportValve.invoke(ErrorReportValve.java:83)
		at org.apache.catalina.valves.AbstractAccessLogValve.invoke(AbstractAccessLogValve.java:654)
		at org.apache.catalina.core.StandardEngineValve.invoke(StandardEngineValve.java:72)
		at org.apache.catalina.connector.CoyoteAdapter.service(CoyoteAdapter.java:341)
		at org.apache.coyote.http11.Http11Processor.service(Http11Processor.java:397)
		at org.apache.coyote.AbstractProcessorLight.process(AbstractProcessorLight.java:63)
		at org.apache.coyote.AbstractProtocol$ConnectionHandler.process(AbstractProtocol.java:903)
		at org.apache.tomcat.util.net.NioEndpoint$SocketProcessor.doRun(NioEndpoint.java:1778)
		at org.apache.tomcat.util.net.SocketProcessorBase.run(SocketProcessorBase.java:52)
		at org.apache.tomcat.util.threads.ThreadPoolExecutor.runWorker(ThreadPoolExecutor.java:946)
		at org.apache.tomcat.util.threads.ThreadPoolExecutor$Worker.run(ThreadPoolExecutor.java:480)
		at org.apache.tomcat.util.threads.TaskThread$WrappingRunnable.run(TaskThread.java:57)
		at java.base/java.lang.Thread.run(Thread.java:1583)
15-Dec-2025 18:09:41.353 SEVERE [http-nio-8080-exec-2] org.apache.catalina.core.StandardWrapperValve.invoke Servlet.service() for servlet [ServletMenu] in context with path [/ctp-2025] threw exception
	java.lang.NullPointerException: Cannot invoke "String.equals(Object)" because "<local7>" is null
		at ServletMenu.service(ServletMenu.java:39)
		at jakarta.servlet.http.HttpServlet.service(HttpServlet.java:710)
		at org.apache.catalina.core.ApplicationFilterChain.doFilter(ApplicationFilterChain.java:128)
		at org.apache.tomcat.websocket.server.WsFilter.doFilter(WsFilter.java:53)
		at org.apache.catalina.core.ApplicationFilterChain.doFilter(ApplicationFilterChain.java:107)
		at org.apache.catalina.core.StandardWrapperValve.invoke(StandardWrapperValve.java:165)
		at org.apache.catalina.core.StandardContextValve.invoke(StandardContextValve.java:77)
		at org.apache.catalina.authenticator.AuthenticatorBase.invoke(AuthenticatorBase.java:482)
		at org.apache.catalina.core.StandardHostValve.invoke(StandardHostValve.java:113)
		at org.apache.catalina.valves.ErrorReportValve.invoke(ErrorReportValve.java:83)
		at org.apache.catalina.valves.AbstractAccessLogValve.invoke(AbstractAccessLogValve.java:654)
		at org.apache.catalina.core.StandardEngineValve.invoke(StandardEngineValve.java:72)
		at org.apache.catalina.connector.CoyoteAdapter.service(CoyoteAdapter.java:341)
		at org.apache.coyote.http11.Http11Processor.service(Http11Processor.java:397)
		at org.apache.coyote.AbstractProcessorLight.process(AbstractProcessorLight.java:63)
		at org.apache.coyote.AbstractProtocol$ConnectionHandler.process(AbstractProtocol.java:903)
		at org.apache.tomcat.util.net.NioEndpoint$SocketProcessor.doRun(NioEndpoint.java:1778)
		at org.apache.tomcat.util.net.SocketProcessorBase.run(SocketProcessorBase.java:52)
		at org.apache.tomcat.util.threads.ThreadPoolExecutor.runWorker(ThreadPoolExecutor.java:946)
		at org.apache.tomcat.util.threads.ThreadPoolExecutor$Worker.run(ThreadPoolExecutor.java:480)
		at org.apache.tomcat.util.threads.TaskThread$WrappingRunnable.run(TaskThread.java:57)
		at java.base/java.lang.Thread.run(Thread.java:1583)
15-Dec-2025 18:09:41.559 SEVERE [http-nio-8080-exec-7] org.apache.catalina.core.StandardWrapperValve.invoke Servlet.service() for servlet [ServletMenu] in context with path [/ctp-2025] threw exception
	java.lang.NullPointerException: Cannot invoke "String.equals(Object)" because "<local7>" is null
		at ServletMenu.service(ServletMenu.java:39)
		at jakarta.servlet.http.HttpServlet.service(HttpServlet.java:710)
		at org.apache.catalina.core.ApplicationFilterChain.doFilter(ApplicationFilterChain.java:128)
		at org.apache.tomcat.websocket.server.WsFilter.doFilter(WsFilter.java:53)
		at org.apache.catalina.core.ApplicationFilterChain.doFilter(ApplicationFilterChain.java:107)
		at org.apache.catalina.core.StandardWrapperValve.invoke(StandardWrapperValve.java:165)
		at org.apache.catalina.core.StandardContextValve.invoke(StandardContextValve.java:77)
		at org.apache.catalina.authenticator.AuthenticatorBase.invoke(AuthenticatorBase.java:482)
		at org.apache.catalina.core.StandardHostValve.invoke(StandardHostValve.java:113)
		at org.apache.catalina.valves.ErrorReportValve.invoke(ErrorReportValve.java:83)
		at org.apache.catalina.valves.AbstractAccessLogValve.invoke(AbstractAccessLogValve.java:654)
		at org.apache.catalina.core.StandardEngineValve.invoke(StandardEngineValve.java:72)
		at org.apache.catalina.connector.CoyoteAdapter.service(CoyoteAdapter.java:341)
		at org.apache.coyote.http11.Http11Processor.service(Http11Processor.java:397)
		at org.apache.coyote.AbstractProcessorLight.process(AbstractProcessorLight.java:63)
		at org.apache.coyote.AbstractProtocol$ConnectionHandler.process(AbstractProtocol.java:903)
		at org.apache.tomcat.util.net.NioEndpoint$SocketProcessor.doRun(NioEndpoint.java:1778)
		at org.apache.tomcat.util.net.SocketProcessorBase.run(SocketProcessorBase.java:52)
		at org.apache.tomcat.util.threads.ThreadPoolExecutor.runWorker(ThreadPoolExecutor.java:946)
		at org.apache.tomcat.util.threads.ThreadPoolExecutor$Worker.run(ThreadPoolExecutor.java:480)
		at org.apache.tomcat.util.threads.TaskThread$WrappingRunnable.run(TaskThread.java:57)
		at java.base/java.lang.Thread.run(Thread.java:1583)
15-Dec-2025 18:09:57.303 SEVERE [http-nio-8080-exec-6] org.apache.catalina.core.StandardWrapperValve.invoke Servlet.service() for servlet [ServletMenu] in context with path [/ctp-2025] threw exception
	java.lang.NullPointerException: Cannot invoke "String.equals(Object)" because "<local7>" is null
		at ServletMenu.service(ServletMenu.java:39)
		at jakarta.servlet.http.HttpServlet.service(HttpServlet.java:710)
		at org.apache.catalina.core.ApplicationFilterChain.doFilter(ApplicationFilterChain.java:128)
		at org.apache.tomcat.websocket.server.WsFilter.doFilter(WsFilter.java:53)
		at org.apache.catalina.core.ApplicationFilterChain.doFilter(ApplicationFilterChain.java:107)
		at org.apache.catalina.core.StandardWrapperValve.invoke(StandardWrapperValve.java:165)
		at org.apache.catalina.core.StandardContextValve.invoke(StandardContextValve.java:77)
		at org.apache.catalina.authenticator.AuthenticatorBase.invoke(AuthenticatorBase.java:482)
		at org.apache.catalina.core.StandardHostValve.invoke(StandardHostValve.java:113)
		at org.apache.catalina.valves.ErrorReportValve.invoke(ErrorReportValve.java:83)
		at org.apache.catalina.valves.AbstractAccessLogValve.invoke(AbstractAccessLogValve.java:654)
		at org.apache.catalina.core.StandardEngineValve.invoke(StandardEngineValve.java:72)
		at org.apache.catalina.connector.CoyoteAdapter.service(CoyoteAdapter.java:341)
		at org.apache.coyote.http11.Http11Processor.service(Http11Processor.java:397)
		at org.apache.coyote.AbstractProcessorLight.process(AbstractProcessorLight.java:63)
		at org.apache.coyote.AbstractProtocol$ConnectionHandler.process(AbstractProtocol.java:903)
		at org.apache.tomcat.util.net.NioEndpoint$SocketProcessor.doRun(NioEndpoint.java:1778)
		at org.apache.tomcat.util.net.SocketProcessorBase.run(SocketProcessorBase.java:52)
		at org.apache.tomcat.util.threads.ThreadPoolExecutor.runWorker(ThreadPoolExecutor.java:946)
		at org.apache.tomcat.util.threads.ThreadPoolExecutor$Worker.run(ThreadPoolExecutor.java:480)
		at org.apache.tomcat.util.threads.TaskThread$WrappingRunnable.run(TaskThread.java:57)
		at java.base/java.lang.Thread.run(Thread.java:1583)
15-Dec-2025 18:11:39.418 SEVERE [http-nio-8080-exec-8] org.apache.catalina.core.StandardWrapperValve.invoke Servlet.service() for servlet [ServletMenu] in context with path [/ctp-2025] threw exception
	java.lang.NullPointerException: Cannot invoke "String.equals(Object)" because "<local7>" is null
		at ServletMenu.service(ServletMenu.java:39)
		at jakarta.servlet.http.HttpServlet.service(HttpServlet.java:710)
		at org.apache.catalina.core.ApplicationFilterChain.doFilter(ApplicationFilterChain.java:128)
		at org.apache.tomcat.websocket.server.WsFilter.doFilter(WsFilter.java:53)
		at org.apache.catalina.core.ApplicationFilterChain.doFilter(ApplicationFilterChain.java:107)
		at org.apache.catalina.core.StandardWrapperValve.invoke(StandardWrapperValve.java:165)
		at org.apache.catalina.core.StandardContextValve.invoke(StandardContextValve.java:77)
		at org.apache.catalina.authenticator.AuthenticatorBase.invoke(AuthenticatorBase.java:482)
		at org.apache.catalina.core.StandardHostValve.invoke(StandardHostValve.java:113)
		at org.apache.catalina.valves.ErrorReportValve.invoke(ErrorReportValve.java:83)
		at org.apache.catalina.valves.AbstractAccessLogValve.invoke(AbstractAccessLogValve.java:654)
		at org.apache.catalina.core.StandardEngineValve.invoke(StandardEngineValve.java:72)
		at org.apache.catalina.connector.CoyoteAdapter.service(CoyoteAdapter.java:341)
		at org.apache.coyote.http11.Http11Processor.service(Http11Processor.java:397)
		at org.apache.coyote.AbstractProcessorLight.process(AbstractProcessorLight.java:63)
		at org.apache.coyote.AbstractProtocol$ConnectionHandler.process(AbstractProtocol.java:903)
		at org.apache.tomcat.util.net.NioEndpoint$SocketProcessor.doRun(NioEndpoint.java:1778)
		at org.apache.tomcat.util.net.SocketProcessorBase.run(SocketProcessorBase.java:52)
		at org.apache.tomcat.util.threads.ThreadPoolExecutor.runWorker(ThreadPoolExecutor.java:946)
		at org.apache.tomcat.util.threads.ThreadPoolExecutor$Worker.run(ThreadPoolExecutor.java:480)
		at org.apache.tomcat.util.threads.TaskThread$WrappingRunnable.run(TaskThread.java:57)
		at java.base/java.lang.Thread.run(Thread.java:1583)
15-Dec-2025 18:13:37.781 INFO [Thread-1] org.apache.catalina.core.ApplicationContext.log SessionListener: contextDestroyed()
15-Dec-2025 18:13:37.781 INFO [Thread-1] org.apache.catalina.core.ApplicationContext.log ContextListener: contextDestroyed()
15-Dec-2025 18:13:39.469 INFO [main] org.apache.catalina.core.ApplicationContext.log ContextListener: contextInitialized()
15-Dec-2025 18:13:39.469 INFO [main] org.apache.catalina.core.ApplicationContext.log SessionListener: contextInitialized()
15-Dec-2025 18:13:39.470 INFO [main] org.apache.catalina.core.ApplicationContext.log ContextListener: attributeAdded('StockTicker', 'async.Stockticker@2c30c81d')
15-Dec-2025 18:20:12.289 SEVERE [http-nio-8080-exec-10] org.apache.catalina.core.StandardWrapperValve.invoke Servlet.service() for servlet [ServletAjouterStage] in context with path [/ctp-2025] threw exception
	java.lang.NumberFormatException: For input string: ""
		at java.base/java.lang.NumberFormatException.forInputString(NumberFormatException.java:67)
		at java.base/java.lang.Integer.parseInt(Integer.java:672)
		at java.base/java.lang.Integer.parseInt(Integer.java:778)
		at ServletAjouterStage.doPost(ServletAjouterStage.java:84)
		at jakarta.servlet.http.HttpServlet.service(HttpServlet.java:649)
		at jakarta.servlet.http.HttpServlet.service(HttpServlet.java:710)
		at org.apache.catalina.core.ApplicationFilterChain.doFilter(ApplicationFilterChain.java:128)
		at org.apache.tomcat.websocket.server.WsFilter.doFilter(WsFilter.java:53)
		at org.apache.catalina.core.ApplicationFilterChain.doFilter(ApplicationFilterChain.java:107)
		at org.apache.catalina.core.StandardWrapperValve.invoke(StandardWrapperValve.java:165)
		at org.apache.catalina.core.StandardContextValve.invoke(StandardContextValve.java:77)
		at org.apache.catalina.authenticator.AuthenticatorBase.invoke(AuthenticatorBase.java:482)
		at org.apache.catalina.core.StandardHostValve.invoke(StandardHostValve.java:113)
		at org.apache.catalina.valves.ErrorReportValve.invoke(ErrorReportValve.java:83)
		at org.apache.catalina.valves.AbstractAccessLogValve.invoke(AbstractAccessLogValve.java:654)
		at org.apache.catalina.core.StandardEngineValve.invoke(StandardEngineValve.java:72)
		at org.apache.catalina.connector.CoyoteAdapter.service(CoyoteAdapter.java:341)
		at org.apache.coyote.http11.Http11Processor.service(Http11Processor.java:397)
		at org.apache.coyote.AbstractProcessorLight.process(AbstractProcessorLight.java:63)
		at org.apache.coyote.AbstractProtocol$ConnectionHandler.process(AbstractProtocol.java:903)
		at org.apache.tomcat.util.net.NioEndpoint$SocketProcessor.doRun(NioEndpoint.java:1778)
		at org.apache.tomcat.util.net.SocketProcessorBase.run(SocketProcessorBase.java:52)
		at org.apache.tomcat.util.threads.ThreadPoolExecutor.runWorker(ThreadPoolExecutor.java:946)
		at org.apache.tomcat.util.threads.ThreadPoolExecutor$Worker.run(ThreadPoolExecutor.java:480)
		at org.apache.tomcat.util.threads.TaskThread$WrappingRunnable.run(TaskThread.java:57)
		at java.base/java.lang.Thread.run(Thread.java:1583)
15-Dec-2025 18:22:38.346 INFO [Thread-1] org.apache.catalina.core.ApplicationContext.log SessionListener: contextDestroyed()
15-Dec-2025 18:22:38.346 INFO [Thread-1] org.apache.catalina.core.ApplicationContext.log ContextListener: contextDestroyed()
