14-Jan-2026 09:26:10.974 INFO [main] org.apache.catalina.core.ApplicationContext.log ContextListener: contextInitialized()
14-Jan-2026 09:26:10.974 INFO [main] org.apache.catalina.core.ApplicationContext.log SessionListener: contextInitialized()
14-Jan-2026 09:26:10.976 INFO [main] org.apache.catalina.core.ApplicationContext.log ContextListener: attributeAdded('StockTicker', 'async.Stockticker@447fa959')
14-Jan-2026 09:26:38.979 INFO [Thread-1] org.apache.catalina.core.ApplicationContext.log SessionListener: contextDestroyed()
14-Jan-2026 09:26:38.979 INFO [Thread-1] org.apache.catalina.core.ApplicationContext.log ContextListener: contextDestroyed()
14-Jan-2026 09:26:40.580 INFO [main] org.apache.catalina.core.ApplicationContext.log ContextListener: contextInitialized()
14-Jan-2026 09:26:40.580 INFO [main] org.apache.catalina.core.ApplicationContext.log SessionListener: contextInitialized()
14-Jan-2026 09:26:40.581 INFO [main] org.apache.catalina.core.ApplicationContext.log ContextListener: attributeAdded('StockTicker', 'async.Stockticker@6986f93e')
14-Jan-2026 09:39:23.928 SEVERE [http-nio-8080-exec-5] org.apache.catalina.core.StandardWrapperValve.invoke Servlet.service() for servlet [jsp] in context with path [/TP01] threw exception [Unable to compile class for JSP: 

An error occurred at line: [32] in the jsp file: [/mabase.jsp]
num_joueur cannot be resolved to a variable
29:     ResultSet rs = ps.executeQuery();
30:     while(rs.next()){
31:         out.println("<td>");
32:         out.println("<tr>"+rs.getInt(num_joueur));
33:         out.println("<tr>"+rs.getString(nom_joueur));
34:         out.println("</td>");
35:     }


An error occurred at line: [33] in the jsp file: [/mabase.jsp]
nom_joueur cannot be resolved to a variable
30:     while(rs.next()){
31:         out.println("<td>");
32:         out.println("<tr>"+rs.getInt(num_joueur));
33:         out.println("<tr>"+rs.getString(nom_joueur));
34:         out.println("</td>");
35:     }
36: 


Stacktrace:] with root cause
	org.apache.jasper.JasperException: Unable to compile class for JSP: 

An error occurred at line: [32] in the jsp file: [/mabase.jsp]
num_joueur cannot be resolved to a variable
29:     ResultSet rs = ps.executeQuery();
30:     while(rs.next()){
31:         out.println("<td>");
32:         out.println("<tr>"+rs.getInt(num_joueur));
33:         out.println("<tr>"+rs.getString(nom_joueur));
34:         out.println("</td>");
35:     }


An error occurred at line: [33] in the jsp file: [/mabase.jsp]
nom_joueur cannot be resolved to a variable
30:     while(rs.next()){
31:         out.println("<td>");
32:         out.println("<tr>"+rs.getInt(num_joueur));
33:         out.println("<tr>"+rs.getString(nom_joueur));
34:         out.println("</td>");
35:     }
36: 


Stacktrace:
		at org.apache.jasper.compiler.DefaultErrorHandler.javacError(DefaultErrorHandler.java:70)
		at org.apache.jasper.compiler.ErrorDispatcher.javacError(ErrorDispatcher.java:189)
		at org.apache.jasper.compiler.JDTCompiler.generateClass(JDTCompiler.java:523)
		at org.apache.jasper.compiler.Compiler.compile(Compiler.java:367)
		at org.apache.jasper.compiler.Compiler.compile(Compiler.java:339)
		at org.apache.jasper.compiler.Compiler.compile(Compiler.java:325)
		at org.apache.jasper.JspCompilationContext.compile(JspCompilationContext.java:585)
		at org.apache.jasper.servlet.JspServletWrapper.service(JspServletWrapper.java:368)
		at org.apache.jasper.servlet.JspServlet.serviceJspFile(JspServlet.java:330)
		at org.apache.jasper.servlet.JspServlet.service(JspServlet.java:281)
		at jakarta.servlet.http.HttpServlet.service(HttpServlet.java:710)
		at org.apache.catalina.core.ApplicationFilterChain.doFilter(ApplicationFilterChain.java:128)
		at org.apache.tomcat.websocket.server.WsFilter.doFilter(WsFilter.java:53)
		at org.apache.catalina.core.ApplicationFilterChain.doFilter(ApplicationFilterChain.java:107)
		at org.apache.catalina.core.StandardWrapperValve.invoke(StandardWrapperValve.java:165)
		at org.apache.catalina.core.StandardContextValve.invoke(StandardContextValve.java:77)
		at org.apache.catalina.authenticator.AuthenticatorBase.invoke(AuthenticatorBase.java:482)
		at org.apache.catalina.core.StandardHostValve.invoke(StandardHostValve.java:113)
		at org.apache.catalina.valves.ErrorReportValve.invoke(ErrorReportValve.java:83)
		at org.apache.catalina.valves.AbstractAccessLogValve.invoke(AbstractAccessLogValve.java:654)
		at org.apache.catalina.core.StandardEngineValve.invoke(StandardEngineValve.java:72)
		at org.apache.catalina.connector.CoyoteAdapter.service(CoyoteAdapter.java:341)
		at org.apache.coyote.http11.Http11Processor.service(Http11Processor.java:397)
		at org.apache.coyote.AbstractProcessorLight.process(AbstractProcessorLight.java:63)
		at org.apache.coyote.AbstractProtocol$ConnectionHandler.process(AbstractProtocol.java:903)
		at org.apache.tomcat.util.net.NioEndpoint$SocketProcessor.doRun(NioEndpoint.java:1778)
		at org.apache.tomcat.util.net.SocketProcessorBase.run(SocketProcessorBase.java:52)
		at org.apache.tomcat.util.threads.ThreadPoolExecutor.runWorker(ThreadPoolExecutor.java:946)
		at org.apache.tomcat.util.threads.ThreadPoolExecutor$Worker.run(ThreadPoolExecutor.java:480)
		at org.apache.tomcat.util.threads.TaskThread$WrappingRunnable.run(TaskThread.java:57)
		at java.base/java.lang.Thread.run(Thread.java:840)
14-Jan-2026 09:42:05.820 SEVERE [http-nio-8080-exec-1] org.apache.catalina.core.StandardWrapperValve.invoke Servlet.service() for servlet [jsp] in context with path [/TP01] threw exception [An exception occurred processing [/mabase.jsp] at line [38]

35:         %>
36:         <tr>
37:         <td><%=rs.getInt("num_joueur")%></td>
38:         <td><%=rs.getInt("nom_joueur")%></td>
39:         </tr>
40: <%  }
41: 


Stacktrace:] with root cause
	org.postgresql.util.PSQLException: Bad value for type int : Raphaël Adiceam
		at org.postgresql.jdbc.PgResultSet.toInt(PgResultSet.java:3474)
		at org.postgresql.jdbc.PgResultSet.getInt(PgResultSet.java:2680)
		at org.postgresql.jdbc.PgResultSet.getInt(PgResultSet.java:3068)
		at org.apache.jsp.mabase_jsp._jspService(mabase_jsp.java:167)
		at org.apache.jasper.runtime.HttpJspBase.service(HttpJspBase.java:64)
		at jakarta.servlet.http.HttpServlet.service(HttpServlet.java:710)
		at org.apache.jasper.servlet.JspServletWrapper.service(JspServletWrapper.java:428)
		at org.apache.jasper.servlet.JspServlet.serviceJspFile(JspServlet.java:330)
		at org.apache.jasper.servlet.JspServlet.service(JspServlet.java:281)
		at jakarta.servlet.http.HttpServlet.service(HttpServlet.java:710)
		at org.apache.catalina.core.ApplicationFilterChain.doFilter(ApplicationFilterChain.java:128)
		at org.apache.tomcat.websocket.server.WsFilter.doFilter(WsFilter.java:53)
		at org.apache.catalina.core.ApplicationFilterChain.doFilter(ApplicationFilterChain.java:107)
		at org.apache.catalina.core.StandardWrapperValve.invoke(StandardWrapperValve.java:165)
		at org.apache.catalina.core.StandardContextValve.invoke(StandardContextValve.java:77)
		at org.apache.catalina.authenticator.AuthenticatorBase.invoke(AuthenticatorBase.java:482)
		at org.apache.catalina.core.StandardHostValve.invoke(StandardHostValve.java:113)
		at org.apache.catalina.valves.ErrorReportValve.invoke(ErrorReportValve.java:83)
		at org.apache.catalina.valves.AbstractAccessLogValve.invoke(AbstractAccessLogValve.java:654)
		at org.apache.catalina.core.StandardEngineValve.invoke(StandardEngineValve.java:72)
		at org.apache.catalina.connector.CoyoteAdapter.service(CoyoteAdapter.java:341)
		at org.apache.coyote.http11.Http11Processor.service(Http11Processor.java:397)
		at org.apache.coyote.AbstractProcessorLight.process(AbstractProcessorLight.java:63)
		at org.apache.coyote.AbstractProtocol$ConnectionHandler.process(AbstractProtocol.java:903)
		at org.apache.tomcat.util.net.NioEndpoint$SocketProcessor.doRun(NioEndpoint.java:1778)
		at org.apache.tomcat.util.net.SocketProcessorBase.run(SocketProcessorBase.java:52)
		at org.apache.tomcat.util.threads.ThreadPoolExecutor.runWorker(ThreadPoolExecutor.java:946)
		at org.apache.tomcat.util.threads.ThreadPoolExecutor$Worker.run(ThreadPoolExecutor.java:480)
		at org.apache.tomcat.util.threads.TaskThread$WrappingRunnable.run(TaskThread.java:57)
		at java.base/java.lang.Thread.run(Thread.java:840)
14-Jan-2026 09:44:00.418 SEVERE [http-nio-8080-exec-2] org.apache.catalina.core.StandardWrapperValve.invoke Servlet.service() for servlet [jsp] in context with path [/TP01] threw exception [An exception occurred processing [/mabase.jsp] at line [38]

35:         %>
36:         <tr>
37:         <td><%=rs.getInt("num_joueur")%></td>
38:         <td><%=rs.getInt("nom_joueur")%></td>
39:         </tr>
40: <%  }
41: 


Stacktrace:] with root cause
	org.postgresql.util.PSQLException: Bad value for type int : Raphaël Adiceam
		at org.postgresql.jdbc.PgResultSet.toInt(PgResultSet.java:3474)
		at org.postgresql.jdbc.PgResultSet.getInt(PgResultSet.java:2680)
		at org.postgresql.jdbc.PgResultSet.getInt(PgResultSet.java:3068)
		at org.apache.jsp.mabase_jsp._jspService(mabase_jsp.java:167)
		at org.apache.jasper.runtime.HttpJspBase.service(HttpJspBase.java:64)
		at jakarta.servlet.http.HttpServlet.service(HttpServlet.java:710)
		at org.apache.jasper.servlet.JspServletWrapper.service(JspServletWrapper.java:428)
		at org.apache.jasper.servlet.JspServlet.serviceJspFile(JspServlet.java:330)
		at org.apache.jasper.servlet.JspServlet.service(JspServlet.java:281)
		at jakarta.servlet.http.HttpServlet.service(HttpServlet.java:710)
		at org.apache.catalina.core.ApplicationFilterChain.doFilter(ApplicationFilterChain.java:128)
		at org.apache.tomcat.websocket.server.WsFilter.doFilter(WsFilter.java:53)
		at org.apache.catalina.core.ApplicationFilterChain.doFilter(ApplicationFilterChain.java:107)
		at org.apache.catalina.core.StandardWrapperValve.invoke(StandardWrapperValve.java:165)
		at org.apache.catalina.core.StandardContextValve.invoke(StandardContextValve.java:77)
		at org.apache.catalina.authenticator.AuthenticatorBase.invoke(AuthenticatorBase.java:482)
		at org.apache.catalina.core.StandardHostValve.invoke(StandardHostValve.java:113)
		at org.apache.catalina.valves.ErrorReportValve.invoke(ErrorReportValve.java:83)
		at org.apache.catalina.valves.AbstractAccessLogValve.invoke(AbstractAccessLogValve.java:654)
		at org.apache.catalina.core.StandardEngineValve.invoke(StandardEngineValve.java:72)
		at org.apache.catalina.connector.CoyoteAdapter.service(CoyoteAdapter.java:341)
		at org.apache.coyote.http11.Http11Processor.service(Http11Processor.java:397)
		at org.apache.coyote.AbstractProcessorLight.process(AbstractProcessorLight.java:63)
		at org.apache.coyote.AbstractProtocol$ConnectionHandler.process(AbstractProtocol.java:903)
		at org.apache.tomcat.util.net.NioEndpoint$SocketProcessor.doRun(NioEndpoint.java:1778)
		at org.apache.tomcat.util.net.SocketProcessorBase.run(SocketProcessorBase.java:52)
		at org.apache.tomcat.util.threads.ThreadPoolExecutor.runWorker(ThreadPoolExecutor.java:946)
		at org.apache.tomcat.util.threads.ThreadPoolExecutor$Worker.run(ThreadPoolExecutor.java:480)
		at org.apache.tomcat.util.threads.TaskThread$WrappingRunnable.run(TaskThread.java:57)
		at java.base/java.lang.Thread.run(Thread.java:840)
14-Jan-2026 09:48:55.067 SEVERE [http-nio-8080-exec-9] org.apache.catalina.core.StandardWrapperValve.invoke Servlet.service() for servlet [jsp] in context with path [/TP01] threw exception [Unable to compile class for JSP: 

An error occurred at line: [13] in the jsp file: [/mabase.jsp]
BDD cannot be resolved
10: 
11: <table>
12: <%
13: try(Connection con = BDD.getConnection()) {
14:     String query = "select num_joueur, nom_joueur from joueurs";
15:     PreparedStatement ps = con.prepareStatement(query);
16:     ResultSet rs = ps.executeQuery();


Stacktrace:] with root cause
	org.apache.jasper.JasperException: Unable to compile class for JSP: 

An error occurred at line: [13] in the jsp file: [/mabase.jsp]
BDD cannot be resolved
10: 
11: <table>
12: <%
13: try(Connection con = BDD.getConnection()) {
14:     String query = "select num_joueur, nom_joueur from joueurs";
15:     PreparedStatement ps = con.prepareStatement(query);
16:     ResultSet rs = ps.executeQuery();


Stacktrace:
		at org.apache.jasper.compiler.DefaultErrorHandler.javacError(DefaultErrorHandler.java:70)
		at org.apache.jasper.compiler.ErrorDispatcher.javacError(ErrorDispatcher.java:189)
		at org.apache.jasper.compiler.JDTCompiler.generateClass(JDTCompiler.java:523)
		at org.apache.jasper.compiler.Compiler.compile(Compiler.java:367)
		at org.apache.jasper.compiler.Compiler.compile(Compiler.java:339)
		at org.apache.jasper.compiler.Compiler.compile(Compiler.java:325)
		at org.apache.jasper.JspCompilationContext.compile(JspCompilationContext.java:585)
		at org.apache.jasper.servlet.JspServletWrapper.service(JspServletWrapper.java:368)
		at org.apache.jasper.servlet.JspServlet.serviceJspFile(JspServlet.java:330)
		at org.apache.jasper.servlet.JspServlet.service(JspServlet.java:281)
		at jakarta.servlet.http.HttpServlet.service(HttpServlet.java:710)
		at org.apache.catalina.core.ApplicationFilterChain.doFilter(ApplicationFilterChain.java:128)
		at org.apache.tomcat.websocket.server.WsFilter.doFilter(WsFilter.java:53)
		at org.apache.catalina.core.ApplicationFilterChain.doFilter(ApplicationFilterChain.java:107)
		at org.apache.catalina.core.StandardWrapperValve.invoke(StandardWrapperValve.java:165)
		at org.apache.catalina.core.StandardContextValve.invoke(StandardContextValve.java:77)
		at org.apache.catalina.authenticator.AuthenticatorBase.invoke(AuthenticatorBase.java:482)
		at org.apache.catalina.core.StandardHostValve.invoke(StandardHostValve.java:113)
		at org.apache.catalina.valves.ErrorReportValve.invoke(ErrorReportValve.java:83)
		at org.apache.catalina.valves.AbstractAccessLogValve.invoke(AbstractAccessLogValve.java:654)
		at org.apache.catalina.core.StandardEngineValve.invoke(StandardEngineValve.java:72)
		at org.apache.catalina.connector.CoyoteAdapter.service(CoyoteAdapter.java:341)
		at org.apache.coyote.http11.Http11Processor.service(Http11Processor.java:397)
		at org.apache.coyote.AbstractProcessorLight.process(AbstractProcessorLight.java:63)
		at org.apache.coyote.AbstractProtocol$ConnectionHandler.process(AbstractProtocol.java:903)
		at org.apache.tomcat.util.net.NioEndpoint$SocketProcessor.doRun(NioEndpoint.java:1778)
		at org.apache.tomcat.util.net.SocketProcessorBase.run(SocketProcessorBase.java:52)
		at org.apache.tomcat.util.threads.ThreadPoolExecutor.runWorker(ThreadPoolExecutor.java:946)
		at org.apache.tomcat.util.threads.ThreadPoolExecutor$Worker.run(ThreadPoolExecutor.java:480)
		at org.apache.tomcat.util.threads.TaskThread$WrappingRunnable.run(TaskThread.java:57)
		at java.base/java.lang.Thread.run(Thread.java:840)
14-Jan-2026 09:48:55.679 SEVERE [http-nio-8080-exec-5] org.apache.catalina.core.StandardWrapperValve.invoke Servlet.service() for servlet [jsp] in context with path [/TP01] threw exception [org.apache.jasper.JasperException: java.lang.ClassNotFoundException: org.apache.jsp.mabase_jsp] with root cause
	java.lang.ClassNotFoundException: org.apache.jsp.mabase_jsp
		at java.base/java.net.URLClassLoader.findClass(URLClassLoader.java:445)
		at org.apache.jasper.servlet.JasperLoader.loadClass(JasperLoader.java:93)
		at org.apache.jasper.servlet.JasperLoader.loadClass(JasperLoader.java:47)
		at org.apache.catalina.core.DefaultInstanceManager.newInstance(DefaultInstanceManager.java:147)
		at org.apache.jasper.servlet.JspServletWrapper.getServlet(JspServletWrapper.java:163)
		at org.apache.jasper.servlet.JspServletWrapper.service(JspServletWrapper.java:382)
		at org.apache.jasper.servlet.JspServlet.serviceJspFile(JspServlet.java:330)
		at org.apache.jasper.servlet.JspServlet.service(JspServlet.java:281)
		at jakarta.servlet.http.HttpServlet.service(HttpServlet.java:710)
		at org.apache.catalina.core.ApplicationFilterChain.doFilter(ApplicationFilterChain.java:128)
		at org.apache.tomcat.websocket.server.WsFilter.doFilter(WsFilter.java:53)
		at org.apache.catalina.core.ApplicationFilterChain.doFilter(ApplicationFilterChain.java:107)
		at org.apache.catalina.core.StandardWrapperValve.invoke(StandardWrapperValve.java:165)
		at org.apache.catalina.core.StandardContextValve.invoke(StandardContextValve.java:77)
		at org.apache.catalina.authenticator.AuthenticatorBase.invoke(AuthenticatorBase.java:482)
		at org.apache.catalina.core.StandardHostValve.invoke(StandardHostValve.java:113)
		at org.apache.catalina.valves.ErrorReportValve.invoke(ErrorReportValve.java:83)
		at org.apache.catalina.valves.AbstractAccessLogValve.invoke(AbstractAccessLogValve.java:654)
		at org.apache.catalina.core.StandardEngineValve.invoke(StandardEngineValve.java:72)
		at org.apache.catalina.connector.CoyoteAdapter.service(CoyoteAdapter.java:341)
		at org.apache.coyote.http11.Http11Processor.service(Http11Processor.java:397)
		at org.apache.coyote.AbstractProcessorLight.process(AbstractProcessorLight.java:63)
		at org.apache.coyote.AbstractProtocol$ConnectionHandler.process(AbstractProtocol.java:903)
		at org.apache.tomcat.util.net.NioEndpoint$SocketProcessor.doRun(NioEndpoint.java:1778)
		at org.apache.tomcat.util.net.SocketProcessorBase.run(SocketProcessorBase.java:52)
		at org.apache.tomcat.util.threads.ThreadPoolExecutor.runWorker(ThreadPoolExecutor.java:946)
		at org.apache.tomcat.util.threads.ThreadPoolExecutor$Worker.run(ThreadPoolExecutor.java:480)
		at org.apache.tomcat.util.threads.TaskThread$WrappingRunnable.run(TaskThread.java:57)
		at java.base/java.lang.Thread.run(Thread.java:840)
14-Jan-2026 09:48:56.117 SEVERE [http-nio-8080-exec-2] org.apache.catalina.core.StandardWrapperValve.invoke Servlet.service() for servlet [jsp] in context with path [/TP01] threw exception [org.apache.jasper.JasperException: java.lang.ClassNotFoundException: org.apache.jsp.mabase_jsp] with root cause
	java.lang.ClassNotFoundException: org.apache.jsp.mabase_jsp
		at java.base/java.net.URLClassLoader.findClass(URLClassLoader.java:445)
		at org.apache.jasper.servlet.JasperLoader.loadClass(JasperLoader.java:93)
		at org.apache.jasper.servlet.JasperLoader.loadClass(JasperLoader.java:47)
		at org.apache.catalina.core.DefaultInstanceManager.newInstance(DefaultInstanceManager.java:147)
		at org.apache.jasper.servlet.JspServletWrapper.getServlet(JspServletWrapper.java:163)
		at org.apache.jasper.servlet.JspServletWrapper.service(JspServletWrapper.java:382)
		at org.apache.jasper.servlet.JspServlet.serviceJspFile(JspServlet.java:330)
		at org.apache.jasper.servlet.JspServlet.service(JspServlet.java:281)
		at jakarta.servlet.http.HttpServlet.service(HttpServlet.java:710)
		at org.apache.catalina.core.ApplicationFilterChain.doFilter(ApplicationFilterChain.java:128)
		at org.apache.tomcat.websocket.server.WsFilter.doFilter(WsFilter.java:53)
		at org.apache.catalina.core.ApplicationFilterChain.doFilter(ApplicationFilterChain.java:107)
		at org.apache.catalina.core.StandardWrapperValve.invoke(StandardWrapperValve.java:165)
		at org.apache.catalina.core.StandardContextValve.invoke(StandardContextValve.java:77)
		at org.apache.catalina.authenticator.AuthenticatorBase.invoke(AuthenticatorBase.java:482)
		at org.apache.catalina.core.StandardHostValve.invoke(StandardHostValve.java:113)
		at org.apache.catalina.valves.ErrorReportValve.invoke(ErrorReportValve.java:83)
		at org.apache.catalina.valves.AbstractAccessLogValve.invoke(AbstractAccessLogValve.java:654)
		at org.apache.catalina.core.StandardEngineValve.invoke(StandardEngineValve.java:72)
		at org.apache.catalina.connector.CoyoteAdapter.service(CoyoteAdapter.java:341)
		at org.apache.coyote.http11.Http11Processor.service(Http11Processor.java:397)
		at org.apache.coyote.AbstractProcessorLight.process(AbstractProcessorLight.java:63)
		at org.apache.coyote.AbstractProtocol$ConnectionHandler.process(AbstractProtocol.java:903)
		at org.apache.tomcat.util.net.NioEndpoint$SocketProcessor.doRun(NioEndpoint.java:1778)
		at org.apache.tomcat.util.net.SocketProcessorBase.run(SocketProcessorBase.java:52)
		at org.apache.tomcat.util.threads.ThreadPoolExecutor.runWorker(ThreadPoolExecutor.java:946)
		at org.apache.tomcat.util.threads.ThreadPoolExecutor$Worker.run(ThreadPoolExecutor.java:480)
		at org.apache.tomcat.util.threads.TaskThread$WrappingRunnable.run(TaskThread.java:57)
		at java.base/java.lang.Thread.run(Thread.java:840)
14-Jan-2026 09:48:56.475 SEVERE [http-nio-8080-exec-4] org.apache.catalina.core.StandardWrapperValve.invoke Servlet.service() for servlet [jsp] in context with path [/TP01] threw exception [org.apache.jasper.JasperException: java.lang.ClassNotFoundException: org.apache.jsp.mabase_jsp] with root cause
	java.lang.ClassNotFoundException: org.apache.jsp.mabase_jsp
		at java.base/java.net.URLClassLoader.findClass(URLClassLoader.java:445)
		at org.apache.jasper.servlet.JasperLoader.loadClass(JasperLoader.java:93)
		at org.apache.jasper.servlet.JasperLoader.loadClass(JasperLoader.java:47)
		at org.apache.catalina.core.DefaultInstanceManager.newInstance(DefaultInstanceManager.java:147)
		at org.apache.jasper.servlet.JspServletWrapper.getServlet(JspServletWrapper.java:163)
		at org.apache.jasper.servlet.JspServletWrapper.service(JspServletWrapper.java:382)
		at org.apache.jasper.servlet.JspServlet.serviceJspFile(JspServlet.java:330)
		at org.apache.jasper.servlet.JspServlet.service(JspServlet.java:281)
		at jakarta.servlet.http.HttpServlet.service(HttpServlet.java:710)
		at org.apache.catalina.core.ApplicationFilterChain.doFilter(ApplicationFilterChain.java:128)
		at org.apache.tomcat.websocket.server.WsFilter.doFilter(WsFilter.java:53)
		at org.apache.catalina.core.ApplicationFilterChain.doFilter(ApplicationFilterChain.java:107)
		at org.apache.catalina.core.StandardWrapperValve.invoke(StandardWrapperValve.java:165)
		at org.apache.catalina.core.StandardContextValve.invoke(StandardContextValve.java:77)
		at org.apache.catalina.authenticator.AuthenticatorBase.invoke(AuthenticatorBase.java:482)
		at org.apache.catalina.core.StandardHostValve.invoke(StandardHostValve.java:113)
		at org.apache.catalina.valves.ErrorReportValve.invoke(ErrorReportValve.java:83)
		at org.apache.catalina.valves.AbstractAccessLogValve.invoke(AbstractAccessLogValve.java:654)
		at org.apache.catalina.core.StandardEngineValve.invoke(StandardEngineValve.java:72)
		at org.apache.catalina.connector.CoyoteAdapter.service(CoyoteAdapter.java:341)
		at org.apache.coyote.http11.Http11Processor.service(Http11Processor.java:397)
		at org.apache.coyote.AbstractProcessorLight.process(AbstractProcessorLight.java:63)
		at org.apache.coyote.AbstractProtocol$ConnectionHandler.process(AbstractProtocol.java:903)
		at org.apache.tomcat.util.net.NioEndpoint$SocketProcessor.doRun(NioEndpoint.java:1778)
		at org.apache.tomcat.util.net.SocketProcessorBase.run(SocketProcessorBase.java:52)
		at org.apache.tomcat.util.threads.ThreadPoolExecutor.runWorker(ThreadPoolExecutor.java:946)
		at org.apache.tomcat.util.threads.ThreadPoolExecutor$Worker.run(ThreadPoolExecutor.java:480)
		at org.apache.tomcat.util.threads.TaskThread$WrappingRunnable.run(TaskThread.java:57)
		at java.base/java.lang.Thread.run(Thread.java:840)
14-Jan-2026 09:48:56.785 SEVERE [http-nio-8080-exec-8] org.apache.catalina.core.StandardWrapperValve.invoke Servlet.service() for servlet [jsp] in context with path [/TP01] threw exception [org.apache.jasper.JasperException: java.lang.ClassNotFoundException: org.apache.jsp.mabase_jsp] with root cause
	java.lang.ClassNotFoundException: org.apache.jsp.mabase_jsp
		at java.base/java.net.URLClassLoader.findClass(URLClassLoader.java:445)
		at org.apache.jasper.servlet.JasperLoader.loadClass(JasperLoader.java:93)
		at org.apache.jasper.servlet.JasperLoader.loadClass(JasperLoader.java:47)
		at org.apache.catalina.core.DefaultInstanceManager.newInstance(DefaultInstanceManager.java:147)
		at org.apache.jasper.servlet.JspServletWrapper.getServlet(JspServletWrapper.java:163)
		at org.apache.jasper.servlet.JspServletWrapper.service(JspServletWrapper.java:382)
		at org.apache.jasper.servlet.JspServlet.serviceJspFile(JspServlet.java:330)
		at org.apache.jasper.servlet.JspServlet.service(JspServlet.java:281)
		at jakarta.servlet.http.HttpServlet.service(HttpServlet.java:710)
		at org.apache.catalina.core.ApplicationFilterChain.doFilter(ApplicationFilterChain.java:128)
		at org.apache.tomcat.websocket.server.WsFilter.doFilter(WsFilter.java:53)
		at org.apache.catalina.core.ApplicationFilterChain.doFilter(ApplicationFilterChain.java:107)
		at org.apache.catalina.core.StandardWrapperValve.invoke(StandardWrapperValve.java:165)
		at org.apache.catalina.core.StandardContextValve.invoke(StandardContextValve.java:77)
		at org.apache.catalina.authenticator.AuthenticatorBase.invoke(AuthenticatorBase.java:482)
		at org.apache.catalina.core.StandardHostValve.invoke(StandardHostValve.java:113)
		at org.apache.catalina.valves.ErrorReportValve.invoke(ErrorReportValve.java:83)
		at org.apache.catalina.valves.AbstractAccessLogValve.invoke(AbstractAccessLogValve.java:654)
		at org.apache.catalina.core.StandardEngineValve.invoke(StandardEngineValve.java:72)
		at org.apache.catalina.connector.CoyoteAdapter.service(CoyoteAdapter.java:341)
		at org.apache.coyote.http11.Http11Processor.service(Http11Processor.java:397)
		at org.apache.coyote.AbstractProcessorLight.process(AbstractProcessorLight.java:63)
		at org.apache.coyote.AbstractProtocol$ConnectionHandler.process(AbstractProtocol.java:903)
		at org.apache.tomcat.util.net.NioEndpoint$SocketProcessor.doRun(NioEndpoint.java:1778)
		at org.apache.tomcat.util.net.SocketProcessorBase.run(SocketProcessorBase.java:52)
		at org.apache.tomcat.util.threads.ThreadPoolExecutor.runWorker(ThreadPoolExecutor.java:946)
		at org.apache.tomcat.util.threads.ThreadPoolExecutor$Worker.run(ThreadPoolExecutor.java:480)
		at org.apache.tomcat.util.threads.TaskThread$WrappingRunnable.run(TaskThread.java:57)
		at java.base/java.lang.Thread.run(Thread.java:840)
14-Jan-2026 09:48:57.076 SEVERE [http-nio-8080-exec-10] org.apache.catalina.core.StandardWrapperValve.invoke Servlet.service() for servlet [jsp] in context with path [/TP01] threw exception [org.apache.jasper.JasperException: java.lang.ClassNotFoundException: org.apache.jsp.mabase_jsp] with root cause
	java.lang.ClassNotFoundException: org.apache.jsp.mabase_jsp
		at java.base/java.net.URLClassLoader.findClass(URLClassLoader.java:445)
		at org.apache.jasper.servlet.JasperLoader.loadClass(JasperLoader.java:93)
		at org.apache.jasper.servlet.JasperLoader.loadClass(JasperLoader.java:47)
		at org.apache.catalina.core.DefaultInstanceManager.newInstance(DefaultInstanceManager.java:147)
		at org.apache.jasper.servlet.JspServletWrapper.getServlet(JspServletWrapper.java:163)
		at org.apache.jasper.servlet.JspServletWrapper.service(JspServletWrapper.java:382)
		at org.apache.jasper.servlet.JspServlet.serviceJspFile(JspServlet.java:330)
		at org.apache.jasper.servlet.JspServlet.service(JspServlet.java:281)
		at jakarta.servlet.http.HttpServlet.service(HttpServlet.java:710)
		at org.apache.catalina.core.ApplicationFilterChain.doFilter(ApplicationFilterChain.java:128)
		at org.apache.tomcat.websocket.server.WsFilter.doFilter(WsFilter.java:53)
		at org.apache.catalina.core.ApplicationFilterChain.doFilter(ApplicationFilterChain.java:107)
		at org.apache.catalina.core.StandardWrapperValve.invoke(StandardWrapperValve.java:165)
		at org.apache.catalina.core.StandardContextValve.invoke(StandardContextValve.java:77)
		at org.apache.catalina.authenticator.AuthenticatorBase.invoke(AuthenticatorBase.java:482)
		at org.apache.catalina.core.StandardHostValve.invoke(StandardHostValve.java:113)
		at org.apache.catalina.valves.ErrorReportValve.invoke(ErrorReportValve.java:83)
		at org.apache.catalina.valves.AbstractAccessLogValve.invoke(AbstractAccessLogValve.java:654)
		at org.apache.catalina.core.StandardEngineValve.invoke(StandardEngineValve.java:72)
		at org.apache.catalina.connector.CoyoteAdapter.service(CoyoteAdapter.java:341)
		at org.apache.coyote.http11.Http11Processor.service(Http11Processor.java:397)
		at org.apache.coyote.AbstractProcessorLight.process(AbstractProcessorLight.java:63)
		at org.apache.coyote.AbstractProtocol$ConnectionHandler.process(AbstractProtocol.java:903)
		at org.apache.tomcat.util.net.NioEndpoint$SocketProcessor.doRun(NioEndpoint.java:1778)
		at org.apache.tomcat.util.net.SocketProcessorBase.run(SocketProcessorBase.java:52)
		at org.apache.tomcat.util.threads.ThreadPoolExecutor.runWorker(ThreadPoolExecutor.java:946)
		at org.apache.tomcat.util.threads.ThreadPoolExecutor$Worker.run(ThreadPoolExecutor.java:480)
		at org.apache.tomcat.util.threads.TaskThread$WrappingRunnable.run(TaskThread.java:57)
		at java.base/java.lang.Thread.run(Thread.java:840)
14-Jan-2026 09:48:57.667 SEVERE [http-nio-8080-exec-6] org.apache.catalina.core.StandardWrapperValve.invoke Servlet.service() for servlet [jsp] in context with path [/TP01] threw exception [org.apache.jasper.JasperException: java.lang.ClassNotFoundException: org.apache.jsp.mabase_jsp] with root cause
	java.lang.ClassNotFoundException: org.apache.jsp.mabase_jsp
		at java.base/java.net.URLClassLoader.findClass(URLClassLoader.java:445)
		at org.apache.jasper.servlet.JasperLoader.loadClass(JasperLoader.java:93)
		at org.apache.jasper.servlet.JasperLoader.loadClass(JasperLoader.java:47)
		at org.apache.catalina.core.DefaultInstanceManager.newInstance(DefaultInstanceManager.java:147)
		at org.apache.jasper.servlet.JspServletWrapper.getServlet(JspServletWrapper.java:163)
		at org.apache.jasper.servlet.JspServletWrapper.service(JspServletWrapper.java:382)
		at org.apache.jasper.servlet.JspServlet.serviceJspFile(JspServlet.java:330)
		at org.apache.jasper.servlet.JspServlet.service(JspServlet.java:281)
		at jakarta.servlet.http.HttpServlet.service(HttpServlet.java:710)
		at org.apache.catalina.core.ApplicationFilterChain.doFilter(ApplicationFilterChain.java:128)
		at org.apache.tomcat.websocket.server.WsFilter.doFilter(WsFilter.java:53)
		at org.apache.catalina.core.ApplicationFilterChain.doFilter(ApplicationFilterChain.java:107)
		at org.apache.catalina.core.StandardWrapperValve.invoke(StandardWrapperValve.java:165)
		at org.apache.catalina.core.StandardContextValve.invoke(StandardContextValve.java:77)
		at org.apache.catalina.authenticator.AuthenticatorBase.invoke(AuthenticatorBase.java:482)
		at org.apache.catalina.core.StandardHostValve.invoke(StandardHostValve.java:113)
		at org.apache.catalina.valves.ErrorReportValve.invoke(ErrorReportValve.java:83)
		at org.apache.catalina.valves.AbstractAccessLogValve.invoke(AbstractAccessLogValve.java:654)
		at org.apache.catalina.core.StandardEngineValve.invoke(StandardEngineValve.java:72)
		at org.apache.catalina.connector.CoyoteAdapter.service(CoyoteAdapter.java:341)
		at org.apache.coyote.http11.Http11Processor.service(Http11Processor.java:397)
		at org.apache.coyote.AbstractProcessorLight.process(AbstractProcessorLight.java:63)
		at org.apache.coyote.AbstractProtocol$ConnectionHandler.process(AbstractProtocol.java:903)
		at org.apache.tomcat.util.net.NioEndpoint$SocketProcessor.doRun(NioEndpoint.java:1778)
		at org.apache.tomcat.util.net.SocketProcessorBase.run(SocketProcessorBase.java:52)
		at org.apache.tomcat.util.threads.ThreadPoolExecutor.runWorker(ThreadPoolExecutor.java:946)
		at org.apache.tomcat.util.threads.ThreadPoolExecutor$Worker.run(ThreadPoolExecutor.java:480)
		at org.apache.tomcat.util.threads.TaskThread$WrappingRunnable.run(TaskThread.java:57)
		at java.base/java.lang.Thread.run(Thread.java:840)
14-Jan-2026 09:48:58.217 SEVERE [http-nio-8080-exec-12] org.apache.catalina.core.StandardWrapperValve.invoke Servlet.service() for servlet [jsp] in context with path [/TP01] threw exception [org.apache.jasper.JasperException: java.lang.ClassNotFoundException: org.apache.jsp.mabase_jsp] with root cause
	java.lang.ClassNotFoundException: org.apache.jsp.mabase_jsp
		at java.base/java.net.URLClassLoader.findClass(URLClassLoader.java:445)
		at org.apache.jasper.servlet.JasperLoader.loadClass(JasperLoader.java:93)
		at org.apache.jasper.servlet.JasperLoader.loadClass(JasperLoader.java:47)
		at org.apache.catalina.core.DefaultInstanceManager.newInstance(DefaultInstanceManager.java:147)
		at org.apache.jasper.servlet.JspServletWrapper.getServlet(JspServletWrapper.java:163)
		at org.apache.jasper.servlet.JspServletWrapper.service(JspServletWrapper.java:382)
		at org.apache.jasper.servlet.JspServlet.serviceJspFile(JspServlet.java:330)
		at org.apache.jasper.servlet.JspServlet.service(JspServlet.java:281)
		at jakarta.servlet.http.HttpServlet.service(HttpServlet.java:710)
		at org.apache.catalina.core.ApplicationFilterChain.doFilter(ApplicationFilterChain.java:128)
		at org.apache.tomcat.websocket.server.WsFilter.doFilter(WsFilter.java:53)
		at org.apache.catalina.core.ApplicationFilterChain.doFilter(ApplicationFilterChain.java:107)
		at org.apache.catalina.core.StandardWrapperValve.invoke(StandardWrapperValve.java:165)
		at org.apache.catalina.core.StandardContextValve.invoke(StandardContextValve.java:77)
		at org.apache.catalina.authenticator.AuthenticatorBase.invoke(AuthenticatorBase.java:482)
		at org.apache.catalina.core.StandardHostValve.invoke(StandardHostValve.java:113)
		at org.apache.catalina.valves.ErrorReportValve.invoke(ErrorReportValve.java:83)
		at org.apache.catalina.valves.AbstractAccessLogValve.invoke(AbstractAccessLogValve.java:654)
		at org.apache.catalina.core.StandardEngineValve.invoke(StandardEngineValve.java:72)
		at org.apache.catalina.connector.CoyoteAdapter.service(CoyoteAdapter.java:341)
		at org.apache.coyote.http11.Http11Processor.service(Http11Processor.java:397)
		at org.apache.coyote.AbstractProcessorLight.process(AbstractProcessorLight.java:63)
		at org.apache.coyote.AbstractProtocol$ConnectionHandler.process(AbstractProtocol.java:903)
		at org.apache.tomcat.util.net.NioEndpoint$SocketProcessor.doRun(NioEndpoint.java:1778)
		at org.apache.tomcat.util.net.SocketProcessorBase.run(SocketProcessorBase.java:52)
		at org.apache.tomcat.util.threads.ThreadPoolExecutor.runWorker(ThreadPoolExecutor.java:946)
		at org.apache.tomcat.util.threads.ThreadPoolExecutor$Worker.run(ThreadPoolExecutor.java:480)
		at org.apache.tomcat.util.threads.TaskThread$WrappingRunnable.run(TaskThread.java:57)
		at java.base/java.lang.Thread.run(Thread.java:840)
14-Jan-2026 09:48:58.541 SEVERE [http-nio-8080-exec-11] org.apache.catalina.core.StandardWrapperValve.invoke Servlet.service() for servlet [jsp] in context with path [/TP01] threw exception [org.apache.jasper.JasperException: java.lang.ClassNotFoundException: org.apache.jsp.mabase_jsp] with root cause
	java.lang.ClassNotFoundException: org.apache.jsp.mabase_jsp
		at java.base/java.net.URLClassLoader.findClass(URLClassLoader.java:445)
		at org.apache.jasper.servlet.JasperLoader.loadClass(JasperLoader.java:93)
		at org.apache.jasper.servlet.JasperLoader.loadClass(JasperLoader.java:47)
		at org.apache.catalina.core.DefaultInstanceManager.newInstance(DefaultInstanceManager.java:147)
		at org.apache.jasper.servlet.JspServletWrapper.getServlet(JspServletWrapper.java:163)
		at org.apache.jasper.servlet.JspServletWrapper.service(JspServletWrapper.java:382)
		at org.apache.jasper.servlet.JspServlet.serviceJspFile(JspServlet.java:330)
		at org.apache.jasper.servlet.JspServlet.service(JspServlet.java:281)
		at jakarta.servlet.http.HttpServlet.service(HttpServlet.java:710)
		at org.apache.catalina.core.ApplicationFilterChain.doFilter(ApplicationFilterChain.java:128)
		at org.apache.tomcat.websocket.server.WsFilter.doFilter(WsFilter.java:53)
		at org.apache.catalina.core.ApplicationFilterChain.doFilter(ApplicationFilterChain.java:107)
		at org.apache.catalina.core.StandardWrapperValve.invoke(StandardWrapperValve.java:165)
		at org.apache.catalina.core.StandardContextValve.invoke(StandardContextValve.java:77)
		at org.apache.catalina.authenticator.AuthenticatorBase.invoke(AuthenticatorBase.java:482)
		at org.apache.catalina.core.StandardHostValve.invoke(StandardHostValve.java:113)
		at org.apache.catalina.valves.ErrorReportValve.invoke(ErrorReportValve.java:83)
		at org.apache.catalina.valves.AbstractAccessLogValve.invoke(AbstractAccessLogValve.java:654)
		at org.apache.catalina.core.StandardEngineValve.invoke(StandardEngineValve.java:72)
		at org.apache.catalina.connector.CoyoteAdapter.service(CoyoteAdapter.java:341)
		at org.apache.coyote.http11.Http11Processor.service(Http11Processor.java:397)
		at org.apache.coyote.AbstractProcessorLight.process(AbstractProcessorLight.java:63)
		at org.apache.coyote.AbstractProtocol$ConnectionHandler.process(AbstractProtocol.java:903)
		at org.apache.tomcat.util.net.NioEndpoint$SocketProcessor.doRun(NioEndpoint.java:1778)
		at org.apache.tomcat.util.net.SocketProcessorBase.run(SocketProcessorBase.java:52)
		at org.apache.tomcat.util.threads.ThreadPoolExecutor.runWorker(ThreadPoolExecutor.java:946)
		at org.apache.tomcat.util.threads.ThreadPoolExecutor$Worker.run(ThreadPoolExecutor.java:480)
		at org.apache.tomcat.util.threads.TaskThread$WrappingRunnable.run(TaskThread.java:57)
		at java.base/java.lang.Thread.run(Thread.java:840)
14-Jan-2026 09:48:58.922 SEVERE [http-nio-8080-exec-13] org.apache.catalina.core.StandardWrapperValve.invoke Servlet.service() for servlet [jsp] in context with path [/TP01] threw exception [org.apache.jasper.JasperException: java.lang.ClassNotFoundException: org.apache.jsp.mabase_jsp] with root cause
	java.lang.ClassNotFoundException: org.apache.jsp.mabase_jsp
		at java.base/java.net.URLClassLoader.findClass(URLClassLoader.java:445)
		at org.apache.jasper.servlet.JasperLoader.loadClass(JasperLoader.java:93)
		at org.apache.jasper.servlet.JasperLoader.loadClass(JasperLoader.java:47)
		at org.apache.catalina.core.DefaultInstanceManager.newInstance(DefaultInstanceManager.java:147)
		at org.apache.jasper.servlet.JspServletWrapper.getServlet(JspServletWrapper.java:163)
		at org.apache.jasper.servlet.JspServletWrapper.service(JspServletWrapper.java:382)
		at org.apache.jasper.servlet.JspServlet.serviceJspFile(JspServlet.java:330)
		at org.apache.jasper.servlet.JspServlet.service(JspServlet.java:281)
		at jakarta.servlet.http.HttpServlet.service(HttpServlet.java:710)
		at org.apache.catalina.core.ApplicationFilterChain.doFilter(ApplicationFilterChain.java:128)
		at org.apache.tomcat.websocket.server.WsFilter.doFilter(WsFilter.java:53)
		at org.apache.catalina.core.ApplicationFilterChain.doFilter(ApplicationFilterChain.java:107)
		at org.apache.catalina.core.StandardWrapperValve.invoke(StandardWrapperValve.java:165)
		at org.apache.catalina.core.StandardContextValve.invoke(StandardContextValve.java:77)
		at org.apache.catalina.authenticator.AuthenticatorBase.invoke(AuthenticatorBase.java:482)
		at org.apache.catalina.core.StandardHostValve.invoke(StandardHostValve.java:113)
		at org.apache.catalina.valves.ErrorReportValve.invoke(ErrorReportValve.java:83)
		at org.apache.catalina.valves.AbstractAccessLogValve.invoke(AbstractAccessLogValve.java:654)
		at org.apache.catalina.core.StandardEngineValve.invoke(StandardEngineValve.java:72)
		at org.apache.catalina.connector.CoyoteAdapter.service(CoyoteAdapter.java:341)
		at org.apache.coyote.http11.Http11Processor.service(Http11Processor.java:397)
		at org.apache.coyote.AbstractProcessorLight.process(AbstractProcessorLight.java:63)
		at org.apache.coyote.AbstractProtocol$ConnectionHandler.process(AbstractProtocol.java:903)
		at org.apache.tomcat.util.net.NioEndpoint$SocketProcessor.doRun(NioEndpoint.java:1778)
		at org.apache.tomcat.util.net.SocketProcessorBase.run(SocketProcessorBase.java:52)
		at org.apache.tomcat.util.threads.ThreadPoolExecutor.runWorker(ThreadPoolExecutor.java:946)
		at org.apache.tomcat.util.threads.ThreadPoolExecutor$Worker.run(ThreadPoolExecutor.java:480)
		at org.apache.tomcat.util.threads.TaskThread$WrappingRunnable.run(TaskThread.java:57)
		at java.base/java.lang.Thread.run(Thread.java:840)
14-Jan-2026 09:49:31.458 SEVERE [http-nio-8080-exec-14] org.apache.catalina.core.StandardWrapperValve.invoke Servlet.service() for servlet [jsp] in context with path [/TP01] threw exception [Unable to compile class for JSP: 

An error occurred at line: [13] in the jsp file: [/mabase.jsp]
BDD cannot be resolved
10: 
11: <table>
12: <%
13: try(Connection con = BDD.getConnection()) {
14:     String query = "select num_joueur, nom_joueur from joueurs";
15:     PreparedStatement ps = con.prepareStatement(query);
16:     ResultSet rs = ps.executeQuery();


Stacktrace:] with root cause
	org.apache.jasper.JasperException: Unable to compile class for JSP: 

An error occurred at line: [13] in the jsp file: [/mabase.jsp]
BDD cannot be resolved
10: 
11: <table>
12: <%
13: try(Connection con = BDD.getConnection()) {
14:     String query = "select num_joueur, nom_joueur from joueurs";
15:     PreparedStatement ps = con.prepareStatement(query);
16:     ResultSet rs = ps.executeQuery();


Stacktrace:
		at org.apache.jasper.compiler.DefaultErrorHandler.javacError(DefaultErrorHandler.java:70)
		at org.apache.jasper.compiler.ErrorDispatcher.javacError(ErrorDispatcher.java:189)
		at org.apache.jasper.compiler.JDTCompiler.generateClass(JDTCompiler.java:523)
		at org.apache.jasper.compiler.Compiler.compile(Compiler.java:367)
		at org.apache.jasper.compiler.Compiler.compile(Compiler.java:339)
		at org.apache.jasper.compiler.Compiler.compile(Compiler.java:325)
		at org.apache.jasper.JspCompilationContext.compile(JspCompilationContext.java:585)
		at org.apache.jasper.servlet.JspServletWrapper.service(JspServletWrapper.java:368)
		at org.apache.jasper.servlet.JspServlet.serviceJspFile(JspServlet.java:330)
		at org.apache.jasper.servlet.JspServlet.service(JspServlet.java:281)
		at jakarta.servlet.http.HttpServlet.service(HttpServlet.java:710)
		at org.apache.catalina.core.ApplicationFilterChain.doFilter(ApplicationFilterChain.java:128)
		at org.apache.tomcat.websocket.server.WsFilter.doFilter(WsFilter.java:53)
		at org.apache.catalina.core.ApplicationFilterChain.doFilter(ApplicationFilterChain.java:107)
		at org.apache.catalina.core.StandardWrapperValve.invoke(StandardWrapperValve.java:165)
		at org.apache.catalina.core.StandardContextValve.invoke(StandardContextValve.java:77)
		at org.apache.catalina.authenticator.AuthenticatorBase.invoke(AuthenticatorBase.java:482)
		at org.apache.catalina.core.StandardHostValve.invoke(StandardHostValve.java:113)
		at org.apache.catalina.valves.ErrorReportValve.invoke(ErrorReportValve.java:83)
		at org.apache.catalina.valves.AbstractAccessLogValve.invoke(AbstractAccessLogValve.java:654)
		at org.apache.catalina.core.StandardEngineValve.invoke(StandardEngineValve.java:72)
		at org.apache.catalina.connector.CoyoteAdapter.service(CoyoteAdapter.java:341)
		at org.apache.coyote.http11.Http11Processor.service(Http11Processor.java:397)
		at org.apache.coyote.AbstractProcessorLight.process(AbstractProcessorLight.java:63)
		at org.apache.coyote.AbstractProtocol$ConnectionHandler.process(AbstractProtocol.java:903)
		at org.apache.tomcat.util.net.NioEndpoint$SocketProcessor.doRun(NioEndpoint.java:1778)
		at org.apache.tomcat.util.net.SocketProcessorBase.run(SocketProcessorBase.java:52)
		at org.apache.tomcat.util.threads.ThreadPoolExecutor.runWorker(ThreadPoolExecutor.java:946)
		at org.apache.tomcat.util.threads.ThreadPoolExecutor$Worker.run(ThreadPoolExecutor.java:480)
		at org.apache.tomcat.util.threads.TaskThread$WrappingRunnable.run(TaskThread.java:57)
		at java.base/java.lang.Thread.run(Thread.java:840)
14-Jan-2026 09:49:31.847 SEVERE [http-nio-8080-exec-5] org.apache.catalina.core.StandardWrapperValve.invoke Servlet.service() for servlet [jsp] in context with path [/TP01] threw exception [org.apache.jasper.JasperException: java.lang.ClassNotFoundException: org.apache.jsp.mabase_jsp] with root cause
	java.lang.ClassNotFoundException: org.apache.jsp.mabase_jsp
		at java.base/java.net.URLClassLoader.findClass(URLClassLoader.java:445)
		at org.apache.jasper.servlet.JasperLoader.loadClass(JasperLoader.java:93)
		at org.apache.jasper.servlet.JasperLoader.loadClass(JasperLoader.java:47)
		at org.apache.catalina.core.DefaultInstanceManager.newInstance(DefaultInstanceManager.java:147)
		at org.apache.jasper.servlet.JspServletWrapper.getServlet(JspServletWrapper.java:163)
		at org.apache.jasper.servlet.JspServletWrapper.service(JspServletWrapper.java:382)
		at org.apache.jasper.servlet.JspServlet.serviceJspFile(JspServlet.java:330)
		at org.apache.jasper.servlet.JspServlet.service(JspServlet.java:281)
		at jakarta.servlet.http.HttpServlet.service(HttpServlet.java:710)
		at org.apache.catalina.core.ApplicationFilterChain.doFilter(ApplicationFilterChain.java:128)
		at org.apache.tomcat.websocket.server.WsFilter.doFilter(WsFilter.java:53)
		at org.apache.catalina.core.ApplicationFilterChain.doFilter(ApplicationFilterChain.java:107)
		at org.apache.catalina.core.StandardWrapperValve.invoke(StandardWrapperValve.java:165)
		at org.apache.catalina.core.StandardContextValve.invoke(StandardContextValve.java:77)
		at org.apache.catalina.authenticator.AuthenticatorBase.invoke(AuthenticatorBase.java:482)
		at org.apache.catalina.core.StandardHostValve.invoke(StandardHostValve.java:113)
		at org.apache.catalina.valves.ErrorReportValve.invoke(ErrorReportValve.java:83)
		at org.apache.catalina.valves.AbstractAccessLogValve.invoke(AbstractAccessLogValve.java:654)
		at org.apache.catalina.core.StandardEngineValve.invoke(StandardEngineValve.java:72)
		at org.apache.catalina.connector.CoyoteAdapter.service(CoyoteAdapter.java:341)
		at org.apache.coyote.http11.Http11Processor.service(Http11Processor.java:397)
		at org.apache.coyote.AbstractProcessorLight.process(AbstractProcessorLight.java:63)
		at org.apache.coyote.AbstractProtocol$ConnectionHandler.process(AbstractProtocol.java:903)
		at org.apache.tomcat.util.net.NioEndpoint$SocketProcessor.doRun(NioEndpoint.java:1778)
		at org.apache.tomcat.util.net.SocketProcessorBase.run(SocketProcessorBase.java:52)
		at org.apache.tomcat.util.threads.ThreadPoolExecutor.runWorker(ThreadPoolExecutor.java:946)
		at org.apache.tomcat.util.threads.ThreadPoolExecutor$Worker.run(ThreadPoolExecutor.java:480)
		at org.apache.tomcat.util.threads.TaskThread$WrappingRunnable.run(TaskThread.java:57)
		at java.base/java.lang.Thread.run(Thread.java:840)
14-Jan-2026 09:49:32.182 SEVERE [http-nio-8080-exec-15] org.apache.catalina.core.StandardWrapperValve.invoke Servlet.service() for servlet [jsp] in context with path [/TP01] threw exception [org.apache.jasper.JasperException: java.lang.ClassNotFoundException: org.apache.jsp.mabase_jsp] with root cause
	java.lang.ClassNotFoundException: org.apache.jsp.mabase_jsp
		at java.base/java.net.URLClassLoader.findClass(URLClassLoader.java:445)
		at org.apache.jasper.servlet.JasperLoader.loadClass(JasperLoader.java:93)
		at org.apache.jasper.servlet.JasperLoader.loadClass(JasperLoader.java:47)
		at org.apache.catalina.core.DefaultInstanceManager.newInstance(DefaultInstanceManager.java:147)
		at org.apache.jasper.servlet.JspServletWrapper.getServlet(JspServletWrapper.java:163)
		at org.apache.jasper.servlet.JspServletWrapper.service(JspServletWrapper.java:382)
		at org.apache.jasper.servlet.JspServlet.serviceJspFile(JspServlet.java:330)
		at org.apache.jasper.servlet.JspServlet.service(JspServlet.java:281)
		at jakarta.servlet.http.HttpServlet.service(HttpServlet.java:710)
		at org.apache.catalina.core.ApplicationFilterChain.doFilter(ApplicationFilterChain.java:128)
		at org.apache.tomcat.websocket.server.WsFilter.doFilter(WsFilter.java:53)
		at org.apache.catalina.core.ApplicationFilterChain.doFilter(ApplicationFilterChain.java:107)
		at org.apache.catalina.core.StandardWrapperValve.invoke(StandardWrapperValve.java:165)
		at org.apache.catalina.core.StandardContextValve.invoke(StandardContextValve.java:77)
		at org.apache.catalina.authenticator.AuthenticatorBase.invoke(AuthenticatorBase.java:482)
		at org.apache.catalina.core.StandardHostValve.invoke(StandardHostValve.java:113)
		at org.apache.catalina.valves.ErrorReportValve.invoke(ErrorReportValve.java:83)
		at org.apache.catalina.valves.AbstractAccessLogValve.invoke(AbstractAccessLogValve.java:654)
		at org.apache.catalina.core.StandardEngineValve.invoke(StandardEngineValve.java:72)
		at org.apache.catalina.connector.CoyoteAdapter.service(CoyoteAdapter.java:341)
		at org.apache.coyote.http11.Http11Processor.service(Http11Processor.java:397)
		at org.apache.coyote.AbstractProcessorLight.process(AbstractProcessorLight.java:63)
		at org.apache.coyote.AbstractProtocol$ConnectionHandler.process(AbstractProtocol.java:903)
		at org.apache.tomcat.util.net.NioEndpoint$SocketProcessor.doRun(NioEndpoint.java:1778)
		at org.apache.tomcat.util.net.SocketProcessorBase.run(SocketProcessorBase.java:52)
		at org.apache.tomcat.util.threads.ThreadPoolExecutor.runWorker(ThreadPoolExecutor.java:946)
		at org.apache.tomcat.util.threads.ThreadPoolExecutor$Worker.run(ThreadPoolExecutor.java:480)
		at org.apache.tomcat.util.threads.TaskThread$WrappingRunnable.run(TaskThread.java:57)
		at java.base/java.lang.Thread.run(Thread.java:840)
14-Jan-2026 09:49:32.515 SEVERE [http-nio-8080-exec-4] org.apache.catalina.core.StandardWrapperValve.invoke Servlet.service() for servlet [jsp] in context with path [/TP01] threw exception [org.apache.jasper.JasperException: java.lang.ClassNotFoundException: org.apache.jsp.mabase_jsp] with root cause
	java.lang.ClassNotFoundException: org.apache.jsp.mabase_jsp
		at java.base/java.net.URLClassLoader.findClass(URLClassLoader.java:445)
		at org.apache.jasper.servlet.JasperLoader.loadClass(JasperLoader.java:93)
		at org.apache.jasper.servlet.JasperLoader.loadClass(JasperLoader.java:47)
		at org.apache.catalina.core.DefaultInstanceManager.newInstance(DefaultInstanceManager.java:147)
		at org.apache.jasper.servlet.JspServletWrapper.getServlet(JspServletWrapper.java:163)
		at org.apache.jasper.servlet.JspServletWrapper.service(JspServletWrapper.java:382)
		at org.apache.jasper.servlet.JspServlet.serviceJspFile(JspServlet.java:330)
		at org.apache.jasper.servlet.JspServlet.service(JspServlet.java:281)
		at jakarta.servlet.http.HttpServlet.service(HttpServlet.java:710)
		at org.apache.catalina.core.ApplicationFilterChain.doFilter(ApplicationFilterChain.java:128)
		at org.apache.tomcat.websocket.server.WsFilter.doFilter(WsFilter.java:53)
		at org.apache.catalina.core.ApplicationFilterChain.doFilter(ApplicationFilterChain.java:107)
		at org.apache.catalina.core.StandardWrapperValve.invoke(StandardWrapperValve.java:165)
		at org.apache.catalina.core.StandardContextValve.invoke(StandardContextValve.java:77)
		at org.apache.catalina.authenticator.AuthenticatorBase.invoke(AuthenticatorBase.java:482)
		at org.apache.catalina.core.StandardHostValve.invoke(StandardHostValve.java:113)
		at org.apache.catalina.valves.ErrorReportValve.invoke(ErrorReportValve.java:83)
		at org.apache.catalina.valves.AbstractAccessLogValve.invoke(AbstractAccessLogValve.java:654)
		at org.apache.catalina.core.StandardEngineValve.invoke(StandardEngineValve.java:72)
		at org.apache.catalina.connector.CoyoteAdapter.service(CoyoteAdapter.java:341)
		at org.apache.coyote.http11.Http11Processor.service(Http11Processor.java:397)
		at org.apache.coyote.AbstractProcessorLight.process(AbstractProcessorLight.java:63)
		at org.apache.coyote.AbstractProtocol$ConnectionHandler.process(AbstractProtocol.java:903)
		at org.apache.tomcat.util.net.NioEndpoint$SocketProcessor.doRun(NioEndpoint.java:1778)
		at org.apache.tomcat.util.net.SocketProcessorBase.run(SocketProcessorBase.java:52)
		at org.apache.tomcat.util.threads.ThreadPoolExecutor.runWorker(ThreadPoolExecutor.java:946)
		at org.apache.tomcat.util.threads.ThreadPoolExecutor$Worker.run(ThreadPoolExecutor.java:480)
		at org.apache.tomcat.util.threads.TaskThread$WrappingRunnable.run(TaskThread.java:57)
		at java.base/java.lang.Thread.run(Thread.java:840)
14-Jan-2026 09:49:40.907 INFO [Thread-1] org.apache.catalina.core.ApplicationContext.log SessionListener: contextDestroyed()
14-Jan-2026 09:49:40.907 INFO [Thread-1] org.apache.catalina.core.ApplicationContext.log ContextListener: contextDestroyed()
14-Jan-2026 09:49:42.465 INFO [main] org.apache.catalina.core.ApplicationContext.log ContextListener: contextInitialized()
14-Jan-2026 09:49:42.465 INFO [main] org.apache.catalina.core.ApplicationContext.log SessionListener: contextInitialized()
14-Jan-2026 09:49:42.466 INFO [main] org.apache.catalina.core.ApplicationContext.log ContextListener: attributeAdded('StockTicker', 'async.Stockticker@6bce313')
14-Jan-2026 09:49:45.387 SEVERE [http-nio-8080-exec-1] org.apache.catalina.core.StandardWrapperValve.invoke Servlet.service() for servlet [jsp] in context with path [/TP01] threw exception [Unable to compile class for JSP: 

An error occurred at line: [13] in the jsp file: [/mabase.jsp]
BDD cannot be resolved
10: 
11: <table>
12: <%
13: try(Connection con = BDD.getConnection()) {
14:     String query = "select num_joueur, nom_joueur from joueurs";
15:     PreparedStatement ps = con.prepareStatement(query);
16:     ResultSet rs = ps.executeQuery();


Stacktrace:] with root cause
	org.apache.jasper.JasperException: Unable to compile class for JSP: 

An error occurred at line: [13] in the jsp file: [/mabase.jsp]
BDD cannot be resolved
10: 
11: <table>
12: <%
13: try(Connection con = BDD.getConnection()) {
14:     String query = "select num_joueur, nom_joueur from joueurs";
15:     PreparedStatement ps = con.prepareStatement(query);
16:     ResultSet rs = ps.executeQuery();


Stacktrace:
		at org.apache.jasper.compiler.DefaultErrorHandler.javacError(DefaultErrorHandler.java:70)
		at org.apache.jasper.compiler.ErrorDispatcher.javacError(ErrorDispatcher.java:189)
		at org.apache.jasper.compiler.JDTCompiler.generateClass(JDTCompiler.java:523)
		at org.apache.jasper.compiler.Compiler.compile(Compiler.java:367)
		at org.apache.jasper.compiler.Compiler.compile(Compiler.java:339)
		at org.apache.jasper.compiler.Compiler.compile(Compiler.java:325)
		at org.apache.jasper.JspCompilationContext.compile(JspCompilationContext.java:585)
		at org.apache.jasper.servlet.JspServletWrapper.service(JspServletWrapper.java:368)
		at org.apache.jasper.servlet.JspServlet.serviceJspFile(JspServlet.java:330)
		at org.apache.jasper.servlet.JspServlet.service(JspServlet.java:281)
		at jakarta.servlet.http.HttpServlet.service(HttpServlet.java:710)
		at org.apache.catalina.core.ApplicationFilterChain.doFilter(ApplicationFilterChain.java:128)
		at org.apache.tomcat.websocket.server.WsFilter.doFilter(WsFilter.java:53)
		at org.apache.catalina.core.ApplicationFilterChain.doFilter(ApplicationFilterChain.java:107)
		at org.apache.catalina.core.StandardWrapperValve.invoke(StandardWrapperValve.java:165)
		at org.apache.catalina.core.StandardContextValve.invoke(StandardContextValve.java:77)
		at org.apache.catalina.authenticator.AuthenticatorBase.invoke(AuthenticatorBase.java:482)
		at org.apache.catalina.core.StandardHostValve.invoke(StandardHostValve.java:113)
		at org.apache.catalina.valves.ErrorReportValve.invoke(ErrorReportValve.java:83)
		at org.apache.catalina.valves.AbstractAccessLogValve.invoke(AbstractAccessLogValve.java:654)
		at org.apache.catalina.core.StandardEngineValve.invoke(StandardEngineValve.java:72)
		at org.apache.catalina.connector.CoyoteAdapter.service(CoyoteAdapter.java:341)
		at org.apache.coyote.http11.Http11Processor.service(Http11Processor.java:397)
		at org.apache.coyote.AbstractProcessorLight.process(AbstractProcessorLight.java:63)
		at org.apache.coyote.AbstractProtocol$ConnectionHandler.process(AbstractProtocol.java:903)
		at org.apache.tomcat.util.net.NioEndpoint$SocketProcessor.doRun(NioEndpoint.java:1778)
		at org.apache.tomcat.util.net.SocketProcessorBase.run(SocketProcessorBase.java:52)
		at org.apache.tomcat.util.threads.ThreadPoolExecutor.runWorker(ThreadPoolExecutor.java:946)
		at org.apache.tomcat.util.threads.ThreadPoolExecutor$Worker.run(ThreadPoolExecutor.java:480)
		at org.apache.tomcat.util.threads.TaskThread$WrappingRunnable.run(TaskThread.java:57)
		at java.base/java.lang.Thread.run(Thread.java:840)
14-Jan-2026 09:49:45.824 SEVERE [http-nio-8080-exec-2] org.apache.catalina.core.StandardWrapperValve.invoke Servlet.service() for servlet [jsp] in context with path [/TP01] threw exception [org.apache.jasper.JasperException: java.lang.ClassNotFoundException: org.apache.jsp.mabase_jsp] with root cause
	java.lang.ClassNotFoundException: org.apache.jsp.mabase_jsp
		at java.base/java.net.URLClassLoader.findClass(URLClassLoader.java:445)
		at org.apache.jasper.servlet.JasperLoader.loadClass(JasperLoader.java:93)
		at org.apache.jasper.servlet.JasperLoader.loadClass(JasperLoader.java:47)
		at org.apache.catalina.core.DefaultInstanceManager.newInstance(DefaultInstanceManager.java:147)
		at org.apache.jasper.servlet.JspServletWrapper.getServlet(JspServletWrapper.java:163)
		at org.apache.jasper.servlet.JspServletWrapper.service(JspServletWrapper.java:382)
		at org.apache.jasper.servlet.JspServlet.serviceJspFile(JspServlet.java:330)
		at org.apache.jasper.servlet.JspServlet.service(JspServlet.java:281)
		at jakarta.servlet.http.HttpServlet.service(HttpServlet.java:710)
		at org.apache.catalina.core.ApplicationFilterChain.doFilter(ApplicationFilterChain.java:128)
		at org.apache.tomcat.websocket.server.WsFilter.doFilter(WsFilter.java:53)
		at org.apache.catalina.core.ApplicationFilterChain.doFilter(ApplicationFilterChain.java:107)
		at org.apache.catalina.core.StandardWrapperValve.invoke(StandardWrapperValve.java:165)
		at org.apache.catalina.core.StandardContextValve.invoke(StandardContextValve.java:77)
		at org.apache.catalina.authenticator.AuthenticatorBase.invoke(AuthenticatorBase.java:482)
		at org.apache.catalina.core.StandardHostValve.invoke(StandardHostValve.java:113)
		at org.apache.catalina.valves.ErrorReportValve.invoke(ErrorReportValve.java:83)
		at org.apache.catalina.valves.AbstractAccessLogValve.invoke(AbstractAccessLogValve.java:654)
		at org.apache.catalina.core.StandardEngineValve.invoke(StandardEngineValve.java:72)
		at org.apache.catalina.connector.CoyoteAdapter.service(CoyoteAdapter.java:341)
		at org.apache.coyote.http11.Http11Processor.service(Http11Processor.java:397)
		at org.apache.coyote.AbstractProcessorLight.process(AbstractProcessorLight.java:63)
		at org.apache.coyote.AbstractProtocol$ConnectionHandler.process(AbstractProtocol.java:903)
		at org.apache.tomcat.util.net.NioEndpoint$SocketProcessor.doRun(NioEndpoint.java:1778)
		at org.apache.tomcat.util.net.SocketProcessorBase.run(SocketProcessorBase.java:52)
		at org.apache.tomcat.util.threads.ThreadPoolExecutor.runWorker(ThreadPoolExecutor.java:946)
		at org.apache.tomcat.util.threads.ThreadPoolExecutor$Worker.run(ThreadPoolExecutor.java:480)
		at org.apache.tomcat.util.threads.TaskThread$WrappingRunnable.run(TaskThread.java:57)
		at java.base/java.lang.Thread.run(Thread.java:840)
14-Jan-2026 09:49:46.328 SEVERE [http-nio-8080-exec-3] org.apache.catalina.core.StandardWrapperValve.invoke Servlet.service() for servlet [jsp] in context with path [/TP01] threw exception [org.apache.jasper.JasperException: java.lang.ClassNotFoundException: org.apache.jsp.mabase_jsp] with root cause
	java.lang.ClassNotFoundException: org.apache.jsp.mabase_jsp
		at java.base/java.net.URLClassLoader.findClass(URLClassLoader.java:445)
		at org.apache.jasper.servlet.JasperLoader.loadClass(JasperLoader.java:93)
		at org.apache.jasper.servlet.JasperLoader.loadClass(JasperLoader.java:47)
		at org.apache.catalina.core.DefaultInstanceManager.newInstance(DefaultInstanceManager.java:147)
		at org.apache.jasper.servlet.JspServletWrapper.getServlet(JspServletWrapper.java:163)
		at org.apache.jasper.servlet.JspServletWrapper.service(JspServletWrapper.java:382)
		at org.apache.jasper.servlet.JspServlet.serviceJspFile(JspServlet.java:330)
		at org.apache.jasper.servlet.JspServlet.service(JspServlet.java:281)
		at jakarta.servlet.http.HttpServlet.service(HttpServlet.java:710)
		at org.apache.catalina.core.ApplicationFilterChain.doFilter(ApplicationFilterChain.java:128)
		at org.apache.tomcat.websocket.server.WsFilter.doFilter(WsFilter.java:53)
		at org.apache.catalina.core.ApplicationFilterChain.doFilter(ApplicationFilterChain.java:107)
		at org.apache.catalina.core.StandardWrapperValve.invoke(StandardWrapperValve.java:165)
		at org.apache.catalina.core.StandardContextValve.invoke(StandardContextValve.java:77)
		at org.apache.catalina.authenticator.AuthenticatorBase.invoke(AuthenticatorBase.java:482)
		at org.apache.catalina.core.StandardHostValve.invoke(StandardHostValve.java:113)
		at org.apache.catalina.valves.ErrorReportValve.invoke(ErrorReportValve.java:83)
		at org.apache.catalina.valves.AbstractAccessLogValve.invoke(AbstractAccessLogValve.java:654)
		at org.apache.catalina.core.StandardEngineValve.invoke(StandardEngineValve.java:72)
		at org.apache.catalina.connector.CoyoteAdapter.service(CoyoteAdapter.java:341)
		at org.apache.coyote.http11.Http11Processor.service(Http11Processor.java:397)
		at org.apache.coyote.AbstractProcessorLight.process(AbstractProcessorLight.java:63)
		at org.apache.coyote.AbstractProtocol$ConnectionHandler.process(AbstractProtocol.java:903)
		at org.apache.tomcat.util.net.NioEndpoint$SocketProcessor.doRun(NioEndpoint.java:1778)
		at org.apache.tomcat.util.net.SocketProcessorBase.run(SocketProcessorBase.java:52)
		at org.apache.tomcat.util.threads.ThreadPoolExecutor.runWorker(ThreadPoolExecutor.java:946)
		at org.apache.tomcat.util.threads.ThreadPoolExecutor$Worker.run(ThreadPoolExecutor.java:480)
		at org.apache.tomcat.util.threads.TaskThread$WrappingRunnable.run(TaskThread.java:57)
		at java.base/java.lang.Thread.run(Thread.java:840)
14-Jan-2026 09:49:46.652 SEVERE [http-nio-8080-exec-4] org.apache.catalina.core.StandardWrapperValve.invoke Servlet.service() for servlet [jsp] in context with path [/TP01] threw exception [org.apache.jasper.JasperException: java.lang.ClassNotFoundException: org.apache.jsp.mabase_jsp] with root cause
	java.lang.ClassNotFoundException: org.apache.jsp.mabase_jsp
		at java.base/java.net.URLClassLoader.findClass(URLClassLoader.java:445)
		at org.apache.jasper.servlet.JasperLoader.loadClass(JasperLoader.java:93)
		at org.apache.jasper.servlet.JasperLoader.loadClass(JasperLoader.java:47)
		at org.apache.catalina.core.DefaultInstanceManager.newInstance(DefaultInstanceManager.java:147)
		at org.apache.jasper.servlet.JspServletWrapper.getServlet(JspServletWrapper.java:163)
		at org.apache.jasper.servlet.JspServletWrapper.service(JspServletWrapper.java:382)
		at org.apache.jasper.servlet.JspServlet.serviceJspFile(JspServlet.java:330)
		at org.apache.jasper.servlet.JspServlet.service(JspServlet.java:281)
		at jakarta.servlet.http.HttpServlet.service(HttpServlet.java:710)
		at org.apache.catalina.core.ApplicationFilterChain.doFilter(ApplicationFilterChain.java:128)
		at org.apache.tomcat.websocket.server.WsFilter.doFilter(WsFilter.java:53)
		at org.apache.catalina.core.ApplicationFilterChain.doFilter(ApplicationFilterChain.java:107)
		at org.apache.catalina.core.StandardWrapperValve.invoke(StandardWrapperValve.java:165)
		at org.apache.catalina.core.StandardContextValve.invoke(StandardContextValve.java:77)
		at org.apache.catalina.authenticator.AuthenticatorBase.invoke(AuthenticatorBase.java:482)
		at org.apache.catalina.core.StandardHostValve.invoke(StandardHostValve.java:113)
		at org.apache.catalina.valves.ErrorReportValve.invoke(ErrorReportValve.java:83)
		at org.apache.catalina.valves.AbstractAccessLogValve.invoke(AbstractAccessLogValve.java:654)
		at org.apache.catalina.core.StandardEngineValve.invoke(StandardEngineValve.java:72)
		at org.apache.catalina.connector.CoyoteAdapter.service(CoyoteAdapter.java:341)
		at org.apache.coyote.http11.Http11Processor.service(Http11Processor.java:397)
		at org.apache.coyote.AbstractProcessorLight.process(AbstractProcessorLight.java:63)
		at org.apache.coyote.AbstractProtocol$ConnectionHandler.process(AbstractProtocol.java:903)
		at org.apache.tomcat.util.net.NioEndpoint$SocketProcessor.doRun(NioEndpoint.java:1778)
		at org.apache.tomcat.util.net.SocketProcessorBase.run(SocketProcessorBase.java:52)
		at org.apache.tomcat.util.threads.ThreadPoolExecutor.runWorker(ThreadPoolExecutor.java:946)
		at org.apache.tomcat.util.threads.ThreadPoolExecutor$Worker.run(ThreadPoolExecutor.java:480)
		at org.apache.tomcat.util.threads.TaskThread$WrappingRunnable.run(TaskThread.java:57)
		at java.base/java.lang.Thread.run(Thread.java:840)
14-Jan-2026 09:49:47.031 SEVERE [http-nio-8080-exec-5] org.apache.catalina.core.StandardWrapperValve.invoke Servlet.service() for servlet [jsp] in context with path [/TP01] threw exception [org.apache.jasper.JasperException: java.lang.ClassNotFoundException: org.apache.jsp.mabase_jsp] with root cause
	java.lang.ClassNotFoundException: org.apache.jsp.mabase_jsp
		at java.base/java.net.URLClassLoader.findClass(URLClassLoader.java:445)
		at org.apache.jasper.servlet.JasperLoader.loadClass(JasperLoader.java:93)
		at org.apache.jasper.servlet.JasperLoader.loadClass(JasperLoader.java:47)
		at org.apache.catalina.core.DefaultInstanceManager.newInstance(DefaultInstanceManager.java:147)
		at org.apache.jasper.servlet.JspServletWrapper.getServlet(JspServletWrapper.java:163)
		at org.apache.jasper.servlet.JspServletWrapper.service(JspServletWrapper.java:382)
		at org.apache.jasper.servlet.JspServlet.serviceJspFile(JspServlet.java:330)
		at org.apache.jasper.servlet.JspServlet.service(JspServlet.java:281)
		at jakarta.servlet.http.HttpServlet.service(HttpServlet.java:710)
		at org.apache.catalina.core.ApplicationFilterChain.doFilter(ApplicationFilterChain.java:128)
		at org.apache.tomcat.websocket.server.WsFilter.doFilter(WsFilter.java:53)
		at org.apache.catalina.core.ApplicationFilterChain.doFilter(ApplicationFilterChain.java:107)
		at org.apache.catalina.core.StandardWrapperValve.invoke(StandardWrapperValve.java:165)
		at org.apache.catalina.core.StandardContextValve.invoke(StandardContextValve.java:77)
		at org.apache.catalina.authenticator.AuthenticatorBase.invoke(AuthenticatorBase.java:482)
		at org.apache.catalina.core.StandardHostValve.invoke(StandardHostValve.java:113)
		at org.apache.catalina.valves.ErrorReportValve.invoke(ErrorReportValve.java:83)
		at org.apache.catalina.valves.AbstractAccessLogValve.invoke(AbstractAccessLogValve.java:654)
		at org.apache.catalina.core.StandardEngineValve.invoke(StandardEngineValve.java:72)
		at org.apache.catalina.connector.CoyoteAdapter.service(CoyoteAdapter.java:341)
		at org.apache.coyote.http11.Http11Processor.service(Http11Processor.java:397)
		at org.apache.coyote.AbstractProcessorLight.process(AbstractProcessorLight.java:63)
		at org.apache.coyote.AbstractProtocol$ConnectionHandler.process(AbstractProtocol.java:903)
		at org.apache.tomcat.util.net.NioEndpoint$SocketProcessor.doRun(NioEndpoint.java:1778)
		at org.apache.tomcat.util.net.SocketProcessorBase.run(SocketProcessorBase.java:52)
		at org.apache.tomcat.util.threads.ThreadPoolExecutor.runWorker(ThreadPoolExecutor.java:946)
		at org.apache.tomcat.util.threads.ThreadPoolExecutor$Worker.run(ThreadPoolExecutor.java:480)
		at org.apache.tomcat.util.threads.TaskThread$WrappingRunnable.run(TaskThread.java:57)
		at java.base/java.lang.Thread.run(Thread.java:840)
14-Jan-2026 09:50:13.162 SEVERE [http-nio-8080-exec-6] org.apache.catalina.core.StandardWrapperValve.invoke Servlet.service() for servlet [jsp] in context with path [/TP01] threw exception [Unable to compile class for JSP: 

An error occurred at line: [16] in the generated java file: [/home/infoetu/baptiste.lavogiez.etu/BUT2/Semestre1/Ressources/Webdev/Web/tomcat/work/Catalina/localhost/TP01/org/apache/jsp/mabase_jsp.java]
The import metier cannot be resolved

An error occurred at line: [17] in the generated java file: [/home/infoetu/baptiste.lavogiez.etu/BUT2/Semestre1/Ressources/Webdev/Web/tomcat/work/Catalina/localhost/TP01/org/apache/jsp/mabase_jsp.java]
The import myutils cannot be resolved

An error occurred at line: [13] in the jsp file: [/mabase.jsp]
BDD cannot be resolved
10: 
11: <table>
12: <%
13: try(Connection con = BDD.getConnection()) {
14:     String query = "select num_joueur, nom_joueur from joueurs";
15:     PreparedStatement ps = con.prepareStatement(query);
16:     ResultSet rs = ps.executeQuery();


Stacktrace:] with root cause
	org.apache.jasper.JasperException: Unable to compile class for JSP: 

An error occurred at line: [16] in the generated java file: [/home/infoetu/baptiste.lavogiez.etu/BUT2/Semestre1/Ressources/Webdev/Web/tomcat/work/Catalina/localhost/TP01/org/apache/jsp/mabase_jsp.java]
The import metier cannot be resolved

An error occurred at line: [17] in the generated java file: [/home/infoetu/baptiste.lavogiez.etu/BUT2/Semestre1/Ressources/Webdev/Web/tomcat/work/Catalina/localhost/TP01/org/apache/jsp/mabase_jsp.java]
The import myutils cannot be resolved

An error occurred at line: [13] in the jsp file: [/mabase.jsp]
BDD cannot be resolved
10: 
11: <table>
12: <%
13: try(Connection con = BDD.getConnection()) {
14:     String query = "select num_joueur, nom_joueur from joueurs";
15:     PreparedStatement ps = con.prepareStatement(query);
16:     ResultSet rs = ps.executeQuery();


Stacktrace:
		at org.apache.jasper.compiler.DefaultErrorHandler.javacError(DefaultErrorHandler.java:70)
		at org.apache.jasper.compiler.ErrorDispatcher.javacError(ErrorDispatcher.java:189)
		at org.apache.jasper.compiler.JDTCompiler.generateClass(JDTCompiler.java:523)
		at org.apache.jasper.compiler.Compiler.compile(Compiler.java:367)
		at org.apache.jasper.compiler.Compiler.compile(Compiler.java:339)
		at org.apache.jasper.compiler.Compiler.compile(Compiler.java:325)
		at org.apache.jasper.JspCompilationContext.compile(JspCompilationContext.java:585)
		at org.apache.jasper.servlet.JspServletWrapper.service(JspServletWrapper.java:368)
		at org.apache.jasper.servlet.JspServlet.serviceJspFile(JspServlet.java:330)
		at org.apache.jasper.servlet.JspServlet.service(JspServlet.java:281)
		at jakarta.servlet.http.HttpServlet.service(HttpServlet.java:710)
		at org.apache.catalina.core.ApplicationFilterChain.doFilter(ApplicationFilterChain.java:128)
		at org.apache.tomcat.websocket.server.WsFilter.doFilter(WsFilter.java:53)
		at org.apache.catalina.core.ApplicationFilterChain.doFilter(ApplicationFilterChain.java:107)
		at org.apache.catalina.core.StandardWrapperValve.invoke(StandardWrapperValve.java:165)
		at org.apache.catalina.core.StandardContextValve.invoke(StandardContextValve.java:77)
		at org.apache.catalina.authenticator.AuthenticatorBase.invoke(AuthenticatorBase.java:482)
		at org.apache.catalina.core.StandardHostValve.invoke(StandardHostValve.java:113)
		at org.apache.catalina.valves.ErrorReportValve.invoke(ErrorReportValve.java:83)
		at org.apache.catalina.valves.AbstractAccessLogValve.invoke(AbstractAccessLogValve.java:654)
		at org.apache.catalina.core.StandardEngineValve.invoke(StandardEngineValve.java:72)
		at org.apache.catalina.connector.CoyoteAdapter.service(CoyoteAdapter.java:341)
		at org.apache.coyote.http11.Http11Processor.service(Http11Processor.java:397)
		at org.apache.coyote.AbstractProcessorLight.process(AbstractProcessorLight.java:63)
		at org.apache.coyote.AbstractProtocol$ConnectionHandler.process(AbstractProtocol.java:903)
		at org.apache.tomcat.util.net.NioEndpoint$SocketProcessor.doRun(NioEndpoint.java:1778)
		at org.apache.tomcat.util.net.SocketProcessorBase.run(SocketProcessorBase.java:52)
		at org.apache.tomcat.util.threads.ThreadPoolExecutor.runWorker(ThreadPoolExecutor.java:946)
		at org.apache.tomcat.util.threads.ThreadPoolExecutor$Worker.run(ThreadPoolExecutor.java:480)
		at org.apache.tomcat.util.threads.TaskThread$WrappingRunnable.run(TaskThread.java:57)
		at java.base/java.lang.Thread.run(Thread.java:840)
14-Jan-2026 09:50:13.629 SEVERE [http-nio-8080-exec-7] org.apache.catalina.core.StandardWrapperValve.invoke Servlet.service() for servlet [jsp] in context with path [/TP01] threw exception [org.apache.jasper.JasperException: java.lang.ClassNotFoundException: org.apache.jsp.mabase_jsp] with root cause
	java.lang.ClassNotFoundException: org.apache.jsp.mabase_jsp
		at java.base/java.net.URLClassLoader.findClass(URLClassLoader.java:445)
		at org.apache.jasper.servlet.JasperLoader.loadClass(JasperLoader.java:93)
		at org.apache.jasper.servlet.JasperLoader.loadClass(JasperLoader.java:47)
		at org.apache.catalina.core.DefaultInstanceManager.newInstance(DefaultInstanceManager.java:147)
		at org.apache.jasper.servlet.JspServletWrapper.getServlet(JspServletWrapper.java:163)
		at org.apache.jasper.servlet.JspServletWrapper.service(JspServletWrapper.java:382)
		at org.apache.jasper.servlet.JspServlet.serviceJspFile(JspServlet.java:330)
		at org.apache.jasper.servlet.JspServlet.service(JspServlet.java:281)
		at jakarta.servlet.http.HttpServlet.service(HttpServlet.java:710)
		at org.apache.catalina.core.ApplicationFilterChain.doFilter(ApplicationFilterChain.java:128)
		at org.apache.tomcat.websocket.server.WsFilter.doFilter(WsFilter.java:53)
		at org.apache.catalina.core.ApplicationFilterChain.doFilter(ApplicationFilterChain.java:107)
		at org.apache.catalina.core.StandardWrapperValve.invoke(StandardWrapperValve.java:165)
		at org.apache.catalina.core.StandardContextValve.invoke(StandardContextValve.java:77)
		at org.apache.catalina.authenticator.AuthenticatorBase.invoke(AuthenticatorBase.java:482)
		at org.apache.catalina.core.StandardHostValve.invoke(StandardHostValve.java:113)
		at org.apache.catalina.valves.ErrorReportValve.invoke(ErrorReportValve.java:83)
		at org.apache.catalina.valves.AbstractAccessLogValve.invoke(AbstractAccessLogValve.java:654)
		at org.apache.catalina.core.StandardEngineValve.invoke(StandardEngineValve.java:72)
		at org.apache.catalina.connector.CoyoteAdapter.service(CoyoteAdapter.java:341)
		at org.apache.coyote.http11.Http11Processor.service(Http11Processor.java:397)
		at org.apache.coyote.AbstractProcessorLight.process(AbstractProcessorLight.java:63)
		at org.apache.coyote.AbstractProtocol$ConnectionHandler.process(AbstractProtocol.java:903)
		at org.apache.tomcat.util.net.NioEndpoint$SocketProcessor.doRun(NioEndpoint.java:1778)
		at org.apache.tomcat.util.net.SocketProcessorBase.run(SocketProcessorBase.java:52)
		at org.apache.tomcat.util.threads.ThreadPoolExecutor.runWorker(ThreadPoolExecutor.java:946)
		at org.apache.tomcat.util.threads.ThreadPoolExecutor$Worker.run(ThreadPoolExecutor.java:480)
		at org.apache.tomcat.util.threads.TaskThread$WrappingRunnable.run(TaskThread.java:57)
		at java.base/java.lang.Thread.run(Thread.java:840)
14-Jan-2026 09:50:13.924 SEVERE [http-nio-8080-exec-8] org.apache.catalina.core.StandardWrapperValve.invoke Servlet.service() for servlet [jsp] in context with path [/TP01] threw exception [org.apache.jasper.JasperException: java.lang.ClassNotFoundException: org.apache.jsp.mabase_jsp] with root cause
	java.lang.ClassNotFoundException: org.apache.jsp.mabase_jsp
		at java.base/java.net.URLClassLoader.findClass(URLClassLoader.java:445)
		at org.apache.jasper.servlet.JasperLoader.loadClass(JasperLoader.java:93)
		at org.apache.jasper.servlet.JasperLoader.loadClass(JasperLoader.java:47)
		at org.apache.catalina.core.DefaultInstanceManager.newInstance(DefaultInstanceManager.java:147)
		at org.apache.jasper.servlet.JspServletWrapper.getServlet(JspServletWrapper.java:163)
		at org.apache.jasper.servlet.JspServletWrapper.service(JspServletWrapper.java:382)
		at org.apache.jasper.servlet.JspServlet.serviceJspFile(JspServlet.java:330)
		at org.apache.jasper.servlet.JspServlet.service(JspServlet.java:281)
		at jakarta.servlet.http.HttpServlet.service(HttpServlet.java:710)
		at org.apache.catalina.core.ApplicationFilterChain.doFilter(ApplicationFilterChain.java:128)
		at org.apache.tomcat.websocket.server.WsFilter.doFilter(WsFilter.java:53)
		at org.apache.catalina.core.ApplicationFilterChain.doFilter(ApplicationFilterChain.java:107)
		at org.apache.catalina.core.StandardWrapperValve.invoke(StandardWrapperValve.java:165)
		at org.apache.catalina.core.StandardContextValve.invoke(StandardContextValve.java:77)
		at org.apache.catalina.authenticator.AuthenticatorBase.invoke(AuthenticatorBase.java:482)
		at org.apache.catalina.core.StandardHostValve.invoke(StandardHostValve.java:113)
		at org.apache.catalina.valves.ErrorReportValve.invoke(ErrorReportValve.java:83)
		at org.apache.catalina.valves.AbstractAccessLogValve.invoke(AbstractAccessLogValve.java:654)
		at org.apache.catalina.core.StandardEngineValve.invoke(StandardEngineValve.java:72)
		at org.apache.catalina.connector.CoyoteAdapter.service(CoyoteAdapter.java:341)
		at org.apache.coyote.http11.Http11Processor.service(Http11Processor.java:397)
		at org.apache.coyote.AbstractProcessorLight.process(AbstractProcessorLight.java:63)
		at org.apache.coyote.AbstractProtocol$ConnectionHandler.process(AbstractProtocol.java:903)
		at org.apache.tomcat.util.net.NioEndpoint$SocketProcessor.doRun(NioEndpoint.java:1778)
		at org.apache.tomcat.util.net.SocketProcessorBase.run(SocketProcessorBase.java:52)
		at org.apache.tomcat.util.threads.ThreadPoolExecutor.runWorker(ThreadPoolExecutor.java:946)
		at org.apache.tomcat.util.threads.ThreadPoolExecutor$Worker.run(ThreadPoolExecutor.java:480)
		at org.apache.tomcat.util.threads.TaskThread$WrappingRunnable.run(TaskThread.java:57)
		at java.base/java.lang.Thread.run(Thread.java:840)
14-Jan-2026 09:50:14.206 SEVERE [http-nio-8080-exec-9] org.apache.catalina.core.StandardWrapperValve.invoke Servlet.service() for servlet [jsp] in context with path [/TP01] threw exception [org.apache.jasper.JasperException: java.lang.ClassNotFoundException: org.apache.jsp.mabase_jsp] with root cause
	java.lang.ClassNotFoundException: org.apache.jsp.mabase_jsp
		at java.base/java.net.URLClassLoader.findClass(URLClassLoader.java:445)
		at org.apache.jasper.servlet.JasperLoader.loadClass(JasperLoader.java:93)
		at org.apache.jasper.servlet.JasperLoader.loadClass(JasperLoader.java:47)
		at org.apache.catalina.core.DefaultInstanceManager.newInstance(DefaultInstanceManager.java:147)
		at org.apache.jasper.servlet.JspServletWrapper.getServlet(JspServletWrapper.java:163)
		at org.apache.jasper.servlet.JspServletWrapper.service(JspServletWrapper.java:382)
		at org.apache.jasper.servlet.JspServlet.serviceJspFile(JspServlet.java:330)
		at org.apache.jasper.servlet.JspServlet.service(JspServlet.java:281)
		at jakarta.servlet.http.HttpServlet.service(HttpServlet.java:710)
		at org.apache.catalina.core.ApplicationFilterChain.doFilter(ApplicationFilterChain.java:128)
		at org.apache.tomcat.websocket.server.WsFilter.doFilter(WsFilter.java:53)
		at org.apache.catalina.core.ApplicationFilterChain.doFilter(ApplicationFilterChain.java:107)
		at org.apache.catalina.core.StandardWrapperValve.invoke(StandardWrapperValve.java:165)
		at org.apache.catalina.core.StandardContextValve.invoke(StandardContextValve.java:77)
		at org.apache.catalina.authenticator.AuthenticatorBase.invoke(AuthenticatorBase.java:482)
		at org.apache.catalina.core.StandardHostValve.invoke(StandardHostValve.java:113)
		at org.apache.catalina.valves.ErrorReportValve.invoke(ErrorReportValve.java:83)
		at org.apache.catalina.valves.AbstractAccessLogValve.invoke(AbstractAccessLogValve.java:654)
		at org.apache.catalina.core.StandardEngineValve.invoke(StandardEngineValve.java:72)
		at org.apache.catalina.connector.CoyoteAdapter.service(CoyoteAdapter.java:341)
		at org.apache.coyote.http11.Http11Processor.service(Http11Processor.java:397)
		at org.apache.coyote.AbstractProcessorLight.process(AbstractProcessorLight.java:63)
		at org.apache.coyote.AbstractProtocol$ConnectionHandler.process(AbstractProtocol.java:903)
		at org.apache.tomcat.util.net.NioEndpoint$SocketProcessor.doRun(NioEndpoint.java:1778)
		at org.apache.tomcat.util.net.SocketProcessorBase.run(SocketProcessorBase.java:52)
		at org.apache.tomcat.util.threads.ThreadPoolExecutor.runWorker(ThreadPoolExecutor.java:946)
		at org.apache.tomcat.util.threads.ThreadPoolExecutor$Worker.run(ThreadPoolExecutor.java:480)
		at org.apache.tomcat.util.threads.TaskThread$WrappingRunnable.run(TaskThread.java:57)
		at java.base/java.lang.Thread.run(Thread.java:840)
14-Jan-2026 09:52:16.653 SEVERE [http-nio-8080-exec-10] org.apache.catalina.core.StandardWrapperValve.invoke Servlet.service() for servlet [jsp] in context with path [/TP01] threw exception [Unable to compile class for JSP: 

An error occurred at line: [16] in the generated java file: [/home/infoetu/baptiste.lavogiez.etu/BUT2/Semestre1/Ressources/Webdev/Web/tomcat/work/Catalina/localhost/TP01/org/apache/jsp/monobjet_jsp.java]
The import metier cannot be resolved

An error occurred at line: [12] in the jsp file: [/monobjet.jsp]
Personne cannot be resolved to a type
9: <h1>Le super compteur</h1>
10: 
11: <%!
12: Personne personne = new Personne();
13: %>
14: 
15: <%=


An error occurred at line: [12] in the jsp file: [/monobjet.jsp]
Personne cannot be resolved to a type
9: <h1>Le super compteur</h1>
10: 
11: <%!
12: Personne personne = new Personne();
13: %>
14: 
15: <%=


An error occurred at line: [16] in the jsp file: [/monobjet.jsp]
personne cannot be resolved to a variable
13: %>
14: 
15: <%=
16: personne
17: %>
18: 
19: 


Stacktrace:] with root cause
	org.apache.jasper.JasperException: Unable to compile class for JSP: 

An error occurred at line: [16] in the generated java file: [/home/infoetu/baptiste.lavogiez.etu/BUT2/Semestre1/Ressources/Webdev/Web/tomcat/work/Catalina/localhost/TP01/org/apache/jsp/monobjet_jsp.java]
The import metier cannot be resolved

An error occurred at line: [12] in the jsp file: [/monobjet.jsp]
Personne cannot be resolved to a type
9: <h1>Le super compteur</h1>
10: 
11: <%!
12: Personne personne = new Personne();
13: %>
14: 
15: <%=


An error occurred at line: [12] in the jsp file: [/monobjet.jsp]
Personne cannot be resolved to a type
9: <h1>Le super compteur</h1>
10: 
11: <%!
12: Personne personne = new Personne();
13: %>
14: 
15: <%=


An error occurred at line: [16] in the jsp file: [/monobjet.jsp]
personne cannot be resolved to a variable
13: %>
14: 
15: <%=
16: personne
17: %>
18: 
19: 


Stacktrace:
		at org.apache.jasper.compiler.DefaultErrorHandler.javacError(DefaultErrorHandler.java:70)
		at org.apache.jasper.compiler.ErrorDispatcher.javacError(ErrorDispatcher.java:189)
		at org.apache.jasper.compiler.JDTCompiler.generateClass(JDTCompiler.java:523)
		at org.apache.jasper.compiler.Compiler.compile(Compiler.java:367)
		at org.apache.jasper.compiler.Compiler.compile(Compiler.java:339)
		at org.apache.jasper.compiler.Compiler.compile(Compiler.java:325)
		at org.apache.jasper.JspCompilationContext.compile(JspCompilationContext.java:585)
		at org.apache.jasper.servlet.JspServletWrapper.service(JspServletWrapper.java:368)
		at org.apache.jasper.servlet.JspServlet.serviceJspFile(JspServlet.java:330)
		at org.apache.jasper.servlet.JspServlet.service(JspServlet.java:281)
		at jakarta.servlet.http.HttpServlet.service(HttpServlet.java:710)
		at org.apache.catalina.core.ApplicationFilterChain.doFilter(ApplicationFilterChain.java:128)
		at org.apache.tomcat.websocket.server.WsFilter.doFilter(WsFilter.java:53)
		at org.apache.catalina.core.ApplicationFilterChain.doFilter(ApplicationFilterChain.java:107)
		at org.apache.catalina.core.StandardWrapperValve.invoke(StandardWrapperValve.java:165)
		at org.apache.catalina.core.StandardContextValve.invoke(StandardContextValve.java:77)
		at org.apache.catalina.authenticator.AuthenticatorBase.invoke(AuthenticatorBase.java:482)
		at org.apache.catalina.core.StandardHostValve.invoke(StandardHostValve.java:113)
		at org.apache.catalina.valves.ErrorReportValve.invoke(ErrorReportValve.java:83)
		at org.apache.catalina.valves.AbstractAccessLogValve.invoke(AbstractAccessLogValve.java:654)
		at org.apache.catalina.core.StandardEngineValve.invoke(StandardEngineValve.java:72)
		at org.apache.catalina.connector.CoyoteAdapter.service(CoyoteAdapter.java:341)
		at org.apache.coyote.http11.Http11Processor.service(Http11Processor.java:397)
		at org.apache.coyote.AbstractProcessorLight.process(AbstractProcessorLight.java:63)
		at org.apache.coyote.AbstractProtocol$ConnectionHandler.process(AbstractProtocol.java:903)
		at org.apache.tomcat.util.net.NioEndpoint$SocketProcessor.doRun(NioEndpoint.java:1778)
		at org.apache.tomcat.util.net.SocketProcessorBase.run(SocketProcessorBase.java:52)
		at org.apache.tomcat.util.threads.ThreadPoolExecutor.runWorker(ThreadPoolExecutor.java:946)
		at org.apache.tomcat.util.threads.ThreadPoolExecutor$Worker.run(ThreadPoolExecutor.java:480)
		at org.apache.tomcat.util.threads.TaskThread$WrappingRunnable.run(TaskThread.java:57)
		at java.base/java.lang.Thread.run(Thread.java:840)
14-Jan-2026 09:53:06.319 SEVERE [http-nio-8080-exec-1] org.apache.catalina.core.StandardWrapperValve.invoke Servlet.service() for servlet [jsp] in context with path [/TP01] threw exception [Unable to compile class for JSP: 

An error occurred at line: [16] in the generated java file: [/home/infoetu/baptiste.lavogiez.etu/BUT2/Semestre1/Ressources/Webdev/Web/tomcat/work/Catalina/localhost/TP01/org/apache/jsp/monobjet_jsp.java]
The import metier cannot be resolved

An error occurred at line: [12] in the jsp file: [/monobjet.jsp]
Personne cannot be resolved to a type
9: <h1>Le super compteur</h1>
10: 
11: <%!
12: Personne personne = new Personne();
13: %>
14: 
15: <%=


An error occurred at line: [12] in the jsp file: [/monobjet.jsp]
Personne cannot be resolved to a type
9: <h1>Le super compteur</h1>
10: 
11: <%!
12: Personne personne = new Personne();
13: %>
14: 
15: <%=


An error occurred at line: [16] in the jsp file: [/monobjet.jsp]
personne cannot be resolved to a variable
13: %>
14: 
15: <%=
16: personne
17: %>
18: 
19: 


Stacktrace:] with root cause
	org.apache.jasper.JasperException: Unable to compile class for JSP: 

An error occurred at line: [16] in the generated java file: [/home/infoetu/baptiste.lavogiez.etu/BUT2/Semestre1/Ressources/Webdev/Web/tomcat/work/Catalina/localhost/TP01/org/apache/jsp/monobjet_jsp.java]
The import metier cannot be resolved

An error occurred at line: [12] in the jsp file: [/monobjet.jsp]
Personne cannot be resolved to a type
9: <h1>Le super compteur</h1>
10: 
11: <%!
12: Personne personne = new Personne();
13: %>
14: 
15: <%=


An error occurred at line: [12] in the jsp file: [/monobjet.jsp]
Personne cannot be resolved to a type
9: <h1>Le super compteur</h1>
10: 
11: <%!
12: Personne personne = new Personne();
13: %>
14: 
15: <%=


An error occurred at line: [16] in the jsp file: [/monobjet.jsp]
personne cannot be resolved to a variable
13: %>
14: 
15: <%=
16: personne
17: %>
18: 
19: 


Stacktrace:
		at org.apache.jasper.compiler.DefaultErrorHandler.javacError(DefaultErrorHandler.java:70)
		at org.apache.jasper.compiler.ErrorDispatcher.javacError(ErrorDispatcher.java:189)
		at org.apache.jasper.compiler.JDTCompiler.generateClass(JDTCompiler.java:523)
		at org.apache.jasper.compiler.Compiler.compile(Compiler.java:367)
		at org.apache.jasper.compiler.Compiler.compile(Compiler.java:339)
		at org.apache.jasper.compiler.Compiler.compile(Compiler.java:325)
		at org.apache.jasper.JspCompilationContext.compile(JspCompilationContext.java:585)
		at org.apache.jasper.servlet.JspServletWrapper.service(JspServletWrapper.java:368)
		at org.apache.jasper.servlet.JspServlet.serviceJspFile(JspServlet.java:330)
		at org.apache.jasper.servlet.JspServlet.service(JspServlet.java:281)
		at jakarta.servlet.http.HttpServlet.service(HttpServlet.java:710)
		at org.apache.catalina.core.ApplicationFilterChain.doFilter(ApplicationFilterChain.java:128)
		at org.apache.tomcat.websocket.server.WsFilter.doFilter(WsFilter.java:53)
		at org.apache.catalina.core.ApplicationFilterChain.doFilter(ApplicationFilterChain.java:107)
		at org.apache.catalina.core.StandardWrapperValve.invoke(StandardWrapperValve.java:165)
		at org.apache.catalina.core.StandardContextValve.invoke(StandardContextValve.java:77)
		at org.apache.catalina.authenticator.AuthenticatorBase.invoke(AuthenticatorBase.java:482)
		at org.apache.catalina.core.StandardHostValve.invoke(StandardHostValve.java:113)
		at org.apache.catalina.valves.ErrorReportValve.invoke(ErrorReportValve.java:83)
		at org.apache.catalina.valves.AbstractAccessLogValve.invoke(AbstractAccessLogValve.java:654)
		at org.apache.catalina.core.StandardEngineValve.invoke(StandardEngineValve.java:72)
		at org.apache.catalina.connector.CoyoteAdapter.service(CoyoteAdapter.java:341)
		at org.apache.coyote.http11.Http11Processor.service(Http11Processor.java:397)
		at org.apache.coyote.AbstractProcessorLight.process(AbstractProcessorLight.java:63)
		at org.apache.coyote.AbstractProtocol$ConnectionHandler.process(AbstractProtocol.java:903)
		at org.apache.tomcat.util.net.NioEndpoint$SocketProcessor.doRun(NioEndpoint.java:1778)
		at org.apache.tomcat.util.net.SocketProcessorBase.run(SocketProcessorBase.java:52)
		at org.apache.tomcat.util.threads.ThreadPoolExecutor.runWorker(ThreadPoolExecutor.java:946)
		at org.apache.tomcat.util.threads.ThreadPoolExecutor$Worker.run(ThreadPoolExecutor.java:480)
		at org.apache.tomcat.util.threads.TaskThread$WrappingRunnable.run(TaskThread.java:57)
		at java.base/java.lang.Thread.run(Thread.java:840)
14-Jan-2026 09:53:06.795 SEVERE [http-nio-8080-exec-2] org.apache.catalina.core.StandardWrapperValve.invoke Servlet.service() for servlet [jsp] in context with path [/TP01] threw exception [org.apache.jasper.JasperException: java.lang.ClassNotFoundException: org.apache.jsp.monobjet_jsp] with root cause
	java.lang.ClassNotFoundException: org.apache.jsp.monobjet_jsp
		at java.base/java.net.URLClassLoader.findClass(URLClassLoader.java:445)
		at org.apache.jasper.servlet.JasperLoader.loadClass(JasperLoader.java:93)
		at org.apache.jasper.servlet.JasperLoader.loadClass(JasperLoader.java:47)
		at org.apache.catalina.core.DefaultInstanceManager.newInstance(DefaultInstanceManager.java:147)
		at org.apache.jasper.servlet.JspServletWrapper.getServlet(JspServletWrapper.java:163)
		at org.apache.jasper.servlet.JspServletWrapper.service(JspServletWrapper.java:382)
		at org.apache.jasper.servlet.JspServlet.serviceJspFile(JspServlet.java:330)
		at org.apache.jasper.servlet.JspServlet.service(JspServlet.java:281)
		at jakarta.servlet.http.HttpServlet.service(HttpServlet.java:710)
		at org.apache.catalina.core.ApplicationFilterChain.doFilter(ApplicationFilterChain.java:128)
		at org.apache.tomcat.websocket.server.WsFilter.doFilter(WsFilter.java:53)
		at org.apache.catalina.core.ApplicationFilterChain.doFilter(ApplicationFilterChain.java:107)
		at org.apache.catalina.core.StandardWrapperValve.invoke(StandardWrapperValve.java:165)
		at org.apache.catalina.core.StandardContextValve.invoke(StandardContextValve.java:77)
		at org.apache.catalina.authenticator.AuthenticatorBase.invoke(AuthenticatorBase.java:482)
		at org.apache.catalina.core.StandardHostValve.invoke(StandardHostValve.java:113)
		at org.apache.catalina.valves.ErrorReportValve.invoke(ErrorReportValve.java:83)
		at org.apache.catalina.valves.AbstractAccessLogValve.invoke(AbstractAccessLogValve.java:654)
		at org.apache.catalina.core.StandardEngineValve.invoke(StandardEngineValve.java:72)
		at org.apache.catalina.connector.CoyoteAdapter.service(CoyoteAdapter.java:341)
		at org.apache.coyote.http11.Http11Processor.service(Http11Processor.java:397)
		at org.apache.coyote.AbstractProcessorLight.process(AbstractProcessorLight.java:63)
		at org.apache.coyote.AbstractProtocol$ConnectionHandler.process(AbstractProtocol.java:903)
		at org.apache.tomcat.util.net.NioEndpoint$SocketProcessor.doRun(NioEndpoint.java:1778)
		at org.apache.tomcat.util.net.SocketProcessorBase.run(SocketProcessorBase.java:52)
		at org.apache.tomcat.util.threads.ThreadPoolExecutor.runWorker(ThreadPoolExecutor.java:946)
		at org.apache.tomcat.util.threads.ThreadPoolExecutor$Worker.run(ThreadPoolExecutor.java:480)
		at org.apache.tomcat.util.threads.TaskThread$WrappingRunnable.run(TaskThread.java:57)
		at java.base/java.lang.Thread.run(Thread.java:840)
14-Jan-2026 09:53:07.048 SEVERE [http-nio-8080-exec-3] org.apache.catalina.core.StandardWrapperValve.invoke Servlet.service() for servlet [jsp] in context with path [/TP01] threw exception [org.apache.jasper.JasperException: java.lang.ClassNotFoundException: org.apache.jsp.monobjet_jsp] with root cause
	java.lang.ClassNotFoundException: org.apache.jsp.monobjet_jsp
		at java.base/java.net.URLClassLoader.findClass(URLClassLoader.java:445)
		at org.apache.jasper.servlet.JasperLoader.loadClass(JasperLoader.java:93)
		at org.apache.jasper.servlet.JasperLoader.loadClass(JasperLoader.java:47)
		at org.apache.catalina.core.DefaultInstanceManager.newInstance(DefaultInstanceManager.java:147)
		at org.apache.jasper.servlet.JspServletWrapper.getServlet(JspServletWrapper.java:163)
		at org.apache.jasper.servlet.JspServletWrapper.service(JspServletWrapper.java:382)
		at org.apache.jasper.servlet.JspServlet.serviceJspFile(JspServlet.java:330)
		at org.apache.jasper.servlet.JspServlet.service(JspServlet.java:281)
		at jakarta.servlet.http.HttpServlet.service(HttpServlet.java:710)
		at org.apache.catalina.core.ApplicationFilterChain.doFilter(ApplicationFilterChain.java:128)
		at org.apache.tomcat.websocket.server.WsFilter.doFilter(WsFilter.java:53)
		at org.apache.catalina.core.ApplicationFilterChain.doFilter(ApplicationFilterChain.java:107)
		at org.apache.catalina.core.StandardWrapperValve.invoke(StandardWrapperValve.java:165)
		at org.apache.catalina.core.StandardContextValve.invoke(StandardContextValve.java:77)
		at org.apache.catalina.authenticator.AuthenticatorBase.invoke(AuthenticatorBase.java:482)
		at org.apache.catalina.core.StandardHostValve.invoke(StandardHostValve.java:113)
		at org.apache.catalina.valves.ErrorReportValve.invoke(ErrorReportValve.java:83)
		at org.apache.catalina.valves.AbstractAccessLogValve.invoke(AbstractAccessLogValve.java:654)
		at org.apache.catalina.core.StandardEngineValve.invoke(StandardEngineValve.java:72)
		at org.apache.catalina.connector.CoyoteAdapter.service(CoyoteAdapter.java:341)
		at org.apache.coyote.http11.Http11Processor.service(Http11Processor.java:397)
		at org.apache.coyote.AbstractProcessorLight.process(AbstractProcessorLight.java:63)
		at org.apache.coyote.AbstractProtocol$ConnectionHandler.process(AbstractProtocol.java:903)
		at org.apache.tomcat.util.net.NioEndpoint$SocketProcessor.doRun(NioEndpoint.java:1778)
		at org.apache.tomcat.util.net.SocketProcessorBase.run(SocketProcessorBase.java:52)
		at org.apache.tomcat.util.threads.ThreadPoolExecutor.runWorker(ThreadPoolExecutor.java:946)
		at org.apache.tomcat.util.threads.ThreadPoolExecutor$Worker.run(ThreadPoolExecutor.java:480)
		at org.apache.tomcat.util.threads.TaskThread$WrappingRunnable.run(TaskThread.java:57)
		at java.base/java.lang.Thread.run(Thread.java:840)
14-Jan-2026 09:53:07.401 SEVERE [http-nio-8080-exec-4] org.apache.catalina.core.StandardWrapperValve.invoke Servlet.service() for servlet [jsp] in context with path [/TP01] threw exception [org.apache.jasper.JasperException: java.lang.ClassNotFoundException: org.apache.jsp.monobjet_jsp] with root cause
	java.lang.ClassNotFoundException: org.apache.jsp.monobjet_jsp
		at java.base/java.net.URLClassLoader.findClass(URLClassLoader.java:445)
		at org.apache.jasper.servlet.JasperLoader.loadClass(JasperLoader.java:93)
		at org.apache.jasper.servlet.JasperLoader.loadClass(JasperLoader.java:47)
		at org.apache.catalina.core.DefaultInstanceManager.newInstance(DefaultInstanceManager.java:147)
		at org.apache.jasper.servlet.JspServletWrapper.getServlet(JspServletWrapper.java:163)
		at org.apache.jasper.servlet.JspServletWrapper.service(JspServletWrapper.java:382)
		at org.apache.jasper.servlet.JspServlet.serviceJspFile(JspServlet.java:330)
		at org.apache.jasper.servlet.JspServlet.service(JspServlet.java:281)
		at jakarta.servlet.http.HttpServlet.service(HttpServlet.java:710)
		at org.apache.catalina.core.ApplicationFilterChain.doFilter(ApplicationFilterChain.java:128)
		at org.apache.tomcat.websocket.server.WsFilter.doFilter(WsFilter.java:53)
		at org.apache.catalina.core.ApplicationFilterChain.doFilter(ApplicationFilterChain.java:107)
		at org.apache.catalina.core.StandardWrapperValve.invoke(StandardWrapperValve.java:165)
		at org.apache.catalina.core.StandardContextValve.invoke(StandardContextValve.java:77)
		at org.apache.catalina.authenticator.AuthenticatorBase.invoke(AuthenticatorBase.java:482)
		at org.apache.catalina.core.StandardHostValve.invoke(StandardHostValve.java:113)
		at org.apache.catalina.valves.ErrorReportValve.invoke(ErrorReportValve.java:83)
		at org.apache.catalina.valves.AbstractAccessLogValve.invoke(AbstractAccessLogValve.java:654)
		at org.apache.catalina.core.StandardEngineValve.invoke(StandardEngineValve.java:72)
		at org.apache.catalina.connector.CoyoteAdapter.service(CoyoteAdapter.java:341)
		at org.apache.coyote.http11.Http11Processor.service(Http11Processor.java:397)
		at org.apache.coyote.AbstractProcessorLight.process(AbstractProcessorLight.java:63)
		at org.apache.coyote.AbstractProtocol$ConnectionHandler.process(AbstractProtocol.java:903)
		at org.apache.tomcat.util.net.NioEndpoint$SocketProcessor.doRun(NioEndpoint.java:1778)
		at org.apache.tomcat.util.net.SocketProcessorBase.run(SocketProcessorBase.java:52)
		at org.apache.tomcat.util.threads.ThreadPoolExecutor.runWorker(ThreadPoolExecutor.java:946)
		at org.apache.tomcat.util.threads.ThreadPoolExecutor$Worker.run(ThreadPoolExecutor.java:480)
		at org.apache.tomcat.util.threads.TaskThread$WrappingRunnable.run(TaskThread.java:57)
		at java.base/java.lang.Thread.run(Thread.java:840)
14-Jan-2026 09:53:07.617 SEVERE [http-nio-8080-exec-5] org.apache.catalina.core.StandardWrapperValve.invoke Servlet.service() for servlet [jsp] in context with path [/TP01] threw exception [org.apache.jasper.JasperException: java.lang.ClassNotFoundException: org.apache.jsp.monobjet_jsp] with root cause
	java.lang.ClassNotFoundException: org.apache.jsp.monobjet_jsp
		at java.base/java.net.URLClassLoader.findClass(URLClassLoader.java:445)
		at org.apache.jasper.servlet.JasperLoader.loadClass(JasperLoader.java:93)
		at org.apache.jasper.servlet.JasperLoader.loadClass(JasperLoader.java:47)
		at org.apache.catalina.core.DefaultInstanceManager.newInstance(DefaultInstanceManager.java:147)
		at org.apache.jasper.servlet.JspServletWrapper.getServlet(JspServletWrapper.java:163)
		at org.apache.jasper.servlet.JspServletWrapper.service(JspServletWrapper.java:382)
		at org.apache.jasper.servlet.JspServlet.serviceJspFile(JspServlet.java:330)
		at org.apache.jasper.servlet.JspServlet.service(JspServlet.java:281)
		at jakarta.servlet.http.HttpServlet.service(HttpServlet.java:710)
		at org.apache.catalina.core.ApplicationFilterChain.doFilter(ApplicationFilterChain.java:128)
		at org.apache.tomcat.websocket.server.WsFilter.doFilter(WsFilter.java:53)
		at org.apache.catalina.core.ApplicationFilterChain.doFilter(ApplicationFilterChain.java:107)
		at org.apache.catalina.core.StandardWrapperValve.invoke(StandardWrapperValve.java:165)
		at org.apache.catalina.core.StandardContextValve.invoke(StandardContextValve.java:77)
		at org.apache.catalina.authenticator.AuthenticatorBase.invoke(AuthenticatorBase.java:482)
		at org.apache.catalina.core.StandardHostValve.invoke(StandardHostValve.java:113)
		at org.apache.catalina.valves.ErrorReportValve.invoke(ErrorReportValve.java:83)
		at org.apache.catalina.valves.AbstractAccessLogValve.invoke(AbstractAccessLogValve.java:654)
		at org.apache.catalina.core.StandardEngineValve.invoke(StandardEngineValve.java:72)
		at org.apache.catalina.connector.CoyoteAdapter.service(CoyoteAdapter.java:341)
		at org.apache.coyote.http11.Http11Processor.service(Http11Processor.java:397)
		at org.apache.coyote.AbstractProcessorLight.process(AbstractProcessorLight.java:63)
		at org.apache.coyote.AbstractProtocol$ConnectionHandler.process(AbstractProtocol.java:903)
		at org.apache.tomcat.util.net.NioEndpoint$SocketProcessor.doRun(NioEndpoint.java:1778)
		at org.apache.tomcat.util.net.SocketProcessorBase.run(SocketProcessorBase.java:52)
		at org.apache.tomcat.util.threads.ThreadPoolExecutor.runWorker(ThreadPoolExecutor.java:946)
		at org.apache.tomcat.util.threads.ThreadPoolExecutor$Worker.run(ThreadPoolExecutor.java:480)
		at org.apache.tomcat.util.threads.TaskThread$WrappingRunnable.run(TaskThread.java:57)
		at java.base/java.lang.Thread.run(Thread.java:840)
14-Jan-2026 09:53:24.709 SEVERE [http-nio-8080-exec-6] org.apache.catalina.core.StandardWrapperValve.invoke Servlet.service() for servlet [jsp] in context with path [/TP01] threw exception [Unable to compile class for JSP: 

An error occurred at line: [16] in the generated java file: [/home/infoetu/baptiste.lavogiez.etu/BUT2/Semestre1/Ressources/Webdev/Web/tomcat/work/Catalina/localhost/TP01/org/apache/jsp/monobjet_jsp.java]
The import metier cannot be resolved

An error occurred at line: [12] in the jsp file: [/monobjet.jsp]
Personne cannot be resolved to a type
9: <h1>Le super compteur</h1>
10: 
11: <%!
12: Personne personne = new Personne();
13: %>
14: 
15: <%=


An error occurred at line: [12] in the jsp file: [/monobjet.jsp]
Personne cannot be resolved to a type
9: <h1>Le super compteur</h1>
10: 
11: <%!
12: Personne personne = new Personne();
13: %>
14: 
15: <%=


An error occurred at line: [16] in the jsp file: [/monobjet.jsp]
personne cannot be resolved to a variable
13: %>
14: 
15: <%=
16: personne
17: %>
18: 
19: 


Stacktrace:] with root cause
	org.apache.jasper.JasperException: Unable to compile class for JSP: 

An error occurred at line: [16] in the generated java file: [/home/infoetu/baptiste.lavogiez.etu/BUT2/Semestre1/Ressources/Webdev/Web/tomcat/work/Catalina/localhost/TP01/org/apache/jsp/monobjet_jsp.java]
The import metier cannot be resolved

An error occurred at line: [12] in the jsp file: [/monobjet.jsp]
Personne cannot be resolved to a type
9: <h1>Le super compteur</h1>
10: 
11: <%!
12: Personne personne = new Personne();
13: %>
14: 
15: <%=


An error occurred at line: [12] in the jsp file: [/monobjet.jsp]
Personne cannot be resolved to a type
9: <h1>Le super compteur</h1>
10: 
11: <%!
12: Personne personne = new Personne();
13: %>
14: 
15: <%=


An error occurred at line: [16] in the jsp file: [/monobjet.jsp]
personne cannot be resolved to a variable
13: %>
14: 
15: <%=
16: personne
17: %>
18: 
19: 


Stacktrace:
		at org.apache.jasper.compiler.DefaultErrorHandler.javacError(DefaultErrorHandler.java:70)
		at org.apache.jasper.compiler.ErrorDispatcher.javacError(ErrorDispatcher.java:189)
		at org.apache.jasper.compiler.JDTCompiler.generateClass(JDTCompiler.java:523)
		at org.apache.jasper.compiler.Compiler.compile(Compiler.java:367)
		at org.apache.jasper.compiler.Compiler.compile(Compiler.java:339)
		at org.apache.jasper.compiler.Compiler.compile(Compiler.java:325)
		at org.apache.jasper.JspCompilationContext.compile(JspCompilationContext.java:585)
		at org.apache.jasper.servlet.JspServletWrapper.service(JspServletWrapper.java:368)
		at org.apache.jasper.servlet.JspServlet.serviceJspFile(JspServlet.java:330)
		at org.apache.jasper.servlet.JspServlet.service(JspServlet.java:281)
		at jakarta.servlet.http.HttpServlet.service(HttpServlet.java:710)
		at org.apache.catalina.core.ApplicationFilterChain.doFilter(ApplicationFilterChain.java:128)
		at org.apache.tomcat.websocket.server.WsFilter.doFilter(WsFilter.java:53)
		at org.apache.catalina.core.ApplicationFilterChain.doFilter(ApplicationFilterChain.java:107)
		at org.apache.catalina.core.StandardWrapperValve.invoke(StandardWrapperValve.java:165)
		at org.apache.catalina.core.StandardContextValve.invoke(StandardContextValve.java:77)
		at org.apache.catalina.authenticator.AuthenticatorBase.invoke(AuthenticatorBase.java:482)
		at org.apache.catalina.core.StandardHostValve.invoke(StandardHostValve.java:113)
		at org.apache.catalina.valves.ErrorReportValve.invoke(ErrorReportValve.java:83)
		at org.apache.catalina.valves.AbstractAccessLogValve.invoke(AbstractAccessLogValve.java:654)
		at org.apache.catalina.core.StandardEngineValve.invoke(StandardEngineValve.java:72)
		at org.apache.catalina.connector.CoyoteAdapter.service(CoyoteAdapter.java:341)
		at org.apache.coyote.http11.Http11Processor.service(Http11Processor.java:397)
		at org.apache.coyote.AbstractProcessorLight.process(AbstractProcessorLight.java:63)
		at org.apache.coyote.AbstractProtocol$ConnectionHandler.process(AbstractProtocol.java:903)
		at org.apache.tomcat.util.net.NioEndpoint$SocketProcessor.doRun(NioEndpoint.java:1778)
		at org.apache.tomcat.util.net.SocketProcessorBase.run(SocketProcessorBase.java:52)
		at org.apache.tomcat.util.threads.ThreadPoolExecutor.runWorker(ThreadPoolExecutor.java:946)
		at org.apache.tomcat.util.threads.ThreadPoolExecutor$Worker.run(ThreadPoolExecutor.java:480)
		at org.apache.tomcat.util.threads.TaskThread$WrappingRunnable.run(TaskThread.java:57)
		at java.base/java.lang.Thread.run(Thread.java:840)
14-Jan-2026 09:53:25.410 SEVERE [http-nio-8080-exec-7] org.apache.catalina.core.StandardWrapperValve.invoke Servlet.service() for servlet [jsp] in context with path [/TP01] threw exception [org.apache.jasper.JasperException: java.lang.ClassNotFoundException: org.apache.jsp.monobjet_jsp] with root cause
	java.lang.ClassNotFoundException: org.apache.jsp.monobjet_jsp
		at java.base/java.net.URLClassLoader.findClass(URLClassLoader.java:445)
		at org.apache.jasper.servlet.JasperLoader.loadClass(JasperLoader.java:93)
		at org.apache.jasper.servlet.JasperLoader.loadClass(JasperLoader.java:47)
		at org.apache.catalina.core.DefaultInstanceManager.newInstance(DefaultInstanceManager.java:147)
		at org.apache.jasper.servlet.JspServletWrapper.getServlet(JspServletWrapper.java:163)
		at org.apache.jasper.servlet.JspServletWrapper.service(JspServletWrapper.java:382)
		at org.apache.jasper.servlet.JspServlet.serviceJspFile(JspServlet.java:330)
		at org.apache.jasper.servlet.JspServlet.service(JspServlet.java:281)
		at jakarta.servlet.http.HttpServlet.service(HttpServlet.java:710)
		at org.apache.catalina.core.ApplicationFilterChain.doFilter(ApplicationFilterChain.java:128)
		at org.apache.tomcat.websocket.server.WsFilter.doFilter(WsFilter.java:53)
		at org.apache.catalina.core.ApplicationFilterChain.doFilter(ApplicationFilterChain.java:107)
		at org.apache.catalina.core.StandardWrapperValve.invoke(StandardWrapperValve.java:165)
		at org.apache.catalina.core.StandardContextValve.invoke(StandardContextValve.java:77)
		at org.apache.catalina.authenticator.AuthenticatorBase.invoke(AuthenticatorBase.java:482)
		at org.apache.catalina.core.StandardHostValve.invoke(StandardHostValve.java:113)
		at org.apache.catalina.valves.ErrorReportValve.invoke(ErrorReportValve.java:83)
		at org.apache.catalina.valves.AbstractAccessLogValve.invoke(AbstractAccessLogValve.java:654)
		at org.apache.catalina.core.StandardEngineValve.invoke(StandardEngineValve.java:72)
		at org.apache.catalina.connector.CoyoteAdapter.service(CoyoteAdapter.java:341)
		at org.apache.coyote.http11.Http11Processor.service(Http11Processor.java:397)
		at org.apache.coyote.AbstractProcessorLight.process(AbstractProcessorLight.java:63)
		at org.apache.coyote.AbstractProtocol$ConnectionHandler.process(AbstractProtocol.java:903)
		at org.apache.tomcat.util.net.NioEndpoint$SocketProcessor.doRun(NioEndpoint.java:1778)
		at org.apache.tomcat.util.net.SocketProcessorBase.run(SocketProcessorBase.java:52)
		at org.apache.tomcat.util.threads.ThreadPoolExecutor.runWorker(ThreadPoolExecutor.java:946)
		at org.apache.tomcat.util.threads.ThreadPoolExecutor$Worker.run(ThreadPoolExecutor.java:480)
		at org.apache.tomcat.util.threads.TaskThread$WrappingRunnable.run(TaskThread.java:57)
		at java.base/java.lang.Thread.run(Thread.java:840)
14-Jan-2026 09:53:26.585 SEVERE [http-nio-8080-exec-8] org.apache.catalina.core.StandardWrapperValve.invoke Servlet.service() for servlet [jsp] in context with path [/TP01] threw exception [org.apache.jasper.JasperException: java.lang.ClassNotFoundException: org.apache.jsp.monobjet_jsp] with root cause
	java.lang.ClassNotFoundException: org.apache.jsp.monobjet_jsp
		at java.base/java.net.URLClassLoader.findClass(URLClassLoader.java:445)
		at org.apache.jasper.servlet.JasperLoader.loadClass(JasperLoader.java:93)
		at org.apache.jasper.servlet.JasperLoader.loadClass(JasperLoader.java:47)
		at org.apache.catalina.core.DefaultInstanceManager.newInstance(DefaultInstanceManager.java:147)
		at org.apache.jasper.servlet.JspServletWrapper.getServlet(JspServletWrapper.java:163)
		at org.apache.jasper.servlet.JspServletWrapper.service(JspServletWrapper.java:382)
		at org.apache.jasper.servlet.JspServlet.serviceJspFile(JspServlet.java:330)
		at org.apache.jasper.servlet.JspServlet.service(JspServlet.java:281)
		at jakarta.servlet.http.HttpServlet.service(HttpServlet.java:710)
		at org.apache.catalina.core.ApplicationFilterChain.doFilter(ApplicationFilterChain.java:128)
		at org.apache.tomcat.websocket.server.WsFilter.doFilter(WsFilter.java:53)
		at org.apache.catalina.core.ApplicationFilterChain.doFilter(ApplicationFilterChain.java:107)
		at org.apache.catalina.core.StandardWrapperValve.invoke(StandardWrapperValve.java:165)
		at org.apache.catalina.core.StandardContextValve.invoke(StandardContextValve.java:77)
		at org.apache.catalina.authenticator.AuthenticatorBase.invoke(AuthenticatorBase.java:482)
		at org.apache.catalina.core.StandardHostValve.invoke(StandardHostValve.java:113)
		at org.apache.catalina.valves.ErrorReportValve.invoke(ErrorReportValve.java:83)
		at org.apache.catalina.valves.AbstractAccessLogValve.invoke(AbstractAccessLogValve.java:654)
		at org.apache.catalina.core.StandardEngineValve.invoke(StandardEngineValve.java:72)
		at org.apache.catalina.connector.CoyoteAdapter.service(CoyoteAdapter.java:341)
		at org.apache.coyote.http11.Http11Processor.service(Http11Processor.java:397)
		at org.apache.coyote.AbstractProcessorLight.process(AbstractProcessorLight.java:63)
		at org.apache.coyote.AbstractProtocol$ConnectionHandler.process(AbstractProtocol.java:903)
		at org.apache.tomcat.util.net.NioEndpoint$SocketProcessor.doRun(NioEndpoint.java:1778)
		at org.apache.tomcat.util.net.SocketProcessorBase.run(SocketProcessorBase.java:52)
		at org.apache.tomcat.util.threads.ThreadPoolExecutor.runWorker(ThreadPoolExecutor.java:946)
		at org.apache.tomcat.util.threads.ThreadPoolExecutor$Worker.run(ThreadPoolExecutor.java:480)
		at org.apache.tomcat.util.threads.TaskThread$WrappingRunnable.run(TaskThread.java:57)
		at java.base/java.lang.Thread.run(Thread.java:840)
14-Jan-2026 09:53:27.020 SEVERE [http-nio-8080-exec-9] org.apache.catalina.core.StandardWrapperValve.invoke Servlet.service() for servlet [jsp] in context with path [/TP01] threw exception [org.apache.jasper.JasperException: java.lang.ClassNotFoundException: org.apache.jsp.monobjet_jsp] with root cause
	java.lang.ClassNotFoundException: org.apache.jsp.monobjet_jsp
		at java.base/java.net.URLClassLoader.findClass(URLClassLoader.java:445)
		at org.apache.jasper.servlet.JasperLoader.loadClass(JasperLoader.java:93)
		at org.apache.jasper.servlet.JasperLoader.loadClass(JasperLoader.java:47)
		at org.apache.catalina.core.DefaultInstanceManager.newInstance(DefaultInstanceManager.java:147)
		at org.apache.jasper.servlet.JspServletWrapper.getServlet(JspServletWrapper.java:163)
		at org.apache.jasper.servlet.JspServletWrapper.service(JspServletWrapper.java:382)
		at org.apache.jasper.servlet.JspServlet.serviceJspFile(JspServlet.java:330)
		at org.apache.jasper.servlet.JspServlet.service(JspServlet.java:281)
		at jakarta.servlet.http.HttpServlet.service(HttpServlet.java:710)
		at org.apache.catalina.core.ApplicationFilterChain.doFilter(ApplicationFilterChain.java:128)
		at org.apache.tomcat.websocket.server.WsFilter.doFilter(WsFilter.java:53)
		at org.apache.catalina.core.ApplicationFilterChain.doFilter(ApplicationFilterChain.java:107)
		at org.apache.catalina.core.StandardWrapperValve.invoke(StandardWrapperValve.java:165)
		at org.apache.catalina.core.StandardContextValve.invoke(StandardContextValve.java:77)
		at org.apache.catalina.authenticator.AuthenticatorBase.invoke(AuthenticatorBase.java:482)
		at org.apache.catalina.core.StandardHostValve.invoke(StandardHostValve.java:113)
		at org.apache.catalina.valves.ErrorReportValve.invoke(ErrorReportValve.java:83)
		at org.apache.catalina.valves.AbstractAccessLogValve.invoke(AbstractAccessLogValve.java:654)
		at org.apache.catalina.core.StandardEngineValve.invoke(StandardEngineValve.java:72)
		at org.apache.catalina.connector.CoyoteAdapter.service(CoyoteAdapter.java:341)
		at org.apache.coyote.http11.Http11Processor.service(Http11Processor.java:397)
		at org.apache.coyote.AbstractProcessorLight.process(AbstractProcessorLight.java:63)
		at org.apache.coyote.AbstractProtocol$ConnectionHandler.process(AbstractProtocol.java:903)
		at org.apache.tomcat.util.net.NioEndpoint$SocketProcessor.doRun(NioEndpoint.java:1778)
		at org.apache.tomcat.util.net.SocketProcessorBase.run(SocketProcessorBase.java:52)
		at org.apache.tomcat.util.threads.ThreadPoolExecutor.runWorker(ThreadPoolExecutor.java:946)
		at org.apache.tomcat.util.threads.ThreadPoolExecutor$Worker.run(ThreadPoolExecutor.java:480)
		at org.apache.tomcat.util.threads.TaskThread$WrappingRunnable.run(TaskThread.java:57)
		at java.base/java.lang.Thread.run(Thread.java:840)
14-Jan-2026 09:53:27.337 SEVERE [http-nio-8080-exec-10] org.apache.catalina.core.StandardWrapperValve.invoke Servlet.service() for servlet [jsp] in context with path [/TP01] threw exception [org.apache.jasper.JasperException: java.lang.ClassNotFoundException: org.apache.jsp.monobjet_jsp] with root cause
	java.lang.ClassNotFoundException: org.apache.jsp.monobjet_jsp
		at java.base/java.net.URLClassLoader.findClass(URLClassLoader.java:445)
		at org.apache.jasper.servlet.JasperLoader.loadClass(JasperLoader.java:93)
		at org.apache.jasper.servlet.JasperLoader.loadClass(JasperLoader.java:47)
		at org.apache.catalina.core.DefaultInstanceManager.newInstance(DefaultInstanceManager.java:147)
		at org.apache.jasper.servlet.JspServletWrapper.getServlet(JspServletWrapper.java:163)
		at org.apache.jasper.servlet.JspServletWrapper.service(JspServletWrapper.java:382)
		at org.apache.jasper.servlet.JspServlet.serviceJspFile(JspServlet.java:330)
		at org.apache.jasper.servlet.JspServlet.service(JspServlet.java:281)
		at jakarta.servlet.http.HttpServlet.service(HttpServlet.java:710)
		at org.apache.catalina.core.ApplicationFilterChain.doFilter(ApplicationFilterChain.java:128)
		at org.apache.tomcat.websocket.server.WsFilter.doFilter(WsFilter.java:53)
		at org.apache.catalina.core.ApplicationFilterChain.doFilter(ApplicationFilterChain.java:107)
		at org.apache.catalina.core.StandardWrapperValve.invoke(StandardWrapperValve.java:165)
		at org.apache.catalina.core.StandardContextValve.invoke(StandardContextValve.java:77)
		at org.apache.catalina.authenticator.AuthenticatorBase.invoke(AuthenticatorBase.java:482)
		at org.apache.catalina.core.StandardHostValve.invoke(StandardHostValve.java:113)
		at org.apache.catalina.valves.ErrorReportValve.invoke(ErrorReportValve.java:83)
		at org.apache.catalina.valves.AbstractAccessLogValve.invoke(AbstractAccessLogValve.java:654)
		at org.apache.catalina.core.StandardEngineValve.invoke(StandardEngineValve.java:72)
		at org.apache.catalina.connector.CoyoteAdapter.service(CoyoteAdapter.java:341)
		at org.apache.coyote.http11.Http11Processor.service(Http11Processor.java:397)
		at org.apache.coyote.AbstractProcessorLight.process(AbstractProcessorLight.java:63)
		at org.apache.coyote.AbstractProtocol$ConnectionHandler.process(AbstractProtocol.java:903)
		at org.apache.tomcat.util.net.NioEndpoint$SocketProcessor.doRun(NioEndpoint.java:1778)
		at org.apache.tomcat.util.net.SocketProcessorBase.run(SocketProcessorBase.java:52)
		at org.apache.tomcat.util.threads.ThreadPoolExecutor.runWorker(ThreadPoolExecutor.java:946)
		at org.apache.tomcat.util.threads.ThreadPoolExecutor$Worker.run(ThreadPoolExecutor.java:480)
		at org.apache.tomcat.util.threads.TaskThread$WrappingRunnable.run(TaskThread.java:57)
		at java.base/java.lang.Thread.run(Thread.java:840)
14-Jan-2026 09:53:29.397 SEVERE [http-nio-8080-exec-1] org.apache.catalina.core.StandardWrapperValve.invoke Servlet.service() for servlet [jsp] in context with path [/TP01] threw exception [Unable to compile class for JSP: 

An error occurred at line: [16] in the generated java file: [/home/infoetu/baptiste.lavogiez.etu/BUT2/Semestre1/Ressources/Webdev/Web/tomcat/work/Catalina/localhost/TP01/org/apache/jsp/monobjet_jsp.java]
The import metier cannot be resolved

An error occurred at line: [12] in the jsp file: [/monobjet.jsp]
Personne cannot be resolved to a type
9: <h1>Le super compteur</h1>
10: 
11: <%!
12: Personne personne = new Personne();
13: %>
14: 
15: <%=


An error occurred at line: [12] in the jsp file: [/monobjet.jsp]
Personne cannot be resolved to a type
9: <h1>Le super compteur</h1>
10: 
11: <%!
12: Personne personne = new Personne();
13: %>
14: 
15: <%=


An error occurred at line: [16] in the jsp file: [/monobjet.jsp]
personne cannot be resolved to a variable
13: %>
14: 
15: <%=
16: personne
17: %>
18: 
19: 


Stacktrace:] with root cause
	org.apache.jasper.JasperException: Unable to compile class for JSP: 

An error occurred at line: [16] in the generated java file: [/home/infoetu/baptiste.lavogiez.etu/BUT2/Semestre1/Ressources/Webdev/Web/tomcat/work/Catalina/localhost/TP01/org/apache/jsp/monobjet_jsp.java]
The import metier cannot be resolved

An error occurred at line: [12] in the jsp file: [/monobjet.jsp]
Personne cannot be resolved to a type
9: <h1>Le super compteur</h1>
10: 
11: <%!
12: Personne personne = new Personne();
13: %>
14: 
15: <%=


An error occurred at line: [12] in the jsp file: [/monobjet.jsp]
Personne cannot be resolved to a type
9: <h1>Le super compteur</h1>
10: 
11: <%!
12: Personne personne = new Personne();
13: %>
14: 
15: <%=


An error occurred at line: [16] in the jsp file: [/monobjet.jsp]
personne cannot be resolved to a variable
13: %>
14: 
15: <%=
16: personne
17: %>
18: 
19: 


Stacktrace:
		at org.apache.jasper.compiler.DefaultErrorHandler.javacError(DefaultErrorHandler.java:70)
		at org.apache.jasper.compiler.ErrorDispatcher.javacError(ErrorDispatcher.java:189)
		at org.apache.jasper.compiler.JDTCompiler.generateClass(JDTCompiler.java:523)
		at org.apache.jasper.compiler.Compiler.compile(Compiler.java:367)
		at org.apache.jasper.compiler.Compiler.compile(Compiler.java:339)
		at org.apache.jasper.compiler.Compiler.compile(Compiler.java:325)
		at org.apache.jasper.JspCompilationContext.compile(JspCompilationContext.java:585)
		at org.apache.jasper.servlet.JspServletWrapper.service(JspServletWrapper.java:368)
		at org.apache.jasper.servlet.JspServlet.serviceJspFile(JspServlet.java:330)
		at org.apache.jasper.servlet.JspServlet.service(JspServlet.java:281)
		at jakarta.servlet.http.HttpServlet.service(HttpServlet.java:710)
		at org.apache.catalina.core.ApplicationFilterChain.doFilter(ApplicationFilterChain.java:128)
		at org.apache.tomcat.websocket.server.WsFilter.doFilter(WsFilter.java:53)
		at org.apache.catalina.core.ApplicationFilterChain.doFilter(ApplicationFilterChain.java:107)
		at org.apache.catalina.core.StandardWrapperValve.invoke(StandardWrapperValve.java:165)
		at org.apache.catalina.core.StandardContextValve.invoke(StandardContextValve.java:77)
		at org.apache.catalina.authenticator.AuthenticatorBase.invoke(AuthenticatorBase.java:482)
		at org.apache.catalina.core.StandardHostValve.invoke(StandardHostValve.java:113)
		at org.apache.catalina.valves.ErrorReportValve.invoke(ErrorReportValve.java:83)
		at org.apache.catalina.valves.AbstractAccessLogValve.invoke(AbstractAccessLogValve.java:654)
		at org.apache.catalina.core.StandardEngineValve.invoke(StandardEngineValve.java:72)
		at org.apache.catalina.connector.CoyoteAdapter.service(CoyoteAdapter.java:341)
		at org.apache.coyote.http11.Http11Processor.service(Http11Processor.java:397)
		at org.apache.coyote.AbstractProcessorLight.process(AbstractProcessorLight.java:63)
		at org.apache.coyote.AbstractProtocol$ConnectionHandler.process(AbstractProtocol.java:903)
		at org.apache.tomcat.util.net.NioEndpoint$SocketProcessor.doRun(NioEndpoint.java:1778)
		at org.apache.tomcat.util.net.SocketProcessorBase.run(SocketProcessorBase.java:52)
		at org.apache.tomcat.util.threads.ThreadPoolExecutor.runWorker(ThreadPoolExecutor.java:946)
		at org.apache.tomcat.util.threads.ThreadPoolExecutor$Worker.run(ThreadPoolExecutor.java:480)
		at org.apache.tomcat.util.threads.TaskThread$WrappingRunnable.run(TaskThread.java:57)
		at java.base/java.lang.Thread.run(Thread.java:840)
14-Jan-2026 09:57:36.343 SEVERE [http-nio-8080-exec-4] org.apache.catalina.core.StandardWrapperValve.invoke Servlet.service() for servlet [jsp] in context with path [/TP01] threw exception [Unable to compile class for JSP: 

An error occurred at line: [18] in the jsp file: [/monobjet.jsp]
The method incr() is undefined for the type Personne
15: if(personnel==null){
16:     personnel = new Personne();
17: }
18: personnel.incr()
19: session.setAttribute("personnel", personnel)
20: 
21: Personne mondial = (Personne) application.getAttribute("mondial");


An error occurred at line: [18] in the jsp file: [/monobjet.jsp]
Syntax error, insert ";" to complete Statement
15: if(personnel==null){
16:     personnel = new Personne();
17: }
18: personnel.incr()
19: session.setAttribute("personnel", personnel)
20: 
21: Personne mondial = (Personne) application.getAttribute("mondial");


An error occurred at line: [19] in the jsp file: [/monobjet.jsp]
Syntax error, insert ";" to complete Statement
16:     personnel = new Personne();
17: }
18: personnel.incr()
19: session.setAttribute("personnel", personnel)
20: 
21: Personne mondial = (Personne) application.getAttribute("mondial");
22: 


An error occurred at line: [26] in the jsp file: [/monobjet.jsp]
The method incr() is undefined for the type Personne
23: if(mondial==null){
24:     mondial = new Personne();
25: }
26: mondial.incr();
27: session.setAttribute("mondial", mondial)
28: 
29: 


An error occurred at line: [27] in the jsp file: [/monobjet.jsp]
Syntax error, insert ";" to complete Statement
24:     mondial = new Personne();
25: }
26: mondial.incr();
27: session.setAttribute("mondial", mondial)
28: 
29: 
30: %>


Stacktrace:] with root cause
	org.apache.jasper.JasperException: Unable to compile class for JSP: 

An error occurred at line: [18] in the jsp file: [/monobjet.jsp]
The method incr() is undefined for the type Personne
15: if(personnel==null){
16:     personnel = new Personne();
17: }
18: personnel.incr()
19: session.setAttribute("personnel", personnel)
20: 
21: Personne mondial = (Personne) application.getAttribute("mondial");


An error occurred at line: [18] in the jsp file: [/monobjet.jsp]
Syntax error, insert ";" to complete Statement
15: if(personnel==null){
16:     personnel = new Personne();
17: }
18: personnel.incr()
19: session.setAttribute("personnel", personnel)
20: 
21: Personne mondial = (Personne) application.getAttribute("mondial");


An error occurred at line: [19] in the jsp file: [/monobjet.jsp]
Syntax error, insert ";" to complete Statement
16:     personnel = new Personne();
17: }
18: personnel.incr()
19: session.setAttribute("personnel", personnel)
20: 
21: Personne mondial = (Personne) application.getAttribute("mondial");
22: 


An error occurred at line: [26] in the jsp file: [/monobjet.jsp]
The method incr() is undefined for the type Personne
23: if(mondial==null){
24:     mondial = new Personne();
25: }
26: mondial.incr();
27: session.setAttribute("mondial", mondial)
28: 
29: 


An error occurred at line: [27] in the jsp file: [/monobjet.jsp]
Syntax error, insert ";" to complete Statement
24:     mondial = new Personne();
25: }
26: mondial.incr();
27: session.setAttribute("mondial", mondial)
28: 
29: 
30: %>


Stacktrace:
		at org.apache.jasper.compiler.DefaultErrorHandler.javacError(DefaultErrorHandler.java:70)
		at org.apache.jasper.compiler.ErrorDispatcher.javacError(ErrorDispatcher.java:189)
		at org.apache.jasper.compiler.JDTCompiler.generateClass(JDTCompiler.java:523)
		at org.apache.jasper.compiler.Compiler.compile(Compiler.java:367)
		at org.apache.jasper.compiler.Compiler.compile(Compiler.java:339)
		at org.apache.jasper.compiler.Compiler.compile(Compiler.java:325)
		at org.apache.jasper.JspCompilationContext.compile(JspCompilationContext.java:585)
		at org.apache.jasper.servlet.JspServletWrapper.service(JspServletWrapper.java:368)
		at org.apache.jasper.servlet.JspServlet.serviceJspFile(JspServlet.java:330)
		at org.apache.jasper.servlet.JspServlet.service(JspServlet.java:281)
		at jakarta.servlet.http.HttpServlet.service(HttpServlet.java:710)
		at org.apache.catalina.core.ApplicationFilterChain.doFilter(ApplicationFilterChain.java:128)
		at org.apache.tomcat.websocket.server.WsFilter.doFilter(WsFilter.java:53)
		at org.apache.catalina.core.ApplicationFilterChain.doFilter(ApplicationFilterChain.java:107)
		at org.apache.catalina.core.StandardWrapperValve.invoke(StandardWrapperValve.java:165)
		at org.apache.catalina.core.StandardContextValve.invoke(StandardContextValve.java:77)
		at org.apache.catalina.authenticator.AuthenticatorBase.invoke(AuthenticatorBase.java:482)
		at org.apache.catalina.core.StandardHostValve.invoke(StandardHostValve.java:113)
		at org.apache.catalina.valves.ErrorReportValve.invoke(ErrorReportValve.java:83)
		at org.apache.catalina.valves.AbstractAccessLogValve.invoke(AbstractAccessLogValve.java:654)
		at org.apache.catalina.core.StandardEngineValve.invoke(StandardEngineValve.java:72)
		at org.apache.catalina.connector.CoyoteAdapter.service(CoyoteAdapter.java:341)
		at org.apache.coyote.http11.Http11Processor.service(Http11Processor.java:397)
		at org.apache.coyote.AbstractProcessorLight.process(AbstractProcessorLight.java:63)
		at org.apache.coyote.AbstractProtocol$ConnectionHandler.process(AbstractProtocol.java:903)
		at org.apache.tomcat.util.net.NioEndpoint$SocketProcessor.doRun(NioEndpoint.java:1778)
		at org.apache.tomcat.util.net.SocketProcessorBase.run(SocketProcessorBase.java:52)
		at org.apache.tomcat.util.threads.ThreadPoolExecutor.runWorker(ThreadPoolExecutor.java:946)
		at org.apache.tomcat.util.threads.ThreadPoolExecutor$Worker.run(ThreadPoolExecutor.java:480)
		at org.apache.tomcat.util.threads.TaskThread$WrappingRunnable.run(TaskThread.java:57)
		at java.base/java.lang.Thread.run(Thread.java:840)
14-Jan-2026 09:57:36.876 SEVERE [http-nio-8080-exec-5] org.apache.catalina.core.StandardWrapperValve.invoke Servlet.service() for servlet [jsp] in context with path [/TP01] threw exception [org.apache.jasper.JasperException: java.lang.ClassNotFoundException: org.apache.jsp.monobjet_jsp] with root cause
	java.lang.ClassNotFoundException: org.apache.jsp.monobjet_jsp
		at java.base/java.net.URLClassLoader.findClass(URLClassLoader.java:445)
		at org.apache.jasper.servlet.JasperLoader.loadClass(JasperLoader.java:93)
		at org.apache.jasper.servlet.JasperLoader.loadClass(JasperLoader.java:47)
		at org.apache.catalina.core.DefaultInstanceManager.newInstance(DefaultInstanceManager.java:147)
		at org.apache.jasper.servlet.JspServletWrapper.getServlet(JspServletWrapper.java:163)
		at org.apache.jasper.servlet.JspServletWrapper.service(JspServletWrapper.java:382)
		at org.apache.jasper.servlet.JspServlet.serviceJspFile(JspServlet.java:330)
		at org.apache.jasper.servlet.JspServlet.service(JspServlet.java:281)
		at jakarta.servlet.http.HttpServlet.service(HttpServlet.java:710)
		at org.apache.catalina.core.ApplicationFilterChain.doFilter(ApplicationFilterChain.java:128)
		at org.apache.tomcat.websocket.server.WsFilter.doFilter(WsFilter.java:53)
		at org.apache.catalina.core.ApplicationFilterChain.doFilter(ApplicationFilterChain.java:107)
		at org.apache.catalina.core.StandardWrapperValve.invoke(StandardWrapperValve.java:165)
		at org.apache.catalina.core.StandardContextValve.invoke(StandardContextValve.java:77)
		at org.apache.catalina.authenticator.AuthenticatorBase.invoke(AuthenticatorBase.java:482)
		at org.apache.catalina.core.StandardHostValve.invoke(StandardHostValve.java:113)
		at org.apache.catalina.valves.ErrorReportValve.invoke(ErrorReportValve.java:83)
		at org.apache.catalina.valves.AbstractAccessLogValve.invoke(AbstractAccessLogValve.java:654)
		at org.apache.catalina.core.StandardEngineValve.invoke(StandardEngineValve.java:72)
		at org.apache.catalina.connector.CoyoteAdapter.service(CoyoteAdapter.java:341)
		at org.apache.coyote.http11.Http11Processor.service(Http11Processor.java:397)
		at org.apache.coyote.AbstractProcessorLight.process(AbstractProcessorLight.java:63)
		at org.apache.coyote.AbstractProtocol$ConnectionHandler.process(AbstractProtocol.java:903)
		at org.apache.tomcat.util.net.NioEndpoint$SocketProcessor.doRun(NioEndpoint.java:1778)
		at org.apache.tomcat.util.net.SocketProcessorBase.run(SocketProcessorBase.java:52)
		at org.apache.tomcat.util.threads.ThreadPoolExecutor.runWorker(ThreadPoolExecutor.java:946)
		at org.apache.tomcat.util.threads.ThreadPoolExecutor$Worker.run(ThreadPoolExecutor.java:480)
		at org.apache.tomcat.util.threads.TaskThread$WrappingRunnable.run(TaskThread.java:57)
		at java.base/java.lang.Thread.run(Thread.java:840)
14-Jan-2026 09:57:37.380 SEVERE [http-nio-8080-exec-6] org.apache.catalina.core.StandardWrapperValve.invoke Servlet.service() for servlet [jsp] in context with path [/TP01] threw exception [org.apache.jasper.JasperException: java.lang.ClassNotFoundException: org.apache.jsp.monobjet_jsp] with root cause
	java.lang.ClassNotFoundException: org.apache.jsp.monobjet_jsp
		at java.base/java.net.URLClassLoader.findClass(URLClassLoader.java:445)
		at org.apache.jasper.servlet.JasperLoader.loadClass(JasperLoader.java:93)
		at org.apache.jasper.servlet.JasperLoader.loadClass(JasperLoader.java:47)
		at org.apache.catalina.core.DefaultInstanceManager.newInstance(DefaultInstanceManager.java:147)
		at org.apache.jasper.servlet.JspServletWrapper.getServlet(JspServletWrapper.java:163)
		at org.apache.jasper.servlet.JspServletWrapper.service(JspServletWrapper.java:382)
		at org.apache.jasper.servlet.JspServlet.serviceJspFile(JspServlet.java:330)
		at org.apache.jasper.servlet.JspServlet.service(JspServlet.java:281)
		at jakarta.servlet.http.HttpServlet.service(HttpServlet.java:710)
		at org.apache.catalina.core.ApplicationFilterChain.doFilter(ApplicationFilterChain.java:128)
		at org.apache.tomcat.websocket.server.WsFilter.doFilter(WsFilter.java:53)
		at org.apache.catalina.core.ApplicationFilterChain.doFilter(ApplicationFilterChain.java:107)
		at org.apache.catalina.core.StandardWrapperValve.invoke(StandardWrapperValve.java:165)
		at org.apache.catalina.core.StandardContextValve.invoke(StandardContextValve.java:77)
		at org.apache.catalina.authenticator.AuthenticatorBase.invoke(AuthenticatorBase.java:482)
		at org.apache.catalina.core.StandardHostValve.invoke(StandardHostValve.java:113)
		at org.apache.catalina.valves.ErrorReportValve.invoke(ErrorReportValve.java:83)
		at org.apache.catalina.valves.AbstractAccessLogValve.invoke(AbstractAccessLogValve.java:654)
		at org.apache.catalina.core.StandardEngineValve.invoke(StandardEngineValve.java:72)
		at org.apache.catalina.connector.CoyoteAdapter.service(CoyoteAdapter.java:341)
		at org.apache.coyote.http11.Http11Processor.service(Http11Processor.java:397)
		at org.apache.coyote.AbstractProcessorLight.process(AbstractProcessorLight.java:63)
		at org.apache.coyote.AbstractProtocol$ConnectionHandler.process(AbstractProtocol.java:903)
		at org.apache.tomcat.util.net.NioEndpoint$SocketProcessor.doRun(NioEndpoint.java:1778)
		at org.apache.tomcat.util.net.SocketProcessorBase.run(SocketProcessorBase.java:52)
		at org.apache.tomcat.util.threads.ThreadPoolExecutor.runWorker(ThreadPoolExecutor.java:946)
		at org.apache.tomcat.util.threads.ThreadPoolExecutor$Worker.run(ThreadPoolExecutor.java:480)
		at org.apache.tomcat.util.threads.TaskThread$WrappingRunnable.run(TaskThread.java:57)
		at java.base/java.lang.Thread.run(Thread.java:840)
14-Jan-2026 09:57:48.504 SEVERE [http-nio-8080-exec-7] org.apache.catalina.core.StandardWrapperValve.invoke Servlet.service() for servlet [jsp] in context with path [/TP01] threw exception [Unable to compile class for JSP: 

An error occurred at line: [18] in the jsp file: [/monobjet.jsp]
The method incr() is undefined for the type Personne
15: if(personnel==null){
16:     personnel = new Personne();
17: }
18: personnel.incr()
19: session.setAttribute("personnel", personnel)
20: 
21: Personne mondial = (Personne) application.getAttribute("mondial");


An error occurred at line: [18] in the jsp file: [/monobjet.jsp]
Syntax error, insert ";" to complete Statement
15: if(personnel==null){
16:     personnel = new Personne();
17: }
18: personnel.incr()
19: session.setAttribute("personnel", personnel)
20: 
21: Personne mondial = (Personne) application.getAttribute("mondial");


An error occurred at line: [19] in the jsp file: [/monobjet.jsp]
Syntax error, insert ";" to complete Statement
16:     personnel = new Personne();
17: }
18: personnel.incr()
19: session.setAttribute("personnel", personnel)
20: 
21: Personne mondial = (Personne) application.getAttribute("mondial");
22: 


An error occurred at line: [26] in the jsp file: [/monobjet.jsp]
The method incr() is undefined for the type Personne
23: if(mondial==null){
24:     mondial = new Personne();
25: }
26: mondial.incr();
27: session.setAttribute("mondial", mondial);
28: 
29: %>


Stacktrace:] with root cause
	org.apache.jasper.JasperException: Unable to compile class for JSP: 

An error occurred at line: [18] in the jsp file: [/monobjet.jsp]
The method incr() is undefined for the type Personne
15: if(personnel==null){
16:     personnel = new Personne();
17: }
18: personnel.incr()
19: session.setAttribute("personnel", personnel)
20: 
21: Personne mondial = (Personne) application.getAttribute("mondial");


An error occurred at line: [18] in the jsp file: [/monobjet.jsp]
Syntax error, insert ";" to complete Statement
15: if(personnel==null){
16:     personnel = new Personne();
17: }
18: personnel.incr()
19: session.setAttribute("personnel", personnel)
20: 
21: Personne mondial = (Personne) application.getAttribute("mondial");


An error occurred at line: [19] in the jsp file: [/monobjet.jsp]
Syntax error, insert ";" to complete Statement
16:     personnel = new Personne();
17: }
18: personnel.incr()
19: session.setAttribute("personnel", personnel)
20: 
21: Personne mondial = (Personne) application.getAttribute("mondial");
22: 


An error occurred at line: [26] in the jsp file: [/monobjet.jsp]
The method incr() is undefined for the type Personne
23: if(mondial==null){
24:     mondial = new Personne();
25: }
26: mondial.incr();
27: session.setAttribute("mondial", mondial);
28: 
29: %>


Stacktrace:
		at org.apache.jasper.compiler.DefaultErrorHandler.javacError(DefaultErrorHandler.java:70)
		at org.apache.jasper.compiler.ErrorDispatcher.javacError(ErrorDispatcher.java:189)
		at org.apache.jasper.compiler.JDTCompiler.generateClass(JDTCompiler.java:523)
		at org.apache.jasper.compiler.Compiler.compile(Compiler.java:367)
		at org.apache.jasper.compiler.Compiler.compile(Compiler.java:339)
		at org.apache.jasper.compiler.Compiler.compile(Compiler.java:325)
		at org.apache.jasper.JspCompilationContext.compile(JspCompilationContext.java:585)
		at org.apache.jasper.servlet.JspServletWrapper.service(JspServletWrapper.java:368)
		at org.apache.jasper.servlet.JspServlet.serviceJspFile(JspServlet.java:330)
		at org.apache.jasper.servlet.JspServlet.service(JspServlet.java:281)
		at jakarta.servlet.http.HttpServlet.service(HttpServlet.java:710)
		at org.apache.catalina.core.ApplicationFilterChain.doFilter(ApplicationFilterChain.java:128)
		at org.apache.tomcat.websocket.server.WsFilter.doFilter(WsFilter.java:53)
		at org.apache.catalina.core.ApplicationFilterChain.doFilter(ApplicationFilterChain.java:107)
		at org.apache.catalina.core.StandardWrapperValve.invoke(StandardWrapperValve.java:165)
		at org.apache.catalina.core.StandardContextValve.invoke(StandardContextValve.java:77)
		at org.apache.catalina.authenticator.AuthenticatorBase.invoke(AuthenticatorBase.java:482)
		at org.apache.catalina.core.StandardHostValve.invoke(StandardHostValve.java:113)
		at org.apache.catalina.valves.ErrorReportValve.invoke(ErrorReportValve.java:83)
		at org.apache.catalina.valves.AbstractAccessLogValve.invoke(AbstractAccessLogValve.java:654)
		at org.apache.catalina.core.StandardEngineValve.invoke(StandardEngineValve.java:72)
		at org.apache.catalina.connector.CoyoteAdapter.service(CoyoteAdapter.java:341)
		at org.apache.coyote.http11.Http11Processor.service(Http11Processor.java:397)
		at org.apache.coyote.AbstractProcessorLight.process(AbstractProcessorLight.java:63)
		at org.apache.coyote.AbstractProtocol$ConnectionHandler.process(AbstractProtocol.java:903)
		at org.apache.tomcat.util.net.NioEndpoint$SocketProcessor.doRun(NioEndpoint.java:1778)
		at org.apache.tomcat.util.net.SocketProcessorBase.run(SocketProcessorBase.java:52)
		at org.apache.tomcat.util.threads.ThreadPoolExecutor.runWorker(ThreadPoolExecutor.java:946)
		at org.apache.tomcat.util.threads.ThreadPoolExecutor$Worker.run(ThreadPoolExecutor.java:480)
		at org.apache.tomcat.util.threads.TaskThread$WrappingRunnable.run(TaskThread.java:57)
		at java.base/java.lang.Thread.run(Thread.java:840)
14-Jan-2026 09:57:49.317 SEVERE [http-nio-8080-exec-8] org.apache.catalina.core.StandardWrapperValve.invoke Servlet.service() for servlet [jsp] in context with path [/TP01] threw exception [org.apache.jasper.JasperException: java.lang.ClassNotFoundException: org.apache.jsp.monobjet_jsp] with root cause
	java.lang.ClassNotFoundException: org.apache.jsp.monobjet_jsp
		at java.base/java.net.URLClassLoader.findClass(URLClassLoader.java:445)
		at org.apache.jasper.servlet.JasperLoader.loadClass(JasperLoader.java:93)
		at org.apache.jasper.servlet.JasperLoader.loadClass(JasperLoader.java:47)
		at org.apache.catalina.core.DefaultInstanceManager.newInstance(DefaultInstanceManager.java:147)
		at org.apache.jasper.servlet.JspServletWrapper.getServlet(JspServletWrapper.java:163)
		at org.apache.jasper.servlet.JspServletWrapper.service(JspServletWrapper.java:382)
		at org.apache.jasper.servlet.JspServlet.serviceJspFile(JspServlet.java:330)
		at org.apache.jasper.servlet.JspServlet.service(JspServlet.java:281)
		at jakarta.servlet.http.HttpServlet.service(HttpServlet.java:710)
		at org.apache.catalina.core.ApplicationFilterChain.doFilter(ApplicationFilterChain.java:128)
		at org.apache.tomcat.websocket.server.WsFilter.doFilter(WsFilter.java:53)
		at org.apache.catalina.core.ApplicationFilterChain.doFilter(ApplicationFilterChain.java:107)
		at org.apache.catalina.core.StandardWrapperValve.invoke(StandardWrapperValve.java:165)
		at org.apache.catalina.core.StandardContextValve.invoke(StandardContextValve.java:77)
		at org.apache.catalina.authenticator.AuthenticatorBase.invoke(AuthenticatorBase.java:482)
		at org.apache.catalina.core.StandardHostValve.invoke(StandardHostValve.java:113)
		at org.apache.catalina.valves.ErrorReportValve.invoke(ErrorReportValve.java:83)
		at org.apache.catalina.valves.AbstractAccessLogValve.invoke(AbstractAccessLogValve.java:654)
		at org.apache.catalina.core.StandardEngineValve.invoke(StandardEngineValve.java:72)
		at org.apache.catalina.connector.CoyoteAdapter.service(CoyoteAdapter.java:341)
		at org.apache.coyote.http11.Http11Processor.service(Http11Processor.java:397)
		at org.apache.coyote.AbstractProcessorLight.process(AbstractProcessorLight.java:63)
		at org.apache.coyote.AbstractProtocol$ConnectionHandler.process(AbstractProtocol.java:903)
		at org.apache.tomcat.util.net.NioEndpoint$SocketProcessor.doRun(NioEndpoint.java:1778)
		at org.apache.tomcat.util.net.SocketProcessorBase.run(SocketProcessorBase.java:52)
		at org.apache.tomcat.util.threads.ThreadPoolExecutor.runWorker(ThreadPoolExecutor.java:946)
		at org.apache.tomcat.util.threads.ThreadPoolExecutor$Worker.run(ThreadPoolExecutor.java:480)
		at org.apache.tomcat.util.threads.TaskThread$WrappingRunnable.run(TaskThread.java:57)
		at java.base/java.lang.Thread.run(Thread.java:840)
14-Jan-2026 09:57:49.908 SEVERE [http-nio-8080-exec-9] org.apache.catalina.core.StandardWrapperValve.invoke Servlet.service() for servlet [jsp] in context with path [/TP01] threw exception [org.apache.jasper.JasperException: java.lang.ClassNotFoundException: org.apache.jsp.monobjet_jsp] with root cause
	java.lang.ClassNotFoundException: org.apache.jsp.monobjet_jsp
		at java.base/java.net.URLClassLoader.findClass(URLClassLoader.java:445)
		at org.apache.jasper.servlet.JasperLoader.loadClass(JasperLoader.java:93)
		at org.apache.jasper.servlet.JasperLoader.loadClass(JasperLoader.java:47)
		at org.apache.catalina.core.DefaultInstanceManager.newInstance(DefaultInstanceManager.java:147)
		at org.apache.jasper.servlet.JspServletWrapper.getServlet(JspServletWrapper.java:163)
		at org.apache.jasper.servlet.JspServletWrapper.service(JspServletWrapper.java:382)
		at org.apache.jasper.servlet.JspServlet.serviceJspFile(JspServlet.java:330)
		at org.apache.jasper.servlet.JspServlet.service(JspServlet.java:281)
		at jakarta.servlet.http.HttpServlet.service(HttpServlet.java:710)
		at org.apache.catalina.core.ApplicationFilterChain.doFilter(ApplicationFilterChain.java:128)
		at org.apache.tomcat.websocket.server.WsFilter.doFilter(WsFilter.java:53)
		at org.apache.catalina.core.ApplicationFilterChain.doFilter(ApplicationFilterChain.java:107)
		at org.apache.catalina.core.StandardWrapperValve.invoke(StandardWrapperValve.java:165)
		at org.apache.catalina.core.StandardContextValve.invoke(StandardContextValve.java:77)
		at org.apache.catalina.authenticator.AuthenticatorBase.invoke(AuthenticatorBase.java:482)
		at org.apache.catalina.core.StandardHostValve.invoke(StandardHostValve.java:113)
		at org.apache.catalina.valves.ErrorReportValve.invoke(ErrorReportValve.java:83)
		at org.apache.catalina.valves.AbstractAccessLogValve.invoke(AbstractAccessLogValve.java:654)
		at org.apache.catalina.core.StandardEngineValve.invoke(StandardEngineValve.java:72)
		at org.apache.catalina.connector.CoyoteAdapter.service(CoyoteAdapter.java:341)
		at org.apache.coyote.http11.Http11Processor.service(Http11Processor.java:397)
		at org.apache.coyote.AbstractProcessorLight.process(AbstractProcessorLight.java:63)
		at org.apache.coyote.AbstractProtocol$ConnectionHandler.process(AbstractProtocol.java:903)
		at org.apache.tomcat.util.net.NioEndpoint$SocketProcessor.doRun(NioEndpoint.java:1778)
		at org.apache.tomcat.util.net.SocketProcessorBase.run(SocketProcessorBase.java:52)
		at org.apache.tomcat.util.threads.ThreadPoolExecutor.runWorker(ThreadPoolExecutor.java:946)
		at org.apache.tomcat.util.threads.ThreadPoolExecutor$Worker.run(ThreadPoolExecutor.java:480)
		at org.apache.tomcat.util.threads.TaskThread$WrappingRunnable.run(TaskThread.java:57)
		at java.base/java.lang.Thread.run(Thread.java:840)
14-Jan-2026 09:57:50.308 SEVERE [http-nio-8080-exec-10] org.apache.catalina.core.StandardWrapperValve.invoke Servlet.service() for servlet [jsp] in context with path [/TP01] threw exception [org.apache.jasper.JasperException: java.lang.ClassNotFoundException: org.apache.jsp.monobjet_jsp] with root cause
	java.lang.ClassNotFoundException: org.apache.jsp.monobjet_jsp
		at java.base/java.net.URLClassLoader.findClass(URLClassLoader.java:445)
		at org.apache.jasper.servlet.JasperLoader.loadClass(JasperLoader.java:93)
		at org.apache.jasper.servlet.JasperLoader.loadClass(JasperLoader.java:47)
		at org.apache.catalina.core.DefaultInstanceManager.newInstance(DefaultInstanceManager.java:147)
		at org.apache.jasper.servlet.JspServletWrapper.getServlet(JspServletWrapper.java:163)
		at org.apache.jasper.servlet.JspServletWrapper.service(JspServletWrapper.java:382)
		at org.apache.jasper.servlet.JspServlet.serviceJspFile(JspServlet.java:330)
		at org.apache.jasper.servlet.JspServlet.service(JspServlet.java:281)
		at jakarta.servlet.http.HttpServlet.service(HttpServlet.java:710)
		at org.apache.catalina.core.ApplicationFilterChain.doFilter(ApplicationFilterChain.java:128)
		at org.apache.tomcat.websocket.server.WsFilter.doFilter(WsFilter.java:53)
		at org.apache.catalina.core.ApplicationFilterChain.doFilter(ApplicationFilterChain.java:107)
		at org.apache.catalina.core.StandardWrapperValve.invoke(StandardWrapperValve.java:165)
		at org.apache.catalina.core.StandardContextValve.invoke(StandardContextValve.java:77)
		at org.apache.catalina.authenticator.AuthenticatorBase.invoke(AuthenticatorBase.java:482)
		at org.apache.catalina.core.StandardHostValve.invoke(StandardHostValve.java:113)
		at org.apache.catalina.valves.ErrorReportValve.invoke(ErrorReportValve.java:83)
		at org.apache.catalina.valves.AbstractAccessLogValve.invoke(AbstractAccessLogValve.java:654)
		at org.apache.catalina.core.StandardEngineValve.invoke(StandardEngineValve.java:72)
		at org.apache.catalina.connector.CoyoteAdapter.service(CoyoteAdapter.java:341)
		at org.apache.coyote.http11.Http11Processor.service(Http11Processor.java:397)
		at org.apache.coyote.AbstractProcessorLight.process(AbstractProcessorLight.java:63)
		at org.apache.coyote.AbstractProtocol$ConnectionHandler.process(AbstractProtocol.java:903)
		at org.apache.tomcat.util.net.NioEndpoint$SocketProcessor.doRun(NioEndpoint.java:1778)
		at org.apache.tomcat.util.net.SocketProcessorBase.run(SocketProcessorBase.java:52)
		at org.apache.tomcat.util.threads.ThreadPoolExecutor.runWorker(ThreadPoolExecutor.java:946)
		at org.apache.tomcat.util.threads.ThreadPoolExecutor$Worker.run(ThreadPoolExecutor.java:480)
		at org.apache.tomcat.util.threads.TaskThread$WrappingRunnable.run(TaskThread.java:57)
		at java.base/java.lang.Thread.run(Thread.java:840)
14-Jan-2026 09:57:50.660 SEVERE [http-nio-8080-exec-1] org.apache.catalina.core.StandardWrapperValve.invoke Servlet.service() for servlet [jsp] in context with path [/TP01] threw exception [org.apache.jasper.JasperException: java.lang.ClassNotFoundException: org.apache.jsp.monobjet_jsp] with root cause
	java.lang.ClassNotFoundException: org.apache.jsp.monobjet_jsp
		at java.base/java.net.URLClassLoader.findClass(URLClassLoader.java:445)
		at org.apache.jasper.servlet.JasperLoader.loadClass(JasperLoader.java:93)
		at org.apache.jasper.servlet.JasperLoader.loadClass(JasperLoader.java:47)
		at org.apache.catalina.core.DefaultInstanceManager.newInstance(DefaultInstanceManager.java:147)
		at org.apache.jasper.servlet.JspServletWrapper.getServlet(JspServletWrapper.java:163)
		at org.apache.jasper.servlet.JspServletWrapper.service(JspServletWrapper.java:382)
		at org.apache.jasper.servlet.JspServlet.serviceJspFile(JspServlet.java:330)
		at org.apache.jasper.servlet.JspServlet.service(JspServlet.java:281)
		at jakarta.servlet.http.HttpServlet.service(HttpServlet.java:710)
		at org.apache.catalina.core.ApplicationFilterChain.doFilter(ApplicationFilterChain.java:128)
		at org.apache.tomcat.websocket.server.WsFilter.doFilter(WsFilter.java:53)
		at org.apache.catalina.core.ApplicationFilterChain.doFilter(ApplicationFilterChain.java:107)
		at org.apache.catalina.core.StandardWrapperValve.invoke(StandardWrapperValve.java:165)
		at org.apache.catalina.core.StandardContextValve.invoke(StandardContextValve.java:77)
		at org.apache.catalina.authenticator.AuthenticatorBase.invoke(AuthenticatorBase.java:482)
		at org.apache.catalina.core.StandardHostValve.invoke(StandardHostValve.java:113)
		at org.apache.catalina.valves.ErrorReportValve.invoke(ErrorReportValve.java:83)
		at org.apache.catalina.valves.AbstractAccessLogValve.invoke(AbstractAccessLogValve.java:654)
		at org.apache.catalina.core.StandardEngineValve.invoke(StandardEngineValve.java:72)
		at org.apache.catalina.connector.CoyoteAdapter.service(CoyoteAdapter.java:341)
		at org.apache.coyote.http11.Http11Processor.service(Http11Processor.java:397)
		at org.apache.coyote.AbstractProcessorLight.process(AbstractProcessorLight.java:63)
		at org.apache.coyote.AbstractProtocol$ConnectionHandler.process(AbstractProtocol.java:903)
		at org.apache.tomcat.util.net.NioEndpoint$SocketProcessor.doRun(NioEndpoint.java:1778)
		at org.apache.tomcat.util.net.SocketProcessorBase.run(SocketProcessorBase.java:52)
		at org.apache.tomcat.util.threads.ThreadPoolExecutor.runWorker(ThreadPoolExecutor.java:946)
		at org.apache.tomcat.util.threads.ThreadPoolExecutor$Worker.run(ThreadPoolExecutor.java:480)
		at org.apache.tomcat.util.threads.TaskThread$WrappingRunnable.run(TaskThread.java:57)
		at java.base/java.lang.Thread.run(Thread.java:840)
14-Jan-2026 09:57:50.980 SEVERE [http-nio-8080-exec-2] org.apache.catalina.core.StandardWrapperValve.invoke Servlet.service() for servlet [jsp] in context with path [/TP01] threw exception [org.apache.jasper.JasperException: java.lang.ClassNotFoundException: org.apache.jsp.monobjet_jsp] with root cause
	java.lang.ClassNotFoundException: org.apache.jsp.monobjet_jsp
		at java.base/java.net.URLClassLoader.findClass(URLClassLoader.java:445)
		at org.apache.jasper.servlet.JasperLoader.loadClass(JasperLoader.java:93)
		at org.apache.jasper.servlet.JasperLoader.loadClass(JasperLoader.java:47)
		at org.apache.catalina.core.DefaultInstanceManager.newInstance(DefaultInstanceManager.java:147)
		at org.apache.jasper.servlet.JspServletWrapper.getServlet(JspServletWrapper.java:163)
		at org.apache.jasper.servlet.JspServletWrapper.service(JspServletWrapper.java:382)
		at org.apache.jasper.servlet.JspServlet.serviceJspFile(JspServlet.java:330)
		at org.apache.jasper.servlet.JspServlet.service(JspServlet.java:281)
		at jakarta.servlet.http.HttpServlet.service(HttpServlet.java:710)
		at org.apache.catalina.core.ApplicationFilterChain.doFilter(ApplicationFilterChain.java:128)
		at org.apache.tomcat.websocket.server.WsFilter.doFilter(WsFilter.java:53)
		at org.apache.catalina.core.ApplicationFilterChain.doFilter(ApplicationFilterChain.java:107)
		at org.apache.catalina.core.StandardWrapperValve.invoke(StandardWrapperValve.java:165)
		at org.apache.catalina.core.StandardContextValve.invoke(StandardContextValve.java:77)
		at org.apache.catalina.authenticator.AuthenticatorBase.invoke(AuthenticatorBase.java:482)
		at org.apache.catalina.core.StandardHostValve.invoke(StandardHostValve.java:113)
		at org.apache.catalina.valves.ErrorReportValve.invoke(ErrorReportValve.java:83)
		at org.apache.catalina.valves.AbstractAccessLogValve.invoke(AbstractAccessLogValve.java:654)
		at org.apache.catalina.core.StandardEngineValve.invoke(StandardEngineValve.java:72)
		at org.apache.catalina.connector.CoyoteAdapter.service(CoyoteAdapter.java:341)
		at org.apache.coyote.http11.Http11Processor.service(Http11Processor.java:397)
		at org.apache.coyote.AbstractProcessorLight.process(AbstractProcessorLight.java:63)
		at org.apache.coyote.AbstractProtocol$ConnectionHandler.process(AbstractProtocol.java:903)
		at org.apache.tomcat.util.net.NioEndpoint$SocketProcessor.doRun(NioEndpoint.java:1778)
		at org.apache.tomcat.util.net.SocketProcessorBase.run(SocketProcessorBase.java:52)
		at org.apache.tomcat.util.threads.ThreadPoolExecutor.runWorker(ThreadPoolExecutor.java:946)
		at org.apache.tomcat.util.threads.ThreadPoolExecutor$Worker.run(ThreadPoolExecutor.java:480)
		at org.apache.tomcat.util.threads.TaskThread$WrappingRunnable.run(TaskThread.java:57)
		at java.base/java.lang.Thread.run(Thread.java:840)
14-Jan-2026 09:57:51.270 SEVERE [http-nio-8080-exec-3] org.apache.catalina.core.StandardWrapperValve.invoke Servlet.service() for servlet [jsp] in context with path [/TP01] threw exception [org.apache.jasper.JasperException: java.lang.ClassNotFoundException: org.apache.jsp.monobjet_jsp] with root cause
	java.lang.ClassNotFoundException: org.apache.jsp.monobjet_jsp
		at java.base/java.net.URLClassLoader.findClass(URLClassLoader.java:445)
		at org.apache.jasper.servlet.JasperLoader.loadClass(JasperLoader.java:93)
		at org.apache.jasper.servlet.JasperLoader.loadClass(JasperLoader.java:47)
		at org.apache.catalina.core.DefaultInstanceManager.newInstance(DefaultInstanceManager.java:147)
		at org.apache.jasper.servlet.JspServletWrapper.getServlet(JspServletWrapper.java:163)
		at org.apache.jasper.servlet.JspServletWrapper.service(JspServletWrapper.java:382)
		at org.apache.jasper.servlet.JspServlet.serviceJspFile(JspServlet.java:330)
		at org.apache.jasper.servlet.JspServlet.service(JspServlet.java:281)
		at jakarta.servlet.http.HttpServlet.service(HttpServlet.java:710)
		at org.apache.catalina.core.ApplicationFilterChain.doFilter(ApplicationFilterChain.java:128)
		at org.apache.tomcat.websocket.server.WsFilter.doFilter(WsFilter.java:53)
		at org.apache.catalina.core.ApplicationFilterChain.doFilter(ApplicationFilterChain.java:107)
		at org.apache.catalina.core.StandardWrapperValve.invoke(StandardWrapperValve.java:165)
		at org.apache.catalina.core.StandardContextValve.invoke(StandardContextValve.java:77)
		at org.apache.catalina.authenticator.AuthenticatorBase.invoke(AuthenticatorBase.java:482)
		at org.apache.catalina.core.StandardHostValve.invoke(StandardHostValve.java:113)
		at org.apache.catalina.valves.ErrorReportValve.invoke(ErrorReportValve.java:83)
		at org.apache.catalina.valves.AbstractAccessLogValve.invoke(AbstractAccessLogValve.java:654)
		at org.apache.catalina.core.StandardEngineValve.invoke(StandardEngineValve.java:72)
		at org.apache.catalina.connector.CoyoteAdapter.service(CoyoteAdapter.java:341)
		at org.apache.coyote.http11.Http11Processor.service(Http11Processor.java:397)
		at org.apache.coyote.AbstractProcessorLight.process(AbstractProcessorLight.java:63)
		at org.apache.coyote.AbstractProtocol$ConnectionHandler.process(AbstractProtocol.java:903)
		at org.apache.tomcat.util.net.NioEndpoint$SocketProcessor.doRun(NioEndpoint.java:1778)
		at org.apache.tomcat.util.net.SocketProcessorBase.run(SocketProcessorBase.java:52)
		at org.apache.tomcat.util.threads.ThreadPoolExecutor.runWorker(ThreadPoolExecutor.java:946)
		at org.apache.tomcat.util.threads.ThreadPoolExecutor$Worker.run(ThreadPoolExecutor.java:480)
		at org.apache.tomcat.util.threads.TaskThread$WrappingRunnable.run(TaskThread.java:57)
		at java.base/java.lang.Thread.run(Thread.java:840)
14-Jan-2026 09:57:51.497 SEVERE [http-nio-8080-exec-4] org.apache.catalina.core.StandardWrapperValve.invoke Servlet.service() for servlet [jsp] in context with path [/TP01] threw exception [org.apache.jasper.JasperException: java.lang.ClassNotFoundException: org.apache.jsp.monobjet_jsp] with root cause
	java.lang.ClassNotFoundException: org.apache.jsp.monobjet_jsp
		at java.base/java.net.URLClassLoader.findClass(URLClassLoader.java:445)
		at org.apache.jasper.servlet.JasperLoader.loadClass(JasperLoader.java:93)
		at org.apache.jasper.servlet.JasperLoader.loadClass(JasperLoader.java:47)
		at org.apache.catalina.core.DefaultInstanceManager.newInstance(DefaultInstanceManager.java:147)
		at org.apache.jasper.servlet.JspServletWrapper.getServlet(JspServletWrapper.java:163)
		at org.apache.jasper.servlet.JspServletWrapper.service(JspServletWrapper.java:382)
		at org.apache.jasper.servlet.JspServlet.serviceJspFile(JspServlet.java:330)
		at org.apache.jasper.servlet.JspServlet.service(JspServlet.java:281)
		at jakarta.servlet.http.HttpServlet.service(HttpServlet.java:710)
		at org.apache.catalina.core.ApplicationFilterChain.doFilter(ApplicationFilterChain.java:128)
		at org.apache.tomcat.websocket.server.WsFilter.doFilter(WsFilter.java:53)
		at org.apache.catalina.core.ApplicationFilterChain.doFilter(ApplicationFilterChain.java:107)
		at org.apache.catalina.core.StandardWrapperValve.invoke(StandardWrapperValve.java:165)
		at org.apache.catalina.core.StandardContextValve.invoke(StandardContextValve.java:77)
		at org.apache.catalina.authenticator.AuthenticatorBase.invoke(AuthenticatorBase.java:482)
		at org.apache.catalina.core.StandardHostValve.invoke(StandardHostValve.java:113)
		at org.apache.catalina.valves.ErrorReportValve.invoke(ErrorReportValve.java:83)
		at org.apache.catalina.valves.AbstractAccessLogValve.invoke(AbstractAccessLogValve.java:654)
		at org.apache.catalina.core.StandardEngineValve.invoke(StandardEngineValve.java:72)
		at org.apache.catalina.connector.CoyoteAdapter.service(CoyoteAdapter.java:341)
		at org.apache.coyote.http11.Http11Processor.service(Http11Processor.java:397)
		at org.apache.coyote.AbstractProcessorLight.process(AbstractProcessorLight.java:63)
		at org.apache.coyote.AbstractProtocol$ConnectionHandler.process(AbstractProtocol.java:903)
		at org.apache.tomcat.util.net.NioEndpoint$SocketProcessor.doRun(NioEndpoint.java:1778)
		at org.apache.tomcat.util.net.SocketProcessorBase.run(SocketProcessorBase.java:52)
		at org.apache.tomcat.util.threads.ThreadPoolExecutor.runWorker(ThreadPoolExecutor.java:946)
		at org.apache.tomcat.util.threads.ThreadPoolExecutor$Worker.run(ThreadPoolExecutor.java:480)
		at org.apache.tomcat.util.threads.TaskThread$WrappingRunnable.run(TaskThread.java:57)
		at java.base/java.lang.Thread.run(Thread.java:840)
14-Jan-2026 09:57:51.711 SEVERE [http-nio-8080-exec-5] org.apache.catalina.core.StandardWrapperValve.invoke Servlet.service() for servlet [jsp] in context with path [/TP01] threw exception [org.apache.jasper.JasperException: java.lang.ClassNotFoundException: org.apache.jsp.monobjet_jsp] with root cause
	java.lang.ClassNotFoundException: org.apache.jsp.monobjet_jsp
		at java.base/java.net.URLClassLoader.findClass(URLClassLoader.java:445)
		at org.apache.jasper.servlet.JasperLoader.loadClass(JasperLoader.java:93)
		at org.apache.jasper.servlet.JasperLoader.loadClass(JasperLoader.java:47)
		at org.apache.catalina.core.DefaultInstanceManager.newInstance(DefaultInstanceManager.java:147)
		at org.apache.jasper.servlet.JspServletWrapper.getServlet(JspServletWrapper.java:163)
		at org.apache.jasper.servlet.JspServletWrapper.service(JspServletWrapper.java:382)
		at org.apache.jasper.servlet.JspServlet.serviceJspFile(JspServlet.java:330)
		at org.apache.jasper.servlet.JspServlet.service(JspServlet.java:281)
		at jakarta.servlet.http.HttpServlet.service(HttpServlet.java:710)
		at org.apache.catalina.core.ApplicationFilterChain.doFilter(ApplicationFilterChain.java:128)
		at org.apache.tomcat.websocket.server.WsFilter.doFilter(WsFilter.java:53)
		at org.apache.catalina.core.ApplicationFilterChain.doFilter(ApplicationFilterChain.java:107)
		at org.apache.catalina.core.StandardWrapperValve.invoke(StandardWrapperValve.java:165)
		at org.apache.catalina.core.StandardContextValve.invoke(StandardContextValve.java:77)
		at org.apache.catalina.authenticator.AuthenticatorBase.invoke(AuthenticatorBase.java:482)
		at org.apache.catalina.core.StandardHostValve.invoke(StandardHostValve.java:113)
		at org.apache.catalina.valves.ErrorReportValve.invoke(ErrorReportValve.java:83)
		at org.apache.catalina.valves.AbstractAccessLogValve.invoke(AbstractAccessLogValve.java:654)
		at org.apache.catalina.core.StandardEngineValve.invoke(StandardEngineValve.java:72)
		at org.apache.catalina.connector.CoyoteAdapter.service(CoyoteAdapter.java:341)
		at org.apache.coyote.http11.Http11Processor.service(Http11Processor.java:397)
		at org.apache.coyote.AbstractProcessorLight.process(AbstractProcessorLight.java:63)
		at org.apache.coyote.AbstractProtocol$ConnectionHandler.process(AbstractProtocol.java:903)
		at org.apache.tomcat.util.net.NioEndpoint$SocketProcessor.doRun(NioEndpoint.java:1778)
		at org.apache.tomcat.util.net.SocketProcessorBase.run(SocketProcessorBase.java:52)
		at org.apache.tomcat.util.threads.ThreadPoolExecutor.runWorker(ThreadPoolExecutor.java:946)
		at org.apache.tomcat.util.threads.ThreadPoolExecutor$Worker.run(ThreadPoolExecutor.java:480)
		at org.apache.tomcat.util.threads.TaskThread$WrappingRunnable.run(TaskThread.java:57)
		at java.base/java.lang.Thread.run(Thread.java:840)
14-Jan-2026 09:57:51.928 SEVERE [http-nio-8080-exec-6] org.apache.catalina.core.StandardWrapperValve.invoke Servlet.service() for servlet [jsp] in context with path [/TP01] threw exception [org.apache.jasper.JasperException: java.lang.ClassNotFoundException: org.apache.jsp.monobjet_jsp] with root cause
	java.lang.ClassNotFoundException: org.apache.jsp.monobjet_jsp
		at java.base/java.net.URLClassLoader.findClass(URLClassLoader.java:445)
		at org.apache.jasper.servlet.JasperLoader.loadClass(JasperLoader.java:93)
		at org.apache.jasper.servlet.JasperLoader.loadClass(JasperLoader.java:47)
		at org.apache.catalina.core.DefaultInstanceManager.newInstance(DefaultInstanceManager.java:147)
		at org.apache.jasper.servlet.JspServletWrapper.getServlet(JspServletWrapper.java:163)
		at org.apache.jasper.servlet.JspServletWrapper.service(JspServletWrapper.java:382)
		at org.apache.jasper.servlet.JspServlet.serviceJspFile(JspServlet.java:330)
		at org.apache.jasper.servlet.JspServlet.service(JspServlet.java:281)
		at jakarta.servlet.http.HttpServlet.service(HttpServlet.java:710)
		at org.apache.catalina.core.ApplicationFilterChain.doFilter(ApplicationFilterChain.java:128)
		at org.apache.tomcat.websocket.server.WsFilter.doFilter(WsFilter.java:53)
		at org.apache.catalina.core.ApplicationFilterChain.doFilter(ApplicationFilterChain.java:107)
		at org.apache.catalina.core.StandardWrapperValve.invoke(StandardWrapperValve.java:165)
		at org.apache.catalina.core.StandardContextValve.invoke(StandardContextValve.java:77)
		at org.apache.catalina.authenticator.AuthenticatorBase.invoke(AuthenticatorBase.java:482)
		at org.apache.catalina.core.StandardHostValve.invoke(StandardHostValve.java:113)
		at org.apache.catalina.valves.ErrorReportValve.invoke(ErrorReportValve.java:83)
		at org.apache.catalina.valves.AbstractAccessLogValve.invoke(AbstractAccessLogValve.java:654)
		at org.apache.catalina.core.StandardEngineValve.invoke(StandardEngineValve.java:72)
		at org.apache.catalina.connector.CoyoteAdapter.service(CoyoteAdapter.java:341)
		at org.apache.coyote.http11.Http11Processor.service(Http11Processor.java:397)
		at org.apache.coyote.AbstractProcessorLight.process(AbstractProcessorLight.java:63)
		at org.apache.coyote.AbstractProtocol$ConnectionHandler.process(AbstractProtocol.java:903)
		at org.apache.tomcat.util.net.NioEndpoint$SocketProcessor.doRun(NioEndpoint.java:1778)
		at org.apache.tomcat.util.net.SocketProcessorBase.run(SocketProcessorBase.java:52)
		at org.apache.tomcat.util.threads.ThreadPoolExecutor.runWorker(ThreadPoolExecutor.java:946)
		at org.apache.tomcat.util.threads.ThreadPoolExecutor$Worker.run(ThreadPoolExecutor.java:480)
		at org.apache.tomcat.util.threads.TaskThread$WrappingRunnable.run(TaskThread.java:57)
		at java.base/java.lang.Thread.run(Thread.java:840)
14-Jan-2026 09:57:52.127 SEVERE [http-nio-8080-exec-7] org.apache.catalina.core.StandardWrapperValve.invoke Servlet.service() for servlet [jsp] in context with path [/TP01] threw exception [org.apache.jasper.JasperException: java.lang.ClassNotFoundException: org.apache.jsp.monobjet_jsp] with root cause
	java.lang.ClassNotFoundException: org.apache.jsp.monobjet_jsp
		at java.base/java.net.URLClassLoader.findClass(URLClassLoader.java:445)
		at org.apache.jasper.servlet.JasperLoader.loadClass(JasperLoader.java:93)
		at org.apache.jasper.servlet.JasperLoader.loadClass(JasperLoader.java:47)
		at org.apache.catalina.core.DefaultInstanceManager.newInstance(DefaultInstanceManager.java:147)
		at org.apache.jasper.servlet.JspServletWrapper.getServlet(JspServletWrapper.java:163)
		at org.apache.jasper.servlet.JspServletWrapper.service(JspServletWrapper.java:382)
		at org.apache.jasper.servlet.JspServlet.serviceJspFile(JspServlet.java:330)
		at org.apache.jasper.servlet.JspServlet.service(JspServlet.java:281)
		at jakarta.servlet.http.HttpServlet.service(HttpServlet.java:710)
		at org.apache.catalina.core.ApplicationFilterChain.doFilter(ApplicationFilterChain.java:128)
		at org.apache.tomcat.websocket.server.WsFilter.doFilter(WsFilter.java:53)
		at org.apache.catalina.core.ApplicationFilterChain.doFilter(ApplicationFilterChain.java:107)
		at org.apache.catalina.core.StandardWrapperValve.invoke(StandardWrapperValve.java:165)
		at org.apache.catalina.core.StandardContextValve.invoke(StandardContextValve.java:77)
		at org.apache.catalina.authenticator.AuthenticatorBase.invoke(AuthenticatorBase.java:482)
		at org.apache.catalina.core.StandardHostValve.invoke(StandardHostValve.java:113)
		at org.apache.catalina.valves.ErrorReportValve.invoke(ErrorReportValve.java:83)
		at org.apache.catalina.valves.AbstractAccessLogValve.invoke(AbstractAccessLogValve.java:654)
		at org.apache.catalina.core.StandardEngineValve.invoke(StandardEngineValve.java:72)
		at org.apache.catalina.connector.CoyoteAdapter.service(CoyoteAdapter.java:341)
		at org.apache.coyote.http11.Http11Processor.service(Http11Processor.java:397)
		at org.apache.coyote.AbstractProcessorLight.process(AbstractProcessorLight.java:63)
		at org.apache.coyote.AbstractProtocol$ConnectionHandler.process(AbstractProtocol.java:903)
		at org.apache.tomcat.util.net.NioEndpoint$SocketProcessor.doRun(NioEndpoint.java:1778)
		at org.apache.tomcat.util.net.SocketProcessorBase.run(SocketProcessorBase.java:52)
		at org.apache.tomcat.util.threads.ThreadPoolExecutor.runWorker(ThreadPoolExecutor.java:946)
		at org.apache.tomcat.util.threads.ThreadPoolExecutor$Worker.run(ThreadPoolExecutor.java:480)
		at org.apache.tomcat.util.threads.TaskThread$WrappingRunnable.run(TaskThread.java:57)
		at java.base/java.lang.Thread.run(Thread.java:840)
14-Jan-2026 09:58:06.361 SEVERE [http-nio-8080-exec-8] org.apache.catalina.core.StandardWrapperValve.invoke Servlet.service() for servlet [jsp] in context with path [/TP01] threw exception [Unable to compile class for JSP: 

An error occurred at line: [18] in the jsp file: [/monobjet.jsp]
The method incr() is undefined for the type Personne
15: if(personnel==null){
16:     personnel = new Personne();
17: }
18: personnel.incr()
19: session.setAttribute("personnel", personnel)
20: 
21: Personne mondial = (Personne) application.getAttribute("mondial");


An error occurred at line: [18] in the jsp file: [/monobjet.jsp]
Syntax error, insert ";" to complete Statement
15: if(personnel==null){
16:     personnel = new Personne();
17: }
18: personnel.incr()
19: session.setAttribute("personnel", personnel)
20: 
21: Personne mondial = (Personne) application.getAttribute("mondial");


An error occurred at line: [19] in the jsp file: [/monobjet.jsp]
Syntax error, insert ";" to complete Statement
16:     personnel = new Personne();
17: }
18: personnel.incr()
19: session.setAttribute("personnel", personnel)
20: 
21: Personne mondial = (Personne) application.getAttribute("mondial");
22: 


An error occurred at line: [26] in the jsp file: [/monobjet.jsp]
The method incr() is undefined for the type Personne
23: if(mondial==null){
24:     mondial = new Personne();
25: }
26: mondial.incr();
27: application.setAttribute("mondial", mondial);
28: 
29: %>


Stacktrace:] with root cause
	org.apache.jasper.JasperException: Unable to compile class for JSP: 

An error occurred at line: [18] in the jsp file: [/monobjet.jsp]
The method incr() is undefined for the type Personne
15: if(personnel==null){
16:     personnel = new Personne();
17: }
18: personnel.incr()
19: session.setAttribute("personnel", personnel)
20: 
21: Personne mondial = (Personne) application.getAttribute("mondial");


An error occurred at line: [18] in the jsp file: [/monobjet.jsp]
Syntax error, insert ";" to complete Statement
15: if(personnel==null){
16:     personnel = new Personne();
17: }
18: personnel.incr()
19: session.setAttribute("personnel", personnel)
20: 
21: Personne mondial = (Personne) application.getAttribute("mondial");


An error occurred at line: [19] in the jsp file: [/monobjet.jsp]
Syntax error, insert ";" to complete Statement
16:     personnel = new Personne();
17: }
18: personnel.incr()
19: session.setAttribute("personnel", personnel)
20: 
21: Personne mondial = (Personne) application.getAttribute("mondial");
22: 


An error occurred at line: [26] in the jsp file: [/monobjet.jsp]
The method incr() is undefined for the type Personne
23: if(mondial==null){
24:     mondial = new Personne();
25: }
26: mondial.incr();
27: application.setAttribute("mondial", mondial);
28: 
29: %>


Stacktrace:
		at org.apache.jasper.compiler.DefaultErrorHandler.javacError(DefaultErrorHandler.java:70)
		at org.apache.jasper.compiler.ErrorDispatcher.javacError(ErrorDispatcher.java:189)
		at org.apache.jasper.compiler.JDTCompiler.generateClass(JDTCompiler.java:523)
		at org.apache.jasper.compiler.Compiler.compile(Compiler.java:367)
		at org.apache.jasper.compiler.Compiler.compile(Compiler.java:339)
		at org.apache.jasper.compiler.Compiler.compile(Compiler.java:325)
		at org.apache.jasper.JspCompilationContext.compile(JspCompilationContext.java:585)
		at org.apache.jasper.servlet.JspServletWrapper.service(JspServletWrapper.java:368)
		at org.apache.jasper.servlet.JspServlet.serviceJspFile(JspServlet.java:330)
		at org.apache.jasper.servlet.JspServlet.service(JspServlet.java:281)
		at jakarta.servlet.http.HttpServlet.service(HttpServlet.java:710)
		at org.apache.catalina.core.ApplicationFilterChain.doFilter(ApplicationFilterChain.java:128)
		at org.apache.tomcat.websocket.server.WsFilter.doFilter(WsFilter.java:53)
		at org.apache.catalina.core.ApplicationFilterChain.doFilter(ApplicationFilterChain.java:107)
		at org.apache.catalina.core.StandardWrapperValve.invoke(StandardWrapperValve.java:165)
		at org.apache.catalina.core.StandardContextValve.invoke(StandardContextValve.java:77)
		at org.apache.catalina.authenticator.AuthenticatorBase.invoke(AuthenticatorBase.java:482)
		at org.apache.catalina.core.StandardHostValve.invoke(StandardHostValve.java:113)
		at org.apache.catalina.valves.ErrorReportValve.invoke(ErrorReportValve.java:83)
		at org.apache.catalina.valves.AbstractAccessLogValve.invoke(AbstractAccessLogValve.java:654)
		at org.apache.catalina.core.StandardEngineValve.invoke(StandardEngineValve.java:72)
		at org.apache.catalina.connector.CoyoteAdapter.service(CoyoteAdapter.java:341)
		at org.apache.coyote.http11.Http11Processor.service(Http11Processor.java:397)
		at org.apache.coyote.AbstractProcessorLight.process(AbstractProcessorLight.java:63)
		at org.apache.coyote.AbstractProtocol$ConnectionHandler.process(AbstractProtocol.java:903)
		at org.apache.tomcat.util.net.NioEndpoint$SocketProcessor.doRun(NioEndpoint.java:1778)
		at org.apache.tomcat.util.net.SocketProcessorBase.run(SocketProcessorBase.java:52)
		at org.apache.tomcat.util.threads.ThreadPoolExecutor.runWorker(ThreadPoolExecutor.java:946)
		at org.apache.tomcat.util.threads.ThreadPoolExecutor$Worker.run(ThreadPoolExecutor.java:480)
		at org.apache.tomcat.util.threads.TaskThread$WrappingRunnable.run(TaskThread.java:57)
		at java.base/java.lang.Thread.run(Thread.java:840)
14-Jan-2026 09:58:06.842 SEVERE [http-nio-8080-exec-9] org.apache.catalina.core.StandardWrapperValve.invoke Servlet.service() for servlet [jsp] in context with path [/TP01] threw exception [org.apache.jasper.JasperException: java.lang.ClassNotFoundException: org.apache.jsp.monobjet_jsp] with root cause
	java.lang.ClassNotFoundException: org.apache.jsp.monobjet_jsp
		at java.base/java.net.URLClassLoader.findClass(URLClassLoader.java:445)
		at org.apache.jasper.servlet.JasperLoader.loadClass(JasperLoader.java:93)
		at org.apache.jasper.servlet.JasperLoader.loadClass(JasperLoader.java:47)
		at org.apache.catalina.core.DefaultInstanceManager.newInstance(DefaultInstanceManager.java:147)
		at org.apache.jasper.servlet.JspServletWrapper.getServlet(JspServletWrapper.java:163)
		at org.apache.jasper.servlet.JspServletWrapper.service(JspServletWrapper.java:382)
		at org.apache.jasper.servlet.JspServlet.serviceJspFile(JspServlet.java:330)
		at org.apache.jasper.servlet.JspServlet.service(JspServlet.java:281)
		at jakarta.servlet.http.HttpServlet.service(HttpServlet.java:710)
		at org.apache.catalina.core.ApplicationFilterChain.doFilter(ApplicationFilterChain.java:128)
		at org.apache.tomcat.websocket.server.WsFilter.doFilter(WsFilter.java:53)
		at org.apache.catalina.core.ApplicationFilterChain.doFilter(ApplicationFilterChain.java:107)
		at org.apache.catalina.core.StandardWrapperValve.invoke(StandardWrapperValve.java:165)
		at org.apache.catalina.core.StandardContextValve.invoke(StandardContextValve.java:77)
		at org.apache.catalina.authenticator.AuthenticatorBase.invoke(AuthenticatorBase.java:482)
		at org.apache.catalina.core.StandardHostValve.invoke(StandardHostValve.java:113)
		at org.apache.catalina.valves.ErrorReportValve.invoke(ErrorReportValve.java:83)
		at org.apache.catalina.valves.AbstractAccessLogValve.invoke(AbstractAccessLogValve.java:654)
		at org.apache.catalina.core.StandardEngineValve.invoke(StandardEngineValve.java:72)
		at org.apache.catalina.connector.CoyoteAdapter.service(CoyoteAdapter.java:341)
		at org.apache.coyote.http11.Http11Processor.service(Http11Processor.java:397)
		at org.apache.coyote.AbstractProcessorLight.process(AbstractProcessorLight.java:63)
		at org.apache.coyote.AbstractProtocol$ConnectionHandler.process(AbstractProtocol.java:903)
		at org.apache.tomcat.util.net.NioEndpoint$SocketProcessor.doRun(NioEndpoint.java:1778)
		at org.apache.tomcat.util.net.SocketProcessorBase.run(SocketProcessorBase.java:52)
		at org.apache.tomcat.util.threads.ThreadPoolExecutor.runWorker(ThreadPoolExecutor.java:946)
		at org.apache.tomcat.util.threads.ThreadPoolExecutor$Worker.run(ThreadPoolExecutor.java:480)
		at org.apache.tomcat.util.threads.TaskThread$WrappingRunnable.run(TaskThread.java:57)
		at java.base/java.lang.Thread.run(Thread.java:840)
14-Jan-2026 09:58:07.300 SEVERE [http-nio-8080-exec-10] org.apache.catalina.core.StandardWrapperValve.invoke Servlet.service() for servlet [jsp] in context with path [/TP01] threw exception [org.apache.jasper.JasperException: java.lang.ClassNotFoundException: org.apache.jsp.monobjet_jsp] with root cause
	java.lang.ClassNotFoundException: org.apache.jsp.monobjet_jsp
		at java.base/java.net.URLClassLoader.findClass(URLClassLoader.java:445)
		at org.apache.jasper.servlet.JasperLoader.loadClass(JasperLoader.java:93)
		at org.apache.jasper.servlet.JasperLoader.loadClass(JasperLoader.java:47)
		at org.apache.catalina.core.DefaultInstanceManager.newInstance(DefaultInstanceManager.java:147)
		at org.apache.jasper.servlet.JspServletWrapper.getServlet(JspServletWrapper.java:163)
		at org.apache.jasper.servlet.JspServletWrapper.service(JspServletWrapper.java:382)
		at org.apache.jasper.servlet.JspServlet.serviceJspFile(JspServlet.java:330)
		at org.apache.jasper.servlet.JspServlet.service(JspServlet.java:281)
		at jakarta.servlet.http.HttpServlet.service(HttpServlet.java:710)
		at org.apache.catalina.core.ApplicationFilterChain.doFilter(ApplicationFilterChain.java:128)
		at org.apache.tomcat.websocket.server.WsFilter.doFilter(WsFilter.java:53)
		at org.apache.catalina.core.ApplicationFilterChain.doFilter(ApplicationFilterChain.java:107)
		at org.apache.catalina.core.StandardWrapperValve.invoke(StandardWrapperValve.java:165)
		at org.apache.catalina.core.StandardContextValve.invoke(StandardContextValve.java:77)
		at org.apache.catalina.authenticator.AuthenticatorBase.invoke(AuthenticatorBase.java:482)
		at org.apache.catalina.core.StandardHostValve.invoke(StandardHostValve.java:113)
		at org.apache.catalina.valves.ErrorReportValve.invoke(ErrorReportValve.java:83)
		at org.apache.catalina.valves.AbstractAccessLogValve.invoke(AbstractAccessLogValve.java:654)
		at org.apache.catalina.core.StandardEngineValve.invoke(StandardEngineValve.java:72)
		at org.apache.catalina.connector.CoyoteAdapter.service(CoyoteAdapter.java:341)
		at org.apache.coyote.http11.Http11Processor.service(Http11Processor.java:397)
		at org.apache.coyote.AbstractProcessorLight.process(AbstractProcessorLight.java:63)
		at org.apache.coyote.AbstractProtocol$ConnectionHandler.process(AbstractProtocol.java:903)
		at org.apache.tomcat.util.net.NioEndpoint$SocketProcessor.doRun(NioEndpoint.java:1778)
		at org.apache.tomcat.util.net.SocketProcessorBase.run(SocketProcessorBase.java:52)
		at org.apache.tomcat.util.threads.ThreadPoolExecutor.runWorker(ThreadPoolExecutor.java:946)
		at org.apache.tomcat.util.threads.ThreadPoolExecutor$Worker.run(ThreadPoolExecutor.java:480)
		at org.apache.tomcat.util.threads.TaskThread$WrappingRunnable.run(TaskThread.java:57)
		at java.base/java.lang.Thread.run(Thread.java:840)
14-Jan-2026 09:58:07.743 SEVERE [http-nio-8080-exec-1] org.apache.catalina.core.StandardWrapperValve.invoke Servlet.service() for servlet [jsp] in context with path [/TP01] threw exception [org.apache.jasper.JasperException: java.lang.ClassNotFoundException: org.apache.jsp.monobjet_jsp] with root cause
	java.lang.ClassNotFoundException: org.apache.jsp.monobjet_jsp
		at java.base/java.net.URLClassLoader.findClass(URLClassLoader.java:445)
		at org.apache.jasper.servlet.JasperLoader.loadClass(JasperLoader.java:93)
		at org.apache.jasper.servlet.JasperLoader.loadClass(JasperLoader.java:47)
		at org.apache.catalina.core.DefaultInstanceManager.newInstance(DefaultInstanceManager.java:147)
		at org.apache.jasper.servlet.JspServletWrapper.getServlet(JspServletWrapper.java:163)
		at org.apache.jasper.servlet.JspServletWrapper.service(JspServletWrapper.java:382)
		at org.apache.jasper.servlet.JspServlet.serviceJspFile(JspServlet.java:330)
		at org.apache.jasper.servlet.JspServlet.service(JspServlet.java:281)
		at jakarta.servlet.http.HttpServlet.service(HttpServlet.java:710)
		at org.apache.catalina.core.ApplicationFilterChain.doFilter(ApplicationFilterChain.java:128)
		at org.apache.tomcat.websocket.server.WsFilter.doFilter(WsFilter.java:53)
		at org.apache.catalina.core.ApplicationFilterChain.doFilter(ApplicationFilterChain.java:107)
		at org.apache.catalina.core.StandardWrapperValve.invoke(StandardWrapperValve.java:165)
		at org.apache.catalina.core.StandardContextValve.invoke(StandardContextValve.java:77)
		at org.apache.catalina.authenticator.AuthenticatorBase.invoke(AuthenticatorBase.java:482)
		at org.apache.catalina.core.StandardHostValve.invoke(StandardHostValve.java:113)
		at org.apache.catalina.valves.ErrorReportValve.invoke(ErrorReportValve.java:83)
		at org.apache.catalina.valves.AbstractAccessLogValve.invoke(AbstractAccessLogValve.java:654)
		at org.apache.catalina.core.StandardEngineValve.invoke(StandardEngineValve.java:72)
		at org.apache.catalina.connector.CoyoteAdapter.service(CoyoteAdapter.java:341)
		at org.apache.coyote.http11.Http11Processor.service(Http11Processor.java:397)
		at org.apache.coyote.AbstractProcessorLight.process(AbstractProcessorLight.java:63)
		at org.apache.coyote.AbstractProtocol$ConnectionHandler.process(AbstractProtocol.java:903)
		at org.apache.tomcat.util.net.NioEndpoint$SocketProcessor.doRun(NioEndpoint.java:1778)
		at org.apache.tomcat.util.net.SocketProcessorBase.run(SocketProcessorBase.java:52)
		at org.apache.tomcat.util.threads.ThreadPoolExecutor.runWorker(ThreadPoolExecutor.java:946)
		at org.apache.tomcat.util.threads.ThreadPoolExecutor$Worker.run(ThreadPoolExecutor.java:480)
		at org.apache.tomcat.util.threads.TaskThread$WrappingRunnable.run(TaskThread.java:57)
		at java.base/java.lang.Thread.run(Thread.java:840)
14-Jan-2026 09:58:18.946 INFO [Thread-1] org.apache.catalina.core.ApplicationContext.log SessionListener: contextDestroyed()
14-Jan-2026 09:58:18.946 INFO [Thread-1] org.apache.catalina.core.ApplicationContext.log ContextListener: contextDestroyed()
14-Jan-2026 09:58:26.188 INFO [main] org.apache.catalina.core.ApplicationContext.log ContextListener: contextInitialized()
14-Jan-2026 09:58:26.188 INFO [main] org.apache.catalina.core.ApplicationContext.log SessionListener: contextInitialized()
14-Jan-2026 09:58:26.189 INFO [main] org.apache.catalina.core.ApplicationContext.log ContextListener: attributeAdded('StockTicker', 'async.Stockticker@6986f93e')
14-Jan-2026 09:58:27.717 SEVERE [http-nio-8080-exec-1] org.apache.catalina.core.StandardWrapperValve.invoke Servlet.service() for servlet [jsp] in context with path [/TP01] threw exception [Unable to compile class for JSP: 

An error occurred at line: [18] in the jsp file: [/monobjet.jsp]
Syntax error, insert ";" to complete Statement
15: if(personnel==null){
16:     personnel = new Personne();
17: }
18: personnel.incr()
19: session.setAttribute("personnel", personnel)
20: 
21: Personne mondial = (Personne) application.getAttribute("mondial");


An error occurred at line: [19] in the jsp file: [/monobjet.jsp]
Syntax error, insert ";" to complete Statement
16:     personnel = new Personne();
17: }
18: personnel.incr()
19: session.setAttribute("personnel", personnel)
20: 
21: Personne mondial = (Personne) application.getAttribute("mondial");
22: 


Stacktrace:] with root cause
	org.apache.jasper.JasperException: Unable to compile class for JSP: 

An error occurred at line: [18] in the jsp file: [/monobjet.jsp]
Syntax error, insert ";" to complete Statement
15: if(personnel==null){
16:     personnel = new Personne();
17: }
18: personnel.incr()
19: session.setAttribute("personnel", personnel)
20: 
21: Personne mondial = (Personne) application.getAttribute("mondial");


An error occurred at line: [19] in the jsp file: [/monobjet.jsp]
Syntax error, insert ";" to complete Statement
16:     personnel = new Personne();
17: }
18: personnel.incr()
19: session.setAttribute("personnel", personnel)
20: 
21: Personne mondial = (Personne) application.getAttribute("mondial");
22: 


Stacktrace:
		at org.apache.jasper.compiler.DefaultErrorHandler.javacError(DefaultErrorHandler.java:70)
		at org.apache.jasper.compiler.ErrorDispatcher.javacError(ErrorDispatcher.java:189)
		at org.apache.jasper.compiler.JDTCompiler.generateClass(JDTCompiler.java:523)
		at org.apache.jasper.compiler.Compiler.compile(Compiler.java:367)
		at org.apache.jasper.compiler.Compiler.compile(Compiler.java:339)
		at org.apache.jasper.compiler.Compiler.compile(Compiler.java:325)
		at org.apache.jasper.JspCompilationContext.compile(JspCompilationContext.java:585)
		at org.apache.jasper.servlet.JspServletWrapper.service(JspServletWrapper.java:368)
		at org.apache.jasper.servlet.JspServlet.serviceJspFile(JspServlet.java:330)
		at org.apache.jasper.servlet.JspServlet.service(JspServlet.java:281)
		at jakarta.servlet.http.HttpServlet.service(HttpServlet.java:710)
		at org.apache.catalina.core.ApplicationFilterChain.doFilter(ApplicationFilterChain.java:128)
		at org.apache.tomcat.websocket.server.WsFilter.doFilter(WsFilter.java:53)
		at org.apache.catalina.core.ApplicationFilterChain.doFilter(ApplicationFilterChain.java:107)
		at org.apache.catalina.core.StandardWrapperValve.invoke(StandardWrapperValve.java:165)
		at org.apache.catalina.core.StandardContextValve.invoke(StandardContextValve.java:77)
		at org.apache.catalina.authenticator.AuthenticatorBase.invoke(AuthenticatorBase.java:482)
		at org.apache.catalina.core.StandardHostValve.invoke(StandardHostValve.java:113)
		at org.apache.catalina.valves.ErrorReportValve.invoke(ErrorReportValve.java:83)
		at org.apache.catalina.valves.AbstractAccessLogValve.invoke(AbstractAccessLogValve.java:654)
		at org.apache.catalina.core.StandardEngineValve.invoke(StandardEngineValve.java:72)
		at org.apache.catalina.connector.CoyoteAdapter.service(CoyoteAdapter.java:341)
		at org.apache.coyote.http11.Http11Processor.service(Http11Processor.java:397)
		at org.apache.coyote.AbstractProcessorLight.process(AbstractProcessorLight.java:63)
		at org.apache.coyote.AbstractProtocol$ConnectionHandler.process(AbstractProtocol.java:903)
		at org.apache.tomcat.util.net.NioEndpoint$SocketProcessor.doRun(NioEndpoint.java:1778)
		at org.apache.tomcat.util.net.SocketProcessorBase.run(SocketProcessorBase.java:52)
		at org.apache.tomcat.util.threads.ThreadPoolExecutor.runWorker(ThreadPoolExecutor.java:946)
		at org.apache.tomcat.util.threads.ThreadPoolExecutor$Worker.run(ThreadPoolExecutor.java:480)
		at org.apache.tomcat.util.threads.TaskThread$WrappingRunnable.run(TaskThread.java:57)
		at java.base/java.lang.Thread.run(Thread.java:840)
14-Jan-2026 09:58:28.220 SEVERE [http-nio-8080-exec-2] org.apache.catalina.core.StandardWrapperValve.invoke Servlet.service() for servlet [jsp] in context with path [/TP01] threw exception [org.apache.jasper.JasperException: java.lang.ClassNotFoundException: org.apache.jsp.monobjet_jsp] with root cause
	java.lang.ClassNotFoundException: org.apache.jsp.monobjet_jsp
		at java.base/java.net.URLClassLoader.findClass(URLClassLoader.java:445)
		at org.apache.jasper.servlet.JasperLoader.loadClass(JasperLoader.java:93)
		at org.apache.jasper.servlet.JasperLoader.loadClass(JasperLoader.java:47)
		at org.apache.catalina.core.DefaultInstanceManager.newInstance(DefaultInstanceManager.java:147)
		at org.apache.jasper.servlet.JspServletWrapper.getServlet(JspServletWrapper.java:163)
		at org.apache.jasper.servlet.JspServletWrapper.service(JspServletWrapper.java:382)
		at org.apache.jasper.servlet.JspServlet.serviceJspFile(JspServlet.java:330)
		at org.apache.jasper.servlet.JspServlet.service(JspServlet.java:281)
		at jakarta.servlet.http.HttpServlet.service(HttpServlet.java:710)
		at org.apache.catalina.core.ApplicationFilterChain.doFilter(ApplicationFilterChain.java:128)
		at org.apache.tomcat.websocket.server.WsFilter.doFilter(WsFilter.java:53)
		at org.apache.catalina.core.ApplicationFilterChain.doFilter(ApplicationFilterChain.java:107)
		at org.apache.catalina.core.StandardWrapperValve.invoke(StandardWrapperValve.java:165)
		at org.apache.catalina.core.StandardContextValve.invoke(StandardContextValve.java:77)
		at org.apache.catalina.authenticator.AuthenticatorBase.invoke(AuthenticatorBase.java:482)
		at org.apache.catalina.core.StandardHostValve.invoke(StandardHostValve.java:113)
		at org.apache.catalina.valves.ErrorReportValve.invoke(ErrorReportValve.java:83)
		at org.apache.catalina.valves.AbstractAccessLogValve.invoke(AbstractAccessLogValve.java:654)
		at org.apache.catalina.core.StandardEngineValve.invoke(StandardEngineValve.java:72)
		at org.apache.catalina.connector.CoyoteAdapter.service(CoyoteAdapter.java:341)
		at org.apache.coyote.http11.Http11Processor.service(Http11Processor.java:397)
		at org.apache.coyote.AbstractProcessorLight.process(AbstractProcessorLight.java:63)
		at org.apache.coyote.AbstractProtocol$ConnectionHandler.process(AbstractProtocol.java:903)
		at org.apache.tomcat.util.net.NioEndpoint$SocketProcessor.doRun(NioEndpoint.java:1778)
		at org.apache.tomcat.util.net.SocketProcessorBase.run(SocketProcessorBase.java:52)
		at org.apache.tomcat.util.threads.ThreadPoolExecutor.runWorker(ThreadPoolExecutor.java:946)
		at org.apache.tomcat.util.threads.ThreadPoolExecutor$Worker.run(ThreadPoolExecutor.java:480)
		at org.apache.tomcat.util.threads.TaskThread$WrappingRunnable.run(TaskThread.java:57)
		at java.base/java.lang.Thread.run(Thread.java:840)
14-Jan-2026 09:58:28.651 SEVERE [http-nio-8080-exec-3] org.apache.catalina.core.StandardWrapperValve.invoke Servlet.service() for servlet [jsp] in context with path [/TP01] threw exception [org.apache.jasper.JasperException: java.lang.ClassNotFoundException: org.apache.jsp.monobjet_jsp] with root cause
	java.lang.ClassNotFoundException: org.apache.jsp.monobjet_jsp
		at java.base/java.net.URLClassLoader.findClass(URLClassLoader.java:445)
		at org.apache.jasper.servlet.JasperLoader.loadClass(JasperLoader.java:93)
		at org.apache.jasper.servlet.JasperLoader.loadClass(JasperLoader.java:47)
		at org.apache.catalina.core.DefaultInstanceManager.newInstance(DefaultInstanceManager.java:147)
		at org.apache.jasper.servlet.JspServletWrapper.getServlet(JspServletWrapper.java:163)
		at org.apache.jasper.servlet.JspServletWrapper.service(JspServletWrapper.java:382)
		at org.apache.jasper.servlet.JspServlet.serviceJspFile(JspServlet.java:330)
		at org.apache.jasper.servlet.JspServlet.service(JspServlet.java:281)
		at jakarta.servlet.http.HttpServlet.service(HttpServlet.java:710)
		at org.apache.catalina.core.ApplicationFilterChain.doFilter(ApplicationFilterChain.java:128)
		at org.apache.tomcat.websocket.server.WsFilter.doFilter(WsFilter.java:53)
		at org.apache.catalina.core.ApplicationFilterChain.doFilter(ApplicationFilterChain.java:107)
		at org.apache.catalina.core.StandardWrapperValve.invoke(StandardWrapperValve.java:165)
		at org.apache.catalina.core.StandardContextValve.invoke(StandardContextValve.java:77)
		at org.apache.catalina.authenticator.AuthenticatorBase.invoke(AuthenticatorBase.java:482)
		at org.apache.catalina.core.StandardHostValve.invoke(StandardHostValve.java:113)
		at org.apache.catalina.valves.ErrorReportValve.invoke(ErrorReportValve.java:83)
		at org.apache.catalina.valves.AbstractAccessLogValve.invoke(AbstractAccessLogValve.java:654)
		at org.apache.catalina.core.StandardEngineValve.invoke(StandardEngineValve.java:72)
		at org.apache.catalina.connector.CoyoteAdapter.service(CoyoteAdapter.java:341)
		at org.apache.coyote.http11.Http11Processor.service(Http11Processor.java:397)
		at org.apache.coyote.AbstractProcessorLight.process(AbstractProcessorLight.java:63)
		at org.apache.coyote.AbstractProtocol$ConnectionHandler.process(AbstractProtocol.java:903)
		at org.apache.tomcat.util.net.NioEndpoint$SocketProcessor.doRun(NioEndpoint.java:1778)
		at org.apache.tomcat.util.net.SocketProcessorBase.run(SocketProcessorBase.java:52)
		at org.apache.tomcat.util.threads.ThreadPoolExecutor.runWorker(ThreadPoolExecutor.java:946)
		at org.apache.tomcat.util.threads.ThreadPoolExecutor$Worker.run(ThreadPoolExecutor.java:480)
		at org.apache.tomcat.util.threads.TaskThread$WrappingRunnable.run(TaskThread.java:57)
		at java.base/java.lang.Thread.run(Thread.java:840)
14-Jan-2026 09:58:29.123 SEVERE [http-nio-8080-exec-4] org.apache.catalina.core.StandardWrapperValve.invoke Servlet.service() for servlet [jsp] in context with path [/TP01] threw exception [org.apache.jasper.JasperException: java.lang.ClassNotFoundException: org.apache.jsp.monobjet_jsp] with root cause
	java.lang.ClassNotFoundException: org.apache.jsp.monobjet_jsp
		at java.base/java.net.URLClassLoader.findClass(URLClassLoader.java:445)
		at org.apache.jasper.servlet.JasperLoader.loadClass(JasperLoader.java:93)
		at org.apache.jasper.servlet.JasperLoader.loadClass(JasperLoader.java:47)
		at org.apache.catalina.core.DefaultInstanceManager.newInstance(DefaultInstanceManager.java:147)
		at org.apache.jasper.servlet.JspServletWrapper.getServlet(JspServletWrapper.java:163)
		at org.apache.jasper.servlet.JspServletWrapper.service(JspServletWrapper.java:382)
		at org.apache.jasper.servlet.JspServlet.serviceJspFile(JspServlet.java:330)
		at org.apache.jasper.servlet.JspServlet.service(JspServlet.java:281)
		at jakarta.servlet.http.HttpServlet.service(HttpServlet.java:710)
		at org.apache.catalina.core.ApplicationFilterChain.doFilter(ApplicationFilterChain.java:128)
		at org.apache.tomcat.websocket.server.WsFilter.doFilter(WsFilter.java:53)
		at org.apache.catalina.core.ApplicationFilterChain.doFilter(ApplicationFilterChain.java:107)
		at org.apache.catalina.core.StandardWrapperValve.invoke(StandardWrapperValve.java:165)
		at org.apache.catalina.core.StandardContextValve.invoke(StandardContextValve.java:77)
		at org.apache.catalina.authenticator.AuthenticatorBase.invoke(AuthenticatorBase.java:482)
		at org.apache.catalina.core.StandardHostValve.invoke(StandardHostValve.java:113)
		at org.apache.catalina.valves.ErrorReportValve.invoke(ErrorReportValve.java:83)
		at org.apache.catalina.valves.AbstractAccessLogValve.invoke(AbstractAccessLogValve.java:654)
		at org.apache.catalina.core.StandardEngineValve.invoke(StandardEngineValve.java:72)
		at org.apache.catalina.connector.CoyoteAdapter.service(CoyoteAdapter.java:341)
		at org.apache.coyote.http11.Http11Processor.service(Http11Processor.java:397)
		at org.apache.coyote.AbstractProcessorLight.process(AbstractProcessorLight.java:63)
		at org.apache.coyote.AbstractProtocol$ConnectionHandler.process(AbstractProtocol.java:903)
		at org.apache.tomcat.util.net.NioEndpoint$SocketProcessor.doRun(NioEndpoint.java:1778)
		at org.apache.tomcat.util.net.SocketProcessorBase.run(SocketProcessorBase.java:52)
		at org.apache.tomcat.util.threads.ThreadPoolExecutor.runWorker(ThreadPoolExecutor.java:946)
		at org.apache.tomcat.util.threads.ThreadPoolExecutor$Worker.run(ThreadPoolExecutor.java:480)
		at org.apache.tomcat.util.threads.TaskThread$WrappingRunnable.run(TaskThread.java:57)
		at java.base/java.lang.Thread.run(Thread.java:840)
14-Jan-2026 09:58:29.451 SEVERE [http-nio-8080-exec-5] org.apache.catalina.core.StandardWrapperValve.invoke Servlet.service() for servlet [jsp] in context with path [/TP01] threw exception [org.apache.jasper.JasperException: java.lang.ClassNotFoundException: org.apache.jsp.monobjet_jsp] with root cause
	java.lang.ClassNotFoundException: org.apache.jsp.monobjet_jsp
		at java.base/java.net.URLClassLoader.findClass(URLClassLoader.java:445)
		at org.apache.jasper.servlet.JasperLoader.loadClass(JasperLoader.java:93)
		at org.apache.jasper.servlet.JasperLoader.loadClass(JasperLoader.java:47)
		at org.apache.catalina.core.DefaultInstanceManager.newInstance(DefaultInstanceManager.java:147)
		at org.apache.jasper.servlet.JspServletWrapper.getServlet(JspServletWrapper.java:163)
		at org.apache.jasper.servlet.JspServletWrapper.service(JspServletWrapper.java:382)
		at org.apache.jasper.servlet.JspServlet.serviceJspFile(JspServlet.java:330)
		at org.apache.jasper.servlet.JspServlet.service(JspServlet.java:281)
		at jakarta.servlet.http.HttpServlet.service(HttpServlet.java:710)
		at org.apache.catalina.core.ApplicationFilterChain.doFilter(ApplicationFilterChain.java:128)
		at org.apache.tomcat.websocket.server.WsFilter.doFilter(WsFilter.java:53)
		at org.apache.catalina.core.ApplicationFilterChain.doFilter(ApplicationFilterChain.java:107)
		at org.apache.catalina.core.StandardWrapperValve.invoke(StandardWrapperValve.java:165)
		at org.apache.catalina.core.StandardContextValve.invoke(StandardContextValve.java:77)
		at org.apache.catalina.authenticator.AuthenticatorBase.invoke(AuthenticatorBase.java:482)
		at org.apache.catalina.core.StandardHostValve.invoke(StandardHostValve.java:113)
		at org.apache.catalina.valves.ErrorReportValve.invoke(ErrorReportValve.java:83)
		at org.apache.catalina.valves.AbstractAccessLogValve.invoke(AbstractAccessLogValve.java:654)
		at org.apache.catalina.core.StandardEngineValve.invoke(StandardEngineValve.java:72)
		at org.apache.catalina.connector.CoyoteAdapter.service(CoyoteAdapter.java:341)
		at org.apache.coyote.http11.Http11Processor.service(Http11Processor.java:397)
		at org.apache.coyote.AbstractProcessorLight.process(AbstractProcessorLight.java:63)
		at org.apache.coyote.AbstractProtocol$ConnectionHandler.process(AbstractProtocol.java:903)
		at org.apache.tomcat.util.net.NioEndpoint$SocketProcessor.doRun(NioEndpoint.java:1778)
		at org.apache.tomcat.util.net.SocketProcessorBase.run(SocketProcessorBase.java:52)
		at org.apache.tomcat.util.threads.ThreadPoolExecutor.runWorker(ThreadPoolExecutor.java:946)
		at org.apache.tomcat.util.threads.ThreadPoolExecutor$Worker.run(ThreadPoolExecutor.java:480)
		at org.apache.tomcat.util.threads.TaskThread$WrappingRunnable.run(TaskThread.java:57)
		at java.base/java.lang.Thread.run(Thread.java:840)
14-Jan-2026 09:58:29.718 SEVERE [http-nio-8080-exec-6] org.apache.catalina.core.StandardWrapperValve.invoke Servlet.service() for servlet [jsp] in context with path [/TP01] threw exception [org.apache.jasper.JasperException: java.lang.ClassNotFoundException: org.apache.jsp.monobjet_jsp] with root cause
	java.lang.ClassNotFoundException: org.apache.jsp.monobjet_jsp
		at java.base/java.net.URLClassLoader.findClass(URLClassLoader.java:445)
		at org.apache.jasper.servlet.JasperLoader.loadClass(JasperLoader.java:93)
		at org.apache.jasper.servlet.JasperLoader.loadClass(JasperLoader.java:47)
		at org.apache.catalina.core.DefaultInstanceManager.newInstance(DefaultInstanceManager.java:147)
		at org.apache.jasper.servlet.JspServletWrapper.getServlet(JspServletWrapper.java:163)
		at org.apache.jasper.servlet.JspServletWrapper.service(JspServletWrapper.java:382)
		at org.apache.jasper.servlet.JspServlet.serviceJspFile(JspServlet.java:330)
		at org.apache.jasper.servlet.JspServlet.service(JspServlet.java:281)
		at jakarta.servlet.http.HttpServlet.service(HttpServlet.java:710)
		at org.apache.catalina.core.ApplicationFilterChain.doFilter(ApplicationFilterChain.java:128)
		at org.apache.tomcat.websocket.server.WsFilter.doFilter(WsFilter.java:53)
		at org.apache.catalina.core.ApplicationFilterChain.doFilter(ApplicationFilterChain.java:107)
		at org.apache.catalina.core.StandardWrapperValve.invoke(StandardWrapperValve.java:165)
		at org.apache.catalina.core.StandardContextValve.invoke(StandardContextValve.java:77)
		at org.apache.catalina.authenticator.AuthenticatorBase.invoke(AuthenticatorBase.java:482)
		at org.apache.catalina.core.StandardHostValve.invoke(StandardHostValve.java:113)
		at org.apache.catalina.valves.ErrorReportValve.invoke(ErrorReportValve.java:83)
		at org.apache.catalina.valves.AbstractAccessLogValve.invoke(AbstractAccessLogValve.java:654)
		at org.apache.catalina.core.StandardEngineValve.invoke(StandardEngineValve.java:72)
		at org.apache.catalina.connector.CoyoteAdapter.service(CoyoteAdapter.java:341)
		at org.apache.coyote.http11.Http11Processor.service(Http11Processor.java:397)
		at org.apache.coyote.AbstractProcessorLight.process(AbstractProcessorLight.java:63)
		at org.apache.coyote.AbstractProtocol$ConnectionHandler.process(AbstractProtocol.java:903)
		at org.apache.tomcat.util.net.NioEndpoint$SocketProcessor.doRun(NioEndpoint.java:1778)
		at org.apache.tomcat.util.net.SocketProcessorBase.run(SocketProcessorBase.java:52)
		at org.apache.tomcat.util.threads.ThreadPoolExecutor.runWorker(ThreadPoolExecutor.java:946)
		at org.apache.tomcat.util.threads.ThreadPoolExecutor$Worker.run(ThreadPoolExecutor.java:480)
		at org.apache.tomcat.util.threads.TaskThread$WrappingRunnable.run(TaskThread.java:57)
		at java.base/java.lang.Thread.run(Thread.java:840)
14-Jan-2026 09:58:29.964 SEVERE [http-nio-8080-exec-7] org.apache.catalina.core.StandardWrapperValve.invoke Servlet.service() for servlet [jsp] in context with path [/TP01] threw exception [org.apache.jasper.JasperException: java.lang.ClassNotFoundException: org.apache.jsp.monobjet_jsp] with root cause
	java.lang.ClassNotFoundException: org.apache.jsp.monobjet_jsp
		at java.base/java.net.URLClassLoader.findClass(URLClassLoader.java:445)
		at org.apache.jasper.servlet.JasperLoader.loadClass(JasperLoader.java:93)
		at org.apache.jasper.servlet.JasperLoader.loadClass(JasperLoader.java:47)
		at org.apache.catalina.core.DefaultInstanceManager.newInstance(DefaultInstanceManager.java:147)
		at org.apache.jasper.servlet.JspServletWrapper.getServlet(JspServletWrapper.java:163)
		at org.apache.jasper.servlet.JspServletWrapper.service(JspServletWrapper.java:382)
		at org.apache.jasper.servlet.JspServlet.serviceJspFile(JspServlet.java:330)
		at org.apache.jasper.servlet.JspServlet.service(JspServlet.java:281)
		at jakarta.servlet.http.HttpServlet.service(HttpServlet.java:710)
		at org.apache.catalina.core.ApplicationFilterChain.doFilter(ApplicationFilterChain.java:128)
		at org.apache.tomcat.websocket.server.WsFilter.doFilter(WsFilter.java:53)
		at org.apache.catalina.core.ApplicationFilterChain.doFilter(ApplicationFilterChain.java:107)
		at org.apache.catalina.core.StandardWrapperValve.invoke(StandardWrapperValve.java:165)
		at org.apache.catalina.core.StandardContextValve.invoke(StandardContextValve.java:77)
		at org.apache.catalina.authenticator.AuthenticatorBase.invoke(AuthenticatorBase.java:482)
		at org.apache.catalina.core.StandardHostValve.invoke(StandardHostValve.java:113)
		at org.apache.catalina.valves.ErrorReportValve.invoke(ErrorReportValve.java:83)
		at org.apache.catalina.valves.AbstractAccessLogValve.invoke(AbstractAccessLogValve.java:654)
		at org.apache.catalina.core.StandardEngineValve.invoke(StandardEngineValve.java:72)
		at org.apache.catalina.connector.CoyoteAdapter.service(CoyoteAdapter.java:341)
		at org.apache.coyote.http11.Http11Processor.service(Http11Processor.java:397)
		at org.apache.coyote.AbstractProcessorLight.process(AbstractProcessorLight.java:63)
		at org.apache.coyote.AbstractProtocol$ConnectionHandler.process(AbstractProtocol.java:903)
		at org.apache.tomcat.util.net.NioEndpoint$SocketProcessor.doRun(NioEndpoint.java:1778)
		at org.apache.tomcat.util.net.SocketProcessorBase.run(SocketProcessorBase.java:52)
		at org.apache.tomcat.util.threads.ThreadPoolExecutor.runWorker(ThreadPoolExecutor.java:946)
		at org.apache.tomcat.util.threads.ThreadPoolExecutor$Worker.run(ThreadPoolExecutor.java:480)
		at org.apache.tomcat.util.threads.TaskThread$WrappingRunnable.run(TaskThread.java:57)
		at java.base/java.lang.Thread.run(Thread.java:840)
14-Jan-2026 09:58:32.314 SEVERE [http-nio-8080-exec-8] org.apache.catalina.core.StandardWrapperValve.invoke Servlet.service() for servlet [jsp] in context with path [/TP01] threw exception [Unable to compile class for JSP: 

An error occurred at line: [18] in the jsp file: [/monobjet.jsp]
Syntax error, insert ";" to complete Statement
15: if(personnel==null){
16:     personnel = new Personne();
17: }
18: personnel.incr()
19: session.setAttribute("personnel", personnel)
20: 
21: Personne mondial = (Personne) application.getAttribute("mondial");


An error occurred at line: [19] in the jsp file: [/monobjet.jsp]
Syntax error, insert ";" to complete Statement
16:     personnel = new Personne();
17: }
18: personnel.incr()
19: session.setAttribute("personnel", personnel)
20: 
21: Personne mondial = (Personne) application.getAttribute("mondial");
22: 


Stacktrace:] with root cause
	org.apache.jasper.JasperException: Unable to compile class for JSP: 

An error occurred at line: [18] in the jsp file: [/monobjet.jsp]
Syntax error, insert ";" to complete Statement
15: if(personnel==null){
16:     personnel = new Personne();
17: }
18: personnel.incr()
19: session.setAttribute("personnel", personnel)
20: 
21: Personne mondial = (Personne) application.getAttribute("mondial");


An error occurred at line: [19] in the jsp file: [/monobjet.jsp]
Syntax error, insert ";" to complete Statement
16:     personnel = new Personne();
17: }
18: personnel.incr()
19: session.setAttribute("personnel", personnel)
20: 
21: Personne mondial = (Personne) application.getAttribute("mondial");
22: 


Stacktrace:
		at org.apache.jasper.compiler.DefaultErrorHandler.javacError(DefaultErrorHandler.java:70)
		at org.apache.jasper.compiler.ErrorDispatcher.javacError(ErrorDispatcher.java:189)
		at org.apache.jasper.compiler.JDTCompiler.generateClass(JDTCompiler.java:523)
		at org.apache.jasper.compiler.Compiler.compile(Compiler.java:367)
		at org.apache.jasper.compiler.Compiler.compile(Compiler.java:339)
		at org.apache.jasper.compiler.Compiler.compile(Compiler.java:325)
		at org.apache.jasper.JspCompilationContext.compile(JspCompilationContext.java:585)
		at org.apache.jasper.servlet.JspServletWrapper.service(JspServletWrapper.java:368)
		at org.apache.jasper.servlet.JspServlet.serviceJspFile(JspServlet.java:330)
		at org.apache.jasper.servlet.JspServlet.service(JspServlet.java:281)
		at jakarta.servlet.http.HttpServlet.service(HttpServlet.java:710)
		at org.apache.catalina.core.ApplicationFilterChain.doFilter(ApplicationFilterChain.java:128)
		at org.apache.tomcat.websocket.server.WsFilter.doFilter(WsFilter.java:53)
		at org.apache.catalina.core.ApplicationFilterChain.doFilter(ApplicationFilterChain.java:107)
		at org.apache.catalina.core.StandardWrapperValve.invoke(StandardWrapperValve.java:165)
		at org.apache.catalina.core.StandardContextValve.invoke(StandardContextValve.java:77)
		at org.apache.catalina.authenticator.AuthenticatorBase.invoke(AuthenticatorBase.java:482)
		at org.apache.catalina.core.StandardHostValve.invoke(StandardHostValve.java:113)
		at org.apache.catalina.valves.ErrorReportValve.invoke(ErrorReportValve.java:83)
		at org.apache.catalina.valves.AbstractAccessLogValve.invoke(AbstractAccessLogValve.java:654)
		at org.apache.catalina.core.StandardEngineValve.invoke(StandardEngineValve.java:72)
		at org.apache.catalina.connector.CoyoteAdapter.service(CoyoteAdapter.java:341)
		at org.apache.coyote.http11.Http11Processor.service(Http11Processor.java:397)
		at org.apache.coyote.AbstractProcessorLight.process(AbstractProcessorLight.java:63)
		at org.apache.coyote.AbstractProtocol$ConnectionHandler.process(AbstractProtocol.java:903)
		at org.apache.tomcat.util.net.NioEndpoint$SocketProcessor.doRun(NioEndpoint.java:1778)
		at org.apache.tomcat.util.net.SocketProcessorBase.run(SocketProcessorBase.java:52)
		at org.apache.tomcat.util.threads.ThreadPoolExecutor.runWorker(ThreadPoolExecutor.java:946)
		at org.apache.tomcat.util.threads.ThreadPoolExecutor$Worker.run(ThreadPoolExecutor.java:480)
		at org.apache.tomcat.util.threads.TaskThread$WrappingRunnable.run(TaskThread.java:57)
		at java.base/java.lang.Thread.run(Thread.java:840)
14-Jan-2026 09:59:35.369 INFO [Thread-1] org.apache.catalina.core.ApplicationContext.log SessionListener: contextDestroyed()
14-Jan-2026 09:59:35.369 INFO [Thread-1] org.apache.catalina.core.ApplicationContext.log ContextListener: contextDestroyed()
14-Jan-2026 09:59:37.151 INFO [main] org.apache.catalina.core.ApplicationContext.log ContextListener: contextInitialized()
14-Jan-2026 09:59:37.151 INFO [main] org.apache.catalina.core.ApplicationContext.log SessionListener: contextInitialized()
14-Jan-2026 09:59:37.152 INFO [main] org.apache.catalina.core.ApplicationContext.log ContextListener: attributeAdded('StockTicker', 'async.Stockticker@69ec93c2')
14-Jan-2026 10:36:58.665 SEVERE [http-nio-8080-exec-3] org.apache.catalina.core.StandardWrapperValve.invoke Servlet.service() for servlet [jsp] in context with path [/tp_chess] threw exception [/moutons.jsp (line: [39], column: [3]) Unterminated [&lt;%!] tag] with root cause
	org.apache.jasper.JasperException: /moutons.jsp (line: [39], column: [3]) Unterminated [&lt;%!] tag
		at org.apache.jasper.compiler.DefaultErrorHandler.jspError(DefaultErrorHandler.java:29)
		at org.apache.jasper.compiler.ErrorDispatcher.dispatch(ErrorDispatcher.java:265)
		at org.apache.jasper.compiler.ErrorDispatcher.jspError(ErrorDispatcher.java:88)
		at org.apache.jasper.compiler.Parser.parseDeclaration(Parser.java:598)
		at org.apache.jasper.compiler.Parser.parseElements(Parser.java:1288)
		at org.apache.jasper.compiler.Parser.parse(Parser.java:125)
		at org.apache.jasper.compiler.ParserController.doParse(ParserController.java:240)
		at org.apache.jasper.compiler.ParserController.parse(ParserController.java:103)
		at org.apache.jasper.compiler.Compiler.generateJava(Compiler.java:188)
		at org.apache.jasper.compiler.Compiler.compile(Compiler.java:361)
		at org.apache.jasper.compiler.Compiler.compile(Compiler.java:339)
		at org.apache.jasper.compiler.Compiler.compile(Compiler.java:325)
		at org.apache.jasper.JspCompilationContext.compile(JspCompilationContext.java:585)
		at org.apache.jasper.servlet.JspServletWrapper.service(JspServletWrapper.java:368)
		at org.apache.jasper.servlet.JspServlet.serviceJspFile(JspServlet.java:330)
		at org.apache.jasper.servlet.JspServlet.service(JspServlet.java:281)
		at jakarta.servlet.http.HttpServlet.service(HttpServlet.java:710)
		at org.apache.catalina.core.ApplicationFilterChain.doFilter(ApplicationFilterChain.java:128)
		at org.apache.tomcat.websocket.server.WsFilter.doFilter(WsFilter.java:53)
		at org.apache.catalina.core.ApplicationFilterChain.doFilter(ApplicationFilterChain.java:107)
		at org.apache.catalina.core.StandardWrapperValve.invoke(StandardWrapperValve.java:165)
		at org.apache.catalina.core.StandardContextValve.invoke(StandardContextValve.java:77)
		at org.apache.catalina.authenticator.AuthenticatorBase.invoke(AuthenticatorBase.java:482)
		at org.apache.catalina.core.StandardHostValve.invoke(StandardHostValve.java:113)
		at org.apache.catalina.valves.ErrorReportValve.invoke(ErrorReportValve.java:83)
		at org.apache.catalina.valves.AbstractAccessLogValve.invoke(AbstractAccessLogValve.java:654)
		at org.apache.catalina.core.StandardEngineValve.invoke(StandardEngineValve.java:72)
		at org.apache.catalina.connector.CoyoteAdapter.service(CoyoteAdapter.java:341)
		at org.apache.coyote.http11.Http11Processor.service(Http11Processor.java:397)
		at org.apache.coyote.AbstractProcessorLight.process(AbstractProcessorLight.java:63)
		at org.apache.coyote.AbstractProtocol$ConnectionHandler.process(AbstractProtocol.java:903)
		at org.apache.tomcat.util.net.NioEndpoint$SocketProcessor.doRun(NioEndpoint.java:1778)
		at org.apache.tomcat.util.net.SocketProcessorBase.run(SocketProcessorBase.java:52)
		at org.apache.tomcat.util.threads.ThreadPoolExecutor.runWorker(ThreadPoolExecutor.java:946)
		at org.apache.tomcat.util.threads.ThreadPoolExecutor$Worker.run(ThreadPoolExecutor.java:480)
		at org.apache.tomcat.util.threads.TaskThread$WrappingRunnable.run(TaskThread.java:57)
		at java.base/java.lang.Thread.run(Thread.java:840)
14-Jan-2026 10:37:00.351 SEVERE [http-nio-8080-exec-4] org.apache.catalina.core.StandardWrapperValve.invoke Servlet.service() for servlet [jsp] in context with path [/tp_chess] threw exception [org.apache.jasper.JasperException: java.lang.ClassNotFoundException: org.apache.jsp.moutons_jsp] with root cause
	java.lang.ClassNotFoundException: org.apache.jsp.moutons_jsp
		at java.base/java.net.URLClassLoader.findClass(URLClassLoader.java:445)
		at org.apache.jasper.servlet.JasperLoader.loadClass(JasperLoader.java:93)
		at org.apache.jasper.servlet.JasperLoader.loadClass(JasperLoader.java:47)
		at org.apache.catalina.core.DefaultInstanceManager.newInstance(DefaultInstanceManager.java:147)
		at org.apache.jasper.servlet.JspServletWrapper.getServlet(JspServletWrapper.java:163)
		at org.apache.jasper.servlet.JspServletWrapper.service(JspServletWrapper.java:382)
		at org.apache.jasper.servlet.JspServlet.serviceJspFile(JspServlet.java:330)
		at org.apache.jasper.servlet.JspServlet.service(JspServlet.java:281)
		at jakarta.servlet.http.HttpServlet.service(HttpServlet.java:710)
		at org.apache.catalina.core.ApplicationFilterChain.doFilter(ApplicationFilterChain.java:128)
		at org.apache.tomcat.websocket.server.WsFilter.doFilter(WsFilter.java:53)
		at org.apache.catalina.core.ApplicationFilterChain.doFilter(ApplicationFilterChain.java:107)
		at org.apache.catalina.core.StandardWrapperValve.invoke(StandardWrapperValve.java:165)
		at org.apache.catalina.core.StandardContextValve.invoke(StandardContextValve.java:77)
		at org.apache.catalina.authenticator.AuthenticatorBase.invoke(AuthenticatorBase.java:482)
		at org.apache.catalina.core.StandardHostValve.invoke(StandardHostValve.java:113)
		at org.apache.catalina.valves.ErrorReportValve.invoke(ErrorReportValve.java:83)
		at org.apache.catalina.valves.AbstractAccessLogValve.invoke(AbstractAccessLogValve.java:654)
		at org.apache.catalina.core.StandardEngineValve.invoke(StandardEngineValve.java:72)
		at org.apache.catalina.connector.CoyoteAdapter.service(CoyoteAdapter.java:341)
		at org.apache.coyote.http11.Http11Processor.service(Http11Processor.java:397)
		at org.apache.coyote.AbstractProcessorLight.process(AbstractProcessorLight.java:63)
		at org.apache.coyote.AbstractProtocol$ConnectionHandler.process(AbstractProtocol.java:903)
		at org.apache.tomcat.util.net.NioEndpoint$SocketProcessor.doRun(NioEndpoint.java:1778)
		at org.apache.tomcat.util.net.SocketProcessorBase.run(SocketProcessorBase.java:52)
		at org.apache.tomcat.util.threads.ThreadPoolExecutor.runWorker(ThreadPoolExecutor.java:946)
		at org.apache.tomcat.util.threads.ThreadPoolExecutor$Worker.run(ThreadPoolExecutor.java:480)
		at org.apache.tomcat.util.threads.TaskThread$WrappingRunnable.run(TaskThread.java:57)
		at java.base/java.lang.Thread.run(Thread.java:840)
14-Jan-2026 10:37:00.665 SEVERE [http-nio-8080-exec-5] org.apache.catalina.core.StandardWrapperValve.invoke Servlet.service() for servlet [jsp] in context with path [/tp_chess] threw exception [org.apache.jasper.JasperException: java.lang.ClassNotFoundException: org.apache.jsp.moutons_jsp] with root cause
	java.lang.ClassNotFoundException: org.apache.jsp.moutons_jsp
		at java.base/java.net.URLClassLoader.findClass(URLClassLoader.java:445)
		at org.apache.jasper.servlet.JasperLoader.loadClass(JasperLoader.java:93)
		at org.apache.jasper.servlet.JasperLoader.loadClass(JasperLoader.java:47)
		at org.apache.catalina.core.DefaultInstanceManager.newInstance(DefaultInstanceManager.java:147)
		at org.apache.jasper.servlet.JspServletWrapper.getServlet(JspServletWrapper.java:163)
		at org.apache.jasper.servlet.JspServletWrapper.service(JspServletWrapper.java:382)
		at org.apache.jasper.servlet.JspServlet.serviceJspFile(JspServlet.java:330)
		at org.apache.jasper.servlet.JspServlet.service(JspServlet.java:281)
		at jakarta.servlet.http.HttpServlet.service(HttpServlet.java:710)
		at org.apache.catalina.core.ApplicationFilterChain.doFilter(ApplicationFilterChain.java:128)
		at org.apache.tomcat.websocket.server.WsFilter.doFilter(WsFilter.java:53)
		at org.apache.catalina.core.ApplicationFilterChain.doFilter(ApplicationFilterChain.java:107)
		at org.apache.catalina.core.StandardWrapperValve.invoke(StandardWrapperValve.java:165)
		at org.apache.catalina.core.StandardContextValve.invoke(StandardContextValve.java:77)
		at org.apache.catalina.authenticator.AuthenticatorBase.invoke(AuthenticatorBase.java:482)
		at org.apache.catalina.core.StandardHostValve.invoke(StandardHostValve.java:113)
		at org.apache.catalina.valves.ErrorReportValve.invoke(ErrorReportValve.java:83)
		at org.apache.catalina.valves.AbstractAccessLogValve.invoke(AbstractAccessLogValve.java:654)
		at org.apache.catalina.core.StandardEngineValve.invoke(StandardEngineValve.java:72)
		at org.apache.catalina.connector.CoyoteAdapter.service(CoyoteAdapter.java:341)
		at org.apache.coyote.http11.Http11Processor.service(Http11Processor.java:397)
		at org.apache.coyote.AbstractProcessorLight.process(AbstractProcessorLight.java:63)
		at org.apache.coyote.AbstractProtocol$ConnectionHandler.process(AbstractProtocol.java:903)
		at org.apache.tomcat.util.net.NioEndpoint$SocketProcessor.doRun(NioEndpoint.java:1778)
		at org.apache.tomcat.util.net.SocketProcessorBase.run(SocketProcessorBase.java:52)
		at org.apache.tomcat.util.threads.ThreadPoolExecutor.runWorker(ThreadPoolExecutor.java:946)
		at org.apache.tomcat.util.threads.ThreadPoolExecutor$Worker.run(ThreadPoolExecutor.java:480)
		at org.apache.tomcat.util.threads.TaskThread$WrappingRunnable.run(TaskThread.java:57)
		at java.base/java.lang.Thread.run(Thread.java:840)
14-Jan-2026 10:37:01.093 SEVERE [http-nio-8080-exec-6] org.apache.catalina.core.StandardWrapperValve.invoke Servlet.service() for servlet [jsp] in context with path [/tp_chess] threw exception [org.apache.jasper.JasperException: java.lang.ClassNotFoundException: org.apache.jsp.moutons_jsp] with root cause
	java.lang.ClassNotFoundException: org.apache.jsp.moutons_jsp
		at java.base/java.net.URLClassLoader.findClass(URLClassLoader.java:445)
		at org.apache.jasper.servlet.JasperLoader.loadClass(JasperLoader.java:93)
		at org.apache.jasper.servlet.JasperLoader.loadClass(JasperLoader.java:47)
		at org.apache.catalina.core.DefaultInstanceManager.newInstance(DefaultInstanceManager.java:147)
		at org.apache.jasper.servlet.JspServletWrapper.getServlet(JspServletWrapper.java:163)
		at org.apache.jasper.servlet.JspServletWrapper.service(JspServletWrapper.java:382)
		at org.apache.jasper.servlet.JspServlet.serviceJspFile(JspServlet.java:330)
		at org.apache.jasper.servlet.JspServlet.service(JspServlet.java:281)
		at jakarta.servlet.http.HttpServlet.service(HttpServlet.java:710)
		at org.apache.catalina.core.ApplicationFilterChain.doFilter(ApplicationFilterChain.java:128)
		at org.apache.tomcat.websocket.server.WsFilter.doFilter(WsFilter.java:53)
		at org.apache.catalina.core.ApplicationFilterChain.doFilter(ApplicationFilterChain.java:107)
		at org.apache.catalina.core.StandardWrapperValve.invoke(StandardWrapperValve.java:165)
		at org.apache.catalina.core.StandardContextValve.invoke(StandardContextValve.java:77)
		at org.apache.catalina.authenticator.AuthenticatorBase.invoke(AuthenticatorBase.java:482)
		at org.apache.catalina.core.StandardHostValve.invoke(StandardHostValve.java:113)
		at org.apache.catalina.valves.ErrorReportValve.invoke(ErrorReportValve.java:83)
		at org.apache.catalina.valves.AbstractAccessLogValve.invoke(AbstractAccessLogValve.java:654)
		at org.apache.catalina.core.StandardEngineValve.invoke(StandardEngineValve.java:72)
		at org.apache.catalina.connector.CoyoteAdapter.service(CoyoteAdapter.java:341)
		at org.apache.coyote.http11.Http11Processor.service(Http11Processor.java:397)
		at org.apache.coyote.AbstractProcessorLight.process(AbstractProcessorLight.java:63)
		at org.apache.coyote.AbstractProtocol$ConnectionHandler.process(AbstractProtocol.java:903)
		at org.apache.tomcat.util.net.NioEndpoint$SocketProcessor.doRun(NioEndpoint.java:1778)
		at org.apache.tomcat.util.net.SocketProcessorBase.run(SocketProcessorBase.java:52)
		at org.apache.tomcat.util.threads.ThreadPoolExecutor.runWorker(ThreadPoolExecutor.java:946)
		at org.apache.tomcat.util.threads.ThreadPoolExecutor$Worker.run(ThreadPoolExecutor.java:480)
		at org.apache.tomcat.util.threads.TaskThread$WrappingRunnable.run(TaskThread.java:57)
		at java.base/java.lang.Thread.run(Thread.java:840)
14-Jan-2026 10:37:01.526 SEVERE [http-nio-8080-exec-7] org.apache.catalina.core.StandardWrapperValve.invoke Servlet.service() for servlet [jsp] in context with path [/tp_chess] threw exception [org.apache.jasper.JasperException: java.lang.ClassNotFoundException: org.apache.jsp.moutons_jsp] with root cause
	java.lang.ClassNotFoundException: org.apache.jsp.moutons_jsp
		at java.base/java.net.URLClassLoader.findClass(URLClassLoader.java:445)
		at org.apache.jasper.servlet.JasperLoader.loadClass(JasperLoader.java:93)
		at org.apache.jasper.servlet.JasperLoader.loadClass(JasperLoader.java:47)
		at org.apache.catalina.core.DefaultInstanceManager.newInstance(DefaultInstanceManager.java:147)
		at org.apache.jasper.servlet.JspServletWrapper.getServlet(JspServletWrapper.java:163)
		at org.apache.jasper.servlet.JspServletWrapper.service(JspServletWrapper.java:382)
		at org.apache.jasper.servlet.JspServlet.serviceJspFile(JspServlet.java:330)
		at org.apache.jasper.servlet.JspServlet.service(JspServlet.java:281)
		at jakarta.servlet.http.HttpServlet.service(HttpServlet.java:710)
		at org.apache.catalina.core.ApplicationFilterChain.doFilter(ApplicationFilterChain.java:128)
		at org.apache.tomcat.websocket.server.WsFilter.doFilter(WsFilter.java:53)
		at org.apache.catalina.core.ApplicationFilterChain.doFilter(ApplicationFilterChain.java:107)
		at org.apache.catalina.core.StandardWrapperValve.invoke(StandardWrapperValve.java:165)
		at org.apache.catalina.core.StandardContextValve.invoke(StandardContextValve.java:77)
		at org.apache.catalina.authenticator.AuthenticatorBase.invoke(AuthenticatorBase.java:482)
		at org.apache.catalina.core.StandardHostValve.invoke(StandardHostValve.java:113)
		at org.apache.catalina.valves.ErrorReportValve.invoke(ErrorReportValve.java:83)
		at org.apache.catalina.valves.AbstractAccessLogValve.invoke(AbstractAccessLogValve.java:654)
		at org.apache.catalina.core.StandardEngineValve.invoke(StandardEngineValve.java:72)
		at org.apache.catalina.connector.CoyoteAdapter.service(CoyoteAdapter.java:341)
		at org.apache.coyote.http11.Http11Processor.service(Http11Processor.java:397)
		at org.apache.coyote.AbstractProcessorLight.process(AbstractProcessorLight.java:63)
		at org.apache.coyote.AbstractProtocol$ConnectionHandler.process(AbstractProtocol.java:903)
		at org.apache.tomcat.util.net.NioEndpoint$SocketProcessor.doRun(NioEndpoint.java:1778)
		at org.apache.tomcat.util.net.SocketProcessorBase.run(SocketProcessorBase.java:52)
		at org.apache.tomcat.util.threads.ThreadPoolExecutor.runWorker(ThreadPoolExecutor.java:946)
		at org.apache.tomcat.util.threads.ThreadPoolExecutor$Worker.run(ThreadPoolExecutor.java:480)
		at org.apache.tomcat.util.threads.TaskThread$WrappingRunnable.run(TaskThread.java:57)
		at java.base/java.lang.Thread.run(Thread.java:840)
14-Jan-2026 10:37:25.300 SEVERE [http-nio-8080-exec-8] org.apache.catalina.core.StandardWrapperValve.invoke Servlet.service() for servlet [jsp] in context with path [/tp_chess] threw exception [/moutons.jsp (line: [35], column: [3]) Unterminated [&lt;%!] tag] with root cause
	org.apache.jasper.JasperException: /moutons.jsp (line: [35], column: [3]) Unterminated [&lt;%!] tag
		at org.apache.jasper.compiler.DefaultErrorHandler.jspError(DefaultErrorHandler.java:29)
		at org.apache.jasper.compiler.ErrorDispatcher.dispatch(ErrorDispatcher.java:265)
		at org.apache.jasper.compiler.ErrorDispatcher.jspError(ErrorDispatcher.java:88)
		at org.apache.jasper.compiler.Parser.parseDeclaration(Parser.java:598)
		at org.apache.jasper.compiler.Parser.parseElements(Parser.java:1288)
		at org.apache.jasper.compiler.Parser.parse(Parser.java:125)
		at org.apache.jasper.compiler.ParserController.doParse(ParserController.java:240)
		at org.apache.jasper.compiler.ParserController.parse(ParserController.java:103)
		at org.apache.jasper.compiler.Compiler.generateJava(Compiler.java:188)
		at org.apache.jasper.compiler.Compiler.compile(Compiler.java:361)
		at org.apache.jasper.compiler.Compiler.compile(Compiler.java:339)
		at org.apache.jasper.compiler.Compiler.compile(Compiler.java:325)
		at org.apache.jasper.JspCompilationContext.compile(JspCompilationContext.java:585)
		at org.apache.jasper.servlet.JspServletWrapper.service(JspServletWrapper.java:368)
		at org.apache.jasper.servlet.JspServlet.serviceJspFile(JspServlet.java:330)
		at org.apache.jasper.servlet.JspServlet.service(JspServlet.java:281)
		at jakarta.servlet.http.HttpServlet.service(HttpServlet.java:710)
		at org.apache.catalina.core.ApplicationFilterChain.doFilter(ApplicationFilterChain.java:128)
		at org.apache.tomcat.websocket.server.WsFilter.doFilter(WsFilter.java:53)
		at org.apache.catalina.core.ApplicationFilterChain.doFilter(ApplicationFilterChain.java:107)
		at org.apache.catalina.core.StandardWrapperValve.invoke(StandardWrapperValve.java:165)
		at org.apache.catalina.core.StandardContextValve.invoke(StandardContextValve.java:77)
		at org.apache.catalina.authenticator.AuthenticatorBase.invoke(AuthenticatorBase.java:482)
		at org.apache.catalina.core.StandardHostValve.invoke(StandardHostValve.java:113)
		at org.apache.catalina.valves.ErrorReportValve.invoke(ErrorReportValve.java:83)
		at org.apache.catalina.valves.AbstractAccessLogValve.invoke(AbstractAccessLogValve.java:654)
		at org.apache.catalina.core.StandardEngineValve.invoke(StandardEngineValve.java:72)
		at org.apache.catalina.connector.CoyoteAdapter.service(CoyoteAdapter.java:341)
		at org.apache.coyote.http11.Http11Processor.service(Http11Processor.java:397)
		at org.apache.coyote.AbstractProcessorLight.process(AbstractProcessorLight.java:63)
		at org.apache.coyote.AbstractProtocol$ConnectionHandler.process(AbstractProtocol.java:903)
		at org.apache.tomcat.util.net.NioEndpoint$SocketProcessor.doRun(NioEndpoint.java:1778)
		at org.apache.tomcat.util.net.SocketProcessorBase.run(SocketProcessorBase.java:52)
		at org.apache.tomcat.util.threads.ThreadPoolExecutor.runWorker(ThreadPoolExecutor.java:946)
		at org.apache.tomcat.util.threads.ThreadPoolExecutor$Worker.run(ThreadPoolExecutor.java:480)
		at org.apache.tomcat.util.threads.TaskThread$WrappingRunnable.run(TaskThread.java:57)
		at java.base/java.lang.Thread.run(Thread.java:840)
14-Jan-2026 10:37:38.636 SEVERE [http-nio-8080-exec-9] org.apache.catalina.core.StandardWrapperValve.invoke Servlet.service() for servlet [jsp] in context with path [/tp_chess] threw exception [/moutons.jsp (line: [37], column: [3]) Unterminated [&lt;%!] tag] with root cause
	org.apache.jasper.JasperException: /moutons.jsp (line: [37], column: [3]) Unterminated [&lt;%!] tag
		at org.apache.jasper.compiler.DefaultErrorHandler.jspError(DefaultErrorHandler.java:29)
		at org.apache.jasper.compiler.ErrorDispatcher.dispatch(ErrorDispatcher.java:265)
		at org.apache.jasper.compiler.ErrorDispatcher.jspError(ErrorDispatcher.java:88)
		at org.apache.jasper.compiler.Parser.parseDeclaration(Parser.java:598)
		at org.apache.jasper.compiler.Parser.parseElements(Parser.java:1288)
		at org.apache.jasper.compiler.Parser.parse(Parser.java:125)
		at org.apache.jasper.compiler.ParserController.doParse(ParserController.java:240)
		at org.apache.jasper.compiler.ParserController.parse(ParserController.java:103)
		at org.apache.jasper.compiler.Compiler.generateJava(Compiler.java:188)
		at org.apache.jasper.compiler.Compiler.compile(Compiler.java:361)
		at org.apache.jasper.compiler.Compiler.compile(Compiler.java:339)
		at org.apache.jasper.compiler.Compiler.compile(Compiler.java:325)
		at org.apache.jasper.JspCompilationContext.compile(JspCompilationContext.java:585)
		at org.apache.jasper.servlet.JspServletWrapper.service(JspServletWrapper.java:368)
		at org.apache.jasper.servlet.JspServlet.serviceJspFile(JspServlet.java:330)
		at org.apache.jasper.servlet.JspServlet.service(JspServlet.java:281)
		at jakarta.servlet.http.HttpServlet.service(HttpServlet.java:710)
		at org.apache.catalina.core.ApplicationFilterChain.doFilter(ApplicationFilterChain.java:128)
		at org.apache.tomcat.websocket.server.WsFilter.doFilter(WsFilter.java:53)
		at org.apache.catalina.core.ApplicationFilterChain.doFilter(ApplicationFilterChain.java:107)
		at org.apache.catalina.core.StandardWrapperValve.invoke(StandardWrapperValve.java:165)
		at org.apache.catalina.core.StandardContextValve.invoke(StandardContextValve.java:77)
		at org.apache.catalina.authenticator.AuthenticatorBase.invoke(AuthenticatorBase.java:482)
		at org.apache.catalina.core.StandardHostValve.invoke(StandardHostValve.java:113)
		at org.apache.catalina.valves.ErrorReportValve.invoke(ErrorReportValve.java:83)
		at org.apache.catalina.valves.AbstractAccessLogValve.invoke(AbstractAccessLogValve.java:654)
		at org.apache.catalina.core.StandardEngineValve.invoke(StandardEngineValve.java:72)
		at org.apache.catalina.connector.CoyoteAdapter.service(CoyoteAdapter.java:341)
		at org.apache.coyote.http11.Http11Processor.service(Http11Processor.java:397)
		at org.apache.coyote.AbstractProcessorLight.process(AbstractProcessorLight.java:63)
		at org.apache.coyote.AbstractProtocol$ConnectionHandler.process(AbstractProtocol.java:903)
		at org.apache.tomcat.util.net.NioEndpoint$SocketProcessor.doRun(NioEndpoint.java:1778)
		at org.apache.tomcat.util.net.SocketProcessorBase.run(SocketProcessorBase.java:52)
		at org.apache.tomcat.util.threads.ThreadPoolExecutor.runWorker(ThreadPoolExecutor.java:946)
		at org.apache.tomcat.util.threads.ThreadPoolExecutor$Worker.run(ThreadPoolExecutor.java:480)
		at org.apache.tomcat.util.threads.TaskThread$WrappingRunnable.run(TaskThread.java:57)
		at java.base/java.lang.Thread.run(Thread.java:840)
14-Jan-2026 10:37:39.037 SEVERE [http-nio-8080-exec-10] org.apache.catalina.core.StandardWrapperValve.invoke Servlet.service() for servlet [jsp] in context with path [/tp_chess] threw exception [org.apache.jasper.JasperException: java.lang.ClassNotFoundException: org.apache.jsp.moutons_jsp] with root cause
	java.lang.ClassNotFoundException: org.apache.jsp.moutons_jsp
		at java.base/java.net.URLClassLoader.findClass(URLClassLoader.java:445)
		at org.apache.jasper.servlet.JasperLoader.loadClass(JasperLoader.java:93)
		at org.apache.jasper.servlet.JasperLoader.loadClass(JasperLoader.java:47)
		at org.apache.catalina.core.DefaultInstanceManager.newInstance(DefaultInstanceManager.java:147)
		at org.apache.jasper.servlet.JspServletWrapper.getServlet(JspServletWrapper.java:163)
		at org.apache.jasper.servlet.JspServletWrapper.service(JspServletWrapper.java:382)
		at org.apache.jasper.servlet.JspServlet.serviceJspFile(JspServlet.java:330)
		at org.apache.jasper.servlet.JspServlet.service(JspServlet.java:281)
		at jakarta.servlet.http.HttpServlet.service(HttpServlet.java:710)
		at org.apache.catalina.core.ApplicationFilterChain.doFilter(ApplicationFilterChain.java:128)
		at org.apache.tomcat.websocket.server.WsFilter.doFilter(WsFilter.java:53)
		at org.apache.catalina.core.ApplicationFilterChain.doFilter(ApplicationFilterChain.java:107)
		at org.apache.catalina.core.StandardWrapperValve.invoke(StandardWrapperValve.java:165)
		at org.apache.catalina.core.StandardContextValve.invoke(StandardContextValve.java:77)
		at org.apache.catalina.authenticator.AuthenticatorBase.invoke(AuthenticatorBase.java:482)
		at org.apache.catalina.core.StandardHostValve.invoke(StandardHostValve.java:113)
		at org.apache.catalina.valves.ErrorReportValve.invoke(ErrorReportValve.java:83)
		at org.apache.catalina.valves.AbstractAccessLogValve.invoke(AbstractAccessLogValve.java:654)
		at org.apache.catalina.core.StandardEngineValve.invoke(StandardEngineValve.java:72)
		at org.apache.catalina.connector.CoyoteAdapter.service(CoyoteAdapter.java:341)
		at org.apache.coyote.http11.Http11Processor.service(Http11Processor.java:397)
		at org.apache.coyote.AbstractProcessorLight.process(AbstractProcessorLight.java:63)
		at org.apache.coyote.AbstractProtocol$ConnectionHandler.process(AbstractProtocol.java:903)
		at org.apache.tomcat.util.net.NioEndpoint$SocketProcessor.doRun(NioEndpoint.java:1778)
		at org.apache.tomcat.util.net.SocketProcessorBase.run(SocketProcessorBase.java:52)
		at org.apache.tomcat.util.threads.ThreadPoolExecutor.runWorker(ThreadPoolExecutor.java:946)
		at org.apache.tomcat.util.threads.ThreadPoolExecutor$Worker.run(ThreadPoolExecutor.java:480)
		at org.apache.tomcat.util.threads.TaskThread$WrappingRunnable.run(TaskThread.java:57)
		at java.base/java.lang.Thread.run(Thread.java:840)
14-Jan-2026 10:37:54.006 SEVERE [http-nio-8080-exec-1] org.apache.catalina.core.StandardWrapperValve.invoke Servlet.service() for servlet [jsp] in context with path [/tp_chess] threw exception [/moutons.jsp (line: [37], column: [3]) Unterminated [&lt;%!] tag] with root cause
	org.apache.jasper.JasperException: /moutons.jsp (line: [37], column: [3]) Unterminated [&lt;%!] tag
		at org.apache.jasper.compiler.DefaultErrorHandler.jspError(DefaultErrorHandler.java:29)
		at org.apache.jasper.compiler.ErrorDispatcher.dispatch(ErrorDispatcher.java:265)
		at org.apache.jasper.compiler.ErrorDispatcher.jspError(ErrorDispatcher.java:88)
		at org.apache.jasper.compiler.Parser.parseDeclaration(Parser.java:598)
		at org.apache.jasper.compiler.Parser.parseElements(Parser.java:1288)
		at org.apache.jasper.compiler.Parser.parse(Parser.java:125)
		at org.apache.jasper.compiler.ParserController.doParse(ParserController.java:240)
		at org.apache.jasper.compiler.ParserController.parse(ParserController.java:103)
		at org.apache.jasper.compiler.Compiler.generateJava(Compiler.java:188)
		at org.apache.jasper.compiler.Compiler.compile(Compiler.java:361)
		at org.apache.jasper.compiler.Compiler.compile(Compiler.java:339)
		at org.apache.jasper.compiler.Compiler.compile(Compiler.java:325)
		at org.apache.jasper.JspCompilationContext.compile(JspCompilationContext.java:585)
		at org.apache.jasper.servlet.JspServletWrapper.service(JspServletWrapper.java:368)
		at org.apache.jasper.servlet.JspServlet.serviceJspFile(JspServlet.java:330)
		at org.apache.jasper.servlet.JspServlet.service(JspServlet.java:281)
		at jakarta.servlet.http.HttpServlet.service(HttpServlet.java:710)
		at org.apache.catalina.core.ApplicationFilterChain.doFilter(ApplicationFilterChain.java:128)
		at org.apache.tomcat.websocket.server.WsFilter.doFilter(WsFilter.java:53)
		at org.apache.catalina.core.ApplicationFilterChain.doFilter(ApplicationFilterChain.java:107)
		at org.apache.catalina.core.StandardWrapperValve.invoke(StandardWrapperValve.java:165)
		at org.apache.catalina.core.StandardContextValve.invoke(StandardContextValve.java:77)
		at org.apache.catalina.authenticator.AuthenticatorBase.invoke(AuthenticatorBase.java:482)
		at org.apache.catalina.core.StandardHostValve.invoke(StandardHostValve.java:113)
		at org.apache.catalina.valves.ErrorReportValve.invoke(ErrorReportValve.java:83)
		at org.apache.catalina.valves.AbstractAccessLogValve.invoke(AbstractAccessLogValve.java:654)
		at org.apache.catalina.core.StandardEngineValve.invoke(StandardEngineValve.java:72)
		at org.apache.catalina.connector.CoyoteAdapter.service(CoyoteAdapter.java:341)
		at org.apache.coyote.http11.Http11Processor.service(Http11Processor.java:397)
		at org.apache.coyote.AbstractProcessorLight.process(AbstractProcessorLight.java:63)
		at org.apache.coyote.AbstractProtocol$ConnectionHandler.process(AbstractProtocol.java:903)
		at org.apache.tomcat.util.net.NioEndpoint$SocketProcessor.doRun(NioEndpoint.java:1778)
		at org.apache.tomcat.util.net.SocketProcessorBase.run(SocketProcessorBase.java:52)
		at org.apache.tomcat.util.threads.ThreadPoolExecutor.runWorker(ThreadPoolExecutor.java:946)
		at org.apache.tomcat.util.threads.ThreadPoolExecutor$Worker.run(ThreadPoolExecutor.java:480)
		at org.apache.tomcat.util.threads.TaskThread$WrappingRunnable.run(TaskThread.java:57)
		at java.base/java.lang.Thread.run(Thread.java:840)
14-Jan-2026 10:37:54.397 SEVERE [http-nio-8080-exec-2] org.apache.catalina.core.StandardWrapperValve.invoke Servlet.service() for servlet [jsp] in context with path [/tp_chess] threw exception [org.apache.jasper.JasperException: java.lang.ClassNotFoundException: org.apache.jsp.moutons_jsp] with root cause
	java.lang.ClassNotFoundException: org.apache.jsp.moutons_jsp
		at java.base/java.net.URLClassLoader.findClass(URLClassLoader.java:445)
		at org.apache.jasper.servlet.JasperLoader.loadClass(JasperLoader.java:93)
		at org.apache.jasper.servlet.JasperLoader.loadClass(JasperLoader.java:47)
		at org.apache.catalina.core.DefaultInstanceManager.newInstance(DefaultInstanceManager.java:147)
		at org.apache.jasper.servlet.JspServletWrapper.getServlet(JspServletWrapper.java:163)
		at org.apache.jasper.servlet.JspServletWrapper.service(JspServletWrapper.java:382)
		at org.apache.jasper.servlet.JspServlet.serviceJspFile(JspServlet.java:330)
		at org.apache.jasper.servlet.JspServlet.service(JspServlet.java:281)
		at jakarta.servlet.http.HttpServlet.service(HttpServlet.java:710)
		at org.apache.catalina.core.ApplicationFilterChain.doFilter(ApplicationFilterChain.java:128)
		at org.apache.tomcat.websocket.server.WsFilter.doFilter(WsFilter.java:53)
		at org.apache.catalina.core.ApplicationFilterChain.doFilter(ApplicationFilterChain.java:107)
		at org.apache.catalina.core.StandardWrapperValve.invoke(StandardWrapperValve.java:165)
		at org.apache.catalina.core.StandardContextValve.invoke(StandardContextValve.java:77)
		at org.apache.catalina.authenticator.AuthenticatorBase.invoke(AuthenticatorBase.java:482)
		at org.apache.catalina.core.StandardHostValve.invoke(StandardHostValve.java:113)
		at org.apache.catalina.valves.ErrorReportValve.invoke(ErrorReportValve.java:83)
		at org.apache.catalina.valves.AbstractAccessLogValve.invoke(AbstractAccessLogValve.java:654)
		at org.apache.catalina.core.StandardEngineValve.invoke(StandardEngineValve.java:72)
		at org.apache.catalina.connector.CoyoteAdapter.service(CoyoteAdapter.java:341)
		at org.apache.coyote.http11.Http11Processor.service(Http11Processor.java:397)
		at org.apache.coyote.AbstractProcessorLight.process(AbstractProcessorLight.java:63)
		at org.apache.coyote.AbstractProtocol$ConnectionHandler.process(AbstractProtocol.java:903)
		at org.apache.tomcat.util.net.NioEndpoint$SocketProcessor.doRun(NioEndpoint.java:1778)
		at org.apache.tomcat.util.net.SocketProcessorBase.run(SocketProcessorBase.java:52)
		at org.apache.tomcat.util.threads.ThreadPoolExecutor.runWorker(ThreadPoolExecutor.java:946)
		at org.apache.tomcat.util.threads.ThreadPoolExecutor$Worker.run(ThreadPoolExecutor.java:480)
		at org.apache.tomcat.util.threads.TaskThread$WrappingRunnable.run(TaskThread.java:57)
		at java.base/java.lang.Thread.run(Thread.java:840)
14-Jan-2026 10:37:54.671 SEVERE [http-nio-8080-exec-3] org.apache.catalina.core.StandardWrapperValve.invoke Servlet.service() for servlet [jsp] in context with path [/tp_chess] threw exception [org.apache.jasper.JasperException: java.lang.ClassNotFoundException: org.apache.jsp.moutons_jsp] with root cause
	java.lang.ClassNotFoundException: org.apache.jsp.moutons_jsp
		at java.base/java.net.URLClassLoader.findClass(URLClassLoader.java:445)
		at org.apache.jasper.servlet.JasperLoader.loadClass(JasperLoader.java:93)
		at org.apache.jasper.servlet.JasperLoader.loadClass(JasperLoader.java:47)
		at org.apache.catalina.core.DefaultInstanceManager.newInstance(DefaultInstanceManager.java:147)
		at org.apache.jasper.servlet.JspServletWrapper.getServlet(JspServletWrapper.java:163)
		at org.apache.jasper.servlet.JspServletWrapper.service(JspServletWrapper.java:382)
		at org.apache.jasper.servlet.JspServlet.serviceJspFile(JspServlet.java:330)
		at org.apache.jasper.servlet.JspServlet.service(JspServlet.java:281)
		at jakarta.servlet.http.HttpServlet.service(HttpServlet.java:710)
		at org.apache.catalina.core.ApplicationFilterChain.doFilter(ApplicationFilterChain.java:128)
		at org.apache.tomcat.websocket.server.WsFilter.doFilter(WsFilter.java:53)
		at org.apache.catalina.core.ApplicationFilterChain.doFilter(ApplicationFilterChain.java:107)
		at org.apache.catalina.core.StandardWrapperValve.invoke(StandardWrapperValve.java:165)
		at org.apache.catalina.core.StandardContextValve.invoke(StandardContextValve.java:77)
		at org.apache.catalina.authenticator.AuthenticatorBase.invoke(AuthenticatorBase.java:482)
		at org.apache.catalina.core.StandardHostValve.invoke(StandardHostValve.java:113)
		at org.apache.catalina.valves.ErrorReportValve.invoke(ErrorReportValve.java:83)
		at org.apache.catalina.valves.AbstractAccessLogValve.invoke(AbstractAccessLogValve.java:654)
		at org.apache.catalina.core.StandardEngineValve.invoke(StandardEngineValve.java:72)
		at org.apache.catalina.connector.CoyoteAdapter.service(CoyoteAdapter.java:341)
		at org.apache.coyote.http11.Http11Processor.service(Http11Processor.java:397)
		at org.apache.coyote.AbstractProcessorLight.process(AbstractProcessorLight.java:63)
		at org.apache.coyote.AbstractProtocol$ConnectionHandler.process(AbstractProtocol.java:903)
		at org.apache.tomcat.util.net.NioEndpoint$SocketProcessor.doRun(NioEndpoint.java:1778)
		at org.apache.tomcat.util.net.SocketProcessorBase.run(SocketProcessorBase.java:52)
		at org.apache.tomcat.util.threads.ThreadPoolExecutor.runWorker(ThreadPoolExecutor.java:946)
		at org.apache.tomcat.util.threads.ThreadPoolExecutor$Worker.run(ThreadPoolExecutor.java:480)
		at org.apache.tomcat.util.threads.TaskThread$WrappingRunnable.run(TaskThread.java:57)
		at java.base/java.lang.Thread.run(Thread.java:840)
14-Jan-2026 10:37:55.024 SEVERE [http-nio-8080-exec-4] org.apache.catalina.core.StandardWrapperValve.invoke Servlet.service() for servlet [jsp] in context with path [/tp_chess] threw exception [org.apache.jasper.JasperException: java.lang.ClassNotFoundException: org.apache.jsp.moutons_jsp] with root cause
	java.lang.ClassNotFoundException: org.apache.jsp.moutons_jsp
		at java.base/java.net.URLClassLoader.findClass(URLClassLoader.java:445)
		at org.apache.jasper.servlet.JasperLoader.loadClass(JasperLoader.java:93)
		at org.apache.jasper.servlet.JasperLoader.loadClass(JasperLoader.java:47)
		at org.apache.catalina.core.DefaultInstanceManager.newInstance(DefaultInstanceManager.java:147)
		at org.apache.jasper.servlet.JspServletWrapper.getServlet(JspServletWrapper.java:163)
		at org.apache.jasper.servlet.JspServletWrapper.service(JspServletWrapper.java:382)
		at org.apache.jasper.servlet.JspServlet.serviceJspFile(JspServlet.java:330)
		at org.apache.jasper.servlet.JspServlet.service(JspServlet.java:281)
		at jakarta.servlet.http.HttpServlet.service(HttpServlet.java:710)
		at org.apache.catalina.core.ApplicationFilterChain.doFilter(ApplicationFilterChain.java:128)
		at org.apache.tomcat.websocket.server.WsFilter.doFilter(WsFilter.java:53)
		at org.apache.catalina.core.ApplicationFilterChain.doFilter(ApplicationFilterChain.java:107)
		at org.apache.catalina.core.StandardWrapperValve.invoke(StandardWrapperValve.java:165)
		at org.apache.catalina.core.StandardContextValve.invoke(StandardContextValve.java:77)
		at org.apache.catalina.authenticator.AuthenticatorBase.invoke(AuthenticatorBase.java:482)
		at org.apache.catalina.core.StandardHostValve.invoke(StandardHostValve.java:113)
		at org.apache.catalina.valves.ErrorReportValve.invoke(ErrorReportValve.java:83)
		at org.apache.catalina.valves.AbstractAccessLogValve.invoke(AbstractAccessLogValve.java:654)
		at org.apache.catalina.core.StandardEngineValve.invoke(StandardEngineValve.java:72)
		at org.apache.catalina.connector.CoyoteAdapter.service(CoyoteAdapter.java:341)
		at org.apache.coyote.http11.Http11Processor.service(Http11Processor.java:397)
		at org.apache.coyote.AbstractProcessorLight.process(AbstractProcessorLight.java:63)
		at org.apache.coyote.AbstractProtocol$ConnectionHandler.process(AbstractProtocol.java:903)
		at org.apache.tomcat.util.net.NioEndpoint$SocketProcessor.doRun(NioEndpoint.java:1778)
		at org.apache.tomcat.util.net.SocketProcessorBase.run(SocketProcessorBase.java:52)
		at org.apache.tomcat.util.threads.ThreadPoolExecutor.runWorker(ThreadPoolExecutor.java:946)
		at org.apache.tomcat.util.threads.ThreadPoolExecutor$Worker.run(ThreadPoolExecutor.java:480)
		at org.apache.tomcat.util.threads.TaskThread$WrappingRunnable.run(TaskThread.java:57)
		at java.base/java.lang.Thread.run(Thread.java:840)
14-Jan-2026 10:37:55.272 SEVERE [http-nio-8080-exec-5] org.apache.catalina.core.StandardWrapperValve.invoke Servlet.service() for servlet [jsp] in context with path [/tp_chess] threw exception [org.apache.jasper.JasperException: java.lang.ClassNotFoundException: org.apache.jsp.moutons_jsp] with root cause
	java.lang.ClassNotFoundException: org.apache.jsp.moutons_jsp
		at java.base/java.net.URLClassLoader.findClass(URLClassLoader.java:445)
		at org.apache.jasper.servlet.JasperLoader.loadClass(JasperLoader.java:93)
		at org.apache.jasper.servlet.JasperLoader.loadClass(JasperLoader.java:47)
		at org.apache.catalina.core.DefaultInstanceManager.newInstance(DefaultInstanceManager.java:147)
		at org.apache.jasper.servlet.JspServletWrapper.getServlet(JspServletWrapper.java:163)
		at org.apache.jasper.servlet.JspServletWrapper.service(JspServletWrapper.java:382)
		at org.apache.jasper.servlet.JspServlet.serviceJspFile(JspServlet.java:330)
		at org.apache.jasper.servlet.JspServlet.service(JspServlet.java:281)
		at jakarta.servlet.http.HttpServlet.service(HttpServlet.java:710)
		at org.apache.catalina.core.ApplicationFilterChain.doFilter(ApplicationFilterChain.java:128)
		at org.apache.tomcat.websocket.server.WsFilter.doFilter(WsFilter.java:53)
		at org.apache.catalina.core.ApplicationFilterChain.doFilter(ApplicationFilterChain.java:107)
		at org.apache.catalina.core.StandardWrapperValve.invoke(StandardWrapperValve.java:165)
		at org.apache.catalina.core.StandardContextValve.invoke(StandardContextValve.java:77)
		at org.apache.catalina.authenticator.AuthenticatorBase.invoke(AuthenticatorBase.java:482)
		at org.apache.catalina.core.StandardHostValve.invoke(StandardHostValve.java:113)
		at org.apache.catalina.valves.ErrorReportValve.invoke(ErrorReportValve.java:83)
		at org.apache.catalina.valves.AbstractAccessLogValve.invoke(AbstractAccessLogValve.java:654)
		at org.apache.catalina.core.StandardEngineValve.invoke(StandardEngineValve.java:72)
		at org.apache.catalina.connector.CoyoteAdapter.service(CoyoteAdapter.java:341)
		at org.apache.coyote.http11.Http11Processor.service(Http11Processor.java:397)
		at org.apache.coyote.AbstractProcessorLight.process(AbstractProcessorLight.java:63)
		at org.apache.coyote.AbstractProtocol$ConnectionHandler.process(AbstractProtocol.java:903)
		at org.apache.tomcat.util.net.NioEndpoint$SocketProcessor.doRun(NioEndpoint.java:1778)
		at org.apache.tomcat.util.net.SocketProcessorBase.run(SocketProcessorBase.java:52)
		at org.apache.tomcat.util.threads.ThreadPoolExecutor.runWorker(ThreadPoolExecutor.java:946)
		at org.apache.tomcat.util.threads.ThreadPoolExecutor$Worker.run(ThreadPoolExecutor.java:480)
		at org.apache.tomcat.util.threads.TaskThread$WrappingRunnable.run(TaskThread.java:57)
		at java.base/java.lang.Thread.run(Thread.java:840)
14-Jan-2026 10:37:55.483 SEVERE [http-nio-8080-exec-6] org.apache.catalina.core.StandardWrapperValve.invoke Servlet.service() for servlet [jsp] in context with path [/tp_chess] threw exception [org.apache.jasper.JasperException: java.lang.ClassNotFoundException: org.apache.jsp.moutons_jsp] with root cause
	java.lang.ClassNotFoundException: org.apache.jsp.moutons_jsp
		at java.base/java.net.URLClassLoader.findClass(URLClassLoader.java:445)
		at org.apache.jasper.servlet.JasperLoader.loadClass(JasperLoader.java:93)
		at org.apache.jasper.servlet.JasperLoader.loadClass(JasperLoader.java:47)
		at org.apache.catalina.core.DefaultInstanceManager.newInstance(DefaultInstanceManager.java:147)
		at org.apache.jasper.servlet.JspServletWrapper.getServlet(JspServletWrapper.java:163)
		at org.apache.jasper.servlet.JspServletWrapper.service(JspServletWrapper.java:382)
		at org.apache.jasper.servlet.JspServlet.serviceJspFile(JspServlet.java:330)
		at org.apache.jasper.servlet.JspServlet.service(JspServlet.java:281)
		at jakarta.servlet.http.HttpServlet.service(HttpServlet.java:710)
		at org.apache.catalina.core.ApplicationFilterChain.doFilter(ApplicationFilterChain.java:128)
		at org.apache.tomcat.websocket.server.WsFilter.doFilter(WsFilter.java:53)
		at org.apache.catalina.core.ApplicationFilterChain.doFilter(ApplicationFilterChain.java:107)
		at org.apache.catalina.core.StandardWrapperValve.invoke(StandardWrapperValve.java:165)
		at org.apache.catalina.core.StandardContextValve.invoke(StandardContextValve.java:77)
		at org.apache.catalina.authenticator.AuthenticatorBase.invoke(AuthenticatorBase.java:482)
		at org.apache.catalina.core.StandardHostValve.invoke(StandardHostValve.java:113)
		at org.apache.catalina.valves.ErrorReportValve.invoke(ErrorReportValve.java:83)
		at org.apache.catalina.valves.AbstractAccessLogValve.invoke(AbstractAccessLogValve.java:654)
		at org.apache.catalina.core.StandardEngineValve.invoke(StandardEngineValve.java:72)
		at org.apache.catalina.connector.CoyoteAdapter.service(CoyoteAdapter.java:341)
		at org.apache.coyote.http11.Http11Processor.service(Http11Processor.java:397)
		at org.apache.coyote.AbstractProcessorLight.process(AbstractProcessorLight.java:63)
		at org.apache.coyote.AbstractProtocol$ConnectionHandler.process(AbstractProtocol.java:903)
		at org.apache.tomcat.util.net.NioEndpoint$SocketProcessor.doRun(NioEndpoint.java:1778)
		at org.apache.tomcat.util.net.SocketProcessorBase.run(SocketProcessorBase.java:52)
		at org.apache.tomcat.util.threads.ThreadPoolExecutor.runWorker(ThreadPoolExecutor.java:946)
		at org.apache.tomcat.util.threads.ThreadPoolExecutor$Worker.run(ThreadPoolExecutor.java:480)
		at org.apache.tomcat.util.threads.TaskThread$WrappingRunnable.run(TaskThread.java:57)
		at java.base/java.lang.Thread.run(Thread.java:840)
14-Jan-2026 10:37:55.701 SEVERE [http-nio-8080-exec-7] org.apache.catalina.core.StandardWrapperValve.invoke Servlet.service() for servlet [jsp] in context with path [/tp_chess] threw exception [org.apache.jasper.JasperException: java.lang.ClassNotFoundException: org.apache.jsp.moutons_jsp] with root cause
	java.lang.ClassNotFoundException: org.apache.jsp.moutons_jsp
		at java.base/java.net.URLClassLoader.findClass(URLClassLoader.java:445)
		at org.apache.jasper.servlet.JasperLoader.loadClass(JasperLoader.java:93)
		at org.apache.jasper.servlet.JasperLoader.loadClass(JasperLoader.java:47)
		at org.apache.catalina.core.DefaultInstanceManager.newInstance(DefaultInstanceManager.java:147)
		at org.apache.jasper.servlet.JspServletWrapper.getServlet(JspServletWrapper.java:163)
		at org.apache.jasper.servlet.JspServletWrapper.service(JspServletWrapper.java:382)
		at org.apache.jasper.servlet.JspServlet.serviceJspFile(JspServlet.java:330)
		at org.apache.jasper.servlet.JspServlet.service(JspServlet.java:281)
		at jakarta.servlet.http.HttpServlet.service(HttpServlet.java:710)
		at org.apache.catalina.core.ApplicationFilterChain.doFilter(ApplicationFilterChain.java:128)
		at org.apache.tomcat.websocket.server.WsFilter.doFilter(WsFilter.java:53)
		at org.apache.catalina.core.ApplicationFilterChain.doFilter(ApplicationFilterChain.java:107)
		at org.apache.catalina.core.StandardWrapperValve.invoke(StandardWrapperValve.java:165)
		at org.apache.catalina.core.StandardContextValve.invoke(StandardContextValve.java:77)
		at org.apache.catalina.authenticator.AuthenticatorBase.invoke(AuthenticatorBase.java:482)
		at org.apache.catalina.core.StandardHostValve.invoke(StandardHostValve.java:113)
		at org.apache.catalina.valves.ErrorReportValve.invoke(ErrorReportValve.java:83)
		at org.apache.catalina.valves.AbstractAccessLogValve.invoke(AbstractAccessLogValve.java:654)
		at org.apache.catalina.core.StandardEngineValve.invoke(StandardEngineValve.java:72)
		at org.apache.catalina.connector.CoyoteAdapter.service(CoyoteAdapter.java:341)
		at org.apache.coyote.http11.Http11Processor.service(Http11Processor.java:397)
		at org.apache.coyote.AbstractProcessorLight.process(AbstractProcessorLight.java:63)
		at org.apache.coyote.AbstractProtocol$ConnectionHandler.process(AbstractProtocol.java:903)
		at org.apache.tomcat.util.net.NioEndpoint$SocketProcessor.doRun(NioEndpoint.java:1778)
		at org.apache.tomcat.util.net.SocketProcessorBase.run(SocketProcessorBase.java:52)
		at org.apache.tomcat.util.threads.ThreadPoolExecutor.runWorker(ThreadPoolExecutor.java:946)
		at org.apache.tomcat.util.threads.ThreadPoolExecutor$Worker.run(ThreadPoolExecutor.java:480)
		at org.apache.tomcat.util.threads.TaskThread$WrappingRunnable.run(TaskThread.java:57)
		at java.base/java.lang.Thread.run(Thread.java:840)
14-Jan-2026 10:37:55.939 SEVERE [http-nio-8080-exec-8] org.apache.catalina.core.StandardWrapperValve.invoke Servlet.service() for servlet [jsp] in context with path [/tp_chess] threw exception [org.apache.jasper.JasperException: java.lang.ClassNotFoundException: org.apache.jsp.moutons_jsp] with root cause
	java.lang.ClassNotFoundException: org.apache.jsp.moutons_jsp
		at java.base/java.net.URLClassLoader.findClass(URLClassLoader.java:445)
		at org.apache.jasper.servlet.JasperLoader.loadClass(JasperLoader.java:93)
		at org.apache.jasper.servlet.JasperLoader.loadClass(JasperLoader.java:47)
		at org.apache.catalina.core.DefaultInstanceManager.newInstance(DefaultInstanceManager.java:147)
		at org.apache.jasper.servlet.JspServletWrapper.getServlet(JspServletWrapper.java:163)
		at org.apache.jasper.servlet.JspServletWrapper.service(JspServletWrapper.java:382)
		at org.apache.jasper.servlet.JspServlet.serviceJspFile(JspServlet.java:330)
		at org.apache.jasper.servlet.JspServlet.service(JspServlet.java:281)
		at jakarta.servlet.http.HttpServlet.service(HttpServlet.java:710)
		at org.apache.catalina.core.ApplicationFilterChain.doFilter(ApplicationFilterChain.java:128)
		at org.apache.tomcat.websocket.server.WsFilter.doFilter(WsFilter.java:53)
		at org.apache.catalina.core.ApplicationFilterChain.doFilter(ApplicationFilterChain.java:107)
		at org.apache.catalina.core.StandardWrapperValve.invoke(StandardWrapperValve.java:165)
		at org.apache.catalina.core.StandardContextValve.invoke(StandardContextValve.java:77)
		at org.apache.catalina.authenticator.AuthenticatorBase.invoke(AuthenticatorBase.java:482)
		at org.apache.catalina.core.StandardHostValve.invoke(StandardHostValve.java:113)
		at org.apache.catalina.valves.ErrorReportValve.invoke(ErrorReportValve.java:83)
		at org.apache.catalina.valves.AbstractAccessLogValve.invoke(AbstractAccessLogValve.java:654)
		at org.apache.catalina.core.StandardEngineValve.invoke(StandardEngineValve.java:72)
		at org.apache.catalina.connector.CoyoteAdapter.service(CoyoteAdapter.java:341)
		at org.apache.coyote.http11.Http11Processor.service(Http11Processor.java:397)
		at org.apache.coyote.AbstractProcessorLight.process(AbstractProcessorLight.java:63)
		at org.apache.coyote.AbstractProtocol$ConnectionHandler.process(AbstractProtocol.java:903)
		at org.apache.tomcat.util.net.NioEndpoint$SocketProcessor.doRun(NioEndpoint.java:1778)
		at org.apache.tomcat.util.net.SocketProcessorBase.run(SocketProcessorBase.java:52)
		at org.apache.tomcat.util.threads.ThreadPoolExecutor.runWorker(ThreadPoolExecutor.java:946)
		at org.apache.tomcat.util.threads.ThreadPoolExecutor$Worker.run(ThreadPoolExecutor.java:480)
		at org.apache.tomcat.util.threads.TaskThread$WrappingRunnable.run(TaskThread.java:57)
		at java.base/java.lang.Thread.run(Thread.java:840)
14-Jan-2026 10:37:57.637 SEVERE [http-nio-8080-exec-9] org.apache.catalina.core.StandardWrapperValve.invoke Servlet.service() for servlet [jsp] in context with path [/tp_chess] threw exception [org.apache.jasper.JasperException: java.lang.ClassNotFoundException: org.apache.jsp.moutons_jsp] with root cause
	java.lang.ClassNotFoundException: org.apache.jsp.moutons_jsp
		at java.base/java.net.URLClassLoader.findClass(URLClassLoader.java:445)
		at org.apache.jasper.servlet.JasperLoader.loadClass(JasperLoader.java:93)
		at org.apache.jasper.servlet.JasperLoader.loadClass(JasperLoader.java:47)
		at org.apache.catalina.core.DefaultInstanceManager.newInstance(DefaultInstanceManager.java:147)
		at org.apache.jasper.servlet.JspServletWrapper.getServlet(JspServletWrapper.java:163)
		at org.apache.jasper.servlet.JspServletWrapper.service(JspServletWrapper.java:382)
		at org.apache.jasper.servlet.JspServlet.serviceJspFile(JspServlet.java:330)
		at org.apache.jasper.servlet.JspServlet.service(JspServlet.java:281)
		at jakarta.servlet.http.HttpServlet.service(HttpServlet.java:710)
		at org.apache.catalina.core.ApplicationFilterChain.doFilter(ApplicationFilterChain.java:128)
		at org.apache.tomcat.websocket.server.WsFilter.doFilter(WsFilter.java:53)
		at org.apache.catalina.core.ApplicationFilterChain.doFilter(ApplicationFilterChain.java:107)
		at org.apache.catalina.core.StandardWrapperValve.invoke(StandardWrapperValve.java:165)
		at org.apache.catalina.core.StandardContextValve.invoke(StandardContextValve.java:77)
		at org.apache.catalina.authenticator.AuthenticatorBase.invoke(AuthenticatorBase.java:482)
		at org.apache.catalina.core.StandardHostValve.invoke(StandardHostValve.java:113)
		at org.apache.catalina.valves.ErrorReportValve.invoke(ErrorReportValve.java:83)
		at org.apache.catalina.valves.AbstractAccessLogValve.invoke(AbstractAccessLogValve.java:654)
		at org.apache.catalina.core.StandardEngineValve.invoke(StandardEngineValve.java:72)
		at org.apache.catalina.connector.CoyoteAdapter.service(CoyoteAdapter.java:341)
		at org.apache.coyote.http11.Http11Processor.service(Http11Processor.java:397)
		at org.apache.coyote.AbstractProcessorLight.process(AbstractProcessorLight.java:63)
		at org.apache.coyote.AbstractProtocol$ConnectionHandler.process(AbstractProtocol.java:903)
		at org.apache.tomcat.util.net.NioEndpoint$SocketProcessor.doRun(NioEndpoint.java:1778)
		at org.apache.tomcat.util.net.SocketProcessorBase.run(SocketProcessorBase.java:52)
		at org.apache.tomcat.util.threads.ThreadPoolExecutor.runWorker(ThreadPoolExecutor.java:946)
		at org.apache.tomcat.util.threads.ThreadPoolExecutor$Worker.run(ThreadPoolExecutor.java:480)
		at org.apache.tomcat.util.threads.TaskThread$WrappingRunnable.run(TaskThread.java:57)
		at java.base/java.lang.Thread.run(Thread.java:840)
14-Jan-2026 10:37:58.007 SEVERE [http-nio-8080-exec-10] org.apache.catalina.core.StandardWrapperValve.invoke Servlet.service() for servlet [jsp] in context with path [/tp_chess] threw exception [/moutons.jsp (line: [37], column: [3]) Unterminated [&lt;%!] tag] with root cause
	org.apache.jasper.JasperException: /moutons.jsp (line: [37], column: [3]) Unterminated [&lt;%!] tag
		at org.apache.jasper.compiler.DefaultErrorHandler.jspError(DefaultErrorHandler.java:29)
		at org.apache.jasper.compiler.ErrorDispatcher.dispatch(ErrorDispatcher.java:265)
		at org.apache.jasper.compiler.ErrorDispatcher.jspError(ErrorDispatcher.java:88)
		at org.apache.jasper.compiler.Parser.parseDeclaration(Parser.java:598)
		at org.apache.jasper.compiler.Parser.parseElements(Parser.java:1288)
		at org.apache.jasper.compiler.Parser.parse(Parser.java:125)
		at org.apache.jasper.compiler.ParserController.doParse(ParserController.java:240)
		at org.apache.jasper.compiler.ParserController.parse(ParserController.java:103)
		at org.apache.jasper.compiler.Compiler.generateJava(Compiler.java:188)
		at org.apache.jasper.compiler.Compiler.compile(Compiler.java:361)
		at org.apache.jasper.compiler.Compiler.compile(Compiler.java:339)
		at org.apache.jasper.compiler.Compiler.compile(Compiler.java:325)
		at org.apache.jasper.JspCompilationContext.compile(JspCompilationContext.java:585)
		at org.apache.jasper.servlet.JspServletWrapper.service(JspServletWrapper.java:368)
		at org.apache.jasper.servlet.JspServlet.serviceJspFile(JspServlet.java:330)
		at org.apache.jasper.servlet.JspServlet.service(JspServlet.java:281)
		at jakarta.servlet.http.HttpServlet.service(HttpServlet.java:710)
		at org.apache.catalina.core.ApplicationFilterChain.doFilter(ApplicationFilterChain.java:128)
		at org.apache.tomcat.websocket.server.WsFilter.doFilter(WsFilter.java:53)
		at org.apache.catalina.core.ApplicationFilterChain.doFilter(ApplicationFilterChain.java:107)
		at org.apache.catalina.core.StandardWrapperValve.invoke(StandardWrapperValve.java:165)
		at org.apache.catalina.core.StandardContextValve.invoke(StandardContextValve.java:77)
		at org.apache.catalina.authenticator.AuthenticatorBase.invoke(AuthenticatorBase.java:482)
		at org.apache.catalina.core.StandardHostValve.invoke(StandardHostValve.java:113)
		at org.apache.catalina.valves.ErrorReportValve.invoke(ErrorReportValve.java:83)
		at org.apache.catalina.valves.AbstractAccessLogValve.invoke(AbstractAccessLogValve.java:654)
		at org.apache.catalina.core.StandardEngineValve.invoke(StandardEngineValve.java:72)
		at org.apache.catalina.connector.CoyoteAdapter.service(CoyoteAdapter.java:341)
		at org.apache.coyote.http11.Http11Processor.service(Http11Processor.java:397)
		at org.apache.coyote.AbstractProcessorLight.process(AbstractProcessorLight.java:63)
		at org.apache.coyote.AbstractProtocol$ConnectionHandler.process(AbstractProtocol.java:903)
		at org.apache.tomcat.util.net.NioEndpoint$SocketProcessor.doRun(NioEndpoint.java:1778)
		at org.apache.tomcat.util.net.SocketProcessorBase.run(SocketProcessorBase.java:52)
		at org.apache.tomcat.util.threads.ThreadPoolExecutor.runWorker(ThreadPoolExecutor.java:946)
		at org.apache.tomcat.util.threads.ThreadPoolExecutor$Worker.run(ThreadPoolExecutor.java:480)
		at org.apache.tomcat.util.threads.TaskThread$WrappingRunnable.run(TaskThread.java:57)
		at java.base/java.lang.Thread.run(Thread.java:840)
14-Jan-2026 10:38:07.628 SEVERE [http-nio-8080-exec-1] org.apache.catalina.core.StandardWrapperValve.invoke Servlet.service() for servlet [jsp] in context with path [/tp_chess] threw exception [Unable to compile class for JSP: 

An error occurred at line: [24] in the jsp file: [/moutons.jsp]
Syntax error, insert ";" to complete BlockStatements
21: for(int i = 0 ; i < 7 ; i++) {
22:     
23:     if(i<=3){
24:         String maligne = "<i class='pion noir'>"
25:         out.println(maligne + ct.get(i) + </i>);
26:     } 
27:     if(i>=5){


An error occurred at line: [25] in the jsp file: [/moutons.jsp]
Syntax error on token "<", invalid Expression
22:     
23:     if(i<=3){
24:         String maligne = "<i class='pion noir'>"
25:         out.println(maligne + ct.get(i) + </i>);
26:     } 
27:     if(i>=5){
28:         String maligne = "<i class='pion blanc'>"


An error occurred at line: [25] in the jsp file: [/moutons.jsp]
Syntax error on token ">", Expression expected after this token
22:     
23:     if(i<=3){
24:         String maligne = "<i class='pion noir'>"
25:         out.println(maligne + ct.get(i) + </i>);
26:     } 
27:     if(i>=5){
28:         String maligne = "<i class='pion blanc'>"


An error occurred at line: [28] in the jsp file: [/moutons.jsp]
Syntax error, insert ";" to complete BlockStatements
25:         out.println(maligne + ct.get(i) + </i>);
26:     } 
27:     if(i>=5){
28:         String maligne = "<i class='pion blanc'>"
29:         out.println(maligne + ct.get(i) + </i>);
30:     }
31: }


An error occurred at line: [29] in the jsp file: [/moutons.jsp]
Syntax error on token "<", invalid Expression
26:     } 
27:     if(i>=5){
28:         String maligne = "<i class='pion blanc'>"
29:         out.println(maligne + ct.get(i) + </i>);
30:     }
31: }
32: %>


An error occurred at line: [29] in the jsp file: [/moutons.jsp]
Syntax error on token ">", Expression expected after this token
26:     } 
27:     if(i>=5){
28:         String maligne = "<i class='pion blanc'>"
29:         out.println(maligne + ct.get(i) + </i>);
30:     }
31: }
32: %>


Stacktrace:] with root cause
	org.apache.jasper.JasperException: Unable to compile class for JSP: 

An error occurred at line: [24] in the jsp file: [/moutons.jsp]
Syntax error, insert ";" to complete BlockStatements
21: for(int i = 0 ; i < 7 ; i++) {
22:     
23:     if(i<=3){
24:         String maligne = "<i class='pion noir'>"
25:         out.println(maligne + ct.get(i) + </i>);
26:     } 
27:     if(i>=5){


An error occurred at line: [25] in the jsp file: [/moutons.jsp]
Syntax error on token "<", invalid Expression
22:     
23:     if(i<=3){
24:         String maligne = "<i class='pion noir'>"
25:         out.println(maligne + ct.get(i) + </i>);
26:     } 
27:     if(i>=5){
28:         String maligne = "<i class='pion blanc'>"


An error occurred at line: [25] in the jsp file: [/moutons.jsp]
Syntax error on token ">", Expression expected after this token
22:     
23:     if(i<=3){
24:         String maligne = "<i class='pion noir'>"
25:         out.println(maligne + ct.get(i) + </i>);
26:     } 
27:     if(i>=5){
28:         String maligne = "<i class='pion blanc'>"


An error occurred at line: [28] in the jsp file: [/moutons.jsp]
Syntax error, insert ";" to complete BlockStatements
25:         out.println(maligne + ct.get(i) + </i>);
26:     } 
27:     if(i>=5){
28:         String maligne = "<i class='pion blanc'>"
29:         out.println(maligne + ct.get(i) + </i>);
30:     }
31: }


An error occurred at line: [29] in the jsp file: [/moutons.jsp]
Syntax error on token "<", invalid Expression
26:     } 
27:     if(i>=5){
28:         String maligne = "<i class='pion blanc'>"
29:         out.println(maligne + ct.get(i) + </i>);
30:     }
31: }
32: %>


An error occurred at line: [29] in the jsp file: [/moutons.jsp]
Syntax error on token ">", Expression expected after this token
26:     } 
27:     if(i>=5){
28:         String maligne = "<i class='pion blanc'>"
29:         out.println(maligne + ct.get(i) + </i>);
30:     }
31: }
32: %>


Stacktrace:
		at org.apache.jasper.compiler.DefaultErrorHandler.javacError(DefaultErrorHandler.java:70)
		at org.apache.jasper.compiler.ErrorDispatcher.javacError(ErrorDispatcher.java:189)
		at org.apache.jasper.compiler.JDTCompiler.generateClass(JDTCompiler.java:523)
		at org.apache.jasper.compiler.Compiler.compile(Compiler.java:367)
		at org.apache.jasper.compiler.Compiler.compile(Compiler.java:339)
		at org.apache.jasper.compiler.Compiler.compile(Compiler.java:325)
		at org.apache.jasper.JspCompilationContext.compile(JspCompilationContext.java:585)
		at org.apache.jasper.servlet.JspServletWrapper.service(JspServletWrapper.java:368)
		at org.apache.jasper.servlet.JspServlet.serviceJspFile(JspServlet.java:330)
		at org.apache.jasper.servlet.JspServlet.service(JspServlet.java:281)
		at jakarta.servlet.http.HttpServlet.service(HttpServlet.java:710)
		at org.apache.catalina.core.ApplicationFilterChain.doFilter(ApplicationFilterChain.java:128)
		at org.apache.tomcat.websocket.server.WsFilter.doFilter(WsFilter.java:53)
		at org.apache.catalina.core.ApplicationFilterChain.doFilter(ApplicationFilterChain.java:107)
		at org.apache.catalina.core.StandardWrapperValve.invoke(StandardWrapperValve.java:165)
		at org.apache.catalina.core.StandardContextValve.invoke(StandardContextValve.java:77)
		at org.apache.catalina.authenticator.AuthenticatorBase.invoke(AuthenticatorBase.java:482)
		at org.apache.catalina.core.StandardHostValve.invoke(StandardHostValve.java:113)
		at org.apache.catalina.valves.ErrorReportValve.invoke(ErrorReportValve.java:83)
		at org.apache.catalina.valves.AbstractAccessLogValve.invoke(AbstractAccessLogValve.java:654)
		at org.apache.catalina.core.StandardEngineValve.invoke(StandardEngineValve.java:72)
		at org.apache.catalina.connector.CoyoteAdapter.service(CoyoteAdapter.java:341)
		at org.apache.coyote.http11.Http11Processor.service(Http11Processor.java:397)
		at org.apache.coyote.AbstractProcessorLight.process(AbstractProcessorLight.java:63)
		at org.apache.coyote.AbstractProtocol$ConnectionHandler.process(AbstractProtocol.java:903)
		at org.apache.tomcat.util.net.NioEndpoint$SocketProcessor.doRun(NioEndpoint.java:1778)
		at org.apache.tomcat.util.net.SocketProcessorBase.run(SocketProcessorBase.java:52)
		at org.apache.tomcat.util.threads.ThreadPoolExecutor.runWorker(ThreadPoolExecutor.java:946)
		at org.apache.tomcat.util.threads.ThreadPoolExecutor$Worker.run(ThreadPoolExecutor.java:480)
		at org.apache.tomcat.util.threads.TaskThread$WrappingRunnable.run(TaskThread.java:57)
		at java.base/java.lang.Thread.run(Thread.java:840)
14-Jan-2026 10:38:08.135 SEVERE [http-nio-8080-exec-2] org.apache.catalina.core.StandardWrapperValve.invoke Servlet.service() for servlet [jsp] in context with path [/tp_chess] threw exception [org.apache.jasper.JasperException: java.lang.ClassNotFoundException: org.apache.jsp.moutons_jsp] with root cause
	java.lang.ClassNotFoundException: org.apache.jsp.moutons_jsp
		at java.base/java.net.URLClassLoader.findClass(URLClassLoader.java:445)
		at org.apache.jasper.servlet.JasperLoader.loadClass(JasperLoader.java:93)
		at org.apache.jasper.servlet.JasperLoader.loadClass(JasperLoader.java:47)
		at org.apache.catalina.core.DefaultInstanceManager.newInstance(DefaultInstanceManager.java:147)
		at org.apache.jasper.servlet.JspServletWrapper.getServlet(JspServletWrapper.java:163)
		at org.apache.jasper.servlet.JspServletWrapper.service(JspServletWrapper.java:382)
		at org.apache.jasper.servlet.JspServlet.serviceJspFile(JspServlet.java:330)
		at org.apache.jasper.servlet.JspServlet.service(JspServlet.java:281)
		at jakarta.servlet.http.HttpServlet.service(HttpServlet.java:710)
		at org.apache.catalina.core.ApplicationFilterChain.doFilter(ApplicationFilterChain.java:128)
		at org.apache.tomcat.websocket.server.WsFilter.doFilter(WsFilter.java:53)
		at org.apache.catalina.core.ApplicationFilterChain.doFilter(ApplicationFilterChain.java:107)
		at org.apache.catalina.core.StandardWrapperValve.invoke(StandardWrapperValve.java:165)
		at org.apache.catalina.core.StandardContextValve.invoke(StandardContextValve.java:77)
		at org.apache.catalina.authenticator.AuthenticatorBase.invoke(AuthenticatorBase.java:482)
		at org.apache.catalina.core.StandardHostValve.invoke(StandardHostValve.java:113)
		at org.apache.catalina.valves.ErrorReportValve.invoke(ErrorReportValve.java:83)
		at org.apache.catalina.valves.AbstractAccessLogValve.invoke(AbstractAccessLogValve.java:654)
		at org.apache.catalina.core.StandardEngineValve.invoke(StandardEngineValve.java:72)
		at org.apache.catalina.connector.CoyoteAdapter.service(CoyoteAdapter.java:341)
		at org.apache.coyote.http11.Http11Processor.service(Http11Processor.java:397)
		at org.apache.coyote.AbstractProcessorLight.process(AbstractProcessorLight.java:63)
		at org.apache.coyote.AbstractProtocol$ConnectionHandler.process(AbstractProtocol.java:903)
		at org.apache.tomcat.util.net.NioEndpoint$SocketProcessor.doRun(NioEndpoint.java:1778)
		at org.apache.tomcat.util.net.SocketProcessorBase.run(SocketProcessorBase.java:52)
		at org.apache.tomcat.util.threads.ThreadPoolExecutor.runWorker(ThreadPoolExecutor.java:946)
		at org.apache.tomcat.util.threads.ThreadPoolExecutor$Worker.run(ThreadPoolExecutor.java:480)
		at org.apache.tomcat.util.threads.TaskThread$WrappingRunnable.run(TaskThread.java:57)
		at java.base/java.lang.Thread.run(Thread.java:840)
14-Jan-2026 10:38:08.793 SEVERE [http-nio-8080-exec-3] org.apache.catalina.core.StandardWrapperValve.invoke Servlet.service() for servlet [jsp] in context with path [/tp_chess] threw exception [org.apache.jasper.JasperException: java.lang.ClassNotFoundException: org.apache.jsp.moutons_jsp] with root cause
	java.lang.ClassNotFoundException: org.apache.jsp.moutons_jsp
		at java.base/java.net.URLClassLoader.findClass(URLClassLoader.java:445)
		at org.apache.jasper.servlet.JasperLoader.loadClass(JasperLoader.java:93)
		at org.apache.jasper.servlet.JasperLoader.loadClass(JasperLoader.java:47)
		at org.apache.catalina.core.DefaultInstanceManager.newInstance(DefaultInstanceManager.java:147)
		at org.apache.jasper.servlet.JspServletWrapper.getServlet(JspServletWrapper.java:163)
		at org.apache.jasper.servlet.JspServletWrapper.service(JspServletWrapper.java:382)
		at org.apache.jasper.servlet.JspServlet.serviceJspFile(JspServlet.java:330)
		at org.apache.jasper.servlet.JspServlet.service(JspServlet.java:281)
		at jakarta.servlet.http.HttpServlet.service(HttpServlet.java:710)
		at org.apache.catalina.core.ApplicationFilterChain.doFilter(ApplicationFilterChain.java:128)
		at org.apache.tomcat.websocket.server.WsFilter.doFilter(WsFilter.java:53)
		at org.apache.catalina.core.ApplicationFilterChain.doFilter(ApplicationFilterChain.java:107)
		at org.apache.catalina.core.StandardWrapperValve.invoke(StandardWrapperValve.java:165)
		at org.apache.catalina.core.StandardContextValve.invoke(StandardContextValve.java:77)
		at org.apache.catalina.authenticator.AuthenticatorBase.invoke(AuthenticatorBase.java:482)
		at org.apache.catalina.core.StandardHostValve.invoke(StandardHostValve.java:113)
		at org.apache.catalina.valves.ErrorReportValve.invoke(ErrorReportValve.java:83)
		at org.apache.catalina.valves.AbstractAccessLogValve.invoke(AbstractAccessLogValve.java:654)
		at org.apache.catalina.core.StandardEngineValve.invoke(StandardEngineValve.java:72)
		at org.apache.catalina.connector.CoyoteAdapter.service(CoyoteAdapter.java:341)
		at org.apache.coyote.http11.Http11Processor.service(Http11Processor.java:397)
		at org.apache.coyote.AbstractProcessorLight.process(AbstractProcessorLight.java:63)
		at org.apache.coyote.AbstractProtocol$ConnectionHandler.process(AbstractProtocol.java:903)
		at org.apache.tomcat.util.net.NioEndpoint$SocketProcessor.doRun(NioEndpoint.java:1778)
		at org.apache.tomcat.util.net.SocketProcessorBase.run(SocketProcessorBase.java:52)
		at org.apache.tomcat.util.threads.ThreadPoolExecutor.runWorker(ThreadPoolExecutor.java:946)
		at org.apache.tomcat.util.threads.ThreadPoolExecutor$Worker.run(ThreadPoolExecutor.java:480)
		at org.apache.tomcat.util.threads.TaskThread$WrappingRunnable.run(TaskThread.java:57)
		at java.base/java.lang.Thread.run(Thread.java:840)
14-Jan-2026 10:38:09.395 SEVERE [http-nio-8080-exec-4] org.apache.catalina.core.StandardWrapperValve.invoke Servlet.service() for servlet [jsp] in context with path [/tp_chess] threw exception [org.apache.jasper.JasperException: java.lang.ClassNotFoundException: org.apache.jsp.moutons_jsp] with root cause
	java.lang.ClassNotFoundException: org.apache.jsp.moutons_jsp
		at java.base/java.net.URLClassLoader.findClass(URLClassLoader.java:445)
		at org.apache.jasper.servlet.JasperLoader.loadClass(JasperLoader.java:93)
		at org.apache.jasper.servlet.JasperLoader.loadClass(JasperLoader.java:47)
		at org.apache.catalina.core.DefaultInstanceManager.newInstance(DefaultInstanceManager.java:147)
		at org.apache.jasper.servlet.JspServletWrapper.getServlet(JspServletWrapper.java:163)
		at org.apache.jasper.servlet.JspServletWrapper.service(JspServletWrapper.java:382)
		at org.apache.jasper.servlet.JspServlet.serviceJspFile(JspServlet.java:330)
		at org.apache.jasper.servlet.JspServlet.service(JspServlet.java:281)
		at jakarta.servlet.http.HttpServlet.service(HttpServlet.java:710)
		at org.apache.catalina.core.ApplicationFilterChain.doFilter(ApplicationFilterChain.java:128)
		at org.apache.tomcat.websocket.server.WsFilter.doFilter(WsFilter.java:53)
		at org.apache.catalina.core.ApplicationFilterChain.doFilter(ApplicationFilterChain.java:107)
		at org.apache.catalina.core.StandardWrapperValve.invoke(StandardWrapperValve.java:165)
		at org.apache.catalina.core.StandardContextValve.invoke(StandardContextValve.java:77)
		at org.apache.catalina.authenticator.AuthenticatorBase.invoke(AuthenticatorBase.java:482)
		at org.apache.catalina.core.StandardHostValve.invoke(StandardHostValve.java:113)
		at org.apache.catalina.valves.ErrorReportValve.invoke(ErrorReportValve.java:83)
		at org.apache.catalina.valves.AbstractAccessLogValve.invoke(AbstractAccessLogValve.java:654)
		at org.apache.catalina.core.StandardEngineValve.invoke(StandardEngineValve.java:72)
		at org.apache.catalina.connector.CoyoteAdapter.service(CoyoteAdapter.java:341)
		at org.apache.coyote.http11.Http11Processor.service(Http11Processor.java:397)
		at org.apache.coyote.AbstractProcessorLight.process(AbstractProcessorLight.java:63)
		at org.apache.coyote.AbstractProtocol$ConnectionHandler.process(AbstractProtocol.java:903)
		at org.apache.tomcat.util.net.NioEndpoint$SocketProcessor.doRun(NioEndpoint.java:1778)
		at org.apache.tomcat.util.net.SocketProcessorBase.run(SocketProcessorBase.java:52)
		at org.apache.tomcat.util.threads.ThreadPoolExecutor.runWorker(ThreadPoolExecutor.java:946)
		at org.apache.tomcat.util.threads.ThreadPoolExecutor$Worker.run(ThreadPoolExecutor.java:480)
		at org.apache.tomcat.util.threads.TaskThread$WrappingRunnable.run(TaskThread.java:57)
		at java.base/java.lang.Thread.run(Thread.java:840)
14-Jan-2026 10:38:10.307 SEVERE [http-nio-8080-exec-5] org.apache.catalina.core.StandardWrapperValve.invoke Servlet.service() for servlet [jsp] in context with path [/tp_chess] threw exception [org.apache.jasper.JasperException: java.lang.ClassNotFoundException: org.apache.jsp.moutons_jsp] with root cause
	java.lang.ClassNotFoundException: org.apache.jsp.moutons_jsp
		at java.base/java.net.URLClassLoader.findClass(URLClassLoader.java:445)
		at org.apache.jasper.servlet.JasperLoader.loadClass(JasperLoader.java:93)
		at org.apache.jasper.servlet.JasperLoader.loadClass(JasperLoader.java:47)
		at org.apache.catalina.core.DefaultInstanceManager.newInstance(DefaultInstanceManager.java:147)
		at org.apache.jasper.servlet.JspServletWrapper.getServlet(JspServletWrapper.java:163)
		at org.apache.jasper.servlet.JspServletWrapper.service(JspServletWrapper.java:382)
		at org.apache.jasper.servlet.JspServlet.serviceJspFile(JspServlet.java:330)
		at org.apache.jasper.servlet.JspServlet.service(JspServlet.java:281)
		at jakarta.servlet.http.HttpServlet.service(HttpServlet.java:710)
		at org.apache.catalina.core.ApplicationFilterChain.doFilter(ApplicationFilterChain.java:128)
		at org.apache.tomcat.websocket.server.WsFilter.doFilter(WsFilter.java:53)
		at org.apache.catalina.core.ApplicationFilterChain.doFilter(ApplicationFilterChain.java:107)
		at org.apache.catalina.core.StandardWrapperValve.invoke(StandardWrapperValve.java:165)
		at org.apache.catalina.core.StandardContextValve.invoke(StandardContextValve.java:77)
		at org.apache.catalina.authenticator.AuthenticatorBase.invoke(AuthenticatorBase.java:482)
		at org.apache.catalina.core.StandardHostValve.invoke(StandardHostValve.java:113)
		at org.apache.catalina.valves.ErrorReportValve.invoke(ErrorReportValve.java:83)
		at org.apache.catalina.valves.AbstractAccessLogValve.invoke(AbstractAccessLogValve.java:654)
		at org.apache.catalina.core.StandardEngineValve.invoke(StandardEngineValve.java:72)
		at org.apache.catalina.connector.CoyoteAdapter.service(CoyoteAdapter.java:341)
		at org.apache.coyote.http11.Http11Processor.service(Http11Processor.java:397)
		at org.apache.coyote.AbstractProcessorLight.process(AbstractProcessorLight.java:63)
		at org.apache.coyote.AbstractProtocol$ConnectionHandler.process(AbstractProtocol.java:903)
		at org.apache.tomcat.util.net.NioEndpoint$SocketProcessor.doRun(NioEndpoint.java:1778)
		at org.apache.tomcat.util.net.SocketProcessorBase.run(SocketProcessorBase.java:52)
		at org.apache.tomcat.util.threads.ThreadPoolExecutor.runWorker(ThreadPoolExecutor.java:946)
		at org.apache.tomcat.util.threads.ThreadPoolExecutor$Worker.run(ThreadPoolExecutor.java:480)
		at org.apache.tomcat.util.threads.TaskThread$WrappingRunnable.run(TaskThread.java:57)
		at java.base/java.lang.Thread.run(Thread.java:840)
14-Jan-2026 10:38:10.548 SEVERE [http-nio-8080-exec-6] org.apache.catalina.core.StandardWrapperValve.invoke Servlet.service() for servlet [jsp] in context with path [/tp_chess] threw exception [org.apache.jasper.JasperException: java.lang.ClassNotFoundException: org.apache.jsp.moutons_jsp] with root cause
	java.lang.ClassNotFoundException: org.apache.jsp.moutons_jsp
		at java.base/java.net.URLClassLoader.findClass(URLClassLoader.java:445)
		at org.apache.jasper.servlet.JasperLoader.loadClass(JasperLoader.java:93)
		at org.apache.jasper.servlet.JasperLoader.loadClass(JasperLoader.java:47)
		at org.apache.catalina.core.DefaultInstanceManager.newInstance(DefaultInstanceManager.java:147)
		at org.apache.jasper.servlet.JspServletWrapper.getServlet(JspServletWrapper.java:163)
		at org.apache.jasper.servlet.JspServletWrapper.service(JspServletWrapper.java:382)
		at org.apache.jasper.servlet.JspServlet.serviceJspFile(JspServlet.java:330)
		at org.apache.jasper.servlet.JspServlet.service(JspServlet.java:281)
		at jakarta.servlet.http.HttpServlet.service(HttpServlet.java:710)
		at org.apache.catalina.core.ApplicationFilterChain.doFilter(ApplicationFilterChain.java:128)
		at org.apache.tomcat.websocket.server.WsFilter.doFilter(WsFilter.java:53)
		at org.apache.catalina.core.ApplicationFilterChain.doFilter(ApplicationFilterChain.java:107)
		at org.apache.catalina.core.StandardWrapperValve.invoke(StandardWrapperValve.java:165)
		at org.apache.catalina.core.StandardContextValve.invoke(StandardContextValve.java:77)
		at org.apache.catalina.authenticator.AuthenticatorBase.invoke(AuthenticatorBase.java:482)
		at org.apache.catalina.core.StandardHostValve.invoke(StandardHostValve.java:113)
		at org.apache.catalina.valves.ErrorReportValve.invoke(ErrorReportValve.java:83)
		at org.apache.catalina.valves.AbstractAccessLogValve.invoke(AbstractAccessLogValve.java:654)
		at org.apache.catalina.core.StandardEngineValve.invoke(StandardEngineValve.java:72)
		at org.apache.catalina.connector.CoyoteAdapter.service(CoyoteAdapter.java:341)
		at org.apache.coyote.http11.Http11Processor.service(Http11Processor.java:397)
		at org.apache.coyote.AbstractProcessorLight.process(AbstractProcessorLight.java:63)
		at org.apache.coyote.AbstractProtocol$ConnectionHandler.process(AbstractProtocol.java:903)
		at org.apache.tomcat.util.net.NioEndpoint$SocketProcessor.doRun(NioEndpoint.java:1778)
		at org.apache.tomcat.util.net.SocketProcessorBase.run(SocketProcessorBase.java:52)
		at org.apache.tomcat.util.threads.ThreadPoolExecutor.runWorker(ThreadPoolExecutor.java:946)
		at org.apache.tomcat.util.threads.ThreadPoolExecutor$Worker.run(ThreadPoolExecutor.java:480)
		at org.apache.tomcat.util.threads.TaskThread$WrappingRunnable.run(TaskThread.java:57)
		at java.base/java.lang.Thread.run(Thread.java:840)
14-Jan-2026 10:38:16.938 SEVERE [http-nio-8080-exec-7] org.apache.catalina.core.StandardWrapperValve.invoke Servlet.service() for servlet [jsp] in context with path [/tp_chess] threw exception [Unable to compile class for JSP: 

An error occurred at line: [24] in the jsp file: [/moutons.jsp]
Syntax error, insert ";" to complete BlockStatements
21: for(int i = 0 ; i < 7 ; i++) {
22:     
23:     if(i<=3){
24:         String maligne = "<i class='pion noir'>"
25:         out.println(maligne + ct.get(i) + </i>);
26:     } 
27:     if(i>=5){


An error occurred at line: [25] in the jsp file: [/moutons.jsp]
Syntax error on token "<", invalid Expression
22:     
23:     if(i<=3){
24:         String maligne = "<i class='pion noir'>"
25:         out.println(maligne + ct.get(i) + </i>);
26:     } 
27:     if(i>=5){
28:         String maligne = "<i class='pion blanc'>"


An error occurred at line: [25] in the jsp file: [/moutons.jsp]
Syntax error on token ">", Expression expected after this token
22:     
23:     if(i<=3){
24:         String maligne = "<i class='pion noir'>"
25:         out.println(maligne + ct.get(i) + </i>);
26:     } 
27:     if(i>=5){
28:         String maligne = "<i class='pion blanc'>"


An error occurred at line: [28] in the jsp file: [/moutons.jsp]
Syntax error, insert ";" to complete BlockStatements
25:         out.println(maligne + ct.get(i) + </i>);
26:     } 
27:     if(i>=5){
28:         String maligne = "<i class='pion blanc'>"
29:         out.println(maligne + ct.get(i) + </i>);
30:     }
31: }


An error occurred at line: [29] in the jsp file: [/moutons.jsp]
Syntax error on token "<", invalid Expression
26:     } 
27:     if(i>=5){
28:         String maligne = "<i class='pion blanc'>"
29:         out.println(maligne + ct.get(i) + </i>);
30:     }
31: }
32: %>


An error occurred at line: [29] in the jsp file: [/moutons.jsp]
Syntax error on token ">", Expression expected after this token
26:     } 
27:     if(i>=5){
28:         String maligne = "<i class='pion blanc'>"
29:         out.println(maligne + ct.get(i) + </i>);
30:     }
31: }
32: %>


Stacktrace:] with root cause
	org.apache.jasper.JasperException: Unable to compile class for JSP: 

An error occurred at line: [24] in the jsp file: [/moutons.jsp]
Syntax error, insert ";" to complete BlockStatements
21: for(int i = 0 ; i < 7 ; i++) {
22:     
23:     if(i<=3){
24:         String maligne = "<i class='pion noir'>"
25:         out.println(maligne + ct.get(i) + </i>);
26:     } 
27:     if(i>=5){


An error occurred at line: [25] in the jsp file: [/moutons.jsp]
Syntax error on token "<", invalid Expression
22:     
23:     if(i<=3){
24:         String maligne = "<i class='pion noir'>"
25:         out.println(maligne + ct.get(i) + </i>);
26:     } 
27:     if(i>=5){
28:         String maligne = "<i class='pion blanc'>"


An error occurred at line: [25] in the jsp file: [/moutons.jsp]
Syntax error on token ">", Expression expected after this token
22:     
23:     if(i<=3){
24:         String maligne = "<i class='pion noir'>"
25:         out.println(maligne + ct.get(i) + </i>);
26:     } 
27:     if(i>=5){
28:         String maligne = "<i class='pion blanc'>"


An error occurred at line: [28] in the jsp file: [/moutons.jsp]
Syntax error, insert ";" to complete BlockStatements
25:         out.println(maligne + ct.get(i) + </i>);
26:     } 
27:     if(i>=5){
28:         String maligne = "<i class='pion blanc'>"
29:         out.println(maligne + ct.get(i) + </i>);
30:     }
31: }


An error occurred at line: [29] in the jsp file: [/moutons.jsp]
Syntax error on token "<", invalid Expression
26:     } 
27:     if(i>=5){
28:         String maligne = "<i class='pion blanc'>"
29:         out.println(maligne + ct.get(i) + </i>);
30:     }
31: }
32: %>


An error occurred at line: [29] in the jsp file: [/moutons.jsp]
Syntax error on token ">", Expression expected after this token
26:     } 
27:     if(i>=5){
28:         String maligne = "<i class='pion blanc'>"
29:         out.println(maligne + ct.get(i) + </i>);
30:     }
31: }
32: %>


Stacktrace:
		at org.apache.jasper.compiler.DefaultErrorHandler.javacError(DefaultErrorHandler.java:70)
		at org.apache.jasper.compiler.ErrorDispatcher.javacError(ErrorDispatcher.java:189)
		at org.apache.jasper.compiler.JDTCompiler.generateClass(JDTCompiler.java:523)
		at org.apache.jasper.compiler.Compiler.compile(Compiler.java:367)
		at org.apache.jasper.compiler.Compiler.compile(Compiler.java:339)
		at org.apache.jasper.compiler.Compiler.compile(Compiler.java:325)
		at org.apache.jasper.JspCompilationContext.compile(JspCompilationContext.java:585)
		at org.apache.jasper.servlet.JspServletWrapper.service(JspServletWrapper.java:368)
		at org.apache.jasper.servlet.JspServlet.serviceJspFile(JspServlet.java:330)
		at org.apache.jasper.servlet.JspServlet.service(JspServlet.java:281)
		at jakarta.servlet.http.HttpServlet.service(HttpServlet.java:710)
		at org.apache.catalina.core.ApplicationFilterChain.doFilter(ApplicationFilterChain.java:128)
		at org.apache.tomcat.websocket.server.WsFilter.doFilter(WsFilter.java:53)
		at org.apache.catalina.core.ApplicationFilterChain.doFilter(ApplicationFilterChain.java:107)
		at org.apache.catalina.core.StandardWrapperValve.invoke(StandardWrapperValve.java:165)
		at org.apache.catalina.core.StandardContextValve.invoke(StandardContextValve.java:77)
		at org.apache.catalina.authenticator.AuthenticatorBase.invoke(AuthenticatorBase.java:482)
		at org.apache.catalina.core.StandardHostValve.invoke(StandardHostValve.java:113)
		at org.apache.catalina.valves.ErrorReportValve.invoke(ErrorReportValve.java:83)
		at org.apache.catalina.valves.AbstractAccessLogValve.invoke(AbstractAccessLogValve.java:654)
		at org.apache.catalina.core.StandardEngineValve.invoke(StandardEngineValve.java:72)
		at org.apache.catalina.connector.CoyoteAdapter.service(CoyoteAdapter.java:341)
		at org.apache.coyote.http11.Http11Processor.service(Http11Processor.java:397)
		at org.apache.coyote.AbstractProcessorLight.process(AbstractProcessorLight.java:63)
		at org.apache.coyote.AbstractProtocol$ConnectionHandler.process(AbstractProtocol.java:903)
		at org.apache.tomcat.util.net.NioEndpoint$SocketProcessor.doRun(NioEndpoint.java:1778)
		at org.apache.tomcat.util.net.SocketProcessorBase.run(SocketProcessorBase.java:52)
		at org.apache.tomcat.util.threads.ThreadPoolExecutor.runWorker(ThreadPoolExecutor.java:946)
		at org.apache.tomcat.util.threads.ThreadPoolExecutor$Worker.run(ThreadPoolExecutor.java:480)
		at org.apache.tomcat.util.threads.TaskThread$WrappingRunnable.run(TaskThread.java:57)
		at java.base/java.lang.Thread.run(Thread.java:840)
14-Jan-2026 10:38:52.954 SEVERE [http-nio-8080-exec-8] org.apache.catalina.core.StandardWrapperValve.invoke Servlet.service() for servlet [jsp] in context with path [/tp_chess] threw exception [Unable to compile class for JSP: 

An error occurred at line: [24] in the jsp file: [/moutons.jsp]
Syntax error, insert ";" to complete BlockStatements
21: for(int i = 0 ; i < 7 ; i++) {
22:     
23:     if(i<=3){
24:         String maligne = "<i class='pion noir'>"
25:         out.println(maligne + ct.get(i) + '</i>');
26:     } 
27:     if(i>=5){


An error occurred at line: [25] in the jsp file: [/moutons.jsp]
Syntax error on token "+", ++ expected
22:     
23:     if(i<=3){
24:         String maligne = "<i class='pion noir'>"
25:         out.println(maligne + ct.get(i) + '</i>');
26:     } 
27:     if(i>=5){
28:         String maligne = "<i class='pion blanc'>"


An error occurred at line: [25] in the jsp file: [/moutons.jsp]
Invalid character constant
22:     
23:     if(i<=3){
24:         String maligne = "<i class='pion noir'>"
25:         out.println(maligne + ct.get(i) + '</i>');
26:     } 
27:     if(i>=5){
28:         String maligne = "<i class='pion blanc'>"


An error occurred at line: [28] in the jsp file: [/moutons.jsp]
Syntax error, insert ";" to complete BlockStatements
25:         out.println(maligne + ct.get(i) + '</i>');
26:     } 
27:     if(i>=5){
28:         String maligne = "<i class='pion blanc'>"
29:         out.println(maligne + ct.get(i) + '</i>');
30:     }
31: }


An error occurred at line: [29] in the jsp file: [/moutons.jsp]
Syntax error on token "+", ++ expected
26:     } 
27:     if(i>=5){
28:         String maligne = "<i class='pion blanc'>"
29:         out.println(maligne + ct.get(i) + '</i>');
30:     }
31: }
32: %>


Stacktrace:] with root cause
	org.apache.jasper.JasperException: Unable to compile class for JSP: 

An error occurred at line: [24] in the jsp file: [/moutons.jsp]
Syntax error, insert ";" to complete BlockStatements
21: for(int i = 0 ; i < 7 ; i++) {
22:     
23:     if(i<=3){
24:         String maligne = "<i class='pion noir'>"
25:         out.println(maligne + ct.get(i) + '</i>');
26:     } 
27:     if(i>=5){


An error occurred at line: [25] in the jsp file: [/moutons.jsp]
Syntax error on token "+", ++ expected
22:     
23:     if(i<=3){
24:         String maligne = "<i class='pion noir'>"
25:         out.println(maligne + ct.get(i) + '</i>');
26:     } 
27:     if(i>=5){
28:         String maligne = "<i class='pion blanc'>"


An error occurred at line: [25] in the jsp file: [/moutons.jsp]
Invalid character constant
22:     
23:     if(i<=3){
24:         String maligne = "<i class='pion noir'>"
25:         out.println(maligne + ct.get(i) + '</i>');
26:     } 
27:     if(i>=5){
28:         String maligne = "<i class='pion blanc'>"


An error occurred at line: [28] in the jsp file: [/moutons.jsp]
Syntax error, insert ";" to complete BlockStatements
25:         out.println(maligne + ct.get(i) + '</i>');
26:     } 
27:     if(i>=5){
28:         String maligne = "<i class='pion blanc'>"
29:         out.println(maligne + ct.get(i) + '</i>');
30:     }
31: }


An error occurred at line: [29] in the jsp file: [/moutons.jsp]
Syntax error on token "+", ++ expected
26:     } 
27:     if(i>=5){
28:         String maligne = "<i class='pion blanc'>"
29:         out.println(maligne + ct.get(i) + '</i>');
30:     }
31: }
32: %>


Stacktrace:
		at org.apache.jasper.compiler.DefaultErrorHandler.javacError(DefaultErrorHandler.java:70)
		at org.apache.jasper.compiler.ErrorDispatcher.javacError(ErrorDispatcher.java:189)
		at org.apache.jasper.compiler.JDTCompiler.generateClass(JDTCompiler.java:523)
		at org.apache.jasper.compiler.Compiler.compile(Compiler.java:367)
		at org.apache.jasper.compiler.Compiler.compile(Compiler.java:339)
		at org.apache.jasper.compiler.Compiler.compile(Compiler.java:325)
		at org.apache.jasper.JspCompilationContext.compile(JspCompilationContext.java:585)
		at org.apache.jasper.servlet.JspServletWrapper.service(JspServletWrapper.java:368)
		at org.apache.jasper.servlet.JspServlet.serviceJspFile(JspServlet.java:330)
		at org.apache.jasper.servlet.JspServlet.service(JspServlet.java:281)
		at jakarta.servlet.http.HttpServlet.service(HttpServlet.java:710)
		at org.apache.catalina.core.ApplicationFilterChain.doFilter(ApplicationFilterChain.java:128)
		at org.apache.tomcat.websocket.server.WsFilter.doFilter(WsFilter.java:53)
		at org.apache.catalina.core.ApplicationFilterChain.doFilter(ApplicationFilterChain.java:107)
		at org.apache.catalina.core.StandardWrapperValve.invoke(StandardWrapperValve.java:165)
		at org.apache.catalina.core.StandardContextValve.invoke(StandardContextValve.java:77)
		at org.apache.catalina.authenticator.AuthenticatorBase.invoke(AuthenticatorBase.java:482)
		at org.apache.catalina.core.StandardHostValve.invoke(StandardHostValve.java:113)
		at org.apache.catalina.valves.ErrorReportValve.invoke(ErrorReportValve.java:83)
		at org.apache.catalina.valves.AbstractAccessLogValve.invoke(AbstractAccessLogValve.java:654)
		at org.apache.catalina.core.StandardEngineValve.invoke(StandardEngineValve.java:72)
		at org.apache.catalina.connector.CoyoteAdapter.service(CoyoteAdapter.java:341)
		at org.apache.coyote.http11.Http11Processor.service(Http11Processor.java:397)
		at org.apache.coyote.AbstractProcessorLight.process(AbstractProcessorLight.java:63)
		at org.apache.coyote.AbstractProtocol$ConnectionHandler.process(AbstractProtocol.java:903)
		at org.apache.tomcat.util.net.NioEndpoint$SocketProcessor.doRun(NioEndpoint.java:1778)
		at org.apache.tomcat.util.net.SocketProcessorBase.run(SocketProcessorBase.java:52)
		at org.apache.tomcat.util.threads.ThreadPoolExecutor.runWorker(ThreadPoolExecutor.java:946)
		at org.apache.tomcat.util.threads.ThreadPoolExecutor$Worker.run(ThreadPoolExecutor.java:480)
		at org.apache.tomcat.util.threads.TaskThread$WrappingRunnable.run(TaskThread.java:57)
		at java.base/java.lang.Thread.run(Thread.java:840)
14-Jan-2026 10:38:53.391 SEVERE [http-nio-8080-exec-9] org.apache.catalina.core.StandardWrapperValve.invoke Servlet.service() for servlet [jsp] in context with path [/tp_chess] threw exception [org.apache.jasper.JasperException: java.lang.ClassNotFoundException: org.apache.jsp.moutons_jsp] with root cause
	java.lang.ClassNotFoundException: org.apache.jsp.moutons_jsp
		at java.base/java.net.URLClassLoader.findClass(URLClassLoader.java:445)
		at org.apache.jasper.servlet.JasperLoader.loadClass(JasperLoader.java:93)
		at org.apache.jasper.servlet.JasperLoader.loadClass(JasperLoader.java:47)
		at org.apache.catalina.core.DefaultInstanceManager.newInstance(DefaultInstanceManager.java:147)
		at org.apache.jasper.servlet.JspServletWrapper.getServlet(JspServletWrapper.java:163)
		at org.apache.jasper.servlet.JspServletWrapper.service(JspServletWrapper.java:382)
		at org.apache.jasper.servlet.JspServlet.serviceJspFile(JspServlet.java:330)
		at org.apache.jasper.servlet.JspServlet.service(JspServlet.java:281)
		at jakarta.servlet.http.HttpServlet.service(HttpServlet.java:710)
		at org.apache.catalina.core.ApplicationFilterChain.doFilter(ApplicationFilterChain.java:128)
		at org.apache.tomcat.websocket.server.WsFilter.doFilter(WsFilter.java:53)
		at org.apache.catalina.core.ApplicationFilterChain.doFilter(ApplicationFilterChain.java:107)
		at org.apache.catalina.core.StandardWrapperValve.invoke(StandardWrapperValve.java:165)
		at org.apache.catalina.core.StandardContextValve.invoke(StandardContextValve.java:77)
		at org.apache.catalina.authenticator.AuthenticatorBase.invoke(AuthenticatorBase.java:482)
		at org.apache.catalina.core.StandardHostValve.invoke(StandardHostValve.java:113)
		at org.apache.catalina.valves.ErrorReportValve.invoke(ErrorReportValve.java:83)
		at org.apache.catalina.valves.AbstractAccessLogValve.invoke(AbstractAccessLogValve.java:654)
		at org.apache.catalina.core.StandardEngineValve.invoke(StandardEngineValve.java:72)
		at org.apache.catalina.connector.CoyoteAdapter.service(CoyoteAdapter.java:341)
		at org.apache.coyote.http11.Http11Processor.service(Http11Processor.java:397)
		at org.apache.coyote.AbstractProcessorLight.process(AbstractProcessorLight.java:63)
		at org.apache.coyote.AbstractProtocol$ConnectionHandler.process(AbstractProtocol.java:903)
		at org.apache.tomcat.util.net.NioEndpoint$SocketProcessor.doRun(NioEndpoint.java:1778)
		at org.apache.tomcat.util.net.SocketProcessorBase.run(SocketProcessorBase.java:52)
		at org.apache.tomcat.util.threads.ThreadPoolExecutor.runWorker(ThreadPoolExecutor.java:946)
		at org.apache.tomcat.util.threads.ThreadPoolExecutor$Worker.run(ThreadPoolExecutor.java:480)
		at org.apache.tomcat.util.threads.TaskThread$WrappingRunnable.run(TaskThread.java:57)
		at java.base/java.lang.Thread.run(Thread.java:840)
14-Jan-2026 10:38:54.277 SEVERE [http-nio-8080-exec-10] org.apache.catalina.core.StandardWrapperValve.invoke Servlet.service() for servlet [jsp] in context with path [/tp_chess] threw exception [org.apache.jasper.JasperException: java.lang.ClassNotFoundException: org.apache.jsp.moutons_jsp] with root cause
	java.lang.ClassNotFoundException: org.apache.jsp.moutons_jsp
		at java.base/java.net.URLClassLoader.findClass(URLClassLoader.java:445)
		at org.apache.jasper.servlet.JasperLoader.loadClass(JasperLoader.java:93)
		at org.apache.jasper.servlet.JasperLoader.loadClass(JasperLoader.java:47)
		at org.apache.catalina.core.DefaultInstanceManager.newInstance(DefaultInstanceManager.java:147)
		at org.apache.jasper.servlet.JspServletWrapper.getServlet(JspServletWrapper.java:163)
		at org.apache.jasper.servlet.JspServletWrapper.service(JspServletWrapper.java:382)
		at org.apache.jasper.servlet.JspServlet.serviceJspFile(JspServlet.java:330)
		at org.apache.jasper.servlet.JspServlet.service(JspServlet.java:281)
		at jakarta.servlet.http.HttpServlet.service(HttpServlet.java:710)
		at org.apache.catalina.core.ApplicationFilterChain.doFilter(ApplicationFilterChain.java:128)
		at org.apache.tomcat.websocket.server.WsFilter.doFilter(WsFilter.java:53)
		at org.apache.catalina.core.ApplicationFilterChain.doFilter(ApplicationFilterChain.java:107)
		at org.apache.catalina.core.StandardWrapperValve.invoke(StandardWrapperValve.java:165)
		at org.apache.catalina.core.StandardContextValve.invoke(StandardContextValve.java:77)
		at org.apache.catalina.authenticator.AuthenticatorBase.invoke(AuthenticatorBase.java:482)
		at org.apache.catalina.core.StandardHostValve.invoke(StandardHostValve.java:113)
		at org.apache.catalina.valves.ErrorReportValve.invoke(ErrorReportValve.java:83)
		at org.apache.catalina.valves.AbstractAccessLogValve.invoke(AbstractAccessLogValve.java:654)
		at org.apache.catalina.core.StandardEngineValve.invoke(StandardEngineValve.java:72)
		at org.apache.catalina.connector.CoyoteAdapter.service(CoyoteAdapter.java:341)
		at org.apache.coyote.http11.Http11Processor.service(Http11Processor.java:397)
		at org.apache.coyote.AbstractProcessorLight.process(AbstractProcessorLight.java:63)
		at org.apache.coyote.AbstractProtocol$ConnectionHandler.process(AbstractProtocol.java:903)
		at org.apache.tomcat.util.net.NioEndpoint$SocketProcessor.doRun(NioEndpoint.java:1778)
		at org.apache.tomcat.util.net.SocketProcessorBase.run(SocketProcessorBase.java:52)
		at org.apache.tomcat.util.threads.ThreadPoolExecutor.runWorker(ThreadPoolExecutor.java:946)
		at org.apache.tomcat.util.threads.ThreadPoolExecutor$Worker.run(ThreadPoolExecutor.java:480)
		at org.apache.tomcat.util.threads.TaskThread$WrappingRunnable.run(TaskThread.java:57)
		at java.base/java.lang.Thread.run(Thread.java:840)
14-Jan-2026 10:38:57.385 SEVERE [http-nio-8080-exec-1] org.apache.catalina.core.StandardWrapperValve.invoke Servlet.service() for servlet [jsp] in context with path [/tp_chess] threw exception [Unable to compile class for JSP: 

An error occurred at line: [24] in the jsp file: [/moutons.jsp]
Syntax error, insert ";" to complete BlockStatements
21: for(int i = 0 ; i < 7 ; i++) {
22:     
23:     if(i<=3){
24:         String maligne = "<i class='pion noir'>"
25:         out.println(maligne + ct.get(i) + '</i>');
26:     } 
27:     if(i>=5){


An error occurred at line: [25] in the jsp file: [/moutons.jsp]
Syntax error on token "+", ++ expected
22:     
23:     if(i<=3){
24:         String maligne = "<i class='pion noir'>"
25:         out.println(maligne + ct.get(i) + '</i>');
26:     } 
27:     if(i>=5){
28:         String maligne = "<i class='pion blanc'>"


An error occurred at line: [25] in the jsp file: [/moutons.jsp]
Invalid character constant
22:     
23:     if(i<=3){
24:         String maligne = "<i class='pion noir'>"
25:         out.println(maligne + ct.get(i) + '</i>');
26:     } 
27:     if(i>=5){
28:         String maligne = "<i class='pion blanc'>"


An error occurred at line: [28] in the jsp file: [/moutons.jsp]
Syntax error, insert ";" to complete BlockStatements
25:         out.println(maligne + ct.get(i) + '</i>');
26:     } 
27:     if(i>=5){
28:         String maligne = "<i class='pion blanc'>"
29:         out.println(maligne + ct.get(i) + '</i>');
30:     }
31: }


An error occurred at line: [29] in the jsp file: [/moutons.jsp]
Syntax error on token "+", ++ expected
26:     } 
27:     if(i>=5){
28:         String maligne = "<i class='pion blanc'>"
29:         out.println(maligne + ct.get(i) + '</i>');
30:     }
31: }
32: %>


Stacktrace:] with root cause
	org.apache.jasper.JasperException: Unable to compile class for JSP: 

An error occurred at line: [24] in the jsp file: [/moutons.jsp]
Syntax error, insert ";" to complete BlockStatements
21: for(int i = 0 ; i < 7 ; i++) {
22:     
23:     if(i<=3){
24:         String maligne = "<i class='pion noir'>"
25:         out.println(maligne + ct.get(i) + '</i>');
26:     } 
27:     if(i>=5){


An error occurred at line: [25] in the jsp file: [/moutons.jsp]
Syntax error on token "+", ++ expected
22:     
23:     if(i<=3){
24:         String maligne = "<i class='pion noir'>"
25:         out.println(maligne + ct.get(i) + '</i>');
26:     } 
27:     if(i>=5){
28:         String maligne = "<i class='pion blanc'>"


An error occurred at line: [25] in the jsp file: [/moutons.jsp]
Invalid character constant
22:     
23:     if(i<=3){
24:         String maligne = "<i class='pion noir'>"
25:         out.println(maligne + ct.get(i) + '</i>');
26:     } 
27:     if(i>=5){
28:         String maligne = "<i class='pion blanc'>"


An error occurred at line: [28] in the jsp file: [/moutons.jsp]
Syntax error, insert ";" to complete BlockStatements
25:         out.println(maligne + ct.get(i) + '</i>');
26:     } 
27:     if(i>=5){
28:         String maligne = "<i class='pion blanc'>"
29:         out.println(maligne + ct.get(i) + '</i>');
30:     }
31: }


An error occurred at line: [29] in the jsp file: [/moutons.jsp]
Syntax error on token "+", ++ expected
26:     } 
27:     if(i>=5){
28:         String maligne = "<i class='pion blanc'>"
29:         out.println(maligne + ct.get(i) + '</i>');
30:     }
31: }
32: %>


Stacktrace:
		at org.apache.jasper.compiler.DefaultErrorHandler.javacError(DefaultErrorHandler.java:70)
		at org.apache.jasper.compiler.ErrorDispatcher.javacError(ErrorDispatcher.java:189)
		at org.apache.jasper.compiler.JDTCompiler.generateClass(JDTCompiler.java:523)
		at org.apache.jasper.compiler.Compiler.compile(Compiler.java:367)
		at org.apache.jasper.compiler.Compiler.compile(Compiler.java:339)
		at org.apache.jasper.compiler.Compiler.compile(Compiler.java:325)
		at org.apache.jasper.JspCompilationContext.compile(JspCompilationContext.java:585)
		at org.apache.jasper.servlet.JspServletWrapper.service(JspServletWrapper.java:368)
		at org.apache.jasper.servlet.JspServlet.serviceJspFile(JspServlet.java:330)
		at org.apache.jasper.servlet.JspServlet.service(JspServlet.java:281)
		at jakarta.servlet.http.HttpServlet.service(HttpServlet.java:710)
		at org.apache.catalina.core.ApplicationFilterChain.doFilter(ApplicationFilterChain.java:128)
		at org.apache.tomcat.websocket.server.WsFilter.doFilter(WsFilter.java:53)
		at org.apache.catalina.core.ApplicationFilterChain.doFilter(ApplicationFilterChain.java:107)
		at org.apache.catalina.core.StandardWrapperValve.invoke(StandardWrapperValve.java:165)
		at org.apache.catalina.core.StandardContextValve.invoke(StandardContextValve.java:77)
		at org.apache.catalina.authenticator.AuthenticatorBase.invoke(AuthenticatorBase.java:482)
		at org.apache.catalina.core.StandardHostValve.invoke(StandardHostValve.java:113)
		at org.apache.catalina.valves.ErrorReportValve.invoke(ErrorReportValve.java:83)
		at org.apache.catalina.valves.AbstractAccessLogValve.invoke(AbstractAccessLogValve.java:654)
		at org.apache.catalina.core.StandardEngineValve.invoke(StandardEngineValve.java:72)
		at org.apache.catalina.connector.CoyoteAdapter.service(CoyoteAdapter.java:341)
		at org.apache.coyote.http11.Http11Processor.service(Http11Processor.java:397)
		at org.apache.coyote.AbstractProcessorLight.process(AbstractProcessorLight.java:63)
		at org.apache.coyote.AbstractProtocol$ConnectionHandler.process(AbstractProtocol.java:903)
		at org.apache.tomcat.util.net.NioEndpoint$SocketProcessor.doRun(NioEndpoint.java:1778)
		at org.apache.tomcat.util.net.SocketProcessorBase.run(SocketProcessorBase.java:52)
		at org.apache.tomcat.util.threads.ThreadPoolExecutor.runWorker(ThreadPoolExecutor.java:946)
		at org.apache.tomcat.util.threads.ThreadPoolExecutor$Worker.run(ThreadPoolExecutor.java:480)
		at org.apache.tomcat.util.threads.TaskThread$WrappingRunnable.run(TaskThread.java:57)
		at java.base/java.lang.Thread.run(Thread.java:840)
14-Jan-2026 10:39:12.614 SEVERE [http-nio-8080-exec-2] org.apache.catalina.core.StandardWrapperValve.invoke Servlet.service() for servlet [jsp] in context with path [/tp_chess] threw exception [Unable to compile class for JSP: 

An error occurred at line: [25] in the jsp file: [/moutons.jsp]
Invalid character constant
22:     
23:     if(i<=3){
24:         String maligne = "<i class='pion noir'>";
25:         out.println(maligne + ct.get(i) + '</i>');
26:     } 
27:     if(i>=5){
28:         String maligne = "<i class='pion blanc'>";


Stacktrace:] with root cause
	org.apache.jasper.JasperException: Unable to compile class for JSP: 

An error occurred at line: [25] in the jsp file: [/moutons.jsp]
Invalid character constant
22:     
23:     if(i<=3){
24:         String maligne = "<i class='pion noir'>";
25:         out.println(maligne + ct.get(i) + '</i>');
26:     } 
27:     if(i>=5){
28:         String maligne = "<i class='pion blanc'>";


Stacktrace:
		at org.apache.jasper.compiler.DefaultErrorHandler.javacError(DefaultErrorHandler.java:70)
		at org.apache.jasper.compiler.ErrorDispatcher.javacError(ErrorDispatcher.java:189)
		at org.apache.jasper.compiler.JDTCompiler.generateClass(JDTCompiler.java:523)
		at org.apache.jasper.compiler.Compiler.compile(Compiler.java:367)
		at org.apache.jasper.compiler.Compiler.compile(Compiler.java:339)
		at org.apache.jasper.compiler.Compiler.compile(Compiler.java:325)
		at org.apache.jasper.JspCompilationContext.compile(JspCompilationContext.java:585)
		at org.apache.jasper.servlet.JspServletWrapper.service(JspServletWrapper.java:368)
		at org.apache.jasper.servlet.JspServlet.serviceJspFile(JspServlet.java:330)
		at org.apache.jasper.servlet.JspServlet.service(JspServlet.java:281)
		at jakarta.servlet.http.HttpServlet.service(HttpServlet.java:710)
		at org.apache.catalina.core.ApplicationFilterChain.doFilter(ApplicationFilterChain.java:128)
		at org.apache.tomcat.websocket.server.WsFilter.doFilter(WsFilter.java:53)
		at org.apache.catalina.core.ApplicationFilterChain.doFilter(ApplicationFilterChain.java:107)
		at org.apache.catalina.core.StandardWrapperValve.invoke(StandardWrapperValve.java:165)
		at org.apache.catalina.core.StandardContextValve.invoke(StandardContextValve.java:77)
		at org.apache.catalina.authenticator.AuthenticatorBase.invoke(AuthenticatorBase.java:482)
		at org.apache.catalina.core.StandardHostValve.invoke(StandardHostValve.java:113)
		at org.apache.catalina.valves.ErrorReportValve.invoke(ErrorReportValve.java:83)
		at org.apache.catalina.valves.AbstractAccessLogValve.invoke(AbstractAccessLogValve.java:654)
		at org.apache.catalina.core.StandardEngineValve.invoke(StandardEngineValve.java:72)
		at org.apache.catalina.connector.CoyoteAdapter.service(CoyoteAdapter.java:341)
		at org.apache.coyote.http11.Http11Processor.service(Http11Processor.java:397)
		at org.apache.coyote.AbstractProcessorLight.process(AbstractProcessorLight.java:63)
		at org.apache.coyote.AbstractProtocol$ConnectionHandler.process(AbstractProtocol.java:903)
		at org.apache.tomcat.util.net.NioEndpoint$SocketProcessor.doRun(NioEndpoint.java:1778)
		at org.apache.tomcat.util.net.SocketProcessorBase.run(SocketProcessorBase.java:52)
		at org.apache.tomcat.util.threads.ThreadPoolExecutor.runWorker(ThreadPoolExecutor.java:946)
		at org.apache.tomcat.util.threads.ThreadPoolExecutor$Worker.run(ThreadPoolExecutor.java:480)
		at org.apache.tomcat.util.threads.TaskThread$WrappingRunnable.run(TaskThread.java:57)
		at java.base/java.lang.Thread.run(Thread.java:840)
14-Jan-2026 10:44:37.356 SEVERE [http-nio-8080-exec-4] org.apache.catalina.core.StandardWrapperValve.invoke Servlet.service() for servlet [jsp] in context with path [/tp_chess] threw exception [Unable to compile class for JSP: 

An error occurred at line: [17] in the jsp file: [/moutons.jsp]
The method getParameter(String) is undefined for the type HttpServletResponse
14: %>
15: 
16: <%
17: String coup = response.getParameter("coup");
18: if(coup!=null){
19:     int leCoup = Integer.parseInt(coup);
20:     ct.jouer(leCoup);


Stacktrace:] with root cause
	org.apache.jasper.JasperException: Unable to compile class for JSP: 

An error occurred at line: [17] in the jsp file: [/moutons.jsp]
The method getParameter(String) is undefined for the type HttpServletResponse
14: %>
15: 
16: <%
17: String coup = response.getParameter("coup");
18: if(coup!=null){
19:     int leCoup = Integer.parseInt(coup);
20:     ct.jouer(leCoup);


Stacktrace:
		at org.apache.jasper.compiler.DefaultErrorHandler.javacError(DefaultErrorHandler.java:70)
		at org.apache.jasper.compiler.ErrorDispatcher.javacError(ErrorDispatcher.java:189)
		at org.apache.jasper.compiler.JDTCompiler.generateClass(JDTCompiler.java:523)
		at org.apache.jasper.compiler.Compiler.compile(Compiler.java:367)
		at org.apache.jasper.compiler.Compiler.compile(Compiler.java:339)
		at org.apache.jasper.compiler.Compiler.compile(Compiler.java:325)
		at org.apache.jasper.JspCompilationContext.compile(JspCompilationContext.java:585)
		at org.apache.jasper.servlet.JspServletWrapper.service(JspServletWrapper.java:368)
		at org.apache.jasper.servlet.JspServlet.serviceJspFile(JspServlet.java:330)
		at org.apache.jasper.servlet.JspServlet.service(JspServlet.java:281)
		at jakarta.servlet.http.HttpServlet.service(HttpServlet.java:710)
		at org.apache.catalina.core.ApplicationFilterChain.doFilter(ApplicationFilterChain.java:128)
		at org.apache.tomcat.websocket.server.WsFilter.doFilter(WsFilter.java:53)
		at org.apache.catalina.core.ApplicationFilterChain.doFilter(ApplicationFilterChain.java:107)
		at org.apache.catalina.core.StandardWrapperValve.invoke(StandardWrapperValve.java:165)
		at org.apache.catalina.core.StandardContextValve.invoke(StandardContextValve.java:77)
		at org.apache.catalina.authenticator.AuthenticatorBase.invoke(AuthenticatorBase.java:482)
		at org.apache.catalina.core.StandardHostValve.invoke(StandardHostValve.java:113)
		at org.apache.catalina.valves.ErrorReportValve.invoke(ErrorReportValve.java:83)
		at org.apache.catalina.valves.AbstractAccessLogValve.invoke(AbstractAccessLogValve.java:654)
		at org.apache.catalina.core.StandardEngineValve.invoke(StandardEngineValve.java:72)
		at org.apache.catalina.connector.CoyoteAdapter.service(CoyoteAdapter.java:341)
		at org.apache.coyote.http11.Http11Processor.service(Http11Processor.java:397)
		at org.apache.coyote.AbstractProcessorLight.process(AbstractProcessorLight.java:63)
		at org.apache.coyote.AbstractProtocol$ConnectionHandler.process(AbstractProtocol.java:903)
		at org.apache.tomcat.util.net.NioEndpoint$SocketProcessor.doRun(NioEndpoint.java:1778)
		at org.apache.tomcat.util.net.SocketProcessorBase.run(SocketProcessorBase.java:52)
		at org.apache.tomcat.util.threads.ThreadPoolExecutor.runWorker(ThreadPoolExecutor.java:946)
		at org.apache.tomcat.util.threads.ThreadPoolExecutor$Worker.run(ThreadPoolExecutor.java:480)
		at org.apache.tomcat.util.threads.TaskThread$WrappingRunnable.run(TaskThread.java:57)
		at java.base/java.lang.Thread.run(Thread.java:840)
14-Jan-2026 10:44:37.963 SEVERE [http-nio-8080-exec-5] org.apache.catalina.core.StandardWrapperValve.invoke Servlet.service() for servlet [jsp] in context with path [/tp_chess] threw exception [org.apache.jasper.JasperException: java.lang.ClassNotFoundException: org.apache.jsp.moutons_jsp] with root cause
	java.lang.ClassNotFoundException: org.apache.jsp.moutons_jsp
		at java.base/java.net.URLClassLoader.findClass(URLClassLoader.java:445)
		at org.apache.jasper.servlet.JasperLoader.loadClass(JasperLoader.java:93)
		at org.apache.jasper.servlet.JasperLoader.loadClass(JasperLoader.java:47)
		at org.apache.catalina.core.DefaultInstanceManager.newInstance(DefaultInstanceManager.java:147)
		at org.apache.jasper.servlet.JspServletWrapper.getServlet(JspServletWrapper.java:163)
		at org.apache.jasper.servlet.JspServletWrapper.service(JspServletWrapper.java:382)
		at org.apache.jasper.servlet.JspServlet.serviceJspFile(JspServlet.java:330)
		at org.apache.jasper.servlet.JspServlet.service(JspServlet.java:281)
		at jakarta.servlet.http.HttpServlet.service(HttpServlet.java:710)
		at org.apache.catalina.core.ApplicationFilterChain.doFilter(ApplicationFilterChain.java:128)
		at org.apache.tomcat.websocket.server.WsFilter.doFilter(WsFilter.java:53)
		at org.apache.catalina.core.ApplicationFilterChain.doFilter(ApplicationFilterChain.java:107)
		at org.apache.catalina.core.StandardWrapperValve.invoke(StandardWrapperValve.java:165)
		at org.apache.catalina.core.StandardContextValve.invoke(StandardContextValve.java:77)
		at org.apache.catalina.authenticator.AuthenticatorBase.invoke(AuthenticatorBase.java:482)
		at org.apache.catalina.core.StandardHostValve.invoke(StandardHostValve.java:113)
		at org.apache.catalina.valves.ErrorReportValve.invoke(ErrorReportValve.java:83)
		at org.apache.catalina.valves.AbstractAccessLogValve.invoke(AbstractAccessLogValve.java:654)
		at org.apache.catalina.core.StandardEngineValve.invoke(StandardEngineValve.java:72)
		at org.apache.catalina.connector.CoyoteAdapter.service(CoyoteAdapter.java:341)
		at org.apache.coyote.http11.Http11Processor.service(Http11Processor.java:397)
		at org.apache.coyote.AbstractProcessorLight.process(AbstractProcessorLight.java:63)
		at org.apache.coyote.AbstractProtocol$ConnectionHandler.process(AbstractProtocol.java:903)
		at org.apache.tomcat.util.net.NioEndpoint$SocketProcessor.doRun(NioEndpoint.java:1778)
		at org.apache.tomcat.util.net.SocketProcessorBase.run(SocketProcessorBase.java:52)
		at org.apache.tomcat.util.threads.ThreadPoolExecutor.runWorker(ThreadPoolExecutor.java:946)
		at org.apache.tomcat.util.threads.ThreadPoolExecutor$Worker.run(ThreadPoolExecutor.java:480)
		at org.apache.tomcat.util.threads.TaskThread$WrappingRunnable.run(TaskThread.java:57)
		at java.base/java.lang.Thread.run(Thread.java:840)
14-Jan-2026 10:44:39.123 SEVERE [http-nio-8080-exec-6] org.apache.catalina.core.StandardWrapperValve.invoke Servlet.service() for servlet [jsp] in context with path [/tp_chess] threw exception [org.apache.jasper.JasperException: java.lang.ClassNotFoundException: org.apache.jsp.moutons_jsp] with root cause
	java.lang.ClassNotFoundException: org.apache.jsp.moutons_jsp
		at java.base/java.net.URLClassLoader.findClass(URLClassLoader.java:445)
		at org.apache.jasper.servlet.JasperLoader.loadClass(JasperLoader.java:93)
		at org.apache.jasper.servlet.JasperLoader.loadClass(JasperLoader.java:47)
		at org.apache.catalina.core.DefaultInstanceManager.newInstance(DefaultInstanceManager.java:147)
		at org.apache.jasper.servlet.JspServletWrapper.getServlet(JspServletWrapper.java:163)
		at org.apache.jasper.servlet.JspServletWrapper.service(JspServletWrapper.java:382)
		at org.apache.jasper.servlet.JspServlet.serviceJspFile(JspServlet.java:330)
		at org.apache.jasper.servlet.JspServlet.service(JspServlet.java:281)
		at jakarta.servlet.http.HttpServlet.service(HttpServlet.java:710)
		at org.apache.catalina.core.ApplicationFilterChain.doFilter(ApplicationFilterChain.java:128)
		at org.apache.tomcat.websocket.server.WsFilter.doFilter(WsFilter.java:53)
		at org.apache.catalina.core.ApplicationFilterChain.doFilter(ApplicationFilterChain.java:107)
		at org.apache.catalina.core.StandardWrapperValve.invoke(StandardWrapperValve.java:165)
		at org.apache.catalina.core.StandardContextValve.invoke(StandardContextValve.java:77)
		at org.apache.catalina.authenticator.AuthenticatorBase.invoke(AuthenticatorBase.java:482)
		at org.apache.catalina.core.StandardHostValve.invoke(StandardHostValve.java:113)
		at org.apache.catalina.valves.ErrorReportValve.invoke(ErrorReportValve.java:83)
		at org.apache.catalina.valves.AbstractAccessLogValve.invoke(AbstractAccessLogValve.java:654)
		at org.apache.catalina.core.StandardEngineValve.invoke(StandardEngineValve.java:72)
		at org.apache.catalina.connector.CoyoteAdapter.service(CoyoteAdapter.java:341)
		at org.apache.coyote.http11.Http11Processor.service(Http11Processor.java:397)
		at org.apache.coyote.AbstractProcessorLight.process(AbstractProcessorLight.java:63)
		at org.apache.coyote.AbstractProtocol$ConnectionHandler.process(AbstractProtocol.java:903)
		at org.apache.tomcat.util.net.NioEndpoint$SocketProcessor.doRun(NioEndpoint.java:1778)
		at org.apache.tomcat.util.net.SocketProcessorBase.run(SocketProcessorBase.java:52)
		at org.apache.tomcat.util.threads.ThreadPoolExecutor.runWorker(ThreadPoolExecutor.java:946)
		at org.apache.tomcat.util.threads.ThreadPoolExecutor$Worker.run(ThreadPoolExecutor.java:480)
		at org.apache.tomcat.util.threads.TaskThread$WrappingRunnable.run(TaskThread.java:57)
		at java.base/java.lang.Thread.run(Thread.java:840)
14-Jan-2026 10:44:39.574 SEVERE [http-nio-8080-exec-7] org.apache.catalina.core.StandardWrapperValve.invoke Servlet.service() for servlet [jsp] in context with path [/tp_chess] threw exception [org.apache.jasper.JasperException: java.lang.ClassNotFoundException: org.apache.jsp.moutons_jsp] with root cause
	java.lang.ClassNotFoundException: org.apache.jsp.moutons_jsp
		at java.base/java.net.URLClassLoader.findClass(URLClassLoader.java:445)
		at org.apache.jasper.servlet.JasperLoader.loadClass(JasperLoader.java:93)
		at org.apache.jasper.servlet.JasperLoader.loadClass(JasperLoader.java:47)
		at org.apache.catalina.core.DefaultInstanceManager.newInstance(DefaultInstanceManager.java:147)
		at org.apache.jasper.servlet.JspServletWrapper.getServlet(JspServletWrapper.java:163)
		at org.apache.jasper.servlet.JspServletWrapper.service(JspServletWrapper.java:382)
		at org.apache.jasper.servlet.JspServlet.serviceJspFile(JspServlet.java:330)
		at org.apache.jasper.servlet.JspServlet.service(JspServlet.java:281)
		at jakarta.servlet.http.HttpServlet.service(HttpServlet.java:710)
		at org.apache.catalina.core.ApplicationFilterChain.doFilter(ApplicationFilterChain.java:128)
		at org.apache.tomcat.websocket.server.WsFilter.doFilter(WsFilter.java:53)
		at org.apache.catalina.core.ApplicationFilterChain.doFilter(ApplicationFilterChain.java:107)
		at org.apache.catalina.core.StandardWrapperValve.invoke(StandardWrapperValve.java:165)
		at org.apache.catalina.core.StandardContextValve.invoke(StandardContextValve.java:77)
		at org.apache.catalina.authenticator.AuthenticatorBase.invoke(AuthenticatorBase.java:482)
		at org.apache.catalina.core.StandardHostValve.invoke(StandardHostValve.java:113)
		at org.apache.catalina.valves.ErrorReportValve.invoke(ErrorReportValve.java:83)
		at org.apache.catalina.valves.AbstractAccessLogValve.invoke(AbstractAccessLogValve.java:654)
		at org.apache.catalina.core.StandardEngineValve.invoke(StandardEngineValve.java:72)
		at org.apache.catalina.connector.CoyoteAdapter.service(CoyoteAdapter.java:341)
		at org.apache.coyote.http11.Http11Processor.service(Http11Processor.java:397)
		at org.apache.coyote.AbstractProcessorLight.process(AbstractProcessorLight.java:63)
		at org.apache.coyote.AbstractProtocol$ConnectionHandler.process(AbstractProtocol.java:903)
		at org.apache.tomcat.util.net.NioEndpoint$SocketProcessor.doRun(NioEndpoint.java:1778)
		at org.apache.tomcat.util.net.SocketProcessorBase.run(SocketProcessorBase.java:52)
		at org.apache.tomcat.util.threads.ThreadPoolExecutor.runWorker(ThreadPoolExecutor.java:946)
		at org.apache.tomcat.util.threads.ThreadPoolExecutor$Worker.run(ThreadPoolExecutor.java:480)
		at org.apache.tomcat.util.threads.TaskThread$WrappingRunnable.run(TaskThread.java:57)
		at java.base/java.lang.Thread.run(Thread.java:840)
14-Jan-2026 10:44:39.893 SEVERE [http-nio-8080-exec-8] org.apache.catalina.core.StandardWrapperValve.invoke Servlet.service() for servlet [jsp] in context with path [/tp_chess] threw exception [org.apache.jasper.JasperException: java.lang.ClassNotFoundException: org.apache.jsp.moutons_jsp] with root cause
	java.lang.ClassNotFoundException: org.apache.jsp.moutons_jsp
		at java.base/java.net.URLClassLoader.findClass(URLClassLoader.java:445)
		at org.apache.jasper.servlet.JasperLoader.loadClass(JasperLoader.java:93)
		at org.apache.jasper.servlet.JasperLoader.loadClass(JasperLoader.java:47)
		at org.apache.catalina.core.DefaultInstanceManager.newInstance(DefaultInstanceManager.java:147)
		at org.apache.jasper.servlet.JspServletWrapper.getServlet(JspServletWrapper.java:163)
		at org.apache.jasper.servlet.JspServletWrapper.service(JspServletWrapper.java:382)
		at org.apache.jasper.servlet.JspServlet.serviceJspFile(JspServlet.java:330)
		at org.apache.jasper.servlet.JspServlet.service(JspServlet.java:281)
		at jakarta.servlet.http.HttpServlet.service(HttpServlet.java:710)
		at org.apache.catalina.core.ApplicationFilterChain.doFilter(ApplicationFilterChain.java:128)
		at org.apache.tomcat.websocket.server.WsFilter.doFilter(WsFilter.java:53)
		at org.apache.catalina.core.ApplicationFilterChain.doFilter(ApplicationFilterChain.java:107)
		at org.apache.catalina.core.StandardWrapperValve.invoke(StandardWrapperValve.java:165)
		at org.apache.catalina.core.StandardContextValve.invoke(StandardContextValve.java:77)
		at org.apache.catalina.authenticator.AuthenticatorBase.invoke(AuthenticatorBase.java:482)
		at org.apache.catalina.core.StandardHostValve.invoke(StandardHostValve.java:113)
		at org.apache.catalina.valves.ErrorReportValve.invoke(ErrorReportValve.java:83)
		at org.apache.catalina.valves.AbstractAccessLogValve.invoke(AbstractAccessLogValve.java:654)
		at org.apache.catalina.core.StandardEngineValve.invoke(StandardEngineValve.java:72)
		at org.apache.catalina.connector.CoyoteAdapter.service(CoyoteAdapter.java:341)
		at org.apache.coyote.http11.Http11Processor.service(Http11Processor.java:397)
		at org.apache.coyote.AbstractProcessorLight.process(AbstractProcessorLight.java:63)
		at org.apache.coyote.AbstractProtocol$ConnectionHandler.process(AbstractProtocol.java:903)
		at org.apache.tomcat.util.net.NioEndpoint$SocketProcessor.doRun(NioEndpoint.java:1778)
		at org.apache.tomcat.util.net.SocketProcessorBase.run(SocketProcessorBase.java:52)
		at org.apache.tomcat.util.threads.ThreadPoolExecutor.runWorker(ThreadPoolExecutor.java:946)
		at org.apache.tomcat.util.threads.ThreadPoolExecutor$Worker.run(ThreadPoolExecutor.java:480)
		at org.apache.tomcat.util.threads.TaskThread$WrappingRunnable.run(TaskThread.java:57)
		at java.base/java.lang.Thread.run(Thread.java:840)
14-Jan-2026 10:44:46.749 SEVERE [http-nio-8080-exec-9] org.apache.catalina.core.StandardWrapperValve.invoke Servlet.service() for servlet [jsp] in context with path [/tp_chess] threw exception [Unable to compile class for JSP: 

An error occurred at line: [17] in the jsp file: [/moutons.jsp]
The method getParameter(String) is undefined for the type HttpServletResponse
14: %>
15: 
16: <%
17: String coup = response.getParameter("coup");
18: if(coup!=null){
19:     int leCoup = Integer.parseInt(coup);
20:     ct.jouer(leCoup);


Stacktrace:] with root cause
	org.apache.jasper.JasperException: Unable to compile class for JSP: 

An error occurred at line: [17] in the jsp file: [/moutons.jsp]
The method getParameter(String) is undefined for the type HttpServletResponse
14: %>
15: 
16: <%
17: String coup = response.getParameter("coup");
18: if(coup!=null){
19:     int leCoup = Integer.parseInt(coup);
20:     ct.jouer(leCoup);


Stacktrace:
		at org.apache.jasper.compiler.DefaultErrorHandler.javacError(DefaultErrorHandler.java:70)
		at org.apache.jasper.compiler.ErrorDispatcher.javacError(ErrorDispatcher.java:189)
		at org.apache.jasper.compiler.JDTCompiler.generateClass(JDTCompiler.java:523)
		at org.apache.jasper.compiler.Compiler.compile(Compiler.java:367)
		at org.apache.jasper.compiler.Compiler.compile(Compiler.java:339)
		at org.apache.jasper.compiler.Compiler.compile(Compiler.java:325)
		at org.apache.jasper.JspCompilationContext.compile(JspCompilationContext.java:585)
		at org.apache.jasper.servlet.JspServletWrapper.service(JspServletWrapper.java:368)
		at org.apache.jasper.servlet.JspServlet.serviceJspFile(JspServlet.java:330)
		at org.apache.jasper.servlet.JspServlet.service(JspServlet.java:281)
		at jakarta.servlet.http.HttpServlet.service(HttpServlet.java:710)
		at org.apache.catalina.core.ApplicationFilterChain.doFilter(ApplicationFilterChain.java:128)
		at org.apache.tomcat.websocket.server.WsFilter.doFilter(WsFilter.java:53)
		at org.apache.catalina.core.ApplicationFilterChain.doFilter(ApplicationFilterChain.java:107)
		at org.apache.catalina.core.StandardWrapperValve.invoke(StandardWrapperValve.java:165)
		at org.apache.catalina.core.StandardContextValve.invoke(StandardContextValve.java:77)
		at org.apache.catalina.authenticator.AuthenticatorBase.invoke(AuthenticatorBase.java:482)
		at org.apache.catalina.core.StandardHostValve.invoke(StandardHostValve.java:113)
		at org.apache.catalina.valves.ErrorReportValve.invoke(ErrorReportValve.java:83)
		at org.apache.catalina.valves.AbstractAccessLogValve.invoke(AbstractAccessLogValve.java:654)
		at org.apache.catalina.core.StandardEngineValve.invoke(StandardEngineValve.java:72)
		at org.apache.catalina.connector.CoyoteAdapter.service(CoyoteAdapter.java:341)
		at org.apache.coyote.http11.Http11Processor.service(Http11Processor.java:397)
		at org.apache.coyote.AbstractProcessorLight.process(AbstractProcessorLight.java:63)
		at org.apache.coyote.AbstractProtocol$ConnectionHandler.process(AbstractProtocol.java:903)
		at org.apache.tomcat.util.net.NioEndpoint$SocketProcessor.doRun(NioEndpoint.java:1778)
		at org.apache.tomcat.util.net.SocketProcessorBase.run(SocketProcessorBase.java:52)
		at org.apache.tomcat.util.threads.ThreadPoolExecutor.runWorker(ThreadPoolExecutor.java:946)
		at org.apache.tomcat.util.threads.ThreadPoolExecutor$Worker.run(ThreadPoolExecutor.java:480)
		at org.apache.tomcat.util.threads.TaskThread$WrappingRunnable.run(TaskThread.java:57)
		at java.base/java.lang.Thread.run(Thread.java:840)
14-Jan-2026 10:45:54.102 INFO [Thread-1] org.apache.catalina.core.ApplicationContext.log SessionListener: contextDestroyed()
14-Jan-2026 10:45:54.102 INFO [Thread-1] org.apache.catalina.core.ApplicationContext.log ContextListener: contextDestroyed()
14-Jan-2026 10:45:55.961 INFO [main] org.apache.catalina.core.ApplicationContext.log ContextListener: contextInitialized()
14-Jan-2026 10:45:55.961 INFO [main] org.apache.catalina.core.ApplicationContext.log SessionListener: contextInitialized()
14-Jan-2026 10:45:55.962 INFO [main] org.apache.catalina.core.ApplicationContext.log ContextListener: attributeAdded('StockTicker', 'async.Stockticker@423f8a73')
14-Jan-2026 10:47:17.681 INFO [Thread-1] org.apache.catalina.core.ApplicationContext.log SessionListener: contextDestroyed()
14-Jan-2026 10:47:17.681 INFO [Thread-1] org.apache.catalina.core.ApplicationContext.log ContextListener: contextDestroyed()
14-Jan-2026 10:47:19.407 INFO [main] org.apache.catalina.core.ApplicationContext.log ContextListener: contextInitialized()
14-Jan-2026 10:47:19.407 INFO [main] org.apache.catalina.core.ApplicationContext.log SessionListener: contextInitialized()
14-Jan-2026 10:47:19.408 INFO [main] org.apache.catalina.core.ApplicationContext.log ContextListener: attributeAdded('StockTicker', 'async.Stockticker@1aedf08d')
14-Jan-2026 10:52:39.088 SEVERE [http-nio-8080-exec-26] org.apache.catalina.core.StandardWrapperValve.invoke Servlet.service() for servlet [jsp] in context with path [/tp_chess] threw exception [An exception occurred processing [/moutons.jsp] at line [21]

18: if(coup!=null){
19:     int leCoup = Integer.parseInt(coup);
20:     if(leCoup==-1) ct = new CasseTete();
21:     ct.jouer(leCoup);
22: }
23: 
24: %>


Stacktrace:] with root cause
	java.lang.ArrayIndexOutOfBoundsException: Index -1 out of bounds for length 7
		at tp_chess.CasseTete.get(CasseTete.java:32)
		at tp_chess.CasseTete.destination(CasseTete.java:45)
		at tp_chess.CasseTete.jouer(CasseTete.java:69)
		at org.apache.jsp.moutons_jsp._jspService(moutons_jsp.java:144)
		at org.apache.jasper.runtime.HttpJspBase.service(HttpJspBase.java:64)
		at jakarta.servlet.http.HttpServlet.service(HttpServlet.java:710)
		at org.apache.jasper.servlet.JspServletWrapper.service(JspServletWrapper.java:428)
		at org.apache.jasper.servlet.JspServlet.serviceJspFile(JspServlet.java:330)
		at org.apache.jasper.servlet.JspServlet.service(JspServlet.java:281)
		at jakarta.servlet.http.HttpServlet.service(HttpServlet.java:710)
		at org.apache.catalina.core.ApplicationFilterChain.doFilter(ApplicationFilterChain.java:128)
		at org.apache.tomcat.websocket.server.WsFilter.doFilter(WsFilter.java:53)
		at org.apache.catalina.core.ApplicationFilterChain.doFilter(ApplicationFilterChain.java:107)
		at org.apache.catalina.core.StandardWrapperValve.invoke(StandardWrapperValve.java:165)
		at org.apache.catalina.core.StandardContextValve.invoke(StandardContextValve.java:77)
		at org.apache.catalina.authenticator.AuthenticatorBase.invoke(AuthenticatorBase.java:482)
		at org.apache.catalina.core.StandardHostValve.invoke(StandardHostValve.java:113)
		at org.apache.catalina.valves.ErrorReportValve.invoke(ErrorReportValve.java:83)
		at org.apache.catalina.valves.AbstractAccessLogValve.invoke(AbstractAccessLogValve.java:654)
		at org.apache.catalina.core.StandardEngineValve.invoke(StandardEngineValve.java:72)
		at org.apache.catalina.connector.CoyoteAdapter.service(CoyoteAdapter.java:341)
		at org.apache.coyote.http11.Http11Processor.service(Http11Processor.java:397)
		at org.apache.coyote.AbstractProcessorLight.process(AbstractProcessorLight.java:63)
		at org.apache.coyote.AbstractProtocol$ConnectionHandler.process(AbstractProtocol.java:903)
		at org.apache.tomcat.util.net.NioEndpoint$SocketProcessor.doRun(NioEndpoint.java:1778)
		at org.apache.tomcat.util.net.SocketProcessorBase.run(SocketProcessorBase.java:52)
		at org.apache.tomcat.util.threads.ThreadPoolExecutor.runWorker(ThreadPoolExecutor.java:946)
		at org.apache.tomcat.util.threads.ThreadPoolExecutor$Worker.run(ThreadPoolExecutor.java:480)
		at org.apache.tomcat.util.threads.TaskThread$WrappingRunnable.run(TaskThread.java:57)
		at java.base/java.lang.Thread.run(Thread.java:840)
14-Jan-2026 11:57:16.502 INFO [Thread-1] org.apache.catalina.core.ApplicationContext.log SessionListener: contextDestroyed()
14-Jan-2026 11:57:16.502 INFO [Thread-1] org.apache.catalina.core.ApplicationContext.log ContextListener: contextDestroyed()
